verificar · typecheck · unit · build · audit	Set up job	﻿2026-09-22T21:52:25.5694324Z Current runner version: '2.337.0'
verificar · typecheck · unit · build · audit	Set up job	2026-09-22T21:52:25.5716333Z ##[group]Runner Image Provisioner
verificar · typecheck · unit · build · audit	Set up job	2026-09-22T21:52:25.5717134Z Hosted Compute Agent
verificar · typecheck · unit · build · audit	Set up job	2026-09-22T21:52:25.5717748Z Version: 20260828.587
verificar · typecheck · unit · build · audit	Set up job	2026-09-22T21:52:25.5718337Z Commit: abac92662cab4cc7352de4f9f9d2e2419aad9c29
verificar · typecheck · unit · build · audit	Set up job	2026-09-22T21:52:25.5718940Z Build Date: 2026-08-28T16:44:25Z
verificar · typecheck · unit · build · audit	Set up job	2026-09-22T21:52:25.5719494Z Worker ID: {ba926266-e4a1-47a1-97d1-6e1c0b02ddcd}
verificar · typecheck · unit · build · audit	Set up job	2026-09-22T21:52:25.5720108Z Azure Region: westus3
verificar · typecheck · unit · build · audit	Set up job	2026-09-22T21:52:25.5720641Z ##[endgroup]
verificar · typecheck · unit · build · audit	Set up job	2026-09-22T21:52:25.5721873Z ##[group]Operating System
verificar · typecheck · unit · build · audit	Set up job	2026-09-22T21:52:25.5722407Z Ubuntu
verificar · typecheck · unit · build · audit	Set up job	2026-09-22T21:52:25.5722845Z 24.04.5
verificar · typecheck · unit · build · audit	Set up job	2026-09-22T21:52:25.5723305Z LTS
verificar · typecheck · unit · build · audit	Set up job	2026-09-22T21:52:25.5723759Z ##[endgroup]
verificar · typecheck · unit · build · audit	Set up job	2026-09-22T21:52:25.5724200Z ##[group]Runner Image
verificar · typecheck · unit · build · audit	Set up job	2026-09-22T21:52:25.5724748Z Image: ubuntu-24.04
verificar · typecheck · unit · build · audit	Set up job	2026-09-22T21:52:25.5725212Z Version: 20260907.300.1
verificar · typecheck · unit · build · audit	Set up job	2026-09-22T21:52:25.5726482Z Included Software: https://github.com/actions/runner-images/blob/ubuntu24/20260907.300/images/ubuntu/Ubuntu2404-Readme.md
verificar · typecheck · unit · build · audit	Set up job	2026-09-22T21:52:25.5728068Z Image Release: https://github.com/actions/runner-images/releases/tag/ubuntu24%2F20260907.300
verificar · typecheck · unit · build · audit	Set up job	2026-09-22T21:52:25.5728926Z ##[endgroup]
verificar · typecheck · unit · build · audit	Set up job	2026-09-22T21:52:25.5729830Z ##[group]GITHUB_TOKEN Permissions
verificar · typecheck · unit · build · audit	Set up job	2026-09-22T21:52:25.5731659Z Contents: read
verificar · typecheck · unit · build · audit	Set up job	2026-09-22T21:52:25.5732234Z Metadata: read
verificar · typecheck · unit · build · audit	Set up job	2026-09-22T21:52:25.5732768Z ##[endgroup]
verificar · typecheck · unit · build · audit	Set up job	2026-09-22T21:52:25.5734507Z Secret source: Actions
verificar · typecheck · unit · build · audit	Set up job	2026-09-22T21:52:25.5735343Z Cache mode: write
verificar · typecheck · unit · build · audit	Set up job	2026-09-22T21:52:25.5736121Z Prepare workflow directory
verificar · typecheck · unit · build · audit	Set up job	2026-09-22T21:52:25.6030407Z Prepare all required actions
verificar · typecheck · unit · build · audit	Set up job	2026-09-22T21:52:25.6082603Z Getting action download info
verificar · typecheck · unit · build · audit	Set up job	2026-09-22T21:52:25.8824378Z Download action repository 'actions/checkout@v7' (SHA:3d3c42e5aac5ba805825da76410c181273ba90b1)
verificar · typecheck · unit · build · audit	Set up job	2026-09-22T21:52:25.9865533Z Download action repository 'actions/setup-node@v7' (SHA:820762786026740c76f36085b0efc47a31fe5020)
verificar · typecheck · unit · build · audit	Set up job	2026-09-22T21:52:26.1838454Z Complete job name: verificar · typecheck · unit · build · audit
verificar · typecheck · unit · build · audit	Run actions/checkout@v7	﻿2026-09-22T21:52:26.2472098Z ##[group]Run actions/checkout@v7
verificar · typecheck · unit · build · audit	Run actions/checkout@v7	2026-09-22T21:52:26.2472807Z with:
verificar · typecheck · unit · build · audit	Run actions/checkout@v7	2026-09-22T21:52:26.2473160Z   repository: Elian-Bufi/be
verificar · typecheck · unit · build · audit	Run actions/checkout@v7	2026-09-22T21:52:26.2476458Z   token: ***
verificar · typecheck · unit · build · audit	Run actions/checkout@v7	2026-09-22T21:52:26.2476807Z   ssh-strict: true
verificar · typecheck · unit · build · audit	Run actions/checkout@v7	2026-09-22T21:52:26.2477169Z   ssh-user: git
verificar · typecheck · unit · build · audit	Run actions/checkout@v7	2026-09-22T21:52:26.2477736Z   persist-credentials: true
verificar · typecheck · unit · build · audit	Run actions/checkout@v7	2026-09-22T21:52:26.2478124Z   clean: true
verificar · typecheck · unit · build · audit	Run actions/checkout@v7	2026-09-22T21:52:26.2478488Z   sparse-checkout-cone-mode: true
verificar · typecheck · unit · build · audit	Run actions/checkout@v7	2026-09-22T21:52:26.2478902Z   fetch-depth: 1
verificar · typecheck · unit · build · audit	Run actions/checkout@v7	2026-09-22T21:52:26.2479245Z   fetch-tags: false
verificar · typecheck · unit · build · audit	Run actions/checkout@v7	2026-09-22T21:52:26.2479593Z   show-progress: true
verificar · typecheck · unit · build · audit	Run actions/checkout@v7	2026-09-22T21:52:26.2479960Z   lfs: false
verificar · typecheck · unit · build · audit	Run actions/checkout@v7	2026-09-22T21:52:26.2480295Z   submodules: false
verificar · typecheck · unit · build · audit	Run actions/checkout@v7	2026-09-22T21:52:26.2480654Z   set-safe-directory: true
verificar · typecheck · unit · build · audit	Run actions/checkout@v7	2026-09-22T21:52:26.2481056Z   allow-unsafe-pr-checkout: false
verificar · typecheck · unit · build · audit	Run actions/checkout@v7	2026-09-22T21:52:26.2481679Z ##[endgroup]
verificar · typecheck · unit · build · audit	Run actions/checkout@v7	2026-09-22T21:52:26.3314270Z Syncing repository: Elian-Bufi/be
verificar · typecheck · unit · build · audit	Run actions/checkout@v7	2026-09-22T21:52:26.3316529Z ##[group]Getting Git version info
verificar · typecheck · unit · build · audit	Run actions/checkout@v7	2026-09-22T21:52:26.3317113Z Working directory is '/home/runner/work/be/be'
verificar · typecheck · unit · build · audit	Run actions/checkout@v7	2026-09-22T21:52:26.3318440Z [command]/usr/bin/git version
verificar · typecheck · unit · build · audit	Run actions/checkout@v7	2026-09-22T21:52:26.3365855Z git version 2.55.0
verificar · typecheck · unit · build · audit	Run actions/checkout@v7	2026-09-22T21:52:26.3383293Z ##[endgroup]
verificar · typecheck · unit · build · audit	Run actions/checkout@v7	2026-09-22T21:52:26.3392661Z Temporarily overriding HOME='/home/runner/work/_temp/f3071efa-65be-4600-832b-03a62a3d06a0' before making global git config changes
verificar · typecheck · unit · build · audit	Run actions/checkout@v7	2026-09-22T21:52:26.3394564Z Adding repository directory to the temporary git global config as a safe directory
verificar · typecheck · unit · build · audit	Run actions/checkout@v7	2026-09-22T21:52:26.3398497Z [command]/usr/bin/git config --global --add safe.directory /home/runner/work/be/be
verificar · typecheck · unit · build · audit	Run actions/checkout@v7	2026-09-22T21:52:26.3443964Z Deleting the contents of '/home/runner/work/be/be'
verificar · typecheck · unit · build · audit	Run actions/checkout@v7	2026-09-22T21:52:26.3446753Z ##[group]Determining repository object format
verificar · typecheck · unit · build · audit	Run actions/checkout@v7	2026-09-22T21:52:26.3448511Z ##[endgroup]
verificar · typecheck · unit · build · audit	Run actions/checkout@v7	2026-09-22T21:52:26.3449271Z ##[group]Initializing the repository
verificar · typecheck · unit · build · audit	Run actions/checkout@v7	2026-09-22T21:52:26.3452890Z [command]/usr/bin/git init /home/runner/work/be/be
verificar · typecheck · unit · build · audit	Run actions/checkout@v7	2026-09-22T21:52:26.3545283Z hint: Using 'master' as the name for the initial branch. This default branch name
verificar · typecheck · unit · build · audit	Run actions/checkout@v7	2026-09-22T21:52:26.3546708Z hint: will change to "main" in Git 3.0. To configure the initial branch name
verificar · typecheck · unit · build · audit	Run actions/checkout@v7	2026-09-22T21:52:26.3548441Z hint: to use in all of your new repositories, which will suppress this warning,
verificar · typecheck · unit · build · audit	Run actions/checkout@v7	2026-09-22T21:52:26.3549361Z hint: call:
verificar · typecheck · unit · build · audit	Run actions/checkout@v7	2026-09-22T21:52:26.3549843Z hint:
verificar · typecheck · unit · build · audit	Run actions/checkout@v7	2026-09-22T21:52:26.3550463Z hint: 	git config --global init.defaultBranch <name>
verificar · typecheck · unit · build · audit	Run actions/checkout@v7	2026-09-22T21:52:26.3551216Z hint:
verificar · typecheck · unit · build · audit	Run actions/checkout@v7	2026-09-22T21:52:26.3551934Z hint: Names commonly chosen instead of 'master' are 'main', 'trunk' and
verificar · typecheck · unit · build · audit	Run actions/checkout@v7	2026-09-22T21:52:26.3553087Z hint: 'development'. The just-created branch can be renamed via this command:
verificar · typecheck · unit · build · audit	Run actions/checkout@v7	2026-09-22T21:52:26.3554004Z hint:
verificar · typecheck · unit · build · audit	Run actions/checkout@v7	2026-09-22T21:52:26.3554509Z hint: 	git branch -m <name>
verificar · typecheck · unit · build · audit	Run actions/checkout@v7	2026-09-22T21:52:26.3555030Z hint:
verificar · typecheck · unit · build · audit	Run actions/checkout@v7	2026-09-22T21:52:26.3555530Z hint: Disable this message with "git config set advice.defaultBranchName false"
verificar · typecheck · unit · build · audit	Run actions/checkout@v7	2026-09-22T21:52:26.3556247Z Initialized empty Git repository in /home/runner/work/be/be/.git/
verificar · typecheck · unit · build · audit	Run actions/checkout@v7	2026-09-22T21:52:26.3558326Z [command]/usr/bin/git remote add origin https://github.com/Elian-Bufi/be
verificar · typecheck · unit · build · audit	Run actions/checkout@v7	2026-09-22T21:52:26.3591637Z ##[endgroup]
verificar · typecheck · unit · build · audit	Run actions/checkout@v7	2026-09-22T21:52:26.3592729Z ##[group]Disabling automatic garbage collection
verificar · typecheck · unit · build · audit	Run actions/checkout@v7	2026-09-22T21:52:26.3594788Z [command]/usr/bin/git config --local gc.auto 0
verificar · typecheck · unit · build · audit	Run actions/checkout@v7	2026-09-22T21:52:26.3622954Z ##[endgroup]
verificar · typecheck · unit · build · audit	Run actions/checkout@v7	2026-09-22T21:52:26.3624110Z ##[group]Setting up auth
verificar · typecheck · unit · build · audit	Run actions/checkout@v7	2026-09-22T21:52:26.3624768Z Removing SSH command configuration
verificar · typecheck · unit · build · audit	Run actions/checkout@v7	2026-09-22T21:52:26.3628960Z [command]/usr/bin/git config --local --name-only --get-regexp core\.sshCommand
verificar · typecheck · unit · build · audit	Run actions/checkout@v7	2026-09-22T21:52:26.3659136Z [command]/usr/bin/git submodule foreach --recursive sh -c "git config --local --name-only --get-regexp 'core\.sshCommand' && git config --local --unset-all 'core.sshCommand' || :"
verificar · typecheck · unit · build · audit	Run actions/checkout@v7	2026-09-22T21:52:26.3985713Z Removing HTTP extra header
verificar · typecheck · unit · build · audit	Run actions/checkout@v7	2026-09-22T21:52:26.3996739Z [command]/usr/bin/git config --local --name-only --get-regexp http\.https\:\/\/github\.com\/\.extraheader
verificar · typecheck · unit · build · audit	Run actions/checkout@v7	2026-09-22T21:52:26.4024707Z [command]/usr/bin/git submodule foreach --recursive sh -c "git config --local --name-only --get-regexp 'http\.https\:\/\/github\.com\/\.extraheader' && git config --local --unset-all 'http.https://github.com/.extraheader' || :"
verificar · typecheck · unit · build · audit	Run actions/checkout@v7	2026-09-22T21:52:26.4220702Z Removing includeIf entries pointing to credentials config files
verificar · typecheck · unit · build · audit	Run actions/checkout@v7	2026-09-22T21:52:26.4224749Z [command]/usr/bin/git config --local --name-only --get-regexp ^includeIf\.gitdir:
verificar · typecheck · unit · build · audit	Run actions/checkout@v7	2026-09-22T21:52:26.4258007Z [command]/usr/bin/git submodule foreach --recursive git config --local --show-origin --name-only --get-regexp remote.origin.url
verificar · typecheck · unit · build · audit	Run actions/checkout@v7	2026-09-22T21:52:26.4458536Z [command]/usr/bin/git config --file /home/runner/work/_temp/git-credentials-bf44da51-a513-4f6f-939e-1a960f1fe754.config http.https://github.com/.extraheader AUTHORIZATION: basic ***
verificar · typecheck · unit · build · audit	Run actions/checkout@v7	2026-09-22T21:52:26.4493398Z [command]/usr/bin/git config --local includeIf.gitdir:/home/runner/work/be/be/.git.path /home/runner/work/_temp/git-credentials-bf44da51-a513-4f6f-939e-1a960f1fe754.config
verificar · typecheck · unit · build · audit	Run actions/checkout@v7	2026-09-22T21:52:26.4522016Z [command]/usr/bin/git config --local includeIf.gitdir:/home/runner/work/be/be/.git/worktrees/*.path /home/runner/work/_temp/git-credentials-bf44da51-a513-4f6f-939e-1a960f1fe754.config
verificar · typecheck · unit · build · audit	Run actions/checkout@v7	2026-09-22T21:52:26.4552839Z [command]/usr/bin/git config --local includeIf.gitdir:/github/workspace/.git.path /github/runner_temp/git-credentials-bf44da51-a513-4f6f-939e-1a960f1fe754.config
verificar · typecheck · unit · build · audit	Run actions/checkout@v7	2026-09-22T21:52:26.4581684Z [command]/usr/bin/git config --local includeIf.gitdir:/github/workspace/.git/worktrees/*.path /github/runner_temp/git-credentials-bf44da51-a513-4f6f-939e-1a960f1fe754.config
verificar · typecheck · unit · build · audit	Run actions/checkout@v7	2026-09-22T21:52:26.4608399Z ##[endgroup]
verificar · typecheck · unit · build · audit	Run actions/checkout@v7	2026-09-22T21:52:26.4609274Z ##[group]Fetching the repository
verificar · typecheck · unit · build · audit	Run actions/checkout@v7	2026-09-22T21:52:26.4613757Z [command]/usr/bin/git -c protocol.version=2 fetch --no-tags --prune --no-recurse-submodules --depth=1 origin +56c0c4dcb5e8e04e7819946ae8a628fde0af0b11:refs/remotes/origin/main
verificar · typecheck · unit · build · audit	Run actions/checkout@v7	2026-09-22T21:52:29.0889303Z From https://github.com/Elian-Bufi/be
verificar · typecheck · unit · build · audit	Run actions/checkout@v7	2026-09-22T21:52:29.0890931Z  * [new ref]         56c0c4dcb5e8e04e7819946ae8a628fde0af0b11 -> origin/main
verificar · typecheck · unit · build · audit	Run actions/checkout@v7	2026-09-22T21:52:29.0896156Z [command]/usr/bin/git branch --list --remote origin/main
verificar · typecheck · unit · build · audit	Run actions/checkout@v7	2026-09-22T21:52:29.0923969Z   origin/main
verificar · typecheck · unit · build · audit	Run actions/checkout@v7	2026-09-22T21:52:29.0932822Z [command]/usr/bin/git rev-parse refs/remotes/origin/main
verificar · typecheck · unit · build · audit	Run actions/checkout@v7	2026-09-22T21:52:29.0958525Z 56c0c4dcb5e8e04e7819946ae8a628fde0af0b11
verificar · typecheck · unit · build · audit	Run actions/checkout@v7	2026-09-22T21:52:29.0962891Z ##[endgroup]
verificar · typecheck · unit · build · audit	Run actions/checkout@v7	2026-09-22T21:52:29.0963934Z ##[group]Determining the checkout info
verificar · typecheck · unit · build · audit	Run actions/checkout@v7	2026-09-22T21:52:29.0965073Z ##[endgroup]
verificar · typecheck · unit · build · audit	Run actions/checkout@v7	2026-09-22T21:52:29.0966281Z [command]/usr/bin/git sparse-checkout disable
verificar · typecheck · unit · build · audit	Run actions/checkout@v7	2026-09-22T21:52:29.1015875Z [command]/usr/bin/git config --local --unset-all extensions.worktreeConfig
verificar · typecheck · unit · build · audit	Run actions/checkout@v7	2026-09-22T21:52:29.1050154Z ##[group]Checking out the ref
verificar · typecheck · unit · build · audit	Run actions/checkout@v7	2026-09-22T21:52:29.1052565Z [command]/usr/bin/git checkout --progress --force -B main refs/remotes/origin/main
verificar · typecheck · unit · build · audit	Run actions/checkout@v7	2026-09-22T21:52:29.3075473Z Switched to a new branch 'main'
verificar · typecheck · unit · build · audit	Run actions/checkout@v7	2026-09-22T21:52:29.3086381Z branch 'main' set up to track 'origin/main'.
verificar · typecheck · unit · build · audit	Run actions/checkout@v7	2026-09-22T21:52:29.3098498Z ##[endgroup]
verificar · typecheck · unit · build · audit	Run actions/checkout@v7	2026-09-22T21:52:29.3142494Z [command]/usr/bin/git log -1 --format=%H
verificar · typecheck · unit · build · audit	Run actions/checkout@v7	2026-09-22T21:52:29.3169230Z 56c0c4dcb5e8e04e7819946ae8a628fde0af0b11
verificar · typecheck · unit · build · audit	Run actions/setup-node@v7	﻿2026-09-22T21:52:29.3391730Z ##[group]Run actions/setup-node@v7
verificar · typecheck · unit · build · audit	Run actions/setup-node@v7	2026-09-22T21:52:29.3392081Z with:
verificar · typecheck · unit · build · audit	Run actions/setup-node@v7	2026-09-22T21:52:29.3392293Z   node-version-file: .nvmrc
verificar · typecheck · unit · build · audit	Run actions/setup-node@v7	2026-09-22T21:52:29.3392530Z   cache: npm
verificar · typecheck · unit · build · audit	Run actions/setup-node@v7	2026-09-22T21:52:29.3392731Z   check-latest: false
verificar · typecheck · unit · build · audit	Run actions/setup-node@v7	2026-09-22T21:52:29.3394879Z   token: ***
verificar · typecheck · unit · build · audit	Run actions/setup-node@v7	2026-09-22T21:52:29.3395097Z   package-manager-cache: true
verificar · typecheck · unit · build · audit	Run actions/setup-node@v7	2026-09-22T21:52:29.3395346Z ##[endgroup]
verificar · typecheck · unit · build · audit	Run actions/setup-node@v7	2026-09-22T21:52:29.4388091Z Node version file is not JSON file
verificar · typecheck · unit · build · audit	Run actions/setup-node@v7	2026-09-22T21:52:29.4388782Z Resolved .nvmrc as 22.23.2
verificar · typecheck · unit · build · audit	Run actions/setup-node@v7	2026-09-22T21:52:29.4462606Z Found in cache @ /opt/hostedtoolcache/node/22.23.2/x64
verificar · typecheck · unit · build · audit	Run actions/setup-node@v7	2026-09-22T21:52:29.4465588Z ##[group]Environment details
verificar · typecheck · unit · build · audit	Run actions/setup-node@v7	2026-09-22T21:52:32.7918588Z node: v22.23.2
verificar · typecheck · unit · build · audit	Run actions/setup-node@v7	2026-09-22T21:52:32.7919037Z npm: 10.9.8
verificar · typecheck · unit · build · audit	Run actions/setup-node@v7	2026-09-22T21:52:32.7919291Z yarn: 1.22.22
verificar · typecheck · unit · build · audit	Run actions/setup-node@v7	2026-09-22T21:52:32.7920300Z ##[endgroup]
verificar · typecheck · unit · build · audit	Run actions/setup-node@v7	2026-09-22T21:52:32.7933819Z [command]/opt/hostedtoolcache/node/22.23.2/x64/bin/npm config get cache
verificar · typecheck · unit · build · audit	Run actions/setup-node@v7	2026-09-22T21:52:33.1053467Z /home/runner/.npm
verificar · typecheck · unit · build · audit	Run actions/setup-node@v7	2026-09-22T21:52:33.3531502Z npm cache is not found
verificar · typecheck · unit · build · audit	Run npm ci	﻿2026-09-22T21:52:33.3655449Z ##[group]Run npm ci
verificar · typecheck · unit · build · audit	Run npm ci	2026-09-22T21:52:33.3655777Z ^[[36;1mnpm ci^[[0m
verificar · typecheck · unit · build · audit	Run npm ci	2026-09-22T21:52:33.3700398Z shell: /usr/bin/bash -e {0}
verificar · typecheck · unit · build · audit	Run npm ci	2026-09-22T21:52:33.3700691Z ##[endgroup]
verificar · typecheck · unit · build · audit	Run npm ci	2026-09-22T21:52:40.4621123Z npm warn deprecated uuid@7.0.3: uuid@10 and below is no longer supported.  For ESM codebases, update to uuid@latest.  For CommonJS codebases, use uuid@11 (but be aware this version will likely be deprecated in 2028).
verificar · typecheck · unit · build · audit	Run npm ci	2026-09-22T21:52:42.9755303Z npm warn deprecated glob@10.5.0: Old versions of glob are not supported, and contain widely publicized security vulnerabilities, which have been fixed in the current version. Please update. Support for old versions may be purchased (at exorbitant rates) by contacting i@izs.me
verificar · typecheck · unit · build · audit	Run npm ci	2026-09-22T21:52:43.0765892Z npm warn deprecated glob@10.5.0: Old versions of glob are not supported, and contain widely publicized security vulnerabilities, which have been fixed in the current version. Please update. Support for old versions may be purchased (at exorbitant rates) by contacting i@izs.me
verificar · typecheck · unit · build · audit	Run npm ci	2026-09-22T21:53:19.0138413Z 
verificar · typecheck · unit · build · audit	Run npm ci	2026-09-22T21:53:19.0141908Z added 978 packages, and audited 983 packages in 46s
verificar · typecheck · unit · build · audit	Run npm ci	2026-09-22T21:53:19.0533181Z 
verificar · typecheck · unit · build · audit	Run npm ci	2026-09-22T21:53:19.0533952Z 10 moderate severity vulnerabilities
verificar · typecheck · unit · build · audit	Run npm ci	2026-09-22T21:53:19.0534308Z 
verificar · typecheck · unit · build · audit	Run npm ci	2026-09-22T21:53:19.0534594Z To address issues that do not require attention, run:
verificar · typecheck · unit · build · audit	Run npm ci	2026-09-22T21:53:19.0535012Z   npm audit fix
verificar · typecheck · unit · build · audit	Run npm ci	2026-09-22T21:53:19.0535200Z 
verificar · typecheck · unit · build · audit	Run npm ci	2026-09-22T21:53:19.0535499Z To address all issues (including breaking changes), run:
verificar · typecheck · unit · build · audit	Run npm ci	2026-09-22T21:53:19.0535943Z   npm audit fix --force
verificar · typecheck · unit · build · audit	Run npm ci	2026-09-22T21:53:19.0536167Z 
verificar · typecheck · unit · build · audit	Run npm ci	2026-09-22T21:53:19.0536321Z Run `npm audit` for details.
verificar · typecheck · unit · build · audit	Run npx prisma generate	﻿2026-09-22T21:53:19.1139901Z ##[group]Run npx prisma generate
verificar · typecheck · unit · build · audit	Run npx prisma generate	2026-09-22T21:53:19.1140192Z ^[[36;1mnpx prisma generate^[[0m
verificar · typecheck · unit · build · audit	Run npx prisma generate	2026-09-22T21:53:19.1174111Z shell: /usr/bin/bash -e {0}
verificar · typecheck · unit · build · audit	Run npx prisma generate	2026-09-22T21:53:19.1174371Z ##[endgroup]
verificar · typecheck · unit · build · audit	Run npx prisma generate	2026-09-22T21:53:19.8959448Z warn The configuration property `package.json#prisma` is deprecated and will be removed in Prisma 7. Please migrate to a Prisma config file (e.g., `prisma.config.ts`).
verificar · typecheck · unit · build · audit	Run npx prisma generate	2026-09-22T21:53:19.8961150Z For more information, see: https://pris.ly/prisma-config
verificar · typecheck · unit · build · audit	Run npx prisma generate	2026-09-22T21:53:19.8961436Z 
verificar · typecheck · unit · build · audit	Run npx prisma generate	2026-09-22T21:53:20.0330838Z Prisma schema loaded from prisma/schema.prisma
verificar · typecheck · unit · build · audit	Run npx prisma generate	2026-09-22T21:53:20.8165567Z ┌─────────────────────────────────────────────────────────┐
verificar · typecheck · unit · build · audit	Run npx prisma generate	2026-09-22T21:53:20.8166159Z │  Update available 6.19.3 -> 8.0.0-rc.15                 │
verificar · typecheck · unit · build · audit	Run npx prisma generate	2026-09-22T21:53:20.8166562Z │                                                         │
verificar · typecheck · unit · build · audit	Run npx prisma generate	2026-09-22T21:53:20.8166946Z │  This is a major update - please follow the guide at    │
verificar · typecheck · unit · build · audit	Run npx prisma generate	2026-09-22T21:53:20.8167491Z │  https://pris.ly/d/major-version-upgrade                │
verificar · typecheck · unit · build · audit	Run npx prisma generate	2026-09-22T21:53:20.8173542Z │                                                         │
verificar · typecheck · unit · build · audit	Run npx prisma generate	2026-09-22T21:53:20.8174095Z │  Run the following to update                            │
verificar · typecheck · unit · build · audit	Run npx prisma generate	2026-09-22T21:53:20.8174537Z │    npm i --save-dev prisma@latest                       │
verificar · typecheck · unit · build · audit	Run npx prisma generate	2026-09-22T21:53:20.8174914Z │    npm i @prisma/client@latest                          │
verificar · typecheck · unit · build · audit	Run npx prisma generate	2026-09-22T21:53:20.8175316Z └─────────────────────────────────────────────────────────┘
verificar · typecheck · unit · build · audit	Run npx prisma generate	2026-09-22T21:53:20.8175560Z 
verificar · typecheck · unit · build · audit	Run npx prisma generate	2026-09-22T21:53:20.8175883Z ✔ Generated Prisma Client (v6.19.3) to ./node_modules/@prisma/client in 379ms
verificar · typecheck · unit · build · audit	Run npx prisma generate	2026-09-22T21:53:20.8176136Z 
verificar · typecheck · unit · build · audit	Run npx prisma generate	2026-09-22T21:53:20.8176406Z Start by importing your Prisma Client (See: https://pris.ly/d/importing-client)
verificar · typecheck · unit · build · audit	Run npx prisma generate	2026-09-22T21:53:20.8176722Z 
verificar · typecheck · unit · build · audit	Run npx prisma generate	2026-09-22T21:53:20.8177052Z Tip: Want to turn off tips and other hints? https://pris.ly/tip-4-nohints
verificar · typecheck · unit · build · audit	Run npx prisma generate	2026-09-22T21:53:20.8177510Z 
verificar · typecheck · unit · build · audit	Typecheck (domain, api, web, mobile)	﻿2026-09-22T21:53:20.8741291Z ##[group]Run npm run typecheck
verificar · typecheck · unit · build · audit	Typecheck (domain, api, web, mobile)	2026-09-22T21:53:20.8741557Z ^[[36;1mnpm run typecheck^[[0m
verificar · typecheck · unit · build · audit	Typecheck (domain, api, web, mobile)	2026-09-22T21:53:20.8773697Z shell: /usr/bin/bash -e {0}
verificar · typecheck · unit · build · audit	Typecheck (domain, api, web, mobile)	2026-09-22T21:53:20.8773925Z ##[endgroup]
verificar · typecheck · unit · build · audit	Typecheck (domain, api, web, mobile)	2026-09-22T21:53:20.9615770Z 
verificar · typecheck · unit · build · audit	Typecheck (domain, api, web, mobile)	2026-09-22T21:53:20.9616390Z > be@0.1.0 typecheck
verificar · typecheck · unit · build · audit	Typecheck (domain, api, web, mobile)	2026-09-22T21:53:20.9616873Z > npm run build:domain && npm run typecheck --workspaces --if-present
verificar · typecheck · unit · build · audit	Typecheck (domain, api, web, mobile)	2026-09-22T21:53:20.9617110Z 
verificar · typecheck · unit · build · audit	Typecheck (domain, api, web, mobile)	2026-09-22T21:53:21.0413363Z 
verificar · typecheck · unit · build · audit	Typecheck (domain, api, web, mobile)	2026-09-22T21:53:21.0414188Z > be@0.1.0 build:domain
verificar · typecheck · unit · build · audit	Typecheck (domain, api, web, mobile)	2026-09-22T21:53:21.0414696Z > npm run build -w @be/domain
verificar · typecheck · unit · build · audit	Typecheck (domain, api, web, mobile)	2026-09-22T21:53:21.0414924Z 
verificar · typecheck · unit · build · audit	Typecheck (domain, api, web, mobile)	2026-09-22T21:53:21.1331063Z 
verificar · typecheck · unit · build · audit	Typecheck (domain, api, web, mobile)	2026-09-22T21:53:21.1331863Z > @be/domain@0.1.0 build
verificar · typecheck · unit · build · audit	Typecheck (domain, api, web, mobile)	2026-09-22T21:53:21.1332319Z > tsc -p tsconfig.json
verificar · typecheck · unit · build · audit	Typecheck (domain, api, web, mobile)	2026-09-22T21:53:21.1332520Z 
verificar · typecheck · unit · build · audit	Typecheck (domain, api, web, mobile)	2026-09-22T21:53:24.7847597Z 
verificar · typecheck · unit · build · audit	Typecheck (domain, api, web, mobile)	2026-09-22T21:53:24.7848183Z > @be/domain@0.1.0 typecheck
verificar · typecheck · unit · build · audit	Typecheck (domain, api, web, mobile)	2026-09-22T21:53:24.7848543Z > tsc -p tsconfig.json --noEmit
verificar · typecheck · unit · build · audit	Typecheck (domain, api, web, mobile)	2026-09-22T21:53:24.7848694Z 
verificar · typecheck · unit · build · audit	Typecheck (domain, api, web, mobile)	2026-09-22T21:53:27.9392098Z 
verificar · typecheck · unit · build · audit	Typecheck (domain, api, web, mobile)	2026-09-22T21:53:27.9392756Z > @be/api@0.7.0 typecheck
verificar · typecheck · unit · build · audit	Typecheck (domain, api, web, mobile)	2026-09-22T21:53:27.9393262Z > tsc -p tsconfig.json --noEmit
verificar · typecheck · unit · build · audit	Typecheck (domain, api, web, mobile)	2026-09-22T21:53:27.9393418Z 
verificar · typecheck · unit · build · audit	Typecheck (domain, api, web, mobile)	2026-09-22T21:53:32.3562962Z 
verificar · typecheck · unit · build · audit	Typecheck (domain, api, web, mobile)	2026-09-22T21:53:32.3563633Z > @be/web@0.7.0 typecheck
verificar · typecheck · unit · build · audit	Typecheck (domain, api, web, mobile)	2026-09-22T21:53:32.3564045Z > tsc --noEmit
verificar · typecheck · unit · build · audit	Typecheck (domain, api, web, mobile)	2026-09-22T21:53:32.3564206Z 
verificar · typecheck · unit · build · audit	Typecheck (domain, api, web, mobile)	2026-09-22T21:53:37.0779002Z 
verificar · typecheck · unit · build · audit	Typecheck (domain, api, web, mobile)	2026-09-22T21:53:37.0779683Z > @be/mobile@0.7.0 typecheck
verificar · typecheck · unit · build · audit	Typecheck (domain, api, web, mobile)	2026-09-22T21:53:37.0780063Z > tsc --noEmit
verificar · typecheck · unit · build · audit	Typecheck (domain, api, web, mobile)	2026-09-22T21:53:37.0780174Z 
verificar · typecheck · unit · build · audit	OpenAPI generado desde @be/domain sin drift (09v7 T21)	﻿2026-09-22T21:53:39.1985768Z ##[group]Run node scripts/generar-openapi.cjs --verificar
verificar · typecheck · unit · build · audit	OpenAPI generado desde @be/domain sin drift (09v7 T21)	2026-09-22T21:53:39.1986137Z ^[[36;1mnode scripts/generar-openapi.cjs --verificar^[[0m
verificar · typecheck · unit · build · audit	OpenAPI generado desde @be/domain sin drift (09v7 T21)	2026-09-22T21:53:39.2018426Z shell: /usr/bin/bash -e {0}
verificar · typecheck · unit · build · audit	OpenAPI generado desde @be/domain sin drift (09v7 T21)	2026-09-22T21:53:39.2018651Z ##[endgroup]
verificar · typecheck · unit · build · audit	OpenAPI generado desde @be/domain sin drift (09v7 T21)	2026-09-22T21:53:39.3618587Z OpenAPI al día con @be/domain.
verificar · typecheck · unit · build · audit	Pruebas unitarias (domain, api)	﻿2026-09-22T21:53:39.3739439Z ##[group]Run npm test
verificar · typecheck · unit · build · audit	Pruebas unitarias (domain, api)	2026-09-22T21:53:39.3739666Z ^[[36;1mnpm test^[[0m
verificar · typecheck · unit · build · audit	Pruebas unitarias (domain, api)	2026-09-22T21:53:39.3772169Z shell: /usr/bin/bash -e {0}
verificar · typecheck · unit · build · audit	Pruebas unitarias (domain, api)	2026-09-22T21:53:39.3772392Z ##[endgroup]
verificar · typecheck · unit · build · audit	Pruebas unitarias (domain, api)	2026-09-22T21:53:39.4827232Z 
verificar · typecheck · unit · build · audit	Pruebas unitarias (domain, api)	2026-09-22T21:53:39.4828059Z > be@0.1.0 test
verificar · typecheck · unit · build · audit	Pruebas unitarias (domain, api)	2026-09-22T21:53:39.4828887Z > npm run build:domain && npm run test -w @be/domain && node --test scripts/copy-pantallas.test.cjs && npm run test -w @be/api
verificar · typecheck · unit · build · audit	Pruebas unitarias (domain, api)	2026-09-22T21:53:39.4829405Z 
verificar · typecheck · unit · build · audit	Pruebas unitarias (domain, api)	2026-09-22T21:53:39.5597607Z 
verificar · typecheck · unit · build · audit	Pruebas unitarias (domain, api)	2026-09-22T21:53:39.5598205Z > be@0.1.0 build:domain
verificar · typecheck · unit · build · audit	Pruebas unitarias (domain, api)	2026-09-22T21:53:39.5598501Z > npm run build -w @be/domain
verificar · typecheck · unit · build · audit	Pruebas unitarias (domain, api)	2026-09-22T21:53:39.5598655Z 
verificar · typecheck · unit · build · audit	Pruebas unitarias (domain, api)	2026-09-22T21:53:39.6517553Z 
verificar · typecheck · unit · build · audit	Pruebas unitarias (domain, api)	2026-09-22T21:53:39.6518167Z > @be/domain@0.1.0 build
verificar · typecheck · unit · build · audit	Pruebas unitarias (domain, api)	2026-09-22T21:53:39.6518474Z > tsc -p tsconfig.json
verificar · typecheck · unit · build · audit	Pruebas unitarias (domain, api)	2026-09-22T21:53:39.6518610Z 
verificar · typecheck · unit · build · audit	Pruebas unitarias (domain, api)	2026-09-22T21:53:43.2571663Z 
verificar · typecheck · unit · build · audit	Pruebas unitarias (domain, api)	2026-09-22T21:53:43.2572595Z > @be/domain@0.1.0 test
verificar · typecheck · unit · build · audit	Pruebas unitarias (domain, api)	2026-09-22T21:53:43.2572996Z > node --test dist/**/*.test.js
verificar · typecheck · unit · build · audit	Pruebas unitarias (domain, api)	2026-09-22T21:53:43.2573148Z 
verificar · typecheck · unit · build · audit	Pruebas unitarias (domain, api)	2026-09-22T21:53:43.3046405Z TAP version 13
verificar · typecheck · unit · build · audit	Pruebas unitarias (domain, api)	2026-09-22T21:53:43.4770791Z # Subtest: cliente: el registro envía A1 y A2 con la versión vigente, superficie e Idempotency-Key; nunca A3
verificar · typecheck · unit · build · audit	Pruebas unitarias (domain, api)	2026-09-22T21:53:43.4772671Z ok 1 - cliente: el registro envía A1 y A2 con la versión vigente, superficie e Idempotency-Key; nunca A3
verificar · typecheck · unit · build · audit	Pruebas unitarias (domain, api)	2026-09-22T21:53:43.4773592Z   ---
verificar · typecheck · unit · build · audit	Pruebas unitarias (domain, api)	2026-09-22T21:53:43.4788485Z   duration_ms: 31.661057
verificar · typecheck · unit · build · audit	Pruebas unitarias (domain, api)	2026-09-22T21:53:43.4789081Z   type: 'test'
verificar · typecheck · unit · build · audit	Pruebas unitarias (domain, api)	2026-09-22T21:53:43.4789505Z   ...
verificar · typecheck · unit · build · audit	Pruebas unitarias (domain, api)	2026-09-22T21:53:43.4790540Z # Subtest: cliente: una respuesta 2xx con otra forma no se interpreta (validación de contrato)
verificar · typecheck · unit · build · audit	Pruebas unitarias (domain, api)	2026-09-22T21:53:43.4791939Z ok 2 - cliente: una respuesta 2xx con otra forma no se interpreta (validación de contrato)
verificar · typecheck · unit · build · audit	Pruebas unitarias (domain, api)	2026-09-22T21:53:43.4802871Z   ---
verificar · typecheck · unit · build · audit	Pruebas unitarias (domain, api)	2026-09-22T21:53:43.4803371Z   duration_ms: 0.813386
verificar · typecheck · unit · build · audit	Pruebas unitarias (domain, api)	2026-09-22T21:53:43.4803849Z   type: 'test'
verificar · typecheck · unit · build · audit	Pruebas unitarias (domain, api)	2026-09-22T21:53:43.4804414Z   ...
verificar · typecheck · unit · build · audit	Pruebas unitarias (domain, api)	2026-09-22T21:53:43.4805426Z # Subtest: cliente: un ErrorEnvelope se traduce a su código e issues, sin exponer el mensaje del servidor
verificar · typecheck · unit · build · audit	Pruebas unitarias (domain, api)	2026-09-22T21:53:43.4828822Z ok 3 - cliente: un ErrorEnvelope se traduce a su código e issues, sin exponer el mensaje del servidor
verificar · typecheck · unit · build · audit	Pruebas unitarias (domain, api)	2026-09-22T21:53:43.4843531Z   ---
verificar · typecheck · unit · build · audit	Pruebas unitarias (domain, api)	2026-09-22T21:53:43.4844016Z   duration_ms: 1.710678
verificar · typecheck · unit · build · audit	Pruebas unitarias (domain, api)	2026-09-22T21:53:43.4844463Z   type: 'test'
verificar · typecheck · unit · build · audit	Pruebas unitarias (domain, api)	2026-09-22T21:53:43.4844850Z   ...
verificar · typecheck · unit · build · audit	Pruebas unitarias (domain, api)	2026-09-22T21:53:43.4845670Z # Subtest: cliente: sin respuesta de red el resultado es RED (incierto), nunca éxito
verificar · typecheck · unit · build · audit	Pruebas unitarias (domain, api)	2026-09-22T21:53:43.4846750Z ok 4 - cliente: sin respuesta de red el resultado es RED (incierto), nunca éxito
verificar · typecheck · unit · build · audit	Pruebas unitarias (domain, api)	2026-09-22T21:53:43.4847518Z   ---
verificar · typecheck · unit · build · audit	Pruebas unitarias (domain, api)	2026-09-22T21:53:43.4847930Z   duration_ms: 0.319211
verificar · typecheck · unit · build · audit	Pruebas unitarias (domain, api)	2026-09-22T21:53:43.4848341Z   type: 'test'
verificar · typecheck · unit · build · audit	Pruebas unitarias (domain, api)	2026-09-22T21:53:43.4848713Z   ...
verificar · typecheck · unit · build · audit	Pruebas unitarias (domain, api)	2026-09-22T21:53:43.4849719Z # Subtest: cliente: el cierre envía la versión de consecuencias mostrada y confirmación explícita, con Bearer
verificar · typecheck · unit · build · audit	Pruebas unitarias (domain, api)	2026-09-22T21:53:43.4882087Z ok 5 - cliente: el cierre envía la versión de consecuencias mostrada y confirmación explícita, con Bearer
verificar · typecheck · unit · build · audit	Pruebas unitarias (domain, api)	2026-09-22T21:53:43.4938500Z   ---
verificar · typecheck · unit · build · audit	Pruebas unitarias (domain, api)	2026-09-22T21:53:43.4967963Z   duration_ms: 1.621454
verificar · typecheck · unit · build · audit	Pruebas unitarias (domain, api)	2026-09-22T21:53:43.4974814Z   type: 'test'
verificar · typecheck · unit · build · audit	Pruebas unitarias (domain, api)	2026-09-22T21:53:43.4975289Z   ...
verificar · typecheck · unit · build · audit	Pruebas unitarias (domain, api)	2026-09-22T21:53:43.4976003Z # Subtest: copy: sin frases prohibidas por el 10 (10-B02, 10-ADD, 10-B10)
verificar · typecheck · unit · build · audit	Pruebas unitarias (domain, api)	2026-09-22T21:53:43.4976819Z ok 6 - copy: sin frases prohibidas por el 10 (10-B02, 10-ADD, 10-B10)
verificar · typecheck · unit · build · audit	Pruebas unitarias (domain, api)	2026-09-22T21:53:43.4977501Z   ---
verificar · typecheck · unit · build · audit	Pruebas unitarias (domain, api)	2026-09-22T21:53:43.4977909Z   duration_ms: 0.226301
verificar · typecheck · unit · build · audit	Pruebas unitarias (domain, api)	2026-09-22T21:53:43.4978382Z   type: 'test'
verificar · typecheck · unit · build · audit	Pruebas unitarias (domain, api)	2026-09-22T21:53:43.4979048Z   ...
verificar · typecheck · unit · build · audit	Pruebas unitarias (domain, api)	2026-09-22T21:53:43.4989236Z # Subtest: cliente ANT: cada operación va a la ruta que declara el 09, y las dos colecciones no se cruzan
verificar · typecheck · unit · build · audit	Pruebas unitarias (domain, api)	2026-09-22T21:53:43.4990583Z ok 7 - cliente ANT: cada operación va a la ruta que declara el 09, y las dos colecciones no se cruzan
verificar · typecheck · unit · build · audit	Pruebas unitarias (domain, api)	2026-09-22T21:53:43.4991354Z   ---
verificar · typecheck · unit · build · audit	Pruebas unitarias (domain, api)	2026-09-22T21:53:43.4991776Z   duration_ms: 4.427673
verificar · typecheck · unit · build · audit	Pruebas unitarias (domain, api)	2026-09-22T21:53:43.4992243Z   type: 'test'
verificar · typecheck · unit · build · audit	Pruebas unitarias (domain, api)	2026-09-22T21:53:43.4992635Z   ...
verificar · typecheck · unit · build · audit	Pruebas unitarias (domain, api)	2026-09-22T21:53:43.6739830Z # Subtest: REG-06-126 · un plan simple omite microciclos y es válido: no se inventa un microciclo vacío (09v10:262)
verificar · typecheck · unit · build · audit	Pruebas unitarias (domain, api)	2026-09-22T21:53:43.6741829Z ok 8 - REG-06-126 · un plan simple omite microciclos y es válido: no se inventa un microciclo vacío (09v10:262)
verificar · typecheck · unit · build · audit	Pruebas unitarias (domain, api)	2026-09-22T21:53:43.6798036Z   ---
verificar · typecheck · unit · build · audit	Pruebas unitarias (domain, api)	2026-09-22T21:53:43.6848060Z   duration_ms: 9.955855
verificar · typecheck · unit · build · audit	Pruebas unitarias (domain, api)	2026-09-22T21:53:43.6867690Z   type: 'test'
verificar · typecheck · unit · build · audit	Pruebas unitarias (domain, api)	2026-09-22T21:53:43.6868241Z   ...
verificar · typecheck · unit · build · audit	Pruebas unitarias (domain, api)	2026-09-22T21:53:43.6869580Z # Subtest: REG-06-126 · con microciclos, la sesión cuelga del microciclo y la jerarquía se conserva tal cual
verificar · typecheck · unit · build · audit	Pruebas unitarias (domain, api)	2026-09-22T21:53:43.6873495Z ok 9 - REG-06-126 · con microciclos, la sesión cuelga del microciclo y la jerarquía se conserva tal cual
verificar · typecheck · unit · build · audit	Pruebas unitarias (domain, api)	2026-09-22T21:53:43.6897927Z   ---
verificar · typecheck · unit · build · audit	Pruebas unitarias (domain, api)	2026-09-22T21:53:43.6901066Z   duration_ms: 3.762781
verificar · typecheck · unit · build · audit	Pruebas unitarias (domain, api)	2026-09-22T21:53:43.6901577Z   type: 'test'
verificar · typecheck · unit · build · audit	Pruebas unitarias (domain, api)	2026-09-22T21:53:43.6901990Z   ...
verificar · typecheck · unit · build · audit	Pruebas unitarias (domain, api)	2026-09-22T21:53:43.6903057Z # Subtest: 09v10:281 · un bloque con sesiones directas y microciclos a la vez es una estructura mal formada
verificar · typecheck · unit · build · audit	Pruebas unitarias (domain, api)	2026-09-22T21:53:43.6904957Z ok 10 - 09v10:281 · un bloque con sesiones directas y microciclos a la vez es una estructura mal formada
verificar · typecheck · unit · build · audit	Pruebas unitarias (domain, api)	2026-09-22T21:53:43.6905745Z   ---
verificar · typecheck · unit · build · audit	Pruebas unitarias (domain, api)	2026-09-22T21:53:43.6906208Z   duration_ms: 0.467795
verificar · typecheck · unit · build · audit	Pruebas unitarias (domain, api)	2026-09-22T21:53:43.6906649Z   type: 'test'
verificar · typecheck · unit · build · audit	Pruebas unitarias (domain, api)	2026-09-22T21:53:43.6907058Z   ...
verificar · typecheck · unit · build · audit	Pruebas unitarias (domain, api)	2026-09-22T21:53:43.6908323Z # Subtest: REG-06-127 · el propósito es texto libre: «Descarga» no es un token ni pausa nada
verificar · typecheck · unit · build · audit	Pruebas unitarias (domain, api)	2026-09-22T21:53:43.6909571Z ok 11 - REG-06-127 · el propósito es texto libre: «Descarga» no es un token ni pausa nada
verificar · typecheck · unit · build · audit	Pruebas unitarias (domain, api)	2026-09-22T21:53:43.6910298Z   ---
verificar · typecheck · unit · build · audit	Pruebas unitarias (domain, api)	2026-09-22T21:53:43.6910709Z   duration_ms: 0.283948
verificar · typecheck · unit · build · audit	Pruebas unitarias (domain, api)	2026-09-22T21:53:43.6911149Z   type: 'test'
verificar · typecheck · unit · build · audit	Pruebas unitarias (domain, api)	2026-09-22T21:53:43.6911521Z   ...
verificar · typecheck · unit · build · audit	Pruebas unitarias (domain, api)	2026-09-22T21:53:43.6912531Z # Subtest: REG-06-111 · los identificadores que vienen se conservan y los que faltan los asigna el servidor
verificar · typecheck · unit · build · audit	Pruebas unitarias (domain, api)	2026-09-22T21:53:43.6913927Z ok 12 - REG-06-111 · los identificadores que vienen se conservan y los que faltan los asigna el servidor
verificar · typecheck · unit · build · audit	Pruebas unitarias (domain, api)	2026-09-22T21:53:43.6914720Z   ---
verificar · typecheck · unit · build · audit	Pruebas unitarias (domain, api)	2026-09-22T21:53:43.6915110Z   duration_ms: 0.806415
verificar · typecheck · unit · build · audit	Pruebas unitarias (domain, api)	2026-09-22T21:53:43.6915557Z   type: 'test'
verificar · typecheck · unit · build · audit	Pruebas unitarias (domain, api)	2026-09-22T21:53:43.6915966Z   ...
verificar · typecheck · unit · build · audit	Pruebas unitarias (domain, api)	2026-09-22T21:53:43.6917118Z # Subtest: REG-06-111 · dos nodos con el mismo identificador no pueden coexistir: la ocurrencia y el registro dejarían de ser identificables
verificar · typecheck · unit · build · audit	Pruebas unitarias (domain, api)	2026-09-22T21:53:43.6919074Z ok 13 - REG-06-111 · dos nodos con el mismo identificador no pueden coexistir: la ocurrencia y el registro dejarían de ser identificables
verificar · typecheck · unit · build · audit	Pruebas unitarias (domain, api)	2026-09-22T21:53:43.6920001Z   ---
verificar · typecheck · unit · build · audit	Pruebas unitarias (domain, api)	2026-09-22T21:53:43.6920409Z   duration_ms: 0.247443
verificar · typecheck · unit · build · audit	Pruebas unitarias (domain, api)	2026-09-22T21:53:43.6920844Z   type: 'test'
verificar · typecheck · unit · build · audit	Pruebas unitarias (domain, api)	2026-09-22T21:53:43.6921219Z   ...
verificar · typecheck · unit · build · audit	Pruebas unitarias (domain, api)	2026-09-22T21:53:43.6922096Z # Subtest: DL-088 · el identificador de nodo tiene alfabeto restringido: forma parte del occurrenceId
verificar · typecheck · unit · build · audit	Pruebas unitarias (domain, api)	2026-09-22T21:53:43.6923221Z ok 14 - DL-088 · el identificador de nodo tiene alfabeto restringido: forma parte del occurrenceId
verificar · typecheck · unit · build · audit	Pruebas unitarias (domain, api)	2026-09-22T21:53:43.6923941Z   ---
verificar · typecheck · unit · build · audit	Pruebas unitarias (domain, api)	2026-09-22T21:53:43.6924341Z   duration_ms: 0.535827
verificar · typecheck · unit · build · audit	Pruebas unitarias (domain, api)	2026-09-22T21:53:43.6924804Z   type: 'test'
verificar · typecheck · unit · build · audit	Pruebas unitarias (domain, api)	2026-09-22T21:53:43.6925194Z   ...
verificar · typecheck · unit · build · audit	Pruebas unitarias (domain, api)	2026-09-22T21:53:43.6926246Z # Subtest: 09v10:738-744 · validar informa lo que falta, vinculado a bloque, sesión y ejercicio, sin juzgar el programa
verificar · typecheck · unit · build · audit	Pruebas unitarias (domain, api)	2026-09-22T21:53:43.6927925Z ok 15 - 09v10:738-744 · validar informa lo que falta, vinculado a bloque, sesión y ejercicio, sin juzgar el programa
verificar · typecheck · unit · build · audit	Pruebas unitarias (domain, api)	2026-09-22T21:53:43.6928752Z   ---
verificar · typecheck · unit · build · audit	Pruebas unitarias (domain, api)	2026-09-22T21:53:43.6929158Z   duration_ms: 0.422066
verificar · typecheck · unit · build · audit	Pruebas unitarias (domain, api)	2026-09-22T21:53:43.6929605Z   type: 'test'
verificar · typecheck · unit · build · audit	Pruebas unitarias (domain, api)	2026-09-22T21:53:43.6929998Z   ...
verificar · typecheck · unit · build · audit	Pruebas unitarias (domain, api)	2026-09-22T21:53:43.6931171Z # Subtest: 09v10:752 · una referencia que no existe es EXERCISE_REFERENCE_INVALID; una que dejó de estar disponible, EXERCISE_NOT_AVAILABLE
verificar · typecheck · unit · build · audit	Pruebas unitarias (domain, api)	2026-09-22T21:53:43.6932862Z ok 16 - 09v10:752 · una referencia que no existe es EXERCISE_REFERENCE_INVALID; una que dejó de estar disponible, EXERCISE_NOT_AVAILABLE
verificar · typecheck · unit · build · audit	Pruebas unitarias (domain, api)	2026-09-22T21:53:43.6933751Z   ---
verificar · typecheck · unit · build · audit	Pruebas unitarias (domain, api)	2026-09-22T21:53:43.6934145Z   duration_ms: 0.728377
verificar · typecheck · unit · build · audit	Pruebas unitarias (domain, api)	2026-09-22T21:53:43.6934576Z   type: 'test'
verificar · typecheck · unit · build · audit	Pruebas unitarias (domain, api)	2026-09-22T21:53:43.6935004Z   ...
verificar · typecheck · unit · build · audit	Pruebas unitarias (domain, api)	2026-09-22T21:53:43.6936037Z # Subtest: REG-06-104/112 · la instantánea congela el ejercicio con su nombre, y no se construye si falta una referencia
verificar · typecheck · unit · build · audit	Pruebas unitarias (domain, api)	2026-09-22T21:53:43.6937811Z ok 17 - REG-06-104/112 · la instantánea congela el ejercicio con su nombre, y no se construye si falta una referencia
verificar · typecheck · unit · build · audit	Pruebas unitarias (domain, api)	2026-09-22T21:53:43.6938935Z   ---
verificar · typecheck · unit · build · audit	Pruebas unitarias (domain, api)	2026-09-22T21:53:43.6939344Z   duration_ms: 0.869511
verificar · typecheck · unit · build · audit	Pruebas unitarias (domain, api)	2026-09-22T21:53:43.6939760Z   type: 'test'
verificar · typecheck · unit · build · audit	Pruebas unitarias (domain, api)	2026-09-22T21:53:43.6940131Z   ...
verificar · typecheck · unit · build · audit	Pruebas unitarias (domain, api)	2026-09-22T21:53:43.6941261Z # Subtest: REG-06-128 · el criterio es PERCENT_RM o RIR, y una prescripción sin criterio es legítima (no es un problema al validar)
verificar · typecheck · unit · build · audit	Pruebas unitarias (domain, api)	2026-09-22T21:53:43.6942822Z ok 18 - REG-06-128 · el criterio es PERCENT_RM o RIR, y una prescripción sin criterio es legítima (no es un problema al validar)
verificar · typecheck · unit · build · audit	Pruebas unitarias (domain, api)	2026-09-22T21:53:43.6943653Z   ---
verificar · typecheck · unit · build · audit	Pruebas unitarias (domain, api)	2026-09-22T21:53:43.6944029Z   duration_ms: 0.355336
verificar · typecheck · unit · build · audit	Pruebas unitarias (domain, api)	2026-09-22T21:53:43.6944439Z   type: 'test'
verificar · typecheck · unit · build · audit	Pruebas unitarias (domain, api)	2026-09-22T21:53:43.6944863Z   ...
verificar · typecheck · unit · build · audit	Pruebas unitarias (domain, api)	2026-09-22T21:53:43.6946061Z # Subtest: REG-06-129 · el esfuerzo percibido nunca es criterio de prescripción: RPE es INTENSITY_CRITERION_INVALID con su motivo
verificar · typecheck · unit · build · audit	Pruebas unitarias (domain, api)	2026-09-22T21:53:43.6948010Z ok 19 - REG-06-129 · el esfuerzo percibido nunca es criterio de prescripción: RPE es INTENSITY_CRITERION_INVALID con su motivo
verificar · typecheck · unit · build · audit	Pruebas unitarias (domain, api)	2026-09-22T21:53:43.6948859Z   ---
verificar · typecheck · unit · build · audit	Pruebas unitarias (domain, api)	2026-09-22T21:53:43.6949237Z   duration_ms: 1.004684
verificar · typecheck · unit · build · audit	Pruebas unitarias (domain, api)	2026-09-22T21:53:43.6949637Z   type: 'test'
verificar · typecheck · unit · build · audit	Pruebas unitarias (domain, api)	2026-09-22T21:53:43.7031338Z   ...
verificar · typecheck · unit · build · audit	Pruebas unitarias (domain, api)	2026-09-22T21:53:43.7036032Z # Subtest: 09v10:371 · los dos criterios a la vez se rechazan, y un tercero también
verificar · typecheck · unit · build · audit	Pruebas unitarias (domain, api)	2026-09-22T21:53:43.7036959Z ok 20 - 09v10:371 · los dos criterios a la vez se rechazan, y un tercero también
verificar · typecheck · unit · build · audit	Pruebas unitarias (domain, api)	2026-09-22T21:53:43.7037616Z   ---
verificar · typecheck · unit · build · audit	Pruebas unitarias (domain, api)	2026-09-22T21:53:43.7037880Z   duration_ms: 0.221073
verificar · typecheck · unit · build · audit	Pruebas unitarias (domain, api)	2026-09-22T21:53:43.7038175Z   type: 'test'
verificar · typecheck · unit · build · audit	Pruebas unitarias (domain, api)	2026-09-22T21:53:43.7038420Z   ...
verificar · typecheck · unit · build · audit	Pruebas unitarias (domain, api)	2026-09-22T21:53:43.7039318Z # Subtest: 09v10:391 · la carga sugerida no es criterio de intensidad: son dos campos distintos, y la carga exige unidad
verificar · typecheck · unit · build · audit	Pruebas unitarias (domain, api)	2026-09-22T21:53:43.7040597Z ok 21 - 09v10:391 · la carga sugerida no es criterio de intensidad: son dos campos distintos, y la carga exige unidad
verificar · typecheck · unit · build · audit	Pruebas unitarias (domain, api)	2026-09-22T21:53:43.7041282Z   ---
verificar · typecheck · unit · build · audit	Pruebas unitarias (domain, api)	2026-09-22T21:53:43.7041532Z   duration_ms: 0.545713
verificar · typecheck · unit · build · audit	Pruebas unitarias (domain, api)	2026-09-22T21:53:43.7041801Z   type: 'test'
verificar · typecheck · unit · build · audit	Pruebas unitarias (domain, api)	2026-09-22T21:53:43.7042052Z   ...
verificar · typecheck · unit · build · audit	Pruebas unitarias (domain, api)	2026-09-22T21:53:43.7042996Z # Subtest: DL-088 · el objetivo de intensidad tiene rango de significado: un %RM mayor que 100 o un RIR negativo no significan nada
verificar · typecheck · unit · build · audit	Pruebas unitarias (domain, api)	2026-09-22T21:53:43.7044339Z ok 22 - DL-088 · el objetivo de intensidad tiene rango de significado: un %RM mayor que 100 o un RIR negativo no significan nada
verificar · typecheck · unit · build · audit	Pruebas unitarias (domain, api)	2026-09-22T21:53:43.7045008Z   ---
verificar · typecheck · unit · build · audit	Pruebas unitarias (domain, api)	2026-09-22T21:53:43.7045251Z   duration_ms: 0.386002
verificar · typecheck · unit · build · audit	Pruebas unitarias (domain, api)	2026-09-22T21:53:43.7045521Z   type: 'test'
verificar · typecheck · unit · build · audit	Pruebas unitarias (domain, api)	2026-09-22T21:53:43.7045756Z   ...
verificar · typecheck · unit · build · audit	Pruebas unitarias (domain, api)	2026-09-22T21:53:43.7046442Z # Subtest: REG-06-111 · un parámetro cuantitativo del profesional declara su unidad
verificar · typecheck · unit · build · audit	Pruebas unitarias (domain, api)	2026-09-22T21:53:43.7047341Z ok 23 - REG-06-111 · un parámetro cuantitativo del profesional declara su unidad
verificar · typecheck · unit · build · audit	Pruebas unitarias (domain, api)	2026-09-22T21:53:43.7047966Z   ---
verificar · typecheck · unit · build · audit	Pruebas unitarias (domain, api)	2026-09-22T21:53:43.7048220Z   duration_ms: 1.390966
verificar · typecheck · unit · build · audit	Pruebas unitarias (domain, api)	2026-09-22T21:53:43.7048488Z   type: 'test'
verificar · typecheck · unit · build · audit	Pruebas unitarias (domain, api)	2026-09-22T21:53:43.7048715Z   ...
verificar · typecheck · unit · build · audit	Pruebas unitarias (domain, api)	2026-09-22T21:53:43.7049578Z # Subtest: INV-06-152 · una serie captura carga con unidad, repeticiones, y RIR y esfuerzo opcionales (09v10:1072-1079)
verificar · typecheck · unit · build · audit	Pruebas unitarias (domain, api)	2026-09-22T21:53:43.7050822Z ok 24 - INV-06-152 · una serie captura carga con unidad, repeticiones, y RIR y esfuerzo opcionales (09v10:1072-1079)
verificar · typecheck · unit · build · audit	Pruebas unitarias (domain, api)	2026-09-22T21:53:43.7051445Z   ---
verificar · typecheck · unit · build · audit	Pruebas unitarias (domain, api)	2026-09-22T21:53:43.7051680Z   duration_ms: 0.757792
verificar · typecheck · unit · build · audit	Pruebas unitarias (domain, api)	2026-09-22T21:53:43.7051950Z   type: 'test'
verificar · typecheck · unit · build · audit	Pruebas unitarias (domain, api)	2026-09-22T21:53:43.7052184Z   ...
verificar · typecheck · unit · build · audit	Pruebas unitarias (domain, api)	2026-09-22T21:53:43.7053039Z # Subtest: REG-06-131 · confirmar exige declarar la condición: la ausencia de registro nunca se confirma como nada
verificar · typecheck · unit · build · audit	Pruebas unitarias (domain, api)	2026-09-22T21:53:43.7054264Z ok 25 - REG-06-131 · confirmar exige declarar la condición: la ausencia de registro nunca se confirma como nada
verificar · typecheck · unit · build · audit	Pruebas unitarias (domain, api)	2026-09-22T21:53:43.7054883Z   ---
verificar · typecheck · unit · build · audit	Pruebas unitarias (domain, api)	2026-09-22T21:53:43.7055122Z   duration_ms: 0.266252
verificar · typecheck · unit · build · audit	Pruebas unitarias (domain, api)	2026-09-22T21:53:43.7055398Z   type: 'test'
verificar · typecheck · unit · build · audit	Pruebas unitarias (domain, api)	2026-09-22T21:53:43.7055639Z   ...
verificar · typecheck · unit · build · audit	Pruebas unitarias (domain, api)	2026-09-22T21:53:43.7056460Z # Subtest: REG-06-131/132 · «No pude realizarla» se confirma sin granularidad y sin datos, con motivo opcional
verificar · typecheck · unit · build · audit	Pruebas unitarias (domain, api)	2026-09-22T21:53:43.7057958Z ok 26 - REG-06-131/132 · «No pude realizarla» se confirma sin granularidad y sin datos, con motivo opcional
verificar · typecheck · unit · build · audit	Pruebas unitarias (domain, api)	2026-09-22T21:53:43.7058910Z   ---
verificar · typecheck · unit · build · audit	Pruebas unitarias (domain, api)	2026-09-22T21:53:43.7059146Z   duration_ms: 0.124327
verificar · typecheck · unit · build · audit	Pruebas unitarias (domain, api)	2026-09-22T21:53:43.7059418Z   type: 'test'
verificar · typecheck · unit · build · audit	Pruebas unitarias (domain, api)	2026-09-22T21:53:43.7059654Z   ...
verificar · typecheck · unit · build · audit	Pruebas unitarias (domain, api)	2026-09-22T21:53:43.7060524Z # Subtest: REG-06-132 · una sesión NO_REALIZADA con series cargadas no se confirma, pero guardar el borrador sí se puede
verificar · typecheck · unit · build · audit	Pruebas unitarias (domain, api)	2026-09-22T21:53:43.7061774Z ok 27 - REG-06-132 · una sesión NO_REALIZADA con series cargadas no se confirma, pero guardar el borrador sí se puede
verificar · typecheck · unit · build · audit	Pruebas unitarias (domain, api)	2026-09-22T21:53:43.7062401Z   ---
verificar · typecheck · unit · build · audit	Pruebas unitarias (domain, api)	2026-09-22T21:53:43.7062638Z   duration_ms: 0.248064
verificar · typecheck · unit · build · audit	Pruebas unitarias (domain, api)	2026-09-22T21:53:43.7062917Z   type: 'test'
verificar · typecheck · unit · build · audit	Pruebas unitarias (domain, api)	2026-09-22T21:53:43.7063158Z   ...
verificar · typecheck · unit · build · audit	Pruebas unitarias (domain, api)	2026-09-22T21:53:43.7064080Z # Subtest: 09v10:1101 · un registro agregado no lleva series, y uno por serie no lleva resumen: no se sintetiza ninguna de las dos
verificar · typecheck · unit · build · audit	Pruebas unitarias (domain, api)	2026-09-22T21:53:43.7065627Z ok 28 - 09v10:1101 · un registro agregado no lleva series, y uno por serie no lleva resumen: no se sintetiza ninguna de las dos
verificar · typecheck · unit · build · audit	Pruebas unitarias (domain, api)	2026-09-22T21:53:43.7066295Z   ---
verificar · typecheck · unit · build · audit	Pruebas unitarias (domain, api)	2026-09-22T21:53:43.7066545Z   duration_ms: 0.176356
verificar · typecheck · unit · build · audit	Pruebas unitarias (domain, api)	2026-09-22T21:53:43.7066806Z   type: 'test'
verificar · typecheck · unit · build · audit	Pruebas unitarias (domain, api)	2026-09-22T21:53:43.7067041Z   ...
verificar · typecheck · unit · build · audit	Pruebas unitarias (domain, api)	2026-09-22T21:53:43.7067749Z # Subtest: REG-06-132 · no se registran ejercicios antes de elegir granularidad
verificar · typecheck · unit · build · audit	Pruebas unitarias (domain, api)	2026-09-22T21:53:43.7068534Z ok 29 - REG-06-132 · no se registran ejercicios antes de elegir granularidad
verificar · typecheck · unit · build · audit	Pruebas unitarias (domain, api)	2026-09-22T21:53:43.7069032Z   ---
verificar · typecheck · unit · build · audit	Pruebas unitarias (domain, api)	2026-09-22T21:53:43.7069263Z   duration_ms: 0.130406
verificar · typecheck · unit · build · audit	Pruebas unitarias (domain, api)	2026-09-22T21:53:43.7069503Z   type: 'test'
verificar · typecheck · unit · build · audit	Pruebas unitarias (domain, api)	2026-09-22T21:53:43.7069761Z   ...
verificar · typecheck · unit · build · audit	Pruebas unitarias (domain, api)	2026-09-22T21:53:43.7070417Z # Subtest: una prescripción se registra una vez, y en ella cada serie tiene su índice
verificar · typecheck · unit · build · audit	Pruebas unitarias (domain, api)	2026-09-22T21:53:43.7071295Z ok 30 - una prescripción se registra una vez, y en ella cada serie tiene su índice
verificar · typecheck · unit · build · audit	Pruebas unitarias (domain, api)	2026-09-22T21:53:43.7071781Z   ---
verificar · typecheck · unit · build · audit	Pruebas unitarias (domain, api)	2026-09-22T21:53:43.7072039Z   duration_ms: 0.149816
verificar · typecheck · unit · build · audit	Pruebas unitarias (domain, api)	2026-09-22T21:53:43.7072310Z   type: 'test'
verificar · typecheck · unit · build · audit	Pruebas unitarias (domain, api)	2026-09-22T21:53:43.7072552Z   ...
verificar · typecheck · unit · build · audit	Pruebas unitarias (domain, api)	2026-09-22T21:53:43.7073441Z # Subtest: 09v10:1161 · para confirmar hace falta algo registrado; una serie sin carga ni repeticiones no registra nada
verificar · typecheck · unit · build · audit	Pruebas unitarias (domain, api)	2026-09-22T21:53:43.7074725Z ok 31 - 09v10:1161 · para confirmar hace falta algo registrado; una serie sin carga ni repeticiones no registra nada
verificar · typecheck · unit · build · audit	Pruebas unitarias (domain, api)	2026-09-22T21:53:43.7075356Z   ---
verificar · typecheck · unit · build · audit	Pruebas unitarias (domain, api)	2026-09-22T21:53:43.7075592Z   duration_ms: 0.341234
verificar · typecheck · unit · build · audit	Pruebas unitarias (domain, api)	2026-09-22T21:53:43.7075865Z   type: 'test'
verificar · typecheck · unit · build · audit	Pruebas unitarias (domain, api)	2026-09-22T21:53:43.7076105Z   ...
verificar · typecheck · unit · build · audit	Pruebas unitarias (domain, api)	2026-09-22T21:53:43.7076739Z # Subtest: 09v10:1095 · en un registro agregado alcanza con el resumen de la sesión
verificar · typecheck · unit · build · audit	Pruebas unitarias (domain, api)	2026-09-22T21:53:43.7078021Z ok 32 - 09v10:1095 · en un registro agregado alcanza con el resumen de la sesión
verificar · typecheck · unit · build · audit	Pruebas unitarias (domain, api)	2026-09-22T21:53:43.7078516Z   ---
verificar · typecheck · unit · build · audit	Pruebas unitarias (domain, api)	2026-09-22T21:53:43.7078760Z   duration_ms: 0.114553
verificar · typecheck · unit · build · audit	Pruebas unitarias (domain, api)	2026-09-22T21:53:43.7079045Z   type: 'test'
verificar · typecheck · unit · build · audit	Pruebas unitarias (domain, api)	2026-09-22T21:53:43.7079292Z   ...
verificar · typecheck · unit · build · audit	Pruebas unitarias (domain, api)	2026-09-22T21:53:43.7080161Z # Subtest: REG-06-130 · la sustitución es legítima: registrar otro ejercicio que el prescripto no es un problema
verificar · typecheck · unit · build · audit	Pruebas unitarias (domain, api)	2026-09-22T21:53:43.7081355Z ok 33 - REG-06-130 · la sustitución es legítima: registrar otro ejercicio que el prescripto no es un problema
verificar · typecheck · unit · build · audit	Pruebas unitarias (domain, api)	2026-09-22T21:53:43.7081976Z   ---
verificar · typecheck · unit · build · audit	Pruebas unitarias (domain, api)	2026-09-22T21:53:43.7082213Z   duration_ms: 0.130817
verificar · typecheck · unit · build · audit	Pruebas unitarias (domain, api)	2026-09-22T21:53:43.7082491Z   type: 'test'
verificar · typecheck · unit · build · audit	Pruebas unitarias (domain, api)	2026-09-22T21:53:43.7082738Z   ...
verificar · typecheck · unit · build · audit	Pruebas unitarias (domain, api)	2026-09-22T21:53:43.7083678Z # Subtest: 09v10:995-1003 · el borrador se guarda por partes: cada campo es opcional, y la condición viaja como texto para dar su 422
verificar · typecheck · unit · build · audit	Pruebas unitarias (domain, api)	2026-09-22T21:53:43.7085049Z ok 34 - 09v10:995-1003 · el borrador se guarda por partes: cada campo es opcional, y la condición viaja como texto para dar su 422
verificar · typecheck · unit · build · audit	Pruebas unitarias (domain, api)	2026-09-22T21:53:43.7085718Z   ---
verificar · typecheck · unit · build · audit	Pruebas unitarias (domain, api)	2026-09-22T21:53:43.7085959Z   duration_ms: 0.990453
verificar · typecheck · unit · build · audit	Pruebas unitarias (domain, api)	2026-09-22T21:53:43.7086247Z   type: 'test'
verificar · typecheck · unit · build · audit	Pruebas unitarias (domain, api)	2026-09-22T21:53:43.7086482Z   ...
verificar · typecheck · unit · build · audit	Pruebas unitarias (domain, api)	2026-09-22T21:53:43.7086966Z # Subtest: B10-06:879-884 · una corrección exige motivo
verificar · typecheck · unit · build · audit	Pruebas unitarias (domain, api)	2026-09-22T21:53:43.7087860Z ok 35 - B10-06:879-884 · una corrección exige motivo
verificar · typecheck · unit · build · audit	Pruebas unitarias (domain, api)	2026-09-22T21:53:43.7088246Z   ---
verificar · typecheck · unit · build · audit	Pruebas unitarias (domain, api)	2026-09-22T21:53:43.7088479Z   duration_ms: 0.904754
verificar · typecheck · unit · build · audit	Pruebas unitarias (domain, api)	2026-09-22T21:53:43.7088760Z   type: 'test'
verificar · typecheck · unit · build · audit	Pruebas unitarias (domain, api)	2026-09-22T21:53:43.7088994Z   ...
verificar · typecheck · unit · build · audit	Pruebas unitarias (domain, api)	2026-09-22T21:53:43.7089876Z # Subtest: DL-077 · el occurrenceId vuelve a la misma ocurrencia, y dos ocurrencias distintas no comparten identificador
verificar · typecheck · unit · build · audit	Pruebas unitarias (domain, api)	2026-09-22T21:53:43.7091417Z ok 36 - DL-077 · el occurrenceId vuelve a la misma ocurrencia, y dos ocurrencias distintas no comparten identificador
verificar · typecheck · unit · build · audit	Pruebas unitarias (domain, api)	2026-09-22T21:53:43.7092045Z   ---
verificar · typecheck · unit · build · audit	Pruebas unitarias (domain, api)	2026-09-22T21:53:43.7092286Z   duration_ms: 0.710231
verificar · typecheck · unit · build · audit	Pruebas unitarias (domain, api)	2026-09-22T21:53:43.7092561Z   type: 'test'
verificar · typecheck · unit · build · audit	Pruebas unitarias (domain, api)	2026-09-22T21:53:43.7092792Z   ...
verificar · typecheck · unit · build · audit	Pruebas unitarias (domain, api)	2026-09-22T21:53:43.7093727Z # Subtest: DL-077 · un identificador que el servidor no pudo emitir no decodifica: ni ajeno, ni alterado, ni en forma no canónica
verificar · typecheck · unit · build · audit	Pruebas unitarias (domain, api)	2026-09-22T21:53:43.7095114Z ok 37 - DL-077 · un identificador que el servidor no pudo emitir no decodifica: ni ajeno, ni alterado, ni en forma no canónica
verificar · typecheck · unit · build · audit	Pruebas unitarias (domain, api)	2026-09-22T21:53:43.7095782Z   ---
verificar · typecheck · unit · build · audit	Pruebas unitarias (domain, api)	2026-09-22T21:53:43.7096264Z   duration_ms: 0.346653
verificar · typecheck · unit · build · audit	Pruebas unitarias (domain, api)	2026-09-22T21:53:43.7096539Z   type: 'test'
verificar · typecheck · unit · build · audit	Pruebas unitarias (domain, api)	2026-09-22T21:53:43.7096774Z   ...
verificar · typecheck · unit · build · audit	Pruebas unitarias (domain, api)	2026-09-22T21:53:43.7097701Z # Subtest: H-09-TRN-01 · la ocurrencia no tiene un estado «no realizada»: sin borrador es NOT_STARTED
verificar · typecheck · unit · build · audit	Pruebas unitarias (domain, api)	2026-09-22T21:53:43.7098754Z ok 38 - H-09-TRN-01 · la ocurrencia no tiene un estado «no realizada»: sin borrador es NOT_STARTED
verificar · typecheck · unit · build · audit	Pruebas unitarias (domain, api)	2026-09-22T21:53:43.7099269Z   ---
verificar · typecheck · unit · build · audit	Pruebas unitarias (domain, api)	2026-09-22T21:53:43.7099502Z   duration_ms: 0.158979
verificar · typecheck · unit · build · audit	Pruebas unitarias (domain, api)	2026-09-22T21:53:43.7099767Z   type: 'test'
verificar · typecheck · unit · build · audit	Pruebas unitarias (domain, api)	2026-09-22T21:53:43.7099991Z   ...
verificar · typecheck · unit · build · audit	Pruebas unitarias (domain, api)	2026-09-22T21:53:43.7100846Z # Subtest: TEST-PRJ-009 · ningún schema de entrenamiento tiene puntaje, cumplimiento, volumen, marcas ni mapa muscular
verificar · typecheck · unit · build · audit	Pruebas unitarias (domain, api)	2026-09-22T21:53:43.7102092Z ok 39 - TEST-PRJ-009 · ningún schema de entrenamiento tiene puntaje, cumplimiento, volumen, marcas ni mapa muscular
verificar · typecheck · unit · build · audit	Pruebas unitarias (domain, api)	2026-09-22T21:53:43.7102727Z   ---
verificar · typecheck · unit · build · audit	Pruebas unitarias (domain, api)	2026-09-22T21:53:43.7102972Z   duration_ms: 80.266742
verificar · typecheck · unit · build · audit	Pruebas unitarias (domain, api)	2026-09-22T21:53:43.7103279Z   type: 'test'
verificar · typecheck · unit · build · audit	Pruebas unitarias (domain, api)	2026-09-22T21:53:43.7103515Z   ...
verificar · typecheck · unit · build · audit	Pruebas unitarias (domain, api)	2026-09-22T21:53:43.7104508Z # Subtest: TEST-PRJ-009 · el control detecta un campo prohibido, y la excepción de PERCENT_RM no abre la puerta a otro «percent»
verificar · typecheck · unit · build · audit	Pruebas unitarias (domain, api)	2026-09-22T21:53:43.7105895Z ok 40 - TEST-PRJ-009 · el control detecta un campo prohibido, y la excepción de PERCENT_RM no abre la puerta a otro «percent»
verificar · typecheck · unit · build · audit	Pruebas unitarias (domain, api)	2026-09-22T21:53:43.7106588Z   ---
verificar · typecheck · unit · build · audit	Pruebas unitarias (domain, api)	2026-09-22T21:53:43.7106828Z   duration_ms: 0.508016
verificar · typecheck · unit · build · audit	Pruebas unitarias (domain, api)	2026-09-22T21:53:43.7107101Z   type: 'test'
verificar · typecheck · unit · build · audit	Pruebas unitarias (domain, api)	2026-09-22T21:53:43.7107337Z   ...
verificar · typecheck · unit · build · audit	Pruebas unitarias (domain, api)	2026-09-22T21:53:43.7108528Z # Subtest: TEST-PRJ-009 · el OpenAPI de entrenamiento tampoco expone nada de eso, y tiene las 26 operaciones
verificar · typecheck · unit · build · audit	Pruebas unitarias (domain, api)	2026-09-22T21:53:43.7109682Z ok 41 - TEST-PRJ-009 · el OpenAPI de entrenamiento tampoco expone nada de eso, y tiene las 26 operaciones
verificar · typecheck · unit · build · audit	Pruebas unitarias (domain, api)	2026-09-22T21:53:43.7110253Z   ---
verificar · typecheck · unit · build · audit	Pruebas unitarias (domain, api)	2026-09-22T21:53:43.7110493Z   duration_ms: 84.160361
verificar · typecheck · unit · build · audit	Pruebas unitarias (domain, api)	2026-09-22T21:53:43.7110769Z   type: 'test'
verificar · typecheck · unit · build · audit	Pruebas unitarias (domain, api)	2026-09-22T21:53:43.7111001Z   ...
verificar · typecheck · unit · build · audit	Pruebas unitarias (domain, api)	2026-09-22T21:53:43.7111915Z # Subtest: §4.1 · la asimetría del contrato: dos colecciones de ejecución, una sola de plan, y ninguna de borradores de plan
verificar · typecheck · unit · build · audit	Pruebas unitarias (domain, api)	2026-09-22T21:53:43.7113245Z ok 42 - §4.1 · la asimetría del contrato: dos colecciones de ejecución, una sola de plan, y ninguna de borradores de plan
verificar · typecheck · unit · build · audit	Pruebas unitarias (domain, api)	2026-09-22T21:53:43.7113869Z   ---
verificar · typecheck · unit · build · audit	Pruebas unitarias (domain, api)	2026-09-22T21:53:43.7114125Z   duration_ms: 52.569369
verificar · typecheck · unit · build · audit	Pruebas unitarias (domain, api)	2026-09-22T21:53:43.7114384Z   type: 'test'
verificar · typecheck · unit · build · audit	Pruebas unitarias (domain, api)	2026-09-22T21:53:43.7114605Z   ...
verificar · typecheck · unit · build · audit	Pruebas unitarias (domain, api)	2026-09-22T21:53:43.7115557Z # Subtest: TEST-TRN-004 · sin registro nunca se muestra «No realizada»: hoy es «No iniciada», un día pasado es «Sin registro»
verificar · typecheck · unit · build · audit	Pruebas unitarias (domain, api)	2026-09-22T21:53:43.7116874Z ok 43 - TEST-TRN-004 · sin registro nunca se muestra «No realizada»: hoy es «No iniciada», un día pasado es «Sin registro»
verificar · typecheck · unit · build · audit	Pruebas unitarias (domain, api)	2026-09-22T21:53:43.7117789Z   ---
verificar · typecheck · unit · build · audit	Pruebas unitarias (domain, api)	2026-09-22T21:53:43.7118034Z   duration_ms: 0.956651
verificar · typecheck · unit · build · audit	Pruebas unitarias (domain, api)	2026-09-22T21:53:43.7118307Z   type: 'test'
verificar · typecheck · unit · build · audit	Pruebas unitarias (domain, api)	2026-09-22T21:53:43.7118533Z   ...
verificar · typecheck · unit · build · audit	Pruebas unitarias (domain, api)	2026-09-22T21:53:43.7119188Z # Subtest: REG-06-131 · «No realizada» aparece solo cuando el asesorado lo registró así
verificar · typecheck · unit · build · audit	Pruebas unitarias (domain, api)	2026-09-22T21:53:43.7120101Z ok 44 - REG-06-131 · «No realizada» aparece solo cuando el asesorado lo registró así
verificar · typecheck · unit · build · audit	Pruebas unitarias (domain, api)	2026-09-22T21:53:43.7120601Z   ---
verificar · typecheck · unit · build · audit	Pruebas unitarias (domain, api)	2026-09-22T21:53:43.7120827Z   duration_ms: 0.225019
verificar · typecheck · unit · build · audit	Pruebas unitarias (domain, api)	2026-09-22T21:53:43.7121097Z   type: 'test'
verificar · typecheck · unit · build · audit	Pruebas unitarias (domain, api)	2026-09-22T21:53:43.7121332Z   ...
verificar · typecheck · unit · build · audit	Pruebas unitarias (domain, api)	2026-09-22T21:53:43.7122150Z # Subtest: B10-10:134 · el copy de entrenamiento no tiene puntajes ni juicios; «% RM» sí, cualquier otro «%» no
verificar · typecheck · unit · build · audit	Pruebas unitarias (domain, api)	2026-09-22T21:53:43.7123599Z ok 45 - B10-10:134 · el copy de entrenamiento no tiene puntajes ni juicios; «% RM» sí, cualquier otro «%» no
verificar · typecheck · unit · build · audit	Pruebas unitarias (domain, api)	2026-09-22T21:53:43.7124202Z   ---
verificar · typecheck · unit · build · audit	Pruebas unitarias (domain, api)	2026-09-22T21:53:43.7124457Z   duration_ms: 0.661967
verificar · typecheck · unit · build · audit	Pruebas unitarias (domain, api)	2026-09-22T21:53:43.7124743Z   type: 'test'
verificar · typecheck · unit · build · audit	Pruebas unitarias (domain, api)	2026-09-22T21:53:43.7124967Z   ...
verificar · typecheck · unit · build · audit	Pruebas unitarias (domain, api)	2026-09-22T21:53:43.7125587Z # Subtest: copy · la cantidad de series concuerda en número: «1 serie», «3 series»
verificar · typecheck · unit · build · audit	Pruebas unitarias (domain, api)	2026-09-22T21:53:43.7126454Z ok 46 - copy · la cantidad de series concuerda en número: «1 serie», «3 series»
verificar · typecheck · unit · build · audit	Pruebas unitarias (domain, api)	2026-09-22T21:53:43.7126925Z   ---
verificar · typecheck · unit · build · audit	Pruebas unitarias (domain, api)	2026-09-22T21:53:43.7127175Z   duration_ms: 0.16612
verificar · typecheck · unit · build · audit	Pruebas unitarias (domain, api)	2026-09-22T21:53:43.7127601Z   type: 'test'
verificar · typecheck · unit · build · audit	Pruebas unitarias (domain, api)	2026-09-22T21:53:43.7128054Z   ...
verificar · typecheck · unit · build · audit	Pruebas unitarias (domain, api)	2026-09-22T21:53:43.7128802Z # Subtest: 06:5253 · lo que rige de una ejecución es la corrección vigente, o el original si no hay
verificar · typecheck · unit · build · audit	Pruebas unitarias (domain, api)	2026-09-22T21:53:43.7129791Z ok 47 - 06:5253 · lo que rige de una ejecución es la corrección vigente, o el original si no hay
verificar · typecheck · unit · build · audit	Pruebas unitarias (domain, api)	2026-09-22T21:53:43.7130339Z   ---
verificar · typecheck · unit · build · audit	Pruebas unitarias (domain, api)	2026-09-22T21:53:43.7130599Z   duration_ms: 0.229396
verificar · typecheck · unit · build · audit	Pruebas unitarias (domain, api)	2026-09-22T21:53:43.7130869Z   type: 'test'
verificar · typecheck · unit · build · audit	Pruebas unitarias (domain, api)	2026-09-22T21:53:43.7131104Z   ...
verificar · typecheck · unit · build · audit	Pruebas unitarias (domain, api)	2026-09-22T21:53:43.7464858Z # Subtest: REG-06-210 · la Solicitud nace PENDIENTE y solo puede pasar a RESPONDIDA; no hay un tercer estado
verificar · typecheck · unit · build · audit	Pruebas unitarias (domain, api)	2026-09-22T21:53:43.7489537Z ok 48 - REG-06-210 · la Solicitud nace PENDIENTE y solo puede pasar a RESPONDIDA; no hay un tercer estado
verificar · typecheck · unit · build · audit	Pruebas unitarias (domain, api)	2026-09-22T21:53:43.7508443Z   ---
verificar · typecheck · unit · build · audit	Pruebas unitarias (domain, api)	2026-09-22T21:53:43.7509088Z   duration_ms: 1.010653
verificar · typecheck · unit · build · audit	Pruebas unitarias (domain, api)	2026-09-22T21:53:43.7509528Z   type: 'test'
verificar · typecheck · unit · build · audit	Pruebas unitarias (domain, api)	2026-09-22T21:53:43.7509941Z   ...
verificar · typecheck · unit · build · audit	Pruebas unitarias (domain, api)	2026-09-22T21:53:43.7510950Z # Subtest: 09:1508 · el token del contrato es el del 09 en inglés; el del dominio, la palabra del 06
verificar · typecheck · unit · build · audit	Pruebas unitarias (domain, api)	2026-09-22T21:53:43.7512121Z ok 49 - 09:1508 · el token del contrato es el del 09 en inglés; el del dominio, la palabra del 06
verificar · typecheck · unit · build · audit	Pruebas unitarias (domain, api)	2026-09-22T21:53:43.7512754Z   ---
verificar · typecheck · unit · build · audit	Pruebas unitarias (domain, api)	2026-09-22T21:53:43.7513127Z   duration_ms: 0.37803
verificar · typecheck · unit · build · audit	Pruebas unitarias (domain, api)	2026-09-22T21:53:43.7513506Z   type: 'test'
verificar · typecheck · unit · build · audit	Pruebas unitarias (domain, api)	2026-09-22T21:53:43.7513885Z   ...
verificar · typecheck · unit · build · audit	Pruebas unitarias (domain, api)	2026-09-22T21:53:43.7514887Z # Subtest: 09:1610-1618 · respondable es una proyección, no un tercer estado: la mitad estructural es PENDIENTE únicamente
verificar · typecheck · unit · build · audit	Pruebas unitarias (domain, api)	2026-09-22T21:53:43.7516217Z ok 50 - 09:1610-1618 · respondable es una proyección, no un tercer estado: la mitad estructural es PENDIENTE únicamente
verificar · typecheck · unit · build · audit	Pruebas unitarias (domain, api)	2026-09-22T21:53:43.7517008Z   ---
verificar · typecheck · unit · build · audit	Pruebas unitarias (domain, api)	2026-09-22T21:53:43.7517507Z   duration_ms: 0.109966
verificar · typecheck · unit · build · audit	Pruebas unitarias (domain, api)	2026-09-22T21:53:43.7517887Z   type: 'test'
verificar · typecheck · unit · build · audit	Pruebas unitarias (domain, api)	2026-09-22T21:53:43.7518251Z   ...
verificar · typecheck · unit · build · audit	Pruebas unitarias (domain, api)	2026-09-22T21:53:43.7519111Z # Subtest: DL-095 · P0 es maximally permissive: las cuatro categorías son pertinentes en los tres Alcances
verificar · typecheck · unit · build · audit	Pruebas unitarias (domain, api)	2026-09-22T21:53:43.7520259Z ok 51 - DL-095 · P0 es maximally permissive: las cuatro categorías son pertinentes en los tres Alcances
verificar · typecheck · unit · build · audit	Pruebas unitarias (domain, api)	2026-09-22T21:53:43.7520951Z   ---
verificar · typecheck · unit · build · audit	Pruebas unitarias (domain, api)	2026-09-22T21:53:43.7521418Z   duration_ms: 0.173822
verificar · typecheck · unit · build · audit	Pruebas unitarias (domain, api)	2026-09-22T21:53:43.7521794Z   type: 'test'
verificar · typecheck · unit · build · audit	Pruebas unitarias (domain, api)	2026-09-22T21:53:43.7522155Z   ...
verificar · typecheck · unit · build · audit	Pruebas unitarias (domain, api)	2026-09-22T21:53:43.7522838Z # Subtest: REG-06-212 · lo requerido tiene que estar entre lo solicitado
verificar · typecheck · unit · build · audit	Pruebas unitarias (domain, api)	2026-09-22T21:53:43.7523656Z ok 52 - REG-06-212 · lo requerido tiene que estar entre lo solicitado
verificar · typecheck · unit · build · audit	Pruebas unitarias (domain, api)	2026-09-22T21:53:43.7524155Z   ---
verificar · typecheck · unit · build · audit	Pruebas unitarias (domain, api)	2026-09-22T21:53:43.7524490Z   duration_ms: 0.15961
verificar · typecheck · unit · build · audit	Pruebas unitarias (domain, api)	2026-09-22T21:53:43.7524869Z   type: 'test'
verificar · typecheck · unit · build · audit	Pruebas unitarias (domain, api)	2026-09-22T21:53:43.7525225Z   ...
verificar · typecheck · unit · build · audit	Pruebas unitarias (domain, api)	2026-09-22T21:53:43.7525973Z # Subtest: REG-06-13 · lo solicitado tiene que existir en la versión de plantilla citada
verificar · typecheck · unit · build · audit	Pruebas unitarias (domain, api)	2026-09-22T21:53:43.7526978Z ok 53 - REG-06-13 · lo solicitado tiene que existir en la versión de plantilla citada
verificar · typecheck · unit · build · audit	Pruebas unitarias (domain, api)	2026-09-22T21:53:43.7527798Z   ---
verificar · typecheck · unit · build · audit	Pruebas unitarias (domain, api)	2026-09-22T21:53:43.7528190Z   duration_ms: 0.116095
verificar · typecheck · unit · build · audit	Pruebas unitarias (domain, api)	2026-09-22T21:53:43.7528582Z   type: 'test'
verificar · typecheck · unit · build · audit	Pruebas unitarias (domain, api)	2026-09-22T21:53:43.7528917Z   ...
verificar · typecheck · unit · build · audit	Pruebas unitarias (domain, api)	2026-09-22T21:53:43.7529797Z # Subtest: 09:1500 · crear una Solicitud exige plantilla, propósito, alcance y al menos un campo solicitado
verificar · typecheck · unit · build · audit	Pruebas unitarias (domain, api)	2026-09-22T21:53:43.7531015Z ok 54 - 09:1500 · crear una Solicitud exige plantilla, propósito, alcance y al menos un campo solicitado
verificar · typecheck · unit · build · audit	Pruebas unitarias (domain, api)	2026-09-22T21:53:43.7531715Z   ---
verificar · typecheck · unit · build · audit	Pruebas unitarias (domain, api)	2026-09-22T21:53:43.7532072Z   duration_ms: 2.401489
verificar · typecheck · unit · build · audit	Pruebas unitarias (domain, api)	2026-09-22T21:53:43.7532950Z   type: 'test'
verificar · typecheck · unit · build · audit	Pruebas unitarias (domain, api)	2026-09-22T21:53:43.7533354Z   ...
verificar · typecheck · unit · build · audit	Pruebas unitarias (domain, api)	2026-09-22T21:53:43.7534402Z # Subtest: 09:1586-1587 · un campo opcional que no se responde se omite del arreglo: el contrato no admite un value nulo como respuesta
verificar · typecheck · unit · build · audit	Pruebas unitarias (domain, api)	2026-09-22T21:53:43.7535886Z ok 55 - 09:1586-1587 · un campo opcional que no se responde se omite del arreglo: el contrato no admite un value nulo como respuesta
verificar · typecheck · unit · build · audit	Pruebas unitarias (domain, api)	2026-09-22T21:53:43.7536695Z   ---
verificar · typecheck · unit · build · audit	Pruebas unitarias (domain, api)	2026-09-22T21:53:43.7537082Z   duration_ms: 1.387581
verificar · typecheck · unit · build · audit	Pruebas unitarias (domain, api)	2026-09-22T21:53:43.7537758Z   type: 'test'
verificar · typecheck · unit · build · audit	Pruebas unitarias (domain, api)	2026-09-22T21:53:43.7538130Z   ...
verificar · typecheck · unit · build · audit	Pruebas unitarias (domain, api)	2026-09-22T21:53:43.7539122Z # Subtest: TEST-FRM-003 · cada respuesta persistida es SELF_REPORTED por invariante del schema, nunca otro valor
verificar · typecheck · unit · build · audit	Pruebas unitarias (domain, api)	2026-09-22T21:53:43.7540496Z ok 56 - TEST-FRM-003 · cada respuesta persistida es SELF_REPORTED por invariante del schema, nunca otro valor
verificar · typecheck · unit · build · audit	Pruebas unitarias (domain, api)	2026-09-22T21:53:43.7541505Z   ---
verificar · typecheck · unit · build · audit	Pruebas unitarias (domain, api)	2026-09-22T21:53:43.7541883Z   duration_ms: 0.830932
verificar · typecheck · unit · build · audit	Pruebas unitarias (domain, api)	2026-09-22T21:53:43.7542302Z   type: 'test'
verificar · typecheck · unit · build · audit	Pruebas unitarias (domain, api)	2026-09-22T21:53:43.7542706Z   ...
verificar · typecheck · unit · build · audit	Pruebas unitarias (domain, api)	2026-09-22T21:53:43.7543724Z # Subtest: 09 §22.8 · rectificar exige la versión esperada, motivo y al menos una respuesta — no es un PATCH parcial
verificar · typecheck · unit · build · audit	Pruebas unitarias (domain, api)	2026-09-22T21:53:43.7545109Z ok 57 - 09 §22.8 · rectificar exige la versión esperada, motivo y al menos una respuesta — no es un PATCH parcial
verificar · typecheck · unit · build · audit	Pruebas unitarias (domain, api)	2026-09-22T21:53:43.7545854Z   ---
verificar · typecheck · unit · build · audit	Pruebas unitarias (domain, api)	2026-09-22T21:53:43.7546227Z   duration_ms: 0.775178
verificar · typecheck · unit · build · audit	Pruebas unitarias (domain, api)	2026-09-22T21:53:43.7546590Z   type: 'test'
verificar · typecheck · unit · build · audit	Pruebas unitarias (domain, api)	2026-09-22T21:53:43.7546924Z   ...
verificar · typecheck · unit · build · audit	Pruebas unitarias (domain, api)	2026-09-22T21:53:43.7548362Z # Subtest: 09:1618 · rectificar no sobrescribe: crea una sucesora, y la original sigue siendo la vista ORIGINAL hasta que exista una
verificar · typecheck · unit · build · audit	Pruebas unitarias (domain, api)	2026-09-22T21:53:43.7549931Z ok 58 - 09:1618 · rectificar no sobrescribe: crea una sucesora, y la original sigue siendo la vista ORIGINAL hasta que exista una
verificar · typecheck · unit · build · audit	Pruebas unitarias (domain, api)	2026-09-22T21:53:43.7550769Z   ---
verificar · typecheck · unit · build · audit	Pruebas unitarias (domain, api)	2026-09-22T21:53:43.7551137Z   duration_ms: 0.375025
verificar · typecheck · unit · build · audit	Pruebas unitarias (domain, api)	2026-09-22T21:53:43.7551534Z   type: 'test'
verificar · typecheck · unit · build · audit	Pruebas unitarias (domain, api)	2026-09-22T21:53:43.7551890Z   ...
verificar · typecheck · unit · build · audit	Pruebas unitarias (domain, api)	2026-09-22T21:53:43.7552801Z # Subtest: WP-07 §5 · el copy no presenta la falta de respuesta como incumplimiento ni lo declarado como medición
verificar · typecheck · unit · build · audit	Pruebas unitarias (domain, api)	2026-09-22T21:53:43.7554124Z ok 59 - WP-07 §5 · el copy no presenta la falta de respuesta como incumplimiento ni lo declarado como medición
verificar · typecheck · unit · build · audit	Pruebas unitarias (domain, api)	2026-09-22T21:53:43.7554828Z   ---
verificar · typecheck · unit · build · audit	Pruebas unitarias (domain, api)	2026-09-22T21:53:43.7555193Z   duration_ms: 0.801788
verificar · typecheck · unit · build · audit	Pruebas unitarias (domain, api)	2026-09-22T21:53:43.7555602Z   type: 'test'
verificar · typecheck · unit · build · audit	Pruebas unitarias (domain, api)	2026-09-22T21:53:43.7555971Z   ...
verificar · typecheck · unit · build · audit	Pruebas unitarias (domain, api)	2026-09-22T21:53:43.7557019Z # Subtest: 09 §22 · las 8 operaciones FRM están en el documento, sin cancelar/rechazar/caducar ni crear plantilla
verificar · typecheck · unit · build · audit	Pruebas unitarias (domain, api)	2026-09-22T21:53:43.7558535Z ok 60 - 09 §22 · las 8 operaciones FRM están en el documento, sin cancelar/rechazar/caducar ni crear plantilla
verificar · typecheck · unit · build · audit	Pruebas unitarias (domain, api)	2026-09-22T21:53:43.7559263Z   ---
verificar · typecheck · unit · build · audit	Pruebas unitarias (domain, api)	2026-09-22T21:53:43.7559625Z   duration_ms: 102.370411
verificar · typecheck · unit · build · audit	Pruebas unitarias (domain, api)	2026-09-22T21:53:43.7560071Z   type: 'test'
verificar · typecheck · unit · build · audit	Pruebas unitarias (domain, api)	2026-09-22T21:53:43.7560439Z   ...
verificar · typecheck · unit · build · audit	Pruebas unitarias (domain, api)	2026-09-22T21:53:43.7561393Z # Subtest: TEST-CAL-001 · REG-06-203: publicar una versión nueva no vuelve seleccionable ni reescribe a la anterior
verificar · typecheck · unit · build · audit	Pruebas unitarias (domain, api)	2026-09-22T21:53:43.7562723Z ok 61 - TEST-CAL-001 · REG-06-203: publicar una versión nueva no vuelve seleccionable ni reescribe a la anterior
verificar · typecheck · unit · build · audit	Pruebas unitarias (domain, api)	2026-09-22T21:53:43.7563474Z   ---
verificar · typecheck · unit · build · audit	Pruebas unitarias (domain, api)	2026-09-22T21:53:43.7563849Z   duration_ms: 1.271957
verificar · typecheck · unit · build · audit	Pruebas unitarias (domain, api)	2026-09-22T21:53:43.7564249Z   type: 'test'
verificar · typecheck · unit · build · audit	Pruebas unitarias (domain, api)	2026-09-22T21:53:43.7564612Z   ...
verificar · typecheck · unit · build · audit	Pruebas unitarias (domain, api)	2026-09-22T21:53:43.7565513Z # Subtest: TEST-CAL-002 · REG-06-204: un dato existente con procedencia no admisible no produce una ejecución
verificar · typecheck · unit · build · audit	Pruebas unitarias (domain, api)	2026-09-22T21:53:43.7632461Z ok 62 - TEST-CAL-002 · REG-06-204: un dato existente con procedencia no admisible no produce una ejecución
verificar · typecheck · unit · build · audit	Pruebas unitarias (domain, api)	2026-09-22T21:53:43.7649630Z   ---
verificar · typecheck · unit · build · audit	Pruebas unitarias (domain, api)	2026-09-22T21:53:43.7678301Z   duration_ms: 0.960458
verificar · typecheck · unit · build · audit	Pruebas unitarias (domain, api)	2026-09-22T21:53:43.7708123Z   type: 'test'
verificar · typecheck · unit · build · audit	Pruebas unitarias (domain, api)	2026-09-22T21:53:43.7728249Z   ...
verificar · typecheck · unit · build · audit	Pruebas unitarias (domain, api)	2026-09-22T21:53:43.7769029Z # Subtest: REG-06-204 · falta de entrada, unidad ajena, métrica cruzada y entrada anulada tampoco alcanzan
verificar · typecheck · unit · build · audit	Pruebas unitarias (domain, api)	2026-09-22T21:53:43.7770335Z ok 63 - REG-06-204 · falta de entrada, unidad ajena, métrica cruzada y entrada anulada tampoco alcanzan
verificar · typecheck · unit · build · audit	Pruebas unitarias (domain, api)	2026-09-22T21:53:43.7772134Z   ---
verificar · typecheck · unit · build · audit	Pruebas unitarias (domain, api)	2026-09-22T21:53:43.7773207Z   duration_ms: 0.488767
verificar · typecheck · unit · build · audit	Pruebas unitarias (domain, api)	2026-09-22T21:53:43.7773697Z   type: 'test'
verificar · typecheck · unit · build · audit	Pruebas unitarias (domain, api)	2026-09-22T21:53:43.7774084Z   ...
verificar · typecheck · unit · build · audit	Pruebas unitarias (domain, api)	2026-09-22T21:53:43.7775032Z # Subtest: REG-06-16 · sin valor vigente resoluble no se calcula, y no se cae en el original
verificar · typecheck · unit · build · audit	Pruebas unitarias (domain, api)	2026-09-22T21:53:43.7776252Z ok 64 - REG-06-16 · sin valor vigente resoluble no se calcula, y no se cae en el original
verificar · typecheck · unit · build · audit	Pruebas unitarias (domain, api)	2026-09-22T21:53:43.7776975Z   ---
verificar · typecheck · unit · build · audit	Pruebas unitarias (domain, api)	2026-09-22T21:53:43.7777540Z   duration_ms: 0.230888
verificar · typecheck · unit · build · audit	Pruebas unitarias (domain, api)	2026-09-22T21:53:43.7778120Z   type: 'test'
verificar · typecheck · unit · build · audit	Pruebas unitarias (domain, api)	2026-09-22T21:53:43.7778516Z   ...
verificar · typecheck · unit · build · audit	Pruebas unitarias (domain, api)	2026-09-22T21:53:43.7779345Z # Subtest: REG-06-203 · una versión no se usa para una finalidad que no declara
verificar · typecheck · unit · build · audit	Pruebas unitarias (domain, api)	2026-09-22T21:53:43.7780407Z ok 65 - REG-06-203 · una versión no se usa para una finalidad que no declara
verificar · typecheck · unit · build · audit	Pruebas unitarias (domain, api)	2026-09-22T21:53:43.7781043Z   ---
verificar · typecheck · unit · build · audit	Pruebas unitarias (domain, api)	2026-09-22T21:53:43.7781829Z   duration_ms: 0.148745
verificar · typecheck · unit · build · audit	Pruebas unitarias (domain, api)	2026-09-22T21:53:43.7782279Z   type: 'test'
verificar · typecheck · unit · build · audit	Pruebas unitarias (domain, api)	2026-09-22T21:53:43.7782674Z   ...
verificar · typecheck · unit · build · audit	Pruebas unitarias (domain, api)	2026-09-22T21:53:43.7783525Z # Subtest: TEST-CAL-004 y TEST-CAL-005 · REG-06-205: las corridas coexisten tal como están
verificar · typecheck · unit · build · audit	Pruebas unitarias (domain, api)	2026-09-22T21:53:43.7784689Z ok 66 - TEST-CAL-004 y TEST-CAL-005 · REG-06-205: las corridas coexisten tal como están
verificar · typecheck · unit · build · audit	Pruebas unitarias (domain, api)	2026-09-22T21:53:43.7785390Z   ---
verificar · typecheck · unit · build · audit	Pruebas unitarias (domain, api)	2026-09-22T21:53:43.7785786Z   duration_ms: 0.183487
verificar · typecheck · unit · build · audit	Pruebas unitarias (domain, api)	2026-09-22T21:53:43.7786213Z   type: 'test'
verificar · typecheck · unit · build · audit	Pruebas unitarias (domain, api)	2026-09-22T21:53:43.7786597Z   ...
verificar · typecheck · unit · build · audit	Pruebas unitarias (domain, api)	2026-09-22T21:53:43.7787609Z # Subtest: TEST-CAL-006 · REG-06-207: adoptar sucede a la referencia anterior y no la borra
verificar · typecheck · unit · build · audit	Pruebas unitarias (domain, api)	2026-09-22T21:53:43.7788863Z ok 67 - TEST-CAL-006 · REG-06-207: adoptar sucede a la referencia anterior y no la borra
verificar · typecheck · unit · build · audit	Pruebas unitarias (domain, api)	2026-09-22T21:53:43.7789392Z   ---
verificar · typecheck · unit · build · audit	Pruebas unitarias (domain, api)	2026-09-22T21:53:43.7789617Z   duration_ms: 0.244138
verificar · typecheck · unit · build · audit	Pruebas unitarias (domain, api)	2026-09-22T21:53:43.7789895Z   type: 'test'
verificar · typecheck · unit · build · audit	Pruebas unitarias (domain, api)	2026-09-22T21:53:43.7790136Z   ...
verificar · typecheck · unit · build · audit	Pruebas unitarias (domain, api)	2026-09-22T21:53:43.7790662Z # Subtest: REG-06-207 · la referencia no cruza personas ni finalidades
verificar · typecheck · unit · build · audit	Pruebas unitarias (domain, api)	2026-09-22T21:53:43.7791333Z ok 68 - REG-06-207 · la referencia no cruza personas ni finalidades
verificar · typecheck · unit · build · audit	Pruebas unitarias (domain, api)	2026-09-22T21:53:43.7791708Z   ---
verificar · typecheck · unit · build · audit	Pruebas unitarias (domain, api)	2026-09-22T21:53:43.7791930Z   duration_ms: 0.104247
verificar · typecheck · unit · build · audit	Pruebas unitarias (domain, api)	2026-09-22T21:53:43.7792190Z   type: 'test'
verificar · typecheck · unit · build · audit	Pruebas unitarias (domain, api)	2026-09-22T21:53:43.7792426Z   ...
verificar · typecheck · unit · build · audit	Pruebas unitarias (domain, api)	2026-09-22T21:53:43.7793189Z # Subtest: TEST-CAL-007 · INV-06-05: el resultado de adoptar es una relación, no un objetivo ni una prescripción
verificar · typecheck · unit · build · audit	Pruebas unitarias (domain, api)	2026-09-22T21:53:43.7794309Z ok 69 - TEST-CAL-007 · INV-06-05: el resultado de adoptar es una relación, no un objetivo ni una prescripción
verificar · typecheck · unit · build · audit	Pruebas unitarias (domain, api)	2026-09-22T21:53:43.7794887Z   ---
verificar · typecheck · unit · build · audit	Pruebas unitarias (domain, api)	2026-09-22T21:53:43.7795129Z   duration_ms: 0.314974
verificar · typecheck · unit · build · audit	Pruebas unitarias (domain, api)	2026-09-22T21:53:43.7795400Z   type: 'test'
verificar · typecheck · unit · build · audit	Pruebas unitarias (domain, api)	2026-09-22T21:53:43.7795633Z   ...
verificar · typecheck · unit · build · audit	Pruebas unitarias (domain, api)	2026-09-22T21:53:43.7796379Z # Subtest: REG-06-156 · una regla que no está en el catálogo no ejecuta nada, y un resultado imposible tampoco
verificar · typecheck · unit · build · audit	Pruebas unitarias (domain, api)	2026-09-22T21:53:43.7797609Z ok 70 - REG-06-156 · una regla que no está en el catálogo no ejecuta nada, y un resultado imposible tampoco
verificar · typecheck · unit · build · audit	Pruebas unitarias (domain, api)	2026-09-22T21:53:43.7798163Z   ---
verificar · typecheck · unit · build · audit	Pruebas unitarias (domain, api)	2026-09-22T21:53:43.7798406Z   duration_ms: 0.380163
verificar · typecheck · unit · build · audit	Pruebas unitarias (domain, api)	2026-09-22T21:53:43.7798665Z   type: 'test'
verificar · typecheck · unit · build · audit	Pruebas unitarias (domain, api)	2026-09-22T21:53:43.7798897Z   ...
verificar · typecheck · unit · build · audit	Pruebas unitarias (domain, api)	2026-09-22T21:53:43.7799570Z # Subtest: REG-06-159 · la entrada se vincula por identificador declarado, nunca por posición
verificar · typecheck · unit · build · audit	Pruebas unitarias (domain, api)	2026-09-22T21:53:43.7800503Z ok 71 - REG-06-159 · la entrada se vincula por identificador declarado, nunca por posición
verificar · typecheck · unit · build · audit	Pruebas unitarias (domain, api)	2026-09-22T21:53:43.7800990Z   ---
verificar · typecheck · unit · build · audit	Pruebas unitarias (domain, api)	2026-09-22T21:53:43.7801201Z   duration_ms: 0.213852
verificar · typecheck · unit · build · audit	Pruebas unitarias (domain, api)	2026-09-22T21:53:43.7801462Z   type: 'test'
verificar · typecheck · unit · build · audit	Pruebas unitarias (domain, api)	2026-09-22T21:53:43.7801693Z   ...
verificar · typecheck · unit · build · audit	Pruebas unitarias (domain, api)	2026-09-22T21:53:43.7802314Z # Subtest: 08 §12.2 — cada versión de texto guarda el SHA-256 real de su contenido
verificar · typecheck · unit · build · audit	Pruebas unitarias (domain, api)	2026-09-22T21:53:43.7803081Z ok 72 - 08 §12.2 — cada versión de texto guarda el SHA-256 real de su contenido
verificar · typecheck · unit · build · audit	Pruebas unitarias (domain, api)	2026-09-22T21:53:43.7803488Z   ---
verificar · typecheck · unit · build · audit	Pruebas unitarias (domain, api)	2026-09-22T21:53:43.7803746Z   duration_ms: 1.547583
verificar · typecheck · unit · build · audit	Pruebas unitarias (domain, api)	2026-09-22T21:53:43.7804043Z   type: 'test'
verificar · typecheck · unit · build · audit	Pruebas unitarias (domain, api)	2026-09-22T21:53:43.7804287Z   ...
verificar · typecheck · unit · build · audit	Pruebas unitarias (domain, api)	2026-09-22T21:53:43.7805097Z # Subtest: Catálogo de textos: ids únicos, una versión vigente por tipo y marcados como demostración (DL-028)
verificar · typecheck · unit · build · audit	Pruebas unitarias (domain, api)	2026-09-22T21:53:43.7806251Z ok 73 - Catálogo de textos: ids únicos, una versión vigente por tipo y marcados como demostración (DL-028)
verificar · typecheck · unit · build · audit	Pruebas unitarias (domain, api)	2026-09-22T21:53:43.7806826Z   ---
verificar · typecheck · unit · build · audit	Pruebas unitarias (domain, api)	2026-09-22T21:53:43.7807331Z   duration_ms: 0.378771
verificar · typecheck · unit · build · audit	Pruebas unitarias (domain, api)	2026-09-22T21:53:43.7807760Z   type: 'test'
verificar · typecheck · unit · build · audit	Pruebas unitarias (domain, api)	2026-09-22T21:53:43.7807991Z   ...
verificar · typecheck · unit · build · audit	Pruebas unitarias (domain, api)	2026-09-22T21:53:43.7808713Z # Subtest: A2 contiene los contenidos mínimos del 08 §12.1 y aclara que no es consentimiento de salud
verificar · typecheck · unit · build · audit	Pruebas unitarias (domain, api)	2026-09-22T21:53:43.7809777Z ok 74 - A2 contiene los contenidos mínimos del 08 §12.1 y aclara que no es consentimiento de salud
verificar · typecheck · unit · build · audit	Pruebas unitarias (domain, api)	2026-09-22T21:53:43.7810341Z   ---
verificar · typecheck · unit · build · audit	Pruebas unitarias (domain, api)	2026-09-22T21:53:43.7810591Z   duration_ms: 0.230377
verificar · typecheck · unit · build · audit	Pruebas unitarias (domain, api)	2026-09-22T21:53:43.7810880Z   type: 'test'
verificar · typecheck · unit · build · audit	Pruebas unitarias (domain, api)	2026-09-22T21:53:43.7811121Z   ...
verificar · typecheck · unit · build · audit	Pruebas unitarias (domain, api)	2026-09-22T21:53:43.7811775Z # Subtest: Consecuencias del cierre: copy de 10-ADD + irreversibilidad (DL-024), sin prometer borrado
verificar · typecheck · unit · build · audit	Pruebas unitarias (domain, api)	2026-09-22T21:53:43.7812742Z ok 75 - Consecuencias del cierre: copy de 10-ADD + irreversibilidad (DL-024), sin prometer borrado
verificar · typecheck · unit · build · audit	Pruebas unitarias (domain, api)	2026-09-22T21:53:43.7813460Z   ---
verificar · typecheck · unit · build · audit	Pruebas unitarias (domain, api)	2026-09-22T21:53:43.7813695Z   duration_ms: 0.33209
verificar · typecheck · unit · build · audit	Pruebas unitarias (domain, api)	2026-09-22T21:53:43.7813981Z   type: 'test'
verificar · typecheck · unit · build · audit	Pruebas unitarias (domain, api)	2026-09-22T21:53:43.7814225Z   ...
verificar · typecheck · unit · build · audit	Pruebas unitarias (domain, api)	2026-09-22T21:53:43.7814947Z # Subtest: 08 §12.4 — el registro crea A1 y A2, nunca A3; solo TERMINOS y DATOS_SALUD_BE son revocables
verificar · typecheck · unit · build · audit	Pruebas unitarias (domain, api)	2026-09-22T21:53:43.7815931Z ok 76 - 08 §12.4 — el registro crea A1 y A2, nunca A3; solo TERMINOS y DATOS_SALUD_BE son revocables
verificar · typecheck · unit · build · audit	Pruebas unitarias (domain, api)	2026-09-22T21:53:43.7816435Z   ---
verificar · typecheck · unit · build · audit	Pruebas unitarias (domain, api)	2026-09-22T21:53:43.7816661Z   duration_ms: 0.847067
verificar · typecheck · unit · build · audit	Pruebas unitarias (domain, api)	2026-09-22T21:53:43.7816945Z   type: 'test'
verificar · typecheck · unit · build · audit	Pruebas unitarias (domain, api)	2026-09-22T21:53:43.7817174Z   ...
verificar · typecheck · unit · build · audit	Pruebas unitarias (domain, api)	2026-09-22T21:53:43.7848438Z # Subtest: Sesión: estados como enum con lista blanca; TTL ≤ 24 h (08 §26.2)
verificar · typecheck · unit · build · audit	Pruebas unitarias (domain, api)	2026-09-22T21:53:43.7849302Z ok 77 - Sesión: estados como enum con lista blanca; TTL ≤ 24 h (08 §26.2)
verificar · typecheck · unit · build · audit	Pruebas unitarias (domain, api)	2026-09-22T21:53:43.7849765Z   ---
verificar · typecheck · unit · build · audit	Pruebas unitarias (domain, api)	2026-09-22T21:53:43.7850025Z   duration_ms: 0.271259
verificar · typecheck · unit · build · audit	Pruebas unitarias (domain, api)	2026-09-22T21:53:43.7850321Z   type: 'test'
verificar · typecheck · unit · build · audit	Pruebas unitarias (domain, api)	2026-09-22T21:53:43.7850570Z   ...
verificar · typecheck · unit · build · audit	Pruebas unitarias (domain, api)	2026-09-22T21:53:43.7851159Z # Subtest: Identificador local: normalización y validación sintáctica
verificar · typecheck · unit · build · audit	Pruebas unitarias (domain, api)	2026-09-22T21:53:43.7851941Z ok 78 - Identificador local: normalización y validación sintáctica
verificar · typecheck · unit · build · audit	Pruebas unitarias (domain, api)	2026-09-22T21:53:43.7852371Z   ---
verificar · typecheck · unit · build · audit	Pruebas unitarias (domain, api)	2026-09-22T21:53:43.7852620Z   duration_ms: 0.335846
verificar · typecheck · unit · build · audit	Pruebas unitarias (domain, api)	2026-09-22T21:53:43.7852936Z   type: 'test'
verificar · typecheck · unit · build · audit	Pruebas unitarias (domain, api)	2026-09-22T21:53:43.7853183Z   ...
verificar · typecheck · unit · build · audit	Pruebas unitarias (domain, api)	2026-09-22T21:53:43.7853748Z # Subtest: Credencial: mínimo 12 caracteres, máximo 72 bytes (DL-013)
verificar · typecheck · unit · build · audit	Pruebas unitarias (domain, api)	2026-09-22T21:53:43.7854489Z ok 79 - Credencial: mínimo 12 caracteres, máximo 72 bytes (DL-013)
verificar · typecheck · unit · build · audit	Pruebas unitarias (domain, api)	2026-09-22T21:53:43.7854908Z   ---
verificar · typecheck · unit · build · audit	Pruebas unitarias (domain, api)	2026-09-22T21:53:43.7855140Z   duration_ms: 3.299213
verificar · typecheck · unit · build · audit	Pruebas unitarias (domain, api)	2026-09-22T21:53:43.7855424Z   type: 'test'
verificar · typecheck · unit · build · audit	Pruebas unitarias (domain, api)	2026-09-22T21:53:43.7855648Z   ...
verificar · typecheck · unit · build · audit	Pruebas unitarias (domain, api)	2026-09-22T21:53:43.7856270Z # Subtest: Superficie: solo WEB o APK; cualquier otro valor queda no declarado (null), nunca inventado
verificar · typecheck · unit · build · audit	Pruebas unitarias (domain, api)	2026-09-22T21:53:43.7857227Z ok 80 - Superficie: solo WEB o APK; cualquier otro valor queda no declarado (null), nunca inventado
verificar · typecheck · unit · build · audit	Pruebas unitarias (domain, api)	2026-09-22T21:53:43.7857999Z   ---
verificar · typecheck · unit · build · audit	Pruebas unitarias (domain, api)	2026-09-22T21:53:43.7858246Z   duration_ms: 0.450679
verificar · typecheck · unit · build · audit	Pruebas unitarias (domain, api)	2026-09-22T21:53:43.7858549Z   type: 'test'
verificar · typecheck · unit · build · audit	Pruebas unitarias (domain, api)	2026-09-22T21:53:43.7858788Z   ...
verificar · typecheck · unit · build · audit	Pruebas unitarias (domain, api)	2026-09-22T21:53:43.7859483Z # Subtest: 09v7 T12 — contratos estrictos: un campo no declarado se rechaza (UNKNOWN_FIELD)
verificar · typecheck · unit · build · audit	Pruebas unitarias (domain, api)	2026-09-22T21:53:43.7860443Z ok 81 - 09v7 T12 — contratos estrictos: un campo no declarado se rechaza (UNKNOWN_FIELD)
verificar · typecheck · unit · build · audit	Pruebas unitarias (domain, api)	2026-09-22T21:53:43.7860939Z   ---
verificar · typecheck · unit · build · audit	Pruebas unitarias (domain, api)	2026-09-22T21:53:43.7861167Z   duration_ms: 7.538242
verificar · typecheck · unit · build · audit	Pruebas unitarias (domain, api)	2026-09-22T21:53:43.7861437Z   type: 'test'
verificar · typecheck · unit · build · audit	Pruebas unitarias (domain, api)	2026-09-22T21:53:43.7861671Z   ...
verificar · typecheck · unit · build · audit	Pruebas unitarias (domain, api)	2026-09-22T21:53:43.7862236Z # Subtest: API-CON-05 — la forma «A3 no otorgado» es currentConsent: null
verificar · typecheck · unit · build · audit	Pruebas unitarias (domain, api)	2026-09-22T21:53:43.7863003Z ok 82 - API-CON-05 — la forma «A3 no otorgado» es currentConsent: null
verificar · typecheck · unit · build · audit	Pruebas unitarias (domain, api)	2026-09-22T21:53:43.7863437Z   ---
verificar · typecheck · unit · build · audit	Pruebas unitarias (domain, api)	2026-09-22T21:53:43.7863674Z   duration_ms: 1.787383
verificar · typecheck · unit · build · audit	Pruebas unitarias (domain, api)	2026-09-22T21:53:43.7863954Z   type: 'test'
verificar · typecheck · unit · build · audit	Pruebas unitarias (domain, api)	2026-09-22T21:53:43.7864255Z   ...
verificar · typecheck · unit · build · audit	Pruebas unitarias (domain, api)	2026-09-22T21:53:43.7951962Z # Subtest: T-06-45 — tres alcances; Especialidad XOR Capacidad (REG-06-32); una finalidad por alcance (DL-039)
verificar · typecheck · unit · build · audit	Pruebas unitarias (domain, api)	2026-09-22T21:53:43.7993506Z ok 83 - T-06-45 — tres alcances; Especialidad XOR Capacidad (REG-06-32); una finalidad por alcance (DL-039)
verificar · typecheck · unit · build · audit	Pruebas unitarias (domain, api)	2026-09-22T21:53:43.8017928Z   ---
verificar · typecheck · unit · build · audit	Pruebas unitarias (domain, api)	2026-09-22T21:53:43.8075417Z   duration_ms: 1.869467
verificar · typecheck · unit · build · audit	Pruebas unitarias (domain, api)	2026-09-22T21:53:43.8101784Z   type: 'test'
verificar · typecheck · unit · build · audit	Pruebas unitarias (domain, api)	2026-09-22T21:53:43.8150361Z   ...
verificar · typecheck · unit · build · audit	Pruebas unitarias (domain, api)	2026-09-22T21:53:43.8178893Z # Subtest: 06 §6.8.2 — la lista blanca de la verificación es la literal del 06
verificar · typecheck · unit · build · audit	Pruebas unitarias (domain, api)	2026-09-22T21:53:43.8183654Z ok 84 - 06 §6.8.2 — la lista blanca de la verificación es la literal del 06
verificar · typecheck · unit · build · audit	Pruebas unitarias (domain, api)	2026-09-22T21:53:43.8200551Z   ---
verificar · typecheck · unit · build · audit	Pruebas unitarias (domain, api)	2026-09-22T21:53:43.8200938Z   duration_ms: 0.214813
verificar · typecheck · unit · build · audit	Pruebas unitarias (domain, api)	2026-09-22T21:53:43.8201402Z   type: 'test'
verificar · typecheck · unit · build · audit	Pruebas unitarias (domain, api)	2026-09-22T21:53:43.8201784Z   ...
verificar · typecheck · unit · build · audit	Pruebas unitarias (domain, api)	2026-09-22T21:53:43.8202769Z # Subtest: 06 §6.8.2 — cada transición declarada procede; toda otra combinación se rechaza (TEST-RNF-DAT-001)
verificar · typecheck · unit · build · audit	Pruebas unitarias (domain, api)	2026-09-22T21:53:43.8204043Z ok 85 - 06 §6.8.2 — cada transición declarada procede; toda otra combinación se rechaza (TEST-RNF-DAT-001)
verificar · typecheck · unit · build · audit	Pruebas unitarias (domain, api)	2026-09-22T21:53:43.8204748Z   ---
verificar · typecheck · unit · build · audit	Pruebas unitarias (domain, api)	2026-09-22T21:53:43.8205069Z   duration_ms: 0.567696
verificar · typecheck · unit · build · audit	Pruebas unitarias (domain, api)	2026-09-22T21:53:43.8205861Z   type: 'test'
verificar · typecheck · unit · build · audit	Pruebas unitarias (domain, api)	2026-09-22T21:53:43.8206175Z   ...
verificar · typecheck · unit · build · audit	Pruebas unitarias (domain, api)	2026-09-22T21:53:43.8206987Z # Subtest: Habilitación mínima (DL-036): concesión explícita, retiro y nueva concesión; nada más
verificar · typecheck · unit · build · audit	Pruebas unitarias (domain, api)	2026-09-22T21:53:43.8208344Z ok 86 - Habilitación mínima (DL-036): concesión explícita, retiro y nueva concesión; nada más
verificar · typecheck · unit · build · audit	Pruebas unitarias (domain, api)	2026-09-22T21:53:43.8208961Z   ---
verificar · typecheck · unit · build · audit	Pruebas unitarias (domain, api)	2026-09-22T21:53:43.8209293Z   duration_ms: 0.195114
verificar · typecheck · unit · build · audit	Pruebas unitarias (domain, api)	2026-09-22T21:53:43.8209660Z   type: 'test'
verificar · typecheck · unit · build · audit	Pruebas unitarias (domain, api)	2026-09-22T21:53:43.8209989Z   ...
verificar · typecheck · unit · build · audit	Pruebas unitarias (domain, api)	2026-09-22T21:53:43.8210644Z # Subtest: 06 §7.3.2 — la lista blanca de la solicitud es la literal del 06
verificar · typecheck · unit · build · audit	Pruebas unitarias (domain, api)	2026-09-22T21:53:43.8211493Z ok 87 - 06 §7.3.2 — la lista blanca de la solicitud es la literal del 06
verificar · typecheck · unit · build · audit	Pruebas unitarias (domain, api)	2026-09-22T21:53:43.8212018Z   ---
verificar · typecheck · unit · build · audit	Pruebas unitarias (domain, api)	2026-09-22T21:53:43.8212345Z   duration_ms: 0.128414
verificar · typecheck · unit · build · audit	Pruebas unitarias (domain, api)	2026-09-22T21:53:43.8212698Z   type: 'test'
verificar · typecheck · unit · build · audit	Pruebas unitarias (domain, api)	2026-09-22T21:53:43.8213026Z   ...
verificar · typecheck · unit · build · audit	Pruebas unitarias (domain, api)	2026-09-22T21:53:43.8229267Z # Subtest: 06 §7.3.2 — cada transición declarada procede; toda otra combinación se rechaza; los terminales no tienen salida
verificar · typecheck · unit · build · audit	Pruebas unitarias (domain, api)	2026-09-22T21:53:43.8230982Z ok 88 - 06 §7.3.2 — cada transición declarada procede; toda otra combinación se rechaza; los terminales no tienen salida
verificar · typecheck · unit · build · audit	Pruebas unitarias (domain, api)	2026-09-22T21:53:43.8231809Z   ---
verificar · typecheck · unit · build · audit	Pruebas unitarias (domain, api)	2026-09-22T21:53:43.8232167Z   duration_ms: 0.360844
verificar · typecheck · unit · build · audit	Pruebas unitarias (domain, api)	2026-09-22T21:53:43.8232583Z   type: 'test'
verificar · typecheck · unit · build · audit	Pruebas unitarias (domain, api)	2026-09-22T21:53:43.8232923Z   ...
verificar · typecheck · unit · build · audit	Pruebas unitarias (domain, api)	2026-09-22T21:53:43.8233859Z # Subtest: 06 §7.3.2 — guardas: actor, confirmación, reevaluación (REG-06-49), vencimiento e incompatibilidad
verificar · typecheck · unit · build · audit	Pruebas unitarias (domain, api)	2026-09-22T21:53:43.8235177Z ok 89 - 06 §7.3.2 — guardas: actor, confirmación, reevaluación (REG-06-49), vencimiento e incompatibilidad
verificar · typecheck · unit · build · audit	Pruebas unitarias (domain, api)	2026-09-22T21:53:43.8235894Z   ---
verificar · typecheck · unit · build · audit	Pruebas unitarias (domain, api)	2026-09-22T21:53:43.8236234Z   duration_ms: 0.210146
verificar · typecheck · unit · build · audit	Pruebas unitarias (domain, api)	2026-09-22T21:53:43.8236628Z   type: 'test'
verificar · typecheck · unit · build · audit	Pruebas unitarias (domain, api)	2026-09-22T21:53:43.8236968Z   ...
verificar · typecheck · unit · build · audit	Pruebas unitarias (domain, api)	2026-09-22T21:53:43.8238243Z # Subtest: 06 §7.5.2 — la lista blanca del vínculo por alcance es la literal del 06 (FinalizarAlcance desde ACEPTADO y PAUSADO)
verificar · typecheck · unit · build · audit	Pruebas unitarias (domain, api)	2026-09-22T21:53:43.8239741Z ok 90 - 06 §7.5.2 — la lista blanca del vínculo por alcance es la literal del 06 (FinalizarAlcance desde ACEPTADO y PAUSADO)
verificar · typecheck · unit · build · audit	Pruebas unitarias (domain, api)	2026-09-22T21:53:43.8240614Z   ---
verificar · typecheck · unit · build · audit	Pruebas unitarias (domain, api)	2026-09-22T21:53:43.8240975Z   duration_ms: 0.11227
verificar · typecheck · unit · build · audit	Pruebas unitarias (domain, api)	2026-09-22T21:53:43.8241367Z   type: 'test'
verificar · typecheck · unit · build · audit	Pruebas unitarias (domain, api)	2026-09-22T21:53:43.8241715Z   ...
verificar · typecheck · unit · build · audit	Pruebas unitarias (domain, api)	2026-09-22T21:53:43.8242700Z # Subtest: 06 §7.5.2 — cada transición declarada procede; toda otra se rechaza; FINALIZADO no tiene salida (INV-06-58)
verificar · typecheck · unit · build · audit	Pruebas unitarias (domain, api)	2026-09-22T21:53:43.8244076Z ok 91 - 06 §7.5.2 — cada transición declarada procede; toda otra se rechaza; FINALIZADO no tiene salida (INV-06-58)
verificar · typecheck · unit · build · audit	Pruebas unitarias (domain, api)	2026-09-22T21:53:43.8244858Z   ---
verificar · typecheck · unit · build · audit	Pruebas unitarias (domain, api)	2026-09-22T21:53:43.8245199Z   duration_ms: 0.496448
verificar · typecheck · unit · build · audit	Pruebas unitarias (domain, api)	2026-09-22T21:53:43.8245579Z   type: 'test'
verificar · typecheck · unit · build · audit	Pruebas unitarias (domain, api)	2026-09-22T21:53:43.8245908Z   ...
verificar · typecheck · unit · build · audit	Pruebas unitarias (domain, api)	2026-09-22T21:53:43.8246928Z # Subtest: DL-033 — motivo obligatorio y de lista cerrada; reanuda quien pausó; el sistema solo finaliza por cierre de cuenta
verificar · typecheck · unit · build · audit	Pruebas unitarias (domain, api)	2026-09-22T21:53:43.8248454Z ok 92 - DL-033 — motivo obligatorio y de lista cerrada; reanuda quien pausó; el sistema solo finaliza por cierre de cuenta
verificar · typecheck · unit · build · audit	Pruebas unitarias (domain, api)	2026-09-22T21:53:43.8249121Z   ---
verificar · typecheck · unit · build · audit	Pruebas unitarias (domain, api)	2026-09-22T21:53:43.8249435Z   duration_ms: 0.431921
verificar · typecheck · unit · build · audit	Pruebas unitarias (domain, api)	2026-09-22T21:53:43.8249762Z   type: 'test'
verificar · typecheck · unit · build · audit	Pruebas unitarias (domain, api)	2026-09-22T21:53:43.8250053Z   ...
verificar · typecheck · unit · build · audit	Pruebas unitarias (domain, api)	2026-09-22T21:53:43.8250767Z # Subtest: 06 §7.7.5 — la lista blanca del consentimiento es la literal del 06
verificar · typecheck · unit · build · audit	Pruebas unitarias (domain, api)	2026-09-22T21:53:43.8251936Z ok 93 - 06 §7.7.5 — la lista blanca del consentimiento es la literal del 06
verificar · typecheck · unit · build · audit	Pruebas unitarias (domain, api)	2026-09-22T21:53:43.8252478Z   ---
verificar · typecheck · unit · build · audit	Pruebas unitarias (domain, api)	2026-09-22T21:53:43.8252798Z   duration_ms: 0.163105
verificar · typecheck · unit · build · audit	Pruebas unitarias (domain, api)	2026-09-22T21:53:43.8253528Z   type: 'test'
verificar · typecheck · unit · build · audit	Pruebas unitarias (domain, api)	2026-09-22T21:53:43.8253868Z   ...
verificar · typecheck · unit · build · audit	Pruebas unitarias (domain, api)	2026-09-22T21:53:43.8254739Z # Subtest: 06 §7.7.5 — cada transición declarada procede; toda otra se rechaza (p. ej. REVOCADO → REVOCADO)
verificar · typecheck · unit · build · audit	Pruebas unitarias (domain, api)	2026-09-22T21:53:43.8255917Z ok 94 - 06 §7.7.5 — cada transición declarada procede; toda otra se rechaza (p. ej. REVOCADO → REVOCADO)
verificar · typecheck · unit · build · audit	Pruebas unitarias (domain, api)	2026-09-22T21:53:43.8256561Z   ---
verificar · typecheck · unit · build · audit	Pruebas unitarias (domain, api)	2026-09-22T21:53:43.8256886Z   duration_ms: 0.31832
verificar · typecheck · unit · build · audit	Pruebas unitarias (domain, api)	2026-09-22T21:53:43.8257241Z   type: 'test'
verificar · typecheck · unit · build · audit	Pruebas unitarias (domain, api)	2026-09-22T21:53:43.8257750Z   ...
verificar · typecheck · unit · build · audit	Pruebas unitarias (domain, api)	2026-09-22T21:53:43.8258641Z # Subtest: INV-06-62, INV-06-60, REG-06-50 — solo el titular; versión aplicable; aceptar una versión no acepta futuras
verificar · typecheck · unit · build · audit	Pruebas unitarias (domain, api)	2026-09-22T21:53:43.8260134Z ok 95 - INV-06-62, INV-06-60, REG-06-50 — solo el titular; versión aplicable; aceptar una versión no acepta futuras
verificar · typecheck · unit · build · audit	Pruebas unitarias (domain, api)	2026-09-22T21:53:43.8260857Z   ---
verificar · typecheck · unit · build · audit	Pruebas unitarias (domain, api)	2026-09-22T21:53:43.8261186Z   duration_ms: 0.171439
verificar · typecheck · unit · build · audit	Pruebas unitarias (domain, api)	2026-09-22T21:53:43.8261568Z   type: 'test'
verificar · typecheck · unit · build · audit	Pruebas unitarias (domain, api)	2026-09-22T21:53:43.8261896Z   ...
verificar · typecheck · unit · build · audit	Pruebas unitarias (domain, api)	2026-09-22T21:53:43.8262547Z # Subtest: DL-038 — CON-02 elige la transición según la situación actual
verificar · typecheck · unit · build · audit	Pruebas unitarias (domain, api)	2026-09-22T21:53:43.8263347Z ok 96 - DL-038 — CON-02 elige la transición según la situación actual
verificar · typecheck · unit · build · audit	Pruebas unitarias (domain, api)	2026-09-22T21:53:43.8263870Z   ---
verificar · typecheck · unit · build · audit	Pruebas unitarias (domain, api)	2026-09-22T21:53:43.8264690Z   duration_ms: 0.131839
verificar · typecheck · unit · build · audit	Pruebas unitarias (domain, api)	2026-09-22T21:53:43.8265087Z   type: 'test'
verificar · typecheck · unit · build · audit	Pruebas unitarias (domain, api)	2026-09-22T21:53:43.8265416Z   ...
verificar · typecheck · unit · build · audit	Pruebas unitarias (domain, api)	2026-09-22T21:53:43.8266403Z # Subtest: PDP — contexto positivo: las siete dimensiones favorables permiten y registran componente y versión (REG-06-50)
verificar · typecheck · unit · build · audit	Pruebas unitarias (domain, api)	2026-09-22T21:53:43.8267995Z ok 97 - PDP — contexto positivo: las siete dimensiones favorables permiten y registran componente y versión (REG-06-50)
verificar · typecheck · unit · build · audit	Pruebas unitarias (domain, api)	2026-09-22T21:53:43.8268826Z   ---
verificar · typecheck · unit · build · audit	Pruebas unitarias (domain, api)	2026-09-22T21:53:43.8269160Z   duration_ms: 0.263447
verificar · typecheck · unit · build · audit	Pruebas unitarias (domain, api)	2026-09-22T21:53:43.8269527Z   type: 'test'
verificar · typecheck · unit · build · audit	Pruebas unitarias (domain, api)	2026-09-22T21:53:43.8269838Z   ...
verificar · typecheck · unit · build · audit	Pruebas unitarias (domain, api)	2026-09-22T21:53:43.8270644Z # Subtest: PDP — V1 rol inadecuado: sin perfil profesional: se deniega y la auditoría atribuye ROL
verificar · typecheck · unit · build · audit	Pruebas unitarias (domain, api)	2026-09-22T21:53:43.8271746Z ok 98 - PDP — V1 rol inadecuado: sin perfil profesional: se deniega y la auditoría atribuye ROL
verificar · typecheck · unit · build · audit	Pruebas unitarias (domain, api)	2026-09-22T21:53:43.8272376Z   ---
verificar · typecheck · unit · build · audit	Pruebas unitarias (domain, api)	2026-09-22T21:53:43.8272695Z   duration_ms: 0.142304
verificar · typecheck · unit · build · audit	Pruebas unitarias (domain, api)	2026-09-22T21:53:43.8273057Z   type: 'test'
verificar · typecheck · unit · build · audit	Pruebas unitarias (domain, api)	2026-09-22T21:53:43.8273375Z   ...
verificar · typecheck · unit · build · audit	Pruebas unitarias (domain, api)	2026-09-22T21:53:43.8274220Z # Subtest: PDP — V1 rol inadecuado: el titular pide su propio dashboard: se deniega y la auditoría atribuye ROL
verificar · typecheck · unit · build · audit	Pruebas unitarias (domain, api)	2026-09-22T21:53:43.8275456Z ok 99 - PDP — V1 rol inadecuado: el titular pide su propio dashboard: se deniega y la auditoría atribuye ROL
verificar · typecheck · unit · build · audit	Pruebas unitarias (domain, api)	2026-09-22T21:53:43.8276119Z   ---
verificar · typecheck · unit · build · audit	Pruebas unitarias (domain, api)	2026-09-22T21:53:43.8276440Z   duration_ms: 0.109084
verificar · typecheck · unit · build · audit	Pruebas unitarias (domain, api)	2026-09-22T21:53:43.8276788Z   type: 'test'
verificar · typecheck · unit · build · audit	Pruebas unitarias (domain, api)	2026-09-22T21:53:43.8277117Z   ...
verificar · typecheck · unit · build · audit	Pruebas unitarias (domain, api)	2026-09-22T21:53:43.8278160Z # Subtest: PDP — V2 alcance no verificado (PENDIENTE): se deniega y la auditoría atribuye ESPECIALIDAD_O_CAPACIDAD
verificar · typecheck · unit · build · audit	Pruebas unitarias (domain, api)	2026-09-22T21:53:43.8279451Z ok 100 - PDP — V2 alcance no verificado (PENDIENTE): se deniega y la auditoría atribuye ESPECIALIDAD_O_CAPACIDAD
verificar · typecheck · unit · build · audit	Pruebas unitarias (domain, api)	2026-09-22T21:53:43.8280188Z   ---
verificar · typecheck · unit · build · audit	Pruebas unitarias (domain, api)	2026-09-22T21:53:43.8280506Z   duration_ms: 0.077277
verificar · typecheck · unit · build · audit	Pruebas unitarias (domain, api)	2026-09-22T21:53:43.8280870Z   type: 'test'
verificar · typecheck · unit · build · audit	Pruebas unitarias (domain, api)	2026-09-22T21:53:43.8281179Z   ...
verificar · typecheck · unit · build · audit	Pruebas unitarias (domain, api)	2026-09-22T21:53:43.8281908Z # Subtest: PDP — V2 alcance rechazado: se deniega y la auditoría atribuye ESPECIALIDAD_O_CAPACIDAD
verificar · typecheck · unit · build · audit	Pruebas unitarias (domain, api)	2026-09-22T21:53:43.8283071Z ok 101 - PDP — V2 alcance rechazado: se deniega y la auditoría atribuye ESPECIALIDAD_O_CAPACIDAD
verificar · typecheck · unit · build · audit	Pruebas unitarias (domain, api)	2026-09-22T21:53:43.8283860Z   ---
verificar · typecheck · unit · build · audit	Pruebas unitarias (domain, api)	2026-09-22T21:53:43.8285236Z   duration_ms: 0.070026
verificar · typecheck · unit · build · audit	Pruebas unitarias (domain, api)	2026-09-22T21:53:43.8285581Z   type: 'test'
verificar · typecheck · unit · build · audit	Pruebas unitarias (domain, api)	2026-09-22T21:53:43.8285881Z   ...
verificar · typecheck · unit · build · audit	Pruebas unitarias (domain, api)	2026-09-22T21:53:43.8286880Z # Subtest: PDP — V2 sin trayectoria de verificación: se deniega y la auditoría atribuye ESPECIALIDAD_O_CAPACIDAD
verificar · typecheck · unit · build · audit	Pruebas unitarias (domain, api)	2026-09-22T21:53:43.8288158Z ok 102 - PDP — V2 sin trayectoria de verificación: se deniega y la auditoría atribuye ESPECIALIDAD_O_CAPACIDAD
verificar · typecheck · unit · build · audit	Pruebas unitarias (domain, api)	2026-09-22T21:53:43.8288783Z   ---
verificar · typecheck · unit · build · audit	Pruebas unitarias (domain, api)	2026-09-22T21:53:43.8289062Z   duration_ms: 0.071848
verificar · typecheck · unit · build · audit	Pruebas unitarias (domain, api)	2026-09-22T21:53:43.8289631Z   type: 'test'
verificar · typecheck · unit · build · audit	Pruebas unitarias (domain, api)	2026-09-22T21:53:43.8289928Z   ...
verificar · typecheck · unit · build · audit	Pruebas unitarias (domain, api)	2026-09-22T21:53:43.8290518Z # Subtest: PDP — V3 alcance suspendido: se deniega y la auditoría atribuye SITUACION
verificar · typecheck · unit · build · audit	Pruebas unitarias (domain, api)	2026-09-22T21:53:43.8291408Z ok 103 - PDP — V3 alcance suspendido: se deniega y la auditoría atribuye SITUACION
verificar · typecheck · unit · build · audit	Pruebas unitarias (domain, api)	2026-09-22T21:53:43.8291914Z   ---
verificar · typecheck · unit · build · audit	Pruebas unitarias (domain, api)	2026-09-22T21:53:43.8292185Z   duration_ms: 0.077707
verificar · typecheck · unit · build · audit	Pruebas unitarias (domain, api)	2026-09-22T21:53:43.8292483Z   type: 'test'
verificar · typecheck · unit · build · audit	Pruebas unitarias (domain, api)	2026-09-22T21:53:43.8292760Z   ...
verificar · typecheck · unit · build · audit	Pruebas unitarias (domain, api)	2026-09-22T21:53:43.8293398Z # Subtest: PDP — V3 habilitación retirada: se deniega y la auditoría atribuye SITUACION
verificar · typecheck · unit · build · audit	Pruebas unitarias (domain, api)	2026-09-22T21:53:43.8294312Z ok 104 - PDP — V3 habilitación retirada: se deniega y la auditoría atribuye SITUACION
verificar · typecheck · unit · build · audit	Pruebas unitarias (domain, api)	2026-09-22T21:53:43.8294849Z   ---
verificar · typecheck · unit · build · audit	Pruebas unitarias (domain, api)	2026-09-22T21:53:43.8295314Z   duration_ms: 0.07992
verificar · typecheck · unit · build · audit	Pruebas unitarias (domain, api)	2026-09-22T21:53:43.8295643Z   type: 'test'
verificar · typecheck · unit · build · audit	Pruebas unitarias (domain, api)	2026-09-22T21:53:43.8295936Z   ...
verificar · typecheck · unit · build · audit	Pruebas unitarias (domain, api)	2026-09-22T21:53:43.8296638Z # Subtest: PDP — V3 sin habilitación (INV-06-87): se deniega y la auditoría atribuye SITUACION
verificar · typecheck · unit · build · audit	Pruebas unitarias (domain, api)	2026-09-22T21:53:43.8297746Z ok 105 - PDP — V3 sin habilitación (INV-06-87): se deniega y la auditoría atribuye SITUACION
verificar · typecheck · unit · build · audit	Pruebas unitarias (domain, api)	2026-09-22T21:53:43.8298310Z   ---
verificar · typecheck · unit · build · audit	Pruebas unitarias (domain, api)	2026-09-22T21:53:43.8298609Z   duration_ms: 0.123636
verificar · typecheck · unit · build · audit	Pruebas unitarias (domain, api)	2026-09-22T21:53:43.8298940Z   type: 'test'
verificar · typecheck · unit · build · audit	Pruebas unitarias (domain, api)	2026-09-22T21:53:43.8299248Z   ...
verificar · typecheck · unit · build · audit	Pruebas unitarias (domain, api)	2026-09-22T21:53:43.8300043Z # Subtest: PDP — V3 A3 del titular no vigente (TEST-AUTH-005): se deniega y la auditoría atribuye SITUACION
verificar · typecheck · unit · build · audit	Pruebas unitarias (domain, api)	2026-09-22T21:53:43.8301136Z ok 106 - PDP — V3 A3 del titular no vigente (TEST-AUTH-005): se deniega y la auditoría atribuye SITUACION
verificar · typecheck · unit · build · audit	Pruebas unitarias (domain, api)	2026-09-22T21:53:43.8301738Z   ---
verificar · typecheck · unit · build · audit	Pruebas unitarias (domain, api)	2026-09-22T21:53:43.8302040Z   duration_ms: 0.08678
verificar · typecheck · unit · build · audit	Pruebas unitarias (domain, api)	2026-09-22T21:53:43.8302371Z   type: 'test'
verificar · typecheck · unit · build · audit	Pruebas unitarias (domain, api)	2026-09-22T21:53:43.8302655Z   ...
verificar · typecheck · unit · build · audit	Pruebas unitarias (domain, api)	2026-09-22T21:53:43.8303372Z # Subtest: PDP — V3 cuenta del titular no operativa: se deniega y la auditoría atribuye SITUACION
verificar · typecheck · unit · build · audit	Pruebas unitarias (domain, api)	2026-09-22T21:53:43.8304447Z ok 107 - PDP — V3 cuenta del titular no operativa: se deniega y la auditoría atribuye SITUACION
verificar · typecheck · unit · build · audit	Pruebas unitarias (domain, api)	2026-09-22T21:53:43.8305053Z   ---
verificar · typecheck · unit · build · audit	Pruebas unitarias (domain, api)	2026-09-22T21:53:43.8305367Z   duration_ms: 0.078858
verificar · typecheck · unit · build · audit	Pruebas unitarias (domain, api)	2026-09-22T21:53:43.8305758Z   type: 'test'
verificar · typecheck · unit · build · audit	Pruebas unitarias (domain, api)	2026-09-22T21:53:43.8306055Z   ...
verificar · typecheck · unit · build · audit	Pruebas unitarias (domain, api)	2026-09-22T21:53:43.8306780Z # Subtest: PDP — V3 cuenta del actor no operativa: se deniega y la auditoría atribuye SITUACION
verificar · typecheck · unit · build · audit	Pruebas unitarias (domain, api)	2026-09-22T21:53:43.8307848Z ok 108 - PDP — V3 cuenta del actor no operativa: se deniega y la auditoría atribuye SITUACION
verificar · typecheck · unit · build · audit	Pruebas unitarias (domain, api)	2026-09-22T21:53:43.8308404Z   ---
verificar · typecheck · unit · build · audit	Pruebas unitarias (domain, api)	2026-09-22T21:53:43.8308691Z   duration_ms: 0.08593
verificar · typecheck · unit · build · audit	Pruebas unitarias (domain, api)	2026-09-22T21:53:43.8309026Z   type: 'test'
verificar · typecheck · unit · build · audit	Pruebas unitarias (domain, api)	2026-09-22T21:53:43.8309310Z   ...
verificar · typecheck · unit · build · audit	Pruebas unitarias (domain, api)	2026-09-22T21:53:43.8309979Z # Subtest: PDP — V4 vínculo PAUSADO (TEST-AUTH-007): se deniega y la auditoría atribuye VINCULO
verificar · typecheck · unit · build · audit	Pruebas unitarias (domain, api)	2026-09-22T21:53:43.8311040Z ok 109 - PDP — V4 vínculo PAUSADO (TEST-AUTH-007): se deniega y la auditoría atribuye VINCULO
verificar · typecheck · unit · build · audit	Pruebas unitarias (domain, api)	2026-09-22T21:53:43.8311640Z   ---
verificar · typecheck · unit · build · audit	Pruebas unitarias (domain, api)	2026-09-22T21:53:43.8311943Z   duration_ms: 0.068573
verificar · typecheck · unit · build · audit	Pruebas unitarias (domain, api)	2026-09-22T21:53:43.8312306Z   type: 'test'
verificar · typecheck · unit · build · audit	Pruebas unitarias (domain, api)	2026-09-22T21:53:43.8312610Z   ...
verificar · typecheck · unit · build · audit	Pruebas unitarias (domain, api)	2026-09-22T21:53:43.8313363Z # Subtest: PDP — V4 vínculo FINALIZADO (TEST-AUTH-008): se deniega y la auditoría atribuye VINCULO
verificar · typecheck · unit · build · audit	Pruebas unitarias (domain, api)	2026-09-22T21:53:43.8314416Z ok 110 - PDP — V4 vínculo FINALIZADO (TEST-AUTH-008): se deniega y la auditoría atribuye VINCULO
verificar · typecheck · unit · build · audit	Pruebas unitarias (domain, api)	2026-09-22T21:53:43.8315060Z   ---
verificar · typecheck · unit · build · audit	Pruebas unitarias (domain, api)	2026-09-22T21:53:43.8315303Z   duration_ms: 0.067611
verificar · typecheck · unit · build · audit	Pruebas unitarias (domain, api)	2026-09-22T21:53:43.8315571Z   type: 'test'
verificar · typecheck · unit · build · audit	Pruebas unitarias (domain, api)	2026-09-22T21:53:43.8315799Z   ...
verificar · typecheck · unit · build · audit	Pruebas unitarias (domain, api)	2026-09-22T21:53:43.8316409Z # Subtest: PDP — V5 B2 REVOCADO (TEST-RF-022): se deniega y la auditoría atribuye CONSENTIMIENTO
verificar · typecheck · unit · build · audit	Pruebas unitarias (domain, api)	2026-09-22T21:53:43.8316991Z ok 111 - PDP — V5 B2 REVOCADO (TEST-RF-022): se deniega y la auditoría atribuye CONSENTIMIENTO
verificar · typecheck · unit · build · audit	Pruebas unitarias (domain, api)	2026-09-22T21:53:43.8317308Z   ---
verificar · typecheck · unit · build · audit	Pruebas unitarias (domain, api)	2026-09-22T21:53:43.8317668Z   duration_ms: 0.062384
verificar · typecheck · unit · build · audit	Pruebas unitarias (domain, api)	2026-09-22T21:53:43.8317936Z   type: 'test'
verificar · typecheck · unit · build · audit	Pruebas unitarias (domain, api)	2026-09-22T21:53:43.8318181Z   ...
verificar · typecheck · unit · build · audit	Pruebas unitarias (domain, api)	2026-09-22T21:53:43.8318856Z # Subtest: PDP — V5 sin B2 (TEST-AUTH-006): se deniega y la auditoría atribuye CONSENTIMIENTO
verificar · typecheck · unit · build · audit	Pruebas unitarias (domain, api)	2026-09-22T21:53:43.8319852Z ok 112 - PDP — V5 sin B2 (TEST-AUTH-006): se deniega y la auditoría atribuye CONSENTIMIENTO
verificar · typecheck · unit · build · audit	Pruebas unitarias (domain, api)	2026-09-22T21:53:43.8320373Z   ---
verificar · typecheck · unit · build · audit	Pruebas unitarias (domain, api)	2026-09-22T21:53:43.8320965Z   duration_ms: 1.816177
verificar · typecheck · unit · build · audit	Pruebas unitarias (domain, api)	2026-09-22T21:53:43.8321287Z   type: 'test'
verificar · typecheck · unit · build · audit	Pruebas unitarias (domain, api)	2026-09-22T21:53:43.8321534Z   ...
verificar · typecheck · unit · build · audit	Pruebas unitarias (domain, api)	2026-09-22T21:53:43.8322360Z # Subtest: PDP — V5 B2 sin versión identificable (INV-06-60): se deniega y la auditoría atribuye CONSENTIMIENTO
verificar · typecheck · unit · build · audit	Pruebas unitarias (domain, api)	2026-09-22T21:53:43.8323469Z ok 113 - PDP — V5 B2 sin versión identificable (INV-06-60): se deniega y la auditoría atribuye CONSENTIMIENTO
verificar · typecheck · unit · build · audit	Pruebas unitarias (domain, api)	2026-09-22T21:53:43.8324075Z   ---
verificar · typecheck · unit · build · audit	Pruebas unitarias (domain, api)	2026-09-22T21:53:43.8324330Z   duration_ms: 0.044277
verificar · typecheck · unit · build · audit	Pruebas unitarias (domain, api)	2026-09-22T21:53:43.8324608Z   type: 'test'
verificar · typecheck · unit · build · audit	Pruebas unitarias (domain, api)	2026-09-22T21:53:43.8324849Z   ...
verificar · typecheck · unit · build · audit	Pruebas unitarias (domain, api)	2026-09-22T21:53:43.8325477Z # Subtest: PDP — V6 finalidad ajena: se deniega y la auditoría atribuye FINALIDAD
verificar · typecheck · unit · build · audit	Pruebas unitarias (domain, api)	2026-09-22T21:53:43.8326341Z ok 114 - PDP — V6 finalidad ajena: se deniega y la auditoría atribuye FINALIDAD
verificar · typecheck · unit · build · audit	Pruebas unitarias (domain, api)	2026-09-22T21:53:43.8327045Z   ---
verificar · typecheck · unit · build · audit	Pruebas unitarias (domain, api)	2026-09-22T21:53:43.8327306Z   duration_ms: 0.035613
verificar · typecheck · unit · build · audit	Pruebas unitarias (domain, api)	2026-09-22T21:53:43.8329906Z   type: 'test'
verificar · typecheck · unit · build · audit	Pruebas unitarias (domain, api)	2026-09-22T21:53:43.8330137Z   ...
verificar · typecheck · unit · build · audit	Pruebas unitarias (domain, api)	2026-09-22T21:53:43.8331062Z # Subtest: PDP — V7 alcance pedido Entrenamiento con vínculo de Nutrición: se deniega y la auditoría atribuye ALCANCE
verificar · typecheck · unit · build · audit	Pruebas unitarias (domain, api)	2026-09-22T21:53:43.8332415Z ok 115 - PDP — V7 alcance pedido Entrenamiento con vínculo de Nutrición: se deniega y la auditoría atribuye ALCANCE
verificar · typecheck · unit · build · audit	Pruebas unitarias (domain, api)	2026-09-22T21:53:43.8333057Z   ---
verificar · typecheck · unit · build · audit	Pruebas unitarias (domain, api)	2026-09-22T21:53:43.8333317Z   duration_ms: 0.030996
verificar · typecheck · unit · build · audit	Pruebas unitarias (domain, api)	2026-09-22T21:53:43.8333596Z   type: 'test'
verificar · typecheck · unit · build · audit	Pruebas unitarias (domain, api)	2026-09-22T21:53:43.8333838Z   ...
verificar · typecheck · unit · build · audit	Pruebas unitarias (domain, api)	2026-09-22T21:53:43.8334666Z # Subtest: PDP — titular inexistente o no revelable: deniega igual (UC-I02 E05), sin distinguirlo en la decisión
verificar · typecheck · unit · build · audit	Pruebas unitarias (domain, api)	2026-09-22T21:53:43.8335848Z ok 116 - PDP — titular inexistente o no revelable: deniega igual (UC-I02 E05), sin distinguirlo en la decisión
verificar · typecheck · unit · build · audit	Pruebas unitarias (domain, api)	2026-09-22T21:53:43.8336472Z   ---
verificar · typecheck · unit · build · audit	Pruebas unitarias (domain, api)	2026-09-22T21:53:43.8336704Z   duration_ms: 0.071147
verificar · typecheck · unit · build · audit	Pruebas unitarias (domain, api)	2026-09-22T21:53:43.8337002Z   type: 'test'
verificar · typecheck · unit · build · audit	Pruebas unitarias (domain, api)	2026-09-22T21:53:43.8337250Z   ...
verificar · typecheck · unit · build · audit	Pruebas unitarias (domain, api)	2026-09-22T21:53:43.8338315Z # Subtest: REG-06-53 — ninguna dimensión aislada autoriza: con todo lo demás ausente, cada hecho favorable solo no alcanza
verificar · typecheck · unit · build · audit	Pruebas unitarias (domain, api)	2026-09-22T21:53:43.8339636Z ok 117 - REG-06-53 — ninguna dimensión aislada autoriza: con todo lo demás ausente, cada hecho favorable solo no alcanza
verificar · typecheck · unit · build · audit	Pruebas unitarias (domain, api)	2026-09-22T21:53:43.8340307Z   ---
verificar · typecheck · unit · build · audit	Pruebas unitarias (domain, api)	2026-09-22T21:53:43.8340552Z   duration_ms: 0.192781
verificar · typecheck · unit · build · audit	Pruebas unitarias (domain, api)	2026-09-22T21:53:43.8340836Z   type: 'test'
verificar · typecheck · unit · build · audit	Pruebas unitarias (domain, api)	2026-09-22T21:53:43.8341082Z   ...
verificar · typecheck · unit · build · audit	Pruebas unitarias (domain, api)	2026-09-22T21:53:43.8342029Z # Subtest: TEST-AUTH-009 — campos autoritativos del cliente se rechazan por schema estricto (409 → 400 UNKNOWN_FIELD en la API)
verificar · typecheck · unit · build · audit	Pruebas unitarias (domain, api)	2026-09-22T21:53:43.8343413Z ok 118 - TEST-AUTH-009 — campos autoritativos del cliente se rechazan por schema estricto (409 → 400 UNKNOWN_FIELD en la API)
verificar · typecheck · unit · build · audit	Pruebas unitarias (domain, api)	2026-09-22T21:53:43.8344122Z   ---
verificar · typecheck · unit · build · audit	Pruebas unitarias (domain, api)	2026-09-22T21:53:43.8344372Z   duration_ms: 4.055332
verificar · typecheck · unit · build · audit	Pruebas unitarias (domain, api)	2026-09-22T21:53:43.8344654Z   type: 'test'
verificar · typecheck · unit · build · audit	Pruebas unitarias (domain, api)	2026-09-22T21:53:43.8344894Z   ...
verificar · typecheck · unit · build · audit	Pruebas unitarias (domain, api)	2026-09-22T21:53:43.8345747Z # Subtest: 08 §12.3 — textos B2 diferenciados por perfil, versionados, con hash real y sin aceptar versiones futuras
verificar · typecheck · unit · build · audit	Pruebas unitarias (domain, api)	2026-09-22T21:53:43.8346920Z ok 119 - 08 §12.3 — textos B2 diferenciados por perfil, versionados, con hash real y sin aceptar versiones futuras
verificar · typecheck · unit · build · audit	Pruebas unitarias (domain, api)	2026-09-22T21:53:43.8347675Z   ---
verificar · typecheck · unit · build · audit	Pruebas unitarias (domain, api)	2026-09-22T21:53:43.8347907Z   duration_ms: 0.568026
verificar · typecheck · unit · build · audit	Pruebas unitarias (domain, api)	2026-09-22T21:53:43.8348151Z   type: 'test'
verificar · typecheck · unit · build · audit	Pruebas unitarias (domain, api)	2026-09-22T21:53:43.8348371Z   ...
verificar · typecheck · unit · build · audit	Pruebas unitarias (domain, api)	2026-09-22T21:53:43.8349015Z # Subtest: 10-B04 §44-§46 — el copy de WP-03 no usa términos prohibidos ni códigos internos
verificar · typecheck · unit · build · audit	Pruebas unitarias (domain, api)	2026-09-22T21:53:43.8349859Z ok 120 - 10-B04 §44-§46 — el copy de WP-03 no usa términos prohibidos ni códigos internos
verificar · typecheck · unit · build · audit	Pruebas unitarias (domain, api)	2026-09-22T21:53:43.8350326Z   ---
verificar · typecheck · unit · build · audit	Pruebas unitarias (domain, api)	2026-09-22T21:53:43.8350561Z   duration_ms: 0.417459
verificar · typecheck · unit · build · audit	Pruebas unitarias (domain, api)	2026-09-22T21:53:43.8350830Z   type: 'test'
verificar · typecheck · unit · build · audit	Pruebas unitarias (domain, api)	2026-09-22T21:53:43.8351047Z   ...
verificar · typecheck · unit · build · audit	Pruebas unitarias (domain, api)	2026-09-22T21:53:43.8351862Z # Subtest: 10-B04:627-638 — cada evento de las tres máquinas tiene etiqueta humana; uno desconocido no se muestra crudo
verificar · typecheck · unit · build · audit	Pruebas unitarias (domain, api)	2026-09-22T21:53:43.8353032Z ok 121 - 10-B04:627-638 — cada evento de las tres máquinas tiene etiqueta humana; uno desconocido no se muestra crudo
verificar · typecheck · unit · build · audit	Pruebas unitarias (domain, api)	2026-09-22T21:53:43.8353624Z   ---
verificar · typecheck · unit · build · audit	Pruebas unitarias (domain, api)	2026-09-22T21:53:43.8353843Z   duration_ms: 0.279672
verificar · typecheck · unit · build · audit	Pruebas unitarias (domain, api)	2026-09-22T21:53:43.8354314Z   type: 'test'
verificar · typecheck · unit · build · audit	Pruebas unitarias (domain, api)	2026-09-22T21:53:43.8354531Z   ...
verificar · typecheck · unit · build · audit	Pruebas unitarias (domain, api)	2026-09-22T21:53:43.8355179Z # Subtest: 10-B04 §28-§29 y H10-04-04 — el profesional ve el estado mínimo, nunca la razón del bloqueo
verificar · typecheck · unit · build · audit	Pruebas unitarias (domain, api)	2026-09-22T21:53:43.8356212Z ok 122 - 10-B04 §28-§29 y H10-04-04 — el profesional ve el estado mínimo, nunca la razón del bloqueo
verificar · typecheck · unit · build · audit	Pruebas unitarias (domain, api)	2026-09-22T21:53:43.8356745Z   ---
verificar · typecheck · unit · build · audit	Pruebas unitarias (domain, api)	2026-09-22T21:53:43.8356988Z   duration_ms: 0.182525
verificar · typecheck · unit · build · audit	Pruebas unitarias (domain, api)	2026-09-22T21:53:43.8357267Z   type: 'test'
verificar · typecheck · unit · build · audit	Pruebas unitarias (domain, api)	2026-09-22T21:53:43.8358413Z   ...
verificar · typecheck · unit · build · audit	Pruebas unitarias (domain, api)	2026-09-22T21:53:43.8359280Z # Subtest: 10-B04:538-553 — el asesorado ve «No efectivo» cuando su consentimiento activo hoy no habilita el acceso
verificar · typecheck · unit · build · audit	Pruebas unitarias (domain, api)	2026-09-22T21:53:43.8360621Z ok 123 - 10-B04:538-553 — el asesorado ve «No efectivo» cuando su consentimiento activo hoy no habilita el acceso
verificar · typecheck · unit · build · audit	Pruebas unitarias (domain, api)	2026-09-22T21:53:43.8361591Z   ---
verificar · typecheck · unit · build · audit	Pruebas unitarias (domain, api)	2026-09-22T21:53:43.8362007Z   duration_ms: 0.338891
verificar · typecheck · unit · build · audit	Pruebas unitarias (domain, api)	2026-09-22T21:53:43.8362522Z   type: 'test'
verificar · typecheck · unit · build · audit	Pruebas unitarias (domain, api)	2026-09-22T21:53:43.8362877Z   ...
verificar · typecheck · unit · build · audit	Pruebas unitarias (domain, api)	2026-09-22T21:53:44.0239793Z # Subtest: 06 §10.7 · CrearBorrador, GuardarBorrador y ActivarVersion están declaradas y con guardas favorables se permiten
verificar · typecheck · unit · build · audit	Pruebas unitarias (domain, api)	2026-09-22T21:53:44.0241612Z ok 124 - 06 §10.7 · CrearBorrador, GuardarBorrador y ActivarVersion están declaradas y con guardas favorables se permiten
verificar · typecheck · unit · build · audit	Pruebas unitarias (domain, api)	2026-09-22T21:53:44.0242658Z   ---
verificar · typecheck · unit · build · audit	Pruebas unitarias (domain, api)	2026-09-22T21:53:44.0243051Z   duration_ms: 1.4061
verificar · typecheck · unit · build · audit	Pruebas unitarias (domain, api)	2026-09-22T21:53:44.0243524Z   type: 'test'
verificar · typecheck · unit · build · audit	Pruebas unitarias (domain, api)	2026-09-22T21:53:44.0243927Z   ...
verificar · typecheck · unit · build · audit	Pruebas unitarias (domain, api)	2026-09-22T21:53:44.0272906Z # Subtest: INV-06-109 · no hay ninguna transición que salga de ACTIVADA: reabrir, editar o reactivar falla
verificar · typecheck · unit · build · audit	Pruebas unitarias (domain, api)	2026-09-22T21:53:44.0274382Z ok 125 - INV-06-109 · no hay ninguna transición que salga de ACTIVADA: reabrir, editar o reactivar falla
verificar · typecheck · unit · build · audit	Pruebas unitarias (domain, api)	2026-09-22T21:53:44.0275119Z   ---
verificar · typecheck · unit · build · audit	Pruebas unitarias (domain, api)	2026-09-22T21:53:44.0318589Z   duration_ms: 0.933537
verificar · typecheck · unit · build · audit	Pruebas unitarias (domain, api)	2026-09-22T21:53:44.0318958Z   type: 'test'
verificar · typecheck · unit · build · audit	Pruebas unitarias (domain, api)	2026-09-22T21:53:44.0319250Z   ...
verificar · typecheck · unit · build · audit	Pruebas unitarias (domain, api)	2026-09-22T21:53:44.0320038Z # Subtest: 06 §10.7 · un borrador no se vuelve a crear sobre sí mismo
verificar · typecheck · unit · build · audit	Pruebas unitarias (domain, api)	2026-09-22T21:53:44.0320761Z ok 126 - 06 §10.7 · un borrador no se vuelve a crear sobre sí mismo
verificar · typecheck · unit · build · audit	Pruebas unitarias (domain, api)	2026-09-22T21:53:44.0321186Z   ---
verificar · typecheck · unit · build · audit	Pruebas unitarias (domain, api)	2026-09-22T21:53:44.0321425Z   duration_ms: 0.15971
verificar · typecheck · unit · build · audit	Pruebas unitarias (domain, api)	2026-09-22T21:53:44.0321698Z   type: 'test'
verificar · typecheck · unit · build · audit	Pruebas unitarias (domain, api)	2026-09-22T21:53:44.0321929Z   ...
verificar · typecheck · unit · build · audit	Pruebas unitarias (domain, api)	2026-09-22T21:53:44.0322520Z # Subtest: REG-06-104 · cada guarda de ActivarVersion desfavorable impide activar
verificar · typecheck · unit · build · audit	Pruebas unitarias (domain, api)	2026-09-22T21:53:44.0323332Z ok 127 - REG-06-104 · cada guarda de ActivarVersion desfavorable impide activar
verificar · typecheck · unit · build · audit	Pruebas unitarias (domain, api)	2026-09-22T21:53:44.0323784Z   ---
verificar · typecheck · unit · build · audit	Pruebas unitarias (domain, api)	2026-09-22T21:53:44.0324012Z   duration_ms: 0.33843
verificar · typecheck · unit · build · audit	Pruebas unitarias (domain, api)	2026-09-22T21:53:44.0324269Z   type: 'test'
verificar · typecheck · unit · build · audit	Pruebas unitarias (domain, api)	2026-09-22T21:53:44.0324503Z   ...
verificar · typecheck · unit · build · audit	Pruebas unitarias (domain, api)	2026-09-22T21:53:44.0325151Z # Subtest: 06 §8 · las cinco transiciones del Proceso con guardas favorables se permiten
verificar · typecheck · unit · build · audit	Pruebas unitarias (domain, api)	2026-09-22T21:53:44.0326046Z ok 128 - 06 §8 · las cinco transiciones del Proceso con guardas favorables se permiten
verificar · typecheck · unit · build · audit	Pruebas unitarias (domain, api)	2026-09-22T21:53:44.0326558Z   ---
verificar · typecheck · unit · build · audit	Pruebas unitarias (domain, api)	2026-09-22T21:53:44.0326790Z   duration_ms: 0.275144
verificar · typecheck · unit · build · audit	Pruebas unitarias (domain, api)	2026-09-22T21:53:44.0327069Z   type: 'test'
verificar · typecheck · unit · build · audit	Pruebas unitarias (domain, api)	2026-09-22T21:53:44.0327299Z   ...
verificar · typecheck · unit · build · audit	Pruebas unitarias (domain, api)	2026-09-22T21:53:44.0328066Z # Subtest: INV-06-86 · CERRADO es terminal: ninguna transición sale de CERRADO
verificar · typecheck · unit · build · audit	Pruebas unitarias (domain, api)	2026-09-22T21:53:44.0328891Z ok 129 - INV-06-86 · CERRADO es terminal: ninguna transición sale de CERRADO
verificar · typecheck · unit · build · audit	Pruebas unitarias (domain, api)	2026-09-22T21:53:44.0329337Z   ---
verificar · typecheck · unit · build · audit	Pruebas unitarias (domain, api)	2026-09-22T21:53:44.0329561Z   duration_ms: 0.263658
verificar · typecheck · unit · build · audit	Pruebas unitarias (domain, api)	2026-09-22T21:53:44.0329838Z   type: 'test'
verificar · typecheck · unit · build · audit	Pruebas unitarias (domain, api)	2026-09-22T21:53:44.0330066Z   ...
verificar · typecheck · unit · build · audit	Pruebas unitarias (domain, api)	2026-09-22T21:53:44.0330846Z # Subtest: INV-06-74 · AbrirProceso solo desde inicio; los cierres del sistema no los ejecuta el profesional
verificar · typecheck · unit · build · audit	Pruebas unitarias (domain, api)	2026-09-22T21:53:44.0332005Z ok 130 - INV-06-74 · AbrirProceso solo desde inicio; los cierres del sistema no los ejecuta el profesional
verificar · typecheck · unit · build · audit	Pruebas unitarias (domain, api)	2026-09-22T21:53:44.0332602Z   ---
verificar · typecheck · unit · build · audit	Pruebas unitarias (domain, api)	2026-09-22T21:53:44.0332840Z   duration_ms: 0.15952
verificar · typecheck · unit · build · audit	Pruebas unitarias (domain, api)	2026-09-22T21:53:44.0333110Z   type: 'test'
verificar · typecheck · unit · build · audit	Pruebas unitarias (domain, api)	2026-09-22T21:53:44.0333341Z   ...
verificar · typecheck · unit · build · audit	Pruebas unitarias (domain, api)	2026-09-22T21:53:44.0334090Z # Subtest: INV-06-75, 85 · abrir exige capacidad; continuar o cerrar por revisión exige revisión válida
verificar · typecheck · unit · build · audit	Pruebas unitarias (domain, api)	2026-09-22T21:53:44.0335155Z ok 131 - INV-06-75, 85 · abrir exige capacidad; continuar o cerrar por revisión exige revisión válida
verificar · typecheck · unit · build · audit	Pruebas unitarias (domain, api)	2026-09-22T21:53:44.0336528Z   ---
verificar · typecheck · unit · build · audit	Pruebas unitarias (domain, api)	2026-09-22T21:53:44.0336775Z   duration_ms: 0.156356
verificar · typecheck · unit · build · audit	Pruebas unitarias (domain, api)	2026-09-22T21:53:44.0337040Z   type: 'test'
verificar · typecheck · unit · build · audit	Pruebas unitarias (domain, api)	2026-09-22T21:53:44.0337272Z   ...
verificar · typecheck · unit · build · audit	Pruebas unitarias (domain, api)	2026-09-22T21:53:44.0338163Z # Subtest: REG-06-64/78 · con un Proceso abierto, la activación es continuidad; sin él, es NUEVO
verificar · typecheck · unit · build · audit	Pruebas unitarias (domain, api)	2026-09-22T21:53:44.0339141Z ok 132 - REG-06-64/78 · con un Proceso abierto, la activación es continuidad; sin él, es NUEVO
verificar · typecheck · unit · build · audit	Pruebas unitarias (domain, api)	2026-09-22T21:53:44.0339660Z   ---
verificar · typecheck · unit · build · audit	Pruebas unitarias (domain, api)	2026-09-22T21:53:44.0339895Z   duration_ms: 0.395656
verificar · typecheck · unit · build · audit	Pruebas unitarias (domain, api)	2026-09-22T21:53:44.0340160Z   type: 'test'
verificar · typecheck · unit · build · audit	Pruebas unitarias (domain, api)	2026-09-22T21:53:44.0340383Z   ...
verificar · typecheck · unit · build · audit	Pruebas unitarias (domain, api)	2026-09-22T21:53:44.0341305Z # Subtest: REG-06-66 · el Proceso vigente exige todas las condiciones; revocar el consentimiento lo vuelve no vigente sin cerrarlo
verificar · typecheck · unit · build · audit	Pruebas unitarias (domain, api)	2026-09-22T21:53:44.0342674Z ok 133 - REG-06-66 · el Proceso vigente exige todas las condiciones; revocar el consentimiento lo vuelve no vigente sin cerrarlo
verificar · typecheck · unit · build · audit	Pruebas unitarias (domain, api)	2026-09-22T21:53:44.0343652Z   ---
verificar · typecheck · unit · build · audit	Pruebas unitarias (domain, api)	2026-09-22T21:53:44.0343895Z   duration_ms: 0.459112
verificar · typecheck · unit · build · audit	Pruebas unitarias (domain, api)	2026-09-22T21:53:44.0344167Z   type: 'test'
verificar · typecheck · unit · build · audit	Pruebas unitarias (domain, api)	2026-09-22T21:53:44.0344415Z   ...
verificar · typecheck · unit · build · audit	Pruebas unitarias (domain, api)	2026-09-22T21:53:44.0344943Z # Subtest: REG-06-82 · sin configuración, SIN_LIMITE: nunca rechaza
verificar · typecheck · unit · build · audit	Pruebas unitarias (domain, api)	2026-09-22T21:53:44.0345650Z ok 134 - REG-06-82 · sin configuración, SIN_LIMITE: nunca rechaza
verificar · typecheck · unit · build · audit	Pruebas unitarias (domain, api)	2026-09-22T21:53:44.0346060Z   ---
verificar · typecheck · unit · build · audit	Pruebas unitarias (domain, api)	2026-09-22T21:53:44.0346301Z   duration_ms: 0.276838
verificar · typecheck · unit · build · audit	Pruebas unitarias (domain, api)	2026-09-22T21:53:44.0346574Z   type: 'test'
verificar · typecheck · unit · build · audit	Pruebas unitarias (domain, api)	2026-09-22T21:53:44.0346802Z   ...
verificar · typecheck · unit · build · audit	Pruebas unitarias (domain, api)	2026-09-22T21:53:44.0363066Z # Subtest: REG-06-91 · LIMITADA admite si la ocupación proyectada no supera el límite
verificar · typecheck · unit · build · audit	Pruebas unitarias (domain, api)	2026-09-22T21:53:44.0364220Z ok 135 - REG-06-91 · LIMITADA admite si la ocupación proyectada no supera el límite
verificar · typecheck · unit · build · audit	Pruebas unitarias (domain, api)	2026-09-22T21:53:44.0364730Z   ---
verificar · typecheck · unit · build · audit	Pruebas unitarias (domain, api)	2026-09-22T21:53:44.0364976Z   duration_ms: 0.166
verificar · typecheck · unit · build · audit	Pruebas unitarias (domain, api)	2026-09-22T21:53:44.0365243Z   type: 'test'
verificar · typecheck · unit · build · audit	Pruebas unitarias (domain, api)	2026-09-22T21:53:44.0365480Z   ...
verificar · typecheck · unit · build · audit	Pruebas unitarias (domain, api)	2026-09-22T21:53:44.0366299Z # Subtest: REG-06-91 · un asesorado que ya cuenta no suma ni se rechaza; la sobreocupación rechaza todo nuevo
verificar · typecheck · unit · build · audit	Pruebas unitarias (domain, api)	2026-09-22T21:53:44.0367715Z ok 136 - REG-06-91 · un asesorado que ya cuenta no suma ni se rechaza; la sobreocupación rechaza todo nuevo
verificar · typecheck · unit · build · audit	Pruebas unitarias (domain, api)	2026-09-22T21:53:44.0368318Z   ---
verificar · typecheck · unit · build · audit	Pruebas unitarias (domain, api)	2026-09-22T21:53:44.0368563Z   duration_ms: 0.145389
verificar · typecheck · unit · build · audit	Pruebas unitarias (domain, api)	2026-09-22T21:53:44.0368836Z   type: 'test'
verificar · typecheck · unit · build · audit	Pruebas unitarias (domain, api)	2026-09-22T21:53:44.0369076Z   ...
verificar · typecheck · unit · build · audit	Pruebas unitarias (domain, api)	2026-09-22T21:53:44.0369791Z # Subtest: REG-06-144 · la taxonomía tiene exactamente seis resultados y la API mapea uno a uno
verificar · typecheck · unit · build · audit	Pruebas unitarias (domain, api)	2026-09-22T21:53:44.0370649Z ok 137 - REG-06-144 · la taxonomía tiene exactamente seis resultados y la API mapea uno a uno
verificar · typecheck · unit · build · audit	Pruebas unitarias (domain, api)	2026-09-22T21:53:44.0370975Z   ---
verificar · typecheck · unit · build · audit	Pruebas unitarias (domain, api)	2026-09-22T21:53:44.0371135Z   duration_ms: 0.137477
verificar · typecheck · unit · build · audit	Pruebas unitarias (domain, api)	2026-09-22T21:53:44.0371310Z   type: 'test'
verificar · typecheck · unit · build · audit	Pruebas unitarias (domain, api)	2026-09-22T21:53:44.0371462Z   ...
verificar · typecheck · unit · build · audit	Pruebas unitarias (domain, api)	2026-09-22T21:53:44.0371801Z # Subtest: REG-06-147 · solo FINALIZAR cierra el Proceso (INV-06-82, 83)
verificar · typecheck · unit · build · audit	Pruebas unitarias (domain, api)	2026-09-22T21:53:44.0372246Z ok 138 - REG-06-147 · solo FINALIZAR cierra el Proceso (INV-06-82, 83)
verificar · typecheck · unit · build · audit	Pruebas unitarias (domain, api)	2026-09-22T21:53:44.0372519Z   ---
verificar · typecheck · unit · build · audit	Pruebas unitarias (domain, api)	2026-09-22T21:53:44.0372678Z   duration_ms: 0.116906
verificar · typecheck · unit · build · audit	Pruebas unitarias (domain, api)	2026-09-22T21:53:44.0372850Z   type: 'test'
verificar · typecheck · unit · build · audit	Pruebas unitarias (domain, api)	2026-09-22T21:53:44.0373004Z   ...
verificar · typecheck · unit · build · audit	Pruebas unitarias (domain, api)	2026-09-22T21:53:44.0373551Z # Subtest: TEST-NUT-006 · la revisión válida exige evidencia, interpretación, resultado, fundamento y próxima acción o cierre
verificar · typecheck · unit · build · audit	Pruebas unitarias (domain, api)	2026-09-22T21:53:44.0374342Z ok 139 - TEST-NUT-006 · la revisión válida exige evidencia, interpretación, resultado, fundamento y próxima acción o cierre
verificar · typecheck · unit · build · audit	Pruebas unitarias (domain, api)	2026-09-22T21:53:44.0374763Z   ---
verificar · typecheck · unit · build · audit	Pruebas unitarias (domain, api)	2026-09-22T21:53:44.0374921Z   duration_ms: 0.223437
verificar · typecheck · unit · build · audit	Pruebas unitarias (domain, api)	2026-09-22T21:53:44.0375097Z   type: 'test'
verificar · typecheck · unit · build · audit	Pruebas unitarias (domain, api)	2026-09-22T21:53:44.0375249Z   ...
verificar · typecheck · unit · build · audit	Pruebas unitarias (domain, api)	2026-09-22T21:53:44.0375690Z # Subtest: UC-P13 E05 · un resultado fuera de la taxonomía no es una revisión válida
verificar · typecheck · unit · build · audit	Pruebas unitarias (domain, api)	2026-09-22T21:53:44.0376452Z ok 140 - UC-P13 E05 · un resultado fuera de la taxonomía no es una revisión válida
verificar · typecheck · unit · build · audit	Pruebas unitarias (domain, api)	2026-09-22T21:53:44.0376755Z   ---
verificar · typecheck · unit · build · audit	Pruebas unitarias (domain, api)	2026-09-22T21:53:44.0376908Z   duration_ms: 0.132119
verificar · typecheck · unit · build · audit	Pruebas unitarias (domain, api)	2026-09-22T21:53:44.0377077Z   type: 'test'
verificar · typecheck · unit · build · audit	Pruebas unitarias (domain, api)	2026-09-22T21:53:44.0377675Z   ...
verificar · typecheck · unit · build · audit	Pruebas unitarias (domain, api)	2026-09-22T21:53:44.0378043Z # Subtest: REG-06-146 · REPROGRAMAR_REVISION exige la fecha de la próxima revisión
verificar · typecheck · unit · build · audit	Pruebas unitarias (domain, api)	2026-09-22T21:53:44.0378543Z ok 141 - REG-06-146 · REPROGRAMAR_REVISION exige la fecha de la próxima revisión
verificar · typecheck · unit · build · audit	Pruebas unitarias (domain, api)	2026-09-22T21:53:44.0379047Z   ---
verificar · typecheck · unit · build · audit	Pruebas unitarias (domain, api)	2026-09-22T21:53:44.0379271Z   duration_ms: 0.146842
verificar · typecheck · unit · build · audit	Pruebas unitarias (domain, api)	2026-09-22T21:53:44.0379529Z   type: 'test'
verificar · typecheck · unit · build · audit	Pruebas unitarias (domain, api)	2026-09-22T21:53:44.0379757Z   ...
verificar · typecheck · unit · build · audit	Pruebas unitarias (domain, api)	2026-09-22T21:53:44.0380540Z # Subtest: REG-06-150 · el pendiente nace de una expectativa explícita y se resuelve solo con una revisión aplicada
verificar · typecheck · unit · build · audit	Pruebas unitarias (domain, api)	2026-09-22T21:53:44.0381299Z ok 142 - REG-06-150 · el pendiente nace de una expectativa explícita y se resuelve solo con una revisión aplicada
verificar · typecheck · unit · build · audit	Pruebas unitarias (domain, api)	2026-09-22T21:53:44.0381684Z   ---
verificar · typecheck · unit · build · audit	Pruebas unitarias (domain, api)	2026-09-22T21:53:44.0381833Z   duration_ms: 0.195414
verificar · typecheck · unit · build · audit	Pruebas unitarias (domain, api)	2026-09-22T21:53:44.0382005Z   type: 'test'
verificar · typecheck · unit · build · audit	Pruebas unitarias (domain, api)	2026-09-22T21:53:44.0382153Z   ...
verificar · typecheck · unit · build · audit	Pruebas unitarias (domain, api)	2026-09-22T21:53:44.0382548Z # Subtest: DL-049 · normalizar asigna identificadores faltantes y conserva los que vienen
verificar · typecheck · unit · build · audit	Pruebas unitarias (domain, api)	2026-09-22T21:53:44.0383106Z ok 143 - DL-049 · normalizar asigna identificadores faltantes y conserva los que vienen
verificar · typecheck · unit · build · audit	Pruebas unitarias (domain, api)	2026-09-22T21:53:44.0383415Z   ---
verificar · typecheck · unit · build · audit	Pruebas unitarias (domain, api)	2026-09-22T21:53:44.0383572Z   duration_ms: 0.324549
verificar · typecheck · unit · build · audit	Pruebas unitarias (domain, api)	2026-09-22T21:53:44.0383749Z   type: 'test'
verificar · typecheck · unit · build · audit	Pruebas unitarias (domain, api)	2026-09-22T21:53:44.0383911Z   ...
verificar · typecheck · unit · build · audit	Pruebas unitarias (domain, api)	2026-09-22T21:53:44.0384381Z # Subtest: RF-030 · un borrador incompleto se puede guardar; validar informa lo que falta, con la ruta (09v9:589)
verificar · typecheck · unit · build · audit	Pruebas unitarias (domain, api)	2026-09-22T21:53:44.0385047Z ok 144 - RF-030 · un borrador incompleto se puede guardar; validar informa lo que falta, con la ruta (09v9:589)
verificar · typecheck · unit · build · audit	Pruebas unitarias (domain, api)	2026-09-22T21:53:44.0385402Z   ---
verificar · typecheck · unit · build · audit	Pruebas unitarias (domain, api)	2026-09-22T21:53:44.0385549Z   duration_ms: 0.517601
verificar · typecheck · unit · build · audit	Pruebas unitarias (domain, api)	2026-09-22T21:53:44.0385719Z   type: 'test'
verificar · typecheck · unit · build · audit	Pruebas unitarias (domain, api)	2026-09-22T21:53:44.0385867Z   ...
verificar · typecheck · unit · build · audit	Pruebas unitarias (domain, api)	2026-09-22T21:53:44.0386270Z # Subtest: REG-06-122 · con cantidad, el estado de preparación es obligatorio; sin cantidad, no
verificar · typecheck · unit · build · audit	Pruebas unitarias (domain, api)	2026-09-22T21:53:44.0386878Z ok 145 - REG-06-122 · con cantidad, el estado de preparación es obligatorio; sin cantidad, no
verificar · typecheck · unit · build · audit	Pruebas unitarias (domain, api)	2026-09-22T21:53:44.0428205Z   ---
verificar · typecheck · unit · build · audit	Pruebas unitarias (domain, api)	2026-09-22T21:53:44.0428478Z   duration_ms: 0.302026
verificar · typecheck · unit · build · audit	Pruebas unitarias (domain, api)	2026-09-22T21:53:44.0428733Z   type: 'test'
verificar · typecheck · unit · build · audit	Pruebas unitarias (domain, api)	2026-09-22T21:53:44.0428949Z   ...
verificar · typecheck · unit · build · audit	Pruebas unitarias (domain, api)	2026-09-22T21:53:44.0429902Z # Subtest: 09v9 PATCH · modalidad B no habilitada, referencia de catálogo inválida e identificador repetido impiden guardar
verificar · typecheck · unit · build · audit	Pruebas unitarias (domain, api)	2026-09-22T21:53:44.0431118Z ok 146 - 09v9 PATCH · modalidad B no habilitada, referencia de catálogo inválida e identificador repetido impiden guardar
verificar · typecheck · unit · build · audit	Pruebas unitarias (domain, api)	2026-09-22T21:53:44.0431710Z   ---
verificar · typecheck · unit · build · audit	Pruebas unitarias (domain, api)	2026-09-22T21:53:44.0431933Z   duration_ms: 0.165439
verificar · typecheck · unit · build · audit	Pruebas unitarias (domain, api)	2026-09-22T21:53:44.0432179Z   type: 'test'
verificar · typecheck · unit · build · audit	Pruebas unitarias (domain, api)	2026-09-22T21:53:44.0432388Z   ...
verificar · typecheck · unit · build · audit	Pruebas unitarias (domain, api)	2026-09-22T21:53:44.0432982Z # Subtest: REG-06-105 · la instantánea resuelve nombre y versión del catálogo al activar
verificar · typecheck · unit · build · audit	Pruebas unitarias (domain, api)	2026-09-22T21:53:44.0433809Z ok 147 - REG-06-105 · la instantánea resuelve nombre y versión del catálogo al activar
verificar · typecheck · unit · build · audit	Pruebas unitarias (domain, api)	2026-09-22T21:53:44.0434258Z   ---
verificar · typecheck · unit · build · audit	Pruebas unitarias (domain, api)	2026-09-22T21:53:44.0434469Z   duration_ms: 0.362396
verificar · typecheck · unit · build · audit	Pruebas unitarias (domain, api)	2026-09-22T21:53:44.0434703Z   type: 'test'
verificar · typecheck · unit · build · audit	Pruebas unitarias (domain, api)	2026-09-22T21:53:44.0434903Z   ...
verificar · typecheck · unit · build · audit	Pruebas unitarias (domain, api)	2026-09-22T21:53:44.0435422Z # Subtest: 06:1391 · si un ítem no se resuelve, la instantánea no se puede preservar
verificar · typecheck · unit · build · audit	Pruebas unitarias (domain, api)	2026-09-22T21:53:44.0436191Z ok 148 - 06:1391 · si un ítem no se resuelve, la instantánea no se puede preservar
verificar · typecheck · unit · build · audit	Pruebas unitarias (domain, api)	2026-09-22T21:53:44.0436641Z   ---
verificar · typecheck · unit · build · audit	Pruebas unitarias (domain, api)	2026-09-22T21:53:44.0436855Z   duration_ms: 0.146811
verificar · typecheck · unit · build · audit	Pruebas unitarias (domain, api)	2026-09-22T21:53:44.0437095Z   type: 'test'
verificar · typecheck · unit · build · audit	Pruebas unitarias (domain, api)	2026-09-22T21:53:44.0437305Z   ...
verificar · typecheck · unit · build · audit	Pruebas unitarias (domain, api)	2026-09-22T21:53:44.0438265Z # Subtest: REG-06-101 · cambiar el catálogo después de activar no cambia la instantánea (INV-06-115)
verificar · typecheck · unit · build · audit	Pruebas unitarias (domain, api)	2026-09-22T21:53:44.0439229Z ok 149 - REG-06-101 · cambiar el catálogo después de activar no cambia la instantánea (INV-06-115)
verificar · typecheck · unit · build · audit	Pruebas unitarias (domain, api)	2026-09-22T21:53:44.0439721Z   ---
verificar · typecheck · unit · build · audit	Pruebas unitarias (domain, api)	2026-09-22T21:53:44.0439932Z   duration_ms: 0.486393
verificar · typecheck · unit · build · audit	Pruebas unitarias (domain, api)	2026-09-22T21:53:44.0440178Z   type: 'test'
verificar · typecheck · unit · build · audit	Pruebas unitarias (domain, api)	2026-09-22T21:53:44.0440392Z   ...
verificar · typecheck · unit · build · audit	Pruebas unitarias (domain, api)	2026-09-22T21:53:44.0441071Z # Subtest: REG-06-106 · la ingesta prescripta referencia día tipo, comida y opción de la instantánea
verificar · typecheck · unit · build · audit	Pruebas unitarias (domain, api)	2026-09-22T21:53:44.0442058Z ok 150 - REG-06-106 · la ingesta prescripta referencia día tipo, comida y opción de la instantánea
verificar · typecheck · unit · build · audit	Pruebas unitarias (domain, api)	2026-09-22T21:53:44.0442957Z   ---
verificar · typecheck · unit · build · audit	Pruebas unitarias (domain, api)	2026-09-22T21:53:44.0443164Z   duration_ms: 0.354695
verificar · typecheck · unit · build · audit	Pruebas unitarias (domain, api)	2026-09-22T21:53:44.0443420Z   type: 'test'
verificar · typecheck · unit · build · audit	Pruebas unitarias (domain, api)	2026-09-22T21:53:44.0443641Z   ...
verificar · typecheck · unit · build · audit	Pruebas unitarias (domain, api)	2026-09-22T21:53:44.0444429Z # Subtest: TEST-NUT-002/005 · contraste: prescripto ≠ registrado, sin registro = NO_DATA, y la diferencia es de cantidad (DV-05 TEST-RF-034)
verificar · typecheck · unit · build · audit	Pruebas unitarias (domain, api)	2026-09-22T21:53:44.0445417Z ok 151 - TEST-NUT-002/005 · contraste: prescripto ≠ registrado, sin registro = NO_DATA, y la diferencia es de cantidad (DV-05 TEST-RF-034)
verificar · typecheck · unit · build · audit	Pruebas unitarias (domain, api)	2026-09-22T21:53:44.0445836Z   ---
verificar · typecheck · unit · build · audit	Pruebas unitarias (domain, api)	2026-09-22T21:53:44.0445993Z   duration_ms: 1.070744
verificar · typecheck · unit · build · audit	Pruebas unitarias (domain, api)	2026-09-22T21:53:44.0446171Z   type: 'test'
verificar · typecheck · unit · build · audit	Pruebas unitarias (domain, api)	2026-09-22T21:53:44.0446323Z   ...
verificar · typecheck · unit · build · audit	Pruebas unitarias (domain, api)	2026-09-22T21:53:44.0446767Z # Subtest: INV-06-13 · lo registrado contra una versión no se pierde si ese día se activa una sucesora
verificar · typecheck · unit · build · audit	Pruebas unitarias (domain, api)	2026-09-22T21:53:44.0447576Z ok 152 - INV-06-13 · lo registrado contra una versión no se pierde si ese día se activa una sucesora
verificar · typecheck · unit · build · audit	Pruebas unitarias (domain, api)	2026-09-22T21:53:44.0448096Z   ---
verificar · typecheck · unit · build · audit	Pruebas unitarias (domain, api)	2026-09-22T21:53:44.0448313Z   duration_ms: 0.376588
verificar · typecheck · unit · build · audit	Pruebas unitarias (domain, api)	2026-09-22T21:53:44.0448584Z   type: 'test'
verificar · typecheck · unit · build · audit	Pruebas unitarias (domain, api)	2026-09-22T21:53:44.0448804Z   ...
verificar · typecheck · unit · build · audit	Pruebas unitarias (domain, api)	2026-09-22T21:53:44.0449379Z # Subtest: fechasDelPeriodo · incluye los extremos y respeta los cambios de mes
verificar · typecheck · unit · build · audit	Pruebas unitarias (domain, api)	2026-09-22T21:53:44.0450162Z ok 153 - fechasDelPeriodo · incluye los extremos y respeta los cambios de mes
verificar · typecheck · unit · build · audit	Pruebas unitarias (domain, api)	2026-09-22T21:53:44.0450616Z   ---
verificar · typecheck · unit · build · audit	Pruebas unitarias (domain, api)	2026-09-22T21:53:44.0450834Z   duration_ms: 0.155385
verificar · typecheck · unit · build · audit	Pruebas unitarias (domain, api)	2026-09-22T21:53:44.0451088Z   type: 'test'
verificar · typecheck · unit · build · audit	Pruebas unitarias (domain, api)	2026-09-22T21:53:44.0451297Z   ...
verificar · typecheck · unit · build · audit	Pruebas unitarias (domain, api)	2026-09-22T21:53:44.0451969Z # Subtest: TEST-PRJ-009 · ningún schema de nutrición tiene puntaje, porcentaje de cumplimiento ni calificación
verificar · typecheck · unit · build · audit	Pruebas unitarias (domain, api)	2026-09-22T21:53:44.0452695Z ok 154 - TEST-PRJ-009 · ningún schema de nutrición tiene puntaje, porcentaje de cumplimiento ni calificación
verificar · typecheck · unit · build · audit	Pruebas unitarias (domain, api)	2026-09-22T21:53:44.0453055Z   ---
verificar · typecheck · unit · build · audit	Pruebas unitarias (domain, api)	2026-09-22T21:53:44.0453211Z   duration_ms: 57.221965
verificar · typecheck · unit · build · audit	Pruebas unitarias (domain, api)	2026-09-22T21:53:44.0453395Z   type: 'test'
verificar · typecheck · unit · build · audit	Pruebas unitarias (domain, api)	2026-09-22T21:53:44.0453550Z   ...
verificar · typecheck · unit · build · audit	Pruebas unitarias (domain, api)	2026-09-22T21:53:44.0454046Z # Subtest: TEST-PRJ-009 · el OpenAPI generado tampoco expone puntaje de adherencia en ninguna operación de nutrición
verificar · typecheck · unit · build · audit	Pruebas unitarias (domain, api)	2026-09-22T21:53:44.0454787Z ok 155 - TEST-PRJ-009 · el OpenAPI generado tampoco expone puntaje de adherencia en ninguna operación de nutrición
verificar · typecheck · unit · build · audit	Pruebas unitarias (domain, api)	2026-09-22T21:53:44.0455154Z   ---
verificar · typecheck · unit · build · audit	Pruebas unitarias (domain, api)	2026-09-22T21:53:44.0455313Z   duration_ms: 79.378172
verificar · typecheck · unit · build · audit	Pruebas unitarias (domain, api)	2026-09-22T21:53:44.0455490Z   type: 'test'
verificar · typecheck · unit · build · audit	Pruebas unitarias (domain, api)	2026-09-22T21:53:44.0455653Z   ...
verificar · typecheck · unit · build · audit	Pruebas unitarias (domain, api)	2026-09-22T21:53:44.0456061Z # Subtest: T13 · el copy de nutrición no usa ningún término prohibido (B10-05; REG-06-125)
verificar · typecheck · unit · build · audit	Pruebas unitarias (domain, api)	2026-09-22T21:53:44.0456618Z ok 156 - T13 · el copy de nutrición no usa ningún término prohibido (B10-05; REG-06-125)
verificar · typecheck · unit · build · audit	Pruebas unitarias (domain, api)	2026-09-22T21:53:44.0456923Z   ---
verificar · typecheck · unit · build · audit	Pruebas unitarias (domain, api)	2026-09-22T21:53:44.0457083Z   duration_ms: 1.414304
verificar · typecheck · unit · build · audit	Pruebas unitarias (domain, api)	2026-09-22T21:53:44.0457260Z   type: 'test'
verificar · typecheck · unit · build · audit	Pruebas unitarias (domain, api)	2026-09-22T21:53:44.0457878Z   ...
verificar · typecheck · unit · build · audit	Pruebas unitarias (domain, api)	2026-09-22T21:53:44.0592619Z # Subtest: REG-06-214 · la evaluación nace EN_PREPARACION y solo un acto explícito la registra
verificar · typecheck · unit · build · audit	Pruebas unitarias (domain, api)	2026-09-22T21:53:44.0593857Z ok 157 - REG-06-214 · la evaluación nace EN_PREPARACION y solo un acto explícito la registra
verificar · typecheck · unit · build · audit	Pruebas unitarias (domain, api)	2026-09-22T21:53:44.0594500Z   ---
verificar · typecheck · unit · build · audit	Pruebas unitarias (domain, api)	2026-09-22T21:53:44.0594755Z   duration_ms: 1.421903
verificar · typecheck · unit · build · audit	Pruebas unitarias (domain, api)	2026-09-22T21:53:44.0595065Z   type: 'test'
verificar · typecheck · unit · build · audit	Pruebas unitarias (domain, api)	2026-09-22T21:53:44.0595343Z   ...
verificar · typecheck · unit · build · audit	Pruebas unitarias (domain, api)	2026-09-22T21:53:44.0596069Z # Subtest: TEST-ANT-003 · registrar exige contenido registrable: no hay registro vacío
verificar · typecheck · unit · build · audit	Pruebas unitarias (domain, api)	2026-09-22T21:53:44.0597135Z ok 158 - TEST-ANT-003 · registrar exige contenido registrable: no hay registro vacío
verificar · typecheck · unit · build · audit	Pruebas unitarias (domain, api)	2026-09-22T21:53:44.0601601Z   ---
verificar · typecheck · unit · build · audit	Pruebas unitarias (domain, api)	2026-09-22T21:53:44.0601895Z   duration_ms: 0.860707
verificar · typecheck · unit · build · audit	Pruebas unitarias (domain, api)	2026-09-22T21:53:44.0602223Z   type: 'test'
verificar · typecheck · unit · build · audit	Pruebas unitarias (domain, api)	2026-09-22T21:53:44.0602508Z   ...
verificar · typecheck · unit · build · audit	Pruebas unitarias (domain, api)	2026-09-22T21:53:44.0603527Z # Subtest: REG-06-214 inciso 5 · una evaluación REGISTRADA no vuelve a preparación, ni se guarda, ni se registra dos veces
verificar · typecheck · unit · build · audit	Pruebas unitarias (domain, api)	2026-09-22T21:53:44.0604920Z ok 159 - REG-06-214 inciso 5 · una evaluación REGISTRADA no vuelve a preparación, ni se guarda, ni se registra dos veces
verificar · typecheck · unit · build · audit	Pruebas unitarias (domain, api)	2026-09-22T21:53:44.0605570Z   ---
verificar · typecheck · unit · build · audit	Pruebas unitarias (domain, api)	2026-09-22T21:53:44.0605823Z   duration_ms: 0.214333
verificar · typecheck · unit · build · audit	Pruebas unitarias (domain, api)	2026-09-22T21:53:44.0606099Z   type: 'test'
verificar · typecheck · unit · build · audit	Pruebas unitarias (domain, api)	2026-09-22T21:53:44.0606341Z   ...
verificar · typecheck · unit · build · audit	Pruebas unitarias (domain, api)	2026-09-22T21:53:44.0607584Z # Subtest: REG-06-218 · anular una medición vigente procede y exige motivo
verificar · typecheck · unit · build · audit	Pruebas unitarias (domain, api)	2026-09-22T21:53:44.0608422Z ok 160 - REG-06-218 · anular una medición vigente procede y exige motivo
verificar · typecheck · unit · build · audit	Pruebas unitarias (domain, api)	2026-09-22T21:53:44.0608915Z   ---
verificar · typecheck · unit · build · audit	Pruebas unitarias (domain, api)	2026-09-22T21:53:44.0609429Z   duration_ms: 0.270047
verificar · typecheck · unit · build · audit	Pruebas unitarias (domain, api)	2026-09-22T21:53:44.0609707Z   type: 'test'
verificar · typecheck · unit · build · audit	Pruebas unitarias (domain, api)	2026-09-22T21:53:44.0609951Z   ...
verificar · typecheck · unit · build · audit	Pruebas unitarias (domain, api)	2026-09-22T21:53:44.0610769Z # Subtest: TEST-ANT-006 · adversarial 6: la segunda anulación no produce un segundo efecto ni un error nuevo
verificar · typecheck · unit · build · audit	Pruebas unitarias (domain, api)	2026-09-22T21:53:44.0611897Z ok 161 - TEST-ANT-006 · adversarial 6: la segunda anulación no produce un segundo efecto ni un error nuevo
verificar · typecheck · unit · build · audit	Pruebas unitarias (domain, api)	2026-09-22T21:53:44.0612486Z   ---
verificar · typecheck · unit · build · audit	Pruebas unitarias (domain, api)	2026-09-22T21:53:44.0612733Z   duration_ms: 0.273712
verificar · typecheck · unit · build · audit	Pruebas unitarias (domain, api)	2026-09-22T21:53:44.0613010Z   type: 'test'
verificar · typecheck · unit · build · audit	Pruebas unitarias (domain, api)	2026-09-22T21:53:44.0613248Z   ...
verificar · typecheck · unit · build · audit	Pruebas unitarias (domain, api)	2026-09-22T21:53:44.0614010Z # Subtest: TEST-ANT-007 · no existe reversión implícita: ANULADA no admite corrección que la vuelva efectiva
verificar · typecheck · unit · build · audit	Pruebas unitarias (domain, api)	2026-09-22T21:53:44.0615150Z ok 162 - TEST-ANT-007 · no existe reversión implícita: ANULADA no admite corrección que la vuelva efectiva
verificar · typecheck · unit · build · audit	Pruebas unitarias (domain, api)	2026-09-22T21:53:44.0615736Z   ---
verificar · typecheck · unit · build · audit	Pruebas unitarias (domain, api)	2026-09-22T21:53:44.0615982Z   duration_ms: 0.155765
verificar · typecheck · unit · build · audit	Pruebas unitarias (domain, api)	2026-09-22T21:53:44.0616259Z   type: 'test'
verificar · typecheck · unit · build · audit	Pruebas unitarias (domain, api)	2026-09-22T21:53:44.0616501Z   ...
verificar · typecheck · unit · build · audit	Pruebas unitarias (domain, api)	2026-09-22T21:53:44.0617281Z # Subtest: TEST-ANT-001 · medido, reportado y calculado son clases distintas, no una convención de nombre
verificar · typecheck · unit · build · audit	Pruebas unitarias (domain, api)	2026-09-22T21:53:44.0618594Z ok 163 - TEST-ANT-001 · medido, reportado y calculado son clases distintas, no una convención de nombre
verificar · typecheck · unit · build · audit	Pruebas unitarias (domain, api)	2026-09-22T21:53:44.0619147Z   ---
verificar · typecheck · unit · build · audit	Pruebas unitarias (domain, api)	2026-09-22T21:53:44.0619395Z   duration_ms: 0.233822
verificar · typecheck · unit · build · audit	Pruebas unitarias (domain, api)	2026-09-22T21:53:44.0619670Z   type: 'test'
verificar · typecheck · unit · build · audit	Pruebas unitarias (domain, api)	2026-09-22T21:53:44.0619906Z   ...
verificar · typecheck · unit · build · audit	Pruebas unitarias (domain, api)	2026-09-22T21:53:44.0620670Z # Subtest: REG-06-09 y REG-06-155 · convertir conserva la unidad de origen y la regla que se aplicó
verificar · typecheck · unit · build · audit	Pruebas unitarias (domain, api)	2026-09-22T21:53:44.0621675Z ok 164 - REG-06-09 y REG-06-155 · convertir conserva la unidad de origen y la regla que se aplicó
verificar · typecheck · unit · build · audit	Pruebas unitarias (domain, api)	2026-09-22T21:53:44.0622212Z   ---
verificar · typecheck · unit · build · audit	Pruebas unitarias (domain, api)	2026-09-22T21:53:44.0622443Z   duration_ms: 0.284499
verificar · typecheck · unit · build · audit	Pruebas unitarias (domain, api)	2026-09-22T21:53:44.0622729Z   type: 'test'
verificar · typecheck · unit · build · audit	Pruebas unitarias (domain, api)	2026-09-22T21:53:44.0622975Z   ...
verificar · typecheck · unit · build · audit	Pruebas unitarias (domain, api)	2026-09-22T21:53:44.0623614Z # Subtest: REG-06-155 · sin regla declarada no hay conversión: no se inventa un factor
verificar · typecheck · unit · build · audit	Pruebas unitarias (domain, api)	2026-09-22T21:53:44.0624529Z ok 165 - REG-06-155 · sin regla declarada no hay conversión: no se inventa un factor
verificar · typecheck · unit · build · audit	Pruebas unitarias (domain, api)	2026-09-22T21:53:44.0625026Z   ---
verificar · typecheck · unit · build · audit	Pruebas unitarias (domain, api)	2026-09-22T21:53:44.0625265Z   duration_ms: 0.379362
verificar · typecheck · unit · build · audit	Pruebas unitarias (domain, api)	2026-09-22T21:53:44.0625532Z   type: 'test'
verificar · typecheck · unit · build · audit	Pruebas unitarias (domain, api)	2026-09-22T21:53:44.0625774Z   ...
verificar · typecheck · unit · build · audit	Pruebas unitarias (domain, api)	2026-09-22T21:53:44.0626386Z # Subtest: REG-06-158 · la precisión y el redondeo son declarados, no implícitos
verificar · typecheck · unit · build · audit	Pruebas unitarias (domain, api)	2026-09-22T21:53:44.0627208Z ok 166 - REG-06-158 · la precisión y el redondeo son declarados, no implícitos
verificar · typecheck · unit · build · audit	Pruebas unitarias (domain, api)	2026-09-22T21:53:44.0628576Z   ---
verificar · typecheck · unit · build · audit	Pruebas unitarias (domain, api)	2026-09-22T21:53:44.0628833Z   duration_ms: 0.493364
verificar · typecheck · unit · build · audit	Pruebas unitarias (domain, api)	2026-09-22T21:53:44.0629115Z   type: 'test'
verificar · typecheck · unit · build · audit	Pruebas unitarias (domain, api)	2026-09-22T21:53:44.0629361Z   ...
verificar · typecheck · unit · build · audit	Pruebas unitarias (domain, api)	2026-09-22T21:53:44.0630241Z # Subtest: REG-06-159 e INV-06-170 · la dependencia es explícita: se resuelve por identificador, nunca por nombre
verificar · typecheck · unit · build · audit	Pruebas unitarias (domain, api)	2026-09-22T21:53:44.0631478Z ok 167 - REG-06-159 e INV-06-170 · la dependencia es explícita: se resuelve por identificador, nunca por nombre
verificar · typecheck · unit · build · audit	Pruebas unitarias (domain, api)	2026-09-22T21:53:44.0632118Z   ---
verificar · typecheck · unit · build · audit	Pruebas unitarias (domain, api)	2026-09-22T21:53:44.0632352Z   duration_ms: 0.26574
verificar · typecheck · unit · build · audit	Pruebas unitarias (domain, api)	2026-09-22T21:53:44.0632623Z   type: 'test'
verificar · typecheck · unit · build · audit	Pruebas unitarias (domain, api)	2026-09-22T21:53:44.0632885Z   ...
verificar · typecheck · unit · build · audit	Pruebas unitarias (domain, api)	2026-09-22T21:53:44.0633732Z # Subtest: TEST-ANT-008 · un input anulado obliga a reevaluar dependencias, y sin reemplazo no se inventa sucesor
verificar · typecheck · unit · build · audit	Pruebas unitarias (domain, api)	2026-09-22T21:53:44.0635200Z ok 168 - TEST-ANT-008 · un input anulado obliga a reevaluar dependencias, y sin reemplazo no se inventa sucesor
verificar · typecheck · unit · build · audit	Pruebas unitarias (domain, api)	2026-09-22T21:53:44.0635797Z   ---
verificar · typecheck · unit · build · audit	Pruebas unitarias (domain, api)	2026-09-22T21:53:44.0636036Z   duration_ms: 2.678848
verificar · typecheck · unit · build · audit	Pruebas unitarias (domain, api)	2026-09-22T21:53:44.0636316Z   type: 'test'
verificar · typecheck · unit · build · audit	Pruebas unitarias (domain, api)	2026-09-22T21:53:44.0636572Z   ...
verificar · typecheck · unit · build · audit	Pruebas unitarias (domain, api)	2026-09-22T21:53:44.0637530Z # Subtest: REG-06-162/163/164 · solo se compara lo compatible, y la diferencia se nombra en vez de convertirse sola
verificar · typecheck · unit · build · audit	Pruebas unitarias (domain, api)	2026-09-22T21:53:44.0638736Z ok 169 - REG-06-162/163/164 · solo se compara lo compatible, y la diferencia se nombra en vez de convertirse sola
verificar · typecheck · unit · build · audit	Pruebas unitarias (domain, api)	2026-09-22T21:53:44.0639662Z   ---
verificar · typecheck · unit · build · audit	Pruebas unitarias (domain, api)	2026-09-22T21:53:44.0639904Z   duration_ms: 0.195956
verificar · typecheck · unit · build · audit	Pruebas unitarias (domain, api)	2026-09-22T21:53:44.0640183Z   type: 'test'
verificar · typecheck · unit · build · audit	Pruebas unitarias (domain, api)	2026-09-22T21:53:44.0640440Z   ...
verificar · typecheck · unit · build · audit	Pruebas unitarias (domain, api)	2026-09-22T21:53:44.0641122Z # Subtest: TEST-ANT-009 · adversarial 7: SIN_DATO no se transforma en cero y no se interpola
verificar · typecheck · unit · build · audit	Pruebas unitarias (domain, api)	2026-09-22T21:53:44.0642296Z ok 170 - TEST-ANT-009 · adversarial 7: SIN_DATO no se transforma en cero y no se interpola
verificar · typecheck · unit · build · audit	Pruebas unitarias (domain, api)	2026-09-22T21:53:44.0642817Z   ---
verificar · typecheck · unit · build · audit	Pruebas unitarias (domain, api)	2026-09-22T21:53:44.0643059Z   duration_ms: 0.361345
verificar · typecheck · unit · build · audit	Pruebas unitarias (domain, api)	2026-09-22T21:53:44.0643329Z   type: 'test'
verificar · typecheck · unit · build · audit	Pruebas unitarias (domain, api)	2026-09-22T21:53:44.0643573Z   ...
verificar · typecheck · unit · build · audit	Pruebas unitarias (domain, api)	2026-09-22T21:53:44.0644133Z # Subtest: INV-06-176 · un cero medido es un punto REGISTRADO, no un hueco
verificar · typecheck · unit · build · audit	Pruebas unitarias (domain, api)	2026-09-22T21:53:44.0644855Z ok 171 - INV-06-176 · un cero medido es un punto REGISTRADO, no un hueco
verificar · typecheck · unit · build · audit	Pruebas unitarias (domain, api)	2026-09-22T21:53:44.0645276Z   ---
verificar · typecheck · unit · build · audit	Pruebas unitarias (domain, api)	2026-09-22T21:53:44.0645502Z   duration_ms: 0.150196
verificar · typecheck · unit · build · audit	Pruebas unitarias (domain, api)	2026-09-22T21:53:44.0645758Z   type: 'test'
verificar · typecheck · unit · build · audit	Pruebas unitarias (domain, api)	2026-09-22T21:53:44.0646001Z   ...
verificar · typecheck · unit · build · audit	Pruebas unitarias (domain, api)	2026-09-22T21:53:44.0646654Z # Subtest: REG-06-221 · una medición anulada no aporta un punto registrado a la serie
verificar · typecheck · unit · build · audit	Pruebas unitarias (domain, api)	2026-09-22T21:53:44.0647678Z ok 172 - REG-06-221 · una medición anulada no aporta un punto registrado a la serie
verificar · typecheck · unit · build · audit	Pruebas unitarias (domain, api)	2026-09-22T21:53:44.0648198Z   ---
verificar · typecheck · unit · build · audit	Pruebas unitarias (domain, api)	2026-09-22T21:53:44.0648422Z   duration_ms: 0.201694
verificar · typecheck · unit · build · audit	Pruebas unitarias (domain, api)	2026-09-22T21:53:44.0648707Z   type: 'test'
verificar · typecheck · unit · build · audit	Pruebas unitarias (domain, api)	2026-09-22T21:53:44.0648934Z   ...
verificar · typecheck · unit · build · audit	Pruebas unitarias (domain, api)	2026-09-22T21:53:44.0649538Z # Subtest: TEST-ANT-010 · lo no comparable se conserva y se marca: no forma línea continua
verificar · typecheck · unit · build · audit	Pruebas unitarias (domain, api)	2026-09-22T21:53:44.0650412Z ok 173 - TEST-ANT-010 · lo no comparable se conserva y se marca: no forma línea continua
verificar · typecheck · unit · build · audit	Pruebas unitarias (domain, api)	2026-09-22T21:53:44.0650906Z   ---
verificar · typecheck · unit · build · audit	Pruebas unitarias (domain, api)	2026-09-22T21:53:44.0651175Z   duration_ms: 0.191999
verificar · typecheck · unit · build · audit	Pruebas unitarias (domain, api)	2026-09-22T21:53:44.0651433Z   type: 'test'
verificar · typecheck · unit · build · audit	Pruebas unitarias (domain, api)	2026-09-22T21:53:44.0651657Z   ...
verificar · typecheck · unit · build · audit	Pruebas unitarias (domain, api)	2026-09-22T21:53:44.0652079Z # Subtest: INV-06-178 · cada punto conserva su clase y su origen
verificar · typecheck · unit · build · audit	Pruebas unitarias (domain, api)	2026-09-22T21:53:44.0652647Z ok 174 - INV-06-178 · cada punto conserva su clase y su origen
verificar · typecheck · unit · build · audit	Pruebas unitarias (domain, api)	2026-09-22T21:53:44.0653028Z   ---
verificar · typecheck · unit · build · audit	Pruebas unitarias (domain, api)	2026-09-22T21:53:44.0653232Z   duration_ms: 0.140252
verificar · typecheck · unit · build · audit	Pruebas unitarias (domain, api)	2026-09-22T21:53:44.0653456Z   type: 'test'
verificar · typecheck · unit · build · audit	Pruebas unitarias (domain, api)	2026-09-22T21:53:44.0653684Z   ...
verificar · typecheck · unit · build · audit	Pruebas unitarias (domain, api)	2026-09-22T21:53:44.0654302Z # Subtest: REG-06-165 · la serie devuelve un punto por checkpoint pedido, ni más ni menos
verificar · typecheck · unit · build · audit	Pruebas unitarias (domain, api)	2026-09-22T21:53:44.0655154Z ok 175 - REG-06-165 · la serie devuelve un punto por checkpoint pedido, ni más ni menos
verificar · typecheck · unit · build · audit	Pruebas unitarias (domain, api)	2026-09-22T21:53:44.0655666Z   ---
verificar · typecheck · unit · build · audit	Pruebas unitarias (domain, api)	2026-09-22T21:53:44.0655894Z   duration_ms: 0.197929
verificar · typecheck · unit · build · audit	Pruebas unitarias (domain, api)	2026-09-22T21:53:44.0656151Z   type: 'test'
verificar · typecheck · unit · build · audit	Pruebas unitarias (domain, api)	2026-09-22T21:53:44.0656380Z   ...
verificar · typecheck · unit · build · audit	Pruebas unitarias (domain, api)	2026-09-22T21:53:44.0657002Z # Subtest: REG-06-167 · la serie filtra por métrica: otra métrica no contamina el punto
verificar · typecheck · unit · build · audit	Pruebas unitarias (domain, api)	2026-09-22T21:53:44.0658026Z ok 176 - REG-06-167 · la serie filtra por métrica: otra métrica no contamina el punto
verificar · typecheck · unit · build · audit	Pruebas unitarias (domain, api)	2026-09-22T21:53:44.0658483Z   ---
verificar · typecheck · unit · build · audit	Pruebas unitarias (domain, api)	2026-09-22T21:53:44.0658719Z   duration_ms: 0.130046
verificar · typecheck · unit · build · audit	Pruebas unitarias (domain, api)	2026-09-22T21:53:44.0658987Z   type: 'test'
verificar · typecheck · unit · build · audit	Pruebas unitarias (domain, api)	2026-09-22T21:53:44.0659227Z   ...
verificar · typecheck · unit · build · audit	Pruebas unitarias (domain, api)	2026-09-22T21:53:44.0659913Z # Subtest: INV-06-177 · un hueco de la serie no tiene dónde poner un valor: el contrato lo rechaza
verificar · typecheck · unit · build · audit	Pruebas unitarias (domain, api)	2026-09-22T21:53:44.0660936Z ok 177 - INV-06-177 · un hueco de la serie no tiene dónde poner un valor: el contrato lo rechaza
verificar · typecheck · unit · build · audit	Pruebas unitarias (domain, api)	2026-09-22T21:53:44.0661475Z   ---
verificar · typecheck · unit · build · audit	Pruebas unitarias (domain, api)	2026-09-22T21:53:44.0661711Z   duration_ms: 75.131684
verificar · typecheck · unit · build · audit	Pruebas unitarias (domain, api)	2026-09-22T21:53:44.0661990Z   type: 'test'
verificar · typecheck · unit · build · audit	Pruebas unitarias (domain, api)	2026-09-22T21:53:44.0662233Z   ...
verificar · typecheck · unit · build · audit	Pruebas unitarias (domain, api)	2026-09-22T21:53:44.0662761Z # Subtest: INV-06-176 · un cero medido sí viaja, como punto de la serie
verificar · typecheck · unit · build · audit	Pruebas unitarias (domain, api)	2026-09-22T21:53:44.0663451Z ok 178 - INV-06-176 · un cero medido sí viaja, como punto de la serie
verificar · typecheck · unit · build · audit	Pruebas unitarias (domain, api)	2026-09-22T21:53:44.0663881Z   ---
verificar · typecheck · unit · build · audit	Pruebas unitarias (domain, api)	2026-09-22T21:53:44.0664110Z   duration_ms: 1.961586
verificar · typecheck · unit · build · audit	Pruebas unitarias (domain, api)	2026-09-22T21:53:44.0664377Z   type: 'test'
verificar · typecheck · unit · build · audit	Pruebas unitarias (domain, api)	2026-09-22T21:53:44.0664477Z   ...
verificar · typecheck · unit · build · audit	Pruebas unitarias (domain, api)	2026-09-22T21:53:44.0665187Z # Subtest: DL-062 · INV-06-167: la referencia de preparación solo corresponde a la importación controlada, y es opaca
verificar · typecheck · unit · build · audit	Pruebas unitarias (domain, api)	2026-09-22T21:53:44.0665881Z ok 179 - DL-062 · INV-06-167: la referencia de preparación solo corresponde a la importación controlada, y es opaca
verificar · typecheck · unit · build · audit	Pruebas unitarias (domain, api)	2026-09-22T21:53:44.0665980Z   ---
verificar · typecheck · unit · build · audit	Pruebas unitarias (domain, api)	2026-09-22T21:53:44.0666094Z   duration_ms: 0.997994
verificar · typecheck · unit · build · audit	Pruebas unitarias (domain, api)	2026-09-22T21:53:44.0666198Z   type: 'test'
verificar · typecheck · unit · build · audit	Pruebas unitarias (domain, api)	2026-09-22T21:53:44.0666543Z   ...
verificar · typecheck · unit · build · audit	Pruebas unitarias (domain, api)	2026-09-22T21:53:44.0667154Z # Subtest: TEST-PRJ-009 · ningún schema de antropometría ni de cálculo tiene puntaje, porcentaje ni calificación
verificar · typecheck · unit · build · audit	Pruebas unitarias (domain, api)	2026-09-22T21:53:44.0667948Z ok 180 - TEST-PRJ-009 · ningún schema de antropometría ni de cálculo tiene puntaje, porcentaje ni calificación
verificar · typecheck · unit · build · audit	Pruebas unitarias (domain, api)	2026-09-22T21:53:44.0668309Z   ---
verificar · typecheck · unit · build · audit	Pruebas unitarias (domain, api)	2026-09-22T21:53:44.0668412Z   duration_ms: 31.469288
verificar · typecheck · unit · build · audit	Pruebas unitarias (domain, api)	2026-09-22T21:53:44.0668521Z   type: 'test'
verificar · typecheck · unit · build · audit	Pruebas unitarias (domain, api)	2026-09-22T21:53:44.0668618Z   ...
verificar · typecheck · unit · build · audit	Pruebas unitarias (domain, api)	2026-09-22T21:53:44.0669346Z # Subtest: TEST-PRJ-009 · el control de cero juicio detecta un campo prohibido, también dentro del schema de la evolución
verificar · typecheck · unit · build · audit	Pruebas unitarias (domain, api)	2026-09-22T21:53:44.0670025Z ok 181 - TEST-PRJ-009 · el control de cero juicio detecta un campo prohibido, también dentro del schema de la evolución
verificar · typecheck · unit · build · audit	Pruebas unitarias (domain, api)	2026-09-22T21:53:44.0670128Z   ---
verificar · typecheck · unit · build · audit	Pruebas unitarias (domain, api)	2026-09-22T21:53:44.0670238Z   duration_ms: 0.797452
verificar · typecheck · unit · build · audit	Pruebas unitarias (domain, api)	2026-09-22T21:53:44.0670344Z   type: 'test'
verificar · typecheck · unit · build · audit	Pruebas unitarias (domain, api)	2026-09-22T21:53:44.0670441Z   ...
verificar · typecheck · unit · build · audit	Pruebas unitarias (domain, api)	2026-09-22T21:53:44.0670992Z # Subtest: WP-05 §4 · el OpenAPI publica las doce operaciones ANT en las rutas que declara el 09
verificar · typecheck · unit · build · audit	Pruebas unitarias (domain, api)	2026-09-22T21:53:44.0671540Z ok 182 - WP-05 §4 · el OpenAPI publica las doce operaciones ANT en las rutas que declara el 09
verificar · typecheck · unit · build · audit	Pruebas unitarias (domain, api)	2026-09-22T21:53:44.0671640Z   ---
verificar · typecheck · unit · build · audit	Pruebas unitarias (domain, api)	2026-09-22T21:53:44.0671746Z   duration_ms: 13.594403
verificar · typecheck · unit · build · audit	Pruebas unitarias (domain, api)	2026-09-22T21:53:44.0671863Z   type: 'test'
verificar · typecheck · unit · build · audit	Pruebas unitarias (domain, api)	2026-09-22T21:53:44.0671955Z   ...
verificar · typecheck · unit · build · audit	Pruebas unitarias (domain, api)	2026-09-22T21:53:44.0672568Z # Subtest: T13 · el copy de antropometría no dice diagnóstico, ni completa huecos, ni califica el cuerpo
verificar · typecheck · unit · build · audit	Pruebas unitarias (domain, api)	2026-09-22T21:53:44.0673779Z ok 183 - T13 · el copy de antropometría no dice diagnóstico, ni completa huecos, ni califica el cuerpo
verificar · typecheck · unit · build · audit	Pruebas unitarias (domain, api)	2026-09-22T21:53:44.0673894Z   ---
verificar · typecheck · unit · build · audit	Pruebas unitarias (domain, api)	2026-09-22T21:53:44.0674017Z   duration_ms: 1.480133
verificar · typecheck · unit · build · audit	Pruebas unitarias (domain, api)	2026-09-22T21:53:44.0674130Z   type: 'test'
verificar · typecheck · unit · build · audit	Pruebas unitarias (domain, api)	2026-09-22T21:53:44.0674221Z   ...
verificar · typecheck · unit · build · audit	Pruebas unitarias (domain, api)	2026-09-22T21:53:44.0674797Z # Subtest: 08 §56.12 · el copy de anular explicita que preserva la historia y no habla de borrar
verificar · typecheck · unit · build · audit	Pruebas unitarias (domain, api)	2026-09-22T21:53:44.0675321Z ok 184 - 08 §56.12 · el copy de anular explicita que preserva la historia y no habla de borrar
verificar · typecheck · unit · build · audit	Pruebas unitarias (domain, api)	2026-09-22T21:53:44.0675445Z   ---
verificar · typecheck · unit · build · audit	Pruebas unitarias (domain, api)	2026-09-22T21:53:44.0675564Z   duration_ms: 0.290919
verificar · typecheck · unit · build · audit	Pruebas unitarias (domain, api)	2026-09-22T21:53:44.0675665Z   type: 'test'
verificar · typecheck · unit · build · audit	Pruebas unitarias (domain, api)	2026-09-22T21:53:44.0675763Z   ...
verificar · typecheck · unit · build · audit	Pruebas unitarias (domain, api)	2026-09-22T21:53:44.0676301Z # Subtest: RF-048 · decir que algo NO es un diagnóstico no es lo mismo que presentarlo como tal
verificar · typecheck · unit · build · audit	Pruebas unitarias (domain, api)	2026-09-22T21:53:44.0676825Z ok 185 - RF-048 · decir que algo NO es un diagnóstico no es lo mismo que presentarlo como tal
verificar · typecheck · unit · build · audit	Pruebas unitarias (domain, api)	2026-09-22T21:53:44.0676931Z   ---
verificar · typecheck · unit · build · audit	Pruebas unitarias (domain, api)	2026-09-22T21:53:44.0677047Z   duration_ms: 0.160211
verificar · typecheck · unit · build · audit	Pruebas unitarias (domain, api)	2026-09-22T21:53:44.0677147Z   type: 'test'
verificar · typecheck · unit · build · audit	Pruebas unitarias (domain, api)	2026-09-22T21:53:44.0677244Z   ...
verificar · typecheck · unit · build · audit	Pruebas unitarias (domain, api)	2026-09-22T21:53:44.0678008Z # Subtest: DL-072 · REG-06-203: la especificación declara su estado, y solo admite vigente o histórica
verificar · typecheck · unit · build · audit	Pruebas unitarias (domain, api)	2026-09-22T21:53:44.0678619Z ok 186 - DL-072 · REG-06-203: la especificación declara su estado, y solo admite vigente o histórica
verificar · typecheck · unit · build · audit	Pruebas unitarias (domain, api)	2026-09-22T21:53:44.0678724Z   ---
verificar · typecheck · unit · build · audit	Pruebas unitarias (domain, api)	2026-09-22T21:53:44.0678831Z   duration_ms: 0.874739
verificar · typecheck · unit · build · audit	Pruebas unitarias (domain, api)	2026-09-22T21:53:44.0678937Z   type: 'test'
verificar · typecheck · unit · build · audit	Pruebas unitarias (domain, api)	2026-09-22T21:53:44.0679037Z   ...
verificar · typecheck · unit · build · audit	Pruebas unitarias (domain, api)	2026-09-22T21:53:44.0679807Z # Subtest: TEST-TRN-002 · la ejecución registrada es terminal: no existe transición que la devuelva a borrador (06:5221)
verificar · typecheck · unit · build · audit	Pruebas unitarias (domain, api)	2026-09-22T21:53:44.0680526Z ok 187 - TEST-TRN-002 · la ejecución registrada es terminal: no existe transición que la devuelva a borrador (06:5221)
verificar · typecheck · unit · build · audit	Pruebas unitarias (domain, api)	2026-09-22T21:53:44.0680640Z   ---
verificar · typecheck · unit · build · audit	Pruebas unitarias (domain, api)	2026-09-22T21:53:44.0680748Z   duration_ms: 2.778939
verificar · typecheck · unit · build · audit	Pruebas unitarias (domain, api)	2026-09-22T21:53:44.0680857Z   type: 'test'
verificar · typecheck · unit · build · audit	Pruebas unitarias (domain, api)	2026-09-22T21:53:44.0680948Z   ...
verificar · typecheck · unit · build · audit	Pruebas unitarias (domain, api)	2026-09-22T21:53:44.0681692Z # Subtest: TEST-TRN-002 · confirmar exige contenido mínimo coherente; el borrador se guarda sin exigirlo (06:5217-5219)
verificar · typecheck · unit · build · audit	Pruebas unitarias (domain, api)	2026-09-22T21:53:44.0682465Z ok 188 - TEST-TRN-002 · confirmar exige contenido mínimo coherente; el borrador se guarda sin exigirlo (06:5217-5219)
verificar · typecheck · unit · build · audit	Pruebas unitarias (domain, api)	2026-09-22T21:53:44.0682569Z   ---
verificar · typecheck · unit · build · audit	Pruebas unitarias (domain, api)	2026-09-22T21:53:44.0682685Z   duration_ms: 0.269606
verificar · typecheck · unit · build · audit	Pruebas unitarias (domain, api)	2026-09-22T21:53:44.0682788Z   type: 'test'
verificar · typecheck · unit · build · audit	Pruebas unitarias (domain, api)	2026-09-22T21:53:44.0682884Z   ...
verificar · typecheck · unit · build · audit	Pruebas unitarias (domain, api)	2026-09-22T21:53:44.0683425Z # Subtest: INV-06-121 · el borrador de ejecución no nace sin sesión y versión identificables
verificar · typecheck · unit · build · audit	Pruebas unitarias (domain, api)	2026-09-22T21:53:44.0684184Z ok 189 - INV-06-121 · el borrador de ejecución no nace sin sesión y versión identificables
verificar · typecheck · unit · build · audit	Pruebas unitarias (domain, api)	2026-09-22T21:53:44.0684286Z   ---
verificar · typecheck · unit · build · audit	Pruebas unitarias (domain, api)	2026-09-22T21:53:44.0684396Z   duration_ms: 0.155525
verificar · typecheck · unit · build · audit	Pruebas unitarias (domain, api)	2026-09-22T21:53:44.0684676Z   type: 'test'
verificar · typecheck · unit · build · audit	Pruebas unitarias (domain, api)	2026-09-22T21:53:44.0684773Z   ...
verificar · typecheck · unit · build · audit	Pruebas unitarias (domain, api)	2026-09-22T21:53:44.0685307Z # Subtest: 06:5149-5162 · la versión de plan tiene exactamente dos estados, y VALIDADO no es uno
verificar · typecheck · unit · build · audit	Pruebas unitarias (domain, api)	2026-09-22T21:53:44.0685851Z ok 190 - 06:5149-5162 · la versión de plan tiene exactamente dos estados, y VALIDADO no es uno
verificar · typecheck · unit · build · audit	Pruebas unitarias (domain, api)	2026-09-22T21:53:44.0685953Z   ---
verificar · typecheck · unit · build · audit	Pruebas unitarias (domain, api)	2026-09-22T21:53:44.0686060Z   duration_ms: 0.258881
verificar · typecheck · unit · build · audit	Pruebas unitarias (domain, api)	2026-09-22T21:53:44.0686168Z   type: 'test'
verificar · typecheck · unit · build · audit	Pruebas unitarias (domain, api)	2026-09-22T21:53:44.0686261Z   ...
verificar · typecheck · unit · build · audit	Pruebas unitarias (domain, api)	2026-09-22T21:53:44.0686957Z # Subtest: INV-06-109 · no existe transición que edite una versión ACTIVADA ni que la devuelva a BORRADOR (06:4307)
verificar · typecheck · unit · build · audit	Pruebas unitarias (domain, api)	2026-09-22T21:53:44.0687781Z ok 191 - INV-06-109 · no existe transición que edite una versión ACTIVADA ni que la devuelva a BORRADOR (06:4307)
verificar · typecheck · unit · build · audit	Pruebas unitarias (domain, api)	2026-09-22T21:53:44.0687900Z   ---
verificar · typecheck · unit · build · audit	Pruebas unitarias (domain, api)	2026-09-22T21:53:44.0688013Z   duration_ms: 0.239481
verificar · typecheck · unit · build · audit	Pruebas unitarias (domain, api)	2026-09-22T21:53:44.0688117Z   type: 'test'
verificar · typecheck · unit · build · audit	Pruebas unitarias (domain, api)	2026-09-22T21:53:44.0688209Z   ...
verificar · typecheck · unit · build · audit	Pruebas unitarias (domain, api)	2026-09-22T21:53:44.0688793Z # Subtest: REG-06-104 · «si no puede preservarse la instantánea, el plan no se activa» (05:8878)
verificar · typecheck · unit · build · audit	Pruebas unitarias (domain, api)	2026-09-22T21:53:44.0689339Z ok 192 - REG-06-104 · «si no puede preservarse la instantánea, el plan no se activa» (05:8878)
verificar · typecheck · unit · build · audit	Pruebas unitarias (domain, api)	2026-09-22T21:53:44.0689428Z   ---
verificar · typecheck · unit · build · audit	Pruebas unitarias (domain, api)	2026-09-22T21:53:44.0689530Z   duration_ms: 0.17231
verificar · typecheck · unit · build · audit	Pruebas unitarias (domain, api)	2026-09-22T21:53:44.0689630Z   type: 'test'
verificar · typecheck · unit · build · audit	Pruebas unitarias (domain, api)	2026-09-22T21:53:44.0689711Z   ...
verificar · typecheck · unit · build · audit	Pruebas unitarias (domain, api)	2026-09-22T21:53:44.0690257Z # Subtest: TEST-TRN-006 · REG-06-128: el criterio es exactamente uno de los dos, y puede no declararse
verificar · typecheck · unit · build · audit	Pruebas unitarias (domain, api)	2026-09-22T21:53:44.0690792Z ok 193 - TEST-TRN-006 · REG-06-128: el criterio es exactamente uno de los dos, y puede no declararse
verificar · typecheck · unit · build · audit	Pruebas unitarias (domain, api)	2026-09-22T21:53:44.0690895Z   ---
verificar · typecheck · unit · build · audit	Pruebas unitarias (domain, api)	2026-09-22T21:53:44.0690997Z   duration_ms: 0.27875
verificar · typecheck · unit · build · audit	Pruebas unitarias (domain, api)	2026-09-22T21:53:44.0691085Z   type: 'test'
verificar · typecheck · unit · build · audit	Pruebas unitarias (domain, api)	2026-09-22T21:53:44.0691178Z   ...
verificar · typecheck · unit · build · audit	Pruebas unitarias (domain, api)	2026-09-22T21:53:44.0691778Z # Subtest: TEST-TRN-006 · REG-06-129: el esfuerzo percibido no es un tercer criterio, es dato de la ejecución
verificar · typecheck · unit · build · audit	Pruebas unitarias (domain, api)	2026-09-22T21:53:44.0692329Z ok 194 - TEST-TRN-006 · REG-06-129: el esfuerzo percibido no es un tercer criterio, es dato de la ejecución
verificar · typecheck · unit · build · audit	Pruebas unitarias (domain, api)	2026-09-22T21:53:44.0692429Z   ---
verificar · typecheck · unit · build · audit	Pruebas unitarias (domain, api)	2026-09-22T21:53:44.0692536Z   duration_ms: 0.149445
verificar · typecheck · unit · build · audit	Pruebas unitarias (domain, api)	2026-09-22T21:53:44.0692626Z   type: 'test'
verificar · typecheck · unit · build · audit	Pruebas unitarias (domain, api)	2026-09-22T21:53:44.0692720Z   ...
verificar · typecheck · unit · build · audit	Pruebas unitarias (domain, api)	2026-09-22T21:53:44.0693310Z # Subtest: REG-06-129 · no hay conversión automática entre criterios: el dominio no expone ninguna (06:5431)
verificar · typecheck · unit · build · audit	Pruebas unitarias (domain, api)	2026-09-22T21:53:44.0693868Z ok 195 - REG-06-129 · no hay conversión automática entre criterios: el dominio no expone ninguna (06:5431)
verificar · typecheck · unit · build · audit	Pruebas unitarias (domain, api)	2026-09-22T21:53:44.0693956Z   ---
verificar · typecheck · unit · build · audit	Pruebas unitarias (domain, api)	2026-09-22T21:53:44.0694047Z   duration_ms: 0.481136
verificar · typecheck · unit · build · audit	Pruebas unitarias (domain, api)	2026-09-22T21:53:44.0694139Z   type: 'test'
verificar · typecheck · unit · build · audit	Pruebas unitarias (domain, api)	2026-09-22T21:53:44.0694234Z   ...
verificar · typecheck · unit · build · audit	Pruebas unitarias (domain, api)	2026-09-22T21:53:44.0694804Z # Subtest: TEST-TRN-004 · REG-06-131: la ausencia de registro produce SIN_REGISTRO, que no es una condición
verificar · typecheck · unit · build · audit	Pruebas unitarias (domain, api)	2026-09-22T21:53:44.0695385Z ok 196 - TEST-TRN-004 · REG-06-131: la ausencia de registro produce SIN_REGISTRO, que no es una condición
verificar · typecheck · unit · build · audit	Pruebas unitarias (domain, api)	2026-09-22T21:53:44.0695494Z   ---
verificar · typecheck · unit · build · audit	Pruebas unitarias (domain, api)	2026-09-22T21:53:44.0695596Z   duration_ms: 0.480795
verificar · typecheck · unit · build · audit	Pruebas unitarias (domain, api)	2026-09-22T21:53:44.0695699Z   type: 'test'
verificar · typecheck · unit · build · audit	Pruebas unitarias (domain, api)	2026-09-22T21:53:44.0696059Z   ...
verificar · typecheck · unit · build · audit	Pruebas unitarias (domain, api)	2026-09-22T21:53:44.0696667Z # Subtest: INV-06-141 · la condición de sesión es un conjunto cerrado de exactamente tres valores
verificar · typecheck · unit · build · audit	Pruebas unitarias (domain, api)	2026-09-22T21:53:44.0697195Z ok 197 - INV-06-141 · la condición de sesión es un conjunto cerrado de exactamente tres valores
verificar · typecheck · unit · build · audit	Pruebas unitarias (domain, api)	2026-09-22T21:53:44.0697286Z   ---
verificar · typecheck · unit · build · audit	Pruebas unitarias (domain, api)	2026-09-22T21:53:44.0697631Z   duration_ms: 0.207162
verificar · typecheck · unit · build · audit	Pruebas unitarias (domain, api)	2026-09-22T21:53:44.0697745Z   type: 'test'
verificar · typecheck · unit · build · audit	Pruebas unitarias (domain, api)	2026-09-22T21:53:44.0697828Z   ...
verificar · typecheck · unit · build · audit	Pruebas unitarias (domain, api)	2026-09-22T21:53:44.0698414Z # Subtest: TEST-TRN-003 · REG-06-130: sustituir conserva prescripto y realizado, y no es un error
verificar · typecheck · unit · build · audit	Pruebas unitarias (domain, api)	2026-09-22T21:53:44.0698982Z ok 198 - TEST-TRN-003 · REG-06-130: sustituir conserva prescripto y realizado, y no es un error
verificar · typecheck · unit · build · audit	Pruebas unitarias (domain, api)	2026-09-22T21:53:44.0699086Z   ---
verificar · typecheck · unit · build · audit	Pruebas unitarias (domain, api)	2026-09-22T21:53:44.0699204Z   duration_ms: 0.156376
verificar · typecheck · unit · build · audit	Pruebas unitarias (domain, api)	2026-09-22T21:53:44.0699517Z   type: 'test'
verificar · typecheck · unit · build · audit	Pruebas unitarias (domain, api)	2026-09-22T21:53:44.0699620Z   ...
verificar · typecheck · unit · build · audit	Pruebas unitarias (domain, api)	2026-09-22T21:53:44.0700242Z # Subtest: INV-06-152 · si hay carga registrada tiene que haber unidad; los demás campos son opcionales
verificar · typecheck · unit · build · audit	Pruebas unitarias (domain, api)	2026-09-22T21:53:44.0700842Z ok 199 - INV-06-152 · si hay carga registrada tiene que haber unidad; los demás campos son opcionales
verificar · typecheck · unit · build · audit	Pruebas unitarias (domain, api)	2026-09-22T21:53:44.0700952Z   ---
verificar · typecheck · unit · build · audit	Pruebas unitarias (domain, api)	2026-09-22T21:53:44.0701075Z   duration_ms: 0.22544
verificar · typecheck · unit · build · audit	Pruebas unitarias (domain, api)	2026-09-22T21:53:44.0701181Z   type: 'test'
verificar · typecheck · unit · build · audit	Pruebas unitarias (domain, api)	2026-09-22T21:53:44.0701352Z   ...
verificar · typecheck · unit · build · audit	Pruebas unitarias (domain, api)	2026-09-22T21:53:44.0701930Z # Subtest: REG-06-132 · las dos granularidades son un conjunto cerrado, y se conserva cuál se usó
verificar · typecheck · unit · build · audit	Pruebas unitarias (domain, api)	2026-09-22T21:53:44.0702441Z ok 200 - REG-06-132 · las dos granularidades son un conjunto cerrado, y se conserva cuál se usó
verificar · typecheck · unit · build · audit	Pruebas unitarias (domain, api)	2026-09-22T21:53:44.0702546Z   ---
verificar · typecheck · unit · build · audit	Pruebas unitarias (domain, api)	2026-09-22T21:53:44.0702656Z   duration_ms: 0.113381
verificar · typecheck · unit · build · audit	Pruebas unitarias (domain, api)	2026-09-22T21:53:44.0702767Z   type: 'test'
verificar · typecheck · unit · build · audit	Pruebas unitarias (domain, api)	2026-09-22T21:53:44.0702872Z   ...
verificar · typecheck · unit · build · audit	Pruebas unitarias (domain, api)	2026-09-22T21:53:44.0703432Z # Subtest: REG-06-117 · la progresión mapea a AJUSTAR o SUSTITUIR; no existe el token PROGRESAR
verificar · typecheck · unit · build · audit	Pruebas unitarias (domain, api)	2026-09-22T21:53:44.0703986Z ok 201 - REG-06-117 · la progresión mapea a AJUSTAR o SUSTITUIR; no existe el token PROGRESAR
verificar · typecheck · unit · build · audit	Pruebas unitarias (domain, api)	2026-09-22T21:53:44.0704096Z   ---
verificar · typecheck · unit · build · audit	Pruebas unitarias (domain, api)	2026-09-22T21:53:44.0704202Z   duration_ms: 0.614746
verificar · typecheck · unit · build · audit	Pruebas unitarias (domain, api)	2026-09-22T21:53:44.0704321Z   type: 'test'
verificar · typecheck · unit · build · audit	Pruebas unitarias (domain, api)	2026-09-22T21:53:44.0704424Z   ...
verificar · typecheck · unit · build · audit	Pruebas unitarias (domain, api)	2026-09-22T21:53:44.0705045Z # Subtest: REG-06-115 · la ocurrencia se identifica por sesión y fecha local, no por timestamp (06:5235)
verificar · typecheck · unit · build · audit	Pruebas unitarias (domain, api)	2026-09-22T21:53:44.0705658Z ok 202 - REG-06-115 · la ocurrencia se identifica por sesión y fecha local, no por timestamp (06:5235)
verificar · typecheck · unit · build · audit	Pruebas unitarias (domain, api)	2026-09-22T21:53:44.0705761Z   ---
verificar · typecheck · unit · build · audit	Pruebas unitarias (domain, api)	2026-09-22T21:53:44.0705883Z   duration_ms: 0.20575
verificar · typecheck · unit · build · audit	Pruebas unitarias (domain, api)	2026-09-22T21:53:44.0705997Z   type: 'test'
verificar · typecheck · unit · build · audit	Pruebas unitarias (domain, api)	2026-09-22T21:53:44.0706089Z   ...
verificar · typecheck · unit · build · audit	Pruebas unitarias (domain, api)	2026-09-22T21:53:44.0706699Z # Subtest: INV-06-153 · B-08 captura, no calcula: el dominio no expone volumen, marcas ni progresiones
verificar · typecheck · unit · build · audit	Pruebas unitarias (domain, api)	2026-09-22T21:53:44.0707282Z ok 203 - INV-06-153 · B-08 captura, no calcula: el dominio no expone volumen, marcas ni progresiones
verificar · typecheck · unit · build · audit	Pruebas unitarias (domain, api)	2026-09-22T21:53:44.0707571Z   ---
verificar · typecheck · unit · build · audit	Pruebas unitarias (domain, api)	2026-09-22T21:53:44.0707697Z   duration_ms: 0.207613
verificar · typecheck · unit · build · audit	Pruebas unitarias (domain, api)	2026-09-22T21:53:44.0707808Z   type: 'test'
verificar · typecheck · unit · build · audit	Pruebas unitarias (domain, api)	2026-09-22T21:53:44.0707904Z   ...
verificar · typecheck · unit · build · audit	Pruebas unitarias (domain, api)	2026-09-22T21:53:44.0708411Z # Subtest: la ejecución y el plan son dos máquinas distintas, con terminales distintas
verificar · typecheck · unit · build · audit	Pruebas unitarias (domain, api)	2026-09-22T21:53:44.0708905Z ok 204 - la ejecución y el plan son dos máquinas distintas, con terminales distintas
verificar · typecheck · unit · build · audit	Pruebas unitarias (domain, api)	2026-09-22T21:53:44.0709010Z   ---
verificar · typecheck · unit · build · audit	Pruebas unitarias (domain, api)	2026-09-22T21:53:44.0709135Z   duration_ms: 0.141543
verificar · typecheck · unit · build · audit	Pruebas unitarias (domain, api)	2026-09-22T21:53:44.0709241Z   type: 'test'
verificar · typecheck · unit · build · audit	Pruebas unitarias (domain, api)	2026-09-22T21:53:44.0709343Z   ...
verificar · typecheck · unit · build · audit	Pruebas unitarias (domain, api)	2026-09-22T21:53:44.0709788Z # Subtest: 06 §5.7.2 — conjunto cerrado de tres estados, tokens CONV-06-02
verificar · typecheck · unit · build · audit	Pruebas unitarias (domain, api)	2026-09-22T21:53:44.0710184Z ok 205 - 06 §5.7.2 — conjunto cerrado de tres estados, tokens CONV-06-02
verificar · typecheck · unit · build · audit	Pruebas unitarias (domain, api)	2026-09-22T21:53:44.0710297Z   ---
verificar · typecheck · unit · build · audit	Pruebas unitarias (domain, api)	2026-09-22T21:53:44.0710409Z   duration_ms: 1.921519
verificar · typecheck · unit · build · audit	Pruebas unitarias (domain, api)	2026-09-22T21:53:44.0710520Z   type: 'test'
verificar · typecheck · unit · build · audit	Pruebas unitarias (domain, api)	2026-09-22T21:53:44.0710621Z   ...
verificar · typecheck · unit · build · audit	Pruebas unitarias (domain, api)	2026-09-22T21:53:44.0711227Z # Subtest: 06 §5.7.2 — inicial OPERATIVA, terminal CERRADA; solo OPERATIVA permite operar (INV-06-28)
verificar · typecheck · unit · build · audit	Pruebas unitarias (domain, api)	2026-09-22T21:53:44.0711840Z ok 206 - 06 §5.7.2 — inicial OPERATIVA, terminal CERRADA; solo OPERATIVA permite operar (INV-06-28)
verificar · typecheck · unit · build · audit	Pruebas unitarias (domain, api)	2026-09-22T21:53:44.0711952Z   ---
verificar · typecheck · unit · build · audit	Pruebas unitarias (domain, api)	2026-09-22T21:53:44.0712061Z   duration_ms: 0.298751
verificar · typecheck · unit · build · audit	Pruebas unitarias (domain, api)	2026-09-22T21:53:44.0712397Z   type: 'test'
verificar · typecheck · unit · build · audit	Pruebas unitarias (domain, api)	2026-09-22T21:53:44.0712496Z   ...
verificar · typecheck · unit · build · audit	Pruebas unitarias (domain, api)	2026-09-22T21:53:44.0712755Z # Subtest: 06 §5.7.4 — lista blanca exacta
verificar · typecheck · unit · build · audit	Pruebas unitarias (domain, api)	2026-09-22T21:53:44.0712980Z ok 207 - 06 §5.7.4 — lista blanca exacta
verificar · typecheck · unit · build · audit	Pruebas unitarias (domain, api)	2026-09-22T21:53:44.0713059Z   ---
verificar · typecheck · unit · build · audit	Pruebas unitarias (domain, api)	2026-09-22T21:53:44.0713156Z   duration_ms: 1.493452
verificar · typecheck · unit · build · audit	Pruebas unitarias (domain, api)	2026-09-22T21:53:44.0713247Z   type: 'test'
verificar · typecheck · unit · build · audit	Pruebas unitarias (domain, api)	2026-09-22T21:53:44.0713320Z   ...
verificar · typecheck · unit · build · audit	Pruebas unitarias (domain, api)	2026-09-22T21:53:44.0713754Z # Subtest: 06 §5.7.4 — toda transición no declarada está prohibida (matriz 3×3)
verificar · typecheck · unit · build · audit	Pruebas unitarias (domain, api)	2026-09-22T21:53:44.0714205Z ok 208 - 06 §5.7.4 — toda transición no declarada está prohibida (matriz 3×3)
verificar · typecheck · unit · build · audit	Pruebas unitarias (domain, api)	2026-09-22T21:53:44.0714300Z   ---
verificar · typecheck · unit · build · audit	Pruebas unitarias (domain, api)	2026-09-22T21:53:44.0714415Z   duration_ms: 0.325551
verificar · typecheck · unit · build · audit	Pruebas unitarias (domain, api)	2026-09-22T21:53:44.0714515Z   type: 'test'
verificar · typecheck · unit · build · audit	Pruebas unitarias (domain, api)	2026-09-22T21:53:44.0714618Z   ...
verificar · typecheck · unit · build · audit	Pruebas unitarias (domain, api)	2026-09-22T21:53:44.0715345Z # Subtest: SuspenderCuenta OPERATIVA → SUSPENDIDA: permitida con fundamento; revoca sesiones
verificar · typecheck · unit · build · audit	Pruebas unitarias (domain, api)	2026-09-22T21:53:44.0715844Z ok 209 - SuspenderCuenta OPERATIVA → SUSPENDIDA: permitida con fundamento; revoca sesiones
verificar · typecheck · unit · build · audit	Pruebas unitarias (domain, api)	2026-09-22T21:53:44.0715949Z   ---
verificar · typecheck · unit · build · audit	Pruebas unitarias (domain, api)	2026-09-22T21:53:44.0716055Z   duration_ms: 0.272561
verificar · typecheck · unit · build · audit	Pruebas unitarias (domain, api)	2026-09-22T21:53:44.0716155Z   type: 'test'
verificar · typecheck · unit · build · audit	Pruebas unitarias (domain, api)	2026-09-22T21:53:44.0716251Z   ...
verificar · typecheck · unit · build · audit	Pruebas unitarias (domain, api)	2026-09-22T21:53:44.0716597Z # Subtest: SuspenderCuenta: la guarda rechaza un fundamento vacío
verificar · typecheck · unit · build · audit	Pruebas unitarias (domain, api)	2026-09-22T21:53:44.0716925Z ok 210 - SuspenderCuenta: la guarda rechaza un fundamento vacío
verificar · typecheck · unit · build · audit	Pruebas unitarias (domain, api)	2026-09-22T21:53:44.0717013Z   ---
verificar · typecheck · unit · build · audit	Pruebas unitarias (domain, api)	2026-09-22T21:53:44.0717108Z   duration_ms: 0.164768
verificar · typecheck · unit · build · audit	Pruebas unitarias (domain, api)	2026-09-22T21:53:44.0717271Z   type: 'test'
verificar · typecheck · unit · build · audit	Pruebas unitarias (domain, api)	2026-09-22T21:53:44.0717530Z   ...
verificar · typecheck · unit · build · audit	Pruebas unitarias (domain, api)	2026-09-22T21:53:44.0718113Z # Subtest: RestablecerCuenta SUSPENDIDA → OPERATIVA: permitida con resolución; no concede nada más
verificar · typecheck · unit · build · audit	Pruebas unitarias (domain, api)	2026-09-22T21:53:44.0718727Z ok 211 - RestablecerCuenta SUSPENDIDA → OPERATIVA: permitida con resolución; no concede nada más
verificar · typecheck · unit · build · audit	Pruebas unitarias (domain, api)	2026-09-22T21:53:44.0718863Z   ---
verificar · typecheck · unit · build · audit	Pruebas unitarias (domain, api)	2026-09-22T21:53:44.0718963Z   duration_ms: 0.246612
verificar · typecheck · unit · build · audit	Pruebas unitarias (domain, api)	2026-09-22T21:53:44.0719059Z   type: 'test'
verificar · typecheck · unit · build · audit	Pruebas unitarias (domain, api)	2026-09-22T21:53:44.0719169Z   ...
verificar · typecheck · unit · build · audit	Pruebas unitarias (domain, api)	2026-09-22T21:53:44.0719575Z # Subtest: RestablecerCuenta: la guarda rechaza una resolución vacía
verificar · typecheck · unit · build · audit	Pruebas unitarias (domain, api)	2026-09-22T21:53:44.0719978Z ok 212 - RestablecerCuenta: la guarda rechaza una resolución vacía
verificar · typecheck · unit · build · audit	Pruebas unitarias (domain, api)	2026-09-22T21:53:44.0720067Z   ---
verificar · typecheck · unit · build · audit	Pruebas unitarias (domain, api)	2026-09-22T21:53:44.0720172Z   duration_ms: 0.237699
verificar · typecheck · unit · build · audit	Pruebas unitarias (domain, api)	2026-09-22T21:53:44.0720303Z   type: 'test'
verificar · typecheck · unit · build · audit	Pruebas unitarias (domain, api)	2026-09-22T21:53:44.0720394Z   ...
verificar · typecheck · unit · build · audit	Pruebas unitarias (domain, api)	2026-09-22T21:53:44.0721010Z # Subtest: CerrarCuenta OPERATIVA → CERRADA: permitida con las cuatro guardas; efectos del §5.8 y 08
verificar · typecheck · unit · build · audit	Pruebas unitarias (domain, api)	2026-09-22T21:53:44.0721579Z ok 213 - CerrarCuenta OPERATIVA → CERRADA: permitida con las cuatro guardas; efectos del §5.8 y 08
verificar · typecheck · unit · build · audit	Pruebas unitarias (domain, api)	2026-09-22T21:53:44.0721666Z   ---
verificar · typecheck · unit · build · audit	Pruebas unitarias (domain, api)	2026-09-22T21:53:44.0721806Z   duration_ms: 0.436388
verificar · typecheck · unit · build · audit	Pruebas unitarias (domain, api)	2026-09-22T21:53:44.0721917Z   type: 'test'
verificar · typecheck · unit · build · audit	Pruebas unitarias (domain, api)	2026-09-22T21:53:44.0721999Z   ...
verificar · typecheck · unit · build · audit	Pruebas unitarias (domain, api)	2026-09-22T21:53:44.0722421Z # Subtest: CerrarCuenta: cada guarda se evalúa como condición explícita
verificar · typecheck · unit · build · audit	Pruebas unitarias (domain, api)	2026-09-22T21:53:44.0722829Z ok 214 - CerrarCuenta: cada guarda se evalúa como condición explícita
verificar · typecheck · unit · build · audit	Pruebas unitarias (domain, api)	2026-09-22T21:53:44.0722954Z   ---
verificar · typecheck · unit · build · audit	Pruebas unitarias (domain, api)	2026-09-22T21:53:44.0723068Z   duration_ms: 0.447555
verificar · typecheck · unit · build · audit	Pruebas unitarias (domain, api)	2026-09-22T21:53:44.0723156Z   type: 'test'
verificar · typecheck · unit · build · audit	Pruebas unitarias (domain, api)	2026-09-22T21:53:44.0723274Z   ...
verificar · typecheck · unit · build · audit	Pruebas unitarias (domain, api)	2026-09-22T21:53:44.0723850Z # Subtest: SUSPENDIDA → CERRADA FALLA aunque todas las guardas del cierre se cumplan (06 §5.7.4)
verificar · typecheck · unit · build · audit	Pruebas unitarias (domain, api)	2026-09-22T21:53:44.0724402Z ok 215 - SUSPENDIDA → CERRADA FALLA aunque todas las guardas del cierre se cumplan (06 §5.7.4)
verificar · typecheck · unit · build · audit	Pruebas unitarias (domain, api)	2026-09-22T21:53:44.0724530Z   ---
verificar · typecheck · unit · build · audit	Pruebas unitarias (domain, api)	2026-09-22T21:53:44.0724637Z   duration_ms: 0.165359
verificar · typecheck · unit · build · audit	Pruebas unitarias (domain, api)	2026-09-22T21:53:44.0724737Z   type: 'test'
verificar · typecheck · unit · build · audit	Pruebas unitarias (domain, api)	2026-09-22T21:53:44.0724833Z   ...
verificar · typecheck · unit · build · audit	Pruebas unitarias (domain, api)	2026-09-22T21:53:44.0725401Z # Subtest: CERRADA no tiene salida: ninguna transición se evalúa como permitida desde CERRADA
verificar · typecheck · unit · build · audit	Pruebas unitarias (domain, api)	2026-09-22T21:53:44.0725974Z ok 216 - CERRADA no tiene salida: ninguna transición se evalúa como permitida desde CERRADA
verificar · typecheck · unit · build · audit	Pruebas unitarias (domain, api)	2026-09-22T21:53:44.0726076Z   ---
verificar · typecheck · unit · build · audit	Pruebas unitarias (domain, api)	2026-09-22T21:53:44.0726177Z   duration_ms: 0.121053
verificar · typecheck · unit · build · audit	Pruebas unitarias (domain, api)	2026-09-22T21:53:44.0726313Z   type: 'test'
verificar · typecheck · unit · build · audit	Pruebas unitarias (domain, api)	2026-09-22T21:53:44.0726415Z   ...
verificar · typecheck · unit · build · audit	Pruebas unitarias (domain, api)	2026-09-22T21:53:44.0727043Z # Subtest: Transiciones con origen equivocado se rechazan (Restablecer desde OPERATIVA, Suspender desde SUSPENDIDA)
verificar · typecheck · unit · build · audit	Pruebas unitarias (domain, api)	2026-09-22T21:53:44.0728028Z ok 217 - Transiciones con origen equivocado se rechazan (Restablecer desde OPERATIVA, Suspender desde SUSPENDIDA)
verificar · typecheck · unit · build · audit	Pruebas unitarias (domain, api)	2026-09-22T21:53:44.0728155Z   ---
verificar · typecheck · unit · build · audit	Pruebas unitarias (domain, api)	2026-09-22T21:53:44.0728262Z   duration_ms: 0.078298
verificar · typecheck · unit · build · audit	Pruebas unitarias (domain, api)	2026-09-22T21:53:44.0728362Z   type: 'test'
verificar · typecheck · unit · build · audit	Pruebas unitarias (domain, api)	2026-09-22T21:53:44.0728478Z   ...
verificar · typecheck · unit · build · audit	Pruebas unitarias (domain, api)	2026-09-22T21:53:44.0728904Z # Subtest: REG-06-15 · una cadena vacía no tiene terminal
verificar · typecheck · unit · build · audit	Pruebas unitarias (domain, api)	2026-09-22T21:53:44.0729223Z ok 218 - REG-06-15 · una cadena vacía no tiene terminal
verificar · typecheck · unit · build · audit	Pruebas unitarias (domain, api)	2026-09-22T21:53:44.0729335Z   ---
verificar · typecheck · unit · build · audit	Pruebas unitarias (domain, api)	2026-09-22T21:53:44.0729448Z   duration_ms: 3.257765
verificar · typecheck · unit · build · audit	Pruebas unitarias (domain, api)	2026-09-22T21:53:44.0729548Z   type: 'test'
verificar · typecheck · unit · build · audit	Pruebas unitarias (domain, api)	2026-09-22T21:53:44.0729632Z   ...
verificar · typecheck · unit · build · audit	Pruebas unitarias (domain, api)	2026-09-22T21:53:44.0730297Z # Subtest: REG-06-15 · la cadena se recorre del primer eslabón a la terminal, sin importar el orden del arreglo
verificar · typecheck · unit · build · audit	Pruebas unitarias (domain, api)	2026-09-22T21:53:44.0731114Z ok 219 - REG-06-15 · la cadena se recorre del primer eslabón a la terminal, sin importar el orden del arreglo
verificar · typecheck · unit · build · audit	Pruebas unitarias (domain, api)	2026-09-22T21:53:44.0731220Z   ---
verificar · typecheck · unit · build · audit	Pruebas unitarias (domain, api)	2026-09-22T21:53:44.0731314Z   duration_ms: 0.269346
verificar · typecheck · unit · build · audit	Pruebas unitarias (domain, api)	2026-09-22T21:53:44.0731452Z   type: 'test'
verificar · typecheck · unit · build · audit	Pruebas unitarias (domain, api)	2026-09-22T21:53:44.0731548Z   ...
verificar · typecheck · unit · build · audit	Pruebas unitarias (domain, api)	2026-09-22T21:53:44.0732036Z # Subtest: REG-06-16 inc. 3 · dos eslabones con el mismo previo son una ramificación
verificar · typecheck · unit · build · audit	Pruebas unitarias (domain, api)	2026-09-22T21:53:44.0732494Z ok 220 - REG-06-16 inc. 3 · dos eslabones con el mismo previo son una ramificación
verificar · typecheck · unit · build · audit	Pruebas unitarias (domain, api)	2026-09-22T21:53:44.0732580Z   ---
verificar · typecheck · unit · build · audit	Pruebas unitarias (domain, api)	2026-09-22T21:53:44.0732701Z   duration_ms: 0.200442
verificar · typecheck · unit · build · audit	Pruebas unitarias (domain, api)	2026-09-22T21:53:44.0732812Z   type: 'test'
verificar · typecheck · unit · build · audit	Pruebas unitarias (domain, api)	2026-09-22T21:53:44.0732897Z   ...
verificar · typecheck · unit · build · audit	Pruebas unitarias (domain, api)	2026-09-22T21:53:44.0733309Z # Subtest: REG-06-16 inc. 3 · dos primeros eslabones son una ramificación
verificar · typecheck · unit · build · audit	Pruebas unitarias (domain, api)	2026-09-22T21:53:44.0733721Z ok 221 - REG-06-16 inc. 3 · dos primeros eslabones son una ramificación
verificar · typecheck · unit · build · audit	Pruebas unitarias (domain, api)	2026-09-22T21:53:44.0733818Z   ---
verificar · typecheck · unit · build · audit	Pruebas unitarias (domain, api)	2026-09-22T21:53:44.0733929Z   duration_ms: 0.176997
verificar · typecheck · unit · build · audit	Pruebas unitarias (domain, api)	2026-09-22T21:53:44.0734034Z   type: 'test'
verificar · typecheck · unit · build · audit	Pruebas unitarias (domain, api)	2026-09-22T21:53:44.0734136Z   ...
verificar · typecheck · unit · build · audit	Pruebas unitarias (domain, api)	2026-09-22T21:53:44.0734503Z # Subtest: REG-06-15 · sin ciclos: un ciclo cerrado es no resoluble
verificar · typecheck · unit · build · audit	Pruebas unitarias (domain, api)	2026-09-22T21:53:44.0734876Z ok 222 - REG-06-15 · sin ciclos: un ciclo cerrado es no resoluble
verificar · typecheck · unit · build · audit	Pruebas unitarias (domain, api)	2026-09-22T21:53:44.0734985Z   ---
verificar · typecheck · unit · build · audit	Pruebas unitarias (domain, api)	2026-09-22T21:53:44.0735095Z   duration_ms: 0.425892
verificar · typecheck · unit · build · audit	Pruebas unitarias (domain, api)	2026-09-22T21:53:44.0735191Z   type: 'test'
verificar · typecheck · unit · build · audit	Pruebas unitarias (domain, api)	2026-09-22T21:53:44.0735286Z   ...
verificar · typecheck · unit · build · audit	Pruebas unitarias (domain, api)	2026-09-22T21:53:44.0735824Z # Subtest: REG-06-15 · un ciclo aparte, no alcanzable desde el primero, es no resoluble
verificar · typecheck · unit · build · audit	Pruebas unitarias (domain, api)	2026-09-22T21:53:44.0736273Z ok 223 - REG-06-15 · un ciclo aparte, no alcanzable desde el primero, es no resoluble
verificar · typecheck · unit · build · audit	Pruebas unitarias (domain, api)	2026-09-22T21:53:44.0736373Z   ---
verificar · typecheck · unit · build · audit	Pruebas unitarias (domain, api)	2026-09-22T21:53:44.0736482Z   duration_ms: 0.206412
verificar · typecheck · unit · build · audit	Pruebas unitarias (domain, api)	2026-09-22T21:53:44.0736582Z   type: 'test'
verificar · typecheck · unit · build · audit	Pruebas unitarias (domain, api)	2026-09-22T21:53:44.0736676Z   ...
verificar · typecheck · unit · build · audit	Pruebas unitarias (domain, api)	2026-09-22T21:53:44.0737116Z # Subtest: REG-06-16 inc. 3 · un previo que no existe es una relación incompleta
verificar · typecheck · unit · build · audit	Pruebas unitarias (domain, api)	2026-09-22T21:53:44.0737644Z ok 224 - REG-06-16 inc. 3 · un previo que no existe es una relación incompleta
verificar · typecheck · unit · build · audit	Pruebas unitarias (domain, api)	2026-09-22T21:53:44.0737774Z   ---
verificar · typecheck · unit · build · audit	Pruebas unitarias (domain, api)	2026-09-22T21:53:44.0737877Z   duration_ms: 0.23238
verificar · typecheck · unit · build · audit	Pruebas unitarias (domain, api)	2026-09-22T21:53:44.0737980Z   type: 'test'
verificar · typecheck · unit · build · audit	Pruebas unitarias (domain, api)	2026-09-22T21:53:44.0738076Z   ...
verificar · typecheck · unit · build · audit	Pruebas unitarias (domain, api)	2026-09-22T21:53:44.0738487Z # Subtest: un id repetido es una relación incompleta
verificar · typecheck · unit · build · audit	Pruebas unitarias (domain, api)	2026-09-22T21:53:44.0738808Z ok 225 - un id repetido es una relación incompleta
verificar · typecheck · unit · build · audit	Pruebas unitarias (domain, api)	2026-09-22T21:53:44.0738922Z   ---
verificar · typecheck · unit · build · audit	Pruebas unitarias (domain, api)	2026-09-22T21:53:44.0739007Z   duration_ms: 0.235806
verificar · typecheck · unit · build · audit	Pruebas unitarias (domain, api)	2026-09-22T21:53:44.0739095Z   type: 'test'
verificar · typecheck · unit · build · audit	Pruebas unitarias (domain, api)	2026-09-22T21:53:44.0739173Z   ...
verificar · typecheck · unit · build · audit	Pruebas unitarias (domain, api)	2026-09-22T21:53:44.0739409Z # Subtest: REG-06-16 inc. 1 · sin corrección, rige el original
verificar · typecheck · unit · build · audit	Pruebas unitarias (domain, api)	2026-09-22T21:53:44.0739688Z ok 226 - REG-06-16 inc. 1 · sin corrección, rige el original
verificar · typecheck · unit · build · audit	Pruebas unitarias (domain, api)	2026-09-22T21:53:44.0739778Z   ---
verificar · typecheck · unit · build · audit	Pruebas unitarias (domain, api)	2026-09-22T21:53:44.0739875Z   duration_ms: 0.473604
verificar · typecheck · unit · build · audit	Pruebas unitarias (domain, api)	2026-09-22T21:53:44.0739948Z   type: 'test'
verificar · typecheck · unit · build · audit	Pruebas unitarias (domain, api)	2026-09-22T21:53:44.0740016Z   ...
verificar · typecheck · unit · build · audit	Pruebas unitarias (domain, api)	2026-09-22T21:53:44.0740399Z # Subtest: REG-06-16 inc. 2 · con cadena válida rige la terminal, y la cadena conserva todo (TEST-DOM-002)
verificar · typecheck · unit · build · audit	Pruebas unitarias (domain, api)	2026-09-22T21:53:44.0740746Z ok 227 - REG-06-16 inc. 2 · con cadena válida rige la terminal, y la cadena conserva todo (TEST-DOM-002)
verificar · typecheck · unit · build · audit	Pruebas unitarias (domain, api)	2026-09-22T21:53:44.0740832Z   ---
verificar · typecheck · unit · build · audit	Pruebas unitarias (domain, api)	2026-09-22T21:53:44.0740911Z   duration_ms: 0.594547
verificar · typecheck · unit · build · audit	Pruebas unitarias (domain, api)	2026-09-22T21:53:44.0740979Z   type: 'test'
verificar · typecheck · unit · build · audit	Pruebas unitarias (domain, api)	2026-09-22T21:53:44.0741209Z   ...
verificar · typecheck · unit · build · audit	Pruebas unitarias (domain, api)	2026-09-22T21:53:44.0741603Z # Subtest: REG-06-16 · la vista no depende del orden de registro: una corrección «más nueva» por posición no gana
verificar · typecheck · unit · build · audit	Pruebas unitarias (domain, api)	2026-09-22T21:53:44.0741991Z ok 228 - REG-06-16 · la vista no depende del orden de registro: una corrección «más nueva» por posición no gana
verificar · typecheck · unit · build · audit	Pruebas unitarias (domain, api)	2026-09-22T21:53:44.0742061Z   ---
verificar · typecheck · unit · build · audit	Pruebas unitarias (domain, api)	2026-09-22T21:53:44.0742132Z   duration_ms: 0.322637
verificar · typecheck · unit · build · audit	Pruebas unitarias (domain, api)	2026-09-22T21:53:44.0742209Z   type: 'test'
verificar · typecheck · unit · build · audit	Pruebas unitarias (domain, api)	2026-09-22T21:53:44.0742278Z   ...
verificar · typecheck · unit · build · audit	Pruebas unitarias (domain, api)	2026-09-22T21:53:44.0742539Z # Subtest: REG-06-15 · todas las correcciones apuntan al mismo original raíz
verificar · typecheck · unit · build · audit	Pruebas unitarias (domain, api)	2026-09-22T21:53:44.0742792Z ok 229 - REG-06-15 · todas las correcciones apuntan al mismo original raíz
verificar · typecheck · unit · build · audit	Pruebas unitarias (domain, api)	2026-09-22T21:53:44.0742863Z   ---
verificar · typecheck · unit · build · audit	Pruebas unitarias (domain, api)	2026-09-22T21:53:44.0742934Z   duration_ms: 0.160251
verificar · typecheck · unit · build · audit	Pruebas unitarias (domain, api)	2026-09-22T21:53:44.0743122Z   type: 'test'
verificar · typecheck · unit · build · audit	Pruebas unitarias (domain, api)	2026-09-22T21:53:44.0743192Z   ...
verificar · typecheck · unit · build · audit	Pruebas unitarias (domain, api)	2026-09-22T21:53:44.0743485Z # Subtest: REG-06-16 inc. 3 · con ramas, nadie elige por fecha: la vista es no resoluble
verificar · typecheck · unit · build · audit	Pruebas unitarias (domain, api)	2026-09-22T21:53:44.0743763Z ok 230 - REG-06-16 inc. 3 · con ramas, nadie elige por fecha: la vista es no resoluble
verificar · typecheck · unit · build · audit	Pruebas unitarias (domain, api)	2026-09-22T21:53:44.0743835Z   ---
verificar · typecheck · unit · build · audit	Pruebas unitarias (domain, api)	2026-09-22T21:53:44.0743914Z   duration_ms: 0.160812
verificar · typecheck · unit · build · audit	Pruebas unitarias (domain, api)	2026-09-22T21:53:44.0743986Z   type: 'test'
verificar · typecheck · unit · build · audit	Pruebas unitarias (domain, api)	2026-09-22T21:53:44.0744048Z   ...
verificar · typecheck · unit · build · audit	Pruebas unitarias (domain, api)	2026-09-22T21:53:44.0744339Z # Subtest: REG-06-14/15 · la primera corrección apunta al original y no tiene previa
verificar · typecheck · unit · build · audit	Pruebas unitarias (domain, api)	2026-09-22T21:53:44.0744613Z ok 231 - REG-06-14/15 · la primera corrección apunta al original y no tiene previa
verificar · typecheck · unit · build · audit	Pruebas unitarias (domain, api)	2026-09-22T21:53:44.0744676Z   ---
verificar · typecheck · unit · build · audit	Pruebas unitarias (domain, api)	2026-09-22T21:53:44.0744755Z   duration_ms: 0.19186
verificar · typecheck · unit · build · audit	Pruebas unitarias (domain, api)	2026-09-22T21:53:44.0744821Z   type: 'test'
verificar · typecheck · unit · build · audit	Pruebas unitarias (domain, api)	2026-09-22T21:53:44.0744890Z   ...
verificar · typecheck · unit · build · audit	Pruebas unitarias (domain, api)	2026-09-22T21:53:44.0745306Z # Subtest: REG-06-15 · cada corrección sucesiva apunta a la inmediata anterior; si otra entró en el medio, se rechaza
verificar · typecheck · unit · build · audit	Pruebas unitarias (domain, api)	2026-09-22T21:53:44.0745715Z ok 232 - REG-06-15 · cada corrección sucesiva apunta a la inmediata anterior; si otra entró en el medio, se rechaza
verificar · typecheck · unit · build · audit	Pruebas unitarias (domain, api)	2026-09-22T21:53:44.0745790Z   ---
verificar · typecheck · unit · build · audit	Pruebas unitarias (domain, api)	2026-09-22T21:53:44.0745871Z   duration_ms: 0.137287
verificar · typecheck · unit · build · audit	Pruebas unitarias (domain, api)	2026-09-22T21:53:44.0745949Z   type: 'test'
verificar · typecheck · unit · build · audit	Pruebas unitarias (domain, api)	2026-09-22T21:53:44.0746021Z   ...
verificar · typecheck · unit · build · audit	Pruebas unitarias (domain, api)	2026-09-22T21:53:44.0746313Z # Subtest: REG-06-14 · no se corrige otro original ni sobre una historia no resoluble
verificar · typecheck · unit · build · audit	Pruebas unitarias (domain, api)	2026-09-22T21:53:44.0746583Z ok 233 - REG-06-14 · no se corrige otro original ni sobre una historia no resoluble
verificar · typecheck · unit · build · audit	Pruebas unitarias (domain, api)	2026-09-22T21:53:44.0746652Z   ---
verificar · typecheck · unit · build · audit	Pruebas unitarias (domain, api)	2026-09-22T21:53:44.0746726Z   duration_ms: 0.11943
verificar · typecheck · unit · build · audit	Pruebas unitarias (domain, api)	2026-09-22T21:53:44.0746805Z   type: 'test'
verificar · typecheck · unit · build · audit	Pruebas unitarias (domain, api)	2026-09-22T21:53:44.0746876Z   ...
verificar · typecheck · unit · build · audit	Pruebas unitarias (domain, api)	2026-09-22T21:53:44.0747269Z # Subtest: REG-06-12 · la primera versión no tiene predecesora; si ya hay versiones, la nueva tiene que declararla
verificar · typecheck · unit · build · audit	Pruebas unitarias (domain, api)	2026-09-22T21:53:44.0747818Z ok 234 - REG-06-12 · la primera versión no tiene predecesora; si ya hay versiones, la nueva tiene que declararla
verificar · typecheck · unit · build · audit	Pruebas unitarias (domain, api)	2026-09-22T21:53:44.0747892Z   ---
verificar · typecheck · unit · build · audit	Pruebas unitarias (domain, api)	2026-09-22T21:53:44.0747971Z   duration_ms: 0.194123
verificar · typecheck · unit · build · audit	Pruebas unitarias (domain, api)	2026-09-22T21:53:44.0748046Z   type: 'test'
verificar · typecheck · unit · build · audit	Pruebas unitarias (domain, api)	2026-09-22T21:53:44.0748112Z   ...
verificar · typecheck · unit · build · audit	Pruebas unitarias (domain, api)	2026-09-22T21:53:44.0748383Z # Subtest: TEST-DOM-009 · la nueva versión sucede a la anterior sin modificarla
verificar · typecheck · unit · build · audit	Pruebas unitarias (domain, api)	2026-09-22T21:53:44.0748650Z ok 235 - TEST-DOM-009 · la nueva versión sucede a la anterior sin modificarla
verificar · typecheck · unit · build · audit	Pruebas unitarias (domain, api)	2026-09-22T21:53:44.0748713Z   ---
verificar · typecheck · unit · build · audit	Pruebas unitarias (domain, api)	2026-09-22T21:53:44.0748791Z   duration_ms: 0.179531
verificar · typecheck · unit · build · audit	Pruebas unitarias (domain, api)	2026-09-22T21:53:44.0748867Z   type: 'test'
verificar · typecheck · unit · build · audit	Pruebas unitarias (domain, api)	2026-09-22T21:53:44.0748929Z   ...
verificar · typecheck · unit · build · audit	Pruebas unitarias (domain, api)	2026-09-22T21:53:44.0749270Z # Subtest: REG-06-12 · misma entidad: una predecesora de otro objeto, o inexistente, no se admite
verificar · typecheck · unit · build · audit	Pruebas unitarias (domain, api)	2026-09-22T21:53:44.0749591Z ok 236 - REG-06-12 · misma entidad: una predecesora de otro objeto, o inexistente, no se admite
verificar · typecheck · unit · build · audit	Pruebas unitarias (domain, api)	2026-09-22T21:53:44.0749654Z   ---
verificar · typecheck · unit · build · audit	Pruebas unitarias (domain, api)	2026-09-22T21:53:44.0749734Z   duration_ms: 0.140532
verificar · typecheck · unit · build · audit	Pruebas unitarias (domain, api)	2026-09-22T21:53:44.0749805Z   type: 'test'
verificar · typecheck · unit · build · audit	Pruebas unitarias (domain, api)	2026-09-22T21:53:44.0749866Z   ...
verificar · typecheck · unit · build · audit	Pruebas unitarias (domain, api)	2026-09-22T21:53:44.0750202Z # Subtest: REG-06-12 · sin regla de ramas, una segunda sucesora de la misma versión es bifurcación
verificar · typecheck · unit · build · audit	Pruebas unitarias (domain, api)	2026-09-22T21:53:44.0750521Z ok 237 - REG-06-12 · sin regla de ramas, una segunda sucesora de la misma versión es bifurcación
verificar · typecheck · unit · build · audit	Pruebas unitarias (domain, api)	2026-09-22T21:53:44.0750591Z   ---
verificar · typecheck · unit · build · audit	Pruebas unitarias (domain, api)	2026-09-22T21:53:44.0750664Z   duration_ms: 0.11265
verificar · typecheck · unit · build · audit	Pruebas unitarias (domain, api)	2026-09-22T21:53:44.0750851Z   type: 'test'
verificar · typecheck · unit · build · audit	Pruebas unitarias (domain, api)	2026-09-22T21:53:44.0750923Z   ...
verificar · typecheck · unit · build · audit	Pruebas unitarias (domain, api)	2026-09-22T21:53:44.0751242Z # Subtest: INV-06-107 · la versión terminal sale de la sucesión, no del orden ni de la fecha
verificar · typecheck · unit · build · audit	Pruebas unitarias (domain, api)	2026-09-22T21:53:44.0751535Z ok 238 - INV-06-107 · la versión terminal sale de la sucesión, no del orden ni de la fecha
verificar · typecheck · unit · build · audit	Pruebas unitarias (domain, api)	2026-09-22T21:53:44.0751608Z   ---
verificar · typecheck · unit · build · audit	Pruebas unitarias (domain, api)	2026-09-22T21:53:44.0751685Z   duration_ms: 1.427403
verificar · typecheck · unit · build · audit	Pruebas unitarias (domain, api)	2026-09-22T21:53:44.0751751Z   type: 'test'
verificar · typecheck · unit · build · audit	Pruebas unitarias (domain, api)	2026-09-22T21:53:44.0751821Z   ...
verificar · typecheck · unit · build · audit	Pruebas unitarias (domain, api)	2026-09-22T21:53:44.0752105Z # Subtest: INV-06-13 · la serialización canónica no depende del orden de las claves
verificar · typecheck · unit · build · audit	Pruebas unitarias (domain, api)	2026-09-22T21:53:44.0752379Z ok 239 - INV-06-13 · la serialización canónica no depende del orden de las claves
verificar · typecheck · unit · build · audit	Pruebas unitarias (domain, api)	2026-09-22T21:53:44.0752449Z   ---
verificar · typecheck · unit · build · audit	Pruebas unitarias (domain, api)	2026-09-22T21:53:44.0752521Z   duration_ms: 0.330368
verificar · typecheck · unit · build · audit	Pruebas unitarias (domain, api)	2026-09-22T21:53:44.0752703Z   type: 'test'
verificar · typecheck · unit · build · audit	Pruebas unitarias (domain, api)	2026-09-22T21:53:44.0752774Z   ...
verificar · typecheck · unit · build · audit	Pruebas unitarias (domain, api)	2026-09-22T21:53:44.0753108Z # Subtest: INV-06-13 · el orden de los arreglos sí es contenido: cambiarlo cambia la serialización
verificar · typecheck · unit · build · audit	Pruebas unitarias (domain, api)	2026-09-22T21:53:44.0753437Z ok 240 - INV-06-13 · el orden de los arreglos sí es contenido: cambiarlo cambia la serialización
verificar · typecheck · unit · build · audit	Pruebas unitarias (domain, api)	2026-09-22T21:53:44.0753508Z   ---
verificar · typecheck · unit · build · audit	Pruebas unitarias (domain, api)	2026-09-22T21:53:44.0753579Z   duration_ms: 0.153682
verificar · typecheck · unit · build · audit	Pruebas unitarias (domain, api)	2026-09-22T21:53:44.0753655Z   type: 'test'
verificar · typecheck · unit · build · audit	Pruebas unitarias (domain, api)	2026-09-22T21:53:44.0753720Z   ...
verificar · typecheck · unit · build · audit	Pruebas unitarias (domain, api)	2026-09-22T21:53:44.0754056Z # Subtest: la serialización canónica rechaza lo que no es JSON reproducible, en vez de perderlo
verificar · typecheck · unit · build · audit	Pruebas unitarias (domain, api)	2026-09-22T21:53:44.0754398Z ok 241 - la serialización canónica rechaza lo que no es JSON reproducible, en vez de perderlo
verificar · typecheck · unit · build · audit	Pruebas unitarias (domain, api)	2026-09-22T21:53:44.0754468Z   ---
verificar · typecheck · unit · build · audit	Pruebas unitarias (domain, api)	2026-09-22T21:53:44.0754547Z   duration_ms: 0.459483
verificar · typecheck · unit · build · audit	Pruebas unitarias (domain, api)	2026-09-22T21:53:44.0754620Z   type: 'test'
verificar · typecheck · unit · build · audit	Pruebas unitarias (domain, api)	2026-09-22T21:53:44.0754684Z   ...
verificar · typecheck · unit · build · audit	Pruebas unitarias (domain, api)	2026-09-22T21:53:44.0754763Z 1..241
verificar · typecheck · unit · build · audit	Pruebas unitarias (domain, api)	2026-09-22T21:53:44.0754831Z # tests 241
verificar · typecheck · unit · build · audit	Pruebas unitarias (domain, api)	2026-09-22T21:53:44.0754916Z # suites 0
verificar · typecheck · unit · build · audit	Pruebas unitarias (domain, api)	2026-09-22T21:53:44.0754989Z # pass 241
verificar · typecheck · unit · build · audit	Pruebas unitarias (domain, api)	2026-09-22T21:53:44.0755055Z # fail 0
verificar · typecheck · unit · build · audit	Pruebas unitarias (domain, api)	2026-09-22T21:53:44.0755132Z # cancelled 0
verificar · typecheck · unit · build · audit	Pruebas unitarias (domain, api)	2026-09-22T21:53:44.0755205Z # skipped 0
verificar · typecheck · unit · build · audit	Pruebas unitarias (domain, api)	2026-09-22T21:53:44.0755272Z # todo 0
verificar · typecheck · unit · build · audit	Pruebas unitarias (domain, api)	2026-09-22T21:53:44.0755374Z # duration_ms 783.612397
verificar · typecheck · unit · build · audit	Pruebas unitarias (domain, api)	2026-09-22T21:53:44.1153728Z TAP version 13
verificar · typecheck · unit · build · audit	Pruebas unitarias (domain, api)	2026-09-22T21:53:44.5843760Z # Subtest: T13 · el copy de las pantallas de nutrición no tiene puntajes, juicios ni huecos completados
verificar · typecheck · unit · build · audit	Pruebas unitarias (domain, api)	2026-09-22T21:53:44.5846917Z ok 1 - T13 · el copy de las pantallas de nutrición no tiene puntajes, juicios ni huecos completados
verificar · typecheck · unit · build · audit	Pruebas unitarias (domain, api)	2026-09-22T21:53:44.5847793Z   ---
verificar · typecheck · unit · build · audit	Pruebas unitarias (domain, api)	2026-09-22T21:53:44.5848078Z   duration_ms: 103.659075
verificar · typecheck · unit · build · audit	Pruebas unitarias (domain, api)	2026-09-22T21:53:44.5848388Z   type: 'test'
verificar · typecheck · unit · build · audit	Pruebas unitarias (domain, api)	2026-09-22T21:53:44.5848725Z   ...
verificar · typecheck · unit · build · audit	Pruebas unitarias (domain, api)	2026-09-22T21:53:44.5851650Z # Subtest: T13 · el copy de las pantallas de antropometría no tiene puntajes, juicios ni huecos completados
verificar · typecheck · unit · build · audit	Pruebas unitarias (domain, api)	2026-09-22T21:53:44.5853417Z ok 2 - T13 · el copy de las pantallas de antropometría no tiene puntajes, juicios ni huecos completados
verificar · typecheck · unit · build · audit	Pruebas unitarias (domain, api)	2026-09-22T21:53:44.5854172Z   ---
verificar · typecheck · unit · build · audit	Pruebas unitarias (domain, api)	2026-09-22T21:53:44.5854437Z   duration_ms: 23.305155
verificar · typecheck · unit · build · audit	Pruebas unitarias (domain, api)	2026-09-22T21:53:44.5854717Z   type: 'test'
verificar · typecheck · unit · build · audit	Pruebas unitarias (domain, api)	2026-09-22T21:53:44.5855011Z   ...
verificar · typecheck · unit · build · audit	Pruebas unitarias (domain, api)	2026-09-22T21:53:44.5908732Z # Subtest: T13 · el copy de las pantallas de entrenamiento no tiene puntajes, juicios ni huecos completados
verificar · typecheck · unit · build · audit	Pruebas unitarias (domain, api)	2026-09-22T21:53:44.5935383Z ok 3 - T13 · el copy de las pantallas de entrenamiento no tiene puntajes, juicios ni huecos completados
verificar · typecheck · unit · build · audit	Pruebas unitarias (domain, api)	2026-09-22T21:53:44.5936079Z   ---
verificar · typecheck · unit · build · audit	Pruebas unitarias (domain, api)	2026-09-22T21:53:44.5936374Z   duration_ms: 55.76425
verificar · typecheck · unit · build · audit	Pruebas unitarias (domain, api)	2026-09-22T21:53:44.5936713Z   type: 'test'
verificar · typecheck · unit · build · audit	Pruebas unitarias (domain, api)	2026-09-22T21:53:44.5937003Z   ...
verificar · typecheck · unit · build · audit	Pruebas unitarias (domain, api)	2026-09-22T21:53:44.5937865Z # Subtest: T13 · el extractor encuentra un término prohibido en el copy e ignora los estilos
verificar · typecheck · unit · build · audit	Pruebas unitarias (domain, api)	2026-09-22T21:53:44.5938841Z ok 4 - T13 · el extractor encuentra un término prohibido en el copy e ignora los estilos
verificar · typecheck · unit · build · audit	Pruebas unitarias (domain, api)	2026-09-22T21:53:44.5939381Z   ---
verificar · typecheck · unit · build · audit	Pruebas unitarias (domain, api)	2026-09-22T21:53:44.5939623Z   duration_ms: 0.489679
verificar · typecheck · unit · build · audit	Pruebas unitarias (domain, api)	2026-09-22T21:53:44.5939887Z   type: 'test'
verificar · typecheck · unit · build · audit	Pruebas unitarias (domain, api)	2026-09-22T21:53:44.5940162Z   ...
verificar · typecheck · unit · build · audit	Pruebas unitarias (domain, api)	2026-09-22T21:53:44.5940835Z # Subtest: T13 · en antropometría, un juicio afirmativo se detecta y su negación explícita no
verificar · typecheck · unit · build · audit	Pruebas unitarias (domain, api)	2026-09-22T21:53:44.5941741Z ok 5 - T13 · en antropometría, un juicio afirmativo se detecta y su negación explícita no
verificar · typecheck · unit · build · audit	Pruebas unitarias (domain, api)	2026-09-22T21:53:44.5942680Z   ---
verificar · typecheck · unit · build · audit	Pruebas unitarias (domain, api)	2026-09-22T21:53:44.5942904Z   duration_ms: 0.27166
verificar · typecheck · unit · build · audit	Pruebas unitarias (domain, api)	2026-09-22T21:53:44.5943204Z   type: 'test'
verificar · typecheck · unit · build · audit	Pruebas unitarias (domain, api)	2026-09-22T21:53:44.5943431Z   ...
verificar · typecheck · unit · build · audit	Pruebas unitarias (domain, api)	2026-09-22T21:53:44.5944024Z # Subtest: T13 · el titular de la medición muestra el valor vigente, no el original
verificar · typecheck · unit · build · audit	Pruebas unitarias (domain, api)	2026-09-22T21:53:44.5944830Z ok 6 - T13 · el titular de la medición muestra el valor vigente, no el original
verificar · typecheck · unit · build · audit	Pruebas unitarias (domain, api)	2026-09-22T21:53:44.5945292Z   ---
verificar · typecheck · unit · build · audit	Pruebas unitarias (domain, api)	2026-09-22T21:53:44.5945569Z   duration_ms: 4.635072
verificar · typecheck · unit · build · audit	Pruebas unitarias (domain, api)	2026-09-22T21:53:44.5945875Z   type: 'test'
verificar · typecheck · unit · build · audit	Pruebas unitarias (domain, api)	2026-09-22T21:53:44.5946139Z   ...
verificar · typecheck · unit · build · audit	Pruebas unitarias (domain, api)	2026-09-22T21:53:44.5947093Z # Subtest: WP-06 §9.2 · ninguna pantalla de entrenamiento deriva «No realizada» de la ausencia de registro
verificar · typecheck · unit · build · audit	Pruebas unitarias (domain, api)	2026-09-22T21:53:44.5948816Z ok 7 - WP-06 §9.2 · ninguna pantalla de entrenamiento deriva «No realizada» de la ausencia de registro
verificar · typecheck · unit · build · audit	Pruebas unitarias (domain, api)	2026-09-22T21:53:44.5949960Z   ---
verificar · typecheck · unit · build · audit	Pruebas unitarias (domain, api)	2026-09-22T21:53:44.5950386Z   duration_ms: 36.984961
verificar · typecheck · unit · build · audit	Pruebas unitarias (domain, api)	2026-09-22T21:53:44.5950849Z   type: 'test'
verificar · typecheck · unit · build · audit	Pruebas unitarias (domain, api)	2026-09-22T21:53:44.5951087Z   ...
verificar · typecheck · unit · build · audit	Pruebas unitarias (domain, api)	2026-09-22T21:53:44.5951887Z # Subtest: WP-06 §9.2 · la guardia detecta una pantalla que escribe «No realizada» o lee la condición suelta
verificar · typecheck · unit · build · audit	Pruebas unitarias (domain, api)	2026-09-22T21:53:44.5952938Z ok 8 - WP-06 §9.2 · la guardia detecta una pantalla que escribe «No realizada» o lee la condición suelta
verificar · typecheck · unit · build · audit	Pruebas unitarias (domain, api)	2026-09-22T21:53:44.5953463Z   ---
verificar · typecheck · unit · build · audit	Pruebas unitarias (domain, api)	2026-09-22T21:53:44.5953685Z   duration_ms: 0.36437
verificar · typecheck · unit · build · audit	Pruebas unitarias (domain, api)	2026-09-22T21:53:44.5953936Z   type: 'test'
verificar · typecheck · unit · build · audit	Pruebas unitarias (domain, api)	2026-09-22T21:53:44.5954145Z   ...
verificar · typecheck · unit · build · audit	Pruebas unitarias (domain, api)	2026-09-22T21:53:44.6155821Z 1..8
verificar · typecheck · unit · build · audit	Pruebas unitarias (domain, api)	2026-09-22T21:53:44.6156145Z # tests 8
verificar · typecheck · unit · build · audit	Pruebas unitarias (domain, api)	2026-09-22T21:53:44.6156375Z # suites 0
verificar · typecheck · unit · build · audit	Pruebas unitarias (domain, api)	2026-09-22T21:53:44.6156604Z # pass 8
verificar · typecheck · unit · build · audit	Pruebas unitarias (domain, api)	2026-09-22T21:53:44.6156823Z # fail 0
verificar · typecheck · unit · build · audit	Pruebas unitarias (domain, api)	2026-09-22T21:53:44.6157050Z # cancelled 0
verificar · typecheck · unit · build · audit	Pruebas unitarias (domain, api)	2026-09-22T21:53:44.6157299Z # skipped 0
verificar · typecheck · unit · build · audit	Pruebas unitarias (domain, api)	2026-09-22T21:53:44.6157626Z # todo 0
verificar · typecheck · unit · build · audit	Pruebas unitarias (domain, api)	2026-09-22T21:53:44.6157879Z # duration_ms 509.494848
verificar · typecheck · unit · build · audit	Pruebas unitarias (domain, api)	2026-09-22T21:53:44.7115552Z 
verificar · typecheck · unit · build · audit	Pruebas unitarias (domain, api)	2026-09-22T21:53:44.7116217Z > @be/api@0.7.0 test
verificar · typecheck · unit · build · audit	Pruebas unitarias (domain, api)	2026-09-22T21:53:44.7116563Z > jest --config jest.config.js
verificar · typecheck · unit · build · audit	Pruebas unitarias (domain, api)	2026-09-22T21:53:44.7116714Z 
verificar · typecheck · unit · build · audit	Pruebas unitarias (domain, api)	2026-09-22T21:53:50.1098879Z PASS src/plataforma/dependencias.spec.ts
verificar · typecheck · unit · build · audit	Pruebas unitarias (domain, api)	2026-09-22T21:53:50.3333174Z PASS src/config/entorno.spec.ts
verificar · typecheck · unit · build · audit	Pruebas unitarias (domain, api)	2026-09-22T21:53:50.7182022Z PASS src/plataforma/limitador.spec.ts
verificar · typecheck · unit · build · audit	Pruebas unitarias (domain, api)	2026-09-22T21:53:54.2595554Z {"nivel":"info","requestId":"82f87e4d-0b86-4cf0-90d7-62818ab85c25","metodo":"GET","ruta":"/health/live","status":200,"duracionMs":2}
verificar · typecheck · unit · build · audit	Pruebas unitarias (domain, api)	2026-09-22T21:53:54.3719409Z {"nivel":"info","requestId":"ef26bb89-39e7-4498-b78c-a18bb536a553","metodo":"GET","ruta":"/health","status":200,"duracionMs":1}
verificar · typecheck · unit · build · audit	Pruebas unitarias (domain, api)	2026-09-22T21:53:54.3720801Z {"nivel":"info","requestId":"ebbee4a2-59c7-48e5-8fdc-437e961d7c21","metodo":"GET","ruta":"/health/ready","status":200,"duracionMs":0}
verificar · typecheck · unit · build · audit	Pruebas unitarias (domain, api)	2026-09-22T21:53:54.5628684Z {"nivel":"info","requestId":"82e6dd92-95d8-4476-8e1f-25cf85a370cc","metodo":"GET","ruta":"/health/ready","status":503,"duracionMs":0}
verificar · typecheck · unit · build · audit	Pruebas unitarias (domain, api)	2026-09-22T21:53:54.5630038Z {"nivel":"info","requestId":"748e9cc1-d4bc-44f1-bfb5-059e77a5e052","metodo":"GET","ruta":"/health","status":503,"duracionMs":0}
verificar · typecheck · unit · build · audit	Pruebas unitarias (domain, api)	2026-09-22T21:53:54.7525825Z {"nivel":"info","requestId":"80f7bcbb-d993-450d-8d11-767660a76820","metodo":"GET","ruta":"/health/ready","status":503,"duracionMs":0}
verificar · typecheck · unit · build · audit	Pruebas unitarias (domain, api)	2026-09-22T21:53:54.7526707Z {"nivel":"info","requestId":"85d79932-7acb-4fef-9518-5782cd706193","metodo":"GET","ruta":"/health/ready","status":200,"duracionMs":0}
verificar · typecheck · unit · build · audit	Pruebas unitarias (domain, api)	2026-09-22T21:53:54.9422036Z {"nivel":"info","requestId":"aa46f7b0-6b1c-4d19-8a02-f58b29fab8da","metodo":"GET","ruta":"SIN_RUTA","status":404,"duracionMs":2}
verificar · typecheck · unit · build · audit	Pruebas unitarias (domain, api)	2026-09-22T21:53:54.9423356Z {"nivel":"info","requestId":"ef0ddb61-ed76-42c8-994f-5d3a900e6e0b","metodo":"GET","ruta":"SIN_RUTA","status":404,"duracionMs":1}
verificar · typecheck · unit · build · audit	Pruebas unitarias (domain, api)	2026-09-22T21:53:54.9433827Z PASS src/health/health.spec.ts (9.591 s)
verificar · typecheck · unit · build · audit	Pruebas unitarias (domain, api)	2026-09-22T21:53:55.0451309Z 
verificar · typecheck · unit · build · audit	Pruebas unitarias (domain, api)	2026-09-22T21:53:55.0454339Z Test Suites: 4 passed, 4 total
verificar · typecheck · unit · build · audit	Pruebas unitarias (domain, api)	2026-09-22T21:53:55.0454806Z Tests:       33 passed, 33 total
verificar · typecheck · unit · build · audit	Pruebas unitarias (domain, api)	2026-09-22T21:53:55.0455149Z Snapshots:   0 total
verificar · typecheck · unit · build · audit	Pruebas unitarias (domain, api)	2026-09-22T21:53:55.0455495Z Time:        10.127 s
verificar · typecheck · unit · build · audit	Pruebas unitarias (domain, api)	2026-09-22T21:53:55.0455780Z Ran all test suites.
verificar · typecheck · unit · build · audit	Build API	﻿2026-09-22T21:53:55.0686767Z ##[group]Run npm run build:api
verificar · typecheck · unit · build · audit	Build API	2026-09-22T21:53:55.0687163Z ^[[36;1mnpm run build:api^[[0m
verificar · typecheck · unit · build · audit	Build API	2026-09-22T21:53:55.0731572Z shell: /usr/bin/bash -e {0}
verificar · typecheck · unit · build · audit	Build API	2026-09-22T21:53:55.0731908Z ##[endgroup]
verificar · typecheck · unit · build · audit	Build API	2026-09-22T21:53:55.1580638Z 
verificar · typecheck · unit · build · audit	Build API	2026-09-22T21:53:55.1581434Z > be@0.1.0 build:api
verificar · typecheck · unit · build · audit	Build API	2026-09-22T21:53:55.1581971Z > npm run build:domain && npm run build -w @be/api
verificar · typecheck · unit · build · audit	Build API	2026-09-22T21:53:55.1582278Z 
verificar · typecheck · unit · build · audit	Build API	2026-09-22T21:53:55.2379856Z 
verificar · typecheck · unit · build · audit	Build API	2026-09-22T21:53:55.2380377Z > be@0.1.0 build:domain
verificar · typecheck · unit · build · audit	Build API	2026-09-22T21:53:55.2380780Z > npm run build -w @be/domain
verificar · typecheck · unit · build · audit	Build API	2026-09-22T21:53:55.2381014Z 
verificar · typecheck · unit · build · audit	Build API	2026-09-22T21:53:55.3312402Z 
verificar · typecheck · unit · build · audit	Build API	2026-09-22T21:53:55.3312893Z > @be/domain@0.1.0 build
verificar · typecheck · unit · build · audit	Build API	2026-09-22T21:53:55.3313215Z > tsc -p tsconfig.json
verificar · typecheck · unit · build · audit	Build API	2026-09-22T21:53:55.3313352Z 
verificar · typecheck · unit · build · audit	Build API	2026-09-22T21:53:59.0353108Z 
verificar · typecheck · unit · build · audit	Build API	2026-09-22T21:53:59.0353742Z > @be/api@0.7.0 build
verificar · typecheck · unit · build · audit	Build API	2026-09-22T21:53:59.0354184Z > tsc -p tsconfig.build.json
verificar · typecheck · unit · build · audit	Build API	2026-09-22T21:53:59.0354398Z 
verificar · typecheck · unit · build · audit	Build web (export estático)	﻿2026-09-22T21:54:03.7708798Z ##[group]Run npm run build:web
verificar · typecheck · unit · build · audit	Build web (export estático)	2026-09-22T21:54:03.7709066Z ^[[36;1mnpm run build:web^[[0m
verificar · typecheck · unit · build · audit	Build web (export estático)	2026-09-22T21:54:03.7742189Z shell: /usr/bin/bash -e {0}
verificar · typecheck · unit · build · audit	Build web (export estático)	2026-09-22T21:54:03.7742412Z ##[endgroup]
verificar · typecheck · unit · build · audit	Build web (export estático)	2026-09-22T21:54:03.8578176Z 
verificar · typecheck · unit · build · audit	Build web (export estático)	2026-09-22T21:54:03.8578795Z > be@0.1.0 build:web
verificar · typecheck · unit · build · audit	Build web (export estático)	2026-09-22T21:54:03.8579339Z > npm run build:domain && npm run build -w @be/web
verificar · typecheck · unit · build · audit	Build web (export estático)	2026-09-22T21:54:03.8579647Z 
verificar · typecheck · unit · build · audit	Build web (export estático)	2026-09-22T21:54:03.9371466Z 
verificar · typecheck · unit · build · audit	Build web (export estático)	2026-09-22T21:54:03.9372097Z > be@0.1.0 build:domain
verificar · typecheck · unit · build · audit	Build web (export estático)	2026-09-22T21:54:03.9372528Z > npm run build -w @be/domain
verificar · typecheck · unit · build · audit	Build web (export estático)	2026-09-22T21:54:03.9372754Z 
verificar · typecheck · unit · build · audit	Build web (export estático)	2026-09-22T21:54:04.0289900Z 
verificar · typecheck · unit · build · audit	Build web (export estático)	2026-09-22T21:54:04.0290505Z > @be/domain@0.1.0 build
verificar · typecheck · unit · build · audit	Build web (export estático)	2026-09-22T21:54:04.0290950Z > tsc -p tsconfig.json
verificar · typecheck · unit · build · audit	Build web (export estático)	2026-09-22T21:54:04.0291154Z 
verificar · typecheck · unit · build · audit	Build web (export estático)	2026-09-22T21:54:07.5562454Z 
verificar · typecheck · unit · build · audit	Build web (export estático)	2026-09-22T21:54:07.5563085Z > @be/web@0.7.0 build
verificar · typecheck · unit · build · audit	Build web (export estático)	2026-09-22T21:54:07.5563460Z > next build
verificar · typecheck · unit · build · audit	Build web (export estático)	2026-09-22T21:54:07.5563613Z 
verificar · typecheck · unit · build · audit	Build web (export estático)	2026-09-22T21:54:07.9571624Z ⚠ No build cache found. Please configure build caching for faster rebuilds. Read more: https://nextjs.org/docs/messages/no-cache
verificar · typecheck · unit · build · audit	Build web (export estático)	2026-09-22T21:54:08.0036113Z Attention: Next.js now collects completely anonymous telemetry regarding usage.
verificar · typecheck · unit · build · audit	Build web (export estático)	2026-09-22T21:54:08.0036971Z This information is used to shape Next.js' roadmap and prioritize features.
verificar · typecheck · unit · build · audit	Build web (export estático)	2026-09-22T21:54:08.0038145Z You can learn more, including how to opt-out if you'd not like to participate in this anonymous program, by visiting the following URL:
verificar · typecheck · unit · build · audit	Build web (export estático)	2026-09-22T21:54:08.0038889Z https://nextjs.org/telemetry
verificar · typecheck · unit · build · audit	Build web (export estático)	2026-09-22T21:54:08.0039085Z 
verificar · typecheck · unit · build · audit	Build web (export estático)	2026-09-22T21:54:08.4770723Z    ▲ Next.js 15.5.25
verificar · typecheck · unit · build · audit	Build web (export estático)	2026-09-22T21:54:08.4770951Z 
verificar · typecheck · unit · build · audit	Build web (export estático)	2026-09-22T21:54:08.7859841Z    Creating an optimized production build ...
verificar · typecheck · unit · build · audit	Build web (export estático)	2026-09-22T21:54:17.9817037Z  ✓ Compiled successfully in 7.3s
verificar · typecheck · unit · build · audit	Build web (export estático)	2026-09-22T21:54:17.9856611Z    Linting and checking validity of types ...
verificar · typecheck · unit · build · audit	Build web (export estático)	2026-09-22T21:54:22.7416273Z    Collecting page data ...
verificar · typecheck · unit · build · audit	Build web (export estático)	2026-09-22T21:54:24.5531453Z    Generating static pages (0/22) ...
verificar · typecheck · unit · build · audit	Build web (export estático)	2026-09-22T21:54:25.1884927Z    Generating static pages (5/22) 
verificar · typecheck · unit · build · audit	Build web (export estático)	2026-09-22T21:54:25.2186206Z    Generating static pages (10/22) 
verificar · typecheck · unit · build · audit	Build web (export estático)	2026-09-22T21:54:25.2186717Z    Generating static pages (16/22) 
verificar · typecheck · unit · build · audit	Build web (export estático)	2026-09-22T21:54:25.3800489Z  ✓ Generating static pages (22/22)
verificar · typecheck · unit · build · audit	Build web (export estático)	2026-09-22T21:54:25.7870003Z    Finalizing page optimization ...
verificar · typecheck · unit · build · audit	Build web (export estático)	2026-09-22T21:54:25.7898509Z    Collecting build traces ...
verificar · typecheck · unit · build · audit	Build web (export estático)	2026-09-22T21:54:30.0092952Z    Exporting (0/2) ...
verificar · typecheck · unit · build · audit	Build web (export estático)	2026-09-22T21:54:30.1933069Z  ✓ Exporting (2/2)
verificar · typecheck · unit · build · audit	Build web (export estático)	2026-09-22T21:54:30.2060238Z 
verificar · typecheck · unit · build · audit	Build web (export estático)	2026-09-22T21:54:30.2086305Z Route (app)                                 Size  First Load JS
verificar · typecheck · unit · build · audit	Build web (export estático)	2026-09-22T21:54:30.2087287Z ┌ ○ /                                      908 B         255 kB
verificar · typecheck · unit · build · audit	Build web (export estático)	2026-09-22T21:54:30.2090456Z ├ ○ /_not-found                            986 B         103 kB
verificar · typecheck · unit · build · audit	Build web (export estático)	2026-09-22T21:54:30.2091136Z ├ ○ /account                              4.4 kB         258 kB
verificar · typecheck · unit · build · audit	Build web (export estático)	2026-09-22T21:54:30.2098799Z ├ ○ /account/privacy                     5.01 kB         259 kB
verificar · typecheck · unit · build · audit	Build web (export estático)	2026-09-22T21:54:30.2099700Z ├ ○ /account/relationships               4.13 kB         258 kB
verificar · typecheck · unit · build · audit	Build web (export estático)	2026-09-22T21:54:30.2100679Z ├ ○ /account/relationships/consent       3.72 kB         258 kB
verificar · typecheck · unit · build · audit	Build web (export estático)	2026-09-22T21:54:30.2101784Z ├ ○ /account/relationships/detail        5.05 kB         259 kB
verificar · typecheck · unit · build · audit	Build web (export estático)	2026-09-22T21:54:30.2102709Z ├ ○ /apple-icon.png                          0 B            0 B
verificar · typecheck · unit · build · audit	Build web (export estático)	2026-09-22T21:54:30.2103548Z ├ ○ /icon.png                                0 B            0 B
verificar · typecheck · unit · build · audit	Build web (export estático)	2026-09-22T21:54:30.2104420Z ├ ○ /legal/privacidad                      164 B         106 kB
verificar · typecheck · unit · build · audit	Build web (export estático)	2026-09-22T21:54:30.2105266Z ├ ○ /legal/terminos                        164 B         106 kB
verificar · typecheck · unit · build · audit	Build web (export estático)	2026-09-22T21:54:30.2106201Z ├ ○ /login                               2.15 kB         256 kB
verificar · typecheck · unit · build · audit	Build web (export estático)	2026-09-22T21:54:30.2107225Z ├ ○ /pro                                   183 B         258 kB
verificar · typecheck · unit · build · audit	Build web (export estático)	2026-09-22T21:54:30.2108889Z ├ ○ /pro/advisees                        1.76 kB         260 kB
verificar · typecheck · unit · build · audit	Build web (export estático)	2026-09-22T21:54:30.2110866Z ├ ○ /pro/advisees/anthropometry           6.9 kB         265 kB
verificar · typecheck · unit · build · audit	Build web (export estático)	2026-09-22T21:54:30.2111641Z ├ ○ /pro/advisees/forms                  3.29 kB         262 kB
verificar · typecheck · unit · build · audit	Build web (export estático)	2026-09-22T21:54:30.2112567Z ├ ○ /pro/advisees/nutrition              13.9 kB         272 kB
verificar · typecheck · unit · build · audit	Build web (export estático)	2026-09-22T21:54:30.2114117Z ├ ○ /pro/advisees/training               15.7 kB         274 kB
verificar · typecheck · unit · build · audit	Build web (export estático)	2026-09-22T21:54:30.2114896Z └ ○ /register                            2.86 kB         257 kB
verificar · typecheck · unit · build · audit	Build web (export estático)	2026-09-22T21:54:30.2115631Z + First Load JS shared by all             102 kB
verificar · typecheck · unit · build · audit	Build web (export estático)	2026-09-22T21:54:30.2116366Z   ├ chunks/18-322c3a0465595f76.js        46.4 kB
verificar · typecheck · unit · build · audit	Build web (export estático)	2026-09-22T21:54:30.2117103Z   ├ chunks/87c73c54-0375ba195de27293.js  54.2 kB
verificar · typecheck · unit · build · audit	Build web (export estático)	2026-09-22T21:54:30.2118082Z   └ other shared chunks (total)          1.87 kB
verificar · typecheck · unit · build · audit	Build web (export estático)	2026-09-22T21:54:30.2118506Z 
verificar · typecheck · unit · build · audit	Build web (export estático)	2026-09-22T21:54:30.2118754Z 
verificar · typecheck · unit · build · audit	Build web (export estático)	2026-09-22T21:54:30.2119452Z ○  (Static)  prerendered as static content
verificar · typecheck · unit · build · audit	Build web (export estático)	2026-09-22T21:54:30.2120154Z 
verificar · typecheck · unit · build · audit	npm audit --omit=dev — falla con altos o críticos (WP-01 §2)	﻿2026-09-22T21:54:30.2641382Z ##[group]Run npm run audit:prod
verificar · typecheck · unit · build · audit	npm audit --omit=dev — falla con altos o críticos (WP-01 §2)	2026-09-22T21:54:30.2641640Z ^[[36;1mnpm run audit:prod^[[0m
verificar · typecheck · unit · build · audit	npm audit --omit=dev — falla con altos o críticos (WP-01 §2)	2026-09-22T21:54:30.2673229Z shell: /usr/bin/bash -e {0}
verificar · typecheck · unit · build · audit	npm audit --omit=dev — falla con altos o críticos (WP-01 §2)	2026-09-22T21:54:30.2673440Z ##[endgroup]
verificar · typecheck · unit · build · audit	npm audit --omit=dev — falla con altos o críticos (WP-01 §2)	2026-09-22T21:54:30.3462431Z 
verificar · typecheck · unit · build · audit	npm audit --omit=dev — falla con altos o críticos (WP-01 §2)	2026-09-22T21:54:30.3463036Z > be@0.1.0 audit:prod
verificar · typecheck · unit · build · audit	npm audit --omit=dev — falla con altos o críticos (WP-01 §2)	2026-09-22T21:54:30.3463814Z > npm audit --omit=dev --audit-level=high -w @be/api && npm audit --omit=dev --audit-level=high -w @be/web && npm audit --omit=dev --audit-level=high -w @be/mobile
verificar · typecheck · unit · build · audit	npm audit --omit=dev — falla con altos o críticos (WP-01 §2)	2026-09-22T21:54:30.3464307Z 
verificar · typecheck · unit · build · audit	npm audit --omit=dev — falla con altos o críticos (WP-01 §2)	2026-09-22T21:54:30.8307103Z found 0 vulnerabilities
verificar · typecheck · unit · build · audit	npm audit --omit=dev — falla con altos o críticos (WP-01 §2)	2026-09-22T21:54:31.3167711Z found 0 vulnerabilities
verificar · typecheck · unit · build · audit	npm audit --omit=dev — falla con altos o críticos (WP-01 §2)	2026-09-22T21:54:32.0510380Z # npm audit report
verificar · typecheck · unit · build · audit	npm audit --omit=dev — falla con altos o críticos (WP-01 §2)	2026-09-22T21:54:32.0510778Z 
verificar · typecheck · unit · build · audit	npm audit --omit=dev — falla con altos o críticos (WP-01 §2)	2026-09-22T21:54:32.0511092Z uuid  <11.1.1
verificar · typecheck · unit · build · audit	npm audit --omit=dev — falla con altos o críticos (WP-01 §2)	2026-09-22T21:54:32.0511378Z Severity: moderate
verificar · typecheck · unit · build · audit	npm audit --omit=dev — falla con altos o críticos (WP-01 §2)	2026-09-22T21:54:32.0512309Z uuid: Missing buffer bounds check in v3/v5/v6 when buf is provided - https://github.com/advisories/GHSA-w5hq-g745-h8pq
verificar · typecheck · unit · build · audit	npm audit --omit=dev — falla con altos o críticos (WP-01 §2)	2026-09-22T21:54:32.0513144Z fix available via `npm audit fix --force`
verificar · typecheck · unit · build · audit	npm audit --omit=dev — falla con altos o críticos (WP-01 §2)	2026-09-22T21:54:32.0513727Z Will install expo@46.0.21, which is a breaking change
verificar · typecheck · unit · build · audit	npm audit --omit=dev — falla con altos o críticos (WP-01 §2)	2026-09-22T21:54:32.0514278Z node_modules/uuid
verificar · typecheck · unit · build · audit	npm audit --omit=dev — falla con altos o críticos (WP-01 §2)	2026-09-22T21:54:32.0514588Z   xcode  >=0.9.2
verificar · typecheck · unit · build · audit	npm audit --omit=dev — falla con altos o críticos (WP-01 §2)	2026-09-22T21:54:32.0515268Z   Depends on vulnerable versions of uuid
verificar · typecheck · unit · build · audit	npm audit --omit=dev — falla con altos o críticos (WP-01 §2)	2026-09-22T21:54:32.0515574Z   node_modules/xcode
verificar · typecheck · unit · build · audit	npm audit --omit=dev — falla con altos o críticos (WP-01 §2)	2026-09-22T21:54:32.0515836Z     @expo/config-plugins  *
verificar · typecheck · unit · build · audit	npm audit --omit=dev — falla con altos o críticos (WP-01 §2)	2026-09-22T21:54:32.0516228Z     Depends on vulnerable versions of xcode
verificar · typecheck · unit · build · audit	npm audit --omit=dev — falla con altos o críticos (WP-01 §2)	2026-09-22T21:54:32.0516630Z     node_modules/@expo/config-plugins
verificar · typecheck · unit · build · audit	npm audit --omit=dev — falla con altos o críticos (WP-01 §2)	2026-09-22T21:54:32.0517178Z       @expo/cli  <=0.0.0-canary-20231123-1b19f96-4 || >=0.0.1-canary-20231125-d600e44
verificar · typecheck · unit · build · audit	npm audit --omit=dev — falla con altos o críticos (WP-01 §2)	2026-09-22T21:54:32.0517937Z       Depends on vulnerable versions of @expo/config
verificar · typecheck · unit · build · audit	npm audit --omit=dev — falla con altos o críticos (WP-01 §2)	2026-09-22T21:54:32.0518537Z       Depends on vulnerable versions of @expo/config-plugins
verificar · typecheck · unit · build · audit	npm audit --omit=dev — falla con altos o críticos (WP-01 §2)	2026-09-22T21:54:32.0519053Z       Depends on vulnerable versions of @expo/inline-modules
verificar · typecheck · unit · build · audit	npm audit --omit=dev — falla con altos o críticos (WP-01 §2)	2026-09-22T21:54:32.0519553Z       Depends on vulnerable versions of @expo/metro-config
verificar · typecheck · unit · build · audit	npm audit --omit=dev — falla con altos o críticos (WP-01 §2)	2026-09-22T21:54:32.0520057Z       Depends on vulnerable versions of @expo/prebuild-config
verificar · typecheck · unit · build · audit	npm audit --omit=dev — falla con altos o críticos (WP-01 §2)	2026-09-22T21:54:32.0520424Z       node_modules/@expo/cli
verificar · typecheck · unit · build · audit	npm audit --omit=dev — falla con altos o críticos (WP-01 §2)	2026-09-22T21:54:32.0520751Z         expo  40.0.0-alpha.0 - 40.0.0-beta.5 || >=41.0.0-alpha.0
verificar · typecheck · unit · build · audit	npm audit --omit=dev — falla con altos o críticos (WP-01 §2)	2026-09-22T21:54:32.0521143Z         Depends on vulnerable versions of @expo/cli
verificar · typecheck · unit · build · audit	npm audit --omit=dev — falla con altos o críticos (WP-01 §2)	2026-09-22T21:54:32.0521518Z         Depends on vulnerable versions of @expo/config
verificar · typecheck · unit · build · audit	npm audit --omit=dev — falla con altos o críticos (WP-01 §2)	2026-09-22T21:54:32.0521942Z         Depends on vulnerable versions of @expo/config-plugins
verificar · typecheck · unit · build · audit	npm audit --omit=dev — falla con altos o críticos (WP-01 §2)	2026-09-22T21:54:32.0522454Z         Depends on vulnerable versions of @expo/local-build-cache-provider
verificar · typecheck · unit · build · audit	npm audit --omit=dev — falla con altos o críticos (WP-01 §2)	2026-09-22T21:54:32.0522936Z         Depends on vulnerable versions of @expo/metro-config
verificar · typecheck · unit · build · audit	npm audit --omit=dev — falla con altos o críticos (WP-01 §2)	2026-09-22T21:54:32.0523271Z         node_modules/expo
verificar · typecheck · unit · build · audit	npm audit --omit=dev — falla con altos o críticos (WP-01 §2)	2026-09-22T21:54:32.0523638Z       @expo/config  <=0.0.1-canary-20240418-8d74597 || >=3.3.23-alpha.0
verificar · typecheck · unit · build · audit	npm audit --omit=dev — falla con altos o críticos (WP-01 §2)	2026-09-22T21:54:32.0524166Z       Depends on vulnerable versions of @expo/config-plugins
verificar · typecheck · unit · build · audit	npm audit --omit=dev — falla con altos o críticos (WP-01 §2)	2026-09-22T21:54:32.0524624Z       node_modules/@expo/config
verificar · typecheck · unit · build · audit	npm audit --omit=dev — falla con altos o críticos (WP-01 §2)	2026-09-22T21:54:32.0524993Z         @expo/local-build-cache-provider  *
verificar · typecheck · unit · build · audit	npm audit --omit=dev — falla con altos o críticos (WP-01 §2)	2026-09-22T21:54:32.0525445Z         Depends on vulnerable versions of @expo/config
verificar · typecheck · unit · build · audit	npm audit --omit=dev — falla con altos o críticos (WP-01 §2)	2026-09-22T21:54:32.0525972Z         node_modules/@expo/local-build-cache-provider
verificar · typecheck · unit · build · audit	npm audit --omit=dev — falla con altos o críticos (WP-01 §2)	2026-09-22T21:54:32.0526555Z         @expo/metro-config  <=0.0.1-canary-20240418-8d74597 || >=0.1.49-alpha.0
verificar · typecheck · unit · build · audit	npm audit --omit=dev — falla con altos o críticos (WP-01 §2)	2026-09-22T21:54:32.0527154Z         Depends on vulnerable versions of @expo/config
verificar · typecheck · unit · build · audit	npm audit --omit=dev — falla con altos o críticos (WP-01 §2)	2026-09-22T21:54:32.0528069Z         node_modules/@expo/metro-config
verificar · typecheck · unit · build · audit	npm audit --omit=dev — falla con altos o críticos (WP-01 §2)	2026-09-22T21:54:32.0528472Z       @expo/inline-modules  >=0.0.2-canary-20260409-6fc2991
verificar · typecheck · unit · build · audit	npm audit --omit=dev — falla con altos o críticos (WP-01 §2)	2026-09-22T21:54:32.0528953Z       Depends on vulnerable versions of @expo/config-plugins
verificar · typecheck · unit · build · audit	npm audit --omit=dev — falla con altos o críticos (WP-01 §2)	2026-09-22T21:54:32.0529336Z       node_modules/@expo/inline-modules
verificar · typecheck · unit · build · audit	npm audit --omit=dev — falla con altos o críticos (WP-01 §2)	2026-09-22T21:54:32.0529643Z       @expo/prebuild-config  *
verificar · typecheck · unit · build · audit	npm audit --omit=dev — falla con altos o críticos (WP-01 §2)	2026-09-22T21:54:32.0529984Z       Depends on vulnerable versions of @expo/config
verificar · typecheck · unit · build · audit	npm audit --omit=dev — falla con altos o críticos (WP-01 §2)	2026-09-22T21:54:32.0530407Z       Depends on vulnerable versions of @expo/config-plugins
verificar · typecheck · unit · build · audit	npm audit --omit=dev — falla con altos o críticos (WP-01 §2)	2026-09-22T21:54:32.0530797Z       node_modules/@expo/prebuild-config
verificar · typecheck · unit · build · audit	npm audit --omit=dev — falla con altos o críticos (WP-01 §2)	2026-09-22T21:54:32.0531004Z 
verificar · typecheck · unit · build · audit	npm audit --omit=dev — falla con altos o críticos (WP-01 §2)	2026-09-22T21:54:32.0531170Z 10 moderate severity vulnerabilities
verificar · typecheck · unit · build · audit	npm audit --omit=dev — falla con altos o críticos (WP-01 §2)	2026-09-22T21:54:32.0531646Z 
verificar · typecheck · unit · build · audit	npm audit --omit=dev — falla con altos o críticos (WP-01 §2)	2026-09-22T21:54:32.0531881Z To address issues that do not require attention, run:
verificar · typecheck · unit · build · audit	npm audit --omit=dev — falla con altos o críticos (WP-01 §2)	2026-09-22T21:54:32.0532226Z   npm audit fix
verificar · typecheck · unit · build · audit	npm audit --omit=dev — falla con altos o críticos (WP-01 §2)	2026-09-22T21:54:32.0532351Z 
verificar · typecheck · unit · build · audit	npm audit --omit=dev — falla con altos o críticos (WP-01 §2)	2026-09-22T21:54:32.0532598Z To address all issues (including breaking changes), run:
verificar · typecheck · unit · build · audit	npm audit --omit=dev — falla con altos o críticos (WP-01 §2)	2026-09-22T21:54:32.0532971Z   npm audit fix --force
verificar · typecheck · unit · build · audit	Post Run actions/setup-node@v7	﻿2026-09-22T21:54:32.0773777Z Post job cleanup.
verificar · typecheck · unit · build · audit	Post Run actions/setup-node@v7	2026-09-22T21:54:32.1806555Z [command]/usr/bin/tar --posix -cf cache.tzst --exclude cache.tzst -P -C /home/runner/work/be/be --files-from manifest.txt --use-compress-program zstdmt
verificar · typecheck · unit · build · audit	Post Run actions/setup-node@v7	2026-09-22T21:54:33.8011506Z Sent 0 of 335021806 (0.0%), 0.0 MBs/sec
verificar · typecheck · unit · build · audit	Post Run actions/setup-node@v7	2026-09-22T21:54:34.8013938Z Sent 335021806 of 335021806 (100.0%), 159.7 MBs/sec
verificar · typecheck · unit · build · audit	Post Run actions/setup-node@v7	2026-09-22T21:54:35.1350631Z Cache saved with the key: node-cache-Linux-x64-npm-478488f6d867738a727549670aca2ccc8a28ef923d6c7ab679516333598f6b87
verificar · typecheck · unit · build · audit	Post Run actions/checkout@v7	﻿2026-09-22T21:54:35.1471240Z Post job cleanup.
verificar · typecheck · unit · build · audit	Post Run actions/checkout@v7	2026-09-22T21:54:35.2149454Z [command]/usr/bin/git version
verificar · typecheck · unit · build · audit	Post Run actions/checkout@v7	2026-09-22T21:54:35.2195361Z git version 2.55.0
verificar · typecheck · unit · build · audit	Post Run actions/checkout@v7	2026-09-22T21:54:35.2222993Z Temporarily overriding HOME='/home/runner/work/_temp/31979bdd-ae08-4728-b4ca-5f207a2a8348' before making global git config changes
verificar · typecheck · unit · build · audit	Post Run actions/checkout@v7	2026-09-22T21:54:35.2224173Z Adding repository directory to the temporary git global config as a safe directory
verificar · typecheck · unit · build · audit	Post Run actions/checkout@v7	2026-09-22T21:54:35.2225253Z [command]/usr/bin/git config --global --add safe.directory /home/runner/work/be/be
verificar · typecheck · unit · build · audit	Post Run actions/checkout@v7	2026-09-22T21:54:35.2252282Z Removing SSH command configuration
verificar · typecheck · unit · build · audit	Post Run actions/checkout@v7	2026-09-22T21:54:35.2257539Z [command]/usr/bin/git config --local --name-only --get-regexp core\.sshCommand
verificar · typecheck · unit · build · audit	Post Run actions/checkout@v7	2026-09-22T21:54:35.2286556Z [command]/usr/bin/git submodule foreach --recursive sh -c "git config --local --name-only --get-regexp 'core\.sshCommand' && git config --local --unset-all 'core.sshCommand' || :"
verificar · typecheck · unit · build · audit	Post Run actions/checkout@v7	2026-09-22T21:54:35.2495927Z Removing HTTP extra header
verificar · typecheck · unit · build · audit	Post Run actions/checkout@v7	2026-09-22T21:54:35.2502266Z [command]/usr/bin/git config --local --name-only --get-regexp http\.https\:\/\/github\.com\/\.extraheader
verificar · typecheck · unit · build · audit	Post Run actions/checkout@v7	2026-09-22T21:54:35.2543312Z [command]/usr/bin/git submodule foreach --recursive sh -c "git config --local --name-only --get-regexp 'http\.https\:\/\/github\.com\/\.extraheader' && git config --local --unset-all 'http.https://github.com/.extraheader' || :"
verificar · typecheck · unit · build · audit	Post Run actions/checkout@v7	2026-09-22T21:54:35.2750487Z Removing includeIf entries pointing to credentials config files
verificar · typecheck · unit · build · audit	Post Run actions/checkout@v7	2026-09-22T21:54:35.2756361Z [command]/usr/bin/git config --local --name-only --get-regexp ^includeIf\.gitdir:
verificar · typecheck · unit · build · audit	Post Run actions/checkout@v7	2026-09-22T21:54:35.2781513Z includeif.gitdir:/home/runner/work/be/be/.git.path
verificar · typecheck · unit · build · audit	Post Run actions/checkout@v7	2026-09-22T21:54:35.2782290Z includeif.gitdir:/home/runner/work/be/be/.git/worktrees/*.path
verificar · typecheck · unit · build · audit	Post Run actions/checkout@v7	2026-09-22T21:54:35.2783030Z includeif.gitdir:/github/workspace/.git.path
verificar · typecheck · unit · build · audit	Post Run actions/checkout@v7	2026-09-22T21:54:35.2783790Z includeif.gitdir:/github/workspace/.git/worktrees/*.path
verificar · typecheck · unit · build · audit	Post Run actions/checkout@v7	2026-09-22T21:54:35.2788731Z [command]/usr/bin/git config --local --get-all includeif.gitdir:/home/runner/work/be/be/.git.path
verificar · typecheck · unit · build · audit	Post Run actions/checkout@v7	2026-09-22T21:54:35.2810977Z /home/runner/work/_temp/git-credentials-bf44da51-a513-4f6f-939e-1a960f1fe754.config
verificar · typecheck · unit · build · audit	Post Run actions/checkout@v7	2026-09-22T21:54:35.2820363Z [command]/usr/bin/git config --local --unset includeif.gitdir:/home/runner/work/be/be/.git.path \/home\/runner\/work\/_temp\/git\-credentials\-bf44da51\-a513\-4f6f\-939e\-1a960f1fe754\.config
verificar · typecheck · unit · build · audit	Post Run actions/checkout@v7	2026-09-22T21:54:35.2850401Z [command]/usr/bin/git config --local --get-all includeif.gitdir:/home/runner/work/be/be/.git/worktrees/*.path
verificar · typecheck · unit · build · audit	Post Run actions/checkout@v7	2026-09-22T21:54:35.2874881Z /home/runner/work/_temp/git-credentials-bf44da51-a513-4f6f-939e-1a960f1fe754.config
verificar · typecheck · unit · build · audit	Post Run actions/checkout@v7	2026-09-22T21:54:35.2890490Z [command]/usr/bin/git config --local --unset includeif.gitdir:/home/runner/work/be/be/.git/worktrees/*.path \/home\/runner\/work\/_temp\/git\-credentials\-bf44da51\-a513\-4f6f\-939e\-1a960f1fe754\.config
verificar · typecheck · unit · build · audit	Post Run actions/checkout@v7	2026-09-22T21:54:35.2922656Z [command]/usr/bin/git config --local --get-all includeif.gitdir:/github/workspace/.git.path
verificar · typecheck · unit · build · audit	Post Run actions/checkout@v7	2026-09-22T21:54:35.2945995Z /github/runner_temp/git-credentials-bf44da51-a513-4f6f-939e-1a960f1fe754.config
verificar · typecheck · unit · build · audit	Post Run actions/checkout@v7	2026-09-22T21:54:35.2952085Z [command]/usr/bin/git config --local --unset includeif.gitdir:/github/workspace/.git.path \/github\/runner_temp\/git\-credentials\-bf44da51\-a513\-4f6f\-939e\-1a960f1fe754\.config
verificar · typecheck · unit · build · audit	Post Run actions/checkout@v7	2026-09-22T21:54:35.2983613Z [command]/usr/bin/git config --local --get-all includeif.gitdir:/github/workspace/.git/worktrees/*.path
verificar · typecheck · unit · build · audit	Post Run actions/checkout@v7	2026-09-22T21:54:35.3005075Z /github/runner_temp/git-credentials-bf44da51-a513-4f6f-939e-1a960f1fe754.config
verificar · typecheck · unit · build · audit	Post Run actions/checkout@v7	2026-09-22T21:54:35.3011766Z [command]/usr/bin/git config --local --unset includeif.gitdir:/github/workspace/.git/worktrees/*.path \/github\/runner_temp\/git\-credentials\-bf44da51\-a513\-4f6f\-939e\-1a960f1fe754\.config
verificar · typecheck · unit · build · audit	Post Run actions/checkout@v7	2026-09-22T21:54:35.3041284Z [command]/usr/bin/git submodule foreach --recursive git config --local --show-origin --name-only --get-regexp remote.origin.url
verificar · typecheck · unit · build · audit	Post Run actions/checkout@v7	2026-09-22T21:54:35.3228001Z Removing credentials config '/home/runner/work/_temp/git-credentials-bf44da51-a513-4f6f-939e-1a960f1fe754.config'
verificar · typecheck · unit · build · audit	Complete job	﻿2026-09-22T21:54:35.3356952Z Cleaning up orphan processes
