verificar · typecheck · unit · build · audit	Set up job	﻿2026-09-21T18:46:46.3709375Z Current runner version: '2.337.0'
verificar · typecheck · unit · build · audit	Set up job	2026-09-21T18:46:46.3736229Z ##[group]Runner Image Provisioner
verificar · typecheck · unit · build · audit	Set up job	2026-09-21T18:46:46.3737262Z Hosted Compute Agent
verificar · typecheck · unit · build · audit	Set up job	2026-09-21T18:46:46.3737929Z Version: 20260828.587
verificar · typecheck · unit · build · audit	Set up job	2026-09-21T18:46:46.3738581Z Commit: abac92662cab4cc7352de4f9f9d2e2419aad9c29
verificar · typecheck · unit · build · audit	Set up job	2026-09-21T18:46:46.3739450Z Build Date: 2026-08-28T16:44:25Z
verificar · typecheck · unit · build · audit	Set up job	2026-09-21T18:46:46.3740146Z Worker ID: {fcda22a8-6c59-4473-b629-bdfe1e75ce33}
verificar · typecheck · unit · build · audit	Set up job	2026-09-21T18:46:46.3740904Z Azure Region: eastus
verificar · typecheck · unit · build · audit	Set up job	2026-09-21T18:46:46.3741529Z ##[endgroup]
verificar · typecheck · unit · build · audit	Set up job	2026-09-21T18:46:46.3743036Z ##[group]Operating System
verificar · typecheck · unit · build · audit	Set up job	2026-09-21T18:46:46.3743807Z Ubuntu
verificar · typecheck · unit · build · audit	Set up job	2026-09-21T18:46:46.3744351Z 24.04.5
verificar · typecheck · unit · build · audit	Set up job	2026-09-21T18:46:46.3744866Z LTS
verificar · typecheck · unit · build · audit	Set up job	2026-09-21T18:46:46.3745847Z ##[endgroup]
verificar · typecheck · unit · build · audit	Set up job	2026-09-21T18:46:46.3746445Z ##[group]Runner Image
verificar · typecheck · unit · build · audit	Set up job	2026-09-21T18:46:46.3747281Z Image: ubuntu-24.04
verificar · typecheck · unit · build · audit	Set up job	2026-09-21T18:46:46.3747873Z Version: 20260907.300.1
verificar · typecheck · unit · build · audit	Set up job	2026-09-21T18:46:46.3748983Z Included Software: https://github.com/actions/runner-images/blob/ubuntu24/20260907.300/images/ubuntu/Ubuntu2404-Readme.md
verificar · typecheck · unit · build · audit	Set up job	2026-09-21T18:46:46.3750823Z Image Release: https://github.com/actions/runner-images/releases/tag/ubuntu24%2F20260907.300
verificar · typecheck · unit · build · audit	Set up job	2026-09-21T18:46:46.3751891Z ##[endgroup]
verificar · typecheck · unit · build · audit	Set up job	2026-09-21T18:46:46.3752970Z ##[group]GITHUB_TOKEN Permissions
verificar · typecheck · unit · build · audit	Set up job	2026-09-21T18:46:46.3755402Z Contents: read
verificar · typecheck · unit · build · audit	Set up job	2026-09-21T18:46:46.3756066Z Metadata: read
verificar · typecheck · unit · build · audit	Set up job	2026-09-21T18:46:46.3756741Z ##[endgroup]
verificar · typecheck · unit · build · audit	Set up job	2026-09-21T18:46:46.3759176Z Secret source: Actions
verificar · typecheck · unit · build · audit	Set up job	2026-09-21T18:46:46.3760294Z Cache mode: write
verificar · typecheck · unit · build · audit	Set up job	2026-09-21T18:46:46.3761283Z Prepare workflow directory
verificar · typecheck · unit · build · audit	Set up job	2026-09-21T18:46:46.4091689Z Prepare all required actions
verificar · typecheck · unit · build · audit	Set up job	2026-09-21T18:46:46.4141258Z Getting action download info
verificar · typecheck · unit · build · audit	Set up job	2026-09-21T18:46:46.6645451Z Download action repository 'actions/checkout@v7' (SHA:3d3c42e5aac5ba805825da76410c181273ba90b1)
verificar · typecheck · unit · build · audit	Set up job	2026-09-21T18:46:46.7673259Z Download action repository 'actions/setup-node@v7' (SHA:820762786026740c76f36085b0efc47a31fe5020)
verificar · typecheck · unit · build · audit	Set up job	2026-09-21T18:46:46.9706493Z Complete job name: verificar · typecheck · unit · build · audit
verificar · typecheck · unit · build · audit	Run actions/checkout@v7	﻿2026-09-21T18:46:47.0530720Z ##[group]Run actions/checkout@v7
verificar · typecheck · unit · build · audit	Run actions/checkout@v7	2026-09-21T18:46:47.0531695Z with:
verificar · typecheck · unit · build · audit	Run actions/checkout@v7	2026-09-21T18:46:47.0532158Z   repository: Elian-Bufi/be
verificar · typecheck · unit · build · audit	Run actions/checkout@v7	2026-09-21T18:46:47.0536447Z   token: ***
verificar · typecheck · unit · build · audit	Run actions/checkout@v7	2026-09-21T18:46:47.0536897Z   ssh-strict: true
verificar · typecheck · unit · build · audit	Run actions/checkout@v7	2026-09-21T18:46:47.0537350Z   ssh-user: git
verificar · typecheck · unit · build · audit	Run actions/checkout@v7	2026-09-21T18:46:47.0537816Z   persist-credentials: true
verificar · typecheck · unit · build · audit	Run actions/checkout@v7	2026-09-21T18:46:47.0538302Z   clean: true
verificar · typecheck · unit · build · audit	Run actions/checkout@v7	2026-09-21T18:46:47.0538753Z   sparse-checkout-cone-mode: true
verificar · typecheck · unit · build · audit	Run actions/checkout@v7	2026-09-21T18:46:47.0539276Z   fetch-depth: 1
verificar · typecheck · unit · build · audit	Run actions/checkout@v7	2026-09-21T18:46:47.0539709Z   fetch-tags: false
verificar · typecheck · unit · build · audit	Run actions/checkout@v7	2026-09-21T18:46:47.0540162Z   show-progress: true
verificar · typecheck · unit · build · audit	Run actions/checkout@v7	2026-09-21T18:46:47.0540613Z   lfs: false
verificar · typecheck · unit · build · audit	Run actions/checkout@v7	2026-09-21T18:46:47.0541033Z   submodules: false
verificar · typecheck · unit · build · audit	Run actions/checkout@v7	2026-09-21T18:46:47.0541486Z   set-safe-directory: true
verificar · typecheck · unit · build · audit	Run actions/checkout@v7	2026-09-21T18:46:47.0542006Z   allow-unsafe-pr-checkout: false
verificar · typecheck · unit · build · audit	Run actions/checkout@v7	2026-09-21T18:46:47.0542790Z ##[endgroup]
verificar · typecheck · unit · build · audit	Run actions/checkout@v7	2026-09-21T18:46:47.1548149Z Syncing repository: Elian-Bufi/be
verificar · typecheck · unit · build · audit	Run actions/checkout@v7	2026-09-21T18:46:47.1550916Z ##[group]Getting Git version info
verificar · typecheck · unit · build · audit	Run actions/checkout@v7	2026-09-21T18:46:47.1552283Z Working directory is '/home/runner/work/be/be'
verificar · typecheck · unit · build · audit	Run actions/checkout@v7	2026-09-21T18:46:47.1554330Z [command]/usr/bin/git version
verificar · typecheck · unit · build · audit	Run actions/checkout@v7	2026-09-21T18:46:47.1627310Z git version 2.55.0
verificar · typecheck · unit · build · audit	Run actions/checkout@v7	2026-09-21T18:46:47.1650344Z ##[endgroup]
verificar · typecheck · unit · build · audit	Run actions/checkout@v7	2026-09-21T18:46:47.1673465Z Temporarily overriding HOME='/home/runner/work/_temp/02611149-a88f-4030-9a9b-57d9d88eabf0' before making global git config changes
verificar · typecheck · unit · build · audit	Run actions/checkout@v7	2026-09-21T18:46:47.1682039Z Adding repository directory to the temporary git global config as a safe directory
verificar · typecheck · unit · build · audit	Run actions/checkout@v7	2026-09-21T18:46:47.1683262Z [command]/usr/bin/git config --global --add safe.directory /home/runner/work/be/be
verificar · typecheck · unit · build · audit	Run actions/checkout@v7	2026-09-21T18:46:47.1740975Z Deleting the contents of '/home/runner/work/be/be'
verificar · typecheck · unit · build · audit	Run actions/checkout@v7	2026-09-21T18:46:47.1750569Z ##[group]Determining repository object format
verificar · typecheck · unit · build · audit	Run actions/checkout@v7	2026-09-21T18:46:47.1752073Z ##[endgroup]
verificar · typecheck · unit · build · audit	Run actions/checkout@v7	2026-09-21T18:46:47.1760791Z ##[group]Initializing the repository
verificar · typecheck · unit · build · audit	Run actions/checkout@v7	2026-09-21T18:46:47.1762704Z [command]/usr/bin/git init /home/runner/work/be/be
verificar · typecheck · unit · build · audit	Run actions/checkout@v7	2026-09-21T18:46:47.1858916Z hint: Using 'master' as the name for the initial branch. This default branch name
verificar · typecheck · unit · build · audit	Run actions/checkout@v7	2026-09-21T18:46:47.1860530Z hint: will change to "main" in Git 3.0. To configure the initial branch name
verificar · typecheck · unit · build · audit	Run actions/checkout@v7	2026-09-21T18:46:47.1862532Z hint: to use in all of your new repositories, which will suppress this warning,
verificar · typecheck · unit · build · audit	Run actions/checkout@v7	2026-09-21T18:46:47.1863852Z hint: call:
verificar · typecheck · unit · build · audit	Run actions/checkout@v7	2026-09-21T18:46:47.1864394Z hint:
verificar · typecheck · unit · build · audit	Run actions/checkout@v7	2026-09-21T18:46:47.1864932Z hint: 	git config --global init.defaultBranch <name>
verificar · typecheck · unit · build · audit	Run actions/checkout@v7	2026-09-21T18:46:47.1866188Z hint:
verificar · typecheck · unit · build · audit	Run actions/checkout@v7	2026-09-21T18:46:47.1867298Z hint: Names commonly chosen instead of 'master' are 'main', 'trunk' and
verificar · typecheck · unit · build · audit	Run actions/checkout@v7	2026-09-21T18:46:47.1868799Z hint: 'development'. The just-created branch can be renamed via this command:
verificar · typecheck · unit · build · audit	Run actions/checkout@v7	2026-09-21T18:46:47.1869595Z hint:
verificar · typecheck · unit · build · audit	Run actions/checkout@v7	2026-09-21T18:46:47.1870040Z hint: 	git branch -m <name>
verificar · typecheck · unit · build · audit	Run actions/checkout@v7	2026-09-21T18:46:47.1870531Z hint:
verificar · typecheck · unit · build · audit	Run actions/checkout@v7	2026-09-21T18:46:47.1871163Z hint: Disable this message with "git config set advice.defaultBranchName false"
verificar · typecheck · unit · build · audit	Run actions/checkout@v7	2026-09-21T18:46:47.1872116Z Initialized empty Git repository in /home/runner/work/be/be/.git/
verificar · typecheck · unit · build · audit	Run actions/checkout@v7	2026-09-21T18:46:47.1874949Z [command]/usr/bin/git remote add origin https://github.com/Elian-Bufi/be
verificar · typecheck · unit · build · audit	Run actions/checkout@v7	2026-09-21T18:46:47.1921737Z ##[endgroup]
verificar · typecheck · unit · build · audit	Run actions/checkout@v7	2026-09-21T18:46:47.1923087Z ##[group]Disabling automatic garbage collection
verificar · typecheck · unit · build · audit	Run actions/checkout@v7	2026-09-21T18:46:47.1926607Z [command]/usr/bin/git config --local gc.auto 0
verificar · typecheck · unit · build · audit	Run actions/checkout@v7	2026-09-21T18:46:47.1960012Z ##[endgroup]
verificar · typecheck · unit · build · audit	Run actions/checkout@v7	2026-09-21T18:46:47.1961803Z ##[group]Setting up auth
verificar · typecheck · unit · build · audit	Run actions/checkout@v7	2026-09-21T18:46:47.1962871Z Removing SSH command configuration
verificar · typecheck · unit · build · audit	Run actions/checkout@v7	2026-09-21T18:46:47.1982492Z [command]/usr/bin/git config --local --name-only --get-regexp core\.sshCommand
verificar · typecheck · unit · build · audit	Run actions/checkout@v7	2026-09-21T18:46:47.2018845Z [command]/usr/bin/git submodule foreach --recursive sh -c "git config --local --name-only --get-regexp 'core\.sshCommand' && git config --local --unset-all 'core.sshCommand' || :"
verificar · typecheck · unit · build · audit	Run actions/checkout@v7	2026-09-21T18:46:47.2396261Z Removing HTTP extra header
verificar · typecheck · unit · build · audit	Run actions/checkout@v7	2026-09-21T18:46:47.2402790Z [command]/usr/bin/git config --local --name-only --get-regexp http\.https\:\/\/github\.com\/\.extraheader
verificar · typecheck · unit · build · audit	Run actions/checkout@v7	2026-09-21T18:46:47.2444691Z [command]/usr/bin/git submodule foreach --recursive sh -c "git config --local --name-only --get-regexp 'http\.https\:\/\/github\.com\/\.extraheader' && git config --local --unset-all 'http.https://github.com/.extraheader' || :"
verificar · typecheck · unit · build · audit	Run actions/checkout@v7	2026-09-21T18:46:47.2664173Z Removing includeIf entries pointing to credentials config files
verificar · typecheck · unit · build · audit	Run actions/checkout@v7	2026-09-21T18:46:47.2677201Z [command]/usr/bin/git config --local --name-only --get-regexp ^includeIf\.gitdir:
verificar · typecheck · unit · build · audit	Run actions/checkout@v7	2026-09-21T18:46:47.2712388Z [command]/usr/bin/git submodule foreach --recursive git config --local --show-origin --name-only --get-regexp remote.origin.url
verificar · typecheck · unit · build · audit	Run actions/checkout@v7	2026-09-21T18:46:47.2944682Z [command]/usr/bin/git config --file /home/runner/work/_temp/git-credentials-2cc7deab-a50f-4071-a932-5bd40d271c25.config http.https://github.com/.extraheader AUTHORIZATION: basic ***
verificar · typecheck · unit · build · audit	Run actions/checkout@v7	2026-09-21T18:46:47.2992071Z [command]/usr/bin/git config --local includeIf.gitdir:/home/runner/work/be/be/.git.path /home/runner/work/_temp/git-credentials-2cc7deab-a50f-4071-a932-5bd40d271c25.config
verificar · typecheck · unit · build · audit	Run actions/checkout@v7	2026-09-21T18:46:47.3028645Z [command]/usr/bin/git config --local includeIf.gitdir:/home/runner/work/be/be/.git/worktrees/*.path /home/runner/work/_temp/git-credentials-2cc7deab-a50f-4071-a932-5bd40d271c25.config
verificar · typecheck · unit · build · audit	Run actions/checkout@v7	2026-09-21T18:46:47.3069664Z [command]/usr/bin/git config --local includeIf.gitdir:/github/workspace/.git.path /github/runner_temp/git-credentials-2cc7deab-a50f-4071-a932-5bd40d271c25.config
verificar · typecheck · unit · build · audit	Run actions/checkout@v7	2026-09-21T18:46:47.3104070Z [command]/usr/bin/git config --local includeIf.gitdir:/github/workspace/.git/worktrees/*.path /github/runner_temp/git-credentials-2cc7deab-a50f-4071-a932-5bd40d271c25.config
verificar · typecheck · unit · build · audit	Run actions/checkout@v7	2026-09-21T18:46:47.3137815Z ##[endgroup]
verificar · typecheck · unit · build · audit	Run actions/checkout@v7	2026-09-21T18:46:47.3138605Z ##[group]Fetching the repository
verificar · typecheck · unit · build · audit	Run actions/checkout@v7	2026-09-21T18:46:47.3144879Z [command]/usr/bin/git -c protocol.version=2 fetch --no-tags --prune --no-recurse-submodules --depth=1 origin +c50fdd905abcaea19b2cc2456145f3740d3c9f34:refs/remotes/origin/main
verificar · typecheck · unit · build · audit	Run actions/checkout@v7	2026-09-21T18:46:48.1322130Z From https://github.com/Elian-Bufi/be
verificar · typecheck · unit · build · audit	Run actions/checkout@v7	2026-09-21T18:46:48.1324019Z  * [new ref]         c50fdd905abcaea19b2cc2456145f3740d3c9f34 -> origin/main
verificar · typecheck · unit · build · audit	Run actions/checkout@v7	2026-09-21T18:46:48.1331873Z [command]/usr/bin/git branch --list --remote origin/main
verificar · typecheck · unit · build · audit	Run actions/checkout@v7	2026-09-21T18:46:48.1365019Z   origin/main
verificar · typecheck · unit · build · audit	Run actions/checkout@v7	2026-09-21T18:46:48.1376914Z [command]/usr/bin/git rev-parse refs/remotes/origin/main
verificar · typecheck · unit · build · audit	Run actions/checkout@v7	2026-09-21T18:46:48.1409522Z c50fdd905abcaea19b2cc2456145f3740d3c9f34
verificar · typecheck · unit · build · audit	Run actions/checkout@v7	2026-09-21T18:46:48.1424373Z ##[endgroup]
verificar · typecheck · unit · build · audit	Run actions/checkout@v7	2026-09-21T18:46:48.1425930Z ##[group]Determining the checkout info
verificar · typecheck · unit · build · audit	Run actions/checkout@v7	2026-09-21T18:46:48.1427441Z ##[endgroup]
verificar · typecheck · unit · build · audit	Run actions/checkout@v7	2026-09-21T18:46:48.1428298Z [command]/usr/bin/git sparse-checkout disable
verificar · typecheck · unit · build · audit	Run actions/checkout@v7	2026-09-21T18:46:48.1489878Z [command]/usr/bin/git config --local --unset-all extensions.worktreeConfig
verificar · typecheck · unit · build · audit	Run actions/checkout@v7	2026-09-21T18:46:48.1527062Z ##[group]Checking out the ref
verificar · typecheck · unit · build · audit	Run actions/checkout@v7	2026-09-21T18:46:48.1531765Z [command]/usr/bin/git checkout --progress --force -B main refs/remotes/origin/main
verificar · typecheck · unit · build · audit	Run actions/checkout@v7	2026-09-21T18:46:48.3554967Z Switched to a new branch 'main'
verificar · typecheck · unit · build · audit	Run actions/checkout@v7	2026-09-21T18:46:48.3559675Z branch 'main' set up to track 'origin/main'.
verificar · typecheck · unit · build · audit	Run actions/checkout@v7	2026-09-21T18:46:48.3574711Z ##[endgroup]
verificar · typecheck · unit · build · audit	Run actions/checkout@v7	2026-09-21T18:46:48.3627190Z [command]/usr/bin/git log -1 --format=%H
verificar · typecheck · unit · build · audit	Run actions/checkout@v7	2026-09-21T18:46:48.3658725Z c50fdd905abcaea19b2cc2456145f3740d3c9f34
verificar · typecheck · unit · build · audit	Run actions/setup-node@v7	﻿2026-09-21T18:46:48.4046341Z ##[group]Run actions/setup-node@v7
verificar · typecheck · unit · build · audit	Run actions/setup-node@v7	2026-09-21T18:46:48.4047206Z with:
verificar · typecheck · unit · build · audit	Run actions/setup-node@v7	2026-09-21T18:46:48.4047773Z   node-version-file: .nvmrc
verificar · typecheck · unit · build · audit	Run actions/setup-node@v7	2026-09-21T18:46:48.4048468Z   cache: npm
verificar · typecheck · unit · build · audit	Run actions/setup-node@v7	2026-09-21T18:46:48.4049044Z   check-latest: false
verificar · typecheck · unit · build · audit	Run actions/setup-node@v7	2026-09-21T18:46:48.4058253Z   token: ***
verificar · typecheck · unit · build · audit	Run actions/setup-node@v7	2026-09-21T18:46:48.4058899Z   package-manager-cache: true
verificar · typecheck · unit · build · audit	Run actions/setup-node@v7	2026-09-21T18:46:48.4059626Z ##[endgroup]
verificar · typecheck · unit · build · audit	Run actions/setup-node@v7	2026-09-21T18:46:48.5386713Z Node version file is not JSON file
verificar · typecheck · unit · build · audit	Run actions/setup-node@v7	2026-09-21T18:46:48.5388457Z Resolved .nvmrc as 22.23.2
verificar · typecheck · unit · build · audit	Run actions/setup-node@v7	2026-09-21T18:46:48.5412135Z Found in cache @ /opt/hostedtoolcache/node/22.23.2/x64
verificar · typecheck · unit · build · audit	Run actions/setup-node@v7	2026-09-21T18:46:48.5415397Z ##[group]Environment details
verificar · typecheck · unit · build · audit	Run actions/setup-node@v7	2026-09-21T18:46:48.9477472Z node: v22.23.2
verificar · typecheck · unit · build · audit	Run actions/setup-node@v7	2026-09-21T18:46:48.9479511Z npm: 10.9.8
verificar · typecheck · unit · build · audit	Run actions/setup-node@v7	2026-09-21T18:46:48.9480298Z yarn: 1.22.22
verificar · typecheck · unit · build · audit	Run actions/setup-node@v7	2026-09-21T18:46:48.9481815Z ##[endgroup]
verificar · typecheck · unit · build · audit	Run actions/setup-node@v7	2026-09-21T18:46:48.9501042Z [command]/opt/hostedtoolcache/node/22.23.2/x64/bin/npm config get cache
verificar · typecheck · unit · build · audit	Run actions/setup-node@v7	2026-09-21T18:46:49.0636480Z /home/runner/.npm
verificar · typecheck · unit · build · audit	Run actions/setup-node@v7	2026-09-21T18:46:49.1432681Z Cache hit for: node-cache-Linux-x64-npm-9181c9907050bf25d71155ea529ed6c89aaaf9646a54ace897736081a1116195
verificar · typecheck · unit · build · audit	Run actions/setup-node@v7	2026-09-21T18:46:50.1916726Z Received 222298112 of 334954077 (66.4%), 211.8 MBs/sec
verificar · typecheck · unit · build · audit	Run actions/setup-node@v7	2026-09-21T18:46:50.6514471Z Received 334954077 of 334954077 (100.0%), 217.9 MBs/sec
verificar · typecheck · unit · build · audit	Run actions/setup-node@v7	2026-09-21T18:46:50.6516088Z Cache Size: ~319 MB (334954077 B)
verificar · typecheck · unit · build · audit	Run actions/setup-node@v7	2026-09-21T18:46:50.6558958Z [command]/usr/bin/tar -xf /home/runner/work/_temp/b076e731-3298-429a-855e-9aa384cd4e91/cache.tzst -P -C /home/runner/work/be/be --use-compress-program unzstd
verificar · typecheck · unit · build · audit	Run actions/setup-node@v7	2026-09-21T18:46:51.5119387Z Cache restored successfully
verificar · typecheck · unit · build · audit	Run actions/setup-node@v7	2026-09-21T18:46:51.5269515Z Cache restored from key: node-cache-Linux-x64-npm-9181c9907050bf25d71155ea529ed6c89aaaf9646a54ace897736081a1116195
verificar · typecheck · unit · build · audit	Run npm ci	﻿2026-09-21T18:46:51.5492696Z ##[group]Run npm ci
verificar · typecheck · unit · build · audit	Run npm ci	2026-09-21T18:46:51.5493065Z ^[[36;1mnpm ci^[[0m
verificar · typecheck · unit · build · audit	Run npm ci	2026-09-21T18:46:51.5542584Z shell: /usr/bin/bash -e {0}
verificar · typecheck · unit · build · audit	Run npm ci	2026-09-21T18:46:51.5542897Z ##[endgroup]
verificar · typecheck · unit · build · audit	Run npm ci	2026-09-21T18:47:00.4621592Z npm warn deprecated uuid@7.0.3: uuid@10 and below is no longer supported.  For ESM codebases, update to uuid@latest.  For CommonJS codebases, use uuid@11 (but be aware this version will likely be deprecated in 2028).
verificar · typecheck · unit · build · audit	Run npm ci	2026-09-21T18:47:01.0047598Z npm warn deprecated glob@10.5.0: Old versions of glob are not supported, and contain widely publicized security vulnerabilities, which have been fixed in the current version. Please update. Support for old versions may be purchased (at exorbitant rates) by contacting i@izs.me
verificar · typecheck · unit · build · audit	Run npm ci	2026-09-21T18:47:01.0050339Z npm warn deprecated glob@10.5.0: Old versions of glob are not supported, and contain widely publicized security vulnerabilities, which have been fixed in the current version. Please update. Support for old versions may be purchased (at exorbitant rates) by contacting i@izs.me
verificar · typecheck · unit · build · audit	Run npm ci	2026-09-21T18:47:20.9806216Z 
verificar · typecheck · unit · build · audit	Run npm ci	2026-09-21T18:47:20.9807169Z added 978 packages, and audited 983 packages in 29s
verificar · typecheck · unit · build · audit	Run npm ci	2026-09-21T18:47:21.0411902Z 
verificar · typecheck · unit · build · audit	Run npm ci	2026-09-21T18:47:21.0414803Z 10 moderate severity vulnerabilities
verificar · typecheck · unit · build · audit	Run npm ci	2026-09-21T18:47:21.0417252Z 
verificar · typecheck · unit · build · audit	Run npm ci	2026-09-21T18:47:21.0418007Z To address issues that do not require attention, run:
verificar · typecheck · unit · build · audit	Run npm ci	2026-09-21T18:47:21.0419397Z   npm audit fix
verificar · typecheck · unit · build · audit	Run npm ci	2026-09-21T18:47:21.0419696Z 
verificar · typecheck · unit · build · audit	Run npm ci	2026-09-21T18:47:21.0420155Z To address all issues (including breaking changes), run:
verificar · typecheck · unit · build · audit	Run npm ci	2026-09-21T18:47:21.0420834Z   npm audit fix --force
verificar · typecheck · unit · build · audit	Run npm ci	2026-09-21T18:47:21.0421149Z 
verificar · typecheck · unit · build · audit	Run npm ci	2026-09-21T18:47:21.0421415Z Run `npm audit` for details.
verificar · typecheck · unit · build · audit	Run npx prisma generate	﻿2026-09-21T18:47:21.1799660Z ##[group]Run npx prisma generate
verificar · typecheck · unit · build · audit	Run npx prisma generate	2026-09-21T18:47:21.1800031Z ^[[36;1mnpx prisma generate^[[0m
verificar · typecheck · unit · build · audit	Run npx prisma generate	2026-09-21T18:47:21.1838941Z shell: /usr/bin/bash -e {0}
verificar · typecheck · unit · build · audit	Run npx prisma generate	2026-09-21T18:47:21.1839241Z ##[endgroup]
verificar · typecheck · unit · build · audit	Run npx prisma generate	2026-09-21T18:47:22.1555989Z warn The configuration property `package.json#prisma` is deprecated and will be removed in Prisma 7. Please migrate to a Prisma config file (e.g., `prisma.config.ts`).
verificar · typecheck · unit · build · audit	Run npx prisma generate	2026-09-21T18:47:22.1557698Z For more information, see: https://pris.ly/prisma-config
verificar · typecheck · unit · build · audit	Run npx prisma generate	2026-09-21T18:47:22.1558145Z 
verificar · typecheck · unit · build · audit	Run npx prisma generate	2026-09-21T18:47:22.3398174Z Prisma schema loaded from prisma/schema.prisma
verificar · typecheck · unit · build · audit	Run npx prisma generate	2026-09-21T18:47:23.2747026Z ┌─────────────────────────────────────────────────────────┐
verificar · typecheck · unit · build · audit	Run npx prisma generate	2026-09-21T18:47:23.2747532Z 
verificar · typecheck · unit · build · audit	Run npx prisma generate	2026-09-21T18:47:23.2748268Z ✔ Generated Prisma Client (v6.19.3) to ./node_modules/@prisma/client in 464ms
verificar · typecheck · unit · build · audit	Run npx prisma generate	2026-09-21T18:47:23.2748815Z 
verificar · typecheck · unit · build · audit	Run npx prisma generate	2026-09-21T18:47:23.2749411Z Start by importing your Prisma Client (See: https://pris.ly/d/importing-client)
verificar · typecheck · unit · build · audit	Run npx prisma generate	2026-09-21T18:47:23.2749905Z 
verificar · typecheck · unit · build · audit	Run npx prisma generate	2026-09-21T18:47:23.2750684Z Tip: Need your database queries to be 1000x faster? Accelerate offers you that and more: https://pris.ly/tip-2-accelerate
verificar · typecheck · unit · build · audit	Run npx prisma generate	2026-09-21T18:47:23.2751474Z 
verificar · typecheck · unit · build · audit	Run npx prisma generate	2026-09-21T18:47:23.2751944Z │  Update available 6.19.3 -> 8.0.0-rc.15                 │
verificar · typecheck · unit · build · audit	Run npx prisma generate	2026-09-21T18:47:23.2752693Z │                                                         │
verificar · typecheck · unit · build · audit	Run npx prisma generate	2026-09-21T18:47:23.2753394Z │  This is a major update - please follow the guide at    │
verificar · typecheck · unit · build · audit	Run npx prisma generate	2026-09-21T18:47:23.2754202Z │  https://pris.ly/d/major-version-upgrade                │
verificar · typecheck · unit · build · audit	Run npx prisma generate	2026-09-21T18:47:23.2755001Z │                                                         │
verificar · typecheck · unit · build · audit	Run npx prisma generate	2026-09-21T18:47:23.2756056Z │  Run the following to update                            │
verificar · typecheck · unit · build · audit	Run npx prisma generate	2026-09-21T18:47:23.2756895Z │    npm i --save-dev prisma@latest                       │
verificar · typecheck · unit · build · audit	Run npx prisma generate	2026-09-21T18:47:23.2757798Z │    npm i @prisma/client@latest                          │
verificar · typecheck · unit · build · audit	Run npx prisma generate	2026-09-21T18:47:23.2758655Z └─────────────────────────────────────────────────────────┘
verificar · typecheck · unit · build · audit	Typecheck (domain, api, web, mobile)	﻿2026-09-21T18:47:23.3154102Z ##[group]Run npm run typecheck
verificar · typecheck · unit · build · audit	Typecheck (domain, api, web, mobile)	2026-09-21T18:47:23.3154433Z ^[[36;1mnpm run typecheck^[[0m
verificar · typecheck · unit · build · audit	Typecheck (domain, api, web, mobile)	2026-09-21T18:47:23.3191436Z shell: /usr/bin/bash -e {0}
verificar · typecheck · unit · build · audit	Typecheck (domain, api, web, mobile)	2026-09-21T18:47:23.3191712Z ##[endgroup]
verificar · typecheck · unit · build · audit	Typecheck (domain, api, web, mobile)	2026-09-21T18:47:23.4213050Z 
verificar · typecheck · unit · build · audit	Typecheck (domain, api, web, mobile)	2026-09-21T18:47:23.4213839Z > be@0.1.0 typecheck
verificar · typecheck · unit · build · audit	Typecheck (domain, api, web, mobile)	2026-09-21T18:47:23.4214667Z > npm run build:domain && npm run typecheck --workspaces --if-present
verificar · typecheck · unit · build · audit	Typecheck (domain, api, web, mobile)	2026-09-21T18:47:23.4215396Z 
verificar · typecheck · unit · build · audit	Typecheck (domain, api, web, mobile)	2026-09-21T18:47:23.5252975Z 
verificar · typecheck · unit · build · audit	Typecheck (domain, api, web, mobile)	2026-09-21T18:47:23.5253498Z > be@0.1.0 build:domain
verificar · typecheck · unit · build · audit	Typecheck (domain, api, web, mobile)	2026-09-21T18:47:23.5254384Z > npm run build -w @be/domain
verificar · typecheck · unit · build · audit	Typecheck (domain, api, web, mobile)	2026-09-21T18:47:23.5254824Z 
verificar · typecheck · unit · build · audit	Typecheck (domain, api, web, mobile)	2026-09-21T18:47:23.6503761Z 
verificar · typecheck · unit · build · audit	Typecheck (domain, api, web, mobile)	2026-09-21T18:47:23.6504541Z > @be/domain@0.1.0 build
verificar · typecheck · unit · build · audit	Typecheck (domain, api, web, mobile)	2026-09-21T18:47:28.3276250Z > tsc -p tsconfig.json
verificar · typecheck · unit · build · audit	Typecheck (domain, api, web, mobile)	2026-09-21T18:47:28.3276673Z 
verificar · typecheck · unit · build · audit	Typecheck (domain, api, web, mobile)	2026-09-21T18:47:28.3276686Z 
verificar · typecheck · unit · build · audit	Typecheck (domain, api, web, mobile)	2026-09-21T18:47:28.3276989Z > @be/domain@0.1.0 typecheck
verificar · typecheck · unit · build · audit	Typecheck (domain, api, web, mobile)	2026-09-21T18:47:28.3277633Z > tsc -p tsconfig.json --noEmit
verificar · typecheck · unit · build · audit	Typecheck (domain, api, web, mobile)	2026-09-21T18:47:28.3277978Z 
verificar · typecheck · unit · build · audit	Typecheck (domain, api, web, mobile)	2026-09-21T18:47:32.2343281Z 
verificar · typecheck · unit · build · audit	Typecheck (domain, api, web, mobile)	2026-09-21T18:47:32.2344326Z > @be/api@0.6.0 typecheck
verificar · typecheck · unit · build · audit	Typecheck (domain, api, web, mobile)	2026-09-21T18:47:32.2344819Z > tsc -p tsconfig.json --noEmit
verificar · typecheck · unit · build · audit	Typecheck (domain, api, web, mobile)	2026-09-21T18:47:32.2345022Z 
verificar · typecheck · unit · build · audit	Typecheck (domain, api, web, mobile)	2026-09-21T18:47:37.6540905Z 
verificar · typecheck · unit · build · audit	Typecheck (domain, api, web, mobile)	2026-09-21T18:47:37.6541601Z > @be/web@0.6.0 typecheck
verificar · typecheck · unit · build · audit	Typecheck (domain, api, web, mobile)	2026-09-21T18:47:37.6542139Z > tsc --noEmit
verificar · typecheck · unit · build · audit	Typecheck (domain, api, web, mobile)	2026-09-21T18:47:37.6542373Z 
verificar · typecheck · unit · build · audit	Typecheck (domain, api, web, mobile)	2026-09-21T18:47:43.2937265Z 
verificar · typecheck · unit · build · audit	Typecheck (domain, api, web, mobile)	2026-09-21T18:47:43.2937930Z > @be/mobile@0.6.0 typecheck
verificar · typecheck · unit · build · audit	Typecheck (domain, api, web, mobile)	2026-09-21T18:47:43.2938477Z > tsc --noEmit
verificar · typecheck · unit · build · audit	Typecheck (domain, api, web, mobile)	2026-09-21T18:47:43.2938706Z 
verificar · typecheck · unit · build · audit	OpenAPI generado desde @be/domain sin drift (09v7 T21)	﻿2026-09-21T18:47:45.9675096Z ##[group]Run node scripts/generar-openapi.cjs --verificar
verificar · typecheck · unit · build · audit	OpenAPI generado desde @be/domain sin drift (09v7 T21)	2026-09-21T18:47:45.9675915Z ^[[36;1mnode scripts/generar-openapi.cjs --verificar^[[0m
verificar · typecheck · unit · build · audit	OpenAPI generado desde @be/domain sin drift (09v7 T21)	2026-09-21T18:47:45.9713166Z shell: /usr/bin/bash -e {0}
verificar · typecheck · unit · build · audit	OpenAPI generado desde @be/domain sin drift (09v7 T21)	2026-09-21T18:47:45.9713433Z ##[endgroup]
verificar · typecheck · unit · build · audit	OpenAPI generado desde @be/domain sin drift (09v7 T21)	2026-09-21T18:47:46.1736843Z OpenAPI al día con @be/domain.
verificar · typecheck · unit · build · audit	Pruebas unitarias (domain, api)	﻿2026-09-21T18:47:46.1914489Z ##[group]Run npm test
verificar · typecheck · unit · build · audit	Pruebas unitarias (domain, api)	2026-09-21T18:47:46.1915976Z ^[[36;1mnpm test^[[0m
verificar · typecheck · unit · build · audit	Pruebas unitarias (domain, api)	2026-09-21T18:47:46.1969503Z shell: /usr/bin/bash -e {0}
verificar · typecheck · unit · build · audit	Pruebas unitarias (domain, api)	2026-09-21T18:47:46.1969948Z ##[endgroup]
verificar · typecheck · unit · build · audit	Pruebas unitarias (domain, api)	2026-09-21T18:47:46.3036726Z 
verificar · typecheck · unit · build · audit	Pruebas unitarias (domain, api)	2026-09-21T18:47:46.3037501Z > be@0.1.0 test
verificar · typecheck · unit · build · audit	Pruebas unitarias (domain, api)	2026-09-21T18:47:46.3038862Z > npm run build:domain && npm run test -w @be/domain && node --test scripts/copy-pantallas.test.cjs && npm run test -w @be/api
verificar · typecheck · unit · build · audit	Pruebas unitarias (domain, api)	2026-09-21T18:47:46.3039758Z 
verificar · typecheck · unit · build · audit	Pruebas unitarias (domain, api)	2026-09-21T18:47:46.4049589Z 
verificar · typecheck · unit · build · audit	Pruebas unitarias (domain, api)	2026-09-21T18:47:46.4050349Z > be@0.1.0 build:domain
verificar · typecheck · unit · build · audit	Pruebas unitarias (domain, api)	2026-09-21T18:47:46.4050974Z > npm run build -w @be/domain
verificar · typecheck · unit · build · audit	Pruebas unitarias (domain, api)	2026-09-21T18:47:46.4051318Z 
verificar · typecheck · unit · build · audit	Pruebas unitarias (domain, api)	2026-09-21T18:47:46.5296001Z 
verificar · typecheck · unit · build · audit	Pruebas unitarias (domain, api)	2026-09-21T18:47:46.5296855Z > @be/domain@0.1.0 build
verificar · typecheck · unit · build · audit	Pruebas unitarias (domain, api)	2026-09-21T18:47:46.5297734Z > tsc -p tsconfig.json
verificar · typecheck · unit · build · audit	Pruebas unitarias (domain, api)	2026-09-21T18:47:46.5298146Z 
verificar · typecheck · unit · build · audit	Pruebas unitarias (domain, api)	2026-09-21T18:47:51.1544666Z 
verificar · typecheck · unit · build · audit	Pruebas unitarias (domain, api)	2026-09-21T18:47:51.1545597Z > @be/domain@0.1.0 test
verificar · typecheck · unit · build · audit	Pruebas unitarias (domain, api)	2026-09-21T18:47:51.1546242Z > node --test dist/**/*.test.js
verificar · typecheck · unit · build · audit	Pruebas unitarias (domain, api)	2026-09-21T18:47:51.1546593Z 
verificar · typecheck · unit · build · audit	Pruebas unitarias (domain, api)	2026-09-21T18:47:51.2074329Z TAP version 13
verificar · typecheck · unit · build · audit	Pruebas unitarias (domain, api)	2026-09-21T18:47:51.4047378Z # Subtest: cliente: el registro envía A1 y A2 con la versión vigente, superficie e Idempotency-Key; nunca A3
verificar · typecheck · unit · build · audit	Pruebas unitarias (domain, api)	2026-09-21T18:47:51.4056949Z ok 1 - cliente: el registro envía A1 y A2 con la versión vigente, superficie e Idempotency-Key; nunca A3
verificar · typecheck · unit · build · audit	Pruebas unitarias (domain, api)	2026-09-21T18:47:51.4058148Z   ---
verificar · typecheck · unit · build · audit	Pruebas unitarias (domain, api)	2026-09-21T18:47:51.4058833Z   duration_ms: 36.255135
verificar · typecheck · unit · build · audit	Pruebas unitarias (domain, api)	2026-09-21T18:47:51.4059462Z   type: 'test'
verificar · typecheck · unit · build · audit	Pruebas unitarias (domain, api)	2026-09-21T18:47:51.4059980Z   ...
verificar · typecheck · unit · build · audit	Pruebas unitarias (domain, api)	2026-09-21T18:47:51.4062287Z # Subtest: cliente: una respuesta 2xx con otra forma no se interpreta (validación de contrato)
verificar · typecheck · unit · build · audit	Pruebas unitarias (domain, api)	2026-09-21T18:47:51.4086486Z ok 2 - cliente: una respuesta 2xx con otra forma no se interpreta (validación de contrato)
verificar · typecheck · unit · build · audit	Pruebas unitarias (domain, api)	2026-09-21T18:47:51.4115889Z   ---
verificar · typecheck · unit · build · audit	Pruebas unitarias (domain, api)	2026-09-21T18:47:51.4132914Z   duration_ms: 0.714096
verificar · typecheck · unit · build · audit	Pruebas unitarias (domain, api)	2026-09-21T18:47:51.4155861Z   type: 'test'
verificar · typecheck · unit · build · audit	Pruebas unitarias (domain, api)	2026-09-21T18:47:51.4176255Z   ...
verificar · typecheck · unit · build · audit	Pruebas unitarias (domain, api)	2026-09-21T18:47:51.4237125Z # Subtest: cliente: un ErrorEnvelope se traduce a su código e issues, sin exponer el mensaje del servidor
verificar · typecheck · unit · build · audit	Pruebas unitarias (domain, api)	2026-09-21T18:47:51.4261425Z ok 3 - cliente: un ErrorEnvelope se traduce a su código e issues, sin exponer el mensaje del servidor
verificar · typecheck · unit · build · audit	Pruebas unitarias (domain, api)	2026-09-21T18:47:51.4266072Z   ---
verificar · typecheck · unit · build · audit	Pruebas unitarias (domain, api)	2026-09-21T18:47:51.4295912Z   duration_ms: 1.630099
verificar · typecheck · unit · build · audit	Pruebas unitarias (domain, api)	2026-09-21T18:47:51.4315754Z   type: 'test'
verificar · typecheck · unit · build · audit	Pruebas unitarias (domain, api)	2026-09-21T18:47:51.4345757Z   ...
verificar · typecheck · unit · build · audit	Pruebas unitarias (domain, api)	2026-09-21T18:47:51.4356681Z # Subtest: cliente: sin respuesta de red el resultado es RED (incierto), nunca éxito
verificar · typecheck · unit · build · audit	Pruebas unitarias (domain, api)	2026-09-21T18:47:51.4376436Z ok 4 - cliente: sin respuesta de red el resultado es RED (incierto), nunca éxito
verificar · typecheck · unit · build · audit	Pruebas unitarias (domain, api)	2026-09-21T18:47:51.4405709Z   ---
verificar · typecheck · unit · build · audit	Pruebas unitarias (domain, api)	2026-09-21T18:47:51.4406156Z   duration_ms: 0.391261
verificar · typecheck · unit · build · audit	Pruebas unitarias (domain, api)	2026-09-21T18:47:51.4466168Z   type: 'test'
verificar · typecheck · unit · build · audit	Pruebas unitarias (domain, api)	2026-09-21T18:47:51.4467024Z   ...
verificar · typecheck · unit · build · audit	Pruebas unitarias (domain, api)	2026-09-21T18:47:51.4491482Z # Subtest: cliente: el cierre envía la versión de consecuencias mostrada y confirmación explícita, con Bearer
verificar · typecheck · unit · build · audit	Pruebas unitarias (domain, api)	2026-09-21T18:47:51.4516840Z ok 5 - cliente: el cierre envía la versión de consecuencias mostrada y confirmación explícita, con Bearer
verificar · typecheck · unit · build · audit	Pruebas unitarias (domain, api)	2026-09-21T18:47:51.4575836Z   ---
verificar · typecheck · unit · build · audit	Pruebas unitarias (domain, api)	2026-09-21T18:47:51.4618600Z   duration_ms: 1.632693
verificar · typecheck · unit · build · audit	Pruebas unitarias (domain, api)	2026-09-21T18:47:51.4636078Z   type: 'test'
verificar · typecheck · unit · build · audit	Pruebas unitarias (domain, api)	2026-09-21T18:47:51.4645816Z   ...
verificar · typecheck · unit · build · audit	Pruebas unitarias (domain, api)	2026-09-21T18:47:51.4676125Z # Subtest: copy: sin frases prohibidas por el 10 (10-B02, 10-ADD, 10-B10)
verificar · typecheck · unit · build · audit	Pruebas unitarias (domain, api)	2026-09-21T18:47:51.4703289Z ok 6 - copy: sin frases prohibidas por el 10 (10-B02, 10-ADD, 10-B10)
verificar · typecheck · unit · build · audit	Pruebas unitarias (domain, api)	2026-09-21T18:47:51.4726314Z   ---
verificar · typecheck · unit · build · audit	Pruebas unitarias (domain, api)	2026-09-21T18:47:51.4735773Z   duration_ms: 0.253524
verificar · typecheck · unit · build · audit	Pruebas unitarias (domain, api)	2026-09-21T18:47:51.4759782Z   type: 'test'
verificar · typecheck · unit · build · audit	Pruebas unitarias (domain, api)	2026-09-21T18:47:51.4785697Z   ...
verificar · typecheck · unit · build · audit	Pruebas unitarias (domain, api)	2026-09-21T18:47:51.4867223Z # Subtest: cliente ANT: cada operación va a la ruta que declara el 09, y las dos colecciones no se cruzan
verificar · typecheck · unit · build · audit	Pruebas unitarias (domain, api)	2026-09-21T18:47:51.4896624Z ok 7 - cliente ANT: cada operación va a la ruta que declara el 09, y las dos colecciones no se cruzan
verificar · typecheck · unit · build · audit	Pruebas unitarias (domain, api)	2026-09-21T18:47:51.4905772Z   ---
verificar · typecheck · unit · build · audit	Pruebas unitarias (domain, api)	2026-09-21T18:47:51.4935771Z   duration_ms: 4.273652
verificar · typecheck · unit · build · audit	Pruebas unitarias (domain, api)	2026-09-21T18:47:51.4961768Z   type: 'test'
verificar · typecheck · unit · build · audit	Pruebas unitarias (domain, api)	2026-09-21T18:47:51.4995865Z   ...
verificar · typecheck · unit · build · audit	Pruebas unitarias (domain, api)	2026-09-21T18:47:51.7080722Z # Subtest: REG-06-126 · un plan simple omite microciclos y es válido: no se inventa un microciclo vacío (09v10:262)
verificar · typecheck · unit · build · audit	Pruebas unitarias (domain, api)	2026-09-21T18:47:51.7097901Z ok 8 - REG-06-126 · un plan simple omite microciclos y es válido: no se inventa un microciclo vacío (09v10:262)
verificar · typecheck · unit · build · audit	Pruebas unitarias (domain, api)	2026-09-21T18:47:51.7100233Z   ---
verificar · typecheck · unit · build · audit	Pruebas unitarias (domain, api)	2026-09-21T18:47:51.7100571Z   duration_ms: 16.435498
verificar · typecheck · unit · build · audit	Pruebas unitarias (domain, api)	2026-09-21T18:47:51.7100831Z   type: 'test'
verificar · typecheck · unit · build · audit	Pruebas unitarias (domain, api)	2026-09-21T18:47:51.7101052Z   ...
verificar · typecheck · unit · build · audit	Pruebas unitarias (domain, api)	2026-09-21T18:47:51.7102145Z # Subtest: REG-06-126 · con microciclos, la sesión cuelga del microciclo y la jerarquía se conserva tal cual
verificar · typecheck · unit · build · audit	Pruebas unitarias (domain, api)	2026-09-21T18:47:51.7103402Z ok 9 - REG-06-126 · con microciclos, la sesión cuelga del microciclo y la jerarquía se conserva tal cual
verificar · typecheck · unit · build · audit	Pruebas unitarias (domain, api)	2026-09-21T18:47:51.7104170Z   ---
verificar · typecheck · unit · build · audit	Pruebas unitarias (domain, api)	2026-09-21T18:47:51.7133389Z   duration_ms: 1.534871
verificar · typecheck · unit · build · audit	Pruebas unitarias (domain, api)	2026-09-21T18:47:51.7134052Z   type: 'test'
verificar · typecheck · unit · build · audit	Pruebas unitarias (domain, api)	2026-09-21T18:47:51.7134709Z   ...
verificar · typecheck · unit · build · audit	Pruebas unitarias (domain, api)	2026-09-21T18:47:51.7136387Z # Subtest: 09v10:281 · un bloque con sesiones directas y microciclos a la vez es una estructura mal formada
verificar · typecheck · unit · build · audit	Pruebas unitarias (domain, api)	2026-09-21T18:47:51.7138197Z ok 10 - 09v10:281 · un bloque con sesiones directas y microciclos a la vez es una estructura mal formada
verificar · typecheck · unit · build · audit	Pruebas unitarias (domain, api)	2026-09-21T18:47:51.7144611Z   ---
verificar · typecheck · unit · build · audit	Pruebas unitarias (domain, api)	2026-09-21T18:47:51.7145531Z   duration_ms: 0.649996
verificar · typecheck · unit · build · audit	Pruebas unitarias (domain, api)	2026-09-21T18:47:51.7146213Z   type: 'test'
verificar · typecheck · unit · build · audit	Pruebas unitarias (domain, api)	2026-09-21T18:47:51.7146750Z   ...
verificar · typecheck · unit · build · audit	Pruebas unitarias (domain, api)	2026-09-21T18:47:51.7147993Z # Subtest: REG-06-127 · el propósito es texto libre: «Descarga» no es un token ni pausa nada
verificar · typecheck · unit · build · audit	Pruebas unitarias (domain, api)	2026-09-21T18:47:51.7149591Z ok 11 - REG-06-127 · el propósito es texto libre: «Descarga» no es un token ni pausa nada
verificar · typecheck · unit · build · audit	Pruebas unitarias (domain, api)	2026-09-21T18:47:51.7150541Z   ---
verificar · typecheck · unit · build · audit	Pruebas unitarias (domain, api)	2026-09-21T18:47:51.7151067Z   duration_ms: 0.441966
verificar · typecheck · unit · build · audit	Pruebas unitarias (domain, api)	2026-09-21T18:47:51.7151662Z   type: 'test'
verificar · typecheck · unit · build · audit	Pruebas unitarias (domain, api)	2026-09-21T18:47:51.7152224Z   ...
verificar · typecheck · unit · build · audit	Pruebas unitarias (domain, api)	2026-09-21T18:47:51.7153595Z # Subtest: REG-06-111 · los identificadores que vienen se conservan y los que faltan los asigna el servidor
verificar · typecheck · unit · build · audit	Pruebas unitarias (domain, api)	2026-09-21T18:47:51.7155707Z ok 12 - REG-06-111 · los identificadores que vienen se conservan y los que faltan los asigna el servidor
verificar · typecheck · unit · build · audit	Pruebas unitarias (domain, api)	2026-09-21T18:47:51.7156838Z   ---
verificar · typecheck · unit · build · audit	Pruebas unitarias (domain, api)	2026-09-21T18:47:51.7157377Z   duration_ms: 0.906054
verificar · typecheck · unit · build · audit	Pruebas unitarias (domain, api)	2026-09-21T18:47:51.7157961Z   type: 'test'
verificar · typecheck · unit · build · audit	Pruebas unitarias (domain, api)	2026-09-21T18:47:51.7158499Z   ...
verificar · typecheck · unit · build · audit	Pruebas unitarias (domain, api)	2026-09-21T18:47:51.7160147Z # Subtest: REG-06-111 · dos nodos con el mismo identificador no pueden coexistir: la ocurrencia y el registro dejarían de ser identificables
verificar · typecheck · unit · build · audit	Pruebas unitarias (domain, api)	2026-09-21T18:47:51.7162515Z ok 13 - REG-06-111 · dos nodos con el mismo identificador no pueden coexistir: la ocurrencia y el registro dejarían de ser identificables
verificar · typecheck · unit · build · audit	Pruebas unitarias (domain, api)	2026-09-21T18:47:51.7163749Z   ---
verificar · typecheck · unit · build · audit	Pruebas unitarias (domain, api)	2026-09-21T18:47:51.7164255Z   duration_ms: 0.39598
verificar · typecheck · unit · build · audit	Pruebas unitarias (domain, api)	2026-09-21T18:47:51.7164815Z   type: 'test'
verificar · typecheck · unit · build · audit	Pruebas unitarias (domain, api)	2026-09-21T18:47:51.7165583Z   ...
verificar · typecheck · unit · build · audit	Pruebas unitarias (domain, api)	2026-09-21T18:47:51.7166915Z # Subtest: DL-088 · el identificador de nodo tiene alfabeto restringido: forma parte del occurrenceId
verificar · typecheck · unit · build · audit	Pruebas unitarias (domain, api)	2026-09-21T18:47:51.7168784Z ok 14 - DL-088 · el identificador de nodo tiene alfabeto restringido: forma parte del occurrenceId
verificar · typecheck · unit · build · audit	Pruebas unitarias (domain, api)	2026-09-21T18:47:51.7169936Z   ---
verificar · typecheck · unit · build · audit	Pruebas unitarias (domain, api)	2026-09-21T18:47:51.7170467Z   duration_ms: 0.852804
verificar · typecheck · unit · build · audit	Pruebas unitarias (domain, api)	2026-09-21T18:47:51.7171069Z   type: 'test'
verificar · typecheck · unit · build · audit	Pruebas unitarias (domain, api)	2026-09-21T18:47:51.7171642Z   ...
verificar · typecheck · unit · build · audit	Pruebas unitarias (domain, api)	2026-09-21T18:47:51.7173139Z # Subtest: 09v10:738-744 · validar informa lo que falta, vinculado a bloque, sesión y ejercicio, sin juzgar el programa
verificar · typecheck · unit · build · audit	Pruebas unitarias (domain, api)	2026-09-21T18:47:51.7178663Z ok 15 - 09v10:738-744 · validar informa lo que falta, vinculado a bloque, sesión y ejercicio, sin juzgar el programa
verificar · typecheck · unit · build · audit	Pruebas unitarias (domain, api)	2026-09-21T18:47:51.7179963Z   ---
verificar · typecheck · unit · build · audit	Pruebas unitarias (domain, api)	2026-09-21T18:47:51.7180554Z   duration_ms: 0.664793
verificar · typecheck · unit · build · audit	Pruebas unitarias (domain, api)	2026-09-21T18:47:51.7181181Z   type: 'test'
verificar · typecheck · unit · build · audit	Pruebas unitarias (domain, api)	2026-09-21T18:47:51.7181727Z   ...
verificar · typecheck · unit · build · audit	Pruebas unitarias (domain, api)	2026-09-21T18:47:51.7183436Z # Subtest: 09v10:752 · una referencia que no existe es EXERCISE_REFERENCE_INVALID; una que dejó de estar disponible, EXERCISE_NOT_AVAILABLE
verificar · typecheck · unit · build · audit	Pruebas unitarias (domain, api)	2026-09-21T18:47:51.7186064Z ok 16 - 09v10:752 · una referencia que no existe es EXERCISE_REFERENCE_INVALID; una que dejó de estar disponible, EXERCISE_NOT_AVAILABLE
verificar · typecheck · unit · build · audit	Pruebas unitarias (domain, api)	2026-09-21T18:47:51.7187337Z   ---
verificar · typecheck · unit · build · audit	Pruebas unitarias (domain, api)	2026-09-21T18:47:51.7187865Z   duration_ms: 1.175459
verificar · typecheck · unit · build · audit	Pruebas unitarias (domain, api)	2026-09-21T18:47:51.7188472Z   type: 'test'
verificar · typecheck · unit · build · audit	Pruebas unitarias (domain, api)	2026-09-21T18:47:51.7188972Z   ...
verificar · typecheck · unit · build · audit	Pruebas unitarias (domain, api)	2026-09-21T18:47:51.7190382Z # Subtest: REG-06-104/112 · la instantánea congela el ejercicio con su nombre, y no se construye si falta una referencia
verificar · typecheck · unit · build · audit	Pruebas unitarias (domain, api)	2026-09-21T18:47:51.7192414Z ok 17 - REG-06-104/112 · la instantánea congela el ejercicio con su nombre, y no se construye si falta una referencia
verificar · typecheck · unit · build · audit	Pruebas unitarias (domain, api)	2026-09-21T18:47:51.7194074Z   ---
verificar · typecheck · unit · build · audit	Pruebas unitarias (domain, api)	2026-09-21T18:47:51.7194642Z   duration_ms: 1.098895
verificar · typecheck · unit · build · audit	Pruebas unitarias (domain, api)	2026-09-21T18:47:51.7195615Z   type: 'test'
verificar · typecheck · unit · build · audit	Pruebas unitarias (domain, api)	2026-09-21T18:47:51.7196528Z   ...
verificar · typecheck · unit · build · audit	Pruebas unitarias (domain, api)	2026-09-21T18:47:51.7198295Z # Subtest: REG-06-128 · el criterio es PERCENT_RM o RIR, y una prescripción sin criterio es legítima (no es un problema al validar)
verificar · typecheck · unit · build · audit	Pruebas unitarias (domain, api)	2026-09-21T18:47:51.7200663Z ok 18 - REG-06-128 · el criterio es PERCENT_RM o RIR, y una prescripción sin criterio es legítima (no es un problema al validar)
verificar · typecheck · unit · build · audit	Pruebas unitarias (domain, api)	2026-09-21T18:47:51.7201951Z   ---
verificar · typecheck · unit · build · audit	Pruebas unitarias (domain, api)	2026-09-21T18:47:51.7202617Z   duration_ms: 0.4274
verificar · typecheck · unit · build · audit	Pruebas unitarias (domain, api)	2026-09-21T18:47:51.7203574Z   type: 'test'
verificar · typecheck · unit · build · audit	Pruebas unitarias (domain, api)	2026-09-21T18:47:51.7204423Z   ...
verificar · typecheck · unit · build · audit	Pruebas unitarias (domain, api)	2026-09-21T18:47:51.7206381Z # Subtest: REG-06-129 · el esfuerzo percibido nunca es criterio de prescripción: RPE es INTENSITY_CRITERION_INVALID con su motivo
verificar · typecheck · unit · build · audit	Pruebas unitarias (domain, api)	2026-09-21T18:47:51.7209715Z ok 19 - REG-06-129 · el esfuerzo percibido nunca es criterio de prescripción: RPE es INTENSITY_CRITERION_INVALID con su motivo
verificar · typecheck · unit · build · audit	Pruebas unitarias (domain, api)	2026-09-21T18:47:51.7211137Z   ---
verificar · typecheck · unit · build · audit	Pruebas unitarias (domain, api)	2026-09-21T18:47:51.7211741Z   duration_ms: 1.291526
verificar · typecheck · unit · build · audit	Pruebas unitarias (domain, api)	2026-09-21T18:47:51.7212405Z   type: 'test'
verificar · typecheck · unit · build · audit	Pruebas unitarias (domain, api)	2026-09-21T18:47:51.7213036Z   ...
verificar · typecheck · unit · build · audit	Pruebas unitarias (domain, api)	2026-09-21T18:47:51.7214252Z # Subtest: 09v10:371 · los dos criterios a la vez se rechazan, y un tercero también
verificar · typecheck · unit · build · audit	Pruebas unitarias (domain, api)	2026-09-21T18:47:51.7216129Z ok 20 - 09v10:371 · los dos criterios a la vez se rechazan, y un tercero también
verificar · typecheck · unit · build · audit	Pruebas unitarias (domain, api)	2026-09-21T18:47:51.7217128Z   ---
verificar · typecheck · unit · build · audit	Pruebas unitarias (domain, api)	2026-09-21T18:47:51.7217752Z   duration_ms: 0.298799
verificar · typecheck · unit · build · audit	Pruebas unitarias (domain, api)	2026-09-21T18:47:51.7218426Z   type: 'test'
verificar · typecheck · unit · build · audit	Pruebas unitarias (domain, api)	2026-09-21T18:47:51.7219011Z   ...
verificar · typecheck · unit · build · audit	Pruebas unitarias (domain, api)	2026-09-21T18:47:51.7220531Z # Subtest: 09v10:391 · la carga sugerida no es criterio de intensidad: son dos campos distintos, y la carga exige unidad
verificar · typecheck · unit · build · audit	Pruebas unitarias (domain, api)	2026-09-21T18:47:51.7222666Z ok 21 - 09v10:391 · la carga sugerida no es criterio de intensidad: son dos campos distintos, y la carga exige unidad
verificar · typecheck · unit · build · audit	Pruebas unitarias (domain, api)	2026-09-21T18:47:51.7223870Z   ---
verificar · typecheck · unit · build · audit	Pruebas unitarias (domain, api)	2026-09-21T18:47:51.7224485Z   duration_ms: 0.781392
verificar · typecheck · unit · build · audit	Pruebas unitarias (domain, api)	2026-09-21T18:47:51.7225372Z   type: 'test'
verificar · typecheck · unit · build · audit	Pruebas unitarias (domain, api)	2026-09-21T18:47:51.7226075Z   ...
verificar · typecheck · unit · build · audit	Pruebas unitarias (domain, api)	2026-09-21T18:47:51.7227660Z # Subtest: DL-088 · el objetivo de intensidad tiene rango de significado: un %RM mayor que 100 o un RIR negativo no significan nada
verificar · typecheck · unit · build · audit	Pruebas unitarias (domain, api)	2026-09-21T18:47:51.7229852Z ok 22 - DL-088 · el objetivo de intensidad tiene rango de significado: un %RM mayor que 100 o un RIR negativo no significan nada
verificar · typecheck · unit · build · audit	Pruebas unitarias (domain, api)	2026-09-21T18:47:51.7231023Z   ---
verificar · typecheck · unit · build · audit	Pruebas unitarias (domain, api)	2026-09-21T18:47:51.7231554Z   duration_ms: 0.557362
verificar · typecheck · unit · build · audit	Pruebas unitarias (domain, api)	2026-09-21T18:47:51.7232146Z   type: 'test'
verificar · typecheck · unit · build · audit	Pruebas unitarias (domain, api)	2026-09-21T18:47:51.7232648Z   ...
verificar · typecheck · unit · build · audit	Pruebas unitarias (domain, api)	2026-09-21T18:47:51.7233734Z # Subtest: REG-06-111 · un parámetro cuantitativo del profesional declara su unidad
verificar · typecheck · unit · build · audit	Pruebas unitarias (domain, api)	2026-09-21T18:47:51.7235469Z ok 23 - REG-06-111 · un parámetro cuantitativo del profesional declara su unidad
verificar · typecheck · unit · build · audit	Pruebas unitarias (domain, api)	2026-09-21T18:47:51.7236501Z   ---
verificar · typecheck · unit · build · audit	Pruebas unitarias (domain, api)	2026-09-21T18:47:51.7237111Z   duration_ms: 0.806328
verificar · typecheck · unit · build · audit	Pruebas unitarias (domain, api)	2026-09-21T18:47:51.7237775Z   type: 'test'
verificar · typecheck · unit · build · audit	Pruebas unitarias (domain, api)	2026-09-21T18:47:51.7238377Z   ...
verificar · typecheck · unit · build · audit	Pruebas unitarias (domain, api)	2026-09-21T18:47:51.7239946Z # Subtest: INV-06-152 · una serie captura carga con unidad, repeticiones, y RIR y esfuerzo opcionales (09v10:1072-1079)
verificar · typecheck · unit · build · audit	Pruebas unitarias (domain, api)	2026-09-21T18:47:51.7242314Z ok 24 - INV-06-152 · una serie captura carga con unidad, repeticiones, y RIR y esfuerzo opcionales (09v10:1072-1079)
verificar · typecheck · unit · build · audit	Pruebas unitarias (domain, api)	2026-09-21T18:47:51.7243513Z   ---
verificar · typecheck · unit · build · audit	Pruebas unitarias (domain, api)	2026-09-21T18:47:51.7244126Z   duration_ms: 0.74285
verificar · typecheck · unit · build · audit	Pruebas unitarias (domain, api)	2026-09-21T18:47:51.7244800Z   type: 'test'
verificar · typecheck · unit · build · audit	Pruebas unitarias (domain, api)	2026-09-21T18:47:51.7245815Z   ...
verificar · typecheck · unit · build · audit	Pruebas unitarias (domain, api)	2026-09-21T18:47:51.7247085Z # Subtest: REG-06-131 · confirmar exige declarar la condición: la ausencia de registro nunca se confirma como nada
verificar · typecheck · unit · build · audit	Pruebas unitarias (domain, api)	2026-09-21T18:47:51.7248768Z ok 25 - REG-06-131 · confirmar exige declarar la condición: la ausencia de registro nunca se confirma como nada
verificar · typecheck · unit · build · audit	Pruebas unitarias (domain, api)	2026-09-21T18:47:51.7249621Z   ---
verificar · typecheck · unit · build · audit	Pruebas unitarias (domain, api)	2026-09-21T18:47:51.7249964Z   duration_ms: 0.255829
verificar · typecheck · unit · build · audit	Pruebas unitarias (domain, api)	2026-09-21T18:47:51.7250351Z   type: 'test'
verificar · typecheck · unit · build · audit	Pruebas unitarias (domain, api)	2026-09-21T18:47:51.7250682Z   ...
verificar · typecheck · unit · build · audit	Pruebas unitarias (domain, api)	2026-09-21T18:47:51.7251791Z # Subtest: REG-06-131/132 · «No pude realizarla» se confirma sin granularidad y sin datos, con motivo opcional
verificar · typecheck · unit · build · audit	Pruebas unitarias (domain, api)	2026-09-21T18:47:51.7253391Z ok 26 - REG-06-131/132 · «No pude realizarla» se confirma sin granularidad y sin datos, con motivo opcional
verificar · typecheck · unit · build · audit	Pruebas unitarias (domain, api)	2026-09-21T18:47:51.7254860Z   ---
verificar · typecheck · unit · build · audit	Pruebas unitarias (domain, api)	2026-09-21T18:47:51.7255388Z   duration_ms: 0.142757
verificar · typecheck · unit · build · audit	Pruebas unitarias (domain, api)	2026-09-21T18:47:51.7255790Z   type: 'test'
verificar · typecheck · unit · build · audit	Pruebas unitarias (domain, api)	2026-09-21T18:47:51.7256117Z   ...
verificar · typecheck · unit · build · audit	Pruebas unitarias (domain, api)	2026-09-21T18:47:51.7257320Z # Subtest: REG-06-132 · una sesión NO_REALIZADA con series cargadas no se confirma, pero guardar el borrador sí se puede
verificar · typecheck · unit · build · audit	Pruebas unitarias (domain, api)	2026-09-21T18:47:51.7258544Z ok 27 - REG-06-132 · una sesión NO_REALIZADA con series cargadas no se confirma, pero guardar el borrador sí se puede
verificar · typecheck · unit · build · audit	Pruebas unitarias (domain, api)	2026-09-21T18:47:51.7259072Z   ---
verificar · typecheck · unit · build · audit	Pruebas unitarias (domain, api)	2026-09-21T18:47:51.7259275Z   duration_ms: 0.217206
verificar · typecheck · unit · build · audit	Pruebas unitarias (domain, api)	2026-09-21T18:47:51.7259512Z   type: 'test'
verificar · typecheck · unit · build · audit	Pruebas unitarias (domain, api)	2026-09-21T18:47:51.7259714Z   ...
verificar · typecheck · unit · build · audit	Pruebas unitarias (domain, api)	2026-09-21T18:47:51.7260441Z # Subtest: 09v10:1101 · un registro agregado no lleva series, y uno por serie no lleva resumen: no se sintetiza ninguna de las dos
verificar · typecheck · unit · build · audit	Pruebas unitarias (domain, api)	2026-09-21T18:47:51.7261486Z ok 28 - 09v10:1101 · un registro agregado no lleva series, y uno por serie no lleva resumen: no se sintetiza ninguna de las dos
verificar · typecheck · unit · build · audit	Pruebas unitarias (domain, api)	2026-09-21T18:47:51.7262009Z   ---
verificar · typecheck · unit · build · audit	Pruebas unitarias (domain, api)	2026-09-21T18:47:51.7262219Z   duration_ms: 0.152095
verificar · typecheck · unit · build · audit	Pruebas unitarias (domain, api)	2026-09-21T18:47:51.7262461Z   type: 'test'
verificar · typecheck · unit · build · audit	Pruebas unitarias (domain, api)	2026-09-21T18:47:51.7262658Z   ...
verificar · typecheck · unit · build · audit	Pruebas unitarias (domain, api)	2026-09-21T18:47:51.7263141Z # Subtest: REG-06-132 · no se registran ejercicios antes de elegir granularidad
verificar · typecheck · unit · build · audit	Pruebas unitarias (domain, api)	2026-09-21T18:47:51.7263800Z ok 29 - REG-06-132 · no se registran ejercicios antes de elegir granularidad
verificar · typecheck · unit · build · audit	Pruebas unitarias (domain, api)	2026-09-21T18:47:51.7264162Z   ---
verificar · typecheck · unit · build · audit	Pruebas unitarias (domain, api)	2026-09-21T18:47:51.7264358Z   duration_ms: 0.119443
verificar · typecheck · unit · build · audit	Pruebas unitarias (domain, api)	2026-09-21T18:47:51.7264582Z   type: 'test'
verificar · typecheck · unit · build · audit	Pruebas unitarias (domain, api)	2026-09-21T18:47:51.7264794Z   ...
verificar · typecheck · unit · build · audit	Pruebas unitarias (domain, api)	2026-09-21T18:47:51.7327125Z # Subtest: una prescripción se registra una vez, y en ella cada serie tiene su índice
verificar · typecheck · unit · build · audit	Pruebas unitarias (domain, api)	2026-09-21T18:47:51.7386949Z ok 30 - una prescripción se registra una vez, y en ella cada serie tiene su índice
verificar · typecheck · unit · build · audit	Pruebas unitarias (domain, api)	2026-09-21T18:47:51.7403529Z   ---
verificar · typecheck · unit · build · audit	Pruebas unitarias (domain, api)	2026-09-21T18:47:51.7404315Z   duration_ms: 0.138609
verificar · typecheck · unit · build · audit	Pruebas unitarias (domain, api)	2026-09-21T18:47:51.7405004Z   type: 'test'
verificar · typecheck · unit · build · audit	Pruebas unitarias (domain, api)	2026-09-21T18:47:51.7405790Z   ...
verificar · typecheck · unit · build · audit	Pruebas unitarias (domain, api)	2026-09-21T18:47:51.7407306Z # Subtest: 09v10:1161 · para confirmar hace falta algo registrado; una serie sin carga ni repeticiones no registra nada
verificar · typecheck · unit · build · audit	Pruebas unitarias (domain, api)	2026-09-21T18:47:51.7409432Z ok 31 - 09v10:1161 · para confirmar hace falta algo registrado; una serie sin carga ni repeticiones no registra nada
verificar · typecheck · unit · build · audit	Pruebas unitarias (domain, api)	2026-09-21T18:47:51.7410558Z   ---
verificar · typecheck · unit · build · audit	Pruebas unitarias (domain, api)	2026-09-21T18:47:51.7411111Z   duration_ms: 0.489635
verificar · typecheck · unit · build · audit	Pruebas unitarias (domain, api)	2026-09-21T18:47:51.7411737Z   type: 'test'
verificar · typecheck · unit · build · audit	Pruebas unitarias (domain, api)	2026-09-21T18:47:51.7412285Z   ...
verificar · typecheck · unit · build · audit	Pruebas unitarias (domain, api)	2026-09-21T18:47:51.7413364Z # Subtest: 09v10:1095 · en un registro agregado alcanza con el resumen de la sesión
verificar · typecheck · unit · build · audit	Pruebas unitarias (domain, api)	2026-09-21T18:47:51.7414909Z ok 32 - 09v10:1095 · en un registro agregado alcanza con el resumen de la sesión
verificar · typecheck · unit · build · audit	Pruebas unitarias (domain, api)	2026-09-21T18:47:51.7416167Z   ---
verificar · typecheck · unit · build · audit	Pruebas unitarias (domain, api)	2026-09-21T18:47:51.7416747Z   duration_ms: 0.143789
verificar · typecheck · unit · build · audit	Pruebas unitarias (domain, api)	2026-09-21T18:47:51.7417373Z   type: 'test'
verificar · typecheck · unit · build · audit	Pruebas unitarias (domain, api)	2026-09-21T18:47:51.7417896Z   ...
verificar · typecheck · unit · build · audit	Pruebas unitarias (domain, api)	2026-09-21T18:47:51.7419320Z # Subtest: REG-06-130 · la sustitución es legítima: registrar otro ejercicio que el prescripto no es un problema
verificar · typecheck · unit · build · audit	Pruebas unitarias (domain, api)	2026-09-21T18:47:51.7421255Z ok 33 - REG-06-130 · la sustitución es legítima: registrar otro ejercicio que el prescripto no es un problema
verificar · typecheck · unit · build · audit	Pruebas unitarias (domain, api)	2026-09-21T18:47:51.7422399Z   ---
verificar · typecheck · unit · build · audit	Pruebas unitarias (domain, api)	2026-09-21T18:47:51.7422993Z   duration_ms: 0.173053
verificar · typecheck · unit · build · audit	Pruebas unitarias (domain, api)	2026-09-21T18:47:51.7423625Z   type: 'test'
verificar · typecheck · unit · build · audit	Pruebas unitarias (domain, api)	2026-09-21T18:47:51.7424190Z   ...
verificar · typecheck · unit · build · audit	Pruebas unitarias (domain, api)	2026-09-21T18:47:51.7426084Z # Subtest: 09v10:995-1003 · el borrador se guarda por partes: cada campo es opcional, y la condición viaja como texto para dar su 422
verificar · typecheck · unit · build · audit	Pruebas unitarias (domain, api)	2026-09-21T18:47:51.7428335Z ok 34 - 09v10:995-1003 · el borrador se guarda por partes: cada campo es opcional, y la condición viaja como texto para dar su 422
verificar · typecheck · unit · build · audit	Pruebas unitarias (domain, api)	2026-09-21T18:47:51.7429607Z   ---
verificar · typecheck · unit · build · audit	Pruebas unitarias (domain, api)	2026-09-21T18:47:51.7430151Z   duration_ms: 1.829682
verificar · typecheck · unit · build · audit	Pruebas unitarias (domain, api)	2026-09-21T18:47:51.7430738Z   type: 'test'
verificar · typecheck · unit · build · audit	Pruebas unitarias (domain, api)	2026-09-21T18:47:51.7431268Z   ...
verificar · typecheck · unit · build · audit	Pruebas unitarias (domain, api)	2026-09-21T18:47:51.7432137Z # Subtest: B10-06:879-884 · una corrección exige motivo
verificar · typecheck · unit · build · audit	Pruebas unitarias (domain, api)	2026-09-21T18:47:51.7433222Z ok 35 - B10-06:879-884 · una corrección exige motivo
verificar · typecheck · unit · build · audit	Pruebas unitarias (domain, api)	2026-09-21T18:47:51.7433943Z   ---
verificar · typecheck · unit · build · audit	Pruebas unitarias (domain, api)	2026-09-21T18:47:51.7434481Z   duration_ms: 1.250939
verificar · typecheck · unit · build · audit	Pruebas unitarias (domain, api)	2026-09-21T18:47:51.7435068Z   type: 'test'
verificar · typecheck · unit · build · audit	Pruebas unitarias (domain, api)	2026-09-21T18:47:51.7435866Z   ...
verificar · typecheck · unit · build · audit	Pruebas unitarias (domain, api)	2026-09-21T18:47:51.7437314Z # Subtest: DL-077 · el occurrenceId vuelve a la misma ocurrencia, y dos ocurrencias distintas no comparten identificador
verificar · typecheck · unit · build · audit	Pruebas unitarias (domain, api)	2026-09-21T18:47:51.7439902Z ok 36 - DL-077 · el occurrenceId vuelve a la misma ocurrencia, y dos ocurrencias distintas no comparten identificador
verificar · typecheck · unit · build · audit	Pruebas unitarias (domain, api)	2026-09-21T18:47:51.7441049Z   ---
verificar · typecheck · unit · build · audit	Pruebas unitarias (domain, api)	2026-09-21T18:47:51.7441590Z   duration_ms: 0.854287
verificar · typecheck · unit · build · audit	Pruebas unitarias (domain, api)	2026-09-21T18:47:51.7442175Z   type: 'test'
verificar · typecheck · unit · build · audit	Pruebas unitarias (domain, api)	2026-09-21T18:47:51.7442703Z   ...
verificar · typecheck · unit · build · audit	Pruebas unitarias (domain, api)	2026-09-21T18:47:51.7444274Z # Subtest: DL-077 · un identificador que el servidor no pudo emitir no decodifica: ni ajeno, ni alterado, ni en forma no canónica
verificar · typecheck · unit · build · audit	Pruebas unitarias (domain, api)	2026-09-21T18:47:51.7446672Z ok 37 - DL-077 · un identificador que el servidor no pudo emitir no decodifica: ni ajeno, ni alterado, ni en forma no canónica
verificar · typecheck · unit · build · audit	Pruebas unitarias (domain, api)	2026-09-21T18:47:51.7447626Z   ---
verificar · typecheck · unit · build · audit	Pruebas unitarias (domain, api)	2026-09-21T18:47:51.7447959Z   duration_ms: 0.492561
verificar · typecheck · unit · build · audit	Pruebas unitarias (domain, api)	2026-09-21T18:47:51.7448343Z   type: 'test'
verificar · typecheck · unit · build · audit	Pruebas unitarias (domain, api)	2026-09-21T18:47:51.7448680Z   ...
verificar · typecheck · unit · build · audit	Pruebas unitarias (domain, api)	2026-09-21T18:47:51.7449688Z # Subtest: H-09-TRN-01 · la ocurrencia no tiene un estado «no realizada»: sin borrador es NOT_STARTED
verificar · typecheck · unit · build · audit	Pruebas unitarias (domain, api)	2026-09-21T18:47:51.7450862Z ok 38 - H-09-TRN-01 · la ocurrencia no tiene un estado «no realizada»: sin borrador es NOT_STARTED
verificar · typecheck · unit · build · audit	Pruebas unitarias (domain, api)	2026-09-21T18:47:51.7451324Z   ---
verificar · typecheck · unit · build · audit	Pruebas unitarias (domain, api)	2026-09-21T18:47:51.7451525Z   duration_ms: 0.210213
verificar · typecheck · unit · build · audit	Pruebas unitarias (domain, api)	2026-09-21T18:47:51.7451762Z   type: 'test'
verificar · typecheck · unit · build · audit	Pruebas unitarias (domain, api)	2026-09-21T18:47:51.7451969Z   ...
verificar · typecheck · unit · build · audit	Pruebas unitarias (domain, api)	2026-09-21T18:47:51.7452664Z # Subtest: TEST-PRJ-009 · ningún schema de entrenamiento tiene puntaje, cumplimiento, volumen, marcas ni mapa muscular
verificar · typecheck · unit · build · audit	Pruebas unitarias (domain, api)	2026-09-21T18:47:51.7453704Z ok 39 - TEST-PRJ-009 · ningún schema de entrenamiento tiene puntaje, cumplimiento, volumen, marcas ni mapa muscular
verificar · typecheck · unit · build · audit	Pruebas unitarias (domain, api)	2026-09-21T18:47:51.7454219Z   ---
verificar · typecheck · unit · build · audit	Pruebas unitarias (domain, api)	2026-09-21T18:47:51.7454427Z   duration_ms: 125.276293
verificar · typecheck · unit · build · audit	Pruebas unitarias (domain, api)	2026-09-21T18:47:51.7454669Z   type: 'test'
verificar · typecheck · unit · build · audit	Pruebas unitarias (domain, api)	2026-09-21T18:47:51.7454866Z   ...
verificar · typecheck · unit · build · audit	Pruebas unitarias (domain, api)	2026-09-21T18:47:51.7456265Z # Subtest: TEST-PRJ-009 · el control detecta un campo prohibido, y la excepción de PERCENT_RM no abre la puerta a otro «percent»
verificar · typecheck · unit · build · audit	Pruebas unitarias (domain, api)	2026-09-21T18:47:51.7458231Z ok 40 - TEST-PRJ-009 · el control detecta un campo prohibido, y la excepción de PERCENT_RM no abre la puerta a otro «percent»
verificar · typecheck · unit · build · audit	Pruebas unitarias (domain, api)	2026-09-21T18:47:51.7459254Z   ---
verificar · typecheck · unit · build · audit	Pruebas unitarias (domain, api)	2026-09-21T18:47:51.7459597Z   duration_ms: 0.541303
verificar · typecheck · unit · build · audit	Pruebas unitarias (domain, api)	2026-09-21T18:47:51.7460000Z   type: 'test'
verificar · typecheck · unit · build · audit	Pruebas unitarias (domain, api)	2026-09-21T18:47:51.7460338Z   ...
verificar · typecheck · unit · build · audit	Pruebas unitarias (domain, api)	2026-09-21T18:47:51.7461502Z # Subtest: TEST-PRJ-009 · el OpenAPI de entrenamiento tampoco expone nada de eso, y tiene las 26 operaciones
verificar · typecheck · unit · build · audit	Pruebas unitarias (domain, api)	2026-09-21T18:47:51.7462499Z ok 41 - TEST-PRJ-009 · el OpenAPI de entrenamiento tampoco expone nada de eso, y tiene las 26 operaciones
verificar · typecheck · unit · build · audit	Pruebas unitarias (domain, api)	2026-09-21T18:47:51.7462977Z   ---
verificar · typecheck · unit · build · audit	Pruebas unitarias (domain, api)	2026-09-21T18:47:51.7463182Z   duration_ms: 102.968672
verificar · typecheck · unit · build · audit	Pruebas unitarias (domain, api)	2026-09-21T18:47:51.7463422Z   type: 'test'
verificar · typecheck · unit · build · audit	Pruebas unitarias (domain, api)	2026-09-21T18:47:51.7463614Z   ...
verificar · typecheck · unit · build · audit	Pruebas unitarias (domain, api)	2026-09-21T18:47:51.7464312Z # Subtest: §4.1 · la asimetría del contrato: dos colecciones de ejecución, una sola de plan, y ninguna de borradores de plan
verificar · typecheck · unit · build · audit	Pruebas unitarias (domain, api)	2026-09-21T18:47:51.7465526Z ok 42 - §4.1 · la asimetría del contrato: dos colecciones de ejecución, una sola de plan, y ninguna de borradores de plan
verificar · typecheck · unit · build · audit	Pruebas unitarias (domain, api)	2026-09-21T18:47:51.7466070Z   ---
verificar · typecheck · unit · build · audit	Pruebas unitarias (domain, api)	2026-09-21T18:47:51.7466280Z   duration_ms: 69.840018
verificar · typecheck · unit · build · audit	Pruebas unitarias (domain, api)	2026-09-21T18:47:51.7466528Z   type: 'test'
verificar · typecheck · unit · build · audit	Pruebas unitarias (domain, api)	2026-09-21T18:47:51.7466723Z   ...
verificar · typecheck · unit · build · audit	Pruebas unitarias (domain, api)	2026-09-21T18:47:51.7467421Z # Subtest: TEST-TRN-004 · sin registro nunca se muestra «No realizada»: hoy es «No iniciada», un día pasado es «Sin registro»
verificar · typecheck · unit · build · audit	Pruebas unitarias (domain, api)	2026-09-21T18:47:51.7468430Z ok 43 - TEST-TRN-004 · sin registro nunca se muestra «No realizada»: hoy es «No iniciada», un día pasado es «Sin registro»
verificar · typecheck · unit · build · audit	Pruebas unitarias (domain, api)	2026-09-21T18:47:51.7468953Z   ---
verificar · typecheck · unit · build · audit	Pruebas unitarias (domain, api)	2026-09-21T18:47:51.7469145Z   duration_ms: 1.587218
verificar · typecheck · unit · build · audit	Pruebas unitarias (domain, api)	2026-09-21T18:47:51.7469369Z   type: 'test'
verificar · typecheck · unit · build · audit	Pruebas unitarias (domain, api)	2026-09-21T18:47:51.7469571Z   ...
verificar · typecheck · unit · build · audit	Pruebas unitarias (domain, api)	2026-09-21T18:47:51.7470076Z # Subtest: REG-06-131 · «No realizada» aparece solo cuando el asesorado lo registró así
verificar · typecheck · unit · build · audit	Pruebas unitarias (domain, api)	2026-09-21T18:47:51.7470794Z ok 44 - REG-06-131 · «No realizada» aparece solo cuando el asesorado lo registró así
verificar · typecheck · unit · build · audit	Pruebas unitarias (domain, api)	2026-09-21T18:47:51.7471196Z   ---
verificar · typecheck · unit · build · audit	Pruebas unitarias (domain, api)	2026-09-21T18:47:51.7471387Z   duration_ms: 0.252072
verificar · typecheck · unit · build · audit	Pruebas unitarias (domain, api)	2026-09-21T18:47:51.7471611Z   type: 'test'
verificar · typecheck · unit · build · audit	Pruebas unitarias (domain, api)	2026-09-21T18:47:51.7471811Z   ...
verificar · typecheck · unit · build · audit	Pruebas unitarias (domain, api)	2026-09-21T18:47:51.7472441Z # Subtest: B10-10:134 · el copy de entrenamiento no tiene puntajes ni juicios; «% RM» sí, cualquier otro «%» no
verificar · typecheck · unit · build · audit	Pruebas unitarias (domain, api)	2026-09-21T18:47:51.7473738Z ok 45 - B10-10:134 · el copy de entrenamiento no tiene puntajes ni juicios; «% RM» sí, cualquier otro «%» no
verificar · typecheck · unit · build · audit	Pruebas unitarias (domain, api)	2026-09-21T18:47:51.7474217Z   ---
verificar · typecheck · unit · build · audit	Pruebas unitarias (domain, api)	2026-09-21T18:47:51.7474415Z   duration_ms: 0.835883
verificar · typecheck · unit · build · audit	Pruebas unitarias (domain, api)	2026-09-21T18:47:51.7474641Z   type: 'test'
verificar · typecheck · unit · build · audit	Pruebas unitarias (domain, api)	2026-09-21T18:47:51.7474836Z   ...
verificar · typecheck · unit · build · audit	Pruebas unitarias (domain, api)	2026-09-21T18:47:51.7535654Z # Subtest: copy · la cantidad de series concuerda en número: «1 serie», «3 series»
verificar · typecheck · unit · build · audit	Pruebas unitarias (domain, api)	2026-09-21T18:47:51.7536918Z ok 46 - copy · la cantidad de series concuerda en número: «1 serie», «3 series»
verificar · typecheck · unit · build · audit	Pruebas unitarias (domain, api)	2026-09-21T18:47:51.7537563Z   ---
verificar · typecheck · unit · build · audit	Pruebas unitarias (domain, api)	2026-09-21T18:47:51.7537890Z   duration_ms: 0.172493
verificar · typecheck · unit · build · audit	Pruebas unitarias (domain, api)	2026-09-21T18:47:51.7538261Z   type: 'test'
verificar · typecheck · unit · build · audit	Pruebas unitarias (domain, api)	2026-09-21T18:47:51.7538581Z   ...
verificar · typecheck · unit · build · audit	Pruebas unitarias (domain, api)	2026-09-21T18:47:51.7539536Z # Subtest: 06:5253 · lo que rige de una ejecución es la corrección vigente, o el original si no hay
verificar · typecheck · unit · build · audit	Pruebas unitarias (domain, api)	2026-09-21T18:47:51.7540805Z ok 47 - 06:5253 · lo que rige de una ejecución es la corrección vigente, o el original si no hay
verificar · typecheck · unit · build · audit	Pruebas unitarias (domain, api)	2026-09-21T18:47:51.7541546Z   ---
verificar · typecheck · unit · build · audit	Pruebas unitarias (domain, api)	2026-09-21T18:47:51.7541860Z   duration_ms: 0.24092
verificar · typecheck · unit · build · audit	Pruebas unitarias (domain, api)	2026-09-21T18:47:51.7542202Z   type: 'test'
verificar · typecheck · unit · build · audit	Pruebas unitarias (domain, api)	2026-09-21T18:47:51.7542510Z   ...
verificar · typecheck · unit · build · audit	Pruebas unitarias (domain, api)	2026-09-21T18:47:51.7803105Z # Subtest: TEST-CAL-001 · REG-06-203: publicar una versión nueva no vuelve seleccionable ni reescribe a la anterior
verificar · typecheck · unit · build · audit	Pruebas unitarias (domain, api)	2026-09-21T18:47:51.7817177Z ok 48 - TEST-CAL-001 · REG-06-203: publicar una versión nueva no vuelve seleccionable ni reescribe a la anterior
verificar · typecheck · unit · build · audit	Pruebas unitarias (domain, api)	2026-09-21T18:47:51.7832799Z   ---
verificar · typecheck · unit · build · audit	Pruebas unitarias (domain, api)	2026-09-21T18:47:51.7833410Z   duration_ms: 1.803823
verificar · typecheck · unit · build · audit	Pruebas unitarias (domain, api)	2026-09-21T18:47:51.7833977Z   type: 'test'
verificar · typecheck · unit · build · audit	Pruebas unitarias (domain, api)	2026-09-21T18:47:51.7834469Z   ...
verificar · typecheck · unit · build · audit	Pruebas unitarias (domain, api)	2026-09-21T18:47:51.7836084Z # Subtest: TEST-CAL-002 · REG-06-204: un dato existente con procedencia no admisible no produce una ejecución
verificar · typecheck · unit · build · audit	Pruebas unitarias (domain, api)	2026-09-21T18:47:51.7846930Z ok 49 - TEST-CAL-002 · REG-06-204: un dato existente con procedencia no admisible no produce una ejecución
verificar · typecheck · unit · build · audit	Pruebas unitarias (domain, api)	2026-09-21T18:47:51.7848059Z   ---
verificar · typecheck · unit · build · audit	Pruebas unitarias (domain, api)	2026-09-21T18:47:51.7848608Z   duration_ms: 1.438159
verificar · typecheck · unit · build · audit	Pruebas unitarias (domain, api)	2026-09-21T18:47:51.7849270Z   type: 'test'
verificar · typecheck · unit · build · audit	Pruebas unitarias (domain, api)	2026-09-21T18:47:51.7849814Z   ...
verificar · typecheck · unit · build · audit	Pruebas unitarias (domain, api)	2026-09-21T18:47:51.7851161Z # Subtest: REG-06-204 · falta de entrada, unidad ajena, métrica cruzada y entrada anulada tampoco alcanzan
verificar · typecheck · unit · build · audit	Pruebas unitarias (domain, api)	2026-09-21T18:47:51.7852946Z ok 50 - REG-06-204 · falta de entrada, unidad ajena, métrica cruzada y entrada anulada tampoco alcanzan
verificar · typecheck · unit · build · audit	Pruebas unitarias (domain, api)	2026-09-21T18:47:51.7853952Z   ---
verificar · typecheck · unit · build · audit	Pruebas unitarias (domain, api)	2026-09-21T18:47:51.7854441Z   duration_ms: 0.605042
verificar · typecheck · unit · build · audit	Pruebas unitarias (domain, api)	2026-09-21T18:47:51.7854977Z   type: 'test'
verificar · typecheck · unit · build · audit	Pruebas unitarias (domain, api)	2026-09-21T18:47:51.7855720Z   ...
verificar · typecheck · unit · build · audit	Pruebas unitarias (domain, api)	2026-09-21T18:47:51.7856983Z # Subtest: REG-06-16 · sin valor vigente resoluble no se calcula, y no se cae en el original
verificar · typecheck · unit · build · audit	Pruebas unitarias (domain, api)	2026-09-21T18:47:51.7858544Z ok 51 - REG-06-16 · sin valor vigente resoluble no se calcula, y no se cae en el original
verificar · typecheck · unit · build · audit	Pruebas unitarias (domain, api)	2026-09-21T18:47:51.7859450Z   ---
verificar · typecheck · unit · build · audit	Pruebas unitarias (domain, api)	2026-09-21T18:47:51.7859928Z   duration_ms: 0.373077
verificar · typecheck · unit · build · audit	Pruebas unitarias (domain, api)	2026-09-21T18:47:51.7860471Z   type: 'test'
verificar · typecheck · unit · build · audit	Pruebas unitarias (domain, api)	2026-09-21T18:47:51.7860958Z   ...
verificar · typecheck · unit · build · audit	Pruebas unitarias (domain, api)	2026-09-21T18:47:51.7861993Z # Subtest: REG-06-203 · una versión no se usa para una finalidad que no declara
verificar · typecheck · unit · build · audit	Pruebas unitarias (domain, api)	2026-09-21T18:47:51.7863382Z ok 52 - REG-06-203 · una versión no se usa para una finalidad que no declara
verificar · typecheck · unit · build · audit	Pruebas unitarias (domain, api)	2026-09-21T18:47:51.7864308Z   ---
verificar · typecheck · unit · build · audit	Pruebas unitarias (domain, api)	2026-09-21T18:47:51.7864902Z   duration_ms: 0.221895
verificar · typecheck · unit · build · audit	Pruebas unitarias (domain, api)	2026-09-21T18:47:51.7865993Z   type: 'test'
verificar · typecheck · unit · build · audit	Pruebas unitarias (domain, api)	2026-09-21T18:47:51.7866486Z   ...
verificar · typecheck · unit · build · audit	Pruebas unitarias (domain, api)	2026-09-21T18:47:51.7869676Z # Subtest: TEST-CAL-004 y TEST-CAL-005 · REG-06-205: las corridas coexisten tal como están
verificar · typecheck · unit · build · audit	Pruebas unitarias (domain, api)	2026-09-21T18:47:51.7871196Z ok 53 - TEST-CAL-004 y TEST-CAL-005 · REG-06-205: las corridas coexisten tal como están
verificar · typecheck · unit · build · audit	Pruebas unitarias (domain, api)	2026-09-21T18:47:51.7872075Z   ---
verificar · typecheck · unit · build · audit	Pruebas unitarias (domain, api)	2026-09-21T18:47:51.7872519Z   duration_ms: 0.22448
verificar · typecheck · unit · build · audit	Pruebas unitarias (domain, api)	2026-09-21T18:47:51.7873009Z   type: 'test'
verificar · typecheck · unit · build · audit	Pruebas unitarias (domain, api)	2026-09-21T18:47:51.7873453Z   ...
verificar · typecheck · unit · build · audit	Pruebas unitarias (domain, api)	2026-09-21T18:47:51.7874544Z # Subtest: TEST-CAL-006 · REG-06-207: adoptar sucede a la referencia anterior y no la borra
verificar · typecheck · unit · build · audit	Pruebas unitarias (domain, api)	2026-09-21T18:47:51.7876337Z ok 54 - TEST-CAL-006 · REG-06-207: adoptar sucede a la referencia anterior y no la borra
verificar · typecheck · unit · build · audit	Pruebas unitarias (domain, api)	2026-09-21T18:47:51.7907376Z   ---
verificar · typecheck · unit · build · audit	Pruebas unitarias (domain, api)	2026-09-21T18:47:51.7936237Z   duration_ms: 0.43347
verificar · typecheck · unit · build · audit	Pruebas unitarias (domain, api)	2026-09-21T18:47:51.7966043Z   type: 'test'
verificar · typecheck · unit · build · audit	Pruebas unitarias (domain, api)	2026-09-21T18:47:51.7995935Z   ...
verificar · typecheck · unit · build · audit	Pruebas unitarias (domain, api)	2026-09-21T18:47:51.7997268Z # Subtest: REG-06-207 · la referencia no cruza personas ni finalidades
verificar · typecheck · unit · build · audit	Pruebas unitarias (domain, api)	2026-09-21T18:47:51.8026339Z ok 55 - REG-06-207 · la referencia no cruza personas ni finalidades
verificar · typecheck · unit · build · audit	Pruebas unitarias (domain, api)	2026-09-21T18:47:51.8035711Z   ---
verificar · typecheck · unit · build · audit	Pruebas unitarias (domain, api)	2026-09-21T18:47:51.8082410Z   duration_ms: 0.222647
verificar · typecheck · unit · build · audit	Pruebas unitarias (domain, api)	2026-09-21T18:47:51.8084761Z   type: 'test'
verificar · typecheck · unit · build · audit	Pruebas unitarias (domain, api)	2026-09-21T18:47:51.8116072Z   ...
verificar · typecheck · unit · build · audit	Pruebas unitarias (domain, api)	2026-09-21T18:47:51.8146746Z # Subtest: TEST-CAL-007 · INV-06-05: el resultado de adoptar es una relación, no un objetivo ni una prescripción
verificar · typecheck · unit · build · audit	Pruebas unitarias (domain, api)	2026-09-21T18:47:51.8160006Z ok 56 - TEST-CAL-007 · INV-06-05: el resultado de adoptar es una relación, no un objetivo ni una prescripción
verificar · typecheck · unit · build · audit	Pruebas unitarias (domain, api)	2026-09-21T18:47:51.8169705Z   ---
verificar · typecheck · unit · build · audit	Pruebas unitarias (domain, api)	2026-09-21T18:47:51.8195830Z   duration_ms: 0.632983
verificar · typecheck · unit · build · audit	Pruebas unitarias (domain, api)	2026-09-21T18:47:51.8225824Z   type: 'test'
verificar · typecheck · unit · build · audit	Pruebas unitarias (domain, api)	2026-09-21T18:47:51.8245711Z   ...
verificar · typecheck · unit · build · audit	Pruebas unitarias (domain, api)	2026-09-21T18:47:51.8256806Z # Subtest: REG-06-156 · una regla que no está en el catálogo no ejecuta nada, y un resultado imposible tampoco
verificar · typecheck · unit · build · audit	Pruebas unitarias (domain, api)	2026-09-21T18:47:51.8286547Z ok 57 - REG-06-156 · una regla que no está en el catálogo no ejecuta nada, y un resultado imposible tampoco
verificar · typecheck · unit · build · audit	Pruebas unitarias (domain, api)	2026-09-21T18:47:51.8306140Z   ---
verificar · typecheck · unit · build · audit	Pruebas unitarias (domain, api)	2026-09-21T18:47:51.8306793Z   duration_ms: 0.733572
verificar · typecheck · unit · build · audit	Pruebas unitarias (domain, api)	2026-09-21T18:47:51.8307481Z   type: 'test'
verificar · typecheck · unit · build · audit	Pruebas unitarias (domain, api)	2026-09-21T18:47:51.8308011Z   ...
verificar · typecheck · unit · build · audit	Pruebas unitarias (domain, api)	2026-09-21T18:47:51.8309380Z # Subtest: REG-06-159 · la entrada se vincula por identificador declarado, nunca por posición
verificar · typecheck · unit · build · audit	Pruebas unitarias (domain, api)	2026-09-21T18:47:51.8311118Z ok 58 - REG-06-159 · la entrada se vincula por identificador declarado, nunca por posición
verificar · typecheck · unit · build · audit	Pruebas unitarias (domain, api)	2026-09-21T18:47:51.8312123Z   ---
verificar · typecheck · unit · build · audit	Pruebas unitarias (domain, api)	2026-09-21T18:47:51.8312690Z   duration_ms: 0.416088
verificar · typecheck · unit · build · audit	Pruebas unitarias (domain, api)	2026-09-21T18:47:51.8313272Z   type: 'test'
verificar · typecheck · unit · build · audit	Pruebas unitarias (domain, api)	2026-09-21T18:47:51.8313811Z   ...
verificar · typecheck · unit · build · audit	Pruebas unitarias (domain, api)	2026-09-21T18:47:51.8314981Z # Subtest: 08 §12.2 — cada versión de texto guarda el SHA-256 real de su contenido
verificar · typecheck · unit · build · audit	Pruebas unitarias (domain, api)	2026-09-21T18:47:51.8316766Z ok 59 - 08 §12.2 — cada versión de texto guarda el SHA-256 real de su contenido
verificar · typecheck · unit · build · audit	Pruebas unitarias (domain, api)	2026-09-21T18:47:51.8317699Z   ---
verificar · typecheck · unit · build · audit	Pruebas unitarias (domain, api)	2026-09-21T18:47:51.8318282Z   duration_ms: 1.433631
verificar · typecheck · unit · build · audit	Pruebas unitarias (domain, api)	2026-09-21T18:47:51.8318959Z   type: 'test'
verificar · typecheck · unit · build · audit	Pruebas unitarias (domain, api)	2026-09-21T18:47:51.8319521Z   ...
verificar · typecheck · unit · build · audit	Pruebas unitarias (domain, api)	2026-09-21T18:47:51.8320874Z # Subtest: Catálogo de textos: ids únicos, una versión vigente por tipo y marcados como demostración (DL-028)
verificar · typecheck · unit · build · audit	Pruebas unitarias (domain, api)	2026-09-21T18:47:51.8322830Z ok 60 - Catálogo de textos: ids únicos, una versión vigente por tipo y marcados como demostración (DL-028)
verificar · typecheck · unit · build · audit	Pruebas unitarias (domain, api)	2026-09-21T18:47:51.8323937Z   ---
verificar · typecheck · unit · build · audit	Pruebas unitarias (domain, api)	2026-09-21T18:47:51.8324459Z   duration_ms: 0.3259
verificar · typecheck · unit · build · audit	Pruebas unitarias (domain, api)	2026-09-21T18:47:51.8325025Z   type: 'test'
verificar · typecheck · unit · build · audit	Pruebas unitarias (domain, api)	2026-09-21T18:47:51.8325856Z   ...
verificar · typecheck · unit · build · audit	Pruebas unitarias (domain, api)	2026-09-21T18:47:51.8327190Z # Subtest: A2 contiene los contenidos mínimos del 08 §12.1 y aclara que no es consentimiento de salud
verificar · typecheck · unit · build · audit	Pruebas unitarias (domain, api)	2026-09-21T18:47:51.8328955Z ok 61 - A2 contiene los contenidos mínimos del 08 §12.1 y aclara que no es consentimiento de salud
verificar · typecheck · unit · build · audit	Pruebas unitarias (domain, api)	2026-09-21T18:47:51.8330013Z   ---
verificar · typecheck · unit · build · audit	Pruebas unitarias (domain, api)	2026-09-21T18:47:51.8330537Z   duration_ms: 0.253734
verificar · typecheck · unit · build · audit	Pruebas unitarias (domain, api)	2026-09-21T18:47:51.8331132Z   type: 'test'
verificar · typecheck · unit · build · audit	Pruebas unitarias (domain, api)	2026-09-21T18:47:51.8331658Z   ...
verificar · typecheck · unit · build · audit	Pruebas unitarias (domain, api)	2026-09-21T18:47:51.8332769Z # Subtest: Consecuencias del cierre: copy de 10-ADD + irreversibilidad (DL-024), sin prometer borrado
verificar · typecheck · unit · build · audit	Pruebas unitarias (domain, api)	2026-09-21T18:47:51.8334453Z ok 62 - Consecuencias del cierre: copy de 10-ADD + irreversibilidad (DL-024), sin prometer borrado
verificar · typecheck · unit · build · audit	Pruebas unitarias (domain, api)	2026-09-21T18:47:51.8335815Z   ---
verificar · typecheck · unit · build · audit	Pruebas unitarias (domain, api)	2026-09-21T18:47:51.8336356Z   duration_ms: 0.404045
verificar · typecheck · unit · build · audit	Pruebas unitarias (domain, api)	2026-09-21T18:47:51.8336928Z   type: 'test'
verificar · typecheck · unit · build · audit	Pruebas unitarias (domain, api)	2026-09-21T18:47:51.8337410Z   ...
verificar · typecheck · unit · build · audit	Pruebas unitarias (domain, api)	2026-09-21T18:47:51.8338679Z # Subtest: 08 §12.4 — el registro crea A1 y A2, nunca A3; solo TERMINOS y DATOS_SALUD_BE son revocables
verificar · typecheck · unit · build · audit	Pruebas unitarias (domain, api)	2026-09-21T18:47:51.8340371Z ok 63 - 08 §12.4 — el registro crea A1 y A2, nunca A3; solo TERMINOS y DATOS_SALUD_BE son revocables
verificar · typecheck · unit · build · audit	Pruebas unitarias (domain, api)	2026-09-21T18:47:51.8341353Z   ---
verificar · typecheck · unit · build · audit	Pruebas unitarias (domain, api)	2026-09-21T18:47:51.8341886Z   duration_ms: 1.062437
verificar · typecheck · unit · build · audit	Pruebas unitarias (domain, api)	2026-09-21T18:47:51.8342477Z   type: 'test'
verificar · typecheck · unit · build · audit	Pruebas unitarias (domain, api)	2026-09-21T18:47:51.8342966Z   ...
verificar · typecheck · unit · build · audit	Pruebas unitarias (domain, api)	2026-09-21T18:47:51.8344060Z # Subtest: Sesión: estados como enum con lista blanca; TTL ≤ 24 h (08 §26.2)
verificar · typecheck · unit · build · audit	Pruebas unitarias (domain, api)	2026-09-21T18:47:51.8345728Z ok 64 - Sesión: estados como enum con lista blanca; TTL ≤ 24 h (08 §26.2)
verificar · typecheck · unit · build · audit	Pruebas unitarias (domain, api)	2026-09-21T18:47:51.8346653Z   ---
verificar · typecheck · unit · build · audit	Pruebas unitarias (domain, api)	2026-09-21T18:47:51.8347588Z   duration_ms: 0.355134
verificar · typecheck · unit · build · audit	Pruebas unitarias (domain, api)	2026-09-21T18:47:51.8348473Z   type: 'test'
verificar · typecheck · unit · build · audit	Pruebas unitarias (domain, api)	2026-09-21T18:47:51.8348962Z   ...
verificar · typecheck · unit · build · audit	Pruebas unitarias (domain, api)	2026-09-21T18:47:51.8349901Z # Subtest: Identificador local: normalización y validación sintáctica
verificar · typecheck · unit · build · audit	Pruebas unitarias (domain, api)	2026-09-21T18:47:51.8351089Z ok 65 - Identificador local: normalización y validación sintáctica
verificar · typecheck · unit · build · audit	Pruebas unitarias (domain, api)	2026-09-21T18:47:51.8351816Z   ---
verificar · typecheck · unit · build · audit	Pruebas unitarias (domain, api)	2026-09-21T18:47:51.8352263Z   duration_ms: 0.44408
verificar · typecheck · unit · build · audit	Pruebas unitarias (domain, api)	2026-09-21T18:47:51.8352754Z   type: 'test'
verificar · typecheck · unit · build · audit	Pruebas unitarias (domain, api)	2026-09-21T18:47:51.8353190Z   ...
verificar · typecheck · unit · build · audit	Pruebas unitarias (domain, api)	2026-09-21T18:47:51.8354070Z # Subtest: Credencial: mínimo 12 caracteres, máximo 72 bytes (DL-013)
verificar · typecheck · unit · build · audit	Pruebas unitarias (domain, api)	2026-09-21T18:47:51.8355473Z ok 66 - Credencial: mínimo 12 caracteres, máximo 72 bytes (DL-013)
verificar · typecheck · unit · build · audit	Pruebas unitarias (domain, api)	2026-09-21T18:47:51.8356208Z   ---
verificar · typecheck · unit · build · audit	Pruebas unitarias (domain, api)	2026-09-21T18:47:51.8356658Z   duration_ms: 0.323565
verificar · typecheck · unit · build · audit	Pruebas unitarias (domain, api)	2026-09-21T18:47:51.8357158Z   type: 'test'
verificar · typecheck · unit · build · audit	Pruebas unitarias (domain, api)	2026-09-21T18:47:51.8357589Z   ...
verificar · typecheck · unit · build · audit	Pruebas unitarias (domain, api)	2026-09-21T18:47:51.8358577Z # Subtest: Superficie: solo WEB o APK; cualquier otro valor queda no declarado (null), nunca inventado
verificar · typecheck · unit · build · audit	Pruebas unitarias (domain, api)	2026-09-21T18:47:51.8360055Z ok 67 - Superficie: solo WEB o APK; cualquier otro valor queda no declarado (null), nunca inventado
verificar · typecheck · unit · build · audit	Pruebas unitarias (domain, api)	2026-09-21T18:47:51.8361128Z   ---
verificar · typecheck · unit · build · audit	Pruebas unitarias (domain, api)	2026-09-21T18:47:51.8361666Z   duration_ms: 0.60935
verificar · typecheck · unit · build · audit	Pruebas unitarias (domain, api)	2026-09-21T18:47:51.8362278Z   type: 'test'
verificar · typecheck · unit · build · audit	Pruebas unitarias (domain, api)	2026-09-21T18:47:51.8362809Z   ...
verificar · typecheck · unit · build · audit	Pruebas unitarias (domain, api)	2026-09-21T18:47:51.8364020Z # Subtest: 09v7 T12 — contratos estrictos: un campo no declarado se rechaza (UNKNOWN_FIELD)
verificar · typecheck · unit · build · audit	Pruebas unitarias (domain, api)	2026-09-21T18:47:51.8366020Z ok 68 - 09v7 T12 — contratos estrictos: un campo no declarado se rechaza (UNKNOWN_FIELD)
verificar · typecheck · unit · build · audit	Pruebas unitarias (domain, api)	2026-09-21T18:47:51.8367110Z   ---
verificar · typecheck · unit · build · audit	Pruebas unitarias (domain, api)	2026-09-21T18:47:51.8367607Z   duration_ms: 6.789648
verificar · typecheck · unit · build · audit	Pruebas unitarias (domain, api)	2026-09-21T18:47:51.8368183Z   type: 'test'
verificar · typecheck · unit · build · audit	Pruebas unitarias (domain, api)	2026-09-21T18:47:51.8368708Z   ...
verificar · typecheck · unit · build · audit	Pruebas unitarias (domain, api)	2026-09-21T18:47:51.8369797Z # Subtest: API-CON-05 — la forma «A3 no otorgado» es currentConsent: null
verificar · typecheck · unit · build · audit	Pruebas unitarias (domain, api)	2026-09-21T18:47:51.8371200Z ok 69 - API-CON-05 — la forma «A3 no otorgado» es currentConsent: null
verificar · typecheck · unit · build · audit	Pruebas unitarias (domain, api)	2026-09-21T18:47:51.8372076Z   ---
verificar · typecheck · unit · build · audit	Pruebas unitarias (domain, api)	2026-09-21T18:47:51.8372630Z   duration_ms: 2.237284
verificar · typecheck · unit · build · audit	Pruebas unitarias (domain, api)	2026-09-21T18:47:51.8373226Z   type: 'test'
verificar · typecheck · unit · build · audit	Pruebas unitarias (domain, api)	2026-09-21T18:47:51.8373743Z   ...
verificar · typecheck · unit · build · audit	Pruebas unitarias (domain, api)	2026-09-21T18:47:51.8375409Z # Subtest: T-06-45 — tres alcances; Especialidad XOR Capacidad (REG-06-32); una finalidad por alcance (DL-039)
verificar · typecheck · unit · build · audit	Pruebas unitarias (domain, api)	2026-09-21T18:47:51.8377418Z ok 70 - T-06-45 — tres alcances; Especialidad XOR Capacidad (REG-06-32); una finalidad por alcance (DL-039)
verificar · typecheck · unit · build · audit	Pruebas unitarias (domain, api)	2026-09-21T18:47:51.8378566Z   ---
verificar · typecheck · unit · build · audit	Pruebas unitarias (domain, api)	2026-09-21T18:47:51.8379106Z   duration_ms: 3.565498
verificar · typecheck · unit · build · audit	Pruebas unitarias (domain, api)	2026-09-21T18:47:51.8379740Z   type: 'test'
verificar · typecheck · unit · build · audit	Pruebas unitarias (domain, api)	2026-09-21T18:47:51.8380316Z   ...
verificar · typecheck · unit · build · audit	Pruebas unitarias (domain, api)	2026-09-21T18:47:51.8381400Z # Subtest: 06 §6.8.2 — la lista blanca de la verificación es la literal del 06
verificar · typecheck · unit · build · audit	Pruebas unitarias (domain, api)	2026-09-21T18:47:51.8382785Z ok 71 - 06 §6.8.2 — la lista blanca de la verificación es la literal del 06
verificar · typecheck · unit · build · audit	Pruebas unitarias (domain, api)	2026-09-21T18:47:51.8383647Z   ---
verificar · typecheck · unit · build · audit	Pruebas unitarias (domain, api)	2026-09-21T18:47:51.8384185Z   duration_ms: 0.354973
verificar · typecheck · unit · build · audit	Pruebas unitarias (domain, api)	2026-09-21T18:47:51.8384784Z   type: 'test'
verificar · typecheck · unit · build · audit	Pruebas unitarias (domain, api)	2026-09-21T18:47:51.8385562Z   ...
verificar · typecheck · unit · build · audit	Pruebas unitarias (domain, api)	2026-09-21T18:47:51.8386981Z # Subtest: 06 §6.8.2 — cada transición declarada procede; toda otra combinación se rechaza (TEST-RNF-DAT-001)
verificar · typecheck · unit · build · audit	Pruebas unitarias (domain, api)	2026-09-21T18:47:51.8388956Z ok 72 - 06 §6.8.2 — cada transición declarada procede; toda otra combinación se rechaza (TEST-RNF-DAT-001)
verificar · typecheck · unit · build · audit	Pruebas unitarias (domain, api)	2026-09-21T18:47:51.8390114Z   ---
verificar · typecheck · unit · build · audit	Pruebas unitarias (domain, api)	2026-09-21T18:47:51.8390651Z   duration_ms: 0.985022
verificar · typecheck · unit · build · audit	Pruebas unitarias (domain, api)	2026-09-21T18:47:51.8391218Z   type: 'test'
verificar · typecheck · unit · build · audit	Pruebas unitarias (domain, api)	2026-09-21T18:47:51.8391751Z   ...
verificar · typecheck · unit · build · audit	Pruebas unitarias (domain, api)	2026-09-21T18:47:51.8393022Z # Subtest: Habilitación mínima (DL-036): concesión explícita, retiro y nueva concesión; nada más
verificar · typecheck · unit · build · audit	Pruebas unitarias (domain, api)	2026-09-21T18:47:51.8394790Z ok 73 - Habilitación mínima (DL-036): concesión explícita, retiro y nueva concesión; nada más
verificar · typecheck · unit · build · audit	Pruebas unitarias (domain, api)	2026-09-21T18:47:51.8396073Z   ---
verificar · typecheck · unit · build · audit	Pruebas unitarias (domain, api)	2026-09-21T18:47:51.8396601Z   duration_ms: 0.324106
verificar · typecheck · unit · build · audit	Pruebas unitarias (domain, api)	2026-09-21T18:47:51.8397164Z   type: 'test'
verificar · typecheck · unit · build · audit	Pruebas unitarias (domain, api)	2026-09-21T18:47:51.8397694Z   ...
verificar · typecheck · unit · build · audit	Pruebas unitarias (domain, api)	2026-09-21T18:47:51.8398743Z # Subtest: 06 §7.3.2 — la lista blanca de la solicitud es la literal del 06
verificar · typecheck · unit · build · audit	Pruebas unitarias (domain, api)	2026-09-21T18:47:51.8400113Z ok 74 - 06 §7.3.2 — la lista blanca de la solicitud es la literal del 06
verificar · typecheck · unit · build · audit	Pruebas unitarias (domain, api)	2026-09-21T18:47:51.8400958Z   ---
verificar · typecheck · unit · build · audit	Pruebas unitarias (domain, api)	2026-09-21T18:47:51.8401447Z   duration_ms: 0.23502
verificar · typecheck · unit · build · audit	Pruebas unitarias (domain, api)	2026-09-21T18:47:51.8402003Z   type: 'test'
verificar · typecheck · unit · build · audit	Pruebas unitarias (domain, api)	2026-09-21T18:47:51.8402519Z   ...
verificar · typecheck · unit · build · audit	Pruebas unitarias (domain, api)	2026-09-21T18:47:51.8404461Z # Subtest: 06 §7.3.2 — cada transición declarada procede; toda otra combinación se rechaza; los terminales no tienen salida
verificar · typecheck · unit · build · audit	Pruebas unitarias (domain, api)	2026-09-21T18:47:51.8407393Z ok 75 - 06 §7.3.2 — cada transición declarada procede; toda otra combinación se rechaza; los terminales no tienen salida
verificar · typecheck · unit · build · audit	Pruebas unitarias (domain, api)	2026-09-21T18:47:51.8408543Z   ---
verificar · typecheck · unit · build · audit	Pruebas unitarias (domain, api)	2026-09-21T18:47:51.8409092Z   duration_ms: 0.850671
verificar · typecheck · unit · build · audit	Pruebas unitarias (domain, api)	2026-09-21T18:47:51.8409697Z   type: 'test'
verificar · typecheck · unit · build · audit	Pruebas unitarias (domain, api)	2026-09-21T18:47:51.8410222Z   ...
verificar · typecheck · unit · build · audit	Pruebas unitarias (domain, api)	2026-09-21T18:47:51.8411582Z # Subtest: 06 §7.3.2 — guardas: actor, confirmación, reevaluación (REG-06-49), vencimiento e incompatibilidad
verificar · typecheck · unit · build · audit	Pruebas unitarias (domain, api)	2026-09-21T18:47:51.8413428Z ok 76 - 06 §7.3.2 — guardas: actor, confirmación, reevaluación (REG-06-49), vencimiento e incompatibilidad
verificar · typecheck · unit · build · audit	Pruebas unitarias (domain, api)	2026-09-21T18:47:51.8414518Z   ---
verificar · typecheck · unit · build · audit	Pruebas unitarias (domain, api)	2026-09-21T18:47:51.8415051Z   duration_ms: 0.444652
verificar · typecheck · unit · build · audit	Pruebas unitarias (domain, api)	2026-09-21T18:47:51.8416014Z   type: 'test'
verificar · typecheck · unit · build · audit	Pruebas unitarias (domain, api)	2026-09-21T18:47:51.8416531Z   ...
verificar · typecheck · unit · build · audit	Pruebas unitarias (domain, api)	2026-09-21T18:47:51.8418046Z # Subtest: 06 §7.5.2 — la lista blanca del vínculo por alcance es la literal del 06 (FinalizarAlcance desde ACEPTADO y PAUSADO)
verificar · typecheck · unit · build · audit	Pruebas unitarias (domain, api)	2026-09-21T18:47:51.8420309Z ok 77 - 06 §7.5.2 — la lista blanca del vínculo por alcance es la literal del 06 (FinalizarAlcance desde ACEPTADO y PAUSADO)
verificar · typecheck · unit · build · audit	Pruebas unitarias (domain, api)	2026-09-21T18:47:51.8421502Z   ---
verificar · typecheck · unit · build · audit	Pruebas unitarias (domain, api)	2026-09-21T18:47:51.8422048Z   duration_ms: 0.218538
verificar · typecheck · unit · build · audit	Pruebas unitarias (domain, api)	2026-09-21T18:47:51.8422652Z   type: 'test'
verificar · typecheck · unit · build · audit	Pruebas unitarias (domain, api)	2026-09-21T18:47:51.8423162Z   ...
verificar · typecheck · unit · build · audit	Pruebas unitarias (domain, api)	2026-09-21T18:47:51.8424624Z # Subtest: 06 §7.5.2 — cada transición declarada procede; toda otra se rechaza; FINALIZADO no tiene salida (INV-06-58)
verificar · typecheck · unit · build · audit	Pruebas unitarias (domain, api)	2026-09-21T18:47:51.8426985Z ok 78 - 06 §7.5.2 — cada transición declarada procede; toda otra se rechaza; FINALIZADO no tiene salida (INV-06-58)
verificar · typecheck · unit · build · audit	Pruebas unitarias (domain, api)	2026-09-21T18:47:51.8428165Z   ---
verificar · typecheck · unit · build · audit	Pruebas unitarias (domain, api)	2026-09-21T18:47:51.8428711Z   duration_ms: 0.931753
verificar · typecheck · unit · build · audit	Pruebas unitarias (domain, api)	2026-09-21T18:47:51.8429298Z   type: 'test'
verificar · typecheck · unit · build · audit	Pruebas unitarias (domain, api)	2026-09-21T18:47:51.8429809Z   ...
verificar · typecheck · unit · build · audit	Pruebas unitarias (domain, api)	2026-09-21T18:47:51.8431292Z # Subtest: DL-033 — motivo obligatorio y de lista cerrada; reanuda quien pausó; el sistema solo finaliza por cierre de cuenta
verificar · typecheck · unit · build · audit	Pruebas unitarias (domain, api)	2026-09-21T18:47:51.8433460Z ok 79 - DL-033 — motivo obligatorio y de lista cerrada; reanuda quien pausó; el sistema solo finaliza por cierre de cuenta
verificar · typecheck · unit · build · audit	Pruebas unitarias (domain, api)	2026-09-21T18:47:51.8434690Z   ---
verificar · typecheck · unit · build · audit	Pruebas unitarias (domain, api)	2026-09-21T18:47:51.8435492Z   duration_ms: 0.800287
verificar · typecheck · unit · build · audit	Pruebas unitarias (domain, api)	2026-09-21T18:47:51.8436129Z   type: 'test'
verificar · typecheck · unit · build · audit	Pruebas unitarias (domain, api)	2026-09-21T18:47:51.8436653Z   ...
verificar · typecheck · unit · build · audit	Pruebas unitarias (domain, api)	2026-09-21T18:47:51.8437727Z # Subtest: 06 §7.7.5 — la lista blanca del consentimiento es la literal del 06
verificar · typecheck · unit · build · audit	Pruebas unitarias (domain, api)	2026-09-21T18:47:51.8439156Z ok 80 - 06 §7.7.5 — la lista blanca del consentimiento es la literal del 06
verificar · typecheck · unit · build · audit	Pruebas unitarias (domain, api)	2026-09-21T18:47:51.8440043Z   ---
verificar · typecheck · unit · build · audit	Pruebas unitarias (domain, api)	2026-09-21T18:47:51.8440575Z   duration_ms: 0.279773
verificar · typecheck · unit · build · audit	Pruebas unitarias (domain, api)	2026-09-21T18:47:51.8441159Z   type: 'test'
verificar · typecheck · unit · build · audit	Pruebas unitarias (domain, api)	2026-09-21T18:47:51.8441686Z   ...
verificar · typecheck · unit · build · audit	Pruebas unitarias (domain, api)	2026-09-21T18:47:51.8443060Z # Subtest: 06 §7.7.5 — cada transición declarada procede; toda otra se rechaza (p. ej. REVOCADO → REVOCADO)
verificar · typecheck · unit · build · audit	Pruebas unitarias (domain, api)	2026-09-21T18:47:51.8444971Z ok 81 - 06 §7.7.5 — cada transición declarada procede; toda otra se rechaza (p. ej. REVOCADO → REVOCADO)
verificar · typecheck · unit · build · audit	Pruebas unitarias (domain, api)	2026-09-21T18:47:51.8446285Z   ---
verificar · typecheck · unit · build · audit	Pruebas unitarias (domain, api)	2026-09-21T18:47:51.8446786Z   duration_ms: 0.500747
verificar · typecheck · unit · build · audit	Pruebas unitarias (domain, api)	2026-09-21T18:47:51.8447365Z   type: 'test'
verificar · typecheck · unit · build · audit	Pruebas unitarias (domain, api)	2026-09-21T18:47:51.8447967Z   ...
verificar · typecheck · unit · build · audit	Pruebas unitarias (domain, api)	2026-09-21T18:47:51.8449432Z # Subtest: INV-06-62, INV-06-60, REG-06-50 — solo el titular; versión aplicable; aceptar una versión no acepta futuras
verificar · typecheck · unit · build · audit	Pruebas unitarias (domain, api)	2026-09-21T18:47:51.8451412Z ok 82 - INV-06-62, INV-06-60, REG-06-50 — solo el titular; versión aplicable; aceptar una versión no acepta futuras
verificar · typecheck · unit · build · audit	Pruebas unitarias (domain, api)	2026-09-21T18:47:51.8452522Z   ---
verificar · typecheck · unit · build · audit	Pruebas unitarias (domain, api)	2026-09-21T18:47:51.8453059Z   duration_ms: 0.227896
verificar · typecheck · unit · build · audit	Pruebas unitarias (domain, api)	2026-09-21T18:47:51.8453683Z   type: 'test'
verificar · typecheck · unit · build · audit	Pruebas unitarias (domain, api)	2026-09-21T18:47:51.8454242Z   ...
verificar · typecheck · unit · build · audit	Pruebas unitarias (domain, api)	2026-09-21T18:47:51.8455511Z # Subtest: DL-038 — CON-02 elige la transición según la situación actual
verificar · typecheck · unit · build · audit	Pruebas unitarias (domain, api)	2026-09-21T18:47:51.8456931Z ok 83 - DL-038 — CON-02 elige la transición según la situación actual
verificar · typecheck · unit · build · audit	Pruebas unitarias (domain, api)	2026-09-21T18:47:51.8457807Z   ---
verificar · typecheck · unit · build · audit	Pruebas unitarias (domain, api)	2026-09-21T18:47:51.8458364Z   duration_ms: 0.174887
verificar · typecheck · unit · build · audit	Pruebas unitarias (domain, api)	2026-09-21T18:47:51.8458967Z   type: 'test'
verificar · typecheck · unit · build · audit	Pruebas unitarias (domain, api)	2026-09-21T18:47:51.8459442Z   ...
verificar · typecheck · unit · build · audit	Pruebas unitarias (domain, api)	2026-09-21T18:47:51.8460932Z # Subtest: PDP — contexto positivo: las siete dimensiones favorables permiten y registran componente y versión (REG-06-50)
verificar · typecheck · unit · build · audit	Pruebas unitarias (domain, api)	2026-09-21T18:47:51.8463655Z ok 84 - PDP — contexto positivo: las siete dimensiones favorables permiten y registran componente y versión (REG-06-50)
verificar · typecheck · unit · build · audit	Pruebas unitarias (domain, api)	2026-09-21T18:47:51.8464881Z   ---
verificar · typecheck · unit · build · audit	Pruebas unitarias (domain, api)	2026-09-21T18:47:51.8495847Z   duration_ms: 0.369802
verificar · typecheck · unit · build · audit	Pruebas unitarias (domain, api)	2026-09-21T18:47:51.8525868Z   type: 'test'
verificar · typecheck · unit · build · audit	Pruebas unitarias (domain, api)	2026-09-21T18:47:51.8530474Z   ...
verificar · typecheck · unit · build · audit	Pruebas unitarias (domain, api)	2026-09-21T18:47:51.8531911Z # Subtest: PDP — V1 rol inadecuado: sin perfil profesional: se deniega y la auditoría atribuye ROL
verificar · typecheck · unit · build · audit	Pruebas unitarias (domain, api)	2026-09-21T18:47:51.8533734Z ok 85 - PDP — V1 rol inadecuado: sin perfil profesional: se deniega y la auditoría atribuye ROL
verificar · typecheck · unit · build · audit	Pruebas unitarias (domain, api)	2026-09-21T18:47:51.8534786Z   ---
verificar · typecheck · unit · build · audit	Pruebas unitarias (domain, api)	2026-09-21T18:47:51.8535612Z   duration_ms: 0.18672
verificar · typecheck · unit · build · audit	Pruebas unitarias (domain, api)	2026-09-21T18:47:51.8536250Z   type: 'test'
verificar · typecheck · unit · build · audit	Pruebas unitarias (domain, api)	2026-09-21T18:47:51.8536879Z   ...
verificar · typecheck · unit · build · audit	Pruebas unitarias (domain, api)	2026-09-21T18:47:51.8538296Z # Subtest: PDP — V1 rol inadecuado: el titular pide su propio dashboard: se deniega y la auditoría atribuye ROL
verificar · typecheck · unit · build · audit	Pruebas unitarias (domain, api)	2026-09-21T18:47:51.8540184Z ok 86 - PDP — V1 rol inadecuado: el titular pide su propio dashboard: se deniega y la auditoría atribuye ROL
verificar · typecheck · unit · build · audit	Pruebas unitarias (domain, api)	2026-09-21T18:47:51.8541257Z   ---
verificar · typecheck · unit · build · audit	Pruebas unitarias (domain, api)	2026-09-21T18:47:51.8541753Z   duration_ms: 0.113242
verificar · typecheck · unit · build · audit	Pruebas unitarias (domain, api)	2026-09-21T18:47:51.8542337Z   type: 'test'
verificar · typecheck · unit · build · audit	Pruebas unitarias (domain, api)	2026-09-21T18:47:51.8542841Z   ...
verificar · typecheck · unit · build · audit	Pruebas unitarias (domain, api)	2026-09-21T18:47:51.8544271Z # Subtest: PDP — V2 alcance no verificado (PENDIENTE): se deniega y la auditoría atribuye ESPECIALIDAD_O_CAPACIDAD
verificar · typecheck · unit · build · audit	Pruebas unitarias (domain, api)	2026-09-21T18:47:51.8546583Z ok 87 - PDP — V2 alcance no verificado (PENDIENTE): se deniega y la auditoría atribuye ESPECIALIDAD_O_CAPACIDAD
verificar · typecheck · unit · build · audit	Pruebas unitarias (domain, api)	2026-09-21T18:47:51.8547741Z   ---
verificar · typecheck · unit · build · audit	Pruebas unitarias (domain, api)	2026-09-21T18:47:51.8548243Z   duration_ms: 0.106849
verificar · typecheck · unit · build · audit	Pruebas unitarias (domain, api)	2026-09-21T18:47:51.8548799Z   type: 'test'
verificar · typecheck · unit · build · audit	Pruebas unitarias (domain, api)	2026-09-21T18:47:51.8549338Z   ...
verificar · typecheck · unit · build · audit	Pruebas unitarias (domain, api)	2026-09-21T18:47:51.8550610Z # Subtest: PDP — V2 alcance rechazado: se deniega y la auditoría atribuye ESPECIALIDAD_O_CAPACIDAD
verificar · typecheck · unit · build · audit	Pruebas unitarias (domain, api)	2026-09-21T18:47:51.8552322Z ok 88 - PDP — V2 alcance rechazado: se deniega y la auditoría atribuye ESPECIALIDAD_O_CAPACIDAD
verificar · typecheck · unit · build · audit	Pruebas unitarias (domain, api)	2026-09-21T18:47:51.8553260Z   ---
verificar · typecheck · unit · build · audit	Pruebas unitarias (domain, api)	2026-09-21T18:47:51.8553731Z   duration_ms: 0.101179
verificar · typecheck · unit · build · audit	Pruebas unitarias (domain, api)	2026-09-21T18:47:51.8554246Z   type: 'test'
verificar · typecheck · unit · build · audit	Pruebas unitarias (domain, api)	2026-09-21T18:47:51.8554735Z   ...
verificar · typecheck · unit · build · audit	Pruebas unitarias (domain, api)	2026-09-21T18:47:51.8556370Z # Subtest: PDP — V2 sin trayectoria de verificación: se deniega y la auditoría atribuye ESPECIALIDAD_O_CAPACIDAD
verificar · typecheck · unit · build · audit	Pruebas unitarias (domain, api)	2026-09-21T18:47:51.8558407Z ok 89 - PDP — V2 sin trayectoria de verificación: se deniega y la auditoría atribuye ESPECIALIDAD_O_CAPACIDAD
verificar · typecheck · unit · build · audit	Pruebas unitarias (domain, api)	2026-09-21T18:47:51.8559553Z   ---
verificar · typecheck · unit · build · audit	Pruebas unitarias (domain, api)	2026-09-21T18:47:51.8560117Z   duration_ms: 0.116218
verificar · typecheck · unit · build · audit	Pruebas unitarias (domain, api)	2026-09-21T18:47:51.8560872Z   type: 'test'
verificar · typecheck · unit · build · audit	Pruebas unitarias (domain, api)	2026-09-21T18:47:51.8561595Z   ...
verificar · typecheck · unit · build · audit	Pruebas unitarias (domain, api)	2026-09-21T18:47:51.8562970Z # Subtest: PDP — V3 alcance suspendido: se deniega y la auditoría atribuye SITUACION
verificar · typecheck · unit · build · audit	Pruebas unitarias (domain, api)	2026-09-21T18:47:51.8564759Z ok 90 - PDP — V3 alcance suspendido: se deniega y la auditoría atribuye SITUACION
verificar · typecheck · unit · build · audit	Pruebas unitarias (domain, api)	2026-09-21T18:47:51.8565971Z   ---
verificar · typecheck · unit · build · audit	Pruebas unitarias (domain, api)	2026-09-21T18:47:51.8566518Z   duration_ms: 0.103854
verificar · typecheck · unit · build · audit	Pruebas unitarias (domain, api)	2026-09-21T18:47:51.8567111Z   type: 'test'
verificar · typecheck · unit · build · audit	Pruebas unitarias (domain, api)	2026-09-21T18:47:51.8567635Z   ...
verificar · typecheck · unit · build · audit	Pruebas unitarias (domain, api)	2026-09-21T18:47:51.8568833Z # Subtest: PDP — V3 habilitación retirada: se deniega y la auditoría atribuye SITUACION
verificar · typecheck · unit · build · audit	Pruebas unitarias (domain, api)	2026-09-21T18:47:51.8570462Z ok 91 - PDP — V3 habilitación retirada: se deniega y la auditoría atribuye SITUACION
verificar · typecheck · unit · build · audit	Pruebas unitarias (domain, api)	2026-09-21T18:47:51.8571495Z   ---
verificar · typecheck · unit · build · audit	Pruebas unitarias (domain, api)	2026-09-21T18:47:51.8572041Z   duration_ms: 0.108353
verificar · typecheck · unit · build · audit	Pruebas unitarias (domain, api)	2026-09-21T18:47:51.8572637Z   type: 'test'
verificar · typecheck · unit · build · audit	Pruebas unitarias (domain, api)	2026-09-21T18:47:51.8573172Z   ...
verificar · typecheck · unit · build · audit	Pruebas unitarias (domain, api)	2026-09-21T18:47:51.8574384Z # Subtest: PDP — V3 sin habilitación (INV-06-87): se deniega y la auditoría atribuye SITUACION
verificar · typecheck · unit · build · audit	Pruebas unitarias (domain, api)	2026-09-21T18:47:51.8576378Z ok 92 - PDP — V3 sin habilitación (INV-06-87): se deniega y la auditoría atribuye SITUACION
verificar · typecheck · unit · build · audit	Pruebas unitarias (domain, api)	2026-09-21T18:47:51.8577402Z   ---
verificar · typecheck · unit · build · audit	Pruebas unitarias (domain, api)	2026-09-21T18:47:51.8577937Z   duration_ms: 0.158016
verificar · typecheck · unit · build · audit	Pruebas unitarias (domain, api)	2026-09-21T18:47:51.8578527Z   type: 'test'
verificar · typecheck · unit · build · audit	Pruebas unitarias (domain, api)	2026-09-21T18:47:51.8579052Z   ...
verificar · typecheck · unit · build · audit	Pruebas unitarias (domain, api)	2026-09-21T18:47:51.8580400Z # Subtest: PDP — V3 A3 del titular no vigente (TEST-AUTH-005): se deniega y la auditoría atribuye SITUACION
verificar · typecheck · unit · build · audit	Pruebas unitarias (domain, api)	2026-09-21T18:47:51.8582304Z ok 93 - PDP — V3 A3 del titular no vigente (TEST-AUTH-005): se deniega y la auditoría atribuye SITUACION
verificar · typecheck · unit · build · audit	Pruebas unitarias (domain, api)	2026-09-21T18:47:51.8583396Z   ---
verificar · typecheck · unit · build · audit	Pruebas unitarias (domain, api)	2026-09-21T18:47:51.8583934Z   duration_ms: 0.121557
verificar · typecheck · unit · build · audit	Pruebas unitarias (domain, api)	2026-09-21T18:47:51.8585024Z   type: 'test'
verificar · typecheck · unit · build · audit	Pruebas unitarias (domain, api)	2026-09-21T18:47:51.8586131Z   ...
verificar · typecheck · unit · build · audit	Pruebas unitarias (domain, api)	2026-09-21T18:47:51.8587392Z # Subtest: PDP — V3 cuenta del titular no operativa: se deniega y la auditoría atribuye SITUACION
verificar · typecheck · unit · build · audit	Pruebas unitarias (domain, api)	2026-09-21T18:47:51.8589130Z ok 94 - PDP — V3 cuenta del titular no operativa: se deniega y la auditoría atribuye SITUACION
verificar · typecheck · unit · build · audit	Pruebas unitarias (domain, api)	2026-09-21T18:47:51.8590152Z   ---
verificar · typecheck · unit · build · audit	Pruebas unitarias (domain, api)	2026-09-21T18:47:51.8590665Z   duration_ms: 0.110727
verificar · typecheck · unit · build · audit	Pruebas unitarias (domain, api)	2026-09-21T18:47:51.8591244Z   type: 'test'
verificar · typecheck · unit · build · audit	Pruebas unitarias (domain, api)	2026-09-21T18:47:51.8591775Z   ...
verificar · typecheck · unit · build · audit	Pruebas unitarias (domain, api)	2026-09-21T18:47:51.8592991Z # Subtest: PDP — V3 cuenta del actor no operativa: se deniega y la auditoría atribuye SITUACION
verificar · typecheck · unit · build · audit	Pruebas unitarias (domain, api)	2026-09-21T18:47:51.8594668Z ok 95 - PDP — V3 cuenta del actor no operativa: se deniega y la auditoría atribuye SITUACION
verificar · typecheck · unit · build · audit	Pruebas unitarias (domain, api)	2026-09-21T18:47:51.8595920Z   ---
verificar · typecheck · unit · build · audit	Pruebas unitarias (domain, api)	2026-09-21T18:47:51.8596453Z   duration_ms: 0.127558
verificar · typecheck · unit · build · audit	Pruebas unitarias (domain, api)	2026-09-21T18:47:51.8597037Z   type: 'test'
verificar · typecheck · unit · build · audit	Pruebas unitarias (domain, api)	2026-09-21T18:47:51.8597561Z   ...
verificar · typecheck · unit · build · audit	Pruebas unitarias (domain, api)	2026-09-21T18:47:51.8598789Z # Subtest: PDP — V4 vínculo PAUSADO (TEST-AUTH-007): se deniega y la auditoría atribuye VINCULO
verificar · typecheck · unit · build · audit	Pruebas unitarias (domain, api)	2026-09-21T18:47:51.8600467Z ok 96 - PDP — V4 vínculo PAUSADO (TEST-AUTH-007): se deniega y la auditoría atribuye VINCULO
verificar · typecheck · unit · build · audit	Pruebas unitarias (domain, api)	2026-09-21T18:47:51.8601428Z   ---
verificar · typecheck · unit · build · audit	Pruebas unitarias (domain, api)	2026-09-21T18:47:51.8601955Z   duration_ms: 0.111859
verificar · typecheck · unit · build · audit	Pruebas unitarias (domain, api)	2026-09-21T18:47:51.8602522Z   type: 'test'
verificar · typecheck · unit · build · audit	Pruebas unitarias (domain, api)	2026-09-21T18:47:51.8603049Z   ...
verificar · typecheck · unit · build · audit	Pruebas unitarias (domain, api)	2026-09-21T18:47:51.8604308Z # Subtest: PDP — V4 vínculo FINALIZADO (TEST-AUTH-008): se deniega y la auditoría atribuye VINCULO
verificar · typecheck · unit · build · audit	Pruebas unitarias (domain, api)	2026-09-21T18:47:51.8606371Z ok 97 - PDP — V4 vínculo FINALIZADO (TEST-AUTH-008): se deniega y la auditoría atribuye VINCULO
verificar · typecheck · unit · build · audit	Pruebas unitarias (domain, api)	2026-09-21T18:47:51.8607398Z   ---
verificar · typecheck · unit · build · audit	Pruebas unitarias (domain, api)	2026-09-21T18:47:51.8607930Z   duration_ms: 0.112591
verificar · typecheck · unit · build · audit	Pruebas unitarias (domain, api)	2026-09-21T18:47:51.8608517Z   type: 'test'
verificar · typecheck · unit · build · audit	Pruebas unitarias (domain, api)	2026-09-21T18:47:51.8609044Z   ...
verificar · typecheck · unit · build · audit	Pruebas unitarias (domain, api)	2026-09-21T18:47:51.8610246Z # Subtest: PDP — V5 B2 REVOCADO (TEST-RF-022): se deniega y la auditoría atribuye CONSENTIMIENTO
verificar · typecheck · unit · build · audit	Pruebas unitarias (domain, api)	2026-09-21T18:47:51.8611926Z ok 98 - PDP — V5 B2 REVOCADO (TEST-RF-022): se deniega y la auditoría atribuye CONSENTIMIENTO
verificar · typecheck · unit · build · audit	Pruebas unitarias (domain, api)	2026-09-21T18:47:51.8612919Z   ---
verificar · typecheck · unit · build · audit	Pruebas unitarias (domain, api)	2026-09-21T18:47:51.8613437Z   duration_ms: 0.113463
verificar · typecheck · unit · build · audit	Pruebas unitarias (domain, api)	2026-09-21T18:47:51.8614065Z   type: 'test'
verificar · typecheck · unit · build · audit	Pruebas unitarias (domain, api)	2026-09-21T18:47:51.8614583Z   ...
verificar · typecheck · unit · build · audit	Pruebas unitarias (domain, api)	2026-09-21T18:47:51.8616087Z # Subtest: PDP — V5 sin B2 (TEST-AUTH-006): se deniega y la auditoría atribuye CONSENTIMIENTO
verificar · typecheck · unit · build · audit	Pruebas unitarias (domain, api)	2026-09-21T18:47:51.8617724Z ok 99 - PDP — V5 sin B2 (TEST-AUTH-006): se deniega y la auditoría atribuye CONSENTIMIENTO
verificar · typecheck · unit · build · audit	Pruebas unitarias (domain, api)	2026-09-21T18:47:51.8618690Z   ---
verificar · typecheck · unit · build · audit	Pruebas unitarias (domain, api)	2026-09-21T18:47:51.8619215Z   duration_ms: 3.161252
verificar · typecheck · unit · build · audit	Pruebas unitarias (domain, api)	2026-09-21T18:47:51.8619813Z   type: 'test'
verificar · typecheck · unit · build · audit	Pruebas unitarias (domain, api)	2026-09-21T18:47:51.8620320Z   ...
verificar · typecheck · unit · build · audit	Pruebas unitarias (domain, api)	2026-09-21T18:47:51.8621703Z # Subtest: PDP — V5 B2 sin versión identificable (INV-06-60): se deniega y la auditoría atribuye CONSENTIMIENTO
verificar · typecheck · unit · build · audit	Pruebas unitarias (domain, api)	2026-09-21T18:47:51.8623639Z ok 100 - PDP — V5 B2 sin versión identificable (INV-06-60): se deniega y la auditoría atribuye CONSENTIMIENTO
verificar · typecheck · unit · build · audit	Pruebas unitarias (domain, api)	2026-09-21T18:47:51.8624736Z   ---
verificar · typecheck · unit · build · audit	Pruebas unitarias (domain, api)	2026-09-21T18:47:51.8625514Z   duration_ms: 0.105367
verificar · typecheck · unit · build · audit	Pruebas unitarias (domain, api)	2026-09-21T18:47:51.8626125Z   type: 'test'
verificar · typecheck · unit · build · audit	Pruebas unitarias (domain, api)	2026-09-21T18:47:51.8626645Z   ...
verificar · typecheck · unit · build · audit	Pruebas unitarias (domain, api)	2026-09-21T18:47:51.8627767Z # Subtest: PDP — V6 finalidad ajena: se deniega y la auditoría atribuye FINALIDAD
verificar · typecheck · unit · build · audit	Pruebas unitarias (domain, api)	2026-09-21T18:47:51.8629344Z ok 101 - PDP — V6 finalidad ajena: se deniega y la auditoría atribuye FINALIDAD
verificar · typecheck · unit · build · audit	Pruebas unitarias (domain, api)	2026-09-21T18:47:51.8630271Z   ---
verificar · typecheck · unit · build · audit	Pruebas unitarias (domain, api)	2026-09-21T18:47:51.8630800Z   duration_ms: 0.148548
verificar · typecheck · unit · build · audit	Pruebas unitarias (domain, api)	2026-09-21T18:47:51.8631406Z   type: 'test'
verificar · typecheck · unit · build · audit	Pruebas unitarias (domain, api)	2026-09-21T18:47:51.8631925Z   ...
verificar · typecheck · unit · build · audit	Pruebas unitarias (domain, api)	2026-09-21T18:47:51.8633368Z # Subtest: PDP — V7 alcance pedido Entrenamiento con vínculo de Nutrición: se deniega y la auditoría atribuye ALCANCE
verificar · typecheck · unit · build · audit	Pruebas unitarias (domain, api)	2026-09-21T18:47:51.8635612Z ok 102 - PDP — V7 alcance pedido Entrenamiento con vínculo de Nutrición: se deniega y la auditoría atribuye ALCANCE
verificar · typecheck · unit · build · audit	Pruebas unitarias (domain, api)	2026-09-21T18:47:51.8636713Z   ---
verificar · typecheck · unit · build · audit	Pruebas unitarias (domain, api)	2026-09-21T18:47:51.8637210Z   duration_ms: 0.103814
verificar · typecheck · unit · build · audit	Pruebas unitarias (domain, api)	2026-09-21T18:47:51.8637726Z   type: 'test'
verificar · typecheck · unit · build · audit	Pruebas unitarias (domain, api)	2026-09-21T18:47:51.8638140Z   ...
verificar · typecheck · unit · build · audit	Pruebas unitarias (domain, api)	2026-09-21T18:47:51.8639373Z # Subtest: PDP — titular inexistente o no revelable: deniega igual (UC-I02 E05), sin distinguirlo en la decisión
verificar · typecheck · unit · build · audit	Pruebas unitarias (domain, api)	2026-09-21T18:47:51.8641119Z ok 103 - PDP — titular inexistente o no revelable: deniega igual (UC-I02 E05), sin distinguirlo en la decisión
verificar · typecheck · unit · build · audit	Pruebas unitarias (domain, api)	2026-09-21T18:47:51.8642678Z   ---
verificar · typecheck · unit · build · audit	Pruebas unitarias (domain, api)	2026-09-21T18:47:51.8643211Z   duration_ms: 0.157755
verificar · typecheck · unit · build · audit	Pruebas unitarias (domain, api)	2026-09-21T18:47:51.8643810Z   type: 'test'
verificar · typecheck · unit · build · audit	Pruebas unitarias (domain, api)	2026-09-21T18:47:51.8644289Z   ...
verificar · typecheck · unit · build · audit	Pruebas unitarias (domain, api)	2026-09-21T18:47:51.8646029Z # Subtest: REG-06-53 — ninguna dimensión aislada autoriza: con todo lo demás ausente, cada hecho favorable solo no alcanza
verificar · typecheck · unit · build · audit	Pruebas unitarias (domain, api)	2026-09-21T18:47:51.8648225Z ok 104 - REG-06-53 — ninguna dimensión aislada autoriza: con todo lo demás ausente, cada hecho favorable solo no alcanza
verificar · typecheck · unit · build · audit	Pruebas unitarias (domain, api)	2026-09-21T18:47:51.8649424Z   ---
verificar · typecheck · unit · build · audit	Pruebas unitarias (domain, api)	2026-09-21T18:47:51.8649962Z   duration_ms: 0.367136
verificar · typecheck · unit · build · audit	Pruebas unitarias (domain, api)	2026-09-21T18:47:51.8650539Z   type: 'test'
verificar · typecheck · unit · build · audit	Pruebas unitarias (domain, api)	2026-09-21T18:47:51.8651058Z   ...
verificar · typecheck · unit · build · audit	Pruebas unitarias (domain, api)	2026-09-21T18:47:51.8652623Z # Subtest: TEST-AUTH-009 — campos autoritativos del cliente se rechazan por schema estricto (409 → 400 UNKNOWN_FIELD en la API)
verificar · typecheck · unit · build · audit	Pruebas unitarias (domain, api)	2026-09-21T18:47:51.8654893Z ok 105 - TEST-AUTH-009 — campos autoritativos del cliente se rechazan por schema estricto (409 → 400 UNKNOWN_FIELD en la API)
verificar · typecheck · unit · build · audit	Pruebas unitarias (domain, api)	2026-09-21T18:47:51.8656399Z   ---
verificar · typecheck · unit · build · audit	Pruebas unitarias (domain, api)	2026-09-21T18:47:51.8656969Z   duration_ms: 6.246963
verificar · typecheck · unit · build · audit	Pruebas unitarias (domain, api)	2026-09-21T18:47:51.8657679Z   type: 'test'
verificar · typecheck · unit · build · audit	Pruebas unitarias (domain, api)	2026-09-21T18:47:51.8658217Z   ...
verificar · typecheck · unit · build · audit	Pruebas unitarias (domain, api)	2026-09-21T18:47:51.8659631Z # Subtest: 08 §12.3 — textos B2 diferenciados por perfil, versionados, con hash real y sin aceptar versiones futuras
verificar · typecheck · unit · build · audit	Pruebas unitarias (domain, api)	2026-09-21T18:47:51.8661693Z ok 106 - 08 §12.3 — textos B2 diferenciados por perfil, versionados, con hash real y sin aceptar versiones futuras
verificar · typecheck · unit · build · audit	Pruebas unitarias (domain, api)	2026-09-21T18:47:51.8662874Z   ---
verificar · typecheck · unit · build · audit	Pruebas unitarias (domain, api)	2026-09-21T18:47:51.8663409Z   duration_ms: 0.959254
verificar · typecheck · unit · build · audit	Pruebas unitarias (domain, api)	2026-09-21T18:47:51.8663990Z   type: 'test'
verificar · typecheck · unit · build · audit	Pruebas unitarias (domain, api)	2026-09-21T18:47:51.8664496Z   ...
verificar · typecheck · unit · build · audit	Pruebas unitarias (domain, api)	2026-09-21T18:47:51.8665904Z # Subtest: 10-B04 §44-§46 — el copy de WP-03 no usa términos prohibidos ni códigos internos
verificar · typecheck · unit · build · audit	Pruebas unitarias (domain, api)	2026-09-21T18:47:51.8667377Z ok 107 - 10-B04 §44-§46 — el copy de WP-03 no usa términos prohibidos ni códigos internos
verificar · typecheck · unit · build · audit	Pruebas unitarias (domain, api)	2026-09-21T18:47:51.8668189Z   ---
verificar · typecheck · unit · build · audit	Pruebas unitarias (domain, api)	2026-09-21T18:47:51.8668623Z   duration_ms: 0.768146
verificar · typecheck · unit · build · audit	Pruebas unitarias (domain, api)	2026-09-21T18:47:51.8669115Z   type: 'test'
verificar · typecheck · unit · build · audit	Pruebas unitarias (domain, api)	2026-09-21T18:47:51.8669551Z   ...
verificar · typecheck · unit · build · audit	Pruebas unitarias (domain, api)	2026-09-21T18:47:51.8670854Z # Subtest: 10-B04:627-638 — cada evento de las tres máquinas tiene etiqueta humana; uno desconocido no se muestra crudo
verificar · typecheck · unit · build · audit	Pruebas unitarias (domain, api)	2026-09-21T18:47:51.8672795Z ok 108 - 10-B04:627-638 — cada evento de las tres máquinas tiene etiqueta humana; uno desconocido no se muestra crudo
verificar · typecheck · unit · build · audit	Pruebas unitarias (domain, api)	2026-09-21T18:47:51.8674006Z   ---
verificar · typecheck · unit · build · audit	Pruebas unitarias (domain, api)	2026-09-21T18:47:51.8674712Z   duration_ms: 0.514573
verificar · typecheck · unit · build · audit	Pruebas unitarias (domain, api)	2026-09-21T18:47:51.8675677Z   type: 'test'
verificar · typecheck · unit · build · audit	Pruebas unitarias (domain, api)	2026-09-21T18:47:51.8676382Z   ...
verificar · typecheck · unit · build · audit	Pruebas unitarias (domain, api)	2026-09-21T18:47:51.8677956Z # Subtest: 10-B04 §28-§29 y H10-04-04 — el profesional ve el estado mínimo, nunca la razón del bloqueo
verificar · typecheck · unit · build · audit	Pruebas unitarias (domain, api)	2026-09-21T18:47:51.8680092Z ok 109 - 10-B04 §28-§29 y H10-04-04 — el profesional ve el estado mínimo, nunca la razón del bloqueo
verificar · typecheck · unit · build · audit	Pruebas unitarias (domain, api)	2026-09-21T18:47:51.8681455Z   ---
verificar · typecheck · unit · build · audit	Pruebas unitarias (domain, api)	2026-09-21T18:47:51.8682212Z   duration_ms: 0.323695
verificar · typecheck · unit · build · audit	Pruebas unitarias (domain, api)	2026-09-21T18:47:51.8683086Z   type: 'test'
verificar · typecheck · unit · build · audit	Pruebas unitarias (domain, api)	2026-09-21T18:47:51.8683893Z   ...
verificar · typecheck · unit · build · audit	Pruebas unitarias (domain, api)	2026-09-21T18:47:51.8685891Z # Subtest: 10-B04:538-553 — el asesorado ve «No efectivo» cuando su consentimiento activo hoy no habilita el acceso
verificar · typecheck · unit · build · audit	Pruebas unitarias (domain, api)	2026-09-21T18:47:51.8688366Z ok 110 - 10-B04:538-553 — el asesorado ve «No efectivo» cuando su consentimiento activo hoy no habilita el acceso
verificar · typecheck · unit · build · audit	Pruebas unitarias (domain, api)	2026-09-21T18:47:51.8706681Z   ---
verificar · typecheck · unit · build · audit	Pruebas unitarias (domain, api)	2026-09-21T18:47:51.8707246Z   duration_ms: 0.699027
verificar · typecheck · unit · build · audit	Pruebas unitarias (domain, api)	2026-09-21T18:47:51.8707857Z   type: 'test'
verificar · typecheck · unit · build · audit	Pruebas unitarias (domain, api)	2026-09-21T18:47:51.8708403Z   ...
verificar · typecheck · unit · build · audit	Pruebas unitarias (domain, api)	2026-09-21T18:47:52.0054738Z # Subtest: 06 §10.7 · CrearBorrador, GuardarBorrador y ActivarVersion están declaradas y con guardas favorables se permiten
verificar · typecheck · unit · build · audit	Pruebas unitarias (domain, api)	2026-09-21T18:47:52.0066980Z ok 111 - 06 §10.7 · CrearBorrador, GuardarBorrador y ActivarVersion están declaradas y con guardas favorables se permiten
verificar · typecheck · unit · build · audit	Pruebas unitarias (domain, api)	2026-09-21T18:47:52.0081876Z   ---
verificar · typecheck · unit · build · audit	Pruebas unitarias (domain, api)	2026-09-21T18:47:52.0126288Z   duration_ms: 1.99466
verificar · typecheck · unit · build · audit	Pruebas unitarias (domain, api)	2026-09-21T18:47:52.0149769Z   type: 'test'
verificar · typecheck · unit · build · audit	Pruebas unitarias (domain, api)	2026-09-21T18:47:52.0175893Z   ...
verificar · typecheck · unit · build · audit	Pruebas unitarias (domain, api)	2026-09-21T18:47:52.0204738Z # Subtest: INV-06-109 · no hay ninguna transición que salga de ACTIVADA: reabrir, editar o reactivar falla
verificar · typecheck · unit · build · audit	Pruebas unitarias (domain, api)	2026-09-21T18:47:52.0271754Z ok 112 - INV-06-109 · no hay ninguna transición que salga de ACTIVADA: reabrir, editar o reactivar falla
verificar · typecheck · unit · build · audit	Pruebas unitarias (domain, api)	2026-09-21T18:47:52.0278250Z   ---
verificar · typecheck · unit · build · audit	Pruebas unitarias (domain, api)	2026-09-21T18:47:52.0284531Z   duration_ms: 1.335548
verificar · typecheck · unit · build · audit	Pruebas unitarias (domain, api)	2026-09-21T18:47:52.0285626Z   type: 'test'
verificar · typecheck · unit · build · audit	Pruebas unitarias (domain, api)	2026-09-21T18:47:52.0286187Z   ...
verificar · typecheck · unit · build · audit	Pruebas unitarias (domain, api)	2026-09-21T18:47:52.0287188Z # Subtest: 06 §10.7 · un borrador no se vuelve a crear sobre sí mismo
verificar · typecheck · unit · build · audit	Pruebas unitarias (domain, api)	2026-09-21T18:47:52.0288374Z ok 113 - 06 §10.7 · un borrador no se vuelve a crear sobre sí mismo
verificar · typecheck · unit · build · audit	Pruebas unitarias (domain, api)	2026-09-21T18:47:52.0289126Z   ---
verificar · typecheck · unit · build · audit	Pruebas unitarias (domain, api)	2026-09-21T18:47:52.0289716Z   duration_ms: 0.254616
verificar · typecheck · unit · build · audit	Pruebas unitarias (domain, api)	2026-09-21T18:47:52.0290286Z   type: 'test'
verificar · typecheck · unit · build · audit	Pruebas unitarias (domain, api)	2026-09-21T18:47:52.0290795Z   ...
verificar · typecheck · unit · build · audit	Pruebas unitarias (domain, api)	2026-09-21T18:47:52.0291821Z # Subtest: REG-06-104 · cada guarda de ActivarVersion desfavorable impide activar
verificar · typecheck · unit · build · audit	Pruebas unitarias (domain, api)	2026-09-21T18:47:52.0296704Z ok 114 - REG-06-104 · cada guarda de ActivarVersion desfavorable impide activar
verificar · typecheck · unit · build · audit	Pruebas unitarias (domain, api)	2026-09-21T18:47:52.0297663Z   ---
verificar · typecheck · unit · build · audit	Pruebas unitarias (domain, api)	2026-09-21T18:47:52.0298248Z   duration_ms: 0.455833
verificar · typecheck · unit · build · audit	Pruebas unitarias (domain, api)	2026-09-21T18:47:52.0298881Z   type: 'test'
verificar · typecheck · unit · build · audit	Pruebas unitarias (domain, api)	2026-09-21T18:47:52.0299474Z   ...
verificar · typecheck · unit · build · audit	Pruebas unitarias (domain, api)	2026-09-21T18:47:52.0300728Z # Subtest: 06 §8 · las cinco transiciones del Proceso con guardas favorables se permiten
verificar · typecheck · unit · build · audit	Pruebas unitarias (domain, api)	2026-09-21T18:47:52.0358692Z ok 115 - 06 §8 · las cinco transiciones del Proceso con guardas favorables se permiten
verificar · typecheck · unit · build · audit	Pruebas unitarias (domain, api)	2026-09-21T18:47:52.0367907Z   ---
verificar · typecheck · unit · build · audit	Pruebas unitarias (domain, api)	2026-09-21T18:47:52.0377420Z   duration_ms: 0.343372
verificar · typecheck · unit · build · audit	Pruebas unitarias (domain, api)	2026-09-21T18:47:52.0378164Z   type: 'test'
verificar · typecheck · unit · build · audit	Pruebas unitarias (domain, api)	2026-09-21T18:47:52.0378793Z   ...
verificar · typecheck · unit · build · audit	Pruebas unitarias (domain, api)	2026-09-21T18:47:52.0379981Z # Subtest: INV-06-86 · CERRADO es terminal: ninguna transición sale de CERRADO
verificar · typecheck · unit · build · audit	Pruebas unitarias (domain, api)	2026-09-21T18:47:52.0416487Z ok 116 - INV-06-86 · CERRADO es terminal: ninguna transición sale de CERRADO
verificar · typecheck · unit · build · audit	Pruebas unitarias (domain, api)	2026-09-21T18:47:52.0445952Z   ---
verificar · typecheck · unit · build · audit	Pruebas unitarias (domain, api)	2026-09-21T18:47:52.0466032Z   duration_ms: 0.366255
verificar · typecheck · unit · build · audit	Pruebas unitarias (domain, api)	2026-09-21T18:47:52.0466732Z   type: 'test'
verificar · typecheck · unit · build · audit	Pruebas unitarias (domain, api)	2026-09-21T18:47:52.0467282Z   ...
verificar · typecheck · unit · build · audit	Pruebas unitarias (domain, api)	2026-09-21T18:47:52.0468782Z # Subtest: INV-06-74 · AbrirProceso solo desde inicio; los cierres del sistema no los ejecuta el profesional
verificar · typecheck · unit · build · audit	Pruebas unitarias (domain, api)	2026-09-21T18:47:52.0470768Z ok 117 - INV-06-74 · AbrirProceso solo desde inicio; los cierres del sistema no los ejecuta el profesional
verificar · typecheck · unit · build · audit	Pruebas unitarias (domain, api)	2026-09-21T18:47:52.0472030Z   ---
verificar · typecheck · unit · build · audit	Pruebas unitarias (domain, api)	2026-09-21T18:47:52.0472571Z   duration_ms: 0.210584
verificar · typecheck · unit · build · audit	Pruebas unitarias (domain, api)	2026-09-21T18:47:52.0473258Z   type: 'test'
verificar · typecheck · unit · build · audit	Pruebas unitarias (domain, api)	2026-09-21T18:47:52.0473798Z   ...
verificar · typecheck · unit · build · audit	Pruebas unitarias (domain, api)	2026-09-21T18:47:52.0475375Z # Subtest: INV-06-75, 85 · abrir exige capacidad; continuar o cerrar por revisión exige revisión válida
verificar · typecheck · unit · build · audit	Pruebas unitarias (domain, api)	2026-09-21T18:47:52.0477287Z ok 118 - INV-06-75, 85 · abrir exige capacidad; continuar o cerrar por revisión exige revisión válida
verificar · typecheck · unit · build · audit	Pruebas unitarias (domain, api)	2026-09-21T18:47:52.0478350Z   ---
verificar · typecheck · unit · build · audit	Pruebas unitarias (domain, api)	2026-09-21T18:47:52.0478884Z   duration_ms: 0.265206
verificar · typecheck · unit · build · audit	Pruebas unitarias (domain, api)	2026-09-21T18:47:52.0479489Z   type: 'test'
verificar · typecheck · unit · build · audit	Pruebas unitarias (domain, api)	2026-09-21T18:47:52.0480031Z   ...
verificar · typecheck · unit · build · audit	Pruebas unitarias (domain, api)	2026-09-21T18:47:52.0481274Z # Subtest: REG-06-64/78 · con un Proceso abierto, la activación es continuidad; sin él, es NUEVO
verificar · typecheck · unit · build · audit	Pruebas unitarias (domain, api)	2026-09-21T18:47:52.0483027Z ok 119 - REG-06-64/78 · con un Proceso abierto, la activación es continuidad; sin él, es NUEVO
verificar · typecheck · unit · build · audit	Pruebas unitarias (domain, api)	2026-09-21T18:47:52.0484039Z   ---
verificar · typecheck · unit · build · audit	Pruebas unitarias (domain, api)	2026-09-21T18:47:52.0484565Z   duration_ms: 0.500586
verificar · typecheck · unit · build · audit	Pruebas unitarias (domain, api)	2026-09-21T18:47:52.0485398Z   type: 'test'
verificar · typecheck · unit · build · audit	Pruebas unitarias (domain, api)	2026-09-21T18:47:52.0485965Z   ...
verificar · typecheck · unit · build · audit	Pruebas unitarias (domain, api)	2026-09-21T18:47:52.0487523Z # Subtest: REG-06-66 · el Proceso vigente exige todas las condiciones; revocar el consentimiento lo vuelve no vigente sin cerrarlo
verificar · typecheck · unit · build · audit	Pruebas unitarias (domain, api)	2026-09-21T18:47:52.0489904Z ok 120 - REG-06-66 · el Proceso vigente exige todas las condiciones; revocar el consentimiento lo vuelve no vigente sin cerrarlo
verificar · typecheck · unit · build · audit	Pruebas unitarias (domain, api)	2026-09-21T18:47:52.0491148Z   ---
verificar · typecheck · unit · build · audit	Pruebas unitarias (domain, api)	2026-09-21T18:47:52.0491701Z   duration_ms: 0.734954
verificar · typecheck · unit · build · audit	Pruebas unitarias (domain, api)	2026-09-21T18:47:52.0492288Z   type: 'test'
verificar · typecheck · unit · build · audit	Pruebas unitarias (domain, api)	2026-09-21T18:47:52.0492795Z   ...
verificar · typecheck · unit · build · audit	Pruebas unitarias (domain, api)	2026-09-21T18:47:52.0493801Z # Subtest: REG-06-82 · sin configuración, SIN_LIMITE: nunca rechaza
verificar · typecheck · unit · build · audit	Pruebas unitarias (domain, api)	2026-09-21T18:47:52.0495113Z ok 121 - REG-06-82 · sin configuración, SIN_LIMITE: nunca rechaza
verificar · typecheck · unit · build · audit	Pruebas unitarias (domain, api)	2026-09-21T18:47:52.0496215Z   ---
verificar · typecheck · unit · build · audit	Pruebas unitarias (domain, api)	2026-09-21T18:47:52.0496738Z   duration_ms: 0.484677
verificar · typecheck · unit · build · audit	Pruebas unitarias (domain, api)	2026-09-21T18:47:52.0497342Z   type: 'test'
verificar · typecheck · unit · build · audit	Pruebas unitarias (domain, api)	2026-09-21T18:47:52.0497845Z   ...
verificar · typecheck · unit · build · audit	Pruebas unitarias (domain, api)	2026-09-21T18:47:52.0498892Z # Subtest: REG-06-91 · LIMITADA admite si la ocupación proyectada no supera el límite
verificar · typecheck · unit · build · audit	Pruebas unitarias (domain, api)	2026-09-21T18:47:52.0500320Z ok 122 - REG-06-91 · LIMITADA admite si la ocupación proyectada no supera el límite
verificar · typecheck · unit · build · audit	Pruebas unitarias (domain, api)	2026-09-21T18:47:52.0501174Z   ---
verificar · typecheck · unit · build · audit	Pruebas unitarias (domain, api)	2026-09-21T18:47:52.0502219Z   duration_ms: 0.259215
verificar · typecheck · unit · build · audit	Pruebas unitarias (domain, api)	2026-09-21T18:47:52.0502991Z   type: 'test'
verificar · typecheck · unit · build · audit	Pruebas unitarias (domain, api)	2026-09-21T18:47:52.0503451Z   ...
verificar · typecheck · unit · build · audit	Pruebas unitarias (domain, api)	2026-09-21T18:47:52.0504668Z # Subtest: REG-06-91 · un asesorado que ya cuenta no suma ni se rechaza; la sobreocupación rechaza todo nuevo
verificar · typecheck · unit · build · audit	Pruebas unitarias (domain, api)	2026-09-21T18:47:52.0506762Z ok 123 - REG-06-91 · un asesorado que ya cuenta no suma ni se rechaza; la sobreocupación rechaza todo nuevo
verificar · typecheck · unit · build · audit	Pruebas unitarias (domain, api)	2026-09-21T18:47:52.0507832Z   ---
verificar · typecheck · unit · build · audit	Pruebas unitarias (domain, api)	2026-09-21T18:47:52.0508370Z   duration_ms: 0.239027
verificar · typecheck · unit · build · audit	Pruebas unitarias (domain, api)	2026-09-21T18:47:52.0508948Z   type: 'test'
verificar · typecheck · unit · build · audit	Pruebas unitarias (domain, api)	2026-09-21T18:47:52.0509400Z   ...
verificar · typecheck · unit · build · audit	Pruebas unitarias (domain, api)	2026-09-21T18:47:52.0510656Z # Subtest: REG-06-144 · la taxonomía tiene exactamente seis resultados y la API mapea uno a uno
verificar · typecheck · unit · build · audit	Pruebas unitarias (domain, api)	2026-09-21T18:47:52.0512389Z ok 124 - REG-06-144 · la taxonomía tiene exactamente seis resultados y la API mapea uno a uno
verificar · typecheck · unit · build · audit	Pruebas unitarias (domain, api)	2026-09-21T18:47:52.0513395Z   ---
verificar · typecheck · unit · build · audit	Pruebas unitarias (domain, api)	2026-09-21T18:47:52.0513941Z   duration_ms: 0.274904
verificar · typecheck · unit · build · audit	Pruebas unitarias (domain, api)	2026-09-21T18:47:52.0514524Z   type: 'test'
verificar · typecheck · unit · build · audit	Pruebas unitarias (domain, api)	2026-09-21T18:47:52.0515041Z   ...
verificar · typecheck · unit · build · audit	Pruebas unitarias (domain, api)	2026-09-21T18:47:52.0516244Z # Subtest: REG-06-147 · solo FINALIZAR cierra el Proceso (INV-06-82, 83)
verificar · typecheck · unit · build · audit	Pruebas unitarias (domain, api)	2026-09-21T18:47:52.0517483Z ok 125 - REG-06-147 · solo FINALIZAR cierra el Proceso (INV-06-82, 83)
verificar · typecheck · unit · build · audit	Pruebas unitarias (domain, api)	2026-09-21T18:47:52.0518228Z   ---
verificar · typecheck · unit · build · audit	Pruebas unitarias (domain, api)	2026-09-21T18:47:52.0518692Z   duration_ms: 0.212768
verificar · typecheck · unit · build · audit	Pruebas unitarias (domain, api)	2026-09-21T18:47:52.0519201Z   type: 'test'
verificar · typecheck · unit · build · audit	Pruebas unitarias (domain, api)	2026-09-21T18:47:52.0519650Z   ...
verificar · typecheck · unit · build · audit	Pruebas unitarias (domain, api)	2026-09-21T18:47:52.0521093Z # Subtest: TEST-NUT-006 · la revisión válida exige evidencia, interpretación, resultado, fundamento y próxima acción o cierre
verificar · typecheck · unit · build · audit	Pruebas unitarias (domain, api)	2026-09-21T18:47:52.0523348Z ok 126 - TEST-NUT-006 · la revisión válida exige evidencia, interpretación, resultado, fundamento y próxima acción o cierre
verificar · typecheck · unit · build · audit	Pruebas unitarias (domain, api)	2026-09-21T18:47:52.0524586Z   ---
verificar · typecheck · unit · build · audit	Pruebas unitarias (domain, api)	2026-09-21T18:47:52.0525384Z   duration_ms: 0.361155
verificar · typecheck · unit · build · audit	Pruebas unitarias (domain, api)	2026-09-21T18:47:52.0526003Z   type: 'test'
verificar · typecheck · unit · build · audit	Pruebas unitarias (domain, api)	2026-09-21T18:47:52.0526538Z   ...
verificar · typecheck · unit · build · audit	Pruebas unitarias (domain, api)	2026-09-21T18:47:52.0527692Z # Subtest: UC-P13 E05 · un resultado fuera de la taxonomía no es una revisión válida
verificar · typecheck · unit · build · audit	Pruebas unitarias (domain, api)	2026-09-21T18:47:52.0529249Z ok 127 - UC-P13 E05 · un resultado fuera de la taxonomía no es una revisión válida
verificar · typecheck · unit · build · audit	Pruebas unitarias (domain, api)	2026-09-21T18:47:52.0530255Z   ---
verificar · typecheck · unit · build · audit	Pruebas unitarias (domain, api)	2026-09-21T18:47:52.0530777Z   duration_ms: 0.270206
verificar · typecheck · unit · build · audit	Pruebas unitarias (domain, api)	2026-09-21T18:47:52.0531373Z   type: 'test'
verificar · typecheck · unit · build · audit	Pruebas unitarias (domain, api)	2026-09-21T18:47:52.0531893Z   ...
verificar · typecheck · unit · build · audit	Pruebas unitarias (domain, api)	2026-09-21T18:47:52.0533025Z # Subtest: REG-06-146 · REPROGRAMAR_REVISION exige la fecha de la próxima revisión
verificar · typecheck · unit · build · audit	Pruebas unitarias (domain, api)	2026-09-21T18:47:52.0534582Z ok 128 - REG-06-146 · REPROGRAMAR_REVISION exige la fecha de la próxima revisión
verificar · typecheck · unit · build · audit	Pruebas unitarias (domain, api)	2026-09-21T18:47:52.0536080Z   ---
verificar · typecheck · unit · build · audit	Pruebas unitarias (domain, api)	2026-09-21T18:47:52.0536456Z   duration_ms: 0.305892
verificar · typecheck · unit · build · audit	Pruebas unitarias (domain, api)	2026-09-21T18:47:52.0536869Z   type: 'test'
verificar · typecheck · unit · build · audit	Pruebas unitarias (domain, api)	2026-09-21T18:47:52.0537245Z   ...
verificar · typecheck · unit · build · audit	Pruebas unitarias (domain, api)	2026-09-21T18:47:52.0538491Z # Subtest: REG-06-150 · el pendiente nace de una expectativa explícita y se resuelve solo con una revisión aplicada
verificar · typecheck · unit · build · audit	Pruebas unitarias (domain, api)	2026-09-21T18:47:52.0566522Z ok 129 - REG-06-150 · el pendiente nace de una expectativa explícita y se resuelve solo con una revisión aplicada
verificar · typecheck · unit · build · audit	Pruebas unitarias (domain, api)	2026-09-21T18:47:52.0567416Z   ---
verificar · typecheck · unit · build · audit	Pruebas unitarias (domain, api)	2026-09-21T18:47:52.0567738Z   duration_ms: 0.39009
verificar · typecheck · unit · build · audit	Pruebas unitarias (domain, api)	2026-09-21T18:47:52.0568111Z   type: 'test'
verificar · typecheck · unit · build · audit	Pruebas unitarias (domain, api)	2026-09-21T18:47:52.0568423Z   ...
verificar · typecheck · unit · build · audit	Pruebas unitarias (domain, api)	2026-09-21T18:47:52.0569372Z # Subtest: DL-049 · normalizar asigna identificadores faltantes y conserva los que vienen
verificar · typecheck · unit · build · audit	Pruebas unitarias (domain, api)	2026-09-21T18:47:52.0570710Z ok 130 - DL-049 · normalizar asigna identificadores faltantes y conserva los que vienen
verificar · typecheck · unit · build · audit	Pruebas unitarias (domain, api)	2026-09-21T18:47:52.0571478Z   ---
verificar · typecheck · unit · build · audit	Pruebas unitarias (domain, api)	2026-09-21T18:47:52.0571818Z   duration_ms: 0.506948
verificar · typecheck · unit · build · audit	Pruebas unitarias (domain, api)	2026-09-21T18:47:52.0572209Z   type: 'test'
verificar · typecheck · unit · build · audit	Pruebas unitarias (domain, api)	2026-09-21T18:47:52.0572537Z   ...
verificar · typecheck · unit · build · audit	Pruebas unitarias (domain, api)	2026-09-21T18:47:52.0573660Z # Subtest: RF-030 · un borrador incompleto se puede guardar; validar informa lo que falta, con la ruta (09v9:589)
verificar · typecheck · unit · build · audit	Pruebas unitarias (domain, api)	2026-09-21T18:47:52.0575506Z ok 131 - RF-030 · un borrador incompleto se puede guardar; validar informa lo que falta, con la ruta (09v9:589)
verificar · typecheck · unit · build · audit	Pruebas unitarias (domain, api)	2026-09-21T18:47:52.0576331Z   ---
verificar · typecheck · unit · build · audit	Pruebas unitarias (domain, api)	2026-09-21T18:47:52.0576662Z   duration_ms: 0.884845
verificar · typecheck · unit · build · audit	Pruebas unitarias (domain, api)	2026-09-21T18:47:52.0577038Z   type: 'test'
verificar · typecheck · unit · build · audit	Pruebas unitarias (domain, api)	2026-09-21T18:47:52.0577364Z   ...
verificar · typecheck · unit · build · audit	Pruebas unitarias (domain, api)	2026-09-21T18:47:52.0578328Z # Subtest: REG-06-122 · con cantidad, el estado de preparación es obligatorio; sin cantidad, no
verificar · typecheck · unit · build · audit	Pruebas unitarias (domain, api)	2026-09-21T18:47:52.0580055Z ok 132 - REG-06-122 · con cantidad, el estado de preparación es obligatorio; sin cantidad, no
verificar · typecheck · unit · build · audit	Pruebas unitarias (domain, api)	2026-09-21T18:47:52.0581399Z   ---
verificar · typecheck · unit · build · audit	Pruebas unitarias (domain, api)	2026-09-21T18:47:52.0581757Z   duration_ms: 0.482533
verificar · typecheck · unit · build · audit	Pruebas unitarias (domain, api)	2026-09-21T18:47:52.0582175Z   type: 'test'
verificar · typecheck · unit · build · audit	Pruebas unitarias (domain, api)	2026-09-21T18:47:52.0582521Z   ...
verificar · typecheck · unit · build · audit	Pruebas unitarias (domain, api)	2026-09-21T18:47:52.0583766Z # Subtest: 09v9 PATCH · modalidad B no habilitada, referencia de catálogo inválida e identificador repetido impiden guardar
verificar · typecheck · unit · build · audit	Pruebas unitarias (domain, api)	2026-09-21T18:47:52.0600785Z ok 133 - 09v9 PATCH · modalidad B no habilitada, referencia de catálogo inválida e identificador repetido impiden guardar
verificar · typecheck · unit · build · audit	Pruebas unitarias (domain, api)	2026-09-21T18:47:52.0601825Z   ---
verificar · typecheck · unit · build · audit	Pruebas unitarias (domain, api)	2026-09-21T18:47:52.0602191Z   duration_ms: 0.263823
verificar · typecheck · unit · build · audit	Pruebas unitarias (domain, api)	2026-09-21T18:47:52.0602610Z   type: 'test'
verificar · typecheck · unit · build · audit	Pruebas unitarias (domain, api)	2026-09-21T18:47:52.0602965Z   ...
verificar · typecheck · unit · build · audit	Pruebas unitarias (domain, api)	2026-09-21T18:47:52.0603962Z # Subtest: REG-06-105 · la instantánea resuelve nombre y versión del catálogo al activar
verificar · typecheck · unit · build · audit	Pruebas unitarias (domain, api)	2026-09-21T18:47:52.0605617Z ok 134 - REG-06-105 · la instantánea resuelve nombre y versión del catálogo al activar
verificar · typecheck · unit · build · audit	Pruebas unitarias (domain, api)	2026-09-21T18:47:52.0606365Z   ---
verificar · typecheck · unit · build · audit	Pruebas unitarias (domain, api)	2026-09-21T18:47:52.0606712Z   duration_ms: 0.537826
verificar · typecheck · unit · build · audit	Pruebas unitarias (domain, api)	2026-09-21T18:47:52.0607152Z   type: 'test'
verificar · typecheck · unit · build · audit	Pruebas unitarias (domain, api)	2026-09-21T18:47:52.0607491Z   ...
verificar · typecheck · unit · build · audit	Pruebas unitarias (domain, api)	2026-09-21T18:47:52.0608386Z # Subtest: 06:1391 · si un ítem no se resuelve, la instantánea no se puede preservar
verificar · typecheck · unit · build · audit	Pruebas unitarias (domain, api)	2026-09-21T18:47:52.0609590Z ok 135 - 06:1391 · si un ítem no se resuelve, la instantánea no se puede preservar
verificar · typecheck · unit · build · audit	Pruebas unitarias (domain, api)	2026-09-21T18:47:52.0610255Z   ---
verificar · typecheck · unit · build · audit	Pruebas unitarias (domain, api)	2026-09-21T18:47:52.0610587Z   duration_ms: 0.229109
verificar · typecheck · unit · build · audit	Pruebas unitarias (domain, api)	2026-09-21T18:47:52.0610969Z   type: 'test'
verificar · typecheck · unit · build · audit	Pruebas unitarias (domain, api)	2026-09-21T18:47:52.0611310Z   ...
verificar · typecheck · unit · build · audit	Pruebas unitarias (domain, api)	2026-09-21T18:47:52.0612375Z # Subtest: REG-06-101 · cambiar el catálogo después de activar no cambia la instantánea (INV-06-115)
verificar · typecheck · unit · build · audit	Pruebas unitarias (domain, api)	2026-09-21T18:47:52.0613902Z ok 136 - REG-06-101 · cambiar el catálogo después de activar no cambia la instantánea (INV-06-115)
verificar · typecheck · unit · build · audit	Pruebas unitarias (domain, api)	2026-09-21T18:47:52.0614716Z   ---
verificar · typecheck · unit · build · audit	Pruebas unitarias (domain, api)	2026-09-21T18:47:52.0615057Z   duration_ms: 0.644225
verificar · typecheck · unit · build · audit	Pruebas unitarias (domain, api)	2026-09-21T18:47:52.0615779Z   type: 'test'
verificar · typecheck · unit · build · audit	Pruebas unitarias (domain, api)	2026-09-21T18:47:52.0616119Z   ...
verificar · typecheck · unit · build · audit	Pruebas unitarias (domain, api)	2026-09-21T18:47:52.0617222Z # Subtest: REG-06-106 · la ingesta prescripta referencia día tipo, comida y opción de la instantánea
verificar · typecheck · unit · build · audit	Pruebas unitarias (domain, api)	2026-09-21T18:47:52.0618752Z ok 137 - REG-06-106 · la ingesta prescripta referencia día tipo, comida y opción de la instantánea
verificar · typecheck · unit · build · audit	Pruebas unitarias (domain, api)	2026-09-21T18:47:52.0619537Z   ---
verificar · typecheck · unit · build · audit	Pruebas unitarias (domain, api)	2026-09-21T18:47:52.0619875Z   duration_ms: 0.532576
verificar · typecheck · unit · build · audit	Pruebas unitarias (domain, api)	2026-09-21T18:47:52.0620250Z   type: 'test'
verificar · typecheck · unit · build · audit	Pruebas unitarias (domain, api)	2026-09-21T18:47:52.0620577Z   ...
verificar · typecheck · unit · build · audit	Pruebas unitarias (domain, api)	2026-09-21T18:47:52.0621964Z # Subtest: TEST-NUT-002/005 · contraste: prescripto ≠ registrado, sin registro = NO_DATA, y la diferencia es de cantidad (DV-05 TEST-RF-034)
verificar · typecheck · unit · build · audit	Pruebas unitarias (domain, api)	2026-09-21T18:47:52.0624147Z ok 138 - TEST-NUT-002/005 · contraste: prescripto ≠ registrado, sin registro = NO_DATA, y la diferencia es de cantidad (DV-05 TEST-RF-034)
verificar · typecheck · unit · build · audit	Pruebas unitarias (domain, api)	2026-09-21T18:47:52.0655764Z   ---
verificar · typecheck · unit · build · audit	Pruebas unitarias (domain, api)	2026-09-21T18:47:52.0656246Z   duration_ms: 1.33679
verificar · typecheck · unit · build · audit	Pruebas unitarias (domain, api)	2026-09-21T18:47:52.0656702Z   type: 'test'
verificar · typecheck · unit · build · audit	Pruebas unitarias (domain, api)	2026-09-21T18:47:52.0657073Z   ...
verificar · typecheck · unit · build · audit	Pruebas unitarias (domain, api)	2026-09-21T18:47:52.0658274Z # Subtest: INV-06-13 · lo registrado contra una versión no se pierde si ese día se activa una sucesora
verificar · typecheck · unit · build · audit	Pruebas unitarias (domain, api)	2026-09-21T18:47:52.0659974Z ok 139 - INV-06-13 · lo registrado contra una versión no se pierde si ese día se activa una sucesora
verificar · typecheck · unit · build · audit	Pruebas unitarias (domain, api)	2026-09-21T18:47:52.0661454Z   ---
verificar · typecheck · unit · build · audit	Pruebas unitarias (domain, api)	2026-09-21T18:47:52.0661889Z   duration_ms: 0.522888
verificar · typecheck · unit · build · audit	Pruebas unitarias (domain, api)	2026-09-21T18:47:52.0662368Z   type: 'test'
verificar · typecheck · unit · build · audit	Pruebas unitarias (domain, api)	2026-09-21T18:47:52.0662841Z   ...
verificar · typecheck · unit · build · audit	Pruebas unitarias (domain, api)	2026-09-21T18:47:52.0663913Z # Subtest: fechasDelPeriodo · incluye los extremos y respeta los cambios de mes
verificar · typecheck · unit · build · audit	Pruebas unitarias (domain, api)	2026-09-21T18:47:52.0665684Z ok 140 - fechasDelPeriodo · incluye los extremos y respeta los cambios de mes
verificar · typecheck · unit · build · audit	Pruebas unitarias (domain, api)	2026-09-21T18:47:52.0666564Z   ---
verificar · typecheck · unit · build · audit	Pruebas unitarias (domain, api)	2026-09-21T18:47:52.0666956Z   duration_ms: 0.213779
verificar · typecheck · unit · build · audit	Pruebas unitarias (domain, api)	2026-09-21T18:47:52.0667433Z   type: 'test'
verificar · typecheck · unit · build · audit	Pruebas unitarias (domain, api)	2026-09-21T18:47:52.0667852Z   ...
verificar · typecheck · unit · build · audit	Pruebas unitarias (domain, api)	2026-09-21T18:47:52.0669191Z # Subtest: TEST-PRJ-009 · ningún schema de nutrición tiene puntaje, porcentaje de cumplimiento ni calificación
verificar · typecheck · unit · build · audit	Pruebas unitarias (domain, api)	2026-09-21T18:47:52.0671246Z ok 141 - TEST-PRJ-009 · ningún schema de nutrición tiene puntaje, porcentaje de cumplimiento ni calificación
verificar · typecheck · unit · build · audit	Pruebas unitarias (domain, api)	2026-09-21T18:47:52.0672299Z   ---
verificar · typecheck · unit · build · audit	Pruebas unitarias (domain, api)	2026-09-21T18:47:52.0672732Z   duration_ms: 105.517629
verificar · typecheck · unit · build · audit	Pruebas unitarias (domain, api)	2026-09-21T18:47:52.0673219Z   type: 'test'
verificar · typecheck · unit · build · audit	Pruebas unitarias (domain, api)	2026-09-21T18:47:52.0674015Z   ...
verificar · typecheck · unit · build · audit	Pruebas unitarias (domain, api)	2026-09-21T18:47:52.0675826Z # Subtest: TEST-PRJ-009 · el OpenAPI generado tampoco expone puntaje de adherencia en ninguna operación de nutrición
verificar · typecheck · unit · build · audit	Pruebas unitarias (domain, api)	2026-09-21T18:47:52.0678005Z ok 142 - TEST-PRJ-009 · el OpenAPI generado tampoco expone puntaje de adherencia en ninguna operación de nutrición
verificar · typecheck · unit · build · audit	Pruebas unitarias (domain, api)	2026-09-21T18:47:52.0679048Z   ---
verificar · typecheck · unit · build · audit	Pruebas unitarias (domain, api)	2026-09-21T18:47:52.0679465Z   duration_ms: 102.491573
verificar · typecheck · unit · build · audit	Pruebas unitarias (domain, api)	2026-09-21T18:47:52.0679962Z   type: 'test'
verificar · typecheck · unit · build · audit	Pruebas unitarias (domain, api)	2026-09-21T18:47:52.0680364Z   ...
verificar · typecheck · unit · build · audit	Pruebas unitarias (domain, api)	2026-09-21T18:47:52.0681501Z # Subtest: T13 · el copy de nutrición no usa ningún término prohibido (B10-05; REG-06-125)
verificar · typecheck · unit · build · audit	Pruebas unitarias (domain, api)	2026-09-21T18:47:52.0683155Z ok 143 - T13 · el copy de nutrición no usa ningún término prohibido (B10-05; REG-06-125)
verificar · typecheck · unit · build · audit	Pruebas unitarias (domain, api)	2026-09-21T18:47:52.0684072Z   ---
verificar · typecheck · unit · build · audit	Pruebas unitarias (domain, api)	2026-09-21T18:47:52.0684507Z   duration_ms: 2.142026
verificar · typecheck · unit · build · audit	Pruebas unitarias (domain, api)	2026-09-21T18:47:52.0684974Z   type: 'test'
verificar · typecheck · unit · build · audit	Pruebas unitarias (domain, api)	2026-09-21T18:47:52.0685684Z   ...
verificar · typecheck · unit · build · audit	Pruebas unitarias (domain, api)	2026-09-21T18:47:52.0786462Z # Subtest: REG-06-214 · la evaluación nace EN_PREPARACION y solo un acto explícito la registra
verificar · typecheck · unit · build · audit	Pruebas unitarias (domain, api)	2026-09-21T18:47:52.0787962Z ok 144 - REG-06-214 · la evaluación nace EN_PREPARACION y solo un acto explícito la registra
verificar · typecheck · unit · build · audit	Pruebas unitarias (domain, api)	2026-09-21T18:47:52.0788706Z   ---
verificar · typecheck · unit · build · audit	Pruebas unitarias (domain, api)	2026-09-21T18:47:52.0789037Z   duration_ms: 1.91976
verificar · typecheck · unit · build · audit	Pruebas unitarias (domain, api)	2026-09-21T18:47:52.0789415Z   type: 'test'
verificar · typecheck · unit · build · audit	Pruebas unitarias (domain, api)	2026-09-21T18:47:52.0789750Z   ...
verificar · typecheck · unit · build · audit	Pruebas unitarias (domain, api)	2026-09-21T18:47:52.0790630Z # Subtest: TEST-ANT-003 · registrar exige contenido registrable: no hay registro vacío
verificar · typecheck · unit · build · audit	Pruebas unitarias (domain, api)	2026-09-21T18:47:52.0791872Z ok 145 - TEST-ANT-003 · registrar exige contenido registrable: no hay registro vacío
verificar · typecheck · unit · build · audit	Pruebas unitarias (domain, api)	2026-09-21T18:47:52.0792547Z   ---
verificar · typecheck · unit · build · audit	Pruebas unitarias (domain, api)	2026-09-21T18:47:52.0792867Z   duration_ms: 1.078137
verificar · typecheck · unit · build · audit	Pruebas unitarias (domain, api)	2026-09-21T18:47:52.0793245Z   type: 'test'
verificar · typecheck · unit · build · audit	Pruebas unitarias (domain, api)	2026-09-21T18:47:52.0793562Z   ...
verificar · typecheck · unit · build · audit	Pruebas unitarias (domain, api)	2026-09-21T18:47:52.0794725Z # Subtest: REG-06-214 inciso 5 · una evaluación REGISTRADA no vuelve a preparación, ni se guarda, ni se registra dos veces
verificar · typecheck · unit · build · audit	Pruebas unitarias (domain, api)	2026-09-21T18:47:52.0797021Z ok 146 - REG-06-214 inciso 5 · una evaluación REGISTRADA no vuelve a preparación, ni se guarda, ni se registra dos veces
verificar · typecheck · unit · build · audit	Pruebas unitarias (domain, api)	2026-09-21T18:47:52.0797888Z   ---
verificar · typecheck · unit · build · audit	Pruebas unitarias (domain, api)	2026-09-21T18:47:52.0798230Z   duration_ms: 0.269975
verificar · typecheck · unit · build · audit	Pruebas unitarias (domain, api)	2026-09-21T18:47:52.0798620Z   type: 'test'
verificar · typecheck · unit · build · audit	Pruebas unitarias (domain, api)	2026-09-21T18:47:52.0798938Z   ...
verificar · typecheck · unit · build · audit	Pruebas unitarias (domain, api)	2026-09-21T18:47:52.0799696Z # Subtest: REG-06-218 · anular una medición vigente procede y exige motivo
verificar · typecheck · unit · build · audit	Pruebas unitarias (domain, api)	2026-09-21T18:47:52.0800739Z ok 147 - REG-06-218 · anular una medición vigente procede y exige motivo
verificar · typecheck · unit · build · audit	Pruebas unitarias (domain, api)	2026-09-21T18:47:52.0801330Z   ---
verificar · typecheck · unit · build · audit	Pruebas unitarias (domain, api)	2026-09-21T18:47:52.0801650Z   duration_ms: 0.340437
verificar · typecheck · unit · build · audit	Pruebas unitarias (domain, api)	2026-09-21T18:47:52.0802022Z   type: 'test'
verificar · typecheck · unit · build · audit	Pruebas unitarias (domain, api)	2026-09-21T18:47:52.0802342Z   ...
verificar · typecheck · unit · build · audit	Pruebas unitarias (domain, api)	2026-09-21T18:47:52.0803380Z # Subtest: TEST-ANT-006 · adversarial 6: la segunda anulación no produce un segundo efecto ni un error nuevo
verificar · typecheck · unit · build · audit	Pruebas unitarias (domain, api)	2026-09-21T18:47:52.0804944Z ok 148 - TEST-ANT-006 · adversarial 6: la segunda anulación no produce un segundo efecto ni un error nuevo
verificar · typecheck · unit · build · audit	Pruebas unitarias (domain, api)	2026-09-21T18:47:52.0805928Z   ---
verificar · typecheck · unit · build · audit	Pruebas unitarias (domain, api)	2026-09-21T18:47:52.0806244Z   duration_ms: 0.360424
verificar · typecheck · unit · build · audit	Pruebas unitarias (domain, api)	2026-09-21T18:47:52.0806613Z   type: 'test'
verificar · typecheck · unit · build · audit	Pruebas unitarias (domain, api)	2026-09-21T18:47:52.0806924Z   ...
verificar · typecheck · unit · build · audit	Pruebas unitarias (domain, api)	2026-09-21T18:47:52.0807962Z # Subtest: TEST-ANT-007 · no existe reversión implícita: ANULADA no admite corrección que la vuelva efectiva
verificar · typecheck · unit · build · audit	Pruebas unitarias (domain, api)	2026-09-21T18:47:52.0809882Z ok 149 - TEST-ANT-007 · no existe reversión implícita: ANULADA no admite corrección que la vuelva efectiva
verificar · typecheck · unit · build · audit	Pruebas unitarias (domain, api)	2026-09-21T18:47:52.0810661Z   ---
verificar · typecheck · unit · build · audit	Pruebas unitarias (domain, api)	2026-09-21T18:47:52.0810971Z   duration_ms: 0.229189
verificar · typecheck · unit · build · audit	Pruebas unitarias (domain, api)	2026-09-21T18:47:52.0811335Z   type: 'test'
verificar · typecheck · unit · build · audit	Pruebas unitarias (domain, api)	2026-09-21T18:47:52.0811660Z   ...
verificar · typecheck · unit · build · audit	Pruebas unitarias (domain, api)	2026-09-21T18:47:52.0812670Z # Subtest: TEST-ANT-001 · medido, reportado y calculado son clases distintas, no una convención de nombre
verificar · typecheck · unit · build · audit	Pruebas unitarias (domain, api)	2026-09-21T18:47:52.0814154Z ok 150 - TEST-ANT-001 · medido, reportado y calculado son clases distintas, no una convención de nombre
verificar · typecheck · unit · build · audit	Pruebas unitarias (domain, api)	2026-09-21T18:47:52.0814939Z   ---
verificar · typecheck · unit · build · audit	Pruebas unitarias (domain, api)	2026-09-21T18:47:52.0815452Z   duration_ms: 0.281126
verificar · typecheck · unit · build · audit	Pruebas unitarias (domain, api)	2026-09-21T18:47:52.0815820Z   type: 'test'
verificar · typecheck · unit · build · audit	Pruebas unitarias (domain, api)	2026-09-21T18:47:52.0816143Z   ...
verificar · typecheck · unit · build · audit	Pruebas unitarias (domain, api)	2026-09-21T18:47:52.0817085Z # Subtest: REG-06-09 y REG-06-155 · convertir conserva la unidad de origen y la regla que se aplicó
verificar · typecheck · unit · build · audit	Pruebas unitarias (domain, api)	2026-09-21T18:47:52.0818449Z ok 151 - REG-06-09 y REG-06-155 · convertir conserva la unidad de origen y la regla que se aplicó
verificar · typecheck · unit · build · audit	Pruebas unitarias (domain, api)	2026-09-21T18:47:52.0819404Z   ---
verificar · typecheck · unit · build · audit	Pruebas unitarias (domain, api)	2026-09-21T18:47:52.0819718Z   duration_ms: 0.453778
verificar · typecheck · unit · build · audit	Pruebas unitarias (domain, api)	2026-09-21T18:47:52.0820085Z   type: 'test'
verificar · typecheck · unit · build · audit	Pruebas unitarias (domain, api)	2026-09-21T18:47:52.0820428Z   ...
verificar · typecheck · unit · build · audit	Pruebas unitarias (domain, api)	2026-09-21T18:47:52.0821281Z # Subtest: REG-06-155 · sin regla declarada no hay conversión: no se inventa un factor
verificar · typecheck · unit · build · audit	Pruebas unitarias (domain, api)	2026-09-21T18:47:52.0822468Z ok 152 - REG-06-155 · sin regla declarada no hay conversión: no se inventa un factor
verificar · typecheck · unit · build · audit	Pruebas unitarias (domain, api)	2026-09-21T18:47:52.0823117Z   ---
verificar · typecheck · unit · build · audit	Pruebas unitarias (domain, api)	2026-09-21T18:47:52.0823431Z   duration_ms: 0.535601
verificar · typecheck · unit · build · audit	Pruebas unitarias (domain, api)	2026-09-21T18:47:52.0823791Z   type: 'test'
verificar · typecheck · unit · build · audit	Pruebas unitarias (domain, api)	2026-09-21T18:47:52.0824107Z   ...
verificar · typecheck · unit · build · audit	Pruebas unitarias (domain, api)	2026-09-21T18:47:52.0824905Z # Subtest: REG-06-158 · la precisión y el redondeo son declarados, no implícitos
verificar · typecheck · unit · build · audit	Pruebas unitarias (domain, api)	2026-09-21T18:47:52.0826236Z ok 153 - REG-06-158 · la precisión y el redondeo son declarados, no implícitos
verificar · typecheck · unit · build · audit	Pruebas unitarias (domain, api)	2026-09-21T18:47:52.0826859Z   ---
verificar · typecheck · unit · build · audit	Pruebas unitarias (domain, api)	2026-09-21T18:47:52.0827175Z   duration_ms: 0.676716
verificar · typecheck · unit · build · audit	Pruebas unitarias (domain, api)	2026-09-21T18:47:52.0827532Z   type: 'test'
verificar · typecheck · unit · build · audit	Pruebas unitarias (domain, api)	2026-09-21T18:47:52.0827858Z   ...
verificar · typecheck · unit · build · audit	Pruebas unitarias (domain, api)	2026-09-21T18:47:52.0828924Z # Subtest: REG-06-159 e INV-06-170 · la dependencia es explícita: se resuelve por identificador, nunca por nombre
verificar · typecheck · unit · build · audit	Pruebas unitarias (domain, api)	2026-09-21T18:47:52.0830522Z ok 154 - REG-06-159 e INV-06-170 · la dependencia es explícita: se resuelve por identificador, nunca por nombre
verificar · typecheck · unit · build · audit	Pruebas unitarias (domain, api)	2026-09-21T18:47:52.0831323Z   ---
verificar · typecheck · unit · build · audit	Pruebas unitarias (domain, api)	2026-09-21T18:47:52.0831656Z   duration_ms: 0.370132
verificar · typecheck · unit · build · audit	Pruebas unitarias (domain, api)	2026-09-21T18:47:52.0832026Z   type: 'test'
verificar · typecheck · unit · build · audit	Pruebas unitarias (domain, api)	2026-09-21T18:47:52.0832337Z   ...
verificar · typecheck · unit · build · audit	Pruebas unitarias (domain, api)	2026-09-21T18:47:52.0833400Z # Subtest: TEST-ANT-008 · un input anulado obliga a reevaluar dependencias, y sin reemplazo no se inventa sucesor
verificar · typecheck · unit · build · audit	Pruebas unitarias (domain, api)	2026-09-21T18:47:52.0834990Z ok 155 - TEST-ANT-008 · un input anulado obliga a reevaluar dependencias, y sin reemplazo no se inventa sucesor
verificar · typecheck · unit · build · audit	Pruebas unitarias (domain, api)	2026-09-21T18:47:52.0835984Z   ---
verificar · typecheck · unit · build · audit	Pruebas unitarias (domain, api)	2026-09-21T18:47:52.0836306Z   duration_ms: 0.461564
verificar · typecheck · unit · build · audit	Pruebas unitarias (domain, api)	2026-09-21T18:47:52.0836683Z   type: 'test'
verificar · typecheck · unit · build · audit	Pruebas unitarias (domain, api)	2026-09-21T18:47:52.0836995Z   ...
verificar · typecheck · unit · build · audit	Pruebas unitarias (domain, api)	2026-09-21T18:47:52.0838068Z # Subtest: REG-06-162/163/164 · solo se compara lo compatible, y la diferencia se nombra en vez de convertirse sola
verificar · typecheck · unit · build · audit	Pruebas unitarias (domain, api)	2026-09-21T18:47:52.0839971Z ok 156 - REG-06-162/163/164 · solo se compara lo compatible, y la diferencia se nombra en vez de convertirse sola
verificar · typecheck · unit · build · audit	Pruebas unitarias (domain, api)	2026-09-21T18:47:52.0840808Z   ---
verificar · typecheck · unit · build · audit	Pruebas unitarias (domain, api)	2026-09-21T18:47:52.0841204Z   duration_ms: 0.243957
verificar · typecheck · unit · build · audit	Pruebas unitarias (domain, api)	2026-09-21T18:47:52.0841578Z   type: 'test'
verificar · typecheck · unit · build · audit	Pruebas unitarias (domain, api)	2026-09-21T18:47:52.0841898Z   ...
verificar · typecheck · unit · build · audit	Pruebas unitarias (domain, api)	2026-09-21T18:47:52.0842820Z # Subtest: TEST-ANT-009 · adversarial 7: SIN_DATO no se transforma en cero y no se interpola
verificar · typecheck · unit · build · audit	Pruebas unitarias (domain, api)	2026-09-21T18:47:52.0844116Z ok 157 - TEST-ANT-009 · adversarial 7: SIN_DATO no se transforma en cero y no se interpola
verificar · typecheck · unit · build · audit	Pruebas unitarias (domain, api)	2026-09-21T18:47:52.0844823Z   ---
verificar · typecheck · unit · build · audit	Pruebas unitarias (domain, api)	2026-09-21T18:47:52.0845304Z   duration_ms: 0.495216
verificar · typecheck · unit · build · audit	Pruebas unitarias (domain, api)	2026-09-21T18:47:52.0845687Z   type: 'test'
verificar · typecheck · unit · build · audit	Pruebas unitarias (domain, api)	2026-09-21T18:47:52.0845999Z   ...
verificar · typecheck · unit · build · audit	Pruebas unitarias (domain, api)	2026-09-21T18:47:52.0846741Z # Subtest: INV-06-176 · un cero medido es un punto REGISTRADO, no un hueco
verificar · typecheck · unit · build · audit	Pruebas unitarias (domain, api)	2026-09-21T18:47:52.0847765Z ok 158 - INV-06-176 · un cero medido es un punto REGISTRADO, no un hueco
verificar · typecheck · unit · build · audit	Pruebas unitarias (domain, api)	2026-09-21T18:47:52.0848350Z   ---
verificar · typecheck · unit · build · audit	Pruebas unitarias (domain, api)	2026-09-21T18:47:52.0848657Z   duration_ms: 1.19761
verificar · typecheck · unit · build · audit	Pruebas unitarias (domain, api)	2026-09-21T18:47:52.0849019Z   type: 'test'
verificar · typecheck · unit · build · audit	Pruebas unitarias (domain, api)	2026-09-21T18:47:52.0849345Z   ...
verificar · typecheck · unit · build · audit	Pruebas unitarias (domain, api)	2026-09-21T18:47:52.0850407Z # Subtest: REG-06-221 · una medición anulada no aporta un punto registrado a la serie
verificar · typecheck · unit · build · audit	Pruebas unitarias (domain, api)	2026-09-21T18:47:52.0851588Z ok 159 - REG-06-221 · una medición anulada no aporta un punto registrado a la serie
verificar · typecheck · unit · build · audit	Pruebas unitarias (domain, api)	2026-09-21T18:47:52.0852240Z   ---
verificar · typecheck · unit · build · audit	Pruebas unitarias (domain, api)	2026-09-21T18:47:52.0852550Z   duration_ms: 0.178523
verificar · typecheck · unit · build · audit	Pruebas unitarias (domain, api)	2026-09-21T18:47:52.0852908Z   type: 'test'
verificar · typecheck · unit · build · audit	Pruebas unitarias (domain, api)	2026-09-21T18:47:52.0853225Z   ...
verificar · typecheck · unit · build · audit	Pruebas unitarias (domain, api)	2026-09-21T18:47:52.0854084Z # Subtest: TEST-ANT-010 · lo no comparable se conserva y se marca: no forma línea continua
verificar · typecheck · unit · build · audit	Pruebas unitarias (domain, api)	2026-09-21T18:47:52.0855581Z ok 160 - TEST-ANT-010 · lo no comparable se conserva y se marca: no forma línea continua
verificar · typecheck · unit · build · audit	Pruebas unitarias (domain, api)	2026-09-21T18:47:52.0856268Z   ---
verificar · typecheck · unit · build · audit	Pruebas unitarias (domain, api)	2026-09-21T18:47:52.0856468Z   duration_ms: 0.211446
verificar · typecheck · unit · build · audit	Pruebas unitarias (domain, api)	2026-09-21T18:47:52.0856844Z   type: 'test'
verificar · typecheck · unit · build · audit	Pruebas unitarias (domain, api)	2026-09-21T18:47:52.0857172Z   ...
verificar · typecheck · unit · build · audit	Pruebas unitarias (domain, api)	2026-09-21T18:47:52.0857859Z # Subtest: INV-06-178 · cada punto conserva su clase y su origen
verificar · typecheck · unit · build · audit	Pruebas unitarias (domain, api)	2026-09-21T18:47:52.0858763Z ok 161 - INV-06-178 · cada punto conserva su clase y su origen
verificar · typecheck · unit · build · audit	Pruebas unitarias (domain, api)	2026-09-21T18:47:52.0859519Z   ---
verificar · typecheck · unit · build · audit	Pruebas unitarias (domain, api)	2026-09-21T18:47:52.0859849Z   duration_ms: 0.225492
verificar · typecheck · unit · build · audit	Pruebas unitarias (domain, api)	2026-09-21T18:47:52.0860212Z   type: 'test'
verificar · typecheck · unit · build · audit	Pruebas unitarias (domain, api)	2026-09-21T18:47:52.0860547Z   ...
verificar · typecheck · unit · build · audit	Pruebas unitarias (domain, api)	2026-09-21T18:47:52.0861297Z # Subtest: REG-06-165 · la serie devuelve un punto por checkpoint pedido, ni más ni menos
verificar · typecheck · unit · build · audit	Pruebas unitarias (domain, api)	2026-09-21T18:47:52.0862044Z ok 162 - REG-06-165 · la serie devuelve un punto por checkpoint pedido, ni más ni menos
verificar · typecheck · unit · build · audit	Pruebas unitarias (domain, api)	2026-09-21T18:47:52.0862458Z   ---
verificar · typecheck · unit · build · audit	Pruebas unitarias (domain, api)	2026-09-21T18:47:52.0862656Z   duration_ms: 0.239848
verificar · typecheck · unit · build · audit	Pruebas unitarias (domain, api)	2026-09-21T18:47:52.0862878Z   type: 'test'
verificar · typecheck · unit · build · audit	Pruebas unitarias (domain, api)	2026-09-21T18:47:52.0863082Z   ...
verificar · typecheck · unit · build · audit	Pruebas unitarias (domain, api)	2026-09-21T18:47:52.0863590Z # Subtest: REG-06-167 · la serie filtra por métrica: otra métrica no contamina el punto
verificar · typecheck · unit · build · audit	Pruebas unitarias (domain, api)	2026-09-21T18:47:52.0864803Z ok 163 - REG-06-167 · la serie filtra por métrica: otra métrica no contamina el punto
verificar · typecheck · unit · build · audit	Pruebas unitarias (domain, api)	2026-09-21T18:47:52.0865765Z   ---
verificar · typecheck · unit · build · audit	Pruebas unitarias (domain, api)	2026-09-21T18:47:52.0866119Z   duration_ms: 0.177281
verificar · typecheck · unit · build · audit	Pruebas unitarias (domain, api)	2026-09-21T18:47:52.0866501Z   type: 'test'
verificar · typecheck · unit · build · audit	Pruebas unitarias (domain, api)	2026-09-21T18:47:52.0866877Z   ...
verificar · typecheck · unit · build · audit	Pruebas unitarias (domain, api)	2026-09-21T18:47:52.0867899Z # Subtest: INV-06-177 · un hueco de la serie no tiene dónde poner un valor: el contrato lo rechaza
verificar · typecheck · unit · build · audit	Pruebas unitarias (domain, api)	2026-09-21T18:47:52.0869405Z ok 164 - INV-06-177 · un hueco de la serie no tiene dónde poner un valor: el contrato lo rechaza
verificar · typecheck · unit · build · audit	Pruebas unitarias (domain, api)	2026-09-21T18:47:52.0870188Z   ---
verificar · typecheck · unit · build · audit	Pruebas unitarias (domain, api)	2026-09-21T18:47:52.0870539Z   duration_ms: 121.755258
verificar · typecheck · unit · build · audit	Pruebas unitarias (domain, api)	2026-09-21T18:47:52.0870955Z   type: 'test'
verificar · typecheck · unit · build · audit	Pruebas unitarias (domain, api)	2026-09-21T18:47:52.0871307Z   ...
verificar · typecheck · unit · build · audit	Pruebas unitarias (domain, api)	2026-09-21T18:47:52.0872126Z # Subtest: INV-06-176 · un cero medido sí viaja, como punto de la serie
verificar · typecheck · unit · build · audit	Pruebas unitarias (domain, api)	2026-09-21T18:47:52.0873217Z ok 165 - INV-06-176 · un cero medido sí viaja, como punto de la serie
verificar · typecheck · unit · build · audit	Pruebas unitarias (domain, api)	2026-09-21T18:47:52.0873819Z   ---
verificar · typecheck · unit · build · audit	Pruebas unitarias (domain, api)	2026-09-21T18:47:52.0874142Z   duration_ms: 2.467945
verificar · typecheck · unit · build · audit	Pruebas unitarias (domain, api)	2026-09-21T18:47:52.0874524Z   type: 'test'
verificar · typecheck · unit · build · audit	Pruebas unitarias (domain, api)	2026-09-21T18:47:52.0874788Z   ...
verificar · typecheck · unit · build · audit	Pruebas unitarias (domain, api)	2026-09-21T18:47:52.0876247Z # Subtest: DL-062 · INV-06-167: la referencia de preparación solo corresponde a la importación controlada, y es opaca
verificar · typecheck · unit · build · audit	Pruebas unitarias (domain, api)	2026-09-21T18:47:52.0877876Z ok 166 - DL-062 · INV-06-167: la referencia de preparación solo corresponde a la importación controlada, y es opaca
verificar · typecheck · unit · build · audit	Pruebas unitarias (domain, api)	2026-09-21T18:47:52.0878756Z   ---
verificar · typecheck · unit · build · audit	Pruebas unitarias (domain, api)	2026-09-21T18:47:52.0879117Z   duration_ms: 0.926973
verificar · typecheck · unit · build · audit	Pruebas unitarias (domain, api)	2026-09-21T18:47:52.0879500Z   type: 'test'
verificar · typecheck · unit · build · audit	Pruebas unitarias (domain, api)	2026-09-21T18:47:52.0879871Z   ...
verificar · typecheck · unit · build · audit	Pruebas unitarias (domain, api)	2026-09-21T18:47:52.0880935Z # Subtest: TEST-PRJ-009 · ningún schema de antropometría ni de cálculo tiene puntaje, porcentaje ni calificación
verificar · typecheck · unit · build · audit	Pruebas unitarias (domain, api)	2026-09-21T18:47:52.0882486Z ok 167 - TEST-PRJ-009 · ningún schema de antropometría ni de cálculo tiene puntaje, porcentaje ni calificación
verificar · typecheck · unit · build · audit	Pruebas unitarias (domain, api)	2026-09-21T18:47:52.0883391Z   ---
verificar · typecheck · unit · build · audit	Pruebas unitarias (domain, api)	2026-09-21T18:47:52.0883767Z   duration_ms: 36.165114
verificar · typecheck · unit · build · audit	Pruebas unitarias (domain, api)	2026-09-21T18:47:52.0884195Z   type: 'test'
verificar · typecheck · unit · build · audit	Pruebas unitarias (domain, api)	2026-09-21T18:47:52.0884565Z   ...
verificar · typecheck · unit · build · audit	Pruebas unitarias (domain, api)	2026-09-21T18:47:52.0886195Z # Subtest: TEST-PRJ-009 · el control de cero juicio detecta un campo prohibido, también dentro del schema de la evolución
verificar · typecheck · unit · build · audit	Pruebas unitarias (domain, api)	2026-09-21T18:47:52.0888127Z ok 168 - TEST-PRJ-009 · el control de cero juicio detecta un campo prohibido, también dentro del schema de la evolución
verificar · typecheck · unit · build · audit	Pruebas unitarias (domain, api)	2026-09-21T18:47:52.0889094Z   ---
verificar · typecheck · unit · build · audit	Pruebas unitarias (domain, api)	2026-09-21T18:47:52.0889458Z   duration_ms: 0.822859
verificar · typecheck · unit · build · audit	Pruebas unitarias (domain, api)	2026-09-21T18:47:52.0889899Z   type: 'test'
verificar · typecheck · unit · build · audit	Pruebas unitarias (domain, api)	2026-09-21T18:47:52.0890577Z   ...
verificar · typecheck · unit · build · audit	Pruebas unitarias (domain, api)	2026-09-21T18:47:52.0891652Z # Subtest: WP-05 §4 · el OpenAPI publica las doce operaciones ANT en las rutas que declara el 09
verificar · typecheck · unit · build · audit	Pruebas unitarias (domain, api)	2026-09-21T18:47:52.0893140Z ok 169 - WP-05 §4 · el OpenAPI publica las doce operaciones ANT en las rutas que declara el 09
verificar · typecheck · unit · build · audit	Pruebas unitarias (domain, api)	2026-09-21T18:47:52.0893936Z   ---
verificar · typecheck · unit · build · audit	Pruebas unitarias (domain, api)	2026-09-21T18:47:52.0894310Z   duration_ms: 17.424768
verificar · typecheck · unit · build · audit	Pruebas unitarias (domain, api)	2026-09-21T18:47:52.0894730Z   type: 'test'
verificar · typecheck · unit · build · audit	Pruebas unitarias (domain, api)	2026-09-21T18:47:52.0895059Z   ...
verificar · typecheck · unit · build · audit	Pruebas unitarias (domain, api)	2026-09-21T18:47:52.0896421Z # Subtest: T13 · el copy de antropometría no dice diagnóstico, ni completa huecos, ni califica el cuerpo
verificar · typecheck · unit · build · audit	Pruebas unitarias (domain, api)	2026-09-21T18:47:52.0898066Z ok 170 - T13 · el copy de antropometría no dice diagnóstico, ni completa huecos, ni califica el cuerpo
verificar · typecheck · unit · build · audit	Pruebas unitarias (domain, api)	2026-09-21T18:47:52.0898913Z   ---
verificar · typecheck · unit · build · audit	Pruebas unitarias (domain, api)	2026-09-21T18:47:52.0899295Z   duration_ms: 2.786191
verificar · typecheck · unit · build · audit	Pruebas unitarias (domain, api)	2026-09-21T18:47:52.0899701Z   type: 'test'
verificar · typecheck · unit · build · audit	Pruebas unitarias (domain, api)	2026-09-21T18:47:52.0900065Z   ...
verificar · typecheck · unit · build · audit	Pruebas unitarias (domain, api)	2026-09-21T18:47:52.0901092Z # Subtest: 08 §56.12 · el copy de anular explicita que preserva la historia y no habla de borrar
verificar · typecheck · unit · build · audit	Pruebas unitarias (domain, api)	2026-09-21T18:47:52.0902910Z ok 171 - 08 §56.12 · el copy de anular explicita que preserva la historia y no habla de borrar
verificar · typecheck · unit · build · audit	Pruebas unitarias (domain, api)	2026-09-21T18:47:52.0903708Z   ---
verificar · typecheck · unit · build · audit	Pruebas unitarias (domain, api)	2026-09-21T18:47:52.0904075Z   duration_ms: 0.493202
verificar · typecheck · unit · build · audit	Pruebas unitarias (domain, api)	2026-09-21T18:47:52.0904501Z   type: 'test'
verificar · typecheck · unit · build · audit	Pruebas unitarias (domain, api)	2026-09-21T18:47:52.0904857Z   ...
verificar · typecheck · unit · build · audit	Pruebas unitarias (domain, api)	2026-09-21T18:47:52.0906177Z # Subtest: RF-048 · decir que algo NO es un diagnóstico no es lo mismo que presentarlo como tal
verificar · typecheck · unit · build · audit	Pruebas unitarias (domain, api)	2026-09-21T18:47:52.0907664Z ok 172 - RF-048 · decir que algo NO es un diagnóstico no es lo mismo que presentarlo como tal
verificar · typecheck · unit · build · audit	Pruebas unitarias (domain, api)	2026-09-21T18:47:52.0908400Z   ---
verificar · typecheck · unit · build · audit	Pruebas unitarias (domain, api)	2026-09-21T18:47:52.0908618Z   duration_ms: 3.386494
verificar · typecheck · unit · build · audit	Pruebas unitarias (domain, api)	2026-09-21T18:47:52.0908851Z   type: 'test'
verificar · typecheck · unit · build · audit	Pruebas unitarias (domain, api)	2026-09-21T18:47:52.0909049Z   ...
verificar · typecheck · unit · build · audit	Pruebas unitarias (domain, api)	2026-09-21T18:47:52.0909666Z # Subtest: DL-072 · REG-06-203: la especificación declara su estado, y solo admite vigente o histórica
verificar · typecheck · unit · build · audit	Pruebas unitarias (domain, api)	2026-09-21T18:47:52.0910519Z ok 173 - DL-072 · REG-06-203: la especificación declara su estado, y solo admite vigente o histórica
verificar · typecheck · unit · build · audit	Pruebas unitarias (domain, api)	2026-09-21T18:47:52.0910967Z   ---
verificar · typecheck · unit · build · audit	Pruebas unitarias (domain, api)	2026-09-21T18:47:52.0911183Z   duration_ms: 1.880568
verificar · typecheck · unit · build · audit	Pruebas unitarias (domain, api)	2026-09-21T18:47:52.0911417Z   type: 'test'
verificar · typecheck · unit · build · audit	Pruebas unitarias (domain, api)	2026-09-21T18:47:52.0911624Z   ...
verificar · typecheck · unit · build · audit	Pruebas unitarias (domain, api)	2026-09-21T18:47:52.0912319Z # Subtest: TEST-TRN-002 · la ejecución registrada es terminal: no existe transición que la devuelva a borrador (06:5221)
verificar · typecheck · unit · build · audit	Pruebas unitarias (domain, api)	2026-09-21T18:47:52.0913534Z ok 174 - TEST-TRN-002 · la ejecución registrada es terminal: no existe transición que la devuelva a borrador (06:5221)
verificar · typecheck · unit · build · audit	Pruebas unitarias (domain, api)	2026-09-21T18:47:52.0914478Z   ---
verificar · typecheck · unit · build · audit	Pruebas unitarias (domain, api)	2026-09-21T18:47:52.0914822Z   duration_ms: 3.859729
verificar · typecheck · unit · build · audit	Pruebas unitarias (domain, api)	2026-09-21T18:47:52.0915408Z   type: 'test'
verificar · typecheck · unit · build · audit	Pruebas unitarias (domain, api)	2026-09-21T18:47:52.0915737Z   ...
verificar · typecheck · unit · build · audit	Pruebas unitarias (domain, api)	2026-09-21T18:47:52.0916932Z # Subtest: TEST-TRN-002 · confirmar exige contenido mínimo coherente; el borrador se guarda sin exigirlo (06:5217-5219)
verificar · typecheck · unit · build · audit	Pruebas unitarias (domain, api)	2026-09-21T18:47:52.0918773Z ok 175 - TEST-TRN-002 · confirmar exige contenido mínimo coherente; el borrador se guarda sin exigirlo (06:5217-5219)
verificar · typecheck · unit · build · audit	Pruebas unitarias (domain, api)	2026-09-21T18:47:52.0919736Z   ---
verificar · typecheck · unit · build · audit	Pruebas unitarias (domain, api)	2026-09-21T18:47:52.0920099Z   duration_ms: 0.434243
verificar · typecheck · unit · build · audit	Pruebas unitarias (domain, api)	2026-09-21T18:47:52.0920508Z   type: 'test'
verificar · typecheck · unit · build · audit	Pruebas unitarias (domain, api)	2026-09-21T18:47:52.0920893Z   ...
verificar · typecheck · unit · build · audit	Pruebas unitarias (domain, api)	2026-09-21T18:47:52.0921933Z # Subtest: INV-06-121 · el borrador de ejecución no nace sin sesión y versión identificables
verificar · typecheck · unit · build · audit	Pruebas unitarias (domain, api)	2026-09-21T18:47:52.0923344Z ok 176 - INV-06-121 · el borrador de ejecución no nace sin sesión y versión identificables
verificar · typecheck · unit · build · audit	Pruebas unitarias (domain, api)	2026-09-21T18:47:52.0924119Z   ---
verificar · typecheck · unit · build · audit	Pruebas unitarias (domain, api)	2026-09-21T18:47:52.0924470Z   duration_ms: 0.21362
verificar · typecheck · unit · build · audit	Pruebas unitarias (domain, api)	2026-09-21T18:47:52.0924872Z   type: 'test'
verificar · typecheck · unit · build · audit	Pruebas unitarias (domain, api)	2026-09-21T18:47:52.0925436Z   ...
verificar · typecheck · unit · build · audit	Pruebas unitarias (domain, api)	2026-09-21T18:47:52.0926567Z # Subtest: 06:5149-5162 · la versión de plan tiene exactamente dos estados, y VALIDADO no es uno
verificar · typecheck · unit · build · audit	Pruebas unitarias (domain, api)	2026-09-21T18:47:52.0928111Z ok 177 - 06:5149-5162 · la versión de plan tiene exactamente dos estados, y VALIDADO no es uno
verificar · typecheck · unit · build · audit	Pruebas unitarias (domain, api)	2026-09-21T18:47:52.0928913Z   ---
verificar · typecheck · unit · build · audit	Pruebas unitarias (domain, api)	2026-09-21T18:47:52.0929285Z   duration_ms: 0.33713
verificar · typecheck · unit · build · audit	Pruebas unitarias (domain, api)	2026-09-21T18:47:52.0929690Z   type: 'test'
verificar · typecheck · unit · build · audit	Pruebas unitarias (domain, api)	2026-09-21T18:47:52.0930037Z   ...
verificar · typecheck · unit · build · audit	Pruebas unitarias (domain, api)	2026-09-21T18:47:52.0931262Z # Subtest: INV-06-109 · no existe transición que edite una versión ACTIVADA ni que la devuelva a BORRADOR (06:4307)
verificar · typecheck · unit · build · audit	Pruebas unitarias (domain, api)	2026-09-21T18:47:52.0933064Z ok 178 - INV-06-109 · no existe transición que edite una versión ACTIVADA ni que la devuelva a BORRADOR (06:4307)
verificar · typecheck · unit · build · audit	Pruebas unitarias (domain, api)	2026-09-21T18:47:52.0934250Z   ---
verificar · typecheck · unit · build · audit	Pruebas unitarias (domain, api)	2026-09-21T18:47:52.0934609Z   duration_ms: 0.361776
verificar · typecheck · unit · build · audit	Pruebas unitarias (domain, api)	2026-09-21T18:47:52.0935017Z   type: 'test'
verificar · typecheck · unit · build · audit	Pruebas unitarias (domain, api)	2026-09-21T18:47:52.0935650Z   ...
verificar · typecheck · unit · build · audit	Pruebas unitarias (domain, api)	2026-09-21T18:47:52.0936710Z # Subtest: REG-06-104 · «si no puede preservarse la instantánea, el plan no se activa» (05:8878)
verificar · typecheck · unit · build · audit	Pruebas unitarias (domain, api)	2026-09-21T18:47:52.0938179Z ok 179 - REG-06-104 · «si no puede preservarse la instantánea, el plan no se activa» (05:8878)
verificar · typecheck · unit · build · audit	Pruebas unitarias (domain, api)	2026-09-21T18:47:52.0938921Z   ---
verificar · typecheck · unit · build · audit	Pruebas unitarias (domain, api)	2026-09-21T18:47:52.0939278Z   duration_ms: 0.234198
verificar · typecheck · unit · build · audit	Pruebas unitarias (domain, api)	2026-09-21T18:47:52.0939655Z   type: 'test'
verificar · typecheck · unit · build · audit	Pruebas unitarias (domain, api)	2026-09-21T18:47:52.0939984Z   ...
verificar · typecheck · unit · build · audit	Pruebas unitarias (domain, api)	2026-09-21T18:47:52.0940850Z # Subtest: TEST-TRN-006 · REG-06-128: el criterio es exactamente uno de los dos, y puede no declararse
verificar · typecheck · unit · build · audit	Pruebas unitarias (domain, api)	2026-09-21T18:47:52.0942075Z ok 180 - TEST-TRN-006 · REG-06-128: el criterio es exactamente uno de los dos, y puede no declararse
verificar · typecheck · unit · build · audit	Pruebas unitarias (domain, api)	2026-09-21T18:47:52.0942977Z   ---
verificar · typecheck · unit · build · audit	Pruebas unitarias (domain, api)	2026-09-21T18:47:52.0943640Z   duration_ms: 0.385721
verificar · typecheck · unit · build · audit	Pruebas unitarias (domain, api)	2026-09-21T18:47:52.0944028Z   type: 'test'
verificar · typecheck · unit · build · audit	Pruebas unitarias (domain, api)	2026-09-21T18:47:52.0944328Z   ...
verificar · typecheck · unit · build · audit	Pruebas unitarias (domain, api)	2026-09-21T18:47:52.0945594Z # Subtest: TEST-TRN-006 · REG-06-129: el esfuerzo percibido no es un tercer criterio, es dato de la ejecución
verificar · typecheck · unit · build · audit	Pruebas unitarias (domain, api)	2026-09-21T18:47:52.0947160Z ok 181 - TEST-TRN-006 · REG-06-129: el esfuerzo percibido no es un tercer criterio, es dato de la ejecución
verificar · typecheck · unit · build · audit	Pruebas unitarias (domain, api)	2026-09-21T18:47:52.0947877Z   ---
verificar · typecheck · unit · build · audit	Pruebas unitarias (domain, api)	2026-09-21T18:47:52.0948189Z   duration_ms: 0.207578
verificar · typecheck · unit · build · audit	Pruebas unitarias (domain, api)	2026-09-21T18:47:52.0948592Z   type: 'test'
verificar · typecheck · unit · build · audit	Pruebas unitarias (domain, api)	2026-09-21T18:47:52.0948953Z   ...
verificar · typecheck · unit · build · audit	Pruebas unitarias (domain, api)	2026-09-21T18:47:52.0949965Z # Subtest: REG-06-129 · no hay conversión automática entre criterios: el dominio no expone ninguna (06:5431)
verificar · typecheck · unit · build · audit	Pruebas unitarias (domain, api)	2026-09-21T18:47:52.0951397Z ok 182 - REG-06-129 · no hay conversión automática entre criterios: el dominio no expone ninguna (06:5431)
verificar · typecheck · unit · build · audit	Pruebas unitarias (domain, api)	2026-09-21T18:47:52.0952179Z   ---
verificar · typecheck · unit · build · audit	Pruebas unitarias (domain, api)	2026-09-21T18:47:52.0952499Z   duration_ms: 0.686364
verificar · typecheck · unit · build · audit	Pruebas unitarias (domain, api)	2026-09-21T18:47:52.0952864Z   type: 'test'
verificar · typecheck · unit · build · audit	Pruebas unitarias (domain, api)	2026-09-21T18:47:52.0953186Z   ...
verificar · typecheck · unit · build · audit	Pruebas unitarias (domain, api)	2026-09-21T18:47:52.0954217Z # Subtest: TEST-TRN-004 · REG-06-131: la ausencia de registro produce SIN_REGISTRO, que no es una condición
verificar · typecheck · unit · build · audit	Pruebas unitarias (domain, api)	2026-09-21T18:47:52.0955999Z ok 183 - TEST-TRN-004 · REG-06-131: la ausencia de registro produce SIN_REGISTRO, que no es una condición
verificar · typecheck · unit · build · audit	Pruebas unitarias (domain, api)	2026-09-21T18:47:52.0956798Z   ---
verificar · typecheck · unit · build · audit	Pruebas unitarias (domain, api)	2026-09-21T18:47:52.0957120Z   duration_ms: 0.616773
verificar · typecheck · unit · build · audit	Pruebas unitarias (domain, api)	2026-09-21T18:47:52.0957484Z   type: 'test'
verificar · typecheck · unit · build · audit	Pruebas unitarias (domain, api)	2026-09-21T18:47:52.0957811Z   ...
verificar · typecheck · unit · build · audit	Pruebas unitarias (domain, api)	2026-09-21T18:47:52.0958752Z # Subtest: INV-06-141 · la condición de sesión es un conjunto cerrado de exactamente tres valores
verificar · typecheck · unit · build · audit	Pruebas unitarias (domain, api)	2026-09-21T18:47:52.0960097Z ok 184 - INV-06-141 · la condición de sesión es un conjunto cerrado de exactamente tres valores
verificar · typecheck · unit · build · audit	Pruebas unitarias (domain, api)	2026-09-21T18:47:52.0960824Z   ---
verificar · typecheck · unit · build · audit	Pruebas unitarias (domain, api)	2026-09-21T18:47:52.0961139Z   duration_ms: 0.274113
verificar · typecheck · unit · build · audit	Pruebas unitarias (domain, api)	2026-09-21T18:47:52.0961504Z   type: 'test'
verificar · typecheck · unit · build · audit	Pruebas unitarias (domain, api)	2026-09-21T18:47:52.0961823Z   ...
verificar · typecheck · unit · build · audit	Pruebas unitarias (domain, api)	2026-09-21T18:47:52.0962804Z # Subtest: TEST-TRN-003 · REG-06-130: sustituir conserva prescripto y realizado, y no es un error
verificar · typecheck · unit · build · audit	Pruebas unitarias (domain, api)	2026-09-21T18:47:52.0964191Z ok 185 - TEST-TRN-003 · REG-06-130: sustituir conserva prescripto y realizado, y no es un error
verificar · typecheck · unit · build · audit	Pruebas unitarias (domain, api)	2026-09-21T18:47:52.0964978Z   ---
verificar · typecheck · unit · build · audit	Pruebas unitarias (domain, api)	2026-09-21T18:47:52.0965449Z   duration_ms: 0.209402
verificar · typecheck · unit · build · audit	Pruebas unitarias (domain, api)	2026-09-21T18:47:52.0965796Z   type: 'test'
verificar · typecheck · unit · build · audit	Pruebas unitarias (domain, api)	2026-09-21T18:47:52.0966097Z   ...
verificar · typecheck · unit · build · audit	Pruebas unitarias (domain, api)	2026-09-21T18:47:52.0967076Z # Subtest: INV-06-152 · si hay carga registrada tiene que haber unidad; los demás campos son opcionales
verificar · typecheck · unit · build · audit	Pruebas unitarias (domain, api)	2026-09-21T18:47:52.0968567Z ok 186 - INV-06-152 · si hay carga registrada tiene que haber unidad; los demás campos son opcionales
verificar · typecheck · unit · build · audit	Pruebas unitarias (domain, api)	2026-09-21T18:47:52.0969311Z   ---
verificar · typecheck · unit · build · audit	Pruebas unitarias (domain, api)	2026-09-21T18:47:52.0969629Z   duration_ms: 0.278921
verificar · typecheck · unit · build · audit	Pruebas unitarias (domain, api)	2026-09-21T18:47:52.0969966Z   type: 'test'
verificar · typecheck · unit · build · audit	Pruebas unitarias (domain, api)	2026-09-21T18:47:52.0970262Z   ...
verificar · typecheck · unit · build · audit	Pruebas unitarias (domain, api)	2026-09-21T18:47:52.0971222Z # Subtest: REG-06-132 · las dos granularidades son un conjunto cerrado, y se conserva cuál se usó
verificar · typecheck · unit · build · audit	Pruebas unitarias (domain, api)	2026-09-21T18:47:52.0972676Z ok 187 - REG-06-132 · las dos granularidades son un conjunto cerrado, y se conserva cuál se usó
verificar · typecheck · unit · build · audit	Pruebas unitarias (domain, api)	2026-09-21T18:47:52.0973395Z   ---
verificar · typecheck · unit · build · audit	Pruebas unitarias (domain, api)	2026-09-21T18:47:52.0973615Z   duration_ms: 0.161272
verificar · typecheck · unit · build · audit	Pruebas unitarias (domain, api)	2026-09-21T18:47:52.0973854Z   type: 'test'
verificar · typecheck · unit · build · audit	Pruebas unitarias (domain, api)	2026-09-21T18:47:52.0974272Z   ...
verificar · typecheck · unit · build · audit	Pruebas unitarias (domain, api)	2026-09-21T18:47:52.0975368Z # Subtest: REG-06-117 · la progresión mapea a AJUSTAR o SUSTITUIR; no existe el token PROGRESAR
verificar · typecheck · unit · build · audit	Pruebas unitarias (domain, api)	2026-09-21T18:47:52.0976875Z ok 188 - REG-06-117 · la progresión mapea a AJUSTAR o SUSTITUIR; no existe el token PROGRESAR
verificar · typecheck · unit · build · audit	Pruebas unitarias (domain, api)	2026-09-21T18:47:52.0977651Z   ---
verificar · typecheck · unit · build · audit	Pruebas unitarias (domain, api)	2026-09-21T18:47:52.0977997Z   duration_ms: 0.728643
verificar · typecheck · unit · build · audit	Pruebas unitarias (domain, api)	2026-09-21T18:47:52.0978419Z   type: 'test'
verificar · typecheck · unit · build · audit	Pruebas unitarias (domain, api)	2026-09-21T18:47:52.0978776Z   ...
verificar · typecheck · unit · build · audit	Pruebas unitarias (domain, api)	2026-09-21T18:47:52.0979933Z # Subtest: REG-06-115 · la ocurrencia se identifica por sesión y fecha local, no por timestamp (06:5235)
verificar · typecheck · unit · build · audit	Pruebas unitarias (domain, api)	2026-09-21T18:47:52.0981569Z ok 189 - REG-06-115 · la ocurrencia se identifica por sesión y fecha local, no por timestamp (06:5235)
verificar · typecheck · unit · build · audit	Pruebas unitarias (domain, api)	2026-09-21T18:47:52.0982431Z   ---
verificar · typecheck · unit · build · audit	Pruebas unitarias (domain, api)	2026-09-21T18:47:52.0982789Z   duration_ms: 0.266779
verificar · typecheck · unit · build · audit	Pruebas unitarias (domain, api)	2026-09-21T18:47:52.0983215Z   type: 'test'
verificar · typecheck · unit · build · audit	Pruebas unitarias (domain, api)	2026-09-21T18:47:52.0983571Z   ...
verificar · typecheck · unit · build · audit	Pruebas unitarias (domain, api)	2026-09-21T18:47:52.0984675Z # Subtest: INV-06-153 · B-08 captura, no calcula: el dominio no expone volumen, marcas ni progresiones
verificar · typecheck · unit · build · audit	Pruebas unitarias (domain, api)	2026-09-21T18:47:52.0986848Z ok 190 - INV-06-153 · B-08 captura, no calcula: el dominio no expone volumen, marcas ni progresiones
verificar · typecheck · unit · build · audit	Pruebas unitarias (domain, api)	2026-09-21T18:47:52.0987705Z   ---
verificar · typecheck · unit · build · audit	Pruebas unitarias (domain, api)	2026-09-21T18:47:52.0988071Z   duration_ms: 0.259826
verificar · typecheck · unit · build · audit	Pruebas unitarias (domain, api)	2026-09-21T18:47:52.0988484Z   type: 'test'
verificar · typecheck · unit · build · audit	Pruebas unitarias (domain, api)	2026-09-21T18:47:52.0988853Z   ...
verificar · typecheck · unit · build · audit	Pruebas unitarias (domain, api)	2026-09-21T18:47:52.0989829Z # Subtest: la ejecución y el plan son dos máquinas distintas, con terminales distintas
verificar · typecheck · unit · build · audit	Pruebas unitarias (domain, api)	2026-09-21T18:47:52.0991185Z ok 191 - la ejecución y el plan son dos máquinas distintas, con terminales distintas
verificar · typecheck · unit · build · audit	Pruebas unitarias (domain, api)	2026-09-21T18:47:52.0991893Z   ---
verificar · typecheck · unit · build · audit	Pruebas unitarias (domain, api)	2026-09-21T18:47:52.0992230Z   duration_ms: 0.189324
verificar · typecheck · unit · build · audit	Pruebas unitarias (domain, api)	2026-09-21T18:47:52.0992654Z   type: 'test'
verificar · typecheck · unit · build · audit	Pruebas unitarias (domain, api)	2026-09-21T18:47:52.0993018Z   ...
verificar · typecheck · unit · build · audit	Pruebas unitarias (domain, api)	2026-09-21T18:47:52.0993885Z # Subtest: 06 §5.7.2 — conjunto cerrado de tres estados, tokens CONV-06-02
verificar · typecheck · unit · build · audit	Pruebas unitarias (domain, api)	2026-09-21T18:47:52.0995062Z ok 192 - 06 §5.7.2 — conjunto cerrado de tres estados, tokens CONV-06-02
verificar · typecheck · unit · build · audit	Pruebas unitarias (domain, api)	2026-09-21T18:47:52.0995942Z   ---
verificar · typecheck · unit · build · audit	Pruebas unitarias (domain, api)	2026-09-21T18:47:52.0996276Z   duration_ms: 2.599091
verificar · typecheck · unit · build · audit	Pruebas unitarias (domain, api)	2026-09-21T18:47:52.0996634Z   type: 'test'
verificar · typecheck · unit · build · audit	Pruebas unitarias (domain, api)	2026-09-21T18:47:52.0997006Z   ...
verificar · typecheck · unit · build · audit	Pruebas unitarias (domain, api)	2026-09-21T18:47:52.0998119Z # Subtest: 06 §5.7.2 — inicial OPERATIVA, terminal CERRADA; solo OPERATIVA permite operar (INV-06-28)
verificar · typecheck · unit · build · audit	Pruebas unitarias (domain, api)	2026-09-21T18:47:52.0999681Z ok 193 - 06 §5.7.2 — inicial OPERATIVA, terminal CERRADA; solo OPERATIVA permite operar (INV-06-28)
verificar · typecheck · unit · build · audit	Pruebas unitarias (domain, api)	2026-09-21T18:47:52.1000427Z   ---
verificar · typecheck · unit · build · audit	Pruebas unitarias (domain, api)	2026-09-21T18:47:52.1000740Z   duration_ms: 0.404837
verificar · typecheck · unit · build · audit	Pruebas unitarias (domain, api)	2026-09-21T18:47:52.1001100Z   type: 'test'
verificar · typecheck · unit · build · audit	Pruebas unitarias (domain, api)	2026-09-21T18:47:52.1001407Z   ...
verificar · typecheck · unit · build · audit	Pruebas unitarias (domain, api)	2026-09-21T18:47:52.1001900Z # Subtest: 06 §5.7.4 — lista blanca exacta
verificar · typecheck · unit · build · audit	Pruebas unitarias (domain, api)	2026-09-21T18:47:52.1002561Z ok 194 - 06 §5.7.4 — lista blanca exacta
verificar · typecheck · unit · build · audit	Pruebas unitarias (domain, api)	2026-09-21T18:47:52.1003093Z   ---
verificar · typecheck · unit · build · audit	Pruebas unitarias (domain, api)	2026-09-21T18:47:52.1003385Z   duration_ms: 1.193362
verificar · typecheck · unit · build · audit	Pruebas unitarias (domain, api)	2026-09-21T18:47:52.1003634Z   type: 'test'
verificar · typecheck · unit · build · audit	Pruebas unitarias (domain, api)	2026-09-21T18:47:52.1003961Z   ...
verificar · typecheck · unit · build · audit	Pruebas unitarias (domain, api)	2026-09-21T18:47:52.1004693Z # Subtest: 06 §5.7.4 — toda transición no declarada está prohibida (matriz 3×3)
verificar · typecheck · unit · build · audit	Pruebas unitarias (domain, api)	2026-09-21T18:47:52.1005825Z ok 195 - 06 §5.7.4 — toda transición no declarada está prohibida (matriz 3×3)
verificar · typecheck · unit · build · audit	Pruebas unitarias (domain, api)	2026-09-21T18:47:52.1006299Z   ---
verificar · typecheck · unit · build · audit	Pruebas unitarias (domain, api)	2026-09-21T18:47:52.1006588Z   duration_ms: 0.450743
verificar · typecheck · unit · build · audit	Pruebas unitarias (domain, api)	2026-09-21T18:47:52.1006825Z   type: 'test'
verificar · typecheck · unit · build · audit	Pruebas unitarias (domain, api)	2026-09-21T18:47:52.1007128Z   ...
verificar · typecheck · unit · build · audit	Pruebas unitarias (domain, api)	2026-09-21T18:47:52.1007765Z # Subtest: SuspenderCuenta OPERATIVA → SUSPENDIDA: permitida con fundamento; revoca sesiones
verificar · typecheck · unit · build · audit	Pruebas unitarias (domain, api)	2026-09-21T18:47:52.1008548Z ok 196 - SuspenderCuenta OPERATIVA → SUSPENDIDA: permitida con fundamento; revoca sesiones
verificar · typecheck · unit · build · audit	Pruebas unitarias (domain, api)	2026-09-21T18:47:52.1008992Z   ---
verificar · typecheck · unit · build · audit	Pruebas unitarias (domain, api)	2026-09-21T18:47:52.1009196Z   duration_ms: 0.378047
verificar · typecheck · unit · build · audit	Pruebas unitarias (domain, api)	2026-09-21T18:47:52.1009421Z   type: 'test'
verificar · typecheck · unit · build · audit	Pruebas unitarias (domain, api)	2026-09-21T18:47:52.1009620Z   ...
verificar · typecheck · unit · build · audit	Pruebas unitarias (domain, api)	2026-09-21T18:47:52.1010023Z # Subtest: SuspenderCuenta: la guarda rechaza un fundamento vacío
verificar · typecheck · unit · build · audit	Pruebas unitarias (domain, api)	2026-09-21T18:47:52.1010579Z ok 197 - SuspenderCuenta: la guarda rechaza un fundamento vacío
verificar · typecheck · unit · build · audit	Pruebas unitarias (domain, api)	2026-09-21T18:47:52.1010921Z   ---
verificar · typecheck · unit · build · audit	Pruebas unitarias (domain, api)	2026-09-21T18:47:52.1011116Z   duration_ms: 0.234619
verificar · typecheck · unit · build · audit	Pruebas unitarias (domain, api)	2026-09-21T18:47:52.1011335Z   type: 'test'
verificar · typecheck · unit · build · audit	Pruebas unitarias (domain, api)	2026-09-21T18:47:52.1011527Z   ...
verificar · typecheck · unit · build · audit	Pruebas unitarias (domain, api)	2026-09-21T18:47:52.1012097Z # Subtest: RestablecerCuenta SUSPENDIDA → OPERATIVA: permitida con resolución; no concede nada más
verificar · typecheck · unit · build · audit	Pruebas unitarias (domain, api)	2026-09-21T18:47:52.1013843Z ok 198 - RestablecerCuenta SUSPENDIDA → OPERATIVA: permitida con resolución; no concede nada más
verificar · typecheck · unit · build · audit	Pruebas unitarias (domain, api)	2026-09-21T18:47:52.1014635Z   ---
verificar · typecheck · unit · build · audit	Pruebas unitarias (domain, api)	2026-09-21T18:47:52.1014962Z   duration_ms: 0.367568
verificar · typecheck · unit · build · audit	Pruebas unitarias (domain, api)	2026-09-21T18:47:52.1015536Z   type: 'test'
verificar · typecheck · unit · build · audit	Pruebas unitarias (domain, api)	2026-09-21T18:47:52.1015894Z   ...
verificar · typecheck · unit · build · audit	Pruebas unitarias (domain, api)	2026-09-21T18:47:52.1016678Z # Subtest: RestablecerCuenta: la guarda rechaza una resolución vacía
verificar · typecheck · unit · build · audit	Pruebas unitarias (domain, api)	2026-09-21T18:47:52.1017709Z ok 199 - RestablecerCuenta: la guarda rechaza una resolución vacía
verificar · typecheck · unit · build · audit	Pruebas unitarias (domain, api)	2026-09-21T18:47:52.1018303Z   ---
verificar · typecheck · unit · build · audit	Pruebas unitarias (domain, api)	2026-09-21T18:47:52.1018625Z   duration_ms: 0.210413
verificar · typecheck · unit · build · audit	Pruebas unitarias (domain, api)	2026-09-21T18:47:52.1019004Z   type: 'test'
verificar · typecheck · unit · build · audit	Pruebas unitarias (domain, api)	2026-09-21T18:47:52.1019320Z   ...
verificar · typecheck · unit · build · audit	Pruebas unitarias (domain, api)	2026-09-21T18:47:52.1020320Z # Subtest: CerrarCuenta OPERATIVA → CERRADA: permitida con las cuatro guardas; efectos del §5.8 y 08
verificar · typecheck · unit · build · audit	Pruebas unitarias (domain, api)	2026-09-21T18:47:52.1021814Z ok 200 - CerrarCuenta OPERATIVA → CERRADA: permitida con las cuatro guardas; efectos del §5.8 y 08
verificar · typecheck · unit · build · audit	Pruebas unitarias (domain, api)	2026-09-21T18:47:52.1022632Z   ---
verificar · typecheck · unit · build · audit	Pruebas unitarias (domain, api)	2026-09-21T18:47:52.1022950Z   duration_ms: 0.642281
verificar · typecheck · unit · build · audit	Pruebas unitarias (domain, api)	2026-09-21T18:47:52.1023391Z   type: 'test'
verificar · typecheck · unit · build · audit	Pruebas unitarias (domain, api)	2026-09-21T18:47:52.1023724Z   ...
verificar · typecheck · unit · build · audit	Pruebas unitarias (domain, api)	2026-09-21T18:47:52.1024511Z # Subtest: CerrarCuenta: cada guarda se evalúa como condición explícita
verificar · typecheck · unit · build · audit	Pruebas unitarias (domain, api)	2026-09-21T18:47:52.1025781Z ok 201 - CerrarCuenta: cada guarda se evalúa como condición explícita
verificar · typecheck · unit · build · audit	Pruebas unitarias (domain, api)	2026-09-21T18:47:52.1026380Z   ---
verificar · typecheck · unit · build · audit	Pruebas unitarias (domain, api)	2026-09-21T18:47:52.1026672Z   duration_ms: 0.682667
verificar · typecheck · unit · build · audit	Pruebas unitarias (domain, api)	2026-09-21T18:47:52.1027013Z   type: 'test'
verificar · typecheck · unit · build · audit	Pruebas unitarias (domain, api)	2026-09-21T18:47:52.1027315Z   ...
verificar · typecheck · unit · build · audit	Pruebas unitarias (domain, api)	2026-09-21T18:47:52.1028183Z # Subtest: SUSPENDIDA → CERRADA FALLA aunque todas las guardas del cierre se cumplan (06 §5.7.4)
verificar · typecheck · unit · build · audit	Pruebas unitarias (domain, api)	2026-09-21T18:47:52.1029449Z ok 202 - SUSPENDIDA → CERRADA FALLA aunque todas las guardas del cierre se cumplan (06 §5.7.4)
verificar · typecheck · unit · build · audit	Pruebas unitarias (domain, api)	2026-09-21T18:47:52.1030135Z   ---
verificar · typecheck · unit · build · audit	Pruebas unitarias (domain, api)	2026-09-21T18:47:52.1030426Z   duration_ms: 0.301865
verificar · typecheck · unit · build · audit	Pruebas unitarias (domain, api)	2026-09-21T18:47:52.1030759Z   type: 'test'
verificar · typecheck · unit · build · audit	Pruebas unitarias (domain, api)	2026-09-21T18:47:52.1031059Z   ...
verificar · typecheck · unit · build · audit	Pruebas unitarias (domain, api)	2026-09-21T18:47:52.1031903Z # Subtest: CERRADA no tiene salida: ninguna transición se evalúa como permitida desde CERRADA
verificar · typecheck · unit · build · audit	Pruebas unitarias (domain, api)	2026-09-21T18:47:52.1033151Z ok 203 - CERRADA no tiene salida: ninguna transición se evalúa como permitida desde CERRADA
verificar · typecheck · unit · build · audit	Pruebas unitarias (domain, api)	2026-09-21T18:47:52.1033855Z   ---
verificar · typecheck · unit · build · audit	Pruebas unitarias (domain, api)	2026-09-21T18:47:52.1034146Z   duration_ms: 0.223849
verificar · typecheck · unit · build · audit	Pruebas unitarias (domain, api)	2026-09-21T18:47:52.1034479Z   type: 'test'
verificar · typecheck · unit · build · audit	Pruebas unitarias (domain, api)	2026-09-21T18:47:52.1034776Z   ...
verificar · typecheck · unit · build · audit	Pruebas unitarias (domain, api)	2026-09-21T18:47:52.1035969Z # Subtest: Transiciones con origen equivocado se rechazan (Restablecer desde OPERATIVA, Suspender desde SUSPENDIDA)
verificar · typecheck · unit · build · audit	Pruebas unitarias (domain, api)	2026-09-21T18:47:52.1037637Z ok 204 - Transiciones con origen equivocado se rechazan (Restablecer desde OPERATIVA, Suspender desde SUSPENDIDA)
verificar · typecheck · unit · build · audit	Pruebas unitarias (domain, api)	2026-09-21T18:47:52.1038489Z   ---
verificar · typecheck · unit · build · audit	Pruebas unitarias (domain, api)	2026-09-21T18:47:52.1038791Z   duration_ms: 0.188873
verificar · typecheck · unit · build · audit	Pruebas unitarias (domain, api)	2026-09-21T18:47:52.1039157Z   type: 'test'
verificar · typecheck · unit · build · audit	Pruebas unitarias (domain, api)	2026-09-21T18:47:52.1039466Z   ...
verificar · typecheck · unit · build · audit	Pruebas unitarias (domain, api)	2026-09-21T18:47:52.1040058Z # Subtest: REG-06-15 · una cadena vacía no tiene terminal
verificar · typecheck · unit · build · audit	Pruebas unitarias (domain, api)	2026-09-21T18:47:52.1040874Z ok 205 - REG-06-15 · una cadena vacía no tiene terminal
verificar · typecheck · unit · build · audit	Pruebas unitarias (domain, api)	2026-09-21T18:47:52.1041385Z   ---
verificar · typecheck · unit · build · audit	Pruebas unitarias (domain, api)	2026-09-21T18:47:52.1041675Z   duration_ms: 4.249247
verificar · typecheck · unit · build · audit	Pruebas unitarias (domain, api)	2026-09-21T18:47:52.1042013Z   type: 'test'
verificar · typecheck · unit · build · audit	Pruebas unitarias (domain, api)	2026-09-21T18:47:52.1042317Z   ...
verificar · typecheck · unit · build · audit	Pruebas unitarias (domain, api)	2026-09-21T18:47:52.1043352Z # Subtest: REG-06-15 · la cadena se recorre del primer eslabón a la terminal, sin importar el orden del arreglo
verificar · typecheck · unit · build · audit	Pruebas unitarias (domain, api)	2026-09-21T18:47:52.1044912Z ok 206 - REG-06-15 · la cadena se recorre del primer eslabón a la terminal, sin importar el orden del arreglo
verificar · typecheck · unit · build · audit	Pruebas unitarias (domain, api)	2026-09-21T18:47:52.1045890Z   ---
verificar · typecheck · unit · build · audit	Pruebas unitarias (domain, api)	2026-09-21T18:47:52.1046184Z   duration_ms: 0.405378
verificar · typecheck · unit · build · audit	Pruebas unitarias (domain, api)	2026-09-21T18:47:52.1046516Z   type: 'test'
verificar · typecheck · unit · build · audit	Pruebas unitarias (domain, api)	2026-09-21T18:47:52.1046816Z   ...
verificar · typecheck · unit · build · audit	Pruebas unitarias (domain, api)	2026-09-21T18:47:52.1047583Z # Subtest: REG-06-16 inc. 3 · dos eslabones con el mismo previo son una ramificación
verificar · typecheck · unit · build · audit	Pruebas unitarias (domain, api)	2026-09-21T18:47:52.1048729Z ok 207 - REG-06-16 inc. 3 · dos eslabones con el mismo previo son una ramificación
verificar · typecheck · unit · build · audit	Pruebas unitarias (domain, api)	2026-09-21T18:47:52.1049397Z   ---
verificar · typecheck · unit · build · audit	Pruebas unitarias (domain, api)	2026-09-21T18:47:52.1049715Z   duration_ms: 0.235129
verificar · typecheck · unit · build · audit	Pruebas unitarias (domain, api)	2026-09-21T18:47:52.1050085Z   type: 'test'
verificar · typecheck · unit · build · audit	Pruebas unitarias (domain, api)	2026-09-21T18:47:52.1050401Z   ...
verificar · typecheck · unit · build · audit	Pruebas unitarias (domain, api)	2026-09-21T18:47:52.1051149Z # Subtest: REG-06-16 inc. 3 · dos primeros eslabones son una ramificación
verificar · typecheck · unit · build · audit	Pruebas unitarias (domain, api)	2026-09-21T18:47:52.1052216Z ok 208 - REG-06-16 inc. 3 · dos primeros eslabones son una ramificación
verificar · typecheck · unit · build · audit	Pruebas unitarias (domain, api)	2026-09-21T18:47:52.1053318Z   ---
verificar · typecheck · unit · build · audit	Pruebas unitarias (domain, api)	2026-09-21T18:47:52.1053649Z   duration_ms: 0.216545
verificar · typecheck · unit · build · audit	Pruebas unitarias (domain, api)	2026-09-21T18:47:52.1054041Z   type: 'test'
verificar · typecheck · unit · build · audit	Pruebas unitarias (domain, api)	2026-09-21T18:47:52.1054273Z   ...
verificar · typecheck · unit · build · audit	Pruebas unitarias (domain, api)	2026-09-21T18:47:52.1054724Z # Subtest: REG-06-15 · sin ciclos: un ciclo cerrado es no resoluble
verificar · typecheck · unit · build · audit	Pruebas unitarias (domain, api)	2026-09-21T18:47:52.1055589Z ok 209 - REG-06-15 · sin ciclos: un ciclo cerrado es no resoluble
verificar · typecheck · unit · build · audit	Pruebas unitarias (domain, api)	2026-09-21T18:47:52.1055949Z   ---
verificar · typecheck · unit · build · audit	Pruebas unitarias (domain, api)	2026-09-21T18:47:52.1056148Z   duration_ms: 0.494205
verificar · typecheck · unit · build · audit	Pruebas unitarias (domain, api)	2026-09-21T18:47:52.1056542Z   type: 'test'
verificar · typecheck · unit · build · audit	Pruebas unitarias (domain, api)	2026-09-21T18:47:52.1057042Z   ...
verificar · typecheck · unit · build · audit	Pruebas unitarias (domain, api)	2026-09-21T18:47:52.1057659Z # Subtest: REG-06-15 · un ciclo aparte, no alcanzable desde el primero, es no resoluble
verificar · typecheck · unit · build · audit	Pruebas unitarias (domain, api)	2026-09-21T18:47:52.1058505Z ok 210 - REG-06-15 · un ciclo aparte, no alcanzable desde el primero, es no resoluble
verificar · typecheck · unit · build · audit	Pruebas unitarias (domain, api)	2026-09-21T18:47:52.1071690Z   ---
verificar · typecheck · unit · build · audit	Pruebas unitarias (domain, api)	2026-09-21T18:47:52.1071936Z   duration_ms: 0.25108
verificar · typecheck · unit · build · audit	Pruebas unitarias (domain, api)	2026-09-21T18:47:52.1072186Z   type: 'test'
verificar · typecheck · unit · build · audit	Pruebas unitarias (domain, api)	2026-09-21T18:47:52.1072407Z   ...
verificar · typecheck · unit · build · audit	Pruebas unitarias (domain, api)	2026-09-21T18:47:52.1072968Z # Subtest: REG-06-16 inc. 3 · un previo que no existe es una relación incompleta
verificar · typecheck · unit · build · audit	Pruebas unitarias (domain, api)	2026-09-21T18:47:52.1073685Z ok 211 - REG-06-16 inc. 3 · un previo que no existe es una relación incompleta
verificar · typecheck · unit · build · audit	Pruebas unitarias (domain, api)	2026-09-21T18:47:52.1074084Z   ---
verificar · typecheck · unit · build · audit	Pruebas unitarias (domain, api)	2026-09-21T18:47:52.1074292Z   duration_ms: 0.280615
verificar · typecheck · unit · build · audit	Pruebas unitarias (domain, api)	2026-09-21T18:47:52.1074530Z   type: 'test'
verificar · typecheck · unit · build · audit	Pruebas unitarias (domain, api)	2026-09-21T18:47:52.1074735Z   ...
verificar · typecheck · unit · build · audit	Pruebas unitarias (domain, api)	2026-09-21T18:47:52.1075093Z # Subtest: un id repetido es una relación incompleta
verificar · typecheck · unit · build · audit	Pruebas unitarias (domain, api)	2026-09-21T18:47:52.1075877Z ok 212 - un id repetido es una relación incompleta
verificar · typecheck · unit · build · audit	Pruebas unitarias (domain, api)	2026-09-21T18:47:52.1076202Z   ---
verificar · typecheck · unit · build · audit	Pruebas unitarias (domain, api)	2026-09-21T18:47:52.1076413Z   duration_ms: 0.329616
verificar · typecheck · unit · build · audit	Pruebas unitarias (domain, api)	2026-09-21T18:47:52.1076642Z   type: 'test'
verificar · typecheck · unit · build · audit	Pruebas unitarias (domain, api)	2026-09-21T18:47:52.1076839Z   ...
verificar · typecheck · unit · build · audit	Pruebas unitarias (domain, api)	2026-09-21T18:47:52.1077244Z # Subtest: REG-06-16 inc. 1 · sin corrección, rige el original
verificar · typecheck · unit · build · audit	Pruebas unitarias (domain, api)	2026-09-21T18:47:52.1077771Z ok 213 - REG-06-16 inc. 1 · sin corrección, rige el original
verificar · typecheck · unit · build · audit	Pruebas unitarias (domain, api)	2026-09-21T18:47:52.1078087Z   ---
verificar · typecheck · unit · build · audit	Pruebas unitarias (domain, api)	2026-09-21T18:47:52.1078292Z   duration_ms: 0.569034
verificar · typecheck · unit · build · audit	Pruebas unitarias (domain, api)	2026-09-21T18:47:52.1078513Z   type: 'test'
verificar · typecheck · unit · build · audit	Pruebas unitarias (domain, api)	2026-09-21T18:47:52.1078706Z   ...
verificar · typecheck · unit · build · audit	Pruebas unitarias (domain, api)	2026-09-21T18:47:52.1079303Z # Subtest: REG-06-16 inc. 2 · con cadena válida rige la terminal, y la cadena conserva todo (TEST-DOM-002)
verificar · typecheck · unit · build · audit	Pruebas unitarias (domain, api)	2026-09-21T18:47:52.1080206Z ok 214 - REG-06-16 inc. 2 · con cadena válida rige la terminal, y la cadena conserva todo (TEST-DOM-002)
verificar · typecheck · unit · build · audit	Pruebas unitarias (domain, api)	2026-09-21T18:47:52.1080657Z   ---
verificar · typecheck · unit · build · audit	Pruebas unitarias (domain, api)	2026-09-21T18:47:52.1080858Z   duration_ms: 0.708966
verificar · typecheck · unit · build · audit	Pruebas unitarias (domain, api)	2026-09-21T18:47:52.1081087Z   type: 'test'
verificar · typecheck · unit · build · audit	Pruebas unitarias (domain, api)	2026-09-21T18:47:52.1081291Z   ...
verificar · typecheck · unit · build · audit	Pruebas unitarias (domain, api)	2026-09-21T18:47:52.1081921Z # Subtest: REG-06-16 · la vista no depende del orden de registro: una corrección «más nueva» por posición no gana
verificar · typecheck · unit · build · audit	Pruebas unitarias (domain, api)	2026-09-21T18:47:52.1082837Z ok 215 - REG-06-16 · la vista no depende del orden de registro: una corrección «más nueva» por posición no gana
verificar · typecheck · unit · build · audit	Pruebas unitarias (domain, api)	2026-09-21T18:47:52.1083311Z   ---
verificar · typecheck · unit · build · audit	Pruebas unitarias (domain, api)	2026-09-21T18:47:52.1083521Z   duration_ms: 0.422329
verificar · typecheck · unit · build · audit	Pruebas unitarias (domain, api)	2026-09-21T18:47:52.1083752Z   type: 'test'
verificar · typecheck · unit · build · audit	Pruebas unitarias (domain, api)	2026-09-21T18:47:52.1083945Z   ...
verificar · typecheck · unit · build · audit	Pruebas unitarias (domain, api)	2026-09-21T18:47:52.1084391Z # Subtest: REG-06-15 · todas las correcciones apuntan al mismo original raíz
verificar · typecheck · unit · build · audit	Pruebas unitarias (domain, api)	2026-09-21T18:47:52.1085019Z ok 216 - REG-06-15 · todas las correcciones apuntan al mismo original raíz
verificar · typecheck · unit · build · audit	Pruebas unitarias (domain, api)	2026-09-21T18:47:52.1085639Z   ---
verificar · typecheck · unit · build · audit	Pruebas unitarias (domain, api)	2026-09-21T18:47:52.1085835Z   duration_ms: 0.196348
verificar · typecheck · unit · build · audit	Pruebas unitarias (domain, api)	2026-09-21T18:47:52.1086058Z   type: 'test'
verificar · typecheck · unit · build · audit	Pruebas unitarias (domain, api)	2026-09-21T18:47:52.1086260Z   ...
verificar · typecheck · unit · build · audit	Pruebas unitarias (domain, api)	2026-09-21T18:47:52.1086759Z # Subtest: REG-06-16 inc. 3 · con ramas, nadie elige por fecha: la vista es no resoluble
verificar · typecheck · unit · build · audit	Pruebas unitarias (domain, api)	2026-09-21T18:47:52.1087459Z ok 217 - REG-06-16 inc. 3 · con ramas, nadie elige por fecha: la vista es no resoluble
verificar · typecheck · unit · build · audit	Pruebas unitarias (domain, api)	2026-09-21T18:47:52.1087855Z   ---
verificar · typecheck · unit · build · audit	Pruebas unitarias (domain, api)	2026-09-21T18:47:52.1088049Z   duration_ms: 0.184274
verificar · typecheck · unit · build · audit	Pruebas unitarias (domain, api)	2026-09-21T18:47:52.1088274Z   type: 'test'
verificar · typecheck · unit · build · audit	Pruebas unitarias (domain, api)	2026-09-21T18:47:52.1088481Z   ...
verificar · typecheck · unit · build · audit	Pruebas unitarias (domain, api)	2026-09-21T18:47:52.1088968Z # Subtest: REG-06-14/15 · la primera corrección apunta al original y no tiene previa
verificar · typecheck · unit · build · audit	Pruebas unitarias (domain, api)	2026-09-21T18:47:52.1089655Z ok 218 - REG-06-14/15 · la primera corrección apunta al original y no tiene previa
verificar · typecheck · unit · build · audit	Pruebas unitarias (domain, api)	2026-09-21T18:47:52.1090046Z   ---
verificar · typecheck · unit · build · audit	Pruebas unitarias (domain, api)	2026-09-21T18:47:52.1090241Z   duration_ms: 0.239448
verificar · typecheck · unit · build · audit	Pruebas unitarias (domain, api)	2026-09-21T18:47:52.1090468Z   type: 'test'
verificar · typecheck · unit · build · audit	Pruebas unitarias (domain, api)	2026-09-21T18:47:52.1090693Z   ...
verificar · typecheck · unit · build · audit	Pruebas unitarias (domain, api)	2026-09-21T18:47:52.1091334Z # Subtest: REG-06-15 · cada corrección sucesiva apunta a la inmediata anterior; si otra entró en el medio, se rechaza
verificar · typecheck · unit · build · audit	Pruebas unitarias (domain, api)	2026-09-21T18:47:52.1092672Z ok 219 - REG-06-15 · cada corrección sucesiva apunta a la inmediata anterior; si otra entró en el medio, se rechaza
verificar · typecheck · unit · build · audit	Pruebas unitarias (domain, api)	2026-09-21T18:47:52.1093175Z   ---
verificar · typecheck · unit · build · audit	Pruebas unitarias (domain, api)	2026-09-21T18:47:52.1093380Z   duration_ms: 0.200264
verificar · typecheck · unit · build · audit	Pruebas unitarias (domain, api)	2026-09-21T18:47:52.1093606Z   type: 'test'
verificar · typecheck · unit · build · audit	Pruebas unitarias (domain, api)	2026-09-21T18:47:52.1093796Z   ...
verificar · typecheck · unit · build · audit	Pruebas unitarias (domain, api)	2026-09-21T18:47:52.1094292Z # Subtest: REG-06-14 · no se corrige otro original ni sobre una historia no resoluble
verificar · typecheck · unit · build · audit	Pruebas unitarias (domain, api)	2026-09-21T18:47:52.1094970Z ok 220 - REG-06-14 · no se corrige otro original ni sobre una historia no resoluble
verificar · typecheck · unit · build · audit	Pruebas unitarias (domain, api)	2026-09-21T18:47:52.1095643Z   ---
verificar · typecheck · unit · build · audit	Pruebas unitarias (domain, api)	2026-09-21T18:47:52.1095857Z   duration_ms: 0.204212
verificar · typecheck · unit · build · audit	Pruebas unitarias (domain, api)	2026-09-21T18:47:52.1096083Z   type: 'test'
verificar · typecheck · unit · build · audit	Pruebas unitarias (domain, api)	2026-09-21T18:47:52.1096279Z   ...
verificar · typecheck · unit · build · audit	Pruebas unitarias (domain, api)	2026-09-21T18:47:52.1096929Z # Subtest: REG-06-12 · la primera versión no tiene predecesora; si ya hay versiones, la nueva tiene que declararla
verificar · typecheck · unit · build · audit	Pruebas unitarias (domain, api)	2026-09-21T18:47:52.1097841Z ok 221 - REG-06-12 · la primera versión no tiene predecesora; si ya hay versiones, la nueva tiene que declararla
verificar · typecheck · unit · build · audit	Pruebas unitarias (domain, api)	2026-09-21T18:47:52.1098342Z   ---
verificar · typecheck · unit · build · audit	Pruebas unitarias (domain, api)	2026-09-21T18:47:52.1098540Z   duration_ms: 0.280574
verificar · typecheck · unit · build · audit	Pruebas unitarias (domain, api)	2026-09-21T18:47:52.1098765Z   type: 'test'
verificar · typecheck · unit · build · audit	Pruebas unitarias (domain, api)	2026-09-21T18:47:52.1098959Z   ...
verificar · typecheck · unit · build · audit	Pruebas unitarias (domain, api)	2026-09-21T18:47:52.1099419Z # Subtest: TEST-DOM-009 · la nueva versión sucede a la anterior sin modificarla
verificar · typecheck · unit · build · audit	Pruebas unitarias (domain, api)	2026-09-21T18:47:52.1100070Z ok 222 - TEST-DOM-009 · la nueva versión sucede a la anterior sin modificarla
verificar · typecheck · unit · build · audit	Pruebas unitarias (domain, api)	2026-09-21T18:47:52.1100435Z   ---
verificar · typecheck · unit · build · audit	Pruebas unitarias (domain, api)	2026-09-21T18:47:52.1100626Z   duration_ms: 0.31005
verificar · typecheck · unit · build · audit	Pruebas unitarias (domain, api)	2026-09-21T18:47:52.1100848Z   type: 'test'
verificar · typecheck · unit · build · audit	Pruebas unitarias (domain, api)	2026-09-21T18:47:52.1101041Z   ...
verificar · typecheck · unit · build · audit	Pruebas unitarias (domain, api)	2026-09-21T18:47:52.1101756Z # Subtest: REG-06-12 · misma entidad: una predecesora de otro objeto, o inexistente, no se admite
verificar · typecheck · unit · build · audit	Pruebas unitarias (domain, api)	2026-09-21T18:47:52.1102582Z ok 223 - REG-06-12 · misma entidad: una predecesora de otro objeto, o inexistente, no se admite
verificar · typecheck · unit · build · audit	Pruebas unitarias (domain, api)	2026-09-21T18:47:52.1103016Z   ---
verificar · typecheck · unit · build · audit	Pruebas unitarias (domain, api)	2026-09-21T18:47:52.1103206Z   duration_ms: 0.195836
verificar · typecheck · unit · build · audit	Pruebas unitarias (domain, api)	2026-09-21T18:47:52.1103432Z   type: 'test'
verificar · typecheck · unit · build · audit	Pruebas unitarias (domain, api)	2026-09-21T18:47:52.1103637Z   ...
verificar · typecheck · unit · build · audit	Pruebas unitarias (domain, api)	2026-09-21T18:47:52.1104179Z # Subtest: REG-06-12 · sin regla de ramas, una segunda sucesora de la misma versión es bifurcación
verificar · typecheck · unit · build · audit	Pruebas unitarias (domain, api)	2026-09-21T18:47:52.1104961Z ok 224 - REG-06-12 · sin regla de ramas, una segunda sucesora de la misma versión es bifurcación
verificar · typecheck · unit · build · audit	Pruebas unitarias (domain, api)	2026-09-21T18:47:52.1105807Z   ---
verificar · typecheck · unit · build · audit	Pruebas unitarias (domain, api)	2026-09-21T18:47:52.1106116Z   duration_ms: 0.163867
verificar · typecheck · unit · build · audit	Pruebas unitarias (domain, api)	2026-09-21T18:47:52.1106504Z   type: 'test'
verificar · typecheck · unit · build · audit	Pruebas unitarias (domain, api)	2026-09-21T18:47:52.1106728Z   ...
verificar · typecheck · unit · build · audit	Pruebas unitarias (domain, api)	2026-09-21T18:47:52.1107275Z # Subtest: INV-06-107 · la versión terminal sale de la sucesión, no del orden ni de la fecha
verificar · typecheck · unit · build · audit	Pruebas unitarias (domain, api)	2026-09-21T18:47:52.1108024Z ok 225 - INV-06-107 · la versión terminal sale de la sucesión, no del orden ni de la fecha
verificar · typecheck · unit · build · audit	Pruebas unitarias (domain, api)	2026-09-21T18:47:52.1108443Z   ---
verificar · typecheck · unit · build · audit	Pruebas unitarias (domain, api)	2026-09-21T18:47:52.1108638Z   duration_ms: 1.773116
verificar · typecheck · unit · build · audit	Pruebas unitarias (domain, api)	2026-09-21T18:47:52.1108861Z   type: 'test'
verificar · typecheck · unit · build · audit	Pruebas unitarias (domain, api)	2026-09-21T18:47:52.1109061Z   ...
verificar · typecheck · unit · build · audit	Pruebas unitarias (domain, api)	2026-09-21T18:47:52.1109538Z # Subtest: INV-06-13 · la serialización canónica no depende del orden de las claves
verificar · typecheck · unit · build · audit	Pruebas unitarias (domain, api)	2026-09-21T18:47:52.1110209Z ok 226 - INV-06-13 · la serialización canónica no depende del orden de las claves
verificar · typecheck · unit · build · audit	Pruebas unitarias (domain, api)	2026-09-21T18:47:52.1110843Z   ---
verificar · typecheck · unit · build · audit	Pruebas unitarias (domain, api)	2026-09-21T18:47:52.1111046Z   duration_ms: 0.417221
verificar · typecheck · unit · build · audit	Pruebas unitarias (domain, api)	2026-09-21T18:47:52.1111271Z   type: 'test'
verificar · typecheck · unit · build · audit	Pruebas unitarias (domain, api)	2026-09-21T18:47:52.1111463Z   ...
verificar · typecheck · unit · build · audit	Pruebas unitarias (domain, api)	2026-09-21T18:47:52.1112194Z # Subtest: INV-06-13 · el orden de los arreglos sí es contenido: cambiarlo cambia la serialización
verificar · typecheck · unit · build · audit	Pruebas unitarias (domain, api)	2026-09-21T18:47:52.1113147Z ok 227 - INV-06-13 · el orden de los arreglos sí es contenido: cambiarlo cambia la serialización
verificar · typecheck · unit · build · audit	Pruebas unitarias (domain, api)	2026-09-21T18:47:52.1113608Z   ---
verificar · typecheck · unit · build · audit	Pruebas unitarias (domain, api)	2026-09-21T18:47:52.1113807Z   duration_ms: 0.248394
verificar · typecheck · unit · build · audit	Pruebas unitarias (domain, api)	2026-09-21T18:47:52.1114031Z   type: 'test'
verificar · typecheck · unit · build · audit	Pruebas unitarias (domain, api)	2026-09-21T18:47:52.1114356Z   ...
verificar · typecheck · unit · build · audit	Pruebas unitarias (domain, api)	2026-09-21T18:47:52.1114930Z # Subtest: la serialización canónica rechaza lo que no es JSON reproducible, en vez de perderlo
verificar · typecheck · unit · build · audit	Pruebas unitarias (domain, api)	2026-09-21T18:47:52.1116038Z ok 228 - la serialización canónica rechaza lo que no es JSON reproducible, en vez de perderlo
verificar · typecheck · unit · build · audit	Pruebas unitarias (domain, api)	2026-09-21T18:47:52.1116473Z   ---
verificar · typecheck · unit · build · audit	Pruebas unitarias (domain, api)	2026-09-21T18:47:52.1116807Z   duration_ms: 0.636681
verificar · typecheck · unit · build · audit	Pruebas unitarias (domain, api)	2026-09-21T18:47:52.1117032Z   type: 'test'
verificar · typecheck · unit · build · audit	Pruebas unitarias (domain, api)	2026-09-21T18:47:52.1117525Z   ...
verificar · typecheck · unit · build · audit	Pruebas unitarias (domain, api)	2026-09-21T18:47:52.1117764Z 1..228
verificar · typecheck · unit · build · audit	Pruebas unitarias (domain, api)	2026-09-21T18:47:52.1118051Z # tests 228
verificar · typecheck · unit · build · audit	Pruebas unitarias (domain, api)	2026-09-21T18:47:52.1118245Z # suites 0
verificar · typecheck · unit · build · audit	Pruebas unitarias (domain, api)	2026-09-21T18:47:52.1118430Z # pass 228
verificar · typecheck · unit · build · audit	Pruebas unitarias (domain, api)	2026-09-21T18:47:52.1118621Z # fail 0
verificar · typecheck · unit · build · audit	Pruebas unitarias (domain, api)	2026-09-21T18:47:52.1118808Z # cancelled 0
verificar · typecheck · unit · build · audit	Pruebas unitarias (domain, api)	2026-09-21T18:47:52.1119142Z # skipped 0
verificar · typecheck · unit · build · audit	Pruebas unitarias (domain, api)	2026-09-21T18:47:52.1119347Z # todo 0
verificar · typecheck · unit · build · audit	Pruebas unitarias (domain, api)	2026-09-21T18:47:52.1119566Z # duration_ms 893.526082
verificar · typecheck · unit · build · audit	Pruebas unitarias (domain, api)	2026-09-21T18:47:52.1461643Z TAP version 13
verificar · typecheck · unit · build · audit	Pruebas unitarias (domain, api)	2026-09-21T18:47:52.7668426Z # Subtest: T13 · el copy de las pantallas de nutrición no tiene puntajes, juicios ni huecos completados
verificar · typecheck · unit · build · audit	Pruebas unitarias (domain, api)	2026-09-21T18:47:52.7675765Z ok 1 - T13 · el copy de las pantallas de nutrición no tiene puntajes, juicios ni huecos completados
verificar · typecheck · unit · build · audit	Pruebas unitarias (domain, api)	2026-09-21T18:47:52.7676508Z   ---
verificar · typecheck · unit · build · audit	Pruebas unitarias (domain, api)	2026-09-21T18:47:52.7677034Z   duration_ms: 153.485981
verificar · typecheck · unit · build · audit	Pruebas unitarias (domain, api)	2026-09-21T18:47:52.7677449Z   type: 'test'
verificar · typecheck · unit · build · audit	Pruebas unitarias (domain, api)	2026-09-21T18:47:52.7679950Z   ...
verificar · typecheck · unit · build · audit	Pruebas unitarias (domain, api)	2026-09-21T18:47:52.7683005Z # Subtest: T13 · el copy de las pantallas de antropometría no tiene puntajes, juicios ni huecos completados
verificar · typecheck · unit · build · audit	Pruebas unitarias (domain, api)	2026-09-21T18:47:52.7686631Z ok 2 - T13 · el copy de las pantallas de antropometría no tiene puntajes, juicios ni huecos completados
verificar · typecheck · unit · build · audit	Pruebas unitarias (domain, api)	2026-09-21T18:47:52.7687530Z   ---
verificar · typecheck · unit · build · audit	Pruebas unitarias (domain, api)	2026-09-21T18:47:52.7687874Z   duration_ms: 30.844777
verificar · typecheck · unit · build · audit	Pruebas unitarias (domain, api)	2026-09-21T18:47:52.7688289Z   type: 'test'
verificar · typecheck · unit · build · audit	Pruebas unitarias (domain, api)	2026-09-21T18:47:52.7688648Z   ...
verificar · typecheck · unit · build · audit	Pruebas unitarias (domain, api)	2026-09-21T18:47:52.7692512Z # Subtest: T13 · el copy de las pantallas de entrenamiento no tiene puntajes, juicios ni huecos completados
verificar · typecheck · unit · build · audit	Pruebas unitarias (domain, api)	2026-09-21T18:47:52.7694896Z ok 3 - T13 · el copy de las pantallas de entrenamiento no tiene puntajes, juicios ni huecos completados
verificar · typecheck · unit · build · audit	Pruebas unitarias (domain, api)	2026-09-21T18:47:52.7695963Z   ---
verificar · typecheck · unit · build · audit	Pruebas unitarias (domain, api)	2026-09-21T18:47:52.7696201Z   duration_ms: 75.243293
verificar · typecheck · unit · build · audit	Pruebas unitarias (domain, api)	2026-09-21T18:47:52.7696449Z   type: 'test'
verificar · typecheck · unit · build · audit	Pruebas unitarias (domain, api)	2026-09-21T18:47:52.7696656Z   ...
verificar · typecheck · unit · build · audit	Pruebas unitarias (domain, api)	2026-09-21T18:47:52.7698577Z # Subtest: T13 · el extractor encuentra un término prohibido en el copy e ignora los estilos
verificar · typecheck · unit · build · audit	Pruebas unitarias (domain, api)	2026-09-21T18:47:52.7700119Z ok 4 - T13 · el extractor encuentra un término prohibido en el copy e ignora los estilos
verificar · typecheck · unit · build · audit	Pruebas unitarias (domain, api)	2026-09-21T18:47:52.7726044Z   ---
verificar · typecheck · unit · build · audit	Pruebas unitarias (domain, api)	2026-09-21T18:47:52.7726626Z   duration_ms: 0.624638
verificar · typecheck · unit · build · audit	Pruebas unitarias (domain, api)	2026-09-21T18:47:52.7745908Z   type: 'test'
verificar · typecheck · unit · build · audit	Pruebas unitarias (domain, api)	2026-09-21T18:47:52.7746456Z   ...
verificar · typecheck · unit · build · audit	Pruebas unitarias (domain, api)	2026-09-21T18:47:52.7747702Z # Subtest: T13 · en antropometría, un juicio afirmativo se detecta y su negación explícita no
verificar · typecheck · unit · build · audit	Pruebas unitarias (domain, api)	2026-09-21T18:47:52.7749185Z ok 5 - T13 · en antropometría, un juicio afirmativo se detecta y su negación explícita no
verificar · typecheck · unit · build · audit	Pruebas unitarias (domain, api)	2026-09-21T18:47:52.7750060Z   ---
verificar · typecheck · unit · build · audit	Pruebas unitarias (domain, api)	2026-09-21T18:47:52.7750534Z   duration_ms: 0.326851
verificar · typecheck · unit · build · audit	Pruebas unitarias (domain, api)	2026-09-21T18:47:52.7751047Z   type: 'test'
verificar · typecheck · unit · build · audit	Pruebas unitarias (domain, api)	2026-09-21T18:47:52.7751503Z   ...
verificar · typecheck · unit · build · audit	Pruebas unitarias (domain, api)	2026-09-21T18:47:52.7752437Z # Subtest: T13 · el titular de la medición muestra el valor vigente, no el original
verificar · typecheck · unit · build · audit	Pruebas unitarias (domain, api)	2026-09-21T18:47:52.7753702Z ok 6 - T13 · el titular de la medición muestra el valor vigente, no el original
verificar · typecheck · unit · build · audit	Pruebas unitarias (domain, api)	2026-09-21T18:47:52.7754561Z   ---
verificar · typecheck · unit · build · audit	Pruebas unitarias (domain, api)	2026-09-21T18:47:52.7755046Z   duration_ms: 4.755985
verificar · typecheck · unit · build · audit	Pruebas unitarias (domain, api)	2026-09-21T18:47:52.7755787Z   type: 'test'
verificar · typecheck · unit · build · audit	Pruebas unitarias (domain, api)	2026-09-21T18:47:52.7756267Z   ...
verificar · typecheck · unit · build · audit	Pruebas unitarias (domain, api)	2026-09-21T18:47:52.7757451Z # Subtest: WP-06 §9.2 · ninguna pantalla de entrenamiento deriva «No realizada» de la ausencia de registro
verificar · typecheck · unit · build · audit	Pruebas unitarias (domain, api)	2026-09-21T18:47:52.7759137Z ok 7 - WP-06 §9.2 · ninguna pantalla de entrenamiento deriva «No realizada» de la ausencia de registro
verificar · typecheck · unit · build · audit	Pruebas unitarias (domain, api)	2026-09-21T18:47:52.7760084Z   ---
verificar · typecheck · unit · build · audit	Pruebas unitarias (domain, api)	2026-09-21T18:47:52.7760556Z   duration_ms: 52.031169
verificar · typecheck · unit · build · audit	Pruebas unitarias (domain, api)	2026-09-21T18:47:52.7761095Z   type: 'test'
verificar · typecheck · unit · build · audit	Pruebas unitarias (domain, api)	2026-09-21T18:47:52.7761581Z   ...
verificar · typecheck · unit · build · audit	Pruebas unitarias (domain, api)	2026-09-21T18:47:52.7762762Z # Subtest: WP-06 §9.2 · la guardia detecta una pantalla que escribe «No realizada» o lee la condición suelta
verificar · typecheck · unit · build · audit	Pruebas unitarias (domain, api)	2026-09-21T18:47:52.7764308Z ok 8 - WP-06 §9.2 · la guardia detecta una pantalla que escribe «No realizada» o lee la condición suelta
verificar · typecheck · unit · build · audit	Pruebas unitarias (domain, api)	2026-09-21T18:47:52.7765477Z   ---
verificar · typecheck · unit · build · audit	Pruebas unitarias (domain, api)	2026-09-21T18:47:52.7765985Z   duration_ms: 0.415117
verificar · typecheck · unit · build · audit	Pruebas unitarias (domain, api)	2026-09-21T18:47:52.7766509Z   type: 'test'
verificar · typecheck · unit · build · audit	Pruebas unitarias (domain, api)	2026-09-21T18:47:52.7766985Z   ...
verificar · typecheck · unit · build · audit	Pruebas unitarias (domain, api)	2026-09-21T18:47:52.8023638Z 1..8
verificar · typecheck · unit · build · audit	Pruebas unitarias (domain, api)	2026-09-21T18:47:52.8024019Z # tests 8
verificar · typecheck · unit · build · audit	Pruebas unitarias (domain, api)	2026-09-21T18:47:52.8024417Z # suites 0
verificar · typecheck · unit · build · audit	Pruebas unitarias (domain, api)	2026-09-21T18:47:52.8024715Z # pass 8
verificar · typecheck · unit · build · audit	Pruebas unitarias (domain, api)	2026-09-21T18:47:52.8025054Z # fail 0
verificar · typecheck · unit · build · audit	Pruebas unitarias (domain, api)	2026-09-21T18:47:52.8025920Z # cancelled 0
verificar · typecheck · unit · build · audit	Pruebas unitarias (domain, api)	2026-09-21T18:47:52.8026851Z # skipped 0
verificar · typecheck · unit · build · audit	Pruebas unitarias (domain, api)	2026-09-21T18:47:52.8027513Z # todo 0
verificar · typecheck · unit · build · audit	Pruebas unitarias (domain, api)	2026-09-21T18:47:52.8027943Z # duration_ms 668.719386
verificar · typecheck · unit · build · audit	Pruebas unitarias (domain, api)	2026-09-21T18:47:52.9215879Z 
verificar · typecheck · unit · build · audit	Pruebas unitarias (domain, api)	2026-09-21T18:47:52.9216614Z > @be/api@0.6.0 test
verificar · typecheck · unit · build · audit	Pruebas unitarias (domain, api)	2026-09-21T18:47:52.9217062Z > jest --config jest.config.js
verificar · typecheck · unit · build · audit	Pruebas unitarias (domain, api)	2026-09-21T18:47:52.9217303Z 
verificar · typecheck · unit · build · audit	Pruebas unitarias (domain, api)	2026-09-21T18:47:59.6906058Z PASS src/plataforma/dependencias.spec.ts (5.862 s)
verificar · typecheck · unit · build · audit	Pruebas unitarias (domain, api)	2026-09-21T18:47:59.8962090Z PASS src/config/entorno.spec.ts (6.181 s)
verificar · typecheck · unit · build · audit	Pruebas unitarias (domain, api)	2026-09-21T18:48:00.5617093Z PASS src/plataforma/limitador.spec.ts
verificar · typecheck · unit · build · audit	Pruebas unitarias (domain, api)	2026-09-21T18:48:04.7453778Z {"nivel":"info","requestId":"0b521869-cbbd-4e69-85df-16fa1acd1a5a","metodo":"GET","ruta":"/health/live","status":200,"duracionMs":4}
verificar · typecheck · unit · build · audit	Pruebas unitarias (domain, api)	2026-09-21T18:48:04.8793135Z {"nivel":"info","requestId":"28792901-03d7-4191-a856-e54525624662","metodo":"GET","ruta":"/health","status":200,"duracionMs":1}
verificar · typecheck · unit · build · audit	Pruebas unitarias (domain, api)	2026-09-21T18:48:04.9927634Z {"nivel":"info","requestId":"ca25f54f-8159-4d35-b2a3-5398b5f599ab","metodo":"GET","ruta":"/health/ready","status":200,"duracionMs":0}
verificar · typecheck · unit · build · audit	Pruebas unitarias (domain, api)	2026-09-21T18:48:05.1022661Z {"nivel":"info","requestId":"d13c2ff7-f888-44d7-9bb3-db65e3088926","metodo":"GET","ruta":"/health/ready","status":503,"duracionMs":0}
verificar · typecheck · unit · build · audit	Pruebas unitarias (domain, api)	2026-09-21T18:48:05.2182792Z {"nivel":"info","requestId":"c7fc9837-85e4-4a9c-a0c2-fdfe2b5f1ff1","metodo":"GET","ruta":"/health","status":503,"duracionMs":1}
verificar · typecheck · unit · build · audit	Pruebas unitarias (domain, api)	2026-09-21T18:48:05.3283212Z {"nivel":"info","requestId":"5261ff0d-7d65-4888-bd75-e730d21074c5","metodo":"GET","ruta":"/health/ready","status":503,"duracionMs":0}
verificar · typecheck · unit · build · audit	Pruebas unitarias (domain, api)	2026-09-21T18:48:05.4414275Z {"nivel":"info","requestId":"ad10d820-4f74-4c7d-9870-e4b897689e3b","metodo":"GET","ruta":"/health/ready","status":200,"duracionMs":0}
verificar · typecheck · unit · build · audit	Pruebas unitarias (domain, api)	2026-09-21T18:48:05.5549696Z {"nivel":"info","requestId":"22c825e3-ff29-4df1-8efc-f771a9435067","metodo":"GET","ruta":"SIN_RUTA","status":404,"duracionMs":3}
verificar · typecheck · unit · build · audit	Pruebas unitarias (domain, api)	2026-09-21T18:48:05.5712703Z PASS src/health/health.spec.ts (11.733 s)
verificar · typecheck · unit · build · audit	Pruebas unitarias (domain, api)	2026-09-21T18:48:05.6665686Z {"nivel":"info","requestId":"54713229-157c-4532-86ec-a4357f691315","metodo":"GET","ruta":"SIN_RUTA","status":404,"duracionMs":2}
verificar · typecheck · unit · build · audit	Pruebas unitarias (domain, api)	2026-09-21T18:48:05.6854447Z 
verificar · typecheck · unit · build · audit	Pruebas unitarias (domain, api)	2026-09-21T18:48:05.6858593Z Test Suites: 4 passed, 4 total
verificar · typecheck · unit · build · audit	Pruebas unitarias (domain, api)	2026-09-21T18:48:05.6859279Z Tests:       33 passed, 33 total
verificar · typecheck · unit · build · audit	Pruebas unitarias (domain, api)	2026-09-21T18:48:05.6859797Z Snapshots:   0 total
verificar · typecheck · unit · build · audit	Pruebas unitarias (domain, api)	2026-09-21T18:48:05.6860233Z Time:        12.502 s
verificar · typecheck · unit · build · audit	Pruebas unitarias (domain, api)	2026-09-21T18:48:05.6860679Z Ran all test suites.
verificar · typecheck · unit · build · audit	Build API	﻿2026-09-21T18:48:05.7100543Z ##[group]Run npm run build:api
verificar · typecheck · unit · build · audit	Build API	2026-09-21T18:48:05.7100880Z ^[[36;1mnpm run build:api^[[0m
verificar · typecheck · unit · build · audit	Build API	2026-09-21T18:48:05.7138455Z shell: /usr/bin/bash -e {0}
verificar · typecheck · unit · build · audit	Build API	2026-09-21T18:48:05.7138745Z ##[endgroup]
verificar · typecheck · unit · build · audit	Build API	2026-09-21T18:48:05.8153830Z 
verificar · typecheck · unit · build · audit	Build API	2026-09-21T18:48:05.8154483Z > be@0.1.0 build:api
verificar · typecheck · unit · build · audit	Build API	2026-09-21T18:48:05.8155706Z > npm run build:domain && npm run build -w @be/api
verificar · typecheck · unit · build · audit	Build API	2026-09-21T18:48:05.8156148Z 
verificar · typecheck · unit · build · audit	Build API	2026-09-21T18:48:05.9145683Z 
verificar · typecheck · unit · build · audit	Build API	2026-09-21T18:48:05.9146399Z > be@0.1.0 build:domain
verificar · typecheck · unit · build · audit	Build API	2026-09-21T18:48:05.9147047Z > npm run build -w @be/domain
verificar · typecheck · unit · build · audit	Build API	2026-09-21T18:48:05.9147385Z 
verificar · typecheck · unit · build · audit	Build API	2026-09-21T18:48:06.0301637Z 
verificar · typecheck · unit · build · audit	Build API	2026-09-21T18:48:06.0302221Z > @be/domain@0.1.0 build
verificar · typecheck · unit · build · audit	Build API	2026-09-21T18:48:06.0302733Z > tsc -p tsconfig.json
verificar · typecheck · unit · build · audit	Build API	2026-09-21T18:48:06.0302941Z 
verificar · typecheck · unit · build · audit	Build API	2026-09-21T18:48:10.6355712Z 
verificar · typecheck · unit · build · audit	Build API	2026-09-21T18:48:10.6356387Z > @be/api@0.6.0 build
verificar · typecheck · unit · build · audit	Build API	2026-09-21T18:48:10.6356815Z > tsc -p tsconfig.build.json
verificar · typecheck · unit · build · audit	Build API	2026-09-21T18:48:10.6357046Z 
verificar · typecheck · unit · build · audit	Build web (export estático)	﻿2026-09-21T18:48:16.4228126Z ##[group]Run npm run build:web
verificar · typecheck · unit · build · audit	Build web (export estático)	2026-09-21T18:48:16.4228483Z ^[[36;1mnpm run build:web^[[0m
verificar · typecheck · unit · build · audit	Build web (export estático)	2026-09-21T18:48:16.4265009Z shell: /usr/bin/bash -e {0}
verificar · typecheck · unit · build · audit	Build web (export estático)	2026-09-21T18:48:16.4265529Z ##[endgroup]
verificar · typecheck · unit · build · audit	Build web (export estático)	2026-09-21T18:48:16.5322180Z 
verificar · typecheck · unit · build · audit	Build web (export estático)	2026-09-21T18:48:16.5322553Z > be@0.1.0 build:web
verificar · typecheck · unit · build · audit	Build web (export estático)	2026-09-21T18:48:16.5323123Z > npm run build:domain && npm run build -w @be/web
verificar · typecheck · unit · build · audit	Build web (export estático)	2026-09-21T18:48:16.5323428Z 
verificar · typecheck · unit · build · audit	Build web (export estático)	2026-09-21T18:48:16.6341023Z 
verificar · typecheck · unit · build · audit	Build web (export estático)	2026-09-21T18:48:16.6341770Z > be@0.1.0 build:domain
verificar · typecheck · unit · build · audit	Build web (export estático)	2026-09-21T18:48:16.6342318Z > npm run build -w @be/domain
verificar · typecheck · unit · build · audit	Build web (export estático)	2026-09-21T18:48:16.6342557Z 
verificar · typecheck · unit · build · audit	Build web (export estático)	2026-09-21T18:48:16.7563243Z 
verificar · typecheck · unit · build · audit	Build web (export estático)	2026-09-21T18:48:16.7563525Z > @be/domain@0.1.0 build
verificar · typecheck · unit · build · audit	Build web (export estático)	2026-09-21T18:48:16.7563866Z > tsc -p tsconfig.json
verificar · typecheck · unit · build · audit	Build web (export estático)	2026-09-21T18:48:16.7564031Z 
verificar · typecheck · unit · build · audit	Build web (export estático)	2026-09-21T18:48:21.3063949Z 
verificar · typecheck · unit · build · audit	Build web (export estático)	2026-09-21T18:48:21.3064995Z > @be/web@0.6.0 build
verificar · typecheck · unit · build · audit	Build web (export estático)	2026-09-21T18:48:21.3065693Z > next build
verificar · typecheck · unit · build · audit	Build web (export estático)	2026-09-21T18:48:21.3065869Z 
verificar · typecheck · unit · build · audit	Build web (export estático)	2026-09-21T18:48:21.8226082Z ⚠ No build cache found. Please configure build caching for faster rebuilds. Read more: https://nextjs.org/docs/messages/no-cache
verificar · typecheck · unit · build · audit	Build web (export estático)	2026-09-21T18:48:21.8290689Z Attention: Next.js now collects completely anonymous telemetry regarding usage.
verificar · typecheck · unit · build · audit	Build web (export estático)	2026-09-21T18:48:21.8292304Z This information is used to shape Next.js' roadmap and prioritize features.
verificar · typecheck · unit · build · audit	Build web (export estático)	2026-09-21T18:48:21.8293414Z You can learn more, including how to opt-out if you'd not like to participate in this anonymous program, by visiting the following URL:
verificar · typecheck · unit · build · audit	Build web (export estático)	2026-09-21T18:48:21.8294168Z https://nextjs.org/telemetry
verificar · typecheck · unit · build · audit	Build web (export estático)	2026-09-21T18:48:21.8294385Z 
verificar · typecheck · unit · build · audit	Build web (export estático)	2026-09-21T18:48:21.9196327Z    ▲ Next.js 15.5.25
verificar · typecheck · unit · build · audit	Build web (export estático)	2026-09-21T18:48:21.9205665Z 
verificar · typecheck · unit · build · audit	Build web (export estático)	2026-09-21T18:48:21.9954436Z    Creating an optimized production build ...
verificar · typecheck · unit · build · audit	Build web (export estático)	2026-09-21T18:48:33.3197089Z  ✓ Compiled successfully in 8.9s
verificar · typecheck · unit · build · audit	Build web (export estático)	2026-09-21T18:48:33.3243601Z    Linting and checking validity of types ...
verificar · typecheck · unit · build · audit	Build web (export estático)	2026-09-21T18:48:39.3470498Z    Collecting page data ...
verificar · typecheck · unit · build · audit	Build web (export estático)	2026-09-21T18:48:41.6006238Z    Generating static pages (0/18) ...
verificar · typecheck · unit · build · audit	Build web (export estático)	2026-09-21T18:48:42.3238247Z    Generating static pages (4/18) 
verificar · typecheck · unit · build · audit	Build web (export estático)	2026-09-21T18:48:42.3240495Z    Generating static pages (8/18) 
verificar · typecheck · unit · build · audit	Build web (export estático)	2026-09-21T18:48:42.6604395Z    Generating static pages (13/18) 
verificar · typecheck · unit · build · audit	Build web (export estático)	2026-09-21T18:48:42.6605740Z  ✓ Generating static pages (18/18)
verificar · typecheck · unit · build · audit	Build web (export estático)	2026-09-21T18:48:43.1150671Z    Finalizing page optimization ...
verificar · typecheck · unit · build · audit	Build web (export estático)	2026-09-21T18:48:43.1151404Z    Collecting build traces ...
verificar · typecheck · unit · build · audit	Build web (export estático)	2026-09-21T18:48:48.5535337Z    Exporting (0/2) ...
verificar · typecheck · unit · build · audit	Build web (export estático)	2026-09-21T18:48:48.7913137Z  ✓ Exporting (2/2)
verificar · typecheck · unit · build · audit	Build web (export estático)	2026-09-21T18:48:48.8021746Z 
verificar · typecheck · unit · build · audit	Build web (export estático)	2026-09-21T18:48:48.8062146Z Route (app)                                 Size  First Load JS
verificar · typecheck · unit · build · audit	Build web (export estático)	2026-09-21T18:48:48.8063213Z ┌ ○ /                                      908 B         252 kB
verificar · typecheck · unit · build · audit	Build web (export estático)	2026-09-21T18:48:48.8064195Z ├ ○ /_not-found                            986 B         103 kB
verificar · typecheck · unit · build · audit	Build web (export estático)	2026-09-21T18:48:48.8065080Z ├ ○ /account                              4.4 kB         255 kB
verificar · typecheck · unit · build · audit	Build web (export estático)	2026-09-21T18:48:48.8067711Z ├ ○ /account/privacy                     5.01 kB         256 kB
verificar · typecheck · unit · build · audit	Build web (export estático)	2026-09-21T18:48:48.8068658Z ├ ○ /account/relationships               4.13 kB         255 kB
verificar · typecheck · unit · build · audit	Build web (export estático)	2026-09-21T18:48:48.8069675Z ├ ○ /account/relationships/consent       3.72 kB         255 kB
verificar · typecheck · unit · build · audit	Build web (export estático)	2026-09-21T18:48:48.8070397Z ├ ○ /account/relationships/detail        5.05 kB         256 kB
verificar · typecheck · unit · build · audit	Build web (export estático)	2026-09-21T18:48:48.8070945Z ├ ○ /legal/privacidad                      164 B         106 kB
verificar · typecheck · unit · build · audit	Build web (export estático)	2026-09-21T18:48:48.8071465Z ├ ○ /legal/terminos                        164 B         106 kB
verificar · typecheck · unit · build · audit	Build web (export estático)	2026-09-21T18:48:48.8071962Z ├ ○ /login                               2.15 kB         253 kB
verificar · typecheck · unit · build · audit	Build web (export estático)	2026-09-21T18:48:48.8072451Z ├ ○ /pro                                   183 B         256 kB
verificar · typecheck · unit · build · audit	Build web (export estático)	2026-09-21T18:48:48.8072941Z ├ ○ /pro/advisees                        1.73 kB         257 kB
verificar · typecheck · unit · build · audit	Build web (export estático)	2026-09-21T18:48:48.8073461Z ├ ○ /pro/advisees/anthropometry           6.9 kB         262 kB
verificar · typecheck · unit · build · audit	Build web (export estático)	2026-09-21T18:48:48.8074042Z ├ ○ /pro/advisees/nutrition              13.9 kB         269 kB
verificar · typecheck · unit · build · audit	Build web (export estático)	2026-09-21T18:48:48.8074569Z ├ ○ /pro/advisees/training               15.7 kB         271 kB
verificar · typecheck · unit · build · audit	Build web (export estático)	2026-09-21T18:48:48.8075076Z └ ○ /register                            2.86 kB         254 kB
verificar · typecheck · unit · build · audit	Build web (export estático)	2026-09-21T18:48:48.8075864Z + First Load JS shared by all             102 kB
verificar · typecheck · unit · build · audit	Build web (export estático)	2026-09-21T18:48:48.8076757Z   ├ chunks/18-322c3a0465595f76.js        46.4 kB
verificar · typecheck · unit · build · audit	Build web (export estático)	2026-09-21T18:48:48.8077178Z   ├ chunks/87c73c54-0375ba195de27293.js  54.2 kB
verificar · typecheck · unit · build · audit	Build web (export estático)	2026-09-21T18:48:48.8077592Z   └ other shared chunks (total)          1.87 kB
verificar · typecheck · unit · build · audit	Build web (export estático)	2026-09-21T18:48:48.8077804Z 
verificar · typecheck · unit · build · audit	Build web (export estático)	2026-09-21T18:48:48.8077812Z 
verificar · typecheck · unit · build · audit	Build web (export estático)	2026-09-21T18:48:48.8078026Z ○  (Static)  prerendered as static content
verificar · typecheck · unit · build · audit	Build web (export estático)	2026-09-21T18:48:48.8078245Z 
verificar · typecheck · unit · build · audit	npm audit --omit=dev — falla con altos o críticos (WP-01 §2)	﻿2026-09-21T18:48:48.8654892Z ##[group]Run npm run audit:prod
verificar · typecheck · unit · build · audit	npm audit --omit=dev — falla con altos o críticos (WP-01 §2)	2026-09-21T18:48:48.8655783Z ^[[36;1mnpm run audit:prod^[[0m
verificar · typecheck · unit · build · audit	npm audit --omit=dev — falla con altos o críticos (WP-01 §2)	2026-09-21T18:48:48.8696177Z shell: /usr/bin/bash -e {0}
verificar · typecheck · unit · build · audit	npm audit --omit=dev — falla con altos o críticos (WP-01 §2)	2026-09-21T18:48:48.8696640Z ##[endgroup]
verificar · typecheck · unit · build · audit	npm audit --omit=dev — falla con altos o críticos (WP-01 §2)	2026-09-21T18:48:48.9709256Z 
verificar · typecheck · unit · build · audit	npm audit --omit=dev — falla con altos o críticos (WP-01 §2)	2026-09-21T18:48:48.9709902Z > be@0.1.0 audit:prod
verificar · typecheck · unit · build · audit	npm audit --omit=dev — falla con altos o críticos (WP-01 §2)	2026-09-21T18:48:48.9711318Z > npm audit --omit=dev --audit-level=high -w @be/api && npm audit --omit=dev --audit-level=high -w @be/web && npm audit --omit=dev --audit-level=high -w @be/mobile
verificar · typecheck · unit · build · audit	npm audit --omit=dev — falla con altos o críticos (WP-01 §2)	2026-09-21T18:48:48.9712465Z 
verificar · typecheck · unit · build · audit	npm audit --omit=dev — falla con altos o críticos (WP-01 §2)	2026-09-21T18:48:49.5909418Z found 0 vulnerabilities
verificar · typecheck · unit · build · audit	npm audit --omit=dev — falla con altos o críticos (WP-01 §2)	2026-09-21T18:48:50.2401360Z found 0 vulnerabilities
verificar · typecheck · unit · build · audit	npm audit --omit=dev — falla con altos o críticos (WP-01 §2)	2026-09-21T18:48:51.1716401Z # npm audit report
verificar · typecheck · unit · build · audit	npm audit --omit=dev — falla con altos o críticos (WP-01 §2)	2026-09-21T18:48:51.1735800Z 
verificar · typecheck · unit · build · audit	npm audit --omit=dev — falla con altos o críticos (WP-01 §2)	2026-09-21T18:48:51.1736034Z uuid  <11.1.1
verificar · typecheck · unit · build · audit	npm audit --omit=dev — falla con altos o críticos (WP-01 §2)	2026-09-21T18:48:51.1736462Z Severity: moderate
verificar · typecheck · unit · build · audit	npm audit --omit=dev — falla con altos o críticos (WP-01 §2)	2026-09-21T18:48:51.1737613Z uuid: Missing buffer bounds check in v3/v5/v6 when buf is provided - https://github.com/advisories/GHSA-w5hq-g745-h8pq
verificar · typecheck · unit · build · audit	npm audit --omit=dev — falla con altos o críticos (WP-01 §2)	2026-09-21T18:48:51.1738679Z fix available via `npm audit fix --force`
verificar · typecheck · unit · build · audit	npm audit --omit=dev — falla con altos o críticos (WP-01 §2)	2026-09-21T18:48:51.1739369Z Will install expo@46.0.21, which is a breaking change
verificar · typecheck · unit · build · audit	npm audit --omit=dev — falla con altos o críticos (WP-01 §2)	2026-09-21T18:48:51.1739966Z node_modules/uuid
verificar · typecheck · unit · build · audit	npm audit --omit=dev — falla con altos o críticos (WP-01 §2)	2026-09-21T18:48:51.1740198Z   xcode  >=0.9.2
verificar · typecheck · unit · build · audit	npm audit --omit=dev — falla con altos o críticos (WP-01 §2)	2026-09-21T18:48:51.1740474Z   Depends on vulnerable versions of uuid
verificar · typecheck · unit · build · audit	npm audit --omit=dev — falla con altos o críticos (WP-01 §2)	2026-09-21T18:48:51.1740791Z   node_modules/xcode
verificar · typecheck · unit · build · audit	npm audit --omit=dev — falla con altos o críticos (WP-01 §2)	2026-09-21T18:48:51.1741038Z     @expo/config-plugins  *
verificar · typecheck · unit · build · audit	npm audit --omit=dev — falla con altos o críticos (WP-01 §2)	2026-09-21T18:48:51.1741344Z     Depends on vulnerable versions of xcode
verificar · typecheck · unit · build · audit	npm audit --omit=dev — falla con altos o críticos (WP-01 §2)	2026-09-21T18:48:51.1741676Z     node_modules/@expo/config-plugins
verificar · typecheck · unit · build · audit	npm audit --omit=dev — falla con altos o críticos (WP-01 §2)	2026-09-21T18:48:51.1742133Z       @expo/cli  <=0.0.0-canary-20231123-1b19f96-4 || >=0.0.1-canary-20231125-d600e44
verificar · typecheck · unit · build · audit	npm audit --omit=dev — falla con altos o críticos (WP-01 §2)	2026-09-21T18:48:51.1742614Z       Depends on vulnerable versions of @expo/config
verificar · typecheck · unit · build · audit	npm audit --omit=dev — falla con altos o críticos (WP-01 §2)	2026-09-21T18:48:51.1743334Z       Depends on vulnerable versions of @expo/config-plugins
verificar · typecheck · unit · build · audit	npm audit --omit=dev — falla con altos o críticos (WP-01 §2)	2026-09-21T18:48:51.1744234Z       Depends on vulnerable versions of @expo/inline-modules
verificar · typecheck · unit · build · audit	npm audit --omit=dev — falla con altos o críticos (WP-01 §2)	2026-09-21T18:48:51.1744989Z       Depends on vulnerable versions of @expo/metro-config
verificar · typecheck · unit · build · audit	npm audit --omit=dev — falla con altos o críticos (WP-01 §2)	2026-09-21T18:48:51.1745957Z       Depends on vulnerable versions of @expo/prebuild-config
verificar · typecheck · unit · build · audit	npm audit --omit=dev — falla con altos o críticos (WP-01 §2)	2026-09-21T18:48:51.1746477Z       node_modules/@expo/cli
verificar · typecheck · unit · build · audit	npm audit --omit=dev — falla con altos o críticos (WP-01 §2)	2026-09-21T18:48:51.1746996Z         expo  40.0.0-alpha.0 - 40.0.0-beta.5 || >=41.0.0-alpha.0
verificar · typecheck · unit · build · audit	npm audit --omit=dev — falla con altos o críticos (WP-01 §2)	2026-09-21T18:48:51.1747585Z         Depends on vulnerable versions of @expo/cli
verificar · typecheck · unit · build · audit	npm audit --omit=dev — falla con altos o críticos (WP-01 §2)	2026-09-21T18:48:51.1748205Z         Depends on vulnerable versions of @expo/config
verificar · typecheck · unit · build · audit	npm audit --omit=dev — falla con altos o críticos (WP-01 §2)	2026-09-21T18:48:51.1748838Z         Depends on vulnerable versions of @expo/config-plugins
verificar · typecheck · unit · build · audit	npm audit --omit=dev — falla con altos o críticos (WP-01 §2)	2026-09-21T18:48:51.1749622Z         Depends on vulnerable versions of @expo/local-build-cache-provider
verificar · typecheck · unit · build · audit	npm audit --omit=dev — falla con altos o críticos (WP-01 §2)	2026-09-21T18:48:51.1750346Z         Depends on vulnerable versions of @expo/metro-config
verificar · typecheck · unit · build · audit	npm audit --omit=dev — falla con altos o críticos (WP-01 §2)	2026-09-21T18:48:51.1750852Z         node_modules/expo
verificar · typecheck · unit · build · audit	npm audit --omit=dev — falla con altos o críticos (WP-01 §2)	2026-09-21T18:48:51.1751430Z       @expo/config  <=0.0.1-canary-20240418-8d74597 || >=3.3.23-alpha.0
verificar · typecheck · unit · build · audit	npm audit --omit=dev — falla con altos o críticos (WP-01 §2)	2026-09-21T18:48:51.1752100Z       Depends on vulnerable versions of @expo/config-plugins
verificar · typecheck · unit · build · audit	npm audit --omit=dev — falla con altos o críticos (WP-01 §2)	2026-09-21T18:48:51.1752651Z       node_modules/@expo/config
verificar · typecheck · unit · build · audit	npm audit --omit=dev — falla con altos o críticos (WP-01 §2)	2026-09-21T18:48:51.1753124Z         @expo/local-build-cache-provider  *
verificar · typecheck · unit · build · audit	npm audit --omit=dev — falla con altos o críticos (WP-01 §2)	2026-09-21T18:48:51.1753689Z         Depends on vulnerable versions of @expo/config
verificar · typecheck · unit · build · audit	npm audit --omit=dev — falla con altos o críticos (WP-01 §2)	2026-09-21T18:48:51.1754316Z         node_modules/@expo/local-build-cache-provider
verificar · typecheck · unit · build · audit	npm audit --omit=dev — falla con altos o críticos (WP-01 §2)	2026-09-21T18:48:51.1755063Z         @expo/metro-config  <=0.0.1-canary-20240418-8d74597 || >=0.1.49-alpha.0
verificar · typecheck · unit · build · audit	npm audit --omit=dev — falla con altos o críticos (WP-01 §2)	2026-09-21T18:48:51.1755994Z         Depends on vulnerable versions of @expo/config
verificar · typecheck · unit · build · audit	npm audit --omit=dev — falla con altos o críticos (WP-01 §2)	2026-09-21T18:48:51.1756573Z         node_modules/@expo/metro-config
verificar · typecheck · unit · build · audit	npm audit --omit=dev — falla con altos o críticos (WP-01 §2)	2026-09-21T18:48:51.1757168Z       @expo/inline-modules  >=0.0.2-canary-20260409-6fc2991
verificar · typecheck · unit · build · audit	npm audit --omit=dev — falla con altos o críticos (WP-01 §2)	2026-09-21T18:48:51.1757884Z       Depends on vulnerable versions of @expo/config-plugins
verificar · typecheck · unit · build · audit	npm audit --omit=dev — falla con altos o críticos (WP-01 §2)	2026-09-21T18:48:51.1758501Z       node_modules/@expo/inline-modules
verificar · typecheck · unit · build · audit	npm audit --omit=dev — falla con altos o críticos (WP-01 §2)	2026-09-21T18:48:51.1758997Z       @expo/prebuild-config  *
verificar · typecheck · unit · build · audit	npm audit --omit=dev — falla con altos o críticos (WP-01 §2)	2026-09-21T18:48:51.1759529Z       Depends on vulnerable versions of @expo/config
verificar · typecheck · unit · build · audit	npm audit --omit=dev — falla con altos o críticos (WP-01 §2)	2026-09-21T18:48:51.1760228Z       Depends on vulnerable versions of @expo/config-plugins
verificar · typecheck · unit · build · audit	npm audit --omit=dev — falla con altos o críticos (WP-01 §2)	2026-09-21T18:48:51.1760845Z       node_modules/@expo/prebuild-config
verificar · typecheck · unit · build · audit	npm audit --omit=dev — falla con altos o críticos (WP-01 §2)	2026-09-21T18:48:51.1761167Z 
verificar · typecheck · unit · build · audit	npm audit --omit=dev — falla con altos o críticos (WP-01 §2)	2026-09-21T18:48:51.1761421Z 10 moderate severity vulnerabilities
verificar · typecheck · unit · build · audit	npm audit --omit=dev — falla con altos o críticos (WP-01 §2)	2026-09-21T18:48:51.1762127Z 
verificar · typecheck · unit · build · audit	npm audit --omit=dev — falla con altos o críticos (WP-01 §2)	2026-09-21T18:48:51.1762466Z To address issues that do not require attention, run:
verificar · typecheck · unit · build · audit	npm audit --omit=dev — falla con altos o críticos (WP-01 §2)	2026-09-21T18:48:51.1762995Z   npm audit fix
verificar · typecheck · unit · build · audit	npm audit --omit=dev — falla con altos o críticos (WP-01 §2)	2026-09-21T18:48:51.1763195Z 
verificar · typecheck · unit · build · audit	npm audit --omit=dev — falla con altos o críticos (WP-01 §2)	2026-09-21T18:48:51.1763564Z To address all issues (including breaking changes), run:
verificar · typecheck · unit · build · audit	npm audit --omit=dev — falla con altos o críticos (WP-01 §2)	2026-09-21T18:48:51.1764112Z   npm audit fix --force
verificar · typecheck · unit · build · audit	Post Run actions/setup-node@v7	﻿2026-09-21T18:48:51.2028761Z Post job cleanup.
verificar · typecheck · unit · build · audit	Post Run actions/setup-node@v7	2026-09-21T18:48:51.3164281Z Cache hit occurred on the primary key node-cache-Linux-x64-npm-9181c9907050bf25d71155ea529ed6c89aaaf9646a54ace897736081a1116195, not saving cache.
verificar · typecheck · unit · build · audit	Post Run actions/checkout@v7	﻿2026-09-21T18:48:51.3315367Z Post job cleanup.
verificar · typecheck · unit · build · audit	Post Run actions/checkout@v7	2026-09-21T18:48:51.4182198Z [command]/usr/bin/git version
verificar · typecheck · unit · build · audit	Post Run actions/checkout@v7	2026-09-21T18:48:51.4241746Z git version 2.55.0
verificar · typecheck · unit · build · audit	Post Run actions/checkout@v7	2026-09-21T18:48:51.4286035Z Temporarily overriding HOME='/home/runner/work/_temp/8ada8e65-501e-49f8-b375-ae702a374f00' before making global git config changes
verificar · typecheck · unit · build · audit	Post Run actions/checkout@v7	2026-09-21T18:48:51.4287765Z Adding repository directory to the temporary git global config as a safe directory
verificar · typecheck · unit · build · audit	Post Run actions/checkout@v7	2026-09-21T18:48:51.4291550Z [command]/usr/bin/git config --global --add safe.directory /home/runner/work/be/be
verificar · typecheck · unit · build · audit	Post Run actions/checkout@v7	2026-09-21T18:48:51.4328684Z Removing SSH command configuration
verificar · typecheck · unit · build · audit	Post Run actions/checkout@v7	2026-09-21T18:48:51.4332346Z [command]/usr/bin/git config --local --name-only --get-regexp core\.sshCommand
verificar · typecheck · unit · build · audit	Post Run actions/checkout@v7	2026-09-21T18:48:51.4371697Z [command]/usr/bin/git submodule foreach --recursive sh -c "git config --local --name-only --get-regexp 'core\.sshCommand' && git config --local --unset-all 'core.sshCommand' || :"
verificar · typecheck · unit · build · audit	Post Run actions/checkout@v7	2026-09-21T18:48:51.4634139Z Removing HTTP extra header
verificar · typecheck · unit · build · audit	Post Run actions/checkout@v7	2026-09-21T18:48:51.4640015Z [command]/usr/bin/git config --local --name-only --get-regexp http\.https\:\/\/github\.com\/\.extraheader
verificar · typecheck · unit · build · audit	Post Run actions/checkout@v7	2026-09-21T18:48:51.4678854Z [command]/usr/bin/git submodule foreach --recursive sh -c "git config --local --name-only --get-regexp 'http\.https\:\/\/github\.com\/\.extraheader' && git config --local --unset-all 'http.https://github.com/.extraheader' || :"
verificar · typecheck · unit · build · audit	Post Run actions/checkout@v7	2026-09-21T18:48:51.4928059Z Removing includeIf entries pointing to credentials config files
verificar · typecheck · unit · build · audit	Post Run actions/checkout@v7	2026-09-21T18:48:51.4945098Z [command]/usr/bin/git config --local --name-only --get-regexp ^includeIf\.gitdir:
verificar · typecheck · unit · build · audit	Post Run actions/checkout@v7	2026-09-21T18:48:51.4986129Z includeif.gitdir:/home/runner/work/be/be/.git.path
verificar · typecheck · unit · build · audit	Post Run actions/checkout@v7	2026-09-21T18:48:51.4987022Z includeif.gitdir:/home/runner/work/be/be/.git/worktrees/*.path
verificar · typecheck · unit · build · audit	Post Run actions/checkout@v7	2026-09-21T18:48:51.4987849Z includeif.gitdir:/github/workspace/.git.path
verificar · typecheck · unit · build · audit	Post Run actions/checkout@v7	2026-09-21T18:48:51.4988632Z includeif.gitdir:/github/workspace/.git/worktrees/*.path
verificar · typecheck · unit · build · audit	Post Run actions/checkout@v7	2026-09-21T18:48:51.5006339Z [command]/usr/bin/git config --local --get-all includeif.gitdir:/home/runner/work/be/be/.git.path
verificar · typecheck · unit · build · audit	Post Run actions/checkout@v7	2026-09-21T18:48:51.5031957Z /home/runner/work/_temp/git-credentials-2cc7deab-a50f-4071-a932-5bd40d271c25.config
verificar · typecheck · unit · build · audit	Post Run actions/checkout@v7	2026-09-21T18:48:51.5057049Z [command]/usr/bin/git config --local --unset includeif.gitdir:/home/runner/work/be/be/.git.path \/home\/runner\/work\/_temp\/git\-credentials\-2cc7deab\-a50f\-4071\-a932\-5bd40d271c25\.config
verificar · typecheck · unit · build · audit	Post Run actions/checkout@v7	2026-09-21T18:48:51.5113235Z [command]/usr/bin/git config --local --get-all includeif.gitdir:/home/runner/work/be/be/.git/worktrees/*.path
verificar · typecheck · unit · build · audit	Post Run actions/checkout@v7	2026-09-21T18:48:51.5154553Z /home/runner/work/_temp/git-credentials-2cc7deab-a50f-4071-a932-5bd40d271c25.config
verificar · typecheck · unit · build · audit	Post Run actions/checkout@v7	2026-09-21T18:48:51.5180025Z [command]/usr/bin/git config --local --unset includeif.gitdir:/home/runner/work/be/be/.git/worktrees/*.path \/home\/runner\/work\/_temp\/git\-credentials\-2cc7deab\-a50f\-4071\-a932\-5bd40d271c25\.config
verificar · typecheck · unit · build · audit	Post Run actions/checkout@v7	2026-09-21T18:48:51.5226533Z [command]/usr/bin/git config --local --get-all includeif.gitdir:/github/workspace/.git.path
verificar · typecheck · unit · build · audit	Post Run actions/checkout@v7	2026-09-21T18:48:51.5266539Z /github/runner_temp/git-credentials-2cc7deab-a50f-4071-a932-5bd40d271c25.config
verificar · typecheck · unit · build · audit	Post Run actions/checkout@v7	2026-09-21T18:48:51.5272898Z [command]/usr/bin/git config --local --unset includeif.gitdir:/github/workspace/.git.path \/github\/runner_temp\/git\-credentials\-2cc7deab\-a50f\-4071\-a932\-5bd40d271c25\.config
verificar · typecheck · unit · build · audit	Post Run actions/checkout@v7	2026-09-21T18:48:51.5322277Z [command]/usr/bin/git config --local --get-all includeif.gitdir:/github/workspace/.git/worktrees/*.path
verificar · typecheck · unit · build · audit	Post Run actions/checkout@v7	2026-09-21T18:48:51.5351325Z /github/runner_temp/git-credentials-2cc7deab-a50f-4071-a932-5bd40d271c25.config
verificar · typecheck · unit · build · audit	Post Run actions/checkout@v7	2026-09-21T18:48:51.5359259Z [command]/usr/bin/git config --local --unset includeif.gitdir:/github/workspace/.git/worktrees/*.path \/github\/runner_temp\/git\-credentials\-2cc7deab\-a50f\-4071\-a932\-5bd40d271c25\.config
verificar · typecheck · unit · build · audit	Post Run actions/checkout@v7	2026-09-21T18:48:51.5403234Z [command]/usr/bin/git submodule foreach --recursive git config --local --show-origin --name-only --get-regexp remote.origin.url
verificar · typecheck · unit · build · audit	Post Run actions/checkout@v7	2026-09-21T18:48:51.5647072Z Removing credentials config '/home/runner/work/_temp/git-credentials-2cc7deab-a50f-4071-a932-5bd40d271c25.config'
verificar · typecheck · unit · build · audit	Complete job	﻿2026-09-21T18:48:51.5826371Z Cleaning up orphan processes
