verificar · typecheck · unit · build · audit	Set up job	﻿2026-09-24T08:31:30.6512886Z Current runner version: '2.337.0'
verificar · typecheck · unit · build · audit	Set up job	2026-09-24T08:31:30.6538236Z ##[group]Runner Image Provisioner
verificar · typecheck · unit · build · audit	Set up job	2026-09-24T08:31:30.6539244Z Hosted Compute Agent
verificar · typecheck · unit · build · audit	Set up job	2026-09-24T08:31:30.6539853Z Version: 20260828.587
verificar · typecheck · unit · build · audit	Set up job	2026-09-24T08:31:30.6540488Z Commit: abac92662cab4cc7352de4f9f9d2e2419aad9c29
verificar · typecheck · unit · build · audit	Set up job	2026-09-24T08:31:30.6541530Z Build Date: 2026-08-28T16:44:25Z
verificar · typecheck · unit · build · audit	Set up job	2026-09-24T08:31:30.6542252Z Worker ID: {c71edd25-52b2-4811-930c-37e11aa77284}
verificar · typecheck · unit · build · audit	Set up job	2026-09-24T08:31:30.6542984Z Azure Region: westus
verificar · typecheck · unit · build · audit	Set up job	2026-09-24T08:31:30.6543663Z ##[endgroup]
verificar · typecheck · unit · build · audit	Set up job	2026-09-24T08:31:30.6545291Z ##[group]Operating System
verificar · typecheck · unit · build · audit	Set up job	2026-09-24T08:31:30.6546002Z Ubuntu
verificar · typecheck · unit · build · audit	Set up job	2026-09-24T08:31:30.6546541Z 24.04.5
verificar · typecheck · unit · build · audit	Set up job	2026-09-24T08:31:30.6547105Z LTS
verificar · typecheck · unit · build · audit	Set up job	2026-09-24T08:31:30.6547670Z ##[endgroup]
verificar · typecheck · unit · build · audit	Set up job	2026-09-24T08:31:30.6548214Z ##[group]Runner Image
verificar · typecheck · unit · build · audit	Set up job	2026-09-24T08:31:30.6548845Z Image: ubuntu-24.04
verificar · typecheck · unit · build · audit	Set up job	2026-09-24T08:31:30.6549463Z Version: 20260920.314.1
verificar · typecheck · unit · build · audit	Set up job	2026-09-24T08:31:30.6550520Z Included Software: https://github.com/actions/runner-images/blob/ubuntu24/20260920.314/images/ubuntu/Ubuntu2404-Readme.md
verificar · typecheck · unit · build · audit	Set up job	2026-09-24T08:31:30.6552959Z Image Release: https://github.com/actions/runner-images/releases/tag/ubuntu24%2F20260920.314
verificar · typecheck · unit · build · audit	Set up job	2026-09-24T08:31:30.6553982Z ##[endgroup]
verificar · typecheck · unit · build · audit	Set up job	2026-09-24T08:31:30.6555092Z ##[group]GITHUB_TOKEN Permissions
verificar · typecheck · unit · build · audit	Set up job	2026-09-24T08:31:30.6557314Z Contents: read
verificar · typecheck · unit · build · audit	Set up job	2026-09-24T08:31:30.6557949Z Metadata: read
verificar · typecheck · unit · build · audit	Set up job	2026-09-24T08:31:30.6558495Z ##[endgroup]
verificar · typecheck · unit · build · audit	Set up job	2026-09-24T08:31:30.6560621Z Secret source: Actions
verificar · typecheck · unit · build · audit	Set up job	2026-09-24T08:31:30.6561819Z Cache mode: write
verificar · typecheck · unit · build · audit	Set up job	2026-09-24T08:31:30.6562891Z Prepare workflow directory
verificar · typecheck · unit · build · audit	Set up job	2026-09-24T08:31:30.6896743Z Prepare all required actions
verificar · typecheck · unit · build · audit	Set up job	2026-09-24T08:31:30.6944573Z Getting action download info
verificar · typecheck · unit · build · audit	Set up job	2026-09-24T08:31:31.0694509Z Download action repository 'actions/checkout@v7' (SHA:3d3c42e5aac5ba805825da76410c181273ba90b1)
verificar · typecheck · unit · build · audit	Set up job	2026-09-24T08:31:31.1702581Z Download action repository 'actions/setup-node@v7' (SHA:820762786026740c76f36085b0efc47a31fe5020)
verificar · typecheck · unit · build · audit	Set up job	2026-09-24T08:31:31.3545939Z Complete job name: verificar · typecheck · unit · build · audit
verificar · typecheck · unit · build · audit	Run actions/checkout@v7	﻿2026-09-24T08:31:31.4328918Z ##[group]Run actions/checkout@v7
verificar · typecheck · unit · build · audit	Run actions/checkout@v7	2026-09-24T08:31:31.4329820Z with:
verificar · typecheck · unit · build · audit	Run actions/checkout@v7	2026-09-24T08:31:31.4330275Z   repository: Elian-Bufi/be
verificar · typecheck · unit · build · audit	Run actions/checkout@v7	2026-09-24T08:31:31.4334495Z   token: ***
verificar · typecheck · unit · build · audit	Run actions/checkout@v7	2026-09-24T08:31:31.4334940Z   ssh-strict: true
verificar · typecheck · unit · build · audit	Run actions/checkout@v7	2026-09-24T08:31:31.4335377Z   ssh-user: git
verificar · typecheck · unit · build · audit	Run actions/checkout@v7	2026-09-24T08:31:31.4335818Z   persist-credentials: true
verificar · typecheck · unit · build · audit	Run actions/checkout@v7	2026-09-24T08:31:31.4336303Z   clean: true
verificar · typecheck · unit · build · audit	Run actions/checkout@v7	2026-09-24T08:31:31.4336753Z   sparse-checkout-cone-mode: true
verificar · typecheck · unit · build · audit	Run actions/checkout@v7	2026-09-24T08:31:31.4337266Z   fetch-depth: 1
verificar · typecheck · unit · build · audit	Run actions/checkout@v7	2026-09-24T08:31:31.4337687Z   fetch-tags: false
verificar · typecheck · unit · build · audit	Run actions/checkout@v7	2026-09-24T08:31:31.4338123Z   show-progress: true
verificar · typecheck · unit · build · audit	Run actions/checkout@v7	2026-09-24T08:31:31.4338576Z   lfs: false
verificar · typecheck · unit · build · audit	Run actions/checkout@v7	2026-09-24T08:31:31.4338985Z   submodules: false
verificar · typecheck · unit · build · audit	Run actions/checkout@v7	2026-09-24T08:31:31.4339436Z   set-safe-directory: true
verificar · typecheck · unit · build · audit	Run actions/checkout@v7	2026-09-24T08:31:31.4339943Z   allow-unsafe-pr-checkout: false
verificar · typecheck · unit · build · audit	Run actions/checkout@v7	2026-09-24T08:31:31.4340716Z ##[endgroup]
verificar · typecheck · unit · build · audit	Run actions/checkout@v7	2026-09-24T08:31:31.5344327Z Syncing repository: Elian-Bufi/be
verificar · typecheck · unit · build · audit	Run actions/checkout@v7	2026-09-24T08:31:31.5347144Z ##[group]Getting Git version info
verificar · typecheck · unit · build · audit	Run actions/checkout@v7	2026-09-24T08:31:31.5348311Z Working directory is '/home/runner/work/be/be'
verificar · typecheck · unit · build · audit	Run actions/checkout@v7	2026-09-24T08:31:31.5350116Z [command]/usr/bin/git version
verificar · typecheck · unit · build · audit	Run actions/checkout@v7	2026-09-24T08:31:31.5453854Z git version 2.55.0
verificar · typecheck · unit · build · audit	Run actions/checkout@v7	2026-09-24T08:31:31.5477071Z ##[endgroup]
verificar · typecheck · unit · build · audit	Run actions/checkout@v7	2026-09-24T08:31:31.5493541Z Temporarily overriding HOME='/home/runner/work/_temp/a321cee7-8bad-4b14-89ed-8f171f6cdf97' before making global git config changes
verificar · typecheck · unit · build · audit	Run actions/checkout@v7	2026-09-24T08:31:31.5495962Z Adding repository directory to the temporary git global config as a safe directory
verificar · typecheck · unit · build · audit	Run actions/checkout@v7	2026-09-24T08:31:31.5500819Z [command]/usr/bin/git config --global --add safe.directory /home/runner/work/be/be
verificar · typecheck · unit · build · audit	Run actions/checkout@v7	2026-09-24T08:31:31.5555402Z Deleting the contents of '/home/runner/work/be/be'
verificar · typecheck · unit · build · audit	Run actions/checkout@v7	2026-09-24T08:31:31.5558906Z ##[group]Determining repository object format
verificar · typecheck · unit · build · audit	Run actions/checkout@v7	2026-09-24T08:31:31.5560367Z ##[endgroup]
verificar · typecheck · unit · build · audit	Run actions/checkout@v7	2026-09-24T08:31:31.5561826Z ##[group]Initializing the repository
verificar · typecheck · unit · build · audit	Run actions/checkout@v7	2026-09-24T08:31:31.5565341Z [command]/usr/bin/git init /home/runner/work/be/be
verificar · typecheck · unit · build · audit	Run actions/checkout@v7	2026-09-24T08:31:31.5695675Z hint: Using 'master' as the name for the initial branch. This default branch name
verificar · typecheck · unit · build · audit	Run actions/checkout@v7	2026-09-24T08:31:31.5697981Z hint: will change to "main" in Git 3.0. To configure the initial branch name
verificar · typecheck · unit · build · audit	Run actions/checkout@v7	2026-09-24T08:31:31.5700285Z hint: to use in all of your new repositories, which will suppress this warning,
verificar · typecheck · unit · build · audit	Run actions/checkout@v7	2026-09-24T08:31:31.5701478Z hint: call:
verificar · typecheck · unit · build · audit	Run actions/checkout@v7	2026-09-24T08:31:31.5702378Z hint:
verificar · typecheck · unit · build · audit	Run actions/checkout@v7	2026-09-24T08:31:31.5703473Z hint: 	git config --global init.defaultBranch <name>
verificar · typecheck · unit · build · audit	Run actions/checkout@v7	2026-09-24T08:31:31.5704831Z hint:
verificar · typecheck · unit · build · audit	Run actions/checkout@v7	2026-09-24T08:31:31.5705584Z hint: Names commonly chosen instead of 'master' are 'main', 'trunk' and
verificar · typecheck · unit · build · audit	Run actions/checkout@v7	2026-09-24T08:31:31.5706622Z hint: 'development'. The just-created branch can be renamed via this command:
verificar · typecheck · unit · build · audit	Run actions/checkout@v7	2026-09-24T08:31:31.5707370Z hint:
verificar · typecheck · unit · build · audit	Run actions/checkout@v7	2026-09-24T08:31:31.5707796Z hint: 	git branch -m <name>
verificar · typecheck · unit · build · audit	Run actions/checkout@v7	2026-09-24T08:31:31.5708317Z hint:
verificar · typecheck · unit · build · audit	Run actions/checkout@v7	2026-09-24T08:31:31.5708943Z hint: Disable this message with "git config set advice.defaultBranchName false"
verificar · typecheck · unit · build · audit	Run actions/checkout@v7	2026-09-24T08:31:31.5710543Z Initialized empty Git repository in /home/runner/work/be/be/.git/
verificar · typecheck · unit · build · audit	Run actions/checkout@v7	2026-09-24T08:31:31.5712746Z [command]/usr/bin/git remote add origin https://github.com/Elian-Bufi/be
verificar · typecheck · unit · build · audit	Run actions/checkout@v7	2026-09-24T08:31:31.5770253Z ##[endgroup]
verificar · typecheck · unit · build · audit	Run actions/checkout@v7	2026-09-24T08:31:31.5775762Z ##[group]Disabling automatic garbage collection
verificar · typecheck · unit · build · audit	Run actions/checkout@v7	2026-09-24T08:31:31.5776501Z [command]/usr/bin/git config --local gc.auto 0
verificar · typecheck · unit · build · audit	Run actions/checkout@v7	2026-09-24T08:31:31.5809249Z ##[endgroup]
verificar · typecheck · unit · build · audit	Run actions/checkout@v7	2026-09-24T08:31:31.5810993Z ##[group]Setting up auth
verificar · typecheck · unit · build · audit	Run actions/checkout@v7	2026-09-24T08:31:31.5812137Z Removing SSH command configuration
verificar · typecheck · unit · build · audit	Run actions/checkout@v7	2026-09-24T08:31:31.5815324Z [command]/usr/bin/git config --local --name-only --get-regexp core\.sshCommand
verificar · typecheck · unit · build · audit	Run actions/checkout@v7	2026-09-24T08:31:31.5850921Z [command]/usr/bin/git submodule foreach --recursive sh -c "git config --local --name-only --get-regexp 'core\.sshCommand' && git config --local --unset-all 'core.sshCommand' || :"
verificar · typecheck · unit · build · audit	Run actions/checkout@v7	2026-09-24T08:31:31.6264881Z Removing HTTP extra header
verificar · typecheck · unit · build · audit	Run actions/checkout@v7	2026-09-24T08:31:31.6273112Z [command]/usr/bin/git config --local --name-only --get-regexp http\.https\:\/\/github\.com\/\.extraheader
verificar · typecheck · unit · build · audit	Run actions/checkout@v7	2026-09-24T08:31:31.6313813Z [command]/usr/bin/git submodule foreach --recursive sh -c "git config --local --name-only --get-regexp 'http\.https\:\/\/github\.com\/\.extraheader' && git config --local --unset-all 'http.https://github.com/.extraheader' || :"
verificar · typecheck · unit · build · audit	Run actions/checkout@v7	2026-09-24T08:31:31.6534669Z Removing includeIf entries pointing to credentials config files
verificar · typecheck · unit · build · audit	Run actions/checkout@v7	2026-09-24T08:31:31.6539059Z [command]/usr/bin/git config --local --name-only --get-regexp ^includeIf\.gitdir:
verificar · typecheck · unit · build · audit	Run actions/checkout@v7	2026-09-24T08:31:31.6577601Z [command]/usr/bin/git submodule foreach --recursive git config --local --show-origin --name-only --get-regexp remote.origin.url
verificar · typecheck · unit · build · audit	Run actions/checkout@v7	2026-09-24T08:31:31.6807096Z [command]/usr/bin/git config --file /home/runner/work/_temp/git-credentials-46f5644f-5cb8-4c05-8efa-9fdf644ece00.config http.https://github.com/.extraheader AUTHORIZATION: basic ***
verificar · typecheck · unit · build · audit	Run actions/checkout@v7	2026-09-24T08:31:31.6847864Z [command]/usr/bin/git config --local includeIf.gitdir:/home/runner/work/be/be/.git.path /home/runner/work/_temp/git-credentials-46f5644f-5cb8-4c05-8efa-9fdf644ece00.config
verificar · typecheck · unit · build · audit	Run actions/checkout@v7	2026-09-24T08:31:31.6883059Z [command]/usr/bin/git config --local includeIf.gitdir:/home/runner/work/be/be/.git/worktrees/*.path /home/runner/work/_temp/git-credentials-46f5644f-5cb8-4c05-8efa-9fdf644ece00.config
verificar · typecheck · unit · build · audit	Run actions/checkout@v7	2026-09-24T08:31:31.6921477Z [command]/usr/bin/git config --local includeIf.gitdir:/github/workspace/.git.path /github/runner_temp/git-credentials-46f5644f-5cb8-4c05-8efa-9fdf644ece00.config
verificar · typecheck · unit · build · audit	Run actions/checkout@v7	2026-09-24T08:31:31.6957202Z [command]/usr/bin/git config --local includeIf.gitdir:/github/workspace/.git/worktrees/*.path /github/runner_temp/git-credentials-46f5644f-5cb8-4c05-8efa-9fdf644ece00.config
verificar · typecheck · unit · build · audit	Run actions/checkout@v7	2026-09-24T08:31:31.6988911Z ##[endgroup]
verificar · typecheck · unit · build · audit	Run actions/checkout@v7	2026-09-24T08:31:31.6989717Z ##[group]Fetching the repository
verificar · typecheck · unit · build · audit	Run actions/checkout@v7	2026-09-24T08:31:31.6995686Z [command]/usr/bin/git -c protocol.version=2 fetch --no-tags --prune --no-recurse-submodules --depth=1 origin +796a5fe8846d82666c6a02951c963ef56aa30e55:refs/remotes/origin/main
verificar · typecheck · unit · build · audit	Run actions/checkout@v7	2026-09-24T08:31:33.4769274Z From https://github.com/Elian-Bufi/be
verificar · typecheck · unit · build · audit	Run actions/checkout@v7	2026-09-24T08:31:33.4772547Z  * [new ref]         796a5fe8846d82666c6a02951c963ef56aa30e55 -> origin/main
verificar · typecheck · unit · build · audit	Run actions/checkout@v7	2026-09-24T08:31:33.4779023Z [command]/usr/bin/git branch --list --remote origin/main
verificar · typecheck · unit · build · audit	Run actions/checkout@v7	2026-09-24T08:31:33.4807667Z   origin/main
verificar · typecheck · unit · build · audit	Run actions/checkout@v7	2026-09-24T08:31:33.4817750Z [command]/usr/bin/git rev-parse refs/remotes/origin/main
verificar · typecheck · unit · build · audit	Run actions/checkout@v7	2026-09-24T08:31:33.4845666Z 796a5fe8846d82666c6a02951c963ef56aa30e55
verificar · typecheck · unit · build · audit	Run actions/checkout@v7	2026-09-24T08:31:33.4850471Z ##[endgroup]
verificar · typecheck · unit · build · audit	Run actions/checkout@v7	2026-09-24T08:31:33.4851961Z ##[group]Determining the checkout info
verificar · typecheck · unit · build · audit	Run actions/checkout@v7	2026-09-24T08:31:33.4853385Z ##[endgroup]
verificar · typecheck · unit · build · audit	Run actions/checkout@v7	2026-09-24T08:31:33.4856501Z [command]/usr/bin/git sparse-checkout disable
verificar · typecheck · unit · build · audit	Run actions/checkout@v7	2026-09-24T08:31:33.4917974Z [command]/usr/bin/git config --local --unset-all extensions.worktreeConfig
verificar · typecheck · unit · build · audit	Run actions/checkout@v7	2026-09-24T08:31:33.4953385Z ##[group]Checking out the ref
verificar · typecheck · unit · build · audit	Run actions/checkout@v7	2026-09-24T08:31:33.4957148Z [command]/usr/bin/git checkout --progress --force -B main refs/remotes/origin/main
verificar · typecheck · unit · build · audit	Run actions/checkout@v7	2026-09-24T08:31:33.7232316Z Switched to a new branch 'main'
verificar · typecheck · unit · build · audit	Run actions/checkout@v7	2026-09-24T08:31:33.7246897Z branch 'main' set up to track 'origin/main'.
verificar · typecheck · unit · build · audit	Run actions/checkout@v7	2026-09-24T08:31:33.7252863Z ##[endgroup]
verificar · typecheck · unit · build · audit	Run actions/checkout@v7	2026-09-24T08:31:33.7306036Z [command]/usr/bin/git log -1 --format=%H
verificar · typecheck · unit · build · audit	Run actions/checkout@v7	2026-09-24T08:31:33.7337672Z 796a5fe8846d82666c6a02951c963ef56aa30e55
verificar · typecheck · unit · build · audit	Run actions/setup-node@v7	﻿2026-09-24T08:31:33.7610131Z ##[group]Run actions/setup-node@v7
verificar · typecheck · unit · build · audit	Run actions/setup-node@v7	2026-09-24T08:31:33.7610537Z with:
verificar · typecheck · unit · build · audit	Run actions/setup-node@v7	2026-09-24T08:31:33.7610796Z   node-version-file: .nvmrc
verificar · typecheck · unit · build · audit	Run actions/setup-node@v7	2026-09-24T08:31:33.7611108Z   cache: npm
verificar · typecheck · unit · build · audit	Run actions/setup-node@v7	2026-09-24T08:31:33.7611815Z   check-latest: false
verificar · typecheck · unit · build · audit	Run actions/setup-node@v7	2026-09-24T08:31:33.7614622Z   token: ***
verificar · typecheck · unit · build · audit	Run actions/setup-node@v7	2026-09-24T08:31:33.7614910Z   package-manager-cache: true
verificar · typecheck · unit · build · audit	Run actions/setup-node@v7	2026-09-24T08:31:33.7615213Z ##[endgroup]
verificar · typecheck · unit · build · audit	Run actions/setup-node@v7	2026-09-24T08:31:33.8804874Z Node version file is not JSON file
verificar · typecheck · unit · build · audit	Run actions/setup-node@v7	2026-09-24T08:31:33.8806358Z Resolved .nvmrc as 22.23.2
verificar · typecheck · unit · build · audit	Run actions/setup-node@v7	2026-09-24T08:31:33.8891948Z Found in cache @ /opt/hostedtoolcache/node/22.23.2/x64
verificar · typecheck · unit · build · audit	Run actions/setup-node@v7	2026-09-24T08:31:33.8893360Z ##[group]Environment details
verificar · typecheck · unit · build · audit	Run actions/setup-node@v7	2026-09-24T08:31:34.3505500Z node: v22.23.2
verificar · typecheck · unit · build · audit	Run actions/setup-node@v7	2026-09-24T08:31:34.3506222Z npm: 10.9.8
verificar · typecheck · unit · build · audit	Run actions/setup-node@v7	2026-09-24T08:31:34.3506637Z yarn: 1.22.22
verificar · typecheck · unit · build · audit	Run actions/setup-node@v7	2026-09-24T08:31:34.3507563Z ##[endgroup]
verificar · typecheck · unit · build · audit	Run actions/setup-node@v7	2026-09-24T08:31:34.3525750Z [command]/opt/hostedtoolcache/node/22.23.2/x64/bin/npm config get cache
verificar · typecheck · unit · build · audit	Run actions/setup-node@v7	2026-09-24T08:31:34.4680387Z /home/runner/.npm
verificar · typecheck · unit · build · audit	Run actions/setup-node@v7	2026-09-24T08:31:34.7502014Z Cache hit for: node-cache-Linux-x64-npm-f4a5306afd7f517952b0744f3e3566052f0fac9e496cdfe8370c8cb4545cd4d3
verificar · typecheck · unit · build · audit	Run actions/setup-node@v7	2026-09-24T08:31:36.0567190Z Received 0 of 338417513 (0.0%), 0.0 MBs/sec
verificar · typecheck · unit · build · audit	Run actions/setup-node@v7	2026-09-24T08:31:37.0568956Z Received 92274688 of 338417513 (27.3%), 44.0 MBs/sec
verificar · typecheck · unit · build · audit	Run actions/setup-node@v7	2026-09-24T08:31:38.0572496Z Received 218103808 of 338417513 (64.4%), 69.3 MBs/sec
verificar · typecheck · unit · build · audit	Run actions/setup-node@v7	2026-09-24T08:31:39.0565457Z Received 264241152 of 338417513 (78.1%), 63.0 MBs/sec
verificar · typecheck · unit · build · audit	Run actions/setup-node@v7	2026-09-24T08:31:40.0572336Z Received 318767104 of 338417513 (94.2%), 60.8 MBs/sec
verificar · typecheck · unit · build · audit	Run actions/setup-node@v7	2026-09-24T08:31:41.0581522Z Received 334223209 of 338417513 (98.8%), 53.1 MBs/sec
verificar · typecheck · unit · build · audit	Run actions/setup-node@v7	2026-09-24T08:31:41.6100786Z Received 338417513 of 338417513 (100.0%), 49.3 MBs/sec
verificar · typecheck · unit · build · audit	Run actions/setup-node@v7	2026-09-24T08:31:41.6101821Z Cache Size: ~323 MB (338417513 B)
verificar · typecheck · unit · build · audit	Run actions/setup-node@v7	2026-09-24T08:31:41.6197754Z [command]/usr/bin/tar -xf /home/runner/work/_temp/b80e0c49-6437-462f-8168-f79a5d414ec3/cache.tzst -P -C /home/runner/work/be/be --use-compress-program unzstd
verificar · typecheck · unit · build · audit	Run actions/setup-node@v7	2026-09-24T08:31:42.2400890Z Cache restored successfully
verificar · typecheck · unit · build · audit	Run actions/setup-node@v7	2026-09-24T08:31:42.2557894Z Cache restored from key: node-cache-Linux-x64-npm-f4a5306afd7f517952b0744f3e3566052f0fac9e496cdfe8370c8cb4545cd4d3
verificar · typecheck · unit · build · audit	Run npm ci	﻿2026-09-24T08:31:42.2755192Z ##[group]Run npm ci
verificar · typecheck · unit · build · audit	Run npm ci	2026-09-24T08:31:42.2755524Z ^[[36;1mnpm ci^[[0m
verificar · typecheck · unit · build · audit	Run npm ci	2026-09-24T08:31:42.3069723Z shell: /usr/bin/bash -e {0}
verificar · typecheck · unit · build · audit	Run npm ci	2026-09-24T08:31:42.3070114Z ##[endgroup]
verificar · typecheck · unit · build · audit	Run npm ci	2026-09-24T08:31:50.7050539Z npm warn deprecated uuid@7.0.3: uuid@10 and below is no longer supported.  For ESM codebases, update to uuid@latest.  For CommonJS codebases, use uuid@11 (but be aware this version will likely be deprecated in 2028).
verificar · typecheck · unit · build · audit	Run npm ci	2026-09-24T08:31:51.2572435Z npm warn deprecated glob@10.5.0: Old versions of glob are not supported, and contain widely publicized security vulnerabilities, which have been fixed in the current version. Please update. Support for old versions may be purchased (at exorbitant rates) by contacting i@izs.me
verificar · typecheck · unit · build · audit	Run npm ci	2026-09-24T08:31:51.2576134Z npm warn deprecated glob@10.5.0: Old versions of glob are not supported, and contain widely publicized security vulnerabilities, which have been fixed in the current version. Please update. Support for old versions may be purchased (at exorbitant rates) by contacting i@izs.me
verificar · typecheck · unit · build · audit	Run npm ci	2026-09-24T08:32:12.5681586Z 
verificar · typecheck · unit · build · audit	Run npm ci	2026-09-24T08:32:12.5682942Z added 999 packages, and audited 1004 packages in 30s
verificar · typecheck · unit · build · audit	Run npm ci	2026-09-24T08:32:12.6328345Z 
verificar · typecheck · unit · build · audit	Run npm ci	2026-09-24T08:32:12.6329162Z 10 moderate severity vulnerabilities
verificar · typecheck · unit · build · audit	Run npm ci	2026-09-24T08:32:12.6329703Z 
verificar · typecheck · unit · build · audit	Run npm ci	2026-09-24T08:32:12.6330208Z To address issues that do not require attention, run:
verificar · typecheck · unit · build · audit	Run npm ci	2026-09-24T08:32:12.6330638Z   npm audit fix
verificar · typecheck · unit · build · audit	Run npm ci	2026-09-24T08:32:12.6330805Z 
verificar · typecheck · unit · build · audit	Run npm ci	2026-09-24T08:32:12.6331098Z To address all issues (including breaking changes), run:
verificar · typecheck · unit · build · audit	Run npm ci	2026-09-24T08:32:12.6331688Z   npm audit fix --force
verificar · typecheck · unit · build · audit	Run npm ci	2026-09-24T08:32:12.6331882Z 
verificar · typecheck · unit · build · audit	Run npm ci	2026-09-24T08:32:12.6332032Z Run `npm audit` for details.
verificar · typecheck · unit · build · audit	Run npx prisma generate	﻿2026-09-24T08:32:12.7768500Z ##[group]Run npx prisma generate
verificar · typecheck · unit · build · audit	Run npx prisma generate	2026-09-24T08:32:12.7769019Z ^[[36;1mnpx prisma generate^[[0m
verificar · typecheck · unit · build · audit	Run npx prisma generate	2026-09-24T08:32:12.7836397Z shell: /usr/bin/bash -e {0}
verificar · typecheck · unit · build · audit	Run npx prisma generate	2026-09-24T08:32:12.7836664Z ##[endgroup]
verificar · typecheck · unit · build · audit	Run npx prisma generate	2026-09-24T08:32:13.7746793Z warn The configuration property `package.json#prisma` is deprecated and will be removed in Prisma 7. Please migrate to a Prisma config file (e.g., `prisma.config.ts`).
verificar · typecheck · unit · build · audit	Run npx prisma generate	2026-09-24T08:32:13.7747837Z For more information, see: https://pris.ly/prisma-config
verificar · typecheck · unit · build · audit	Run npx prisma generate	2026-09-24T08:32:13.7748116Z 
verificar · typecheck · unit · build · audit	Run npx prisma generate	2026-09-24T08:32:13.9484335Z Prisma schema loaded from prisma/schema.prisma
verificar · typecheck · unit · build · audit	Run npx prisma generate	2026-09-24T08:32:14.9062709Z ┌─────────────────────────────────────────────────────────┐
verificar · typecheck · unit · build · audit	Run npx prisma generate	2026-09-24T08:32:14.9063992Z │  Update available 6.19.3 -> 8.0.0-rc.15                 │
verificar · typecheck · unit · build · audit	Run npx prisma generate	2026-09-24T08:32:14.9064967Z │                                                         │
verificar · typecheck · unit · build · audit	Run npx prisma generate	2026-09-24T08:32:14.9065944Z │  This is a major update - please follow the guide at    │
verificar · typecheck · unit · build · audit	Run npx prisma generate	2026-09-24T08:32:14.9067157Z │  https://pris.ly/d/major-version-upgrade                │
verificar · typecheck · unit · build · audit	Run npx prisma generate	2026-09-24T08:32:14.9068380Z │                                                         │
verificar · typecheck · unit · build · audit	Run npx prisma generate	2026-09-24T08:32:14.9069501Z │  Run the following to update                            │
verificar · typecheck · unit · build · audit	Run npx prisma generate	2026-09-24T08:32:14.9070703Z │    npm i --save-dev prisma@latest                       │
verificar · typecheck · unit · build · audit	Run npx prisma generate	2026-09-24T08:32:14.9072537Z │    npm i @prisma/client@latest                          │
verificar · typecheck · unit · build · audit	Run npx prisma generate	2026-09-24T08:32:14.9073902Z └─────────────────────────────────────────────────────────┘
verificar · typecheck · unit · build · audit	Run npx prisma generate	2026-09-24T08:32:14.9074537Z 
verificar · typecheck · unit · build · audit	Run npx prisma generate	2026-09-24T08:32:14.9075494Z ✔ Generated Prisma Client (v6.19.3) to ./node_modules/@prisma/client in 479ms
verificar · typecheck · unit · build · audit	Run npx prisma generate	2026-09-24T08:32:14.9076307Z 
verificar · typecheck · unit · build · audit	Run npx prisma generate	2026-09-24T08:32:14.9077162Z Start by importing your Prisma Client (See: https://pris.ly/d/importing-client)
verificar · typecheck · unit · build · audit	Run npx prisma generate	2026-09-24T08:32:14.9078048Z 
verificar · typecheck · unit · build · audit	Run npx prisma generate	2026-09-24T08:32:14.9079302Z Tip: Interested in query caching in just a few lines of code? Try Accelerate today! https://pris.ly/tip-3-accelerate
verificar · typecheck · unit · build · audit	Run npx prisma generate	2026-09-24T08:32:14.9080422Z 
verificar · typecheck · unit · build · audit	Typecheck (domain, api, web, mobile)	﻿2026-09-24T08:32:14.9644813Z ##[group]Run npm run typecheck
verificar · typecheck · unit · build · audit	Typecheck (domain, api, web, mobile)	2026-09-24T08:32:14.9645140Z ^[[36;1mnpm run typecheck^[[0m
verificar · typecheck · unit · build · audit	Typecheck (domain, api, web, mobile)	2026-09-24T08:32:14.9708261Z shell: /usr/bin/bash -e {0}
verificar · typecheck · unit · build · audit	Typecheck (domain, api, web, mobile)	2026-09-24T08:32:14.9708548Z ##[endgroup]
verificar · typecheck · unit · build · audit	Typecheck (domain, api, web, mobile)	2026-09-24T08:32:15.0702966Z 
verificar · typecheck · unit · build · audit	Typecheck (domain, api, web, mobile)	2026-09-24T08:32:15.0703449Z > be@0.1.0 typecheck
verificar · typecheck · unit · build · audit	Typecheck (domain, api, web, mobile)	2026-09-24T08:32:15.0704113Z > npm run build:domain && npm run typecheck --workspaces --if-present
verificar · typecheck · unit · build · audit	Typecheck (domain, api, web, mobile)	2026-09-24T08:32:15.0704539Z 
verificar · typecheck · unit · build · audit	Typecheck (domain, api, web, mobile)	2026-09-24T08:32:15.1649003Z 
verificar · typecheck · unit · build · audit	Typecheck (domain, api, web, mobile)	2026-09-24T08:32:15.1649824Z > be@0.1.0 build:domain
verificar · typecheck · unit · build · audit	Typecheck (domain, api, web, mobile)	2026-09-24T08:32:15.1650421Z > npm run build -w @be/domain
verificar · typecheck · unit · build · audit	Typecheck (domain, api, web, mobile)	2026-09-24T08:32:15.1650751Z 
verificar · typecheck · unit · build · audit	Typecheck (domain, api, web, mobile)	2026-09-24T08:32:15.2860729Z 
verificar · typecheck · unit · build · audit	Typecheck (domain, api, web, mobile)	2026-09-24T08:32:15.2861564Z > @be/domain@0.1.0 build
verificar · typecheck · unit · build · audit	Typecheck (domain, api, web, mobile)	2026-09-24T08:32:15.2862139Z > tsc -p tsconfig.json
verificar · typecheck · unit · build · audit	Typecheck (domain, api, web, mobile)	2026-09-24T08:32:15.2862413Z 
verificar · typecheck · unit · build · audit	Typecheck (domain, api, web, mobile)	2026-09-24T08:32:20.0830200Z 
verificar · typecheck · unit · build · audit	Typecheck (domain, api, web, mobile)	2026-09-24T08:32:20.0830866Z > @be/domain@0.1.0 typecheck
verificar · typecheck · unit · build · audit	Typecheck (domain, api, web, mobile)	2026-09-24T08:32:20.0831737Z > tsc -p tsconfig.json --noEmit
verificar · typecheck · unit · build · audit	Typecheck (domain, api, web, mobile)	2026-09-24T08:32:20.0832009Z 
verificar · typecheck · unit · build · audit	Typecheck (domain, api, web, mobile)	2026-09-24T08:32:24.1066445Z 
verificar · typecheck · unit · build · audit	Typecheck (domain, api, web, mobile)	2026-09-24T08:32:24.1067066Z > @be/api@0.9.0 typecheck
verificar · typecheck · unit · build · audit	Typecheck (domain, api, web, mobile)	2026-09-24T08:32:24.1067653Z > tsc -p tsconfig.json --noEmit
verificar · typecheck · unit · build · audit	Typecheck (domain, api, web, mobile)	2026-09-24T08:32:24.1067912Z 
verificar · typecheck · unit · build · audit	Typecheck (domain, api, web, mobile)	2026-09-24T08:32:29.6528914Z 
verificar · typecheck · unit · build · audit	Typecheck (domain, api, web, mobile)	2026-09-24T08:32:29.6529532Z > @be/web@0.9.0 typecheck
verificar · typecheck · unit · build · audit	Typecheck (domain, api, web, mobile)	2026-09-24T08:32:29.6529971Z > tsc --noEmit
verificar · typecheck · unit · build · audit	Typecheck (domain, api, web, mobile)	2026-09-24T08:32:29.6530161Z 
verificar · typecheck · unit · build · audit	Typecheck (domain, api, web, mobile)	2026-09-24T08:32:35.6520965Z 
verificar · typecheck · unit · build · audit	Typecheck (domain, api, web, mobile)	2026-09-24T08:32:35.6522388Z > @be/mobile@0.9.0 typecheck
verificar · typecheck · unit · build · audit	Typecheck (domain, api, web, mobile)	2026-09-24T08:32:35.6522933Z > tsc --noEmit
verificar · typecheck · unit · build · audit	Typecheck (domain, api, web, mobile)	2026-09-24T08:32:35.6523711Z 
verificar · typecheck · unit · build · audit	OpenAPI generado desde @be/domain sin drift (09v7 T21)	﻿2026-09-24T08:32:38.4062263Z ##[group]Run node scripts/generar-openapi.cjs --verificar
verificar · typecheck · unit · build · audit	OpenAPI generado desde @be/domain sin drift (09v7 T21)	2026-09-24T08:32:38.4062775Z ^[[36;1mnode scripts/generar-openapi.cjs --verificar^[[0m
verificar · typecheck · unit · build · audit	OpenAPI generado desde @be/domain sin drift (09v7 T21)	2026-09-24T08:32:38.4126915Z shell: /usr/bin/bash -e {0}
verificar · typecheck · unit · build · audit	OpenAPI generado desde @be/domain sin drift (09v7 T21)	2026-09-24T08:32:38.4127185Z ##[endgroup]
verificar · typecheck · unit · build · audit	OpenAPI generado desde @be/domain sin drift (09v7 T21)	2026-09-24T08:32:38.6262047Z OpenAPI al día con @be/domain.
verificar · typecheck · unit · build · audit	Pruebas unitarias (domain, api)	﻿2026-09-24T08:32:38.6444739Z ##[group]Run npm test
verificar · typecheck · unit · build · audit	Pruebas unitarias (domain, api)	2026-09-24T08:32:38.6445034Z ^[[36;1mnpm test^[[0m
verificar · typecheck · unit · build · audit	Pruebas unitarias (domain, api)	2026-09-24T08:32:38.6507954Z shell: /usr/bin/bash -e {0}
verificar · typecheck · unit · build · audit	Pruebas unitarias (domain, api)	2026-09-24T08:32:38.6508238Z ##[endgroup]
verificar · typecheck · unit · build · audit	Pruebas unitarias (domain, api)	2026-09-24T08:32:38.7548576Z 
verificar · typecheck · unit · build · audit	Pruebas unitarias (domain, api)	2026-09-24T08:32:38.7549223Z > be@0.1.0 test
verificar · typecheck · unit · build · audit	Pruebas unitarias (domain, api)	2026-09-24T08:32:38.7550427Z > npm run build:domain && npm run test -w @be/domain && node --test scripts/copy-pantallas.test.cjs scripts/contraste.test.cjs && npm run test -w @be/api
verificar · typecheck · unit · build · audit	Pruebas unitarias (domain, api)	2026-09-24T08:32:38.7551155Z 
verificar · typecheck · unit · build · audit	Pruebas unitarias (domain, api)	2026-09-24T08:32:38.8575126Z 
verificar · typecheck · unit · build · audit	Pruebas unitarias (domain, api)	2026-09-24T08:32:38.8575750Z > be@0.1.0 build:domain
verificar · typecheck · unit · build · audit	Pruebas unitarias (domain, api)	2026-09-24T08:32:38.8576149Z > npm run build -w @be/domain
verificar · typecheck · unit · build · audit	Pruebas unitarias (domain, api)	2026-09-24T08:32:38.8576350Z 
verificar · typecheck · unit · build · audit	Pruebas unitarias (domain, api)	2026-09-24T08:32:38.9749492Z 
verificar · typecheck · unit · build · audit	Pruebas unitarias (domain, api)	2026-09-24T08:32:38.9749982Z > @be/domain@0.1.0 build
verificar · typecheck · unit · build · audit	Pruebas unitarias (domain, api)	2026-09-24T08:32:38.9750584Z > tsc -p tsconfig.json
verificar · typecheck · unit · build · audit	Pruebas unitarias (domain, api)	2026-09-24T08:32:38.9750792Z 
verificar · typecheck · unit · build · audit	Pruebas unitarias (domain, api)	2026-09-24T08:32:43.6806429Z 
verificar · typecheck · unit · build · audit	Pruebas unitarias (domain, api)	2026-09-24T08:32:43.6807153Z > @be/domain@0.1.0 test
verificar · typecheck · unit · build · audit	Pruebas unitarias (domain, api)	2026-09-24T08:32:43.6807767Z > node --test dist/**/*.test.js
verificar · typecheck · unit · build · audit	Pruebas unitarias (domain, api)	2026-09-24T08:32:43.6808069Z 
verificar · typecheck · unit · build · audit	Pruebas unitarias (domain, api)	2026-09-24T08:32:43.7360008Z TAP version 13
verificar · typecheck · unit · build · audit	Pruebas unitarias (domain, api)	2026-09-24T08:32:43.9201783Z # Subtest: cliente: el registro envía A1 y A2 con la versión vigente, superficie e Idempotency-Key; nunca A3
verificar · typecheck · unit · build · audit	Pruebas unitarias (domain, api)	2026-09-24T08:32:43.9219465Z ok 1 - cliente: el registro envía A1 y A2 con la versión vigente, superficie e Idempotency-Key; nunca A3
verificar · typecheck · unit · build · audit	Pruebas unitarias (domain, api)	2026-09-24T08:32:43.9241901Z   ---
verificar · typecheck · unit · build · audit	Pruebas unitarias (domain, api)	2026-09-24T08:32:43.9258607Z   duration_ms: 35.869769
verificar · typecheck · unit · build · audit	Pruebas unitarias (domain, api)	2026-09-24T08:32:43.9302214Z   type: 'test'
verificar · typecheck · unit · build · audit	Pruebas unitarias (domain, api)	2026-09-24T08:32:43.9302651Z   ...
verificar · typecheck · unit · build · audit	Pruebas unitarias (domain, api)	2026-09-24T08:32:43.9303939Z # Subtest: cliente: una respuesta 2xx con otra forma no se interpreta (validación de contrato)
verificar · typecheck · unit · build · audit	Pruebas unitarias (domain, api)	2026-09-24T08:32:43.9305330Z ok 2 - cliente: una respuesta 2xx con otra forma no se interpreta (validación de contrato)
verificar · typecheck · unit · build · audit	Pruebas unitarias (domain, api)	2026-09-24T08:32:43.9306171Z   ---
verificar · typecheck · unit · build · audit	Pruebas unitarias (domain, api)	2026-09-24T08:32:43.9306484Z   duration_ms: 0.712786
verificar · typecheck · unit · build · audit	Pruebas unitarias (domain, api)	2026-09-24T08:32:43.9306742Z   type: 'test'
verificar · typecheck · unit · build · audit	Pruebas unitarias (domain, api)	2026-09-24T08:32:43.9307000Z   ...
verificar · typecheck · unit · build · audit	Pruebas unitarias (domain, api)	2026-09-24T08:32:43.9307648Z # Subtest: cliente: un ErrorEnvelope se traduce a su código e issues, sin exponer el mensaje del servidor
verificar · typecheck · unit · build · audit	Pruebas unitarias (domain, api)	2026-09-24T08:32:43.9308544Z ok 3 - cliente: un ErrorEnvelope se traduce a su código e issues, sin exponer el mensaje del servidor
verificar · typecheck · unit · build · audit	Pruebas unitarias (domain, api)	2026-09-24T08:32:43.9309037Z   ---
verificar · typecheck · unit · build · audit	Pruebas unitarias (domain, api)	2026-09-24T08:32:43.9309239Z   duration_ms: 1.582646
verificar · typecheck · unit · build · audit	Pruebas unitarias (domain, api)	2026-09-24T08:32:43.9309467Z   type: 'test'
verificar · typecheck · unit · build · audit	Pruebas unitarias (domain, api)	2026-09-24T08:32:43.9309662Z   ...
verificar · typecheck · unit · build · audit	Pruebas unitarias (domain, api)	2026-09-24T08:32:43.9310164Z # Subtest: cliente: sin respuesta de red el resultado es RED (incierto), nunca éxito
verificar · typecheck · unit · build · audit	Pruebas unitarias (domain, api)	2026-09-24T08:32:43.9310847Z ok 4 - cliente: sin respuesta de red el resultado es RED (incierto), nunca éxito
verificar · typecheck · unit · build · audit	Pruebas unitarias (domain, api)	2026-09-24T08:32:43.9311487Z   ---
verificar · typecheck · unit · build · audit	Pruebas unitarias (domain, api)	2026-09-24T08:32:43.9311875Z   duration_ms: 0.315011
verificar · typecheck · unit · build · audit	Pruebas unitarias (domain, api)	2026-09-24T08:32:43.9312250Z   type: 'test'
verificar · typecheck · unit · build · audit	Pruebas unitarias (domain, api)	2026-09-24T08:32:43.9312578Z   ...
verificar · typecheck · unit · build · audit	Pruebas unitarias (domain, api)	2026-09-24T08:32:43.9313748Z # Subtest: cliente: el cierre envía la versión de consecuencias mostrada y confirmación explícita, con Bearer
verificar · typecheck · unit · build · audit	Pruebas unitarias (domain, api)	2026-09-24T08:32:43.9315273Z ok 5 - cliente: el cierre envía la versión de consecuencias mostrada y confirmación explícita, con Bearer
verificar · typecheck · unit · build · audit	Pruebas unitarias (domain, api)	2026-09-24T08:32:43.9316041Z   ---
verificar · typecheck · unit · build · audit	Pruebas unitarias (domain, api)	2026-09-24T08:32:43.9316370Z   duration_ms: 1.500212
verificar · typecheck · unit · build · audit	Pruebas unitarias (domain, api)	2026-09-24T08:32:43.9316766Z   type: 'test'
verificar · typecheck · unit · build · audit	Pruebas unitarias (domain, api)	2026-09-24T08:32:43.9317093Z   ...
verificar · typecheck · unit · build · audit	Pruebas unitarias (domain, api)	2026-09-24T08:32:43.9317739Z # Subtest: copy: sin frases prohibidas por el 10 (10-B02, 10-ADD, 10-B10)
verificar · typecheck · unit · build · audit	Pruebas unitarias (domain, api)	2026-09-24T08:32:43.9318659Z ok 6 - copy: sin frases prohibidas por el 10 (10-B02, 10-ADD, 10-B10)
verificar · typecheck · unit · build · audit	Pruebas unitarias (domain, api)	2026-09-24T08:32:43.9319241Z   ---
verificar · typecheck · unit · build · audit	Pruebas unitarias (domain, api)	2026-09-24T08:32:43.9319555Z   duration_ms: 2.048789
verificar · typecheck · unit · build · audit	Pruebas unitarias (domain, api)	2026-09-24T08:32:43.9319923Z   type: 'test'
verificar · typecheck · unit · build · audit	Pruebas unitarias (domain, api)	2026-09-24T08:32:43.9320238Z   ...
verificar · typecheck · unit · build · audit	Pruebas unitarias (domain, api)	2026-09-24T08:32:43.9321432Z # Subtest: cliente ANT: cada operación va a la ruta que declara el 09, y las dos colecciones no se cruzan
verificar · typecheck · unit · build · audit	Pruebas unitarias (domain, api)	2026-09-24T08:32:43.9322942Z ok 7 - cliente ANT: cada operación va a la ruta que declara el 09, y las dos colecciones no se cruzan
verificar · typecheck · unit · build · audit	Pruebas unitarias (domain, api)	2026-09-24T08:32:43.9324170Z   ---
verificar · typecheck · unit · build · audit	Pruebas unitarias (domain, api)	2026-09-24T08:32:43.9324511Z   duration_ms: 4.270272
verificar · typecheck · unit · build · audit	Pruebas unitarias (domain, api)	2026-09-24T08:32:43.9324889Z   type: 'test'
verificar · typecheck · unit · build · audit	Pruebas unitarias (domain, api)	2026-09-24T08:32:43.9325216Z   ...
verificar · typecheck · unit · build · audit	Pruebas unitarias (domain, api)	2026-09-24T08:32:44.2023592Z # Subtest: REG-06-126 · un plan simple omite microciclos y es válido: no se inventa un microciclo vacío (09v10:262)
verificar · typecheck · unit · build · audit	Pruebas unitarias (domain, api)	2026-09-24T08:32:44.2026458Z ok 8 - REG-06-126 · un plan simple omite microciclos y es válido: no se inventa un microciclo vacío (09v10:262)
verificar · typecheck · unit · build · audit	Pruebas unitarias (domain, api)	2026-09-24T08:32:44.2052183Z   ---
verificar · typecheck · unit · build · audit	Pruebas unitarias (domain, api)	2026-09-24T08:32:44.2081910Z   duration_ms: 13.178346
verificar · typecheck · unit · build · audit	Pruebas unitarias (domain, api)	2026-09-24T08:32:44.2111919Z   type: 'test'
verificar · typecheck · unit · build · audit	Pruebas unitarias (domain, api)	2026-09-24T08:32:44.2141867Z   ...
verificar · typecheck · unit · build · audit	Pruebas unitarias (domain, api)	2026-09-24T08:32:44.2143428Z # Subtest: REG-06-126 · con microciclos, la sesión cuelga del microciclo y la jerarquía se conserva tal cual
verificar · typecheck · unit · build · audit	Pruebas unitarias (domain, api)	2026-09-24T08:32:44.2172697Z ok 9 - REG-06-126 · con microciclos, la sesión cuelga del microciclo y la jerarquía se conserva tal cual
verificar · typecheck · unit · build · audit	Pruebas unitarias (domain, api)	2026-09-24T08:32:44.2185638Z   ---
verificar · typecheck · unit · build · audit	Pruebas unitarias (domain, api)	2026-09-24T08:32:44.2186245Z   duration_ms: 1.377191
verificar · typecheck · unit · build · audit	Pruebas unitarias (domain, api)	2026-09-24T08:32:44.2186866Z   type: 'test'
verificar · typecheck · unit · build · audit	Pruebas unitarias (domain, api)	2026-09-24T08:32:44.2187394Z   ...
verificar · typecheck · unit · build · audit	Pruebas unitarias (domain, api)	2026-09-24T08:32:44.2188753Z # Subtest: 09v10:281 · un bloque con sesiones directas y microciclos a la vez es una estructura mal formada
verificar · typecheck · unit · build · audit	Pruebas unitarias (domain, api)	2026-09-24T08:32:44.2190578Z ok 10 - 09v10:281 · un bloque con sesiones directas y microciclos a la vez es una estructura mal formada
verificar · typecheck · unit · build · audit	Pruebas unitarias (domain, api)	2026-09-24T08:32:44.2191860Z   ---
verificar · typecheck · unit · build · audit	Pruebas unitarias (domain, api)	2026-09-24T08:32:44.2192436Z   duration_ms: 0.58663
verificar · typecheck · unit · build · audit	Pruebas unitarias (domain, api)	2026-09-24T08:32:44.2193073Z   type: 'test'
verificar · typecheck · unit · build · audit	Pruebas unitarias (domain, api)	2026-09-24T08:32:44.2193633Z   ...
verificar · typecheck · unit · build · audit	Pruebas unitarias (domain, api)	2026-09-24T08:32:44.2194902Z # Subtest: REG-06-127 · el propósito es texto libre: «Descarga» no es un token ni pausa nada
verificar · typecheck · unit · build · audit	Pruebas unitarias (domain, api)	2026-09-24T08:32:44.2196770Z ok 11 - REG-06-127 · el propósito es texto libre: «Descarga» no es un token ni pausa nada
verificar · typecheck · unit · build · audit	Pruebas unitarias (domain, api)	2026-09-24T08:32:44.2204430Z   ---
verificar · typecheck · unit · build · audit	Pruebas unitarias (domain, api)	2026-09-24T08:32:44.2205085Z   duration_ms: 0.495588
verificar · typecheck · unit · build · audit	Pruebas unitarias (domain, api)	2026-09-24T08:32:44.2205708Z   type: 'test'
verificar · typecheck · unit · build · audit	Pruebas unitarias (domain, api)	2026-09-24T08:32:44.2206310Z   ...
verificar · typecheck · unit · build · audit	Pruebas unitarias (domain, api)	2026-09-24T08:32:44.2207781Z # Subtest: REG-06-111 · los identificadores que vienen se conservan y los que faltan los asigna el servidor
verificar · typecheck · unit · build · audit	Pruebas unitarias (domain, api)	2026-09-24T08:32:44.2209847Z ok 12 - REG-06-111 · los identificadores que vienen se conservan y los que faltan los asigna el servidor
verificar · typecheck · unit · build · audit	Pruebas unitarias (domain, api)	2026-09-24T08:32:44.2210983Z   ---
verificar · typecheck · unit · build · audit	Pruebas unitarias (domain, api)	2026-09-24T08:32:44.2211961Z   duration_ms: 0.905627
verificar · typecheck · unit · build · audit	Pruebas unitarias (domain, api)	2026-09-24T08:32:44.2212614Z   type: 'test'
verificar · typecheck · unit · build · audit	Pruebas unitarias (domain, api)	2026-09-24T08:32:44.2213201Z   ...
verificar · typecheck · unit · build · audit	Pruebas unitarias (domain, api)	2026-09-24T08:32:44.2214945Z # Subtest: REG-06-111 · dos nodos con el mismo identificador no pueden coexistir: la ocurrencia y el registro dejarían de ser identificables
verificar · typecheck · unit · build · audit	Pruebas unitarias (domain, api)	2026-09-24T08:32:44.2217463Z ok 13 - REG-06-111 · dos nodos con el mismo identificador no pueden coexistir: la ocurrencia y el registro dejarían de ser identificables
verificar · typecheck · unit · build · audit	Pruebas unitarias (domain, api)	2026-09-24T08:32:44.2218815Z   ---
verificar · typecheck · unit · build · audit	Pruebas unitarias (domain, api)	2026-09-24T08:32:44.2219514Z   duration_ms: 0.335679
verificar · typecheck · unit · build · audit	Pruebas unitarias (domain, api)	2026-09-24T08:32:44.2220254Z   type: 'test'
verificar · typecheck · unit · build · audit	Pruebas unitarias (domain, api)	2026-09-24T08:32:44.2250597Z   ...
verificar · typecheck · unit · build · audit	Pruebas unitarias (domain, api)	2026-09-24T08:32:44.2252321Z # Subtest: DL-088 · el identificador de nodo tiene alfabeto restringido: forma parte del occurrenceId
verificar · typecheck · unit · build · audit	Pruebas unitarias (domain, api)	2026-09-24T08:32:44.2254139Z ok 14 - DL-088 · el identificador de nodo tiene alfabeto restringido: forma parte del occurrenceId
verificar · typecheck · unit · build · audit	Pruebas unitarias (domain, api)	2026-09-24T08:32:44.2255201Z   ---
verificar · typecheck · unit · build · audit	Pruebas unitarias (domain, api)	2026-09-24T08:32:44.2255739Z   duration_ms: 0.753241
verificar · typecheck · unit · build · audit	Pruebas unitarias (domain, api)	2026-09-24T08:32:44.2256311Z   type: 'test'
verificar · typecheck · unit · build · audit	Pruebas unitarias (domain, api)	2026-09-24T08:32:44.2256837Z   ...
verificar · typecheck · unit · build · audit	Pruebas unitarias (domain, api)	2026-09-24T08:32:44.2258227Z # Subtest: 09v10:738-744 · validar informa lo que falta, vinculado a bloque, sesión y ejercicio, sin juzgar el programa
verificar · typecheck · unit · build · audit	Pruebas unitarias (domain, api)	2026-09-24T08:32:44.2260221Z ok 15 - 09v10:738-744 · validar informa lo que falta, vinculado a bloque, sesión y ejercicio, sin juzgar el programa
verificar · typecheck · unit · build · audit	Pruebas unitarias (domain, api)	2026-09-24T08:32:44.2261586Z   ---
verificar · typecheck · unit · build · audit	Pruebas unitarias (domain, api)	2026-09-24T08:32:44.2262150Z   duration_ms: 0.640761
verificar · typecheck · unit · build · audit	Pruebas unitarias (domain, api)	2026-09-24T08:32:44.2262739Z   type: 'test'
verificar · typecheck · unit · build · audit	Pruebas unitarias (domain, api)	2026-09-24T08:32:44.2263266Z   ...
verificar · typecheck · unit · build · audit	Pruebas unitarias (domain, api)	2026-09-24T08:32:44.2264984Z # Subtest: 09v10:752 · una referencia que no existe es EXERCISE_REFERENCE_INVALID; una que dejó de estar disponible, EXERCISE_NOT_AVAILABLE
verificar · typecheck · unit · build · audit	Pruebas unitarias (domain, api)	2026-09-24T08:32:44.2267301Z ok 16 - 09v10:752 · una referencia que no existe es EXERCISE_REFERENCE_INVALID; una que dejó de estar disponible, EXERCISE_NOT_AVAILABLE
verificar · typecheck · unit · build · audit	Pruebas unitarias (domain, api)	2026-09-24T08:32:44.2268922Z   ---
verificar · typecheck · unit · build · audit	Pruebas unitarias (domain, api)	2026-09-24T08:32:44.2269452Z   duration_ms: 1.054315
verificar · typecheck · unit · build · audit	Pruebas unitarias (domain, api)	2026-09-24T08:32:44.2270069Z   type: 'test'
verificar · typecheck · unit · build · audit	Pruebas unitarias (domain, api)	2026-09-24T08:32:44.2270642Z   ...
verificar · typecheck · unit · build · audit	Pruebas unitarias (domain, api)	2026-09-24T08:32:44.2272389Z # Subtest: REG-06-104/112 · la instantánea congela el ejercicio con su nombre, y no se construye si falta una referencia
verificar · typecheck · unit · build · audit	Pruebas unitarias (domain, api)	2026-09-24T08:32:44.2274435Z ok 17 - REG-06-104/112 · la instantánea congela el ejercicio con su nombre, y no se construye si falta una referencia
verificar · typecheck · unit · build · audit	Pruebas unitarias (domain, api)	2026-09-24T08:32:44.2275941Z   ---
verificar · typecheck · unit · build · audit	Pruebas unitarias (domain, api)	2026-09-24T08:32:44.2276530Z   duration_ms: 1.233742
verificar · typecheck · unit · build · audit	Pruebas unitarias (domain, api)	2026-09-24T08:32:44.2277156Z   type: 'test'
verificar · typecheck · unit · build · audit	Pruebas unitarias (domain, api)	2026-09-24T08:32:44.2277721Z   ...
verificar · typecheck · unit · build · audit	Pruebas unitarias (domain, api)	2026-09-24T08:32:44.2279295Z # Subtest: REG-06-128 · el criterio es PERCENT_RM o RIR, y una prescripción sin criterio es legítima (no es un problema al validar)
verificar · typecheck · unit · build · audit	Pruebas unitarias (domain, api)	2026-09-24T08:32:44.2281722Z ok 18 - REG-06-128 · el criterio es PERCENT_RM o RIR, y una prescripción sin criterio es legítima (no es un problema al validar)
verificar · typecheck · unit · build · audit	Pruebas unitarias (domain, api)	2026-09-24T08:32:44.2282945Z   ---
verificar · typecheck · unit · build · audit	Pruebas unitarias (domain, api)	2026-09-24T08:32:44.2283510Z   duration_ms: 0.487103
verificar · typecheck · unit · build · audit	Pruebas unitarias (domain, api)	2026-09-24T08:32:44.2284144Z   type: 'test'
verificar · typecheck · unit · build · audit	Pruebas unitarias (domain, api)	2026-09-24T08:32:44.2284736Z   ...
verificar · typecheck · unit · build · audit	Pruebas unitarias (domain, api)	2026-09-24T08:32:44.2286261Z # Subtest: REG-06-129 · el esfuerzo percibido nunca es criterio de prescripción: RPE es INTENSITY_CRITERION_INVALID con su motivo
verificar · typecheck · unit · build · audit	Pruebas unitarias (domain, api)	2026-09-24T08:32:44.2288481Z ok 19 - REG-06-129 · el esfuerzo percibido nunca es criterio de prescripción: RPE es INTENSITY_CRITERION_INVALID con su motivo
verificar · typecheck · unit · build · audit	Pruebas unitarias (domain, api)	2026-09-24T08:32:44.2289824Z   ---
verificar · typecheck · unit · build · audit	Pruebas unitarias (domain, api)	2026-09-24T08:32:44.2290435Z   duration_ms: 1.522333
verificar · typecheck · unit · build · audit	Pruebas unitarias (domain, api)	2026-09-24T08:32:44.2291146Z   type: 'test'
verificar · typecheck · unit · build · audit	Pruebas unitarias (domain, api)	2026-09-24T08:32:44.2292040Z   ...
verificar · typecheck · unit · build · audit	Pruebas unitarias (domain, api)	2026-09-24T08:32:44.2293256Z # Subtest: 09v10:371 · los dos criterios a la vez se rechazan, y un tercero también
verificar · typecheck · unit · build · audit	Pruebas unitarias (domain, api)	2026-09-24T08:32:44.2294865Z ok 20 - 09v10:371 · los dos criterios a la vez se rechazan, y un tercero también
verificar · typecheck · unit · build · audit	Pruebas unitarias (domain, api)	2026-09-24T08:32:44.2295783Z   ---
verificar · typecheck · unit · build · audit	Pruebas unitarias (domain, api)	2026-09-24T08:32:44.2296351Z   duration_ms: 0.284464
verificar · typecheck · unit · build · audit	Pruebas unitarias (domain, api)	2026-09-24T08:32:44.2296910Z   type: 'test'
verificar · typecheck · unit · build · audit	Pruebas unitarias (domain, api)	2026-09-24T08:32:44.2297482Z   ...
verificar · typecheck · unit · build · audit	Pruebas unitarias (domain, api)	2026-09-24T08:32:44.2298960Z # Subtest: 09v10:391 · la carga sugerida no es criterio de intensidad: son dos campos distintos, y la carga exige unidad
verificar · typecheck · unit · build · audit	Pruebas unitarias (domain, api)	2026-09-24T08:32:44.2301057Z ok 21 - 09v10:391 · la carga sugerida no es criterio de intensidad: son dos campos distintos, y la carga exige unidad
verificar · typecheck · unit · build · audit	Pruebas unitarias (domain, api)	2026-09-24T08:32:44.2302526Z   ---
verificar · typecheck · unit · build · audit	Pruebas unitarias (domain, api)	2026-09-24T08:32:44.2303105Z   duration_ms: 0.830236
verificar · typecheck · unit · build · audit	Pruebas unitarias (domain, api)	2026-09-24T08:32:44.2303753Z   type: 'test'
verificar · typecheck · unit · build · audit	Pruebas unitarias (domain, api)	2026-09-24T08:32:44.2304356Z   ...
verificar · typecheck · unit · build · audit	Pruebas unitarias (domain, api)	2026-09-24T08:32:44.2305886Z # Subtest: DL-088 · el objetivo de intensidad tiene rango de significado: un %RM mayor que 100 o un RIR negativo no significan nada
verificar · typecheck · unit · build · audit	Pruebas unitarias (domain, api)	2026-09-24T08:32:44.2308255Z ok 22 - DL-088 · el objetivo de intensidad tiene rango de significado: un %RM mayor que 100 o un RIR negativo no significan nada
verificar · typecheck · unit · build · audit	Pruebas unitarias (domain, api)	2026-09-24T08:32:44.2309552Z   ---
verificar · typecheck · unit · build · audit	Pruebas unitarias (domain, api)	2026-09-24T08:32:44.2310131Z   duration_ms: 0.468878
verificar · typecheck · unit · build · audit	Pruebas unitarias (domain, api)	2026-09-24T08:32:44.2310734Z   type: 'test'
verificar · typecheck · unit · build · audit	Pruebas unitarias (domain, api)	2026-09-24T08:32:44.2311610Z   ...
verificar · typecheck · unit · build · audit	Pruebas unitarias (domain, api)	2026-09-24T08:32:44.2312769Z # Subtest: REG-06-111 · un parámetro cuantitativo del profesional declara su unidad
verificar · typecheck · unit · build · audit	Pruebas unitarias (domain, api)	2026-09-24T08:32:44.2314238Z ok 23 - REG-06-111 · un parámetro cuantitativo del profesional declara su unidad
verificar · typecheck · unit · build · audit	Pruebas unitarias (domain, api)	2026-09-24T08:32:44.2315131Z   ---
verificar · typecheck · unit · build · audit	Pruebas unitarias (domain, api)	2026-09-24T08:32:44.2315665Z   duration_ms: 1.829639
verificar · typecheck · unit · build · audit	Pruebas unitarias (domain, api)	2026-09-24T08:32:44.2316249Z   type: 'test'
verificar · typecheck · unit · build · audit	Pruebas unitarias (domain, api)	2026-09-24T08:32:44.2316786Z   ...
verificar · typecheck · unit · build · audit	Pruebas unitarias (domain, api)	2026-09-24T08:32:44.2318196Z # Subtest: INV-06-152 · una serie captura carga con unidad, repeticiones, y RIR y esfuerzo opcionales (09v10:1072-1079)
verificar · typecheck · unit · build · audit	Pruebas unitarias (domain, api)	2026-09-24T08:32:44.2320216Z ok 24 - INV-06-152 · una serie captura carga con unidad, repeticiones, y RIR y esfuerzo opcionales (09v10:1072-1079)
verificar · typecheck · unit · build · audit	Pruebas unitarias (domain, api)	2026-09-24T08:32:44.2321611Z   ---
verificar · typecheck · unit · build · audit	Pruebas unitarias (domain, api)	2026-09-24T08:32:44.2322214Z   duration_ms: 1.204958
verificar · typecheck · unit · build · audit	Pruebas unitarias (domain, api)	2026-09-24T08:32:44.2322944Z   type: 'test'
verificar · typecheck · unit · build · audit	Pruebas unitarias (domain, api)	2026-09-24T08:32:44.2323499Z   ...
verificar · typecheck · unit · build · audit	Pruebas unitarias (domain, api)	2026-09-24T08:32:44.2324869Z # Subtest: REG-06-131 · confirmar exige declarar la condición: la ausencia de registro nunca se confirma como nada
verificar · typecheck · unit · build · audit	Pruebas unitarias (domain, api)	2026-09-24T08:32:44.2326787Z ok 25 - REG-06-131 · confirmar exige declarar la condición: la ausencia de registro nunca se confirma como nada
verificar · typecheck · unit · build · audit	Pruebas unitarias (domain, api)	2026-09-24T08:32:44.2328139Z   ---
verificar · typecheck · unit · build · audit	Pruebas unitarias (domain, api)	2026-09-24T08:32:44.2328686Z   duration_ms: 0.363511
verificar · typecheck · unit · build · audit	Pruebas unitarias (domain, api)	2026-09-24T08:32:44.2329272Z   type: 'test'
verificar · typecheck · unit · build · audit	Pruebas unitarias (domain, api)	2026-09-24T08:32:44.2329786Z   ...
verificar · typecheck · unit · build · audit	Pruebas unitarias (domain, api)	2026-09-24T08:32:44.2331119Z # Subtest: REG-06-131/132 · «No pude realizarla» se confirma sin granularidad y sin datos, con motivo opcional
verificar · typecheck · unit · build · audit	Pruebas unitarias (domain, api)	2026-09-24T08:32:44.2333361Z ok 26 - REG-06-131/132 · «No pude realizarla» se confirma sin granularidad y sin datos, con motivo opcional
verificar · typecheck · unit · build · audit	Pruebas unitarias (domain, api)	2026-09-24T08:32:44.2334637Z   ---
verificar · typecheck · unit · build · audit	Pruebas unitarias (domain, api)	2026-09-24T08:32:44.2335149Z   duration_ms: 0.171321
verificar · typecheck · unit · build · audit	Pruebas unitarias (domain, api)	2026-09-24T08:32:44.2335715Z   type: 'test'
verificar · typecheck · unit · build · audit	Pruebas unitarias (domain, api)	2026-09-24T08:32:44.2336224Z   ...
verificar · typecheck · unit · build · audit	Pruebas unitarias (domain, api)	2026-09-24T08:32:44.2337625Z # Subtest: REG-06-132 · una sesión NO_REALIZADA con series cargadas no se confirma, pero guardar el borrador sí se puede
verificar · typecheck · unit · build · audit	Pruebas unitarias (domain, api)	2026-09-24T08:32:44.2339646Z ok 27 - REG-06-132 · una sesión NO_REALIZADA con series cargadas no se confirma, pero guardar el borrador sí se puede
verificar · typecheck · unit · build · audit	Pruebas unitarias (domain, api)	2026-09-24T08:32:44.2340756Z   ---
verificar · typecheck · unit · build · audit	Pruebas unitarias (domain, api)	2026-09-24T08:32:44.2341581Z   duration_ms: 0.314159
verificar · typecheck · unit · build · audit	Pruebas unitarias (domain, api)	2026-09-24T08:32:44.2342191Z   type: 'test'
verificar · typecheck · unit · build · audit	Pruebas unitarias (domain, api)	2026-09-24T08:32:44.2342724Z   ...
verificar · typecheck · unit · build · audit	Pruebas unitarias (domain, api)	2026-09-24T08:32:44.2344221Z # Subtest: 09v10:1101 · un registro agregado no lleva series, y uno por serie no lleva resumen: no se sintetiza ninguna de las dos
verificar · typecheck · unit · build · audit	Pruebas unitarias (domain, api)	2026-09-24T08:32:44.2346311Z ok 28 - 09v10:1101 · un registro agregado no lleva series, y uno por serie no lleva resumen: no se sintetiza ninguna de las dos
verificar · typecheck · unit · build · audit	Pruebas unitarias (domain, api)	2026-09-24T08:32:44.2347435Z   ---
verificar · typecheck · unit · build · audit	Pruebas unitarias (domain, api)	2026-09-24T08:32:44.2347945Z   duration_ms: 0.284984
verificar · typecheck · unit · build · audit	Pruebas unitarias (domain, api)	2026-09-24T08:32:44.2348514Z   type: 'test'
verificar · typecheck · unit · build · audit	Pruebas unitarias (domain, api)	2026-09-24T08:32:44.2349018Z   ...
verificar · typecheck · unit · build · audit	Pruebas unitarias (domain, api)	2026-09-24T08:32:44.2350040Z # Subtest: REG-06-132 · no se registran ejercicios antes de elegir granularidad
verificar · typecheck · unit · build · audit	Pruebas unitarias (domain, api)	2026-09-24T08:32:44.2351599Z ok 29 - REG-06-132 · no se registran ejercicios antes de elegir granularidad
verificar · typecheck · unit · build · audit	Pruebas unitarias (domain, api)	2026-09-24T08:32:44.2352435Z   ---
verificar · typecheck · unit · build · audit	Pruebas unitarias (domain, api)	2026-09-24T08:32:44.2352963Z   duration_ms: 0.183243
verificar · typecheck · unit · build · audit	Pruebas unitarias (domain, api)	2026-09-24T08:32:44.2353537Z   type: 'test'
verificar · typecheck · unit · build · audit	Pruebas unitarias (domain, api)	2026-09-24T08:32:44.2354035Z   ...
verificar · typecheck · unit · build · audit	Pruebas unitarias (domain, api)	2026-09-24T08:32:44.2355187Z # Subtest: una prescripción se registra una vez, y en ella cada serie tiene su índice
verificar · typecheck · unit · build · audit	Pruebas unitarias (domain, api)	2026-09-24T08:32:44.2356848Z ok 30 - una prescripción se registra una vez, y en ella cada serie tiene su índice
verificar · typecheck · unit · build · audit	Pruebas unitarias (domain, api)	2026-09-24T08:32:44.2357863Z   ---
verificar · typecheck · unit · build · audit	Pruebas unitarias (domain, api)	2026-09-24T08:32:44.2358454Z   duration_ms: 0.204403
verificar · typecheck · unit · build · audit	Pruebas unitarias (domain, api)	2026-09-24T08:32:44.2359052Z   type: 'test'
verificar · typecheck · unit · build · audit	Pruebas unitarias (domain, api)	2026-09-24T08:32:44.2359589Z   ...
verificar · typecheck · unit · build · audit	Pruebas unitarias (domain, api)	2026-09-24T08:32:44.2361110Z # Subtest: 09v10:1161 · para confirmar hace falta algo registrado; una serie sin carga ni repeticiones no registra nada
verificar · typecheck · unit · build · audit	Pruebas unitarias (domain, api)	2026-09-24T08:32:44.2363474Z ok 31 - 09v10:1161 · para confirmar hace falta algo registrado; una serie sin carga ni repeticiones no registra nada
verificar · typecheck · unit · build · audit	Pruebas unitarias (domain, api)	2026-09-24T08:32:44.2364795Z   ---
verificar · typecheck · unit · build · audit	Pruebas unitarias (domain, api)	2026-09-24T08:32:44.2365412Z   duration_ms: 0.496029
verificar · typecheck · unit · build · audit	Pruebas unitarias (domain, api)	2026-09-24T08:32:44.2366011Z   type: 'test'
verificar · typecheck · unit · build · audit	Pruebas unitarias (domain, api)	2026-09-24T08:32:44.2366571Z   ...
verificar · typecheck · unit · build · audit	Pruebas unitarias (domain, api)	2026-09-24T08:32:44.2367681Z # Subtest: 09v10:1095 · en un registro agregado alcanza con el resumen de la sesión
verificar · typecheck · unit · build · audit	Pruebas unitarias (domain, api)	2026-09-24T08:32:44.2369244Z ok 32 - 09v10:1095 · en un registro agregado alcanza con el resumen de la sesión
verificar · typecheck · unit · build · audit	Pruebas unitarias (domain, api)	2026-09-24T08:32:44.2370250Z   ---
verificar · typecheck · unit · build · audit	Pruebas unitarias (domain, api)	2026-09-24T08:32:44.2370826Z   duration_ms: 0.168075
verificar · typecheck · unit · build · audit	Pruebas unitarias (domain, api)	2026-09-24T08:32:44.2371720Z   type: 'test'
verificar · typecheck · unit · build · audit	Pruebas unitarias (domain, api)	2026-09-24T08:32:44.2372299Z   ...
verificar · typecheck · unit · build · audit	Pruebas unitarias (domain, api)	2026-09-24T08:32:44.2373713Z # Subtest: REG-06-130 · la sustitución es legítima: registrar otro ejercicio que el prescripto no es un problema
verificar · typecheck · unit · build · audit	Pruebas unitarias (domain, api)	2026-09-24T08:32:44.2375800Z ok 33 - REG-06-130 · la sustitución es legítima: registrar otro ejercicio que el prescripto no es un problema
verificar · typecheck · unit · build · audit	Pruebas unitarias (domain, api)	2026-09-24T08:32:44.2377005Z   ---
verificar · typecheck · unit · build · audit	Pruebas unitarias (domain, api)	2026-09-24T08:32:44.2377581Z   duration_ms: 0.187752
verificar · typecheck · unit · build · audit	Pruebas unitarias (domain, api)	2026-09-24T08:32:44.2378154Z   type: 'test'
verificar · typecheck · unit · build · audit	Pruebas unitarias (domain, api)	2026-09-24T08:32:44.2378694Z   ...
verificar · typecheck · unit · build · audit	Pruebas unitarias (domain, api)	2026-09-24T08:32:44.2380349Z # Subtest: 09v10:995-1003 · el borrador se guarda por partes: cada campo es opcional, y la condición viaja como texto para dar su 422
verificar · typecheck · unit · build · audit	Pruebas unitarias (domain, api)	2026-09-24T08:32:44.2382933Z ok 34 - 09v10:995-1003 · el borrador se guarda por partes: cada campo es opcional, y la condición viaja como texto para dar su 422
verificar · typecheck · unit · build · audit	Pruebas unitarias (domain, api)	2026-09-24T08:32:44.2384108Z   ---
verificar · typecheck · unit · build · audit	Pruebas unitarias (domain, api)	2026-09-24T08:32:44.2384632Z   duration_ms: 1.924065
verificar · typecheck · unit · build · audit	Pruebas unitarias (domain, api)	2026-09-24T08:32:44.2385198Z   type: 'test'
verificar · typecheck · unit · build · audit	Pruebas unitarias (domain, api)	2026-09-24T08:32:44.2385973Z   ...
verificar · typecheck · unit · build · audit	Pruebas unitarias (domain, api)	2026-09-24T08:32:44.2386824Z # Subtest: B10-06:879-884 · una corrección exige motivo
verificar · typecheck · unit · build · audit	Pruebas unitarias (domain, api)	2026-09-24T08:32:44.2387857Z ok 35 - B10-06:879-884 · una corrección exige motivo
verificar · typecheck · unit · build · audit	Pruebas unitarias (domain, api)	2026-09-24T08:32:44.2388572Z   ---
verificar · typecheck · unit · build · audit	Pruebas unitarias (domain, api)	2026-09-24T08:32:44.2389107Z   duration_ms: 1.940486
verificar · typecheck · unit · build · audit	Pruebas unitarias (domain, api)	2026-09-24T08:32:44.2389679Z   type: 'test'
verificar · typecheck · unit · build · audit	Pruebas unitarias (domain, api)	2026-09-24T08:32:44.2390192Z   ...
verificar · typecheck · unit · build · audit	Pruebas unitarias (domain, api)	2026-09-24T08:32:44.2392040Z # Subtest: DL-077 · el occurrenceId vuelve a la misma ocurrencia, y dos ocurrencias distintas no comparten identificador
verificar · typecheck · unit · build · audit	Pruebas unitarias (domain, api)	2026-09-24T08:32:44.2394047Z ok 36 - DL-077 · el occurrenceId vuelve a la misma ocurrencia, y dos ocurrencias distintas no comparten identificador
verificar · typecheck · unit · build · audit	Pruebas unitarias (domain, api)	2026-09-24T08:32:44.2395130Z   ---
verificar · typecheck · unit · build · audit	Pruebas unitarias (domain, api)	2026-09-24T08:32:44.2395633Z   duration_ms: 1.374295
verificar · typecheck · unit · build · audit	Pruebas unitarias (domain, api)	2026-09-24T08:32:44.2396184Z   type: 'test'
verificar · typecheck · unit · build · audit	Pruebas unitarias (domain, api)	2026-09-24T08:32:44.2396686Z   ...
verificar · typecheck · unit · build · audit	Pruebas unitarias (domain, api)	2026-09-24T08:32:44.2398126Z # Subtest: DL-077 · un identificador que el servidor no pudo emitir no decodifica: ni ajeno, ni alterado, ni en forma no canónica
verificar · typecheck · unit · build · audit	Pruebas unitarias (domain, api)	2026-09-24T08:32:44.2400179Z ok 37 - DL-077 · un identificador que el servidor no pudo emitir no decodifica: ni ajeno, ni alterado, ni en forma no canónica
verificar · typecheck · unit · build · audit	Pruebas unitarias (domain, api)	2026-09-24T08:32:44.2401535Z   ---
verificar · typecheck · unit · build · audit	Pruebas unitarias (domain, api)	2026-09-24T08:32:44.2402059Z   duration_ms: 0.703919
verificar · typecheck · unit · build · audit	Pruebas unitarias (domain, api)	2026-09-24T08:32:44.2402596Z   type: 'test'
verificar · typecheck · unit · build · audit	Pruebas unitarias (domain, api)	2026-09-24T08:32:44.2403106Z   ...
verificar · typecheck · unit · build · audit	Pruebas unitarias (domain, api)	2026-09-24T08:32:44.2404311Z # Subtest: H-09-TRN-01 · la ocurrencia no tiene un estado «no realizada»: sin borrador es NOT_STARTED
verificar · typecheck · unit · build · audit	Pruebas unitarias (domain, api)	2026-09-24T08:32:44.2406032Z ok 38 - H-09-TRN-01 · la ocurrencia no tiene un estado «no realizada»: sin borrador es NOT_STARTED
verificar · typecheck · unit · build · audit	Pruebas unitarias (domain, api)	2026-09-24T08:32:44.2407024Z   ---
verificar · typecheck · unit · build · audit	Pruebas unitarias (domain, api)	2026-09-24T08:32:44.2407545Z   duration_ms: 0.294412
verificar · typecheck · unit · build · audit	Pruebas unitarias (domain, api)	2026-09-24T08:32:44.2414553Z   type: 'test'
verificar · typecheck · unit · build · audit	Pruebas unitarias (domain, api)	2026-09-24T08:32:44.2415156Z   ...
verificar · typecheck · unit · build · audit	Pruebas unitarias (domain, api)	2026-09-24T08:32:44.2416665Z # Subtest: TEST-PRJ-009 · ningún schema de entrenamiento tiene puntaje, cumplimiento, volumen, marcas ni mapa muscular
verificar · typecheck · unit · build · audit	Pruebas unitarias (domain, api)	2026-09-24T08:32:44.2418828Z ok 39 - TEST-PRJ-009 · ningún schema de entrenamiento tiene puntaje, cumplimiento, volumen, marcas ni mapa muscular
verificar · typecheck · unit · build · audit	Pruebas unitarias (domain, api)	2026-09-24T08:32:44.2419967Z   ---
verificar · typecheck · unit · build · audit	Pruebas unitarias (domain, api)	2026-09-24T08:32:44.2420537Z   duration_ms: 101.50896
verificar · typecheck · unit · build · audit	Pruebas unitarias (domain, api)	2026-09-24T08:32:44.2421087Z   type: 'test'
verificar · typecheck · unit · build · audit	Pruebas unitarias (domain, api)	2026-09-24T08:32:44.2421849Z   ...
verificar · typecheck · unit · build · audit	Pruebas unitarias (domain, api)	2026-09-24T08:32:44.2423246Z # Subtest: TEST-PRJ-009 · el control detecta un campo prohibido, y la excepción de PERCENT_RM no abre la puerta a otro «percent»
verificar · typecheck · unit · build · audit	Pruebas unitarias (domain, api)	2026-09-24T08:32:44.2425126Z ok 40 - TEST-PRJ-009 · el control detecta un campo prohibido, y la excepción de PERCENT_RM no abre la puerta a otro «percent»
verificar · typecheck · unit · build · audit	Pruebas unitarias (domain, api)	2026-09-24T08:32:44.2426174Z   ---
verificar · typecheck · unit · build · audit	Pruebas unitarias (domain, api)	2026-09-24T08:32:44.2426640Z   duration_ms: 0.539972
verificar · typecheck · unit · build · audit	Pruebas unitarias (domain, api)	2026-09-24T08:32:44.2427153Z   type: 'test'
verificar · typecheck · unit · build · audit	Pruebas unitarias (domain, api)	2026-09-24T08:32:44.2427621Z   ...
verificar · typecheck · unit · build · audit	Pruebas unitarias (domain, api)	2026-09-24T08:32:44.2428778Z # Subtest: TEST-PRJ-009 · el OpenAPI de entrenamiento tampoco expone nada de eso, y tiene las 26 operaciones
verificar · typecheck · unit · build · audit	Pruebas unitarias (domain, api)	2026-09-24T08:32:44.2430401Z ok 41 - TEST-PRJ-009 · el OpenAPI de entrenamiento tampoco expone nada de eso, y tiene las 26 operaciones
verificar · typecheck · unit · build · audit	Pruebas unitarias (domain, api)	2026-09-24T08:32:44.2431607Z   ---
verificar · typecheck · unit · build · audit	Pruebas unitarias (domain, api)	2026-09-24T08:32:44.2432096Z   duration_ms: 87.432649
verificar · typecheck · unit · build · audit	Pruebas unitarias (domain, api)	2026-09-24T08:32:44.2432622Z   type: 'test'
verificar · typecheck · unit · build · audit	Pruebas unitarias (domain, api)	2026-09-24T08:32:44.2433106Z   ...
verificar · typecheck · unit · build · audit	Pruebas unitarias (domain, api)	2026-09-24T08:32:44.2434414Z # Subtest: §4.1 · la asimetría del contrato: dos colecciones de ejecución, una sola de plan, y ninguna de borradores de plan
verificar · typecheck · unit · build · audit	Pruebas unitarias (domain, api)	2026-09-24T08:32:44.2436225Z ok 42 - §4.1 · la asimetría del contrato: dos colecciones de ejecución, una sola de plan, y ninguna de borradores de plan
verificar · typecheck · unit · build · audit	Pruebas unitarias (domain, api)	2026-09-24T08:32:44.2437209Z   ---
verificar · typecheck · unit · build · audit	Pruebas unitarias (domain, api)	2026-09-24T08:32:44.2437671Z   duration_ms: 58.971258
verificar · typecheck · unit · build · audit	Pruebas unitarias (domain, api)	2026-09-24T08:32:44.2438177Z   type: 'test'
verificar · typecheck · unit · build · audit	Pruebas unitarias (domain, api)	2026-09-24T08:32:44.2438644Z   ...
verificar · typecheck · unit · build · audit	Pruebas unitarias (domain, api)	2026-09-24T08:32:44.2439920Z # Subtest: TEST-TRN-004 · sin registro nunca se muestra «No realizada»: hoy es «No iniciada», un día pasado es «Sin registro»
verificar · typecheck · unit · build · audit	Pruebas unitarias (domain, api)	2026-09-24T08:32:44.2441926Z ok 43 - TEST-TRN-004 · sin registro nunca se muestra «No realizada»: hoy es «No iniciada», un día pasado es «Sin registro»
verificar · typecheck · unit · build · audit	Pruebas unitarias (domain, api)	2026-09-24T08:32:44.2442918Z   ---
verificar · typecheck · unit · build · audit	Pruebas unitarias (domain, api)	2026-09-24T08:32:44.2443390Z   duration_ms: 1.195841
verificar · typecheck · unit · build · audit	Pruebas unitarias (domain, api)	2026-09-24T08:32:44.2443894Z   type: 'test'
verificar · typecheck · unit · build · audit	Pruebas unitarias (domain, api)	2026-09-24T08:32:44.2444343Z   ...
verificar · typecheck · unit · build · audit	Pruebas unitarias (domain, api)	2026-09-24T08:32:44.2445337Z # Subtest: REG-06-131 · «No realizada» aparece solo cuando el asesorado lo registró así
verificar · typecheck · unit · build · audit	Pruebas unitarias (domain, api)	2026-09-24T08:32:44.2446931Z ok 44 - REG-06-131 · «No realizada» aparece solo cuando el asesorado lo registró así
verificar · typecheck · unit · build · audit	Pruebas unitarias (domain, api)	2026-09-24T08:32:44.2447746Z   ---
verificar · typecheck · unit · build · audit	Pruebas unitarias (domain, api)	2026-09-24T08:32:44.2448224Z   duration_ms: 0.29898
verificar · typecheck · unit · build · audit	Pruebas unitarias (domain, api)	2026-09-24T08:32:44.2448731Z   type: 'test'
verificar · typecheck · unit · build · audit	Pruebas unitarias (domain, api)	2026-09-24T08:32:44.2449190Z   ...
verificar · typecheck · unit · build · audit	Pruebas unitarias (domain, api)	2026-09-24T08:32:44.2450576Z # Subtest: B10-10:134 · el copy de entrenamiento no tiene puntajes ni juicios; «% RM» sí, cualquier otro «%» no
verificar · typecheck · unit · build · audit	Pruebas unitarias (domain, api)	2026-09-24T08:32:44.2452532Z ok 45 - B10-10:134 · el copy de entrenamiento no tiene puntajes ni juicios; «% RM» sí, cualquier otro «%» no
verificar · typecheck · unit · build · audit	Pruebas unitarias (domain, api)	2026-09-24T08:32:44.2453540Z   ---
verificar · typecheck · unit · build · audit	Pruebas unitarias (domain, api)	2026-09-24T08:32:44.2454073Z   duration_ms: 0.903794
verificar · typecheck · unit · build · audit	Pruebas unitarias (domain, api)	2026-09-24T08:32:44.2454600Z   type: 'test'
verificar · typecheck · unit · build · audit	Pruebas unitarias (domain, api)	2026-09-24T08:32:44.2455071Z   ...
verificar · typecheck · unit · build · audit	Pruebas unitarias (domain, api)	2026-09-24T08:32:44.2456068Z # Subtest: copy · la cantidad de series concuerda en número: «1 serie», «3 series»
verificar · typecheck · unit · build · audit	Pruebas unitarias (domain, api)	2026-09-24T08:32:44.2457431Z ok 46 - copy · la cantidad de series concuerda en número: «1 serie», «3 series»
verificar · typecheck · unit · build · audit	Pruebas unitarias (domain, api)	2026-09-24T08:32:44.2458410Z   ---
verificar · typecheck · unit · build · audit	Pruebas unitarias (domain, api)	2026-09-24T08:32:44.2459054Z   duration_ms: 0.223889
verificar · typecheck · unit · build · audit	Pruebas unitarias (domain, api)	2026-09-24T08:32:44.2459654Z   type: 'test'
verificar · typecheck · unit · build · audit	Pruebas unitarias (domain, api)	2026-09-24T08:32:44.2460188Z   ...
verificar · typecheck · unit · build · audit	Pruebas unitarias (domain, api)	2026-09-24T08:32:44.2461711Z # Subtest: 06:5253 · lo que rige de una ejecución es la corrección vigente, o el original si no hay
verificar · typecheck · unit · build · audit	Pruebas unitarias (domain, api)	2026-09-24T08:32:44.2463293Z ok 47 - 06:5253 · lo que rige de una ejecución es la corrección vigente, o el original si no hay
verificar · typecheck · unit · build · audit	Pruebas unitarias (domain, api)	2026-09-24T08:32:44.2464249Z   ---
verificar · typecheck · unit · build · audit	Pruebas unitarias (domain, api)	2026-09-24T08:32:44.2464728Z   duration_ms: 0.34688
verificar · typecheck · unit · build · audit	Pruebas unitarias (domain, api)	2026-09-24T08:32:44.2465234Z   type: 'test'
verificar · typecheck · unit · build · audit	Pruebas unitarias (domain, api)	2026-09-24T08:32:44.2465694Z   ...
verificar · typecheck · unit · build · audit	Pruebas unitarias (domain, api)	2026-09-24T08:32:44.2815112Z # Subtest: REG-06-210 · la Solicitud nace PENDIENTE y solo puede pasar a RESPONDIDA; no hay un tercer estado
verificar · typecheck · unit · build · audit	Pruebas unitarias (domain, api)	2026-09-24T08:32:44.2842756Z ok 48 - REG-06-210 · la Solicitud nace PENDIENTE y solo puede pasar a RESPONDIDA; no hay un tercer estado
verificar · typecheck · unit · build · audit	Pruebas unitarias (domain, api)	2026-09-24T08:32:44.2861945Z   ---
verificar · typecheck · unit · build · audit	Pruebas unitarias (domain, api)	2026-09-24T08:32:44.2891905Z   duration_ms: 2.024634
verificar · typecheck · unit · build · audit	Pruebas unitarias (domain, api)	2026-09-24T08:32:44.2894409Z   type: 'test'
verificar · typecheck · unit · build · audit	Pruebas unitarias (domain, api)	2026-09-24T08:32:44.2958918Z   ...
verificar · typecheck · unit · build · audit	Pruebas unitarias (domain, api)	2026-09-24T08:32:44.2960429Z # Subtest: 09:1508 · el token del contrato es el del 09 en inglés; el del dominio, la palabra del 06
verificar · typecheck · unit · build · audit	Pruebas unitarias (domain, api)	2026-09-24T08:32:44.2962810Z ok 49 - 09:1508 · el token del contrato es el del 09 en inglés; el del dominio, la palabra del 06
verificar · typecheck · unit · build · audit	Pruebas unitarias (domain, api)	2026-09-24T08:32:44.2965708Z   ---
verificar · typecheck · unit · build · audit	Pruebas unitarias (domain, api)	2026-09-24T08:32:44.2966908Z   duration_ms: 0.73118
verificar · typecheck · unit · build · audit	Pruebas unitarias (domain, api)	2026-09-24T08:32:44.2967703Z   type: 'test'
verificar · typecheck · unit · build · audit	Pruebas unitarias (domain, api)	2026-09-24T08:32:44.2968518Z   ...
verificar · typecheck · unit · build · audit	Pruebas unitarias (domain, api)	2026-09-24T08:32:44.2970043Z # Subtest: 09:1610-1618 · respondable es una proyección, no un tercer estado: la mitad estructural es PENDIENTE únicamente
verificar · typecheck · unit · build · audit	Pruebas unitarias (domain, api)	2026-09-24T08:32:44.3002826Z ok 50 - 09:1610-1618 · respondable es una proyección, no un tercer estado: la mitad estructural es PENDIENTE únicamente
verificar · typecheck · unit · build · audit	Pruebas unitarias (domain, api)	2026-09-24T08:32:44.3026834Z   ---
verificar · typecheck · unit · build · audit	Pruebas unitarias (domain, api)	2026-09-24T08:32:44.3027554Z   duration_ms: 0.209733
verificar · typecheck · unit · build · audit	Pruebas unitarias (domain, api)	2026-09-24T08:32:44.3028274Z   type: 'test'
verificar · typecheck · unit · build · audit	Pruebas unitarias (domain, api)	2026-09-24T08:32:44.3028879Z   ...
verificar · typecheck · unit · build · audit	Pruebas unitarias (domain, api)	2026-09-24T08:32:44.3030309Z # Subtest: DL-095 · P0 es maximally permissive: las cuatro categorías son pertinentes en los tres Alcances
verificar · typecheck · unit · build · audit	Pruebas unitarias (domain, api)	2026-09-24T08:32:44.3032675Z ok 51 - DL-095 · P0 es maximally permissive: las cuatro categorías son pertinentes en los tres Alcances
verificar · typecheck · unit · build · audit	Pruebas unitarias (domain, api)	2026-09-24T08:32:44.3033829Z   ---
verificar · typecheck · unit · build · audit	Pruebas unitarias (domain, api)	2026-09-24T08:32:44.3034422Z   duration_ms: 0.314429
verificar · typecheck · unit · build · audit	Pruebas unitarias (domain, api)	2026-09-24T08:32:44.3035039Z   type: 'test'
verificar · typecheck · unit · build · audit	Pruebas unitarias (domain, api)	2026-09-24T08:32:44.3035617Z   ...
verificar · typecheck · unit · build · audit	Pruebas unitarias (domain, api)	2026-09-24T08:32:44.3036713Z # Subtest: REG-06-212 · lo requerido tiene que estar entre lo solicitado
verificar · typecheck · unit · build · audit	Pruebas unitarias (domain, api)	2026-09-24T08:32:44.3038151Z ok 52 - REG-06-212 · lo requerido tiene que estar entre lo solicitado
verificar · typecheck · unit · build · audit	Pruebas unitarias (domain, api)	2026-09-24T08:32:44.3039029Z   ---
verificar · typecheck · unit · build · audit	Pruebas unitarias (domain, api)	2026-09-24T08:32:44.3039584Z   duration_ms: 0.245881
verificar · typecheck · unit · build · audit	Pruebas unitarias (domain, api)	2026-09-24T08:32:44.3040233Z   type: 'test'
verificar · typecheck · unit · build · audit	Pruebas unitarias (domain, api)	2026-09-24T08:32:44.3040785Z   ...
verificar · typecheck · unit · build · audit	Pruebas unitarias (domain, api)	2026-09-24T08:32:44.3042226Z # Subtest: REG-06-13 · lo solicitado tiene que existir en la versión de plantilla citada
verificar · typecheck · unit · build · audit	Pruebas unitarias (domain, api)	2026-09-24T08:32:44.3043915Z ok 53 - REG-06-13 · lo solicitado tiene que existir en la versión de plantilla citada
verificar · typecheck · unit · build · audit	Pruebas unitarias (domain, api)	2026-09-24T08:32:44.3044931Z   ---
verificar · typecheck · unit · build · audit	Pruebas unitarias (domain, api)	2026-09-24T08:32:44.3045542Z   duration_ms: 0.244549
verificar · typecheck · unit · build · audit	Pruebas unitarias (domain, api)	2026-09-24T08:32:44.3046200Z   type: 'test'
verificar · typecheck · unit · build · audit	Pruebas unitarias (domain, api)	2026-09-24T08:32:44.3047191Z   ...
verificar · typecheck · unit · build · audit	Pruebas unitarias (domain, api)	2026-09-24T08:32:44.3048616Z # Subtest: 09:1500 · crear una Solicitud exige plantilla, propósito, alcance y al menos un campo solicitado
verificar · typecheck · unit · build · audit	Pruebas unitarias (domain, api)	2026-09-24T08:32:44.3050552Z ok 54 - 09:1500 · crear una Solicitud exige plantilla, propósito, alcance y al menos un campo solicitado
verificar · typecheck · unit · build · audit	Pruebas unitarias (domain, api)	2026-09-24T08:32:44.3051927Z   ---
verificar · typecheck · unit · build · audit	Pruebas unitarias (domain, api)	2026-09-24T08:32:44.3052854Z   duration_ms: 3.944572
verificar · typecheck · unit · build · audit	Pruebas unitarias (domain, api)	2026-09-24T08:32:44.3053491Z   type: 'test'
verificar · typecheck · unit · build · audit	Pruebas unitarias (domain, api)	2026-09-24T08:32:44.3054029Z   ...
verificar · typecheck · unit · build · audit	Pruebas unitarias (domain, api)	2026-09-24T08:32:44.3055600Z # Subtest: 09:1586-1587 · un campo opcional que no se responde se omite del arreglo: el contrato no admite un value nulo como respuesta
verificar · typecheck · unit · build · audit	Pruebas unitarias (domain, api)	2026-09-24T08:32:44.3057881Z ok 55 - 09:1586-1587 · un campo opcional que no se responde se omite del arreglo: el contrato no admite un value nulo como respuesta
verificar · typecheck · unit · build · audit	Pruebas unitarias (domain, api)	2026-09-24T08:32:44.3059226Z   ---
verificar · typecheck · unit · build · audit	Pruebas unitarias (domain, api)	2026-09-24T08:32:44.3059852Z   duration_ms: 2.694921
verificar · typecheck · unit · build · audit	Pruebas unitarias (domain, api)	2026-09-24T08:32:44.3060499Z   type: 'test'
verificar · typecheck · unit · build · audit	Pruebas unitarias (domain, api)	2026-09-24T08:32:44.3061086Z   ...
verificar · typecheck · unit · build · audit	Pruebas unitarias (domain, api)	2026-09-24T08:32:44.3062950Z # Subtest: TEST-FRM-003 · cada respuesta persistida es SELF_REPORTED por invariante del schema, nunca otro valor
verificar · typecheck · unit · build · audit	Pruebas unitarias (domain, api)	2026-09-24T08:32:44.3065157Z ok 56 - TEST-FRM-003 · cada respuesta persistida es SELF_REPORTED por invariante del schema, nunca otro valor
verificar · typecheck · unit · build · audit	Pruebas unitarias (domain, api)	2026-09-24T08:32:44.3066305Z   ---
verificar · typecheck · unit · build · audit	Pruebas unitarias (domain, api)	2026-09-24T08:32:44.3066859Z   duration_ms: 1.612442
verificar · typecheck · unit · build · audit	Pruebas unitarias (domain, api)	2026-09-24T08:32:44.3067455Z   type: 'test'
verificar · typecheck · unit · build · audit	Pruebas unitarias (domain, api)	2026-09-24T08:32:44.3068054Z   ...
verificar · typecheck · unit · build · audit	Pruebas unitarias (domain, api)	2026-09-24T08:32:44.3069584Z # Subtest: 09 §22.8 · rectificar exige la versión esperada, motivo y al menos una respuesta — no es un PATCH parcial
verificar · typecheck · unit · build · audit	Pruebas unitarias (domain, api)	2026-09-24T08:32:44.3071852Z ok 57 - 09 §22.8 · rectificar exige la versión esperada, motivo y al menos una respuesta — no es un PATCH parcial
verificar · typecheck · unit · build · audit	Pruebas unitarias (domain, api)	2026-09-24T08:32:44.3073064Z   ---
verificar · typecheck · unit · build · audit	Pruebas unitarias (domain, api)	2026-09-24T08:32:44.3073644Z   duration_ms: 1.56309
verificar · typecheck · unit · build · audit	Pruebas unitarias (domain, api)	2026-09-24T08:32:44.3074289Z   type: 'test'
verificar · typecheck · unit · build · audit	Pruebas unitarias (domain, api)	2026-09-24T08:32:44.3074980Z   ...
verificar · typecheck · unit · build · audit	Pruebas unitarias (domain, api)	2026-09-24T08:32:44.3076599Z # Subtest: 09:1618 · rectificar no sobrescribe: crea una sucesora, y la original sigue siendo la vista ORIGINAL hasta que exista una
verificar · typecheck · unit · build · audit	Pruebas unitarias (domain, api)	2026-09-24T08:32:44.3078931Z ok 58 - 09:1618 · rectificar no sobrescribe: crea una sucesora, y la original sigue siendo la vista ORIGINAL hasta que exista una
verificar · typecheck · unit · build · audit	Pruebas unitarias (domain, api)	2026-09-24T08:32:44.3080214Z   ---
verificar · typecheck · unit · build · audit	Pruebas unitarias (domain, api)	2026-09-24T08:32:44.3080800Z   duration_ms: 0.713096
verificar · typecheck · unit · build · audit	Pruebas unitarias (domain, api)	2026-09-24T08:32:44.3081751Z   type: 'test'
verificar · typecheck · unit · build · audit	Pruebas unitarias (domain, api)	2026-09-24T08:32:44.3082381Z   ...
verificar · typecheck · unit · build · audit	Pruebas unitarias (domain, api)	2026-09-24T08:32:44.3083844Z # Subtest: WP-07 §5 · el copy no presenta la falta de respuesta como incumplimiento ni lo declarado como medición
verificar · typecheck · unit · build · audit	Pruebas unitarias (domain, api)	2026-09-24T08:32:44.3085877Z ok 59 - WP-07 §5 · el copy no presenta la falta de respuesta como incumplimiento ni lo declarado como medición
verificar · typecheck · unit · build · audit	Pruebas unitarias (domain, api)	2026-09-24T08:32:44.3086986Z   ---
verificar · typecheck · unit · build · audit	Pruebas unitarias (domain, api)	2026-09-24T08:32:44.3087561Z   duration_ms: 1.38753
verificar · typecheck · unit · build · audit	Pruebas unitarias (domain, api)	2026-09-24T08:32:44.3088207Z   type: 'test'
verificar · typecheck · unit · build · audit	Pruebas unitarias (domain, api)	2026-09-24T08:32:44.3088782Z   ...
verificar · typecheck · unit · build · audit	Pruebas unitarias (domain, api)	2026-09-24T08:32:44.3090253Z # Subtest: 09 §22 · las 8 operaciones FRM están en el documento, sin cancelar/rechazar/caducar ni crear plantilla
verificar · typecheck · unit · build · audit	Pruebas unitarias (domain, api)	2026-09-24T08:32:44.3092545Z ok 60 - 09 §22 · las 8 operaciones FRM están en el documento, sin cancelar/rechazar/caducar ni crear plantilla
verificar · typecheck · unit · build · audit	Pruebas unitarias (domain, api)	2026-09-24T08:32:44.3093726Z   ---
verificar · typecheck · unit · build · audit	Pruebas unitarias (domain, api)	2026-09-24T08:32:44.3094281Z   duration_ms: 156.997947
verificar · typecheck · unit · build · audit	Pruebas unitarias (domain, api)	2026-09-24T08:32:44.3094914Z   type: 'test'
verificar · typecheck · unit · build · audit	Pruebas unitarias (domain, api)	2026-09-24T08:32:44.3095515Z   ...
verificar · typecheck · unit · build · audit	Pruebas unitarias (domain, api)	2026-09-24T08:32:44.3096999Z # Subtest: 09v11 §15 · un dominio disponible trae el resumen de su dominio, y `null` cuando todavía no hay datos
verificar · typecheck · unit · build · audit	Pruebas unitarias (domain, api)	2026-09-24T08:32:44.3099063Z ok 61 - 09v11 §15 · un dominio disponible trae el resumen de su dominio, y `null` cuando todavía no hay datos
verificar · typecheck · unit · build · audit	Pruebas unitarias (domain, api)	2026-09-24T08:32:44.3100170Z   ---
verificar · typecheck · unit · build · audit	Pruebas unitarias (domain, api)	2026-09-24T08:32:44.3100695Z   duration_ms: 9.17851
verificar · typecheck · unit · build · audit	Pruebas unitarias (domain, api)	2026-09-24T08:32:44.3101530Z   type: 'test'
verificar · typecheck · unit · build · audit	Pruebas unitarias (domain, api)	2026-09-24T08:32:44.3102136Z   ...
verificar · typecheck · unit · build · audit	Pruebas unitarias (domain, api)	2026-09-24T08:32:44.3103610Z # Subtest: 09v11 §15 · un resumen con una clave fuera del contrato se rechaza: el dashboard no admite un score inventado
verificar · typecheck · unit · build · audit	Pruebas unitarias (domain, api)	2026-09-24T08:32:44.3105655Z ok 62 - 09v11 §15 · un resumen con una clave fuera del contrato se rechaza: el dashboard no admite un score inventado
verificar · typecheck · unit · build · audit	Pruebas unitarias (domain, api)	2026-09-24T08:32:44.3106801Z   ---
verificar · typecheck · unit · build · audit	Pruebas unitarias (domain, api)	2026-09-24T08:32:44.3107389Z   duration_ms: 0.996137
verificar · typecheck · unit · build · audit	Pruebas unitarias (domain, api)	2026-09-24T08:32:44.3108368Z   type: 'test'
verificar · typecheck · unit · build · audit	Pruebas unitarias (domain, api)	2026-09-24T08:32:44.3108980Z   ...
verificar · typecheck · unit · build · audit	Pruebas unitarias (domain, api)	2026-09-24T08:32:44.3110247Z # Subtest: B10-08 §8.4 · un dominio no disponible no lleva resumen ni identificador de vínculo
verificar · typecheck · unit · build · audit	Pruebas unitarias (domain, api)	2026-09-24T08:32:44.3112257Z ok 63 - B10-08 §8.4 · un dominio no disponible no lleva resumen ni identificador de vínculo
verificar · typecheck · unit · build · audit	Pruebas unitarias (domain, api)	2026-09-24T08:32:44.3113288Z   ---
verificar · typecheck · unit · build · audit	Pruebas unitarias (domain, api)	2026-09-24T08:32:44.3114232Z   duration_ms: 0.259837
verificar · typecheck · unit · build · audit	Pruebas unitarias (domain, api)	2026-09-24T08:32:44.3114860Z   type: 'test'
verificar · typecheck · unit · build · audit	Pruebas unitarias (domain, api)	2026-09-24T08:32:44.3115423Z   ...
verificar · typecheck · unit · build · audit	Pruebas unitarias (domain, api)	2026-09-24T08:32:44.3116826Z # Subtest: TEST-CAL-001 · REG-06-203: publicar una versión nueva no vuelve seleccionable ni reescribe a la anterior
verificar · typecheck · unit · build · audit	Pruebas unitarias (domain, api)	2026-09-24T08:32:44.3118761Z ok 64 - TEST-CAL-001 · REG-06-203: publicar una versión nueva no vuelve seleccionable ni reescribe a la anterior
verificar · typecheck · unit · build · audit	Pruebas unitarias (domain, api)	2026-09-24T08:32:44.3119799Z   ---
verificar · typecheck · unit · build · audit	Pruebas unitarias (domain, api)	2026-09-24T08:32:44.3120301Z   duration_ms: 1.64893
verificar · typecheck · unit · build · audit	Pruebas unitarias (domain, api)	2026-09-24T08:32:44.3120844Z   type: 'test'
verificar · typecheck · unit · build · audit	Pruebas unitarias (domain, api)	2026-09-24T08:32:44.3121597Z   ...
verificar · typecheck · unit · build · audit	Pruebas unitarias (domain, api)	2026-09-24T08:32:44.3123108Z # Subtest: TEST-CAL-002 · REG-06-204: un dato existente con procedencia no admisible no produce una ejecución
verificar · typecheck · unit · build · audit	Pruebas unitarias (domain, api)	2026-09-24T08:32:44.3125050Z ok 65 - TEST-CAL-002 · REG-06-204: un dato existente con procedencia no admisible no produce una ejecución
verificar · typecheck · unit · build · audit	Pruebas unitarias (domain, api)	2026-09-24T08:32:44.3126181Z   ---
verificar · typecheck · unit · build · audit	Pruebas unitarias (domain, api)	2026-09-24T08:32:44.3126812Z   duration_ms: 1.235405
verificar · typecheck · unit · build · audit	Pruebas unitarias (domain, api)	2026-09-24T08:32:44.3127466Z   type: 'test'
verificar · typecheck · unit · build · audit	Pruebas unitarias (domain, api)	2026-09-24T08:32:44.3128051Z   ...
verificar · typecheck · unit · build · audit	Pruebas unitarias (domain, api)	2026-09-24T08:32:44.3129532Z # Subtest: REG-06-204 · falta de entrada, unidad ajena, métrica cruzada y entrada anulada tampoco alcanzan
verificar · typecheck · unit · build · audit	Pruebas unitarias (domain, api)	2026-09-24T08:32:44.3131770Z ok 66 - REG-06-204 · falta de entrada, unidad ajena, métrica cruzada y entrada anulada tampoco alcanzan
verificar · typecheck · unit · build · audit	Pruebas unitarias (domain, api)	2026-09-24T08:32:44.3132899Z   ---
verificar · typecheck · unit · build · audit	Pruebas unitarias (domain, api)	2026-09-24T08:32:44.3133522Z   duration_ms: 0.711543
verificar · typecheck · unit · build · audit	Pruebas unitarias (domain, api)	2026-09-24T08:32:44.3134172Z   type: 'test'
verificar · typecheck · unit · build · audit	Pruebas unitarias (domain, api)	2026-09-24T08:32:44.3134751Z   ...
verificar · typecheck · unit · build · audit	Pruebas unitarias (domain, api)	2026-09-24T08:32:44.3136024Z # Subtest: REG-06-16 · sin valor vigente resoluble no se calcula, y no se cae en el original
verificar · typecheck · unit · build · audit	Pruebas unitarias (domain, api)	2026-09-24T08:32:44.3137772Z ok 67 - REG-06-16 · sin valor vigente resoluble no se calcula, y no se cae en el original
verificar · typecheck · unit · build · audit	Pruebas unitarias (domain, api)	2026-09-24T08:32:44.3138837Z   ---
verificar · typecheck · unit · build · audit	Pruebas unitarias (domain, api)	2026-09-24T08:32:44.3139424Z   duration_ms: 0.33099
verificar · typecheck · unit · build · audit	Pruebas unitarias (domain, api)	2026-09-24T08:32:44.3140048Z   type: 'test'
verificar · typecheck · unit · build · audit	Pruebas unitarias (domain, api)	2026-09-24T08:32:44.3140624Z   ...
verificar · typecheck · unit · build · audit	Pruebas unitarias (domain, api)	2026-09-24T08:32:44.3142139Z # Subtest: REG-06-203 · una versión no se usa para una finalidad que no declara
verificar · typecheck · unit · build · audit	Pruebas unitarias (domain, api)	2026-09-24T08:32:44.3143697Z ok 68 - REG-06-203 · una versión no se usa para una finalidad que no declara
verificar · typecheck · unit · build · audit	Pruebas unitarias (domain, api)	2026-09-24T08:32:44.3144749Z   ---
verificar · typecheck · unit · build · audit	Pruebas unitarias (domain, api)	2026-09-24T08:32:44.3145327Z   duration_ms: 0.245571
verificar · typecheck · unit · build · audit	Pruebas unitarias (domain, api)	2026-09-24T08:32:44.3145953Z   type: 'test'
verificar · typecheck · unit · build · audit	Pruebas unitarias (domain, api)	2026-09-24T08:32:44.3146544Z   ...
verificar · typecheck · unit · build · audit	Pruebas unitarias (domain, api)	2026-09-24T08:32:44.3147753Z # Subtest: TEST-CAL-004 y TEST-CAL-005 · REG-06-205: las corridas coexisten tal como están
verificar · typecheck · unit · build · audit	Pruebas unitarias (domain, api)	2026-09-24T08:32:44.3149423Z ok 69 - TEST-CAL-004 y TEST-CAL-005 · REG-06-205: las corridas coexisten tal como están
verificar · typecheck · unit · build · audit	Pruebas unitarias (domain, api)	2026-09-24T08:32:44.3150427Z   ---
verificar · typecheck · unit · build · audit	Pruebas unitarias (domain, api)	2026-09-24T08:32:44.3151011Z   duration_ms: 0.242575
verificar · typecheck · unit · build · audit	Pruebas unitarias (domain, api)	2026-09-24T08:32:44.3151943Z   type: 'test'
verificar · typecheck · unit · build · audit	Pruebas unitarias (domain, api)	2026-09-24T08:32:44.3152543Z   ...
verificar · typecheck · unit · build · audit	Pruebas unitarias (domain, api)	2026-09-24T08:32:44.3153817Z # Subtest: TEST-CAL-006 · REG-06-207: adoptar sucede a la referencia anterior y no la borra
verificar · typecheck · unit · build · audit	Pruebas unitarias (domain, api)	2026-09-24T08:32:44.3155593Z ok 70 - TEST-CAL-006 · REG-06-207: adoptar sucede a la referencia anterior y no la borra
verificar · typecheck · unit · build · audit	Pruebas unitarias (domain, api)	2026-09-24T08:32:44.3156634Z   ---
verificar · typecheck · unit · build · audit	Pruebas unitarias (domain, api)	2026-09-24T08:32:44.3157228Z   duration_ms: 0.45894
verificar · typecheck · unit · build · audit	Pruebas unitarias (domain, api)	2026-09-24T08:32:44.3157873Z   type: 'test'
verificar · typecheck · unit · build · audit	Pruebas unitarias (domain, api)	2026-09-24T08:32:44.3158494Z   ...
verificar · typecheck · unit · build · audit	Pruebas unitarias (domain, api)	2026-09-24T08:32:44.3159668Z # Subtest: REG-06-207 · la referencia no cruza personas ni finalidades
verificar · typecheck · unit · build · audit	Pruebas unitarias (domain, api)	2026-09-24T08:32:44.3161068Z ok 71 - REG-06-207 · la referencia no cruza personas ni finalidades
verificar · typecheck · unit · build · audit	Pruebas unitarias (domain, api)	2026-09-24T08:32:44.3162258Z   ---
verificar · typecheck · unit · build · audit	Pruebas unitarias (domain, api)	2026-09-24T08:32:44.3162875Z   duration_ms: 0.255098
verificar · typecheck · unit · build · audit	Pruebas unitarias (domain, api)	2026-09-24T08:32:44.3163509Z   type: 'test'
verificar · typecheck · unit · build · audit	Pruebas unitarias (domain, api)	2026-09-24T08:32:44.3164107Z   ...
verificar · typecheck · unit · build · audit	Pruebas unitarias (domain, api)	2026-09-24T08:32:44.3165569Z # Subtest: TEST-CAL-007 · INV-06-05: el resultado de adoptar es una relación, no un objetivo ni una prescripción
verificar · typecheck · unit · build · audit	Pruebas unitarias (domain, api)	2026-09-24T08:32:44.3167631Z ok 72 - TEST-CAL-007 · INV-06-05: el resultado de adoptar es una relación, no un objetivo ni una prescripción
verificar · typecheck · unit · build · audit	Pruebas unitarias (domain, api)	2026-09-24T08:32:44.3169103Z   ---
verificar · typecheck · unit · build · audit	Pruebas unitarias (domain, api)	2026-09-24T08:32:44.3169658Z   duration_ms: 0.602579
verificar · typecheck · unit · build · audit	Pruebas unitarias (domain, api)	2026-09-24T08:32:44.3170308Z   type: 'test'
verificar · typecheck · unit · build · audit	Pruebas unitarias (domain, api)	2026-09-24T08:32:44.3170895Z   ...
verificar · typecheck · unit · build · audit	Pruebas unitarias (domain, api)	2026-09-24T08:32:44.3172567Z # Subtest: REG-06-156 · una regla que no está en el catálogo no ejecuta nada, y un resultado imposible tampoco
verificar · typecheck · unit · build · audit	Pruebas unitarias (domain, api)	2026-09-24T08:32:44.3174540Z ok 73 - REG-06-156 · una regla que no está en el catálogo no ejecuta nada, y un resultado imposible tampoco
verificar · typecheck · unit · build · audit	Pruebas unitarias (domain, api)	2026-09-24T08:32:44.3175972Z   ---
verificar · typecheck · unit · build · audit	Pruebas unitarias (domain, api)	2026-09-24T08:32:44.3176576Z   duration_ms: 0.707866
verificar · typecheck · unit · build · audit	Pruebas unitarias (domain, api)	2026-09-24T08:32:44.3177230Z   type: 'test'
verificar · typecheck · unit · build · audit	Pruebas unitarias (domain, api)	2026-09-24T08:32:44.3177794Z   ...
verificar · typecheck · unit · build · audit	Pruebas unitarias (domain, api)	2026-09-24T08:32:44.3179064Z # Subtest: REG-06-159 · la entrada se vincula por identificador declarado, nunca por posición
verificar · typecheck · unit · build · audit	Pruebas unitarias (domain, api)	2026-09-24T08:32:44.3180803Z ok 74 - REG-06-159 · la entrada se vincula por identificador declarado, nunca por posición
verificar · typecheck · unit · build · audit	Pruebas unitarias (domain, api)	2026-09-24T08:32:44.3182109Z   ---
verificar · typecheck · unit · build · audit	Pruebas unitarias (domain, api)	2026-09-24T08:32:44.3182678Z   duration_ms: 0.436197
verificar · typecheck · unit · build · audit	Pruebas unitarias (domain, api)	2026-09-24T08:32:44.3183310Z   type: 'test'
verificar · typecheck · unit · build · audit	Pruebas unitarias (domain, api)	2026-09-24T08:32:44.3183894Z   ...
verificar · typecheck · unit · build · audit	Pruebas unitarias (domain, api)	2026-09-24T08:32:44.3445206Z # Subtest: 08 §12.2 — cada versión de texto guarda el SHA-256 real de su contenido
verificar · typecheck · unit · build · audit	Pruebas unitarias (domain, api)	2026-09-24T08:32:44.3462668Z ok 75 - 08 §12.2 — cada versión de texto guarda el SHA-256 real de su contenido
verificar · typecheck · unit · build · audit	Pruebas unitarias (domain, api)	2026-09-24T08:32:44.3475972Z   ---
verificar · typecheck · unit · build · audit	Pruebas unitarias (domain, api)	2026-09-24T08:32:44.3476693Z   duration_ms: 2.087743
verificar · typecheck · unit · build · audit	Pruebas unitarias (domain, api)	2026-09-24T08:32:44.3477363Z   type: 'test'
verificar · typecheck · unit · build · audit	Pruebas unitarias (domain, api)	2026-09-24T08:32:44.3477970Z   ...
verificar · typecheck · unit · build · audit	Pruebas unitarias (domain, api)	2026-09-24T08:32:44.3479503Z # Subtest: Catálogo de textos: ids únicos, una versión vigente por tipo y marcados como demostración (DL-028)
verificar · typecheck · unit · build · audit	Pruebas unitarias (domain, api)	2026-09-24T08:32:44.3481754Z ok 76 - Catálogo de textos: ids únicos, una versión vigente por tipo y marcados como demostración (DL-028)
verificar · typecheck · unit · build · audit	Pruebas unitarias (domain, api)	2026-09-24T08:32:44.3482935Z   ---
verificar · typecheck · unit · build · audit	Pruebas unitarias (domain, api)	2026-09-24T08:32:44.3483543Z   duration_ms: 0.490318
verificar · typecheck · unit · build · audit	Pruebas unitarias (domain, api)	2026-09-24T08:32:44.3484192Z   type: 'test'
verificar · typecheck · unit · build · audit	Pruebas unitarias (domain, api)	2026-09-24T08:32:44.3484785Z   ...
verificar · typecheck · unit · build · audit	Pruebas unitarias (domain, api)	2026-09-24T08:32:44.3486157Z # Subtest: A2 contiene los contenidos mínimos del 08 §12.1 y aclara que no es consentimiento de salud
verificar · typecheck · unit · build · audit	Pruebas unitarias (domain, api)	2026-09-24T08:32:44.3488054Z ok 77 - A2 contiene los contenidos mínimos del 08 §12.1 y aclara que no es consentimiento de salud
verificar · typecheck · unit · build · audit	Pruebas unitarias (domain, api)	2026-09-24T08:32:44.3489194Z   ---
verificar · typecheck · unit · build · audit	Pruebas unitarias (domain, api)	2026-09-24T08:32:44.3489826Z   duration_ms: 0.283552
verificar · typecheck · unit · build · audit	Pruebas unitarias (domain, api)	2026-09-24T08:32:44.3490480Z   type: 'test'
verificar · typecheck · unit · build · audit	Pruebas unitarias (domain, api)	2026-09-24T08:32:44.3491063Z   ...
verificar · typecheck · unit · build · audit	Pruebas unitarias (domain, api)	2026-09-24T08:32:44.3492523Z # Subtest: Consecuencias del cierre: copy de 10-ADD + irreversibilidad (DL-024), sin prometer borrado
verificar · typecheck · unit · build · audit	Pruebas unitarias (domain, api)	2026-09-24T08:32:44.3494220Z ok 78 - Consecuencias del cierre: copy de 10-ADD + irreversibilidad (DL-024), sin prometer borrado
verificar · typecheck · unit · build · audit	Pruebas unitarias (domain, api)	2026-09-24T08:32:44.3495339Z   ---
verificar · typecheck · unit · build · audit	Pruebas unitarias (domain, api)	2026-09-24T08:32:44.3495942Z   duration_ms: 0.431348
verificar · typecheck · unit · build · audit	Pruebas unitarias (domain, api)	2026-09-24T08:32:44.3496583Z   type: 'test'
verificar · typecheck · unit · build · audit	Pruebas unitarias (domain, api)	2026-09-24T08:32:44.3497202Z   ...
verificar · typecheck · unit · build · audit	Pruebas unitarias (domain, api)	2026-09-24T08:32:44.3498530Z # Subtest: 08 §12.4 — el registro crea A1 y A2, nunca A3; solo TERMINOS y DATOS_SALUD_BE son revocables
verificar · typecheck · unit · build · audit	Pruebas unitarias (domain, api)	2026-09-24T08:32:44.3500316Z ok 79 - 08 §12.4 — el registro crea A1 y A2, nunca A3; solo TERMINOS y DATOS_SALUD_BE son revocables
verificar · typecheck · unit · build · audit	Pruebas unitarias (domain, api)	2026-09-24T08:32:44.3501686Z   ---
verificar · typecheck · unit · build · audit	Pruebas unitarias (domain, api)	2026-09-24T08:32:44.3502310Z   duration_ms: 1.593967
verificar · typecheck · unit · build · audit	Pruebas unitarias (domain, api)	2026-09-24T08:32:44.3502956Z   type: 'test'
verificar · typecheck · unit · build · audit	Pruebas unitarias (domain, api)	2026-09-24T08:32:44.3503591Z   ...
verificar · typecheck · unit · build · audit	Pruebas unitarias (domain, api)	2026-09-24T08:32:44.3504724Z # Subtest: Sesión: estados como enum con lista blanca; TTL ≤ 24 h (08 §26.2)
verificar · typecheck · unit · build · audit	Pruebas unitarias (domain, api)	2026-09-24T08:32:44.3506205Z ok 80 - Sesión: estados como enum con lista blanca; TTL ≤ 24 h (08 §26.2)
verificar · typecheck · unit · build · audit	Pruebas unitarias (domain, api)	2026-09-24T08:32:44.3507138Z   ---
verificar · typecheck · unit · build · audit	Pruebas unitarias (domain, api)	2026-09-24T08:32:44.3507730Z   duration_ms: 0.384591
verificar · typecheck · unit · build · audit	Pruebas unitarias (domain, api)	2026-09-24T08:32:44.3508384Z   type: 'test'
verificar · typecheck · unit · build · audit	Pruebas unitarias (domain, api)	2026-09-24T08:32:44.3509012Z   ...
verificar · typecheck · unit · build · audit	Pruebas unitarias (domain, api)	2026-09-24T08:32:44.3510083Z # Subtest: Identificador local: normalización y validación sintáctica
verificar · typecheck · unit · build · audit	Pruebas unitarias (domain, api)	2026-09-24T08:32:44.3511736Z ok 81 - Identificador local: normalización y validación sintáctica
verificar · typecheck · unit · build · audit	Pruebas unitarias (domain, api)	2026-09-24T08:32:44.3512715Z   ---
verificar · typecheck · unit · build · audit	Pruebas unitarias (domain, api)	2026-09-24T08:32:44.3513333Z   duration_ms: 0.430437
verificar · typecheck · unit · build · audit	Pruebas unitarias (domain, api)	2026-09-24T08:32:44.3513981Z   type: 'test'
verificar · typecheck · unit · build · audit	Pruebas unitarias (domain, api)	2026-09-24T08:32:44.3514543Z   ...
verificar · typecheck · unit · build · audit	Pruebas unitarias (domain, api)	2026-09-24T08:32:44.3515614Z # Subtest: Credencial: mínimo 12 caracteres, máximo 72 bytes (DL-013)
verificar · typecheck · unit · build · audit	Pruebas unitarias (domain, api)	2026-09-24T08:32:44.3517043Z ok 82 - Credencial: mínimo 12 caracteres, máximo 72 bytes (DL-013)
verificar · typecheck · unit · build · audit	Pruebas unitarias (domain, api)	2026-09-24T08:32:44.3517898Z   ---
verificar · typecheck · unit · build · audit	Pruebas unitarias (domain, api)	2026-09-24T08:32:44.3518817Z   duration_ms: 0.317075
verificar · typecheck · unit · build · audit	Pruebas unitarias (domain, api)	2026-09-24T08:32:44.3519376Z   type: 'test'
verificar · typecheck · unit · build · audit	Pruebas unitarias (domain, api)	2026-09-24T08:32:44.3519894Z   ...
verificar · typecheck · unit · build · audit	Pruebas unitarias (domain, api)	2026-09-24T08:32:44.3520962Z # Subtest: Superficie: solo WEB o APK; cualquier otro valor queda no declarado (null), nunca inventado
verificar · typecheck · unit · build · audit	Pruebas unitarias (domain, api)	2026-09-24T08:32:44.3522929Z ok 83 - Superficie: solo WEB o APK; cualquier otro valor queda no declarado (null), nunca inventado
verificar · typecheck · unit · build · audit	Pruebas unitarias (domain, api)	2026-09-24T08:32:44.3524445Z   ---
verificar · typecheck · unit · build · audit	Pruebas unitarias (domain, api)	2026-09-24T08:32:44.3525066Z   duration_ms: 0.627145
verificar · typecheck · unit · build · audit	Pruebas unitarias (domain, api)	2026-09-24T08:32:44.3525714Z   type: 'test'
verificar · typecheck · unit · build · audit	Pruebas unitarias (domain, api)	2026-09-24T08:32:44.3526313Z   ...
verificar · typecheck · unit · build · audit	Pruebas unitarias (domain, api)	2026-09-24T08:32:44.3527585Z # Subtest: 09v7 T12 — contratos estrictos: un campo no declarado se rechaza (UNKNOWN_FIELD)
verificar · typecheck · unit · build · audit	Pruebas unitarias (domain, api)	2026-09-24T08:32:44.3529306Z ok 84 - 09v7 T12 — contratos estrictos: un campo no declarado se rechaza (UNKNOWN_FIELD)
verificar · typecheck · unit · build · audit	Pruebas unitarias (domain, api)	2026-09-24T08:32:44.3530332Z   ---
verificar · typecheck · unit · build · audit	Pruebas unitarias (domain, api)	2026-09-24T08:32:44.3530988Z   duration_ms: 6.774324
verificar · typecheck · unit · build · audit	Pruebas unitarias (domain, api)	2026-09-24T08:32:44.3531935Z   type: 'test'
verificar · typecheck · unit · build · audit	Pruebas unitarias (domain, api)	2026-09-24T08:32:44.3538557Z   ...
verificar · typecheck · unit · build · audit	Pruebas unitarias (domain, api)	2026-09-24T08:32:44.3539730Z # Subtest: API-CON-05 — la forma «A3 no otorgado» es currentConsent: null
verificar · typecheck · unit · build · audit	Pruebas unitarias (domain, api)	2026-09-24T08:32:44.3541504Z ok 85 - API-CON-05 — la forma «A3 no otorgado» es currentConsent: null
verificar · typecheck · unit · build · audit	Pruebas unitarias (domain, api)	2026-09-24T08:32:44.3542537Z   ---
verificar · typecheck · unit · build · audit	Pruebas unitarias (domain, api)	2026-09-24T08:32:44.3543250Z   duration_ms: 2.176659
verificar · typecheck · unit · build · audit	Pruebas unitarias (domain, api)	2026-09-24T08:32:44.3544009Z   type: 'test'
verificar · typecheck · unit · build · audit	Pruebas unitarias (domain, api)	2026-09-24T08:32:44.3544694Z   ...
verificar · typecheck · unit · build · audit	Pruebas unitarias (domain, api)	2026-09-24T08:32:44.3718344Z # Subtest: T-06-45 — tres alcances; Especialidad XOR Capacidad (REG-06-32); una finalidad por alcance (DL-039)
verificar · typecheck · unit · build · audit	Pruebas unitarias (domain, api)	2026-09-24T08:32:44.3742965Z ok 86 - T-06-45 — tres alcances; Especialidad XOR Capacidad (REG-06-32); una finalidad por alcance (DL-039)
verificar · typecheck · unit · build · audit	Pruebas unitarias (domain, api)	2026-09-24T08:32:44.3770667Z   ---
verificar · typecheck · unit · build · audit	Pruebas unitarias (domain, api)	2026-09-24T08:32:44.3793619Z   duration_ms: 3.677982
verificar · typecheck · unit · build · audit	Pruebas unitarias (domain, api)	2026-09-24T08:32:44.3832064Z   type: 'test'
verificar · typecheck · unit · build · audit	Pruebas unitarias (domain, api)	2026-09-24T08:32:44.3832743Z   ...
verificar · typecheck · unit · build · audit	Pruebas unitarias (domain, api)	2026-09-24T08:32:44.3833928Z # Subtest: 06 §6.8.2 — la lista blanca de la verificación es la literal del 06
verificar · typecheck · unit · build · audit	Pruebas unitarias (domain, api)	2026-09-24T08:32:44.3835381Z ok 87 - 06 §6.8.2 — la lista blanca de la verificación es la literal del 06
verificar · typecheck · unit · build · audit	Pruebas unitarias (domain, api)	2026-09-24T08:32:44.3836267Z   ---
verificar · typecheck · unit · build · audit	Pruebas unitarias (domain, api)	2026-09-24T08:32:44.3836828Z   duration_ms: 0.352069
verificar · typecheck · unit · build · audit	Pruebas unitarias (domain, api)	2026-09-24T08:32:44.3837467Z   type: 'test'
verificar · typecheck · unit · build · audit	Pruebas unitarias (domain, api)	2026-09-24T08:32:44.3838027Z   ...
verificar · typecheck · unit · build · audit	Pruebas unitarias (domain, api)	2026-09-24T08:32:44.3839427Z # Subtest: 06 §6.8.2 — cada transición declarada procede; toda otra combinación se rechaza (TEST-RNF-DAT-001)
verificar · typecheck · unit · build · audit	Pruebas unitarias (domain, api)	2026-09-24T08:32:44.3841732Z ok 88 - 06 §6.8.2 — cada transición declarada procede; toda otra combinación se rechaza (TEST-RNF-DAT-001)
verificar · typecheck · unit · build · audit	Pruebas unitarias (domain, api)	2026-09-24T08:32:44.3842837Z   ---
verificar · typecheck · unit · build · audit	Pruebas unitarias (domain, api)	2026-09-24T08:32:44.3843340Z   duration_ms: 1.063964
verificar · typecheck · unit · build · audit	Pruebas unitarias (domain, api)	2026-09-24T08:32:44.3843897Z   type: 'test'
verificar · typecheck · unit · build · audit	Pruebas unitarias (domain, api)	2026-09-24T08:32:44.3844409Z   ...
verificar · typecheck · unit · build · audit	Pruebas unitarias (domain, api)	2026-09-24T08:32:44.3845598Z # Subtest: Habilitación mínima (DL-036): concesión explícita, retiro y nueva concesión; nada más
verificar · typecheck · unit · build · audit	Pruebas unitarias (domain, api)	2026-09-24T08:32:44.3847184Z ok 89 - Habilitación mínima (DL-036): concesión explícita, retiro y nueva concesión; nada más
verificar · typecheck · unit · build · audit	Pruebas unitarias (domain, api)	2026-09-24T08:32:44.3848115Z   ---
verificar · typecheck · unit · build · audit	Pruebas unitarias (domain, api)	2026-09-24T08:32:44.3848628Z   duration_ms: 0.34682
verificar · typecheck · unit · build · audit	Pruebas unitarias (domain, api)	2026-09-24T08:32:44.3849184Z   type: 'test'
verificar · typecheck · unit · build · audit	Pruebas unitarias (domain, api)	2026-09-24T08:32:44.3849669Z   ...
verificar · typecheck · unit · build · audit	Pruebas unitarias (domain, api)	2026-09-24T08:32:44.3850616Z # Subtest: 06 §7.3.2 — la lista blanca de la solicitud es la literal del 06
verificar · typecheck · unit · build · audit	Pruebas unitarias (domain, api)	2026-09-24T08:32:44.3852320Z ok 90 - 06 §7.3.2 — la lista blanca de la solicitud es la literal del 06
verificar · typecheck · unit · build · audit	Pruebas unitarias (domain, api)	2026-09-24T08:32:44.3853161Z   ---
verificar · typecheck · unit · build · audit	Pruebas unitarias (domain, api)	2026-09-24T08:32:44.3853682Z   duration_ms: 0.265398
verificar · typecheck · unit · build · audit	Pruebas unitarias (domain, api)	2026-09-24T08:32:44.3854283Z   type: 'test'
verificar · typecheck · unit · build · audit	Pruebas unitarias (domain, api)	2026-09-24T08:32:44.3854804Z   ...
verificar · typecheck · unit · build · audit	Pruebas unitarias (domain, api)	2026-09-24T08:32:44.3856333Z # Subtest: 06 §7.3.2 — cada transición declarada procede; toda otra combinación se rechaza; los terminales no tienen salida
verificar · typecheck · unit · build · audit	Pruebas unitarias (domain, api)	2026-09-24T08:32:44.3858579Z ok 91 - 06 §7.3.2 — cada transición declarada procede; toda otra combinación se rechaza; los terminales no tienen salida
verificar · typecheck · unit · build · audit	Pruebas unitarias (domain, api)	2026-09-24T08:32:44.3859758Z   ---
verificar · typecheck · unit · build · audit	Pruebas unitarias (domain, api)	2026-09-24T08:32:44.3860318Z   duration_ms: 0.692197
verificar · typecheck · unit · build · audit	Pruebas unitarias (domain, api)	2026-09-24T08:32:44.3860966Z   type: 'test'
verificar · typecheck · unit · build · audit	Pruebas unitarias (domain, api)	2026-09-24T08:32:44.3861716Z   ...
verificar · typecheck · unit · build · audit	Pruebas unitarias (domain, api)	2026-09-24T08:32:44.3863060Z # Subtest: 06 §7.3.2 — guardas: actor, confirmación, reevaluación (REG-06-49), vencimiento e incompatibilidad
verificar · typecheck · unit · build · audit	Pruebas unitarias (domain, api)	2026-09-24T08:32:44.3865027Z ok 92 - 06 §7.3.2 — guardas: actor, confirmación, reevaluación (REG-06-49), vencimiento e incompatibilidad
verificar · typecheck · unit · build · audit	Pruebas unitarias (domain, api)	2026-09-24T08:32:44.3866649Z   ---
verificar · typecheck · unit · build · audit	Pruebas unitarias (domain, api)	2026-09-24T08:32:44.3867258Z   duration_ms: 0.439764
verificar · typecheck · unit · build · audit	Pruebas unitarias (domain, api)	2026-09-24T08:32:44.3867899Z   type: 'test'
verificar · typecheck · unit · build · audit	Pruebas unitarias (domain, api)	2026-09-24T08:32:44.3868553Z   ...
verificar · typecheck · unit · build · audit	Pruebas unitarias (domain, api)	2026-09-24T08:32:44.3870091Z # Subtest: 06 §7.5.2 — la lista blanca del vínculo por alcance es la literal del 06 (FinalizarAlcance desde ACEPTADO y PAUSADO)
verificar · typecheck · unit · build · audit	Pruebas unitarias (domain, api)	2026-09-24T08:32:44.3872791Z ok 93 - 06 §7.5.2 — la lista blanca del vínculo por alcance es la literal del 06 (FinalizarAlcance desde ACEPTADO y PAUSADO)
verificar · typecheck · unit · build · audit	Pruebas unitarias (domain, api)	2026-09-24T08:32:44.3873988Z   ---
verificar · typecheck · unit · build · audit	Pruebas unitarias (domain, api)	2026-09-24T08:32:44.3874527Z   duration_ms: 0.225753
verificar · typecheck · unit · build · audit	Pruebas unitarias (domain, api)	2026-09-24T08:32:44.3875153Z   type: 'test'
verificar · typecheck · unit · build · audit	Pruebas unitarias (domain, api)	2026-09-24T08:32:44.3875732Z   ...
verificar · typecheck · unit · build · audit	Pruebas unitarias (domain, api)	2026-09-24T08:32:44.3877216Z # Subtest: 06 §7.5.2 — cada transición declarada procede; toda otra se rechaza; FINALIZADO no tiene salida (INV-06-58)
verificar · typecheck · unit · build · audit	Pruebas unitarias (domain, api)	2026-09-24T08:32:44.3879318Z ok 94 - 06 §7.5.2 — cada transición declarada procede; toda otra se rechaza; FINALIZADO no tiene salida (INV-06-58)
verificar · typecheck · unit · build · audit	Pruebas unitarias (domain, api)	2026-09-24T08:32:44.3880500Z   ---
verificar · typecheck · unit · build · audit	Pruebas unitarias (domain, api)	2026-09-24T08:32:44.3881092Z   duration_ms: 0.942967
verificar · typecheck · unit · build · audit	Pruebas unitarias (domain, api)	2026-09-24T08:32:44.3882014Z   type: 'test'
verificar · typecheck · unit · build · audit	Pruebas unitarias (domain, api)	2026-09-24T08:32:44.3882617Z   ...
verificar · typecheck · unit · build · audit	Pruebas unitarias (domain, api)	2026-09-24T08:32:44.3884172Z # Subtest: DL-033 — motivo obligatorio y de lista cerrada; reanuda quien pausó; el sistema solo finaliza por cierre de cuenta
verificar · typecheck · unit · build · audit	Pruebas unitarias (domain, api)	2026-09-24T08:32:44.3905430Z ok 95 - DL-033 — motivo obligatorio y de lista cerrada; reanuda quien pausó; el sistema solo finaliza por cierre de cuenta
verificar · typecheck · unit · build · audit	Pruebas unitarias (domain, api)	2026-09-24T08:32:44.3906682Z   ---
verificar · typecheck · unit · build · audit	Pruebas unitarias (domain, api)	2026-09-24T08:32:44.3907318Z   duration_ms: 0.633477
verificar · typecheck · unit · build · audit	Pruebas unitarias (domain, api)	2026-09-24T08:32:44.3908106Z   type: 'test'
verificar · typecheck · unit · build · audit	Pruebas unitarias (domain, api)	2026-09-24T08:32:44.3908706Z   ...
verificar · typecheck · unit · build · audit	Pruebas unitarias (domain, api)	2026-09-24T08:32:44.3909914Z # Subtest: 06 §7.7.5 — la lista blanca del consentimiento es la literal del 06
verificar · typecheck · unit · build · audit	Pruebas unitarias (domain, api)	2026-09-24T08:32:44.3911569Z ok 96 - 06 §7.7.5 — la lista blanca del consentimiento es la literal del 06
verificar · typecheck · unit · build · audit	Pruebas unitarias (domain, api)	2026-09-24T08:32:44.3912539Z   ---
verificar · typecheck · unit · build · audit	Pruebas unitarias (domain, api)	2026-09-24T08:32:44.3913169Z   duration_ms: 0.211686
verificar · typecheck · unit · build · audit	Pruebas unitarias (domain, api)	2026-09-24T08:32:44.3913812Z   type: 'test'
verificar · typecheck · unit · build · audit	Pruebas unitarias (domain, api)	2026-09-24T08:32:44.3914398Z   ...
verificar · typecheck · unit · build · audit	Pruebas unitarias (domain, api)	2026-09-24T08:32:44.3915791Z # Subtest: 06 §7.7.5 — cada transición declarada procede; toda otra se rechaza (p. ej. REVOCADO → REVOCADO)
verificar · typecheck · unit · build · audit	Pruebas unitarias (domain, api)	2026-09-24T08:32:44.3917715Z ok 97 - 06 §7.7.5 — cada transición declarada procede; toda otra se rechaza (p. ej. REVOCADO → REVOCADO)
verificar · typecheck · unit · build · audit	Pruebas unitarias (domain, api)	2026-09-24T08:32:44.3918850Z   ---
verificar · typecheck · unit · build · audit	Pruebas unitarias (domain, api)	2026-09-24T08:32:44.3919435Z   duration_ms: 0.344696
verificar · typecheck · unit · build · audit	Pruebas unitarias (domain, api)	2026-09-24T08:32:44.3920031Z   type: 'test'
verificar · typecheck · unit · build · audit	Pruebas unitarias (domain, api)	2026-09-24T08:32:44.3920578Z   ...
verificar · typecheck · unit · build · audit	Pruebas unitarias (domain, api)	2026-09-24T08:32:44.3922418Z # Subtest: INV-06-62, INV-06-60, REG-06-50 — solo el titular; versión aplicable; aceptar una versión no acepta futuras
verificar · typecheck · unit · build · audit	Pruebas unitarias (domain, api)	2026-09-24T08:32:44.3924640Z ok 98 - INV-06-62, INV-06-60, REG-06-50 — solo el titular; versión aplicable; aceptar una versión no acepta futuras
verificar · typecheck · unit · build · audit	Pruebas unitarias (domain, api)	2026-09-24T08:32:44.3925812Z   ---
verificar · typecheck · unit · build · audit	Pruebas unitarias (domain, api)	2026-09-24T08:32:44.3926356Z   duration_ms: 0.196107
verificar · typecheck · unit · build · audit	Pruebas unitarias (domain, api)	2026-09-24T08:32:44.3926930Z   type: 'test'
verificar · typecheck · unit · build · audit	Pruebas unitarias (domain, api)	2026-09-24T08:32:44.3927525Z   ...
verificar · typecheck · unit · build · audit	Pruebas unitarias (domain, api)	2026-09-24T08:32:44.3928648Z # Subtest: DL-038 — CON-02 elige la transición según la situación actual
verificar · typecheck · unit · build · audit	Pruebas unitarias (domain, api)	2026-09-24T08:32:44.3930094Z ok 99 - DL-038 — CON-02 elige la transición según la situación actual
verificar · typecheck · unit · build · audit	Pruebas unitarias (domain, api)	2026-09-24T08:32:44.3931010Z   ---
verificar · typecheck · unit · build · audit	Pruebas unitarias (domain, api)	2026-09-24T08:32:44.3931896Z   duration_ms: 0.129262
verificar · typecheck · unit · build · audit	Pruebas unitarias (domain, api)	2026-09-24T08:32:44.3932490Z   type: 'test'
verificar · typecheck · unit · build · audit	Pruebas unitarias (domain, api)	2026-09-24T08:32:44.3933013Z   ...
verificar · typecheck · unit · build · audit	Pruebas unitarias (domain, api)	2026-09-24T08:32:44.3934577Z # Subtest: PDP — contexto positivo: las siete dimensiones favorables permiten y registran componente y versión (REG-06-50)
verificar · typecheck · unit · build · audit	Pruebas unitarias (domain, api)	2026-09-24T08:32:44.3936859Z ok 100 - PDP — contexto positivo: las siete dimensiones favorables permiten y registran componente y versión (REG-06-50)
verificar · typecheck · unit · build · audit	Pruebas unitarias (domain, api)	2026-09-24T08:32:44.3938130Z   ---
verificar · typecheck · unit · build · audit	Pruebas unitarias (domain, api)	2026-09-24T08:32:44.3938785Z   duration_ms: 0.237646
verificar · typecheck · unit · build · audit	Pruebas unitarias (domain, api)	2026-09-24T08:32:44.3939535Z   type: 'test'
verificar · typecheck · unit · build · audit	Pruebas unitarias (domain, api)	2026-09-24T08:32:44.3940227Z   ...
verificar · typecheck · unit · build · audit	Pruebas unitarias (domain, api)	2026-09-24T08:32:44.3941970Z # Subtest: PDP — V1 rol inadecuado: sin perfil profesional: se deniega y la auditoría atribuye ROL
verificar · typecheck · unit · build · audit	Pruebas unitarias (domain, api)	2026-09-24T08:32:44.3943999Z ok 101 - PDP — V1 rol inadecuado: sin perfil profesional: se deniega y la auditoría atribuye ROL
verificar · typecheck · unit · build · audit	Pruebas unitarias (domain, api)	2026-09-24T08:32:44.3945143Z   ---
verificar · typecheck · unit · build · audit	Pruebas unitarias (domain, api)	2026-09-24T08:32:44.3945832Z   duration_ms: 0.134231
verificar · typecheck · unit · build · audit	Pruebas unitarias (domain, api)	2026-09-24T08:32:44.3946613Z   type: 'test'
verificar · typecheck · unit · build · audit	Pruebas unitarias (domain, api)	2026-09-24T08:32:44.3947647Z   ...
verificar · typecheck · unit · build · audit	Pruebas unitarias (domain, api)	2026-09-24T08:32:44.3949183Z # Subtest: PDP — V1 rol inadecuado: el titular pide su propio dashboard: se deniega y la auditoría atribuye ROL
verificar · typecheck · unit · build · audit	Pruebas unitarias (domain, api)	2026-09-24T08:32:44.3951733Z ok 102 - PDP — V1 rol inadecuado: el titular pide su propio dashboard: se deniega y la auditoría atribuye ROL
verificar · typecheck · unit · build · audit	Pruebas unitarias (domain, api)	2026-09-24T08:32:44.3953085Z   ---
verificar · typecheck · unit · build · audit	Pruebas unitarias (domain, api)	2026-09-24T08:32:44.3954175Z   duration_ms: 0.091281
verificar · typecheck · unit · build · audit	Pruebas unitarias (domain, api)	2026-09-24T08:32:44.3954921Z   type: 'test'
verificar · typecheck · unit · build · audit	Pruebas unitarias (domain, api)	2026-09-24T08:32:44.3955606Z   ...
verificar · typecheck · unit · build · audit	Pruebas unitarias (domain, api)	2026-09-24T08:32:44.3957195Z # Subtest: PDP — V2 alcance no verificado (PENDIENTE): se deniega y la auditoría atribuye ESPECIALIDAD_O_CAPACIDAD
verificar · typecheck · unit · build · audit	Pruebas unitarias (domain, api)	2026-09-24T08:32:44.3959539Z ok 103 - PDP — V2 alcance no verificado (PENDIENTE): se deniega y la auditoría atribuye ESPECIALIDAD_O_CAPACIDAD
verificar · typecheck · unit · build · audit	Pruebas unitarias (domain, api)	2026-09-24T08:32:44.3960863Z   ---
verificar · typecheck · unit · build · audit	Pruebas unitarias (domain, api)	2026-09-24T08:32:44.3961802Z   duration_ms: 0.086913
verificar · typecheck · unit · build · audit	Pruebas unitarias (domain, api)	2026-09-24T08:32:44.3962497Z   type: 'test'
verificar · typecheck · unit · build · audit	Pruebas unitarias (domain, api)	2026-09-24T08:32:44.3963079Z   ...
verificar · typecheck · unit · build · audit	Pruebas unitarias (domain, api)	2026-09-24T08:32:44.3964553Z # Subtest: PDP — V2 alcance rechazado: se deniega y la auditoría atribuye ESPECIALIDAD_O_CAPACIDAD
verificar · typecheck · unit · build · audit	Pruebas unitarias (domain, api)	2026-09-24T08:32:44.3966672Z ok 104 - PDP — V2 alcance rechazado: se deniega y la auditoría atribuye ESPECIALIDAD_O_CAPACIDAD
verificar · typecheck · unit · build · audit	Pruebas unitarias (domain, api)	2026-09-24T08:32:44.3967889Z   ---
verificar · typecheck · unit · build · audit	Pruebas unitarias (domain, api)	2026-09-24T08:32:44.3968499Z   duration_ms: 0.102943
verificar · typecheck · unit · build · audit	Pruebas unitarias (domain, api)	2026-09-24T08:32:44.3969173Z   type: 'test'
verificar · typecheck · unit · build · audit	Pruebas unitarias (domain, api)	2026-09-24T08:32:44.3969858Z   ...
verificar · typecheck · unit · build · audit	Pruebas unitarias (domain, api)	2026-09-24T08:32:44.3971680Z # Subtest: PDP — V2 sin trayectoria de verificación: se deniega y la auditoría atribuye ESPECIALIDAD_O_CAPACIDAD
verificar · typecheck · unit · build · audit	Pruebas unitarias (domain, api)	2026-09-24T08:32:44.3973843Z ok 105 - PDP — V2 sin trayectoria de verificación: se deniega y la auditoría atribuye ESPECIALIDAD_O_CAPACIDAD
verificar · typecheck · unit · build · audit	Pruebas unitarias (domain, api)	2026-09-24T08:32:44.3975155Z   ---
verificar · typecheck · unit · build · audit	Pruebas unitarias (domain, api)	2026-09-24T08:32:44.3976134Z   duration_ms: 0.070762
verificar · typecheck · unit · build · audit	Pruebas unitarias (domain, api)	2026-09-24T08:32:44.3976823Z   type: 'test'
verificar · typecheck · unit · build · audit	Pruebas unitarias (domain, api)	2026-09-24T08:32:44.3977398Z   ...
verificar · typecheck · unit · build · audit	Pruebas unitarias (domain, api)	2026-09-24T08:32:44.3978956Z # Subtest: PDP — V3 alcance suspendido: se deniega y la auditoría atribuye SITUACION
verificar · typecheck · unit · build · audit	Pruebas unitarias (domain, api)	2026-09-24T08:32:44.3980607Z ok 106 - PDP — V3 alcance suspendido: se deniega y la auditoría atribuye SITUACION
verificar · typecheck · unit · build · audit	Pruebas unitarias (domain, api)	2026-09-24T08:32:44.3981853Z   ---
verificar · typecheck · unit · build · audit	Pruebas unitarias (domain, api)	2026-09-24T08:32:44.3982398Z   duration_ms: 0.069861
verificar · typecheck · unit · build · audit	Pruebas unitarias (domain, api)	2026-09-24T08:32:44.3982969Z   type: 'test'
verificar · typecheck · unit · build · audit	Pruebas unitarias (domain, api)	2026-09-24T08:32:44.3983553Z   ...
verificar · typecheck · unit · build · audit	Pruebas unitarias (domain, api)	2026-09-24T08:32:44.3984829Z # Subtest: PDP — V3 habilitación retirada: se deniega y la auditoría atribuye SITUACION
verificar · typecheck · unit · build · audit	Pruebas unitarias (domain, api)	2026-09-24T08:32:44.3986503Z ok 107 - PDP — V3 habilitación retirada: se deniega y la auditoría atribuye SITUACION
verificar · typecheck · unit · build · audit	Pruebas unitarias (domain, api)	2026-09-24T08:32:44.3987534Z   ---
verificar · typecheck · unit · build · audit	Pruebas unitarias (domain, api)	2026-09-24T08:32:44.3988084Z   duration_ms: 0.072747
verificar · typecheck · unit · build · audit	Pruebas unitarias (domain, api)	2026-09-24T08:32:44.3988673Z   type: 'test'
verificar · typecheck · unit · build · audit	Pruebas unitarias (domain, api)	2026-09-24T08:32:44.3989258Z   ...
verificar · typecheck · unit · build · audit	Pruebas unitarias (domain, api)	2026-09-24T08:32:44.3990583Z # Subtest: PDP — V3 sin habilitación (INV-06-87): se deniega y la auditoría atribuye SITUACION
verificar · typecheck · unit · build · audit	Pruebas unitarias (domain, api)	2026-09-24T08:32:44.3992647Z ok 108 - PDP — V3 sin habilitación (INV-06-87): se deniega y la auditoría atribuye SITUACION
verificar · typecheck · unit · build · audit	Pruebas unitarias (domain, api)	2026-09-24T08:32:44.3993657Z   ---
verificar · typecheck · unit · build · audit	Pruebas unitarias (domain, api)	2026-09-24T08:32:44.3994202Z   duration_ms: 0.118422
verificar · typecheck · unit · build · audit	Pruebas unitarias (domain, api)	2026-09-24T08:32:44.3994785Z   type: 'test'
verificar · typecheck · unit · build · audit	Pruebas unitarias (domain, api)	2026-09-24T08:32:44.3995313Z   ...
verificar · typecheck · unit · build · audit	Pruebas unitarias (domain, api)	2026-09-24T08:32:44.3996731Z # Subtest: PDP — V3 A3 del titular no vigente (TEST-AUTH-005): se deniega y la auditoría atribuye SITUACION
verificar · typecheck · unit · build · audit	Pruebas unitarias (domain, api)	2026-09-24T08:32:44.3998593Z ok 109 - PDP — V3 A3 del titular no vigente (TEST-AUTH-005): se deniega y la auditoría atribuye SITUACION
verificar · typecheck · unit · build · audit	Pruebas unitarias (domain, api)	2026-09-24T08:32:44.3999665Z   ---
verificar · typecheck · unit · build · audit	Pruebas unitarias (domain, api)	2026-09-24T08:32:44.4000205Z   duration_ms: 0.081733
verificar · typecheck · unit · build · audit	Pruebas unitarias (domain, api)	2026-09-24T08:32:44.4000768Z   type: 'test'
verificar · typecheck · unit · build · audit	Pruebas unitarias (domain, api)	2026-09-24T08:32:44.4001578Z   ...
verificar · typecheck · unit · build · audit	Pruebas unitarias (domain, api)	2026-09-24T08:32:44.4002793Z # Subtest: PDP — V3 cuenta del titular no operativa: se deniega y la auditoría atribuye SITUACION
verificar · typecheck · unit · build · audit	Pruebas unitarias (domain, api)	2026-09-24T08:32:44.4004523Z ok 110 - PDP — V3 cuenta del titular no operativa: se deniega y la auditoría atribuye SITUACION
verificar · typecheck · unit · build · audit	Pruebas unitarias (domain, api)	2026-09-24T08:32:44.4005558Z   ---
verificar · typecheck · unit · build · audit	Pruebas unitarias (domain, api)	2026-09-24T08:32:44.4006056Z   duration_ms: 1.652847
verificar · typecheck · unit · build · audit	Pruebas unitarias (domain, api)	2026-09-24T08:32:44.4006638Z   type: 'test'
verificar · typecheck · unit · build · audit	Pruebas unitarias (domain, api)	2026-09-24T08:32:44.4007182Z   ...
verificar · typecheck · unit · build · audit	Pruebas unitarias (domain, api)	2026-09-24T08:32:44.4008370Z # Subtest: PDP — V3 cuenta del actor no operativa: se deniega y la auditoría atribuye SITUACION
verificar · typecheck · unit · build · audit	Pruebas unitarias (domain, api)	2026-09-24T08:32:44.4009987Z ok 111 - PDP — V3 cuenta del actor no operativa: se deniega y la auditoría atribuye SITUACION
verificar · typecheck · unit · build · audit	Pruebas unitarias (domain, api)	2026-09-24T08:32:44.4011603Z   ---
verificar · typecheck · unit · build · audit	Pruebas unitarias (domain, api)	2026-09-24T08:32:44.4012401Z   duration_ms: 0.0693
verificar · typecheck · unit · build · audit	Pruebas unitarias (domain, api)	2026-09-24T08:32:44.4013326Z   type: 'test'
verificar · typecheck · unit · build · audit	Pruebas unitarias (domain, api)	2026-09-24T08:32:44.4013976Z   ...
verificar · typecheck · unit · build · audit	Pruebas unitarias (domain, api)	2026-09-24T08:32:44.4015394Z # Subtest: PDP — V4 vínculo PAUSADO (TEST-AUTH-007): se deniega y la auditoría atribuye VINCULO
verificar · typecheck · unit · build · audit	Pruebas unitarias (domain, api)	2026-09-24T08:32:44.4017201Z ok 112 - PDP — V4 vínculo PAUSADO (TEST-AUTH-007): se deniega y la auditoría atribuye VINCULO
verificar · typecheck · unit · build · audit	Pruebas unitarias (domain, api)	2026-09-24T08:32:44.4018604Z   ---
verificar · typecheck · unit · build · audit	Pruebas unitarias (domain, api)	2026-09-24T08:32:44.4019402Z   duration_ms: 0.061275
verificar · typecheck · unit · build · audit	Pruebas unitarias (domain, api)	2026-09-24T08:32:44.4020105Z   type: 'test'
verificar · typecheck · unit · build · audit	Pruebas unitarias (domain, api)	2026-09-24T08:32:44.4020876Z   ...
verificar · typecheck · unit · build · audit	Pruebas unitarias (domain, api)	2026-09-24T08:32:44.4022564Z # Subtest: PDP — V4 vínculo FINALIZADO (TEST-AUTH-008): se deniega y la auditoría atribuye VINCULO
verificar · typecheck · unit · build · audit	Pruebas unitarias (domain, api)	2026-09-24T08:32:44.4038238Z ok 113 - PDP — V4 vínculo FINALIZADO (TEST-AUTH-008): se deniega y la auditoría atribuye VINCULO
verificar · typecheck · unit · build · audit	Pruebas unitarias (domain, api)	2026-09-24T08:32:44.4039306Z   ---
verificar · typecheck · unit · build · audit	Pruebas unitarias (domain, api)	2026-09-24T08:32:44.4039878Z   duration_ms: 0.055163
verificar · typecheck · unit · build · audit	Pruebas unitarias (domain, api)	2026-09-24T08:32:44.4040542Z   type: 'test'
verificar · typecheck · unit · build · audit	Pruebas unitarias (domain, api)	2026-09-24T08:32:44.4041173Z   ...
verificar · typecheck · unit · build · audit	Pruebas unitarias (domain, api)	2026-09-24T08:32:44.4042855Z # Subtest: PDP — V5 B2 REVOCADO (TEST-RF-022): se deniega y la auditoría atribuye CONSENTIMIENTO
verificar · typecheck · unit · build · audit	Pruebas unitarias (domain, api)	2026-09-24T08:32:44.4044522Z ok 114 - PDP — V5 B2 REVOCADO (TEST-RF-022): se deniega y la auditoría atribuye CONSENTIMIENTO
verificar · typecheck · unit · build · audit	Pruebas unitarias (domain, api)	2026-09-24T08:32:44.4045531Z   ---
verificar · typecheck · unit · build · audit	Pruebas unitarias (domain, api)	2026-09-24T08:32:44.4046048Z   duration_ms: 0.054091
verificar · typecheck · unit · build · audit	Pruebas unitarias (domain, api)	2026-09-24T08:32:44.4046652Z   type: 'test'
verificar · typecheck · unit · build · audit	Pruebas unitarias (domain, api)	2026-09-24T08:32:44.4047205Z   ...
verificar · typecheck · unit · build · audit	Pruebas unitarias (domain, api)	2026-09-24T08:32:44.4048367Z # Subtest: PDP — V5 sin B2 (TEST-AUTH-006): se deniega y la auditoría atribuye CONSENTIMIENTO
verificar · typecheck · unit · build · audit	Pruebas unitarias (domain, api)	2026-09-24T08:32:44.4049955Z ok 115 - PDP — V5 sin B2 (TEST-AUTH-006): se deniega y la auditoría atribuye CONSENTIMIENTO
verificar · typecheck · unit · build · audit	Pruebas unitarias (domain, api)	2026-09-24T08:32:44.4050892Z   ---
verificar · typecheck · unit · build · audit	Pruebas unitarias (domain, api)	2026-09-24T08:32:44.4051917Z   duration_ms: 0.053119
verificar · typecheck · unit · build · audit	Pruebas unitarias (domain, api)	2026-09-24T08:32:44.4052535Z   type: 'test'
verificar · typecheck · unit · build · audit	Pruebas unitarias (domain, api)	2026-09-24T08:32:44.4053081Z   ...
verificar · typecheck · unit · build · audit	Pruebas unitarias (domain, api)	2026-09-24T08:32:44.4054430Z # Subtest: PDP — V5 B2 sin versión identificable (INV-06-60): se deniega y la auditoría atribuye CONSENTIMIENTO
verificar · typecheck · unit · build · audit	Pruebas unitarias (domain, api)	2026-09-24T08:32:44.4056290Z ok 116 - PDP — V5 B2 sin versión identificable (INV-06-60): se deniega y la auditoría atribuye CONSENTIMIENTO
verificar · typecheck · unit · build · audit	Pruebas unitarias (domain, api)	2026-09-24T08:32:44.4057330Z   ---
verificar · typecheck · unit · build · audit	Pruebas unitarias (domain, api)	2026-09-24T08:32:44.4057832Z   duration_ms: 0.054632
verificar · typecheck · unit · build · audit	Pruebas unitarias (domain, api)	2026-09-24T08:32:44.4058391Z   type: 'test'
verificar · typecheck · unit · build · audit	Pruebas unitarias (domain, api)	2026-09-24T08:32:44.4058892Z   ...
verificar · typecheck · unit · build · audit	Pruebas unitarias (domain, api)	2026-09-24T08:32:44.4059904Z # Subtest: PDP — V6 finalidad ajena: se deniega y la auditoría atribuye FINALIDAD
verificar · typecheck · unit · build · audit	Pruebas unitarias (domain, api)	2026-09-24T08:32:44.4061537Z ok 117 - PDP — V6 finalidad ajena: se deniega y la auditoría atribuye FINALIDAD
verificar · typecheck · unit · build · audit	Pruebas unitarias (domain, api)	2026-09-24T08:32:44.4062733Z   ---
verificar · typecheck · unit · build · audit	Pruebas unitarias (domain, api)	2026-09-24T08:32:44.4063293Z   duration_ms: 0.060965
verificar · typecheck · unit · build · audit	Pruebas unitarias (domain, api)	2026-09-24T08:32:44.4063880Z   type: 'test'
verificar · typecheck · unit · build · audit	Pruebas unitarias (domain, api)	2026-09-24T08:32:44.4064481Z   ...
verificar · typecheck · unit · build · audit	Pruebas unitarias (domain, api)	2026-09-24T08:32:44.4066002Z # Subtest: PDP — V7 alcance pedido Entrenamiento con vínculo de Nutrición: se deniega y la auditoría atribuye ALCANCE
verificar · typecheck · unit · build · audit	Pruebas unitarias (domain, api)	2026-09-24T08:32:44.4068190Z ok 118 - PDP — V7 alcance pedido Entrenamiento con vínculo de Nutrición: se deniega y la auditoría atribuye ALCANCE
verificar · typecheck · unit · build · audit	Pruebas unitarias (domain, api)	2026-09-24T08:32:44.4069352Z   ---
verificar · typecheck · unit · build · audit	Pruebas unitarias (domain, api)	2026-09-24T08:32:44.4069933Z   duration_ms: 0.049813
verificar · typecheck · unit · build · audit	Pruebas unitarias (domain, api)	2026-09-24T08:32:44.4070643Z   type: 'test'
verificar · typecheck · unit · build · audit	Pruebas unitarias (domain, api)	2026-09-24T08:32:44.4071545Z   ...
verificar · typecheck · unit · build · audit	Pruebas unitarias (domain, api)	2026-09-24T08:32:44.4072967Z # Subtest: PDP — titular inexistente o no revelable: deniega igual (UC-I02 E05), sin distinguirlo en la decisión
verificar · typecheck · unit · build · audit	Pruebas unitarias (domain, api)	2026-09-24T08:32:44.4075037Z ok 119 - PDP — titular inexistente o no revelable: deniega igual (UC-I02 E05), sin distinguirlo en la decisión
verificar · typecheck · unit · build · audit	Pruebas unitarias (domain, api)	2026-09-24T08:32:44.4076225Z   ---
verificar · typecheck · unit · build · audit	Pruebas unitarias (domain, api)	2026-09-24T08:32:44.4076861Z   duration_ms: 0.097763
verificar · typecheck · unit · build · audit	Pruebas unitarias (domain, api)	2026-09-24T08:32:44.4077540Z   type: 'test'
verificar · typecheck · unit · build · audit	Pruebas unitarias (domain, api)	2026-09-24T08:32:44.4078141Z   ...
verificar · typecheck · unit · build · audit	Pruebas unitarias (domain, api)	2026-09-24T08:32:44.4079720Z # Subtest: REG-06-53 — ninguna dimensión aislada autoriza: con todo lo demás ausente, cada hecho favorable solo no alcanza
verificar · typecheck · unit · build · audit	Pruebas unitarias (domain, api)	2026-09-24T08:32:44.4082269Z ok 120 - REG-06-53 — ninguna dimensión aislada autoriza: con todo lo demás ausente, cada hecho favorable solo no alcanza
verificar · typecheck · unit · build · audit	Pruebas unitarias (domain, api)	2026-09-24T08:32:44.4083542Z   ---
verificar · typecheck · unit · build · audit	Pruebas unitarias (domain, api)	2026-09-24T08:32:44.4084113Z   duration_ms: 0.257362
verificar · typecheck · unit · build · audit	Pruebas unitarias (domain, api)	2026-09-24T08:32:44.4084748Z   type: 'test'
verificar · typecheck · unit · build · audit	Pruebas unitarias (domain, api)	2026-09-24T08:32:44.4085289Z   ...
verificar · typecheck · unit · build · audit	Pruebas unitarias (domain, api)	2026-09-24T08:32:44.4086850Z # Subtest: TEST-AUTH-009 — campos autoritativos del cliente se rechazan por schema estricto (409 → 400 UNKNOWN_FIELD en la API)
verificar · typecheck · unit · build · audit	Pruebas unitarias (domain, api)	2026-09-24T08:32:44.4089515Z ok 121 - TEST-AUTH-009 — campos autoritativos del cliente se rechazan por schema estricto (409 → 400 UNKNOWN_FIELD en la API)
verificar · typecheck · unit · build · audit	Pruebas unitarias (domain, api)	2026-09-24T08:32:44.4090755Z   ---
verificar · typecheck · unit · build · audit	Pruebas unitarias (domain, api)	2026-09-24T08:32:44.4091651Z   duration_ms: 4.328061
verificar · typecheck · unit · build · audit	Pruebas unitarias (domain, api)	2026-09-24T08:32:44.4092691Z   type: 'test'
verificar · typecheck · unit · build · audit	Pruebas unitarias (domain, api)	2026-09-24T08:32:44.4093287Z   ...
verificar · typecheck · unit · build · audit	Pruebas unitarias (domain, api)	2026-09-24T08:32:44.4094753Z # Subtest: 08 §12.3 — textos B2 diferenciados por perfil, versionados, con hash real y sin aceptar versiones futuras
verificar · typecheck · unit · build · audit	Pruebas unitarias (domain, api)	2026-09-24T08:32:44.4096831Z ok 122 - 08 §12.3 — textos B2 diferenciados por perfil, versionados, con hash real y sin aceptar versiones futuras
verificar · typecheck · unit · build · audit	Pruebas unitarias (domain, api)	2026-09-24T08:32:44.4098040Z   ---
verificar · typecheck · unit · build · audit	Pruebas unitarias (domain, api)	2026-09-24T08:32:44.4098651Z   duration_ms: 0.681608
verificar · typecheck · unit · build · audit	Pruebas unitarias (domain, api)	2026-09-24T08:32:44.4099304Z   type: 'test'
verificar · typecheck · unit · build · audit	Pruebas unitarias (domain, api)	2026-09-24T08:32:44.4099918Z   ...
verificar · typecheck · unit · build · audit	Pruebas unitarias (domain, api)	2026-09-24T08:32:44.4101154Z # Subtest: 10-B04 §44-§46 — el copy de WP-03 no usa términos prohibidos ni códigos internos
verificar · typecheck · unit · build · audit	Pruebas unitarias (domain, api)	2026-09-24T08:32:44.4103088Z ok 123 - 10-B04 §44-§46 — el copy de WP-03 no usa términos prohibidos ni códigos internos
verificar · typecheck · unit · build · audit	Pruebas unitarias (domain, api)	2026-09-24T08:32:44.4104210Z   ---
verificar · typecheck · unit · build · audit	Pruebas unitarias (domain, api)	2026-09-24T08:32:44.4105032Z   duration_ms: 0.499927
verificar · typecheck · unit · build · audit	Pruebas unitarias (domain, api)	2026-09-24T08:32:44.4105701Z   type: 'test'
verificar · typecheck · unit · build · audit	Pruebas unitarias (domain, api)	2026-09-24T08:32:44.4106287Z   ...
verificar · typecheck · unit · build · audit	Pruebas unitarias (domain, api)	2026-09-24T08:32:44.4107777Z # Subtest: 10-B04:627-638 — cada evento de las tres máquinas tiene etiqueta humana; uno desconocido no se muestra crudo
verificar · typecheck · unit · build · audit	Pruebas unitarias (domain, api)	2026-09-24T08:32:44.4109977Z ok 124 - 10-B04:627-638 — cada evento de las tres máquinas tiene etiqueta humana; uno desconocido no se muestra crudo
verificar · typecheck · unit · build · audit	Pruebas unitarias (domain, api)	2026-09-24T08:32:44.4111159Z   ---
verificar · typecheck · unit · build · audit	Pruebas unitarias (domain, api)	2026-09-24T08:32:44.4111937Z   duration_ms: 0.360736
verificar · typecheck · unit · build · audit	Pruebas unitarias (domain, api)	2026-09-24T08:32:44.4112505Z   type: 'test'
verificar · typecheck · unit · build · audit	Pruebas unitarias (domain, api)	2026-09-24T08:32:44.4113004Z   ...
verificar · typecheck · unit · build · audit	Pruebas unitarias (domain, api)	2026-09-24T08:32:44.4114420Z # Subtest: 10-B04 §28-§29 y H10-04-04 — el profesional ve el estado mínimo, nunca la razón del bloqueo
verificar · typecheck · unit · build · audit	Pruebas unitarias (domain, api)	2026-09-24T08:32:44.4116103Z ok 125 - 10-B04 §28-§29 y H10-04-04 — el profesional ve el estado mínimo, nunca la razón del bloqueo
verificar · typecheck · unit · build · audit	Pruebas unitarias (domain, api)	2026-09-24T08:32:44.4117148Z   ---
verificar · typecheck · unit · build · audit	Pruebas unitarias (domain, api)	2026-09-24T08:32:44.4117699Z   duration_ms: 0.231002
verificar · typecheck · unit · build · audit	Pruebas unitarias (domain, api)	2026-09-24T08:32:44.4118275Z   type: 'test'
verificar · typecheck · unit · build · audit	Pruebas unitarias (domain, api)	2026-09-24T08:32:44.4118781Z   ...
verificar · typecheck · unit · build · audit	Pruebas unitarias (domain, api)	2026-09-24T08:32:44.4120165Z # Subtest: 10-B04:538-553 — el asesorado ve «No efectivo» cuando su consentimiento activo hoy no habilita el acceso
verificar · typecheck · unit · build · audit	Pruebas unitarias (domain, api)	2026-09-24T08:32:44.4122482Z ok 126 - 10-B04:538-553 — el asesorado ve «No efectivo» cuando su consentimiento activo hoy no habilita el acceso
verificar · typecheck · unit · build · audit	Pruebas unitarias (domain, api)	2026-09-24T08:32:44.4123703Z   ---
verificar · typecheck · unit · build · audit	Pruebas unitarias (domain, api)	2026-09-24T08:32:44.4124233Z   duration_ms: 0.43227
verificar · typecheck · unit · build · audit	Pruebas unitarias (domain, api)	2026-09-24T08:32:44.4124789Z   type: 'test'
verificar · typecheck · unit · build · audit	Pruebas unitarias (domain, api)	2026-09-24T08:32:44.4125299Z   ...
verificar · typecheck · unit · build · audit	Pruebas unitarias (domain, api)	2026-09-24T08:32:44.6642339Z # Subtest: 06 §10.7 · CrearBorrador, GuardarBorrador y ActivarVersion están declaradas y con guardas favorables se permiten
verificar · typecheck · unit · build · audit	Pruebas unitarias (domain, api)	2026-09-24T08:32:44.6655191Z ok 127 - 06 §10.7 · CrearBorrador, GuardarBorrador y ActivarVersion están declaradas y con guardas favorables se permiten
verificar · typecheck · unit · build · audit	Pruebas unitarias (domain, api)	2026-09-24T08:32:44.6712081Z   ---
verificar · typecheck · unit · build · audit	Pruebas unitarias (domain, api)	2026-09-24T08:32:44.6744139Z   duration_ms: 2.040644
verificar · typecheck · unit · build · audit	Pruebas unitarias (domain, api)	2026-09-24T08:32:44.6759804Z   type: 'test'
verificar · typecheck · unit · build · audit	Pruebas unitarias (domain, api)	2026-09-24T08:32:44.6760401Z   ...
verificar · typecheck · unit · build · audit	Pruebas unitarias (domain, api)	2026-09-24T08:32:44.6762163Z # Subtest: INV-06-109 · no hay ninguna transición que salga de ACTIVADA: reabrir, editar o reactivar falla
verificar · typecheck · unit · build · audit	Pruebas unitarias (domain, api)	2026-09-24T08:32:44.6764179Z ok 128 - INV-06-109 · no hay ninguna transición que salga de ACTIVADA: reabrir, editar o reactivar falla
verificar · typecheck · unit · build · audit	Pruebas unitarias (domain, api)	2026-09-24T08:32:44.6765428Z   ---
verificar · typecheck · unit · build · audit	Pruebas unitarias (domain, api)	2026-09-24T08:32:44.6766093Z   duration_ms: 1.345441
verificar · typecheck · unit · build · audit	Pruebas unitarias (domain, api)	2026-09-24T08:32:44.6766751Z   type: 'test'
verificar · typecheck · unit · build · audit	Pruebas unitarias (domain, api)	2026-09-24T08:32:44.6767356Z   ...
verificar · typecheck · unit · build · audit	Pruebas unitarias (domain, api)	2026-09-24T08:32:44.6768443Z # Subtest: 06 §10.7 · un borrador no se vuelve a crear sobre sí mismo
verificar · typecheck · unit · build · audit	Pruebas unitarias (domain, api)	2026-09-24T08:32:44.6769839Z ok 129 - 06 §10.7 · un borrador no se vuelve a crear sobre sí mismo
verificar · typecheck · unit · build · audit	Pruebas unitarias (domain, api)	2026-09-24T08:32:44.6770740Z   ---
verificar · typecheck · unit · build · audit	Pruebas unitarias (domain, api)	2026-09-24T08:32:44.6800696Z   duration_ms: 0.219171
verificar · typecheck · unit · build · audit	Pruebas unitarias (domain, api)	2026-09-24T08:32:44.6801628Z   type: 'test'
verificar · typecheck · unit · build · audit	Pruebas unitarias (domain, api)	2026-09-24T08:32:44.6802220Z   ...
verificar · typecheck · unit · build · audit	Pruebas unitarias (domain, api)	2026-09-24T08:32:44.6803353Z # Subtest: REG-06-104 · cada guarda de ActivarVersion desfavorable impide activar
verificar · typecheck · unit · build · audit	Pruebas unitarias (domain, api)	2026-09-24T08:32:44.6804820Z ok 130 - REG-06-104 · cada guarda de ActivarVersion desfavorable impide activar
verificar · typecheck · unit · build · audit	Pruebas unitarias (domain, api)	2026-09-24T08:32:44.6806508Z   ---
verificar · typecheck · unit · build · audit	Pruebas unitarias (domain, api)	2026-09-24T08:32:44.6807107Z   duration_ms: 0.502823
verificar · typecheck · unit · build · audit	Pruebas unitarias (domain, api)	2026-09-24T08:32:44.6807676Z   type: 'test'
verificar · typecheck · unit · build · audit	Pruebas unitarias (domain, api)	2026-09-24T08:32:44.6808187Z   ...
verificar · typecheck · unit · build · audit	Pruebas unitarias (domain, api)	2026-09-24T08:32:44.6809320Z # Subtest: 06 §8 · las cinco transiciones del Proceso con guardas favorables se permiten
verificar · typecheck · unit · build · audit	Pruebas unitarias (domain, api)	2026-09-24T08:32:44.6811087Z ok 131 - 06 §8 · las cinco transiciones del Proceso con guardas favorables se permiten
verificar · typecheck · unit · build · audit	Pruebas unitarias (domain, api)	2026-09-24T08:32:44.6812283Z   ---
verificar · typecheck · unit · build · audit	Pruebas unitarias (domain, api)	2026-09-24T08:32:44.6812808Z   duration_ms: 0.337913
verificar · typecheck · unit · build · audit	Pruebas unitarias (domain, api)	2026-09-24T08:32:44.6813386Z   type: 'test'
verificar · typecheck · unit · build · audit	Pruebas unitarias (domain, api)	2026-09-24T08:32:44.6813894Z   ...
verificar · typecheck · unit · build · audit	Pruebas unitarias (domain, api)	2026-09-24T08:32:44.6814935Z # Subtest: INV-06-86 · CERRADO es terminal: ninguna transición sale de CERRADO
verificar · typecheck · unit · build · audit	Pruebas unitarias (domain, api)	2026-09-24T08:32:44.6816368Z ok 132 - INV-06-86 · CERRADO es terminal: ninguna transición sale de CERRADO
verificar · typecheck · unit · build · audit	Pruebas unitarias (domain, api)	2026-09-24T08:32:44.6817263Z   ---
verificar · typecheck · unit · build · audit	Pruebas unitarias (domain, api)	2026-09-24T08:32:44.6817790Z   duration_ms: 0.383088
verificar · typecheck · unit · build · audit	Pruebas unitarias (domain, api)	2026-09-24T08:32:44.6818378Z   type: 'test'
verificar · typecheck · unit · build · audit	Pruebas unitarias (domain, api)	2026-09-24T08:32:44.6818894Z   ...
verificar · typecheck · unit · build · audit	Pruebas unitarias (domain, api)	2026-09-24T08:32:44.6820244Z # Subtest: INV-06-74 · AbrirProceso solo desde inicio; los cierres del sistema no los ejecuta el profesional
verificar · typecheck · unit · build · audit	Pruebas unitarias (domain, api)	2026-09-24T08:32:44.6822413Z ok 133 - INV-06-74 · AbrirProceso solo desde inicio; los cierres del sistema no los ejecuta el profesional
verificar · typecheck · unit · build · audit	Pruebas unitarias (domain, api)	2026-09-24T08:32:44.6823584Z   ---
verificar · typecheck · unit · build · audit	Pruebas unitarias (domain, api)	2026-09-24T08:32:44.6824198Z   duration_ms: 0.231003
verificar · typecheck · unit · build · audit	Pruebas unitarias (domain, api)	2026-09-24T08:32:44.6824891Z   type: 'test'
verificar · typecheck · unit · build · audit	Pruebas unitarias (domain, api)	2026-09-24T08:32:44.6825481Z   ...
verificar · typecheck · unit · build · audit	Pruebas unitarias (domain, api)	2026-09-24T08:32:44.6826876Z # Subtest: INV-06-75, 85 · abrir exige capacidad; continuar o cerrar por revisión exige revisión válida
verificar · typecheck · unit · build · audit	Pruebas unitarias (domain, api)	2026-09-24T08:32:44.6828788Z ok 134 - INV-06-75, 85 · abrir exige capacidad; continuar o cerrar por revisión exige revisión válida
verificar · typecheck · unit · build · audit	Pruebas unitarias (domain, api)	2026-09-24T08:32:44.6829896Z   ---
verificar · typecheck · unit · build · audit	Pruebas unitarias (domain, api)	2026-09-24T08:32:44.6830497Z   duration_ms: 0.228678
verificar · typecheck · unit · build · audit	Pruebas unitarias (domain, api)	2026-09-24T08:32:44.6831141Z   type: 'test'
verificar · typecheck · unit · build · audit	Pruebas unitarias (domain, api)	2026-09-24T08:32:44.6831986Z   ...
verificar · typecheck · unit · build · audit	Pruebas unitarias (domain, api)	2026-09-24T08:32:44.6833290Z # Subtest: REG-06-64/78 · con un Proceso abierto, la activación es continuidad; sin él, es NUEVO
verificar · typecheck · unit · build · audit	Pruebas unitarias (domain, api)	2026-09-24T08:32:44.6835037Z ok 135 - REG-06-64/78 · con un Proceso abierto, la activación es continuidad; sin él, es NUEVO
verificar · typecheck · unit · build · audit	Pruebas unitarias (domain, api)	2026-09-24T08:32:44.6836096Z   ---
verificar · typecheck · unit · build · audit	Pruebas unitarias (domain, api)	2026-09-24T08:32:44.6836698Z   duration_ms: 0.559729
verificar · typecheck · unit · build · audit	Pruebas unitarias (domain, api)	2026-09-24T08:32:44.6837340Z   type: 'test'
verificar · typecheck · unit · build · audit	Pruebas unitarias (domain, api)	2026-09-24T08:32:44.6837934Z   ...
verificar · typecheck · unit · build · audit	Pruebas unitarias (domain, api)	2026-09-24T08:32:44.6839545Z # Subtest: REG-06-66 · el Proceso vigente exige todas las condiciones; revocar el consentimiento lo vuelve no vigente sin cerrarlo
verificar · typecheck · unit · build · audit	Pruebas unitarias (domain, api)	2026-09-24T08:32:44.6842061Z ok 136 - REG-06-66 · el Proceso vigente exige todas las condiciones; revocar el consentimiento lo vuelve no vigente sin cerrarlo
verificar · typecheck · unit · build · audit	Pruebas unitarias (domain, api)	2026-09-24T08:32:44.6843391Z   ---
verificar · typecheck · unit · build · audit	Pruebas unitarias (domain, api)	2026-09-24T08:32:44.6843988Z   duration_ms: 0.696065
verificar · typecheck · unit · build · audit	Pruebas unitarias (domain, api)	2026-09-24T08:32:44.6844604Z   type: 'test'
verificar · typecheck · unit · build · audit	Pruebas unitarias (domain, api)	2026-09-24T08:32:44.6845151Z   ...
verificar · typecheck · unit · build · audit	Pruebas unitarias (domain, api)	2026-09-24T08:32:44.6846295Z # Subtest: REG-06-82 · sin configuración, SIN_LIMITE: nunca rechaza
verificar · typecheck · unit · build · audit	Pruebas unitarias (domain, api)	2026-09-24T08:32:44.6847628Z ok 137 - REG-06-82 · sin configuración, SIN_LIMITE: nunca rechaza
verificar · typecheck · unit · build · audit	Pruebas unitarias (domain, api)	2026-09-24T08:32:44.6871908Z   ---
verificar · typecheck · unit · build · audit	Pruebas unitarias (domain, api)	2026-09-24T08:32:44.6931665Z   duration_ms: 0.374792
verificar · typecheck · unit · build · audit	Pruebas unitarias (domain, api)	2026-09-24T08:32:44.6961754Z   type: 'test'
verificar · typecheck · unit · build · audit	Pruebas unitarias (domain, api)	2026-09-24T08:32:44.6983179Z   ...
verificar · typecheck · unit · build · audit	Pruebas unitarias (domain, api)	2026-09-24T08:32:44.6984505Z # Subtest: REG-06-91 · LIMITADA admite si la ocupación proyectada no supera el límite
verificar · typecheck · unit · build · audit	Pruebas unitarias (domain, api)	2026-09-24T08:32:44.6985951Z ok 138 - REG-06-91 · LIMITADA admite si la ocupación proyectada no supera el límite
verificar · typecheck · unit · build · audit	Pruebas unitarias (domain, api)	2026-09-24T08:32:44.6986952Z   ---
verificar · typecheck · unit · build · audit	Pruebas unitarias (domain, api)	2026-09-24T08:32:44.6987451Z   duration_ms: 0.247133
verificar · typecheck · unit · build · audit	Pruebas unitarias (domain, api)	2026-09-24T08:32:44.6988010Z   type: 'test'
verificar · typecheck · unit · build · audit	Pruebas unitarias (domain, api)	2026-09-24T08:32:44.6988498Z   ...
verificar · typecheck · unit · build · audit	Pruebas unitarias (domain, api)	2026-09-24T08:32:44.6989711Z # Subtest: REG-06-91 · un asesorado que ya cuenta no suma ni se rechaza; la sobreocupación rechaza todo nuevo
verificar · typecheck · unit · build · audit	Pruebas unitarias (domain, api)	2026-09-24T08:32:44.6991589Z ok 139 - REG-06-91 · un asesorado que ya cuenta no suma ni se rechaza; la sobreocupación rechaza todo nuevo
verificar · typecheck · unit · build · audit	Pruebas unitarias (domain, api)	2026-09-24T08:32:44.6992559Z   ---
verificar · typecheck · unit · build · audit	Pruebas unitarias (domain, api)	2026-09-24T08:32:44.6994534Z   duration_ms: 0.19714
verificar · typecheck · unit · build · audit	Pruebas unitarias (domain, api)	2026-09-24T08:32:44.6995054Z   type: 'test'
verificar · typecheck · unit · build · audit	Pruebas unitarias (domain, api)	2026-09-24T08:32:44.6995518Z   ...
verificar · typecheck · unit · build · audit	Pruebas unitarias (domain, api)	2026-09-24T08:32:44.6996595Z # Subtest: REG-06-144 · la taxonomía tiene exactamente seis resultados y la API mapea uno a uno
verificar · typecheck · unit · build · audit	Pruebas unitarias (domain, api)	2026-09-24T08:32:44.6998031Z ok 140 - REG-06-144 · la taxonomía tiene exactamente seis resultados y la API mapea uno a uno
verificar · typecheck · unit · build · audit	Pruebas unitarias (domain, api)	2026-09-24T08:32:44.6998910Z   ---
verificar · typecheck · unit · build · audit	Pruebas unitarias (domain, api)	2026-09-24T08:32:44.6999371Z   duration_ms: 0.200166
verificar · typecheck · unit · build · audit	Pruebas unitarias (domain, api)	2026-09-24T08:32:44.6999903Z   type: 'test'
verificar · typecheck · unit · build · audit	Pruebas unitarias (domain, api)	2026-09-24T08:32:44.7000626Z   ...
verificar · typecheck · unit · build · audit	Pruebas unitarias (domain, api)	2026-09-24T08:32:44.7002504Z # Subtest: REG-06-147 · solo FINALIZAR cierra el Proceso (INV-06-82, 83)
verificar · typecheck · unit · build · audit	Pruebas unitarias (domain, api)	2026-09-24T08:32:44.7003988Z ok 141 - REG-06-147 · solo FINALIZAR cierra el Proceso (INV-06-82, 83)
verificar · typecheck · unit · build · audit	Pruebas unitarias (domain, api)	2026-09-24T08:32:44.7004770Z   ---
verificar · typecheck · unit · build · audit	Pruebas unitarias (domain, api)	2026-09-24T08:32:44.7005250Z   duration_ms: 0.171121
verificar · typecheck · unit · build · audit	Pruebas unitarias (domain, api)	2026-09-24T08:32:44.7005778Z   type: 'test'
verificar · typecheck · unit · build · audit	Pruebas unitarias (domain, api)	2026-09-24T08:32:44.7006262Z   ...
verificar · typecheck · unit · build · audit	Pruebas unitarias (domain, api)	2026-09-24T08:32:44.7007649Z # Subtest: TEST-NUT-006 · la revisión válida exige evidencia, interpretación, resultado, fundamento y próxima acción o cierre
verificar · typecheck · unit · build · audit	Pruebas unitarias (domain, api)	2026-09-24T08:32:44.7009644Z ok 142 - TEST-NUT-006 · la revisión válida exige evidencia, interpretación, resultado, fundamento y próxima acción o cierre
verificar · typecheck · unit · build · audit	Pruebas unitarias (domain, api)	2026-09-24T08:32:44.7010747Z   ---
verificar · typecheck · unit · build · audit	Pruebas unitarias (domain, api)	2026-09-24T08:32:44.7011427Z   duration_ms: 0.323396
verificar · typecheck · unit · build · audit	Pruebas unitarias (domain, api)	2026-09-24T08:32:44.7011989Z   type: 'test'
verificar · typecheck · unit · build · audit	Pruebas unitarias (domain, api)	2026-09-24T08:32:44.7012467Z   ...
verificar · typecheck · unit · build · audit	Pruebas unitarias (domain, api)	2026-09-24T08:32:44.7013463Z # Subtest: UC-P13 E05 · un resultado fuera de la taxonomía no es una revisión válida
verificar · typecheck · unit · build · audit	Pruebas unitarias (domain, api)	2026-09-24T08:32:44.7014974Z ok 143 - UC-P13 E05 · un resultado fuera de la taxonomía no es una revisión válida
verificar · typecheck · unit · build · audit	Pruebas unitarias (domain, api)	2026-09-24T08:32:44.7015822Z   ---
verificar · typecheck · unit · build · audit	Pruebas unitarias (domain, api)	2026-09-24T08:32:44.7016316Z   duration_ms: 0.181019
verificar · typecheck · unit · build · audit	Pruebas unitarias (domain, api)	2026-09-24T08:32:44.7016854Z   type: 'test'
verificar · typecheck · unit · build · audit	Pruebas unitarias (domain, api)	2026-09-24T08:32:44.7017327Z   ...
verificar · typecheck · unit · build · audit	Pruebas unitarias (domain, api)	2026-09-24T08:32:44.7018303Z # Subtest: REG-06-146 · REPROGRAMAR_REVISION exige la fecha de la próxima revisión
verificar · typecheck · unit · build · audit	Pruebas unitarias (domain, api)	2026-09-24T08:32:44.7019666Z ok 144 - REG-06-146 · REPROGRAMAR_REVISION exige la fecha de la próxima revisión
verificar · typecheck · unit · build · audit	Pruebas unitarias (domain, api)	2026-09-24T08:32:44.7020488Z   ---
verificar · typecheck · unit · build · audit	Pruebas unitarias (domain, api)	2026-09-24T08:32:44.7020956Z   duration_ms: 0.203561
verificar · typecheck · unit · build · audit	Pruebas unitarias (domain, api)	2026-09-24T08:32:44.7021679Z   type: 'test'
verificar · typecheck · unit · build · audit	Pruebas unitarias (domain, api)	2026-09-24T08:32:44.7022152Z   ...
verificar · typecheck · unit · build · audit	Pruebas unitarias (domain, api)	2026-09-24T08:32:44.7023484Z # Subtest: REG-06-150 · el pendiente nace de una expectativa explícita y se resuelve solo con una revisión aplicada
verificar · typecheck · unit · build · audit	Pruebas unitarias (domain, api)	2026-09-24T08:32:44.7025302Z ok 145 - REG-06-150 · el pendiente nace de una expectativa explícita y se resuelve solo con una revisión aplicada
verificar · typecheck · unit · build · audit	Pruebas unitarias (domain, api)	2026-09-24T08:32:44.7026315Z   ---
verificar · typecheck · unit · build · audit	Pruebas unitarias (domain, api)	2026-09-24T08:32:44.7027025Z   duration_ms: 0.838491
verificar · typecheck · unit · build · audit	Pruebas unitarias (domain, api)	2026-09-24T08:32:44.7027566Z   type: 'test'
verificar · typecheck · unit · build · audit	Pruebas unitarias (domain, api)	2026-09-24T08:32:44.7028042Z   ...
verificar · typecheck · unit · build · audit	Pruebas unitarias (domain, api)	2026-09-24T08:32:44.7029101Z # Subtest: DL-049 · normalizar asigna identificadores faltantes y conserva los que vienen
verificar · typecheck · unit · build · audit	Pruebas unitarias (domain, api)	2026-09-24T08:32:44.7030640Z ok 146 - DL-049 · normalizar asigna identificadores faltantes y conserva los que vienen
verificar · typecheck · unit · build · audit	Pruebas unitarias (domain, api)	2026-09-24T08:32:44.7032057Z   ---
verificar · typecheck · unit · build · audit	Pruebas unitarias (domain, api)	2026-09-24T08:32:44.7032588Z   duration_ms: 0.459571
verificar · typecheck · unit · build · audit	Pruebas unitarias (domain, api)	2026-09-24T08:32:44.7033131Z   type: 'test'
verificar · typecheck · unit · build · audit	Pruebas unitarias (domain, api)	2026-09-24T08:32:44.7033614Z   ...
verificar · typecheck · unit · build · audit	Pruebas unitarias (domain, api)	2026-09-24T08:32:44.7034959Z # Subtest: RF-030 · un borrador incompleto se puede guardar; validar informa lo que falta, con la ruta (09v9:589)
verificar · typecheck · unit · build · audit	Pruebas unitarias (domain, api)	2026-09-24T08:32:44.7036787Z ok 147 - RF-030 · un borrador incompleto se puede guardar; validar informa lo que falta, con la ruta (09v9:589)
verificar · typecheck · unit · build · audit	Pruebas unitarias (domain, api)	2026-09-24T08:32:44.7038156Z   ---
verificar · typecheck · unit · build · audit	Pruebas unitarias (domain, api)	2026-09-24T08:32:44.7038655Z   duration_ms: 0.822882
verificar · typecheck · unit · build · audit	Pruebas unitarias (domain, api)	2026-09-24T08:32:44.7039195Z   type: 'test'
verificar · typecheck · unit · build · audit	Pruebas unitarias (domain, api)	2026-09-24T08:32:44.7039674Z   ...
verificar · typecheck · unit · build · audit	Pruebas unitarias (domain, api)	2026-09-24T08:32:44.7040823Z # Subtest: REG-06-122 · con cantidad, el estado de preparación es obligatorio; sin cantidad, no
verificar · typecheck · unit · build · audit	Pruebas unitarias (domain, api)	2026-09-24T08:32:44.7042645Z ok 148 - REG-06-122 · con cantidad, el estado de preparación es obligatorio; sin cantidad, no
verificar · typecheck · unit · build · audit	Pruebas unitarias (domain, api)	2026-09-24T08:32:44.7043587Z   ---
verificar · typecheck · unit · build · audit	Pruebas unitarias (domain, api)	2026-09-24T08:32:44.7044133Z   duration_ms: 0.615032
verificar · typecheck · unit · build · audit	Pruebas unitarias (domain, api)	2026-09-24T08:32:44.7060710Z   type: 'test'
verificar · typecheck · unit · build · audit	Pruebas unitarias (domain, api)	2026-09-24T08:32:44.7061596Z   ...
verificar · typecheck · unit · build · audit	Pruebas unitarias (domain, api)	2026-09-24T08:32:44.7063216Z # Subtest: 09v9 PATCH · modalidad B no habilitada, referencia de catálogo inválida e identificador repetido impiden guardar
verificar · typecheck · unit · build · audit	Pruebas unitarias (domain, api)	2026-09-24T08:32:44.7065546Z ok 149 - 09v9 PATCH · modalidad B no habilitada, referencia de catálogo inválida e identificador repetido impiden guardar
verificar · typecheck · unit · build · audit	Pruebas unitarias (domain, api)	2026-09-24T08:32:44.7066816Z   ---
verificar · typecheck · unit · build · audit	Pruebas unitarias (domain, api)	2026-09-24T08:32:44.7067429Z   duration_ms: 0.275006
verificar · typecheck · unit · build · audit	Pruebas unitarias (domain, api)	2026-09-24T08:32:44.7068092Z   type: 'test'
verificar · typecheck · unit · build · audit	Pruebas unitarias (domain, api)	2026-09-24T08:32:44.7068714Z   ...
verificar · typecheck · unit · build · audit	Pruebas unitarias (domain, api)	2026-09-24T08:32:44.7069959Z # Subtest: REG-06-105 · la instantánea resuelve nombre y versión del catálogo al activar
verificar · typecheck · unit · build · audit	Pruebas unitarias (domain, api)	2026-09-24T08:32:44.7071859Z ok 150 - REG-06-105 · la instantánea resuelve nombre y versión del catálogo al activar
verificar · typecheck · unit · build · audit	Pruebas unitarias (domain, api)	2026-09-24T08:32:44.7072836Z   ---
verificar · typecheck · unit · build · audit	Pruebas unitarias (domain, api)	2026-09-24T08:32:44.7073405Z   duration_ms: 2.539078
verificar · typecheck · unit · build · audit	Pruebas unitarias (domain, api)	2026-09-24T08:32:44.7074389Z   type: 'test'
verificar · typecheck · unit · build · audit	Pruebas unitarias (domain, api)	2026-09-24T08:32:44.7074983Z   ...
verificar · typecheck · unit · build · audit	Pruebas unitarias (domain, api)	2026-09-24T08:32:44.7076169Z # Subtest: 06:1391 · si un ítem no se resuelve, la instantánea no se puede preservar
verificar · typecheck · unit · build · audit	Pruebas unitarias (domain, api)	2026-09-24T08:32:44.7077731Z ok 151 - 06:1391 · si un ítem no se resuelve, la instantánea no se puede preservar
verificar · typecheck · unit · build · audit	Pruebas unitarias (domain, api)	2026-09-24T08:32:44.7078691Z   ---
verificar · typecheck · unit · build · audit	Pruebas unitarias (domain, api)	2026-09-24T08:32:44.7079301Z   duration_ms: 0.222066
verificar · typecheck · unit · build · audit	Pruebas unitarias (domain, api)	2026-09-24T08:32:44.7079961Z   type: 'test'
verificar · typecheck · unit · build · audit	Pruebas unitarias (domain, api)	2026-09-24T08:32:44.7080546Z   ...
verificar · typecheck · unit · build · audit	Pruebas unitarias (domain, api)	2026-09-24T08:32:44.7082241Z # Subtest: REG-06-101 · cambiar el catálogo después de activar no cambia la instantánea (INV-06-115)
verificar · typecheck · unit · build · audit	Pruebas unitarias (domain, api)	2026-09-24T08:32:44.7084120Z ok 152 - REG-06-101 · cambiar el catálogo después de activar no cambia la instantánea (INV-06-115)
verificar · typecheck · unit · build · audit	Pruebas unitarias (domain, api)	2026-09-24T08:32:44.7085222Z   ---
verificar · typecheck · unit · build · audit	Pruebas unitarias (domain, api)	2026-09-24T08:32:44.7085810Z   duration_ms: 0.644838
verificar · typecheck · unit · build · audit	Pruebas unitarias (domain, api)	2026-09-24T08:32:44.7086455Z   type: 'test'
verificar · typecheck · unit · build · audit	Pruebas unitarias (domain, api)	2026-09-24T08:32:44.7087053Z   ...
verificar · typecheck · unit · build · audit	Pruebas unitarias (domain, api)	2026-09-24T08:32:44.7088422Z # Subtest: REG-06-106 · la ingesta prescripta referencia día tipo, comida y opción de la instantánea
verificar · typecheck · unit · build · audit	Pruebas unitarias (domain, api)	2026-09-24T08:32:44.7090346Z ok 153 - REG-06-106 · la ingesta prescripta referencia día tipo, comida y opción de la instantánea
verificar · typecheck · unit · build · audit	Pruebas unitarias (domain, api)	2026-09-24T08:32:44.7091699Z   ---
verificar · typecheck · unit · build · audit	Pruebas unitarias (domain, api)	2026-09-24T08:32:44.7092307Z   duration_ms: 0.523722
verificar · typecheck · unit · build · audit	Pruebas unitarias (domain, api)	2026-09-24T08:32:44.7092944Z   type: 'test'
verificar · typecheck · unit · build · audit	Pruebas unitarias (domain, api)	2026-09-24T08:32:44.7093533Z   ...
verificar · typecheck · unit · build · audit	Pruebas unitarias (domain, api)	2026-09-24T08:32:44.7095235Z # Subtest: TEST-NUT-002/005 · contraste: prescripto ≠ registrado, sin registro = NO_DATA, y la diferencia es de cantidad (DV-05 TEST-RF-034)
verificar · typecheck · unit · build · audit	Pruebas unitarias (domain, api)	2026-09-24T08:32:44.7097483Z ok 154 - TEST-NUT-002/005 · contraste: prescripto ≠ registrado, sin registro = NO_DATA, y la diferencia es de cantidad (DV-05 TEST-RF-034)
verificar · typecheck · unit · build · audit	Pruebas unitarias (domain, api)	2026-09-24T08:32:44.7098795Z   ---
verificar · typecheck · unit · build · audit	Pruebas unitarias (domain, api)	2026-09-24T08:32:44.7099411Z   duration_ms: 1.350892
verificar · typecheck · unit · build · audit	Pruebas unitarias (domain, api)	2026-09-24T08:32:44.7100038Z   type: 'test'
verificar · typecheck · unit · build · audit	Pruebas unitarias (domain, api)	2026-09-24T08:32:44.7100572Z   ...
verificar · typecheck · unit · build · audit	Pruebas unitarias (domain, api)	2026-09-24T08:32:44.7102118Z # Subtest: INV-06-13 · lo registrado contra una versión no se pierde si ese día se activa una sucesora
verificar · typecheck · unit · build · audit	Pruebas unitarias (domain, api)	2026-09-24T08:32:44.7103975Z ok 155 - INV-06-13 · lo registrado contra una versión no se pierde si ese día se activa una sucesora
verificar · typecheck · unit · build · audit	Pruebas unitarias (domain, api)	2026-09-24T08:32:44.7105033Z   ---
verificar · typecheck · unit · build · audit	Pruebas unitarias (domain, api)	2026-09-24T08:32:44.7105587Z   duration_ms: 0.474018
verificar · typecheck · unit · build · audit	Pruebas unitarias (domain, api)	2026-09-24T08:32:44.7106205Z   type: 'test'
verificar · typecheck · unit · build · audit	Pruebas unitarias (domain, api)	2026-09-24T08:32:44.7106747Z   ...
verificar · typecheck · unit · build · audit	Pruebas unitarias (domain, api)	2026-09-24T08:32:44.7107837Z # Subtest: fechasDelPeriodo · incluye los extremos y respeta los cambios de mes
verificar · typecheck · unit · build · audit	Pruebas unitarias (domain, api)	2026-09-24T08:32:44.7109301Z ok 156 - fechasDelPeriodo · incluye los extremos y respeta los cambios de mes
verificar · typecheck · unit · build · audit	Pruebas unitarias (domain, api)	2026-09-24T08:32:44.7110234Z   ---
verificar · typecheck · unit · build · audit	Pruebas unitarias (domain, api)	2026-09-24T08:32:44.7110784Z   duration_ms: 0.23994
verificar · typecheck · unit · build · audit	Pruebas unitarias (domain, api)	2026-09-24T08:32:44.7111598Z   type: 'test'
verificar · typecheck · unit · build · audit	Pruebas unitarias (domain, api)	2026-09-24T08:32:44.7112156Z   ...
verificar · typecheck · unit · build · audit	Pruebas unitarias (domain, api)	2026-09-24T08:32:44.7113560Z # Subtest: TEST-PRJ-009 · ningún schema de nutrición tiene puntaje, porcentaje de cumplimiento ni calificación
verificar · typecheck · unit · build · audit	Pruebas unitarias (domain, api)	2026-09-24T08:32:44.7115798Z ok 157 - TEST-PRJ-009 · ningún schema de nutrición tiene puntaje, porcentaje de cumplimiento ni calificación
verificar · typecheck · unit · build · audit	Pruebas unitarias (domain, api)	2026-09-24T08:32:44.7116880Z   ---
verificar · typecheck · unit · build · audit	Pruebas unitarias (domain, api)	2026-09-24T08:32:44.7117439Z   duration_ms: 66.620756
verificar · typecheck · unit · build · audit	Pruebas unitarias (domain, api)	2026-09-24T08:32:44.7118077Z   type: 'test'
verificar · typecheck · unit · build · audit	Pruebas unitarias (domain, api)	2026-09-24T08:32:44.7118612Z   ...
verificar · typecheck · unit · build · audit	Pruebas unitarias (domain, api)	2026-09-24T08:32:44.7120054Z # Subtest: TEST-PRJ-009 · el OpenAPI generado tampoco expone puntaje de adherencia en ninguna operación de nutrición
verificar · typecheck · unit · build · audit	Pruebas unitarias (domain, api)	2026-09-24T08:32:44.7122451Z ok 158 - TEST-PRJ-009 · el OpenAPI generado tampoco expone puntaje de adherencia en ninguna operación de nutrición
verificar · typecheck · unit · build · audit	Pruebas unitarias (domain, api)	2026-09-24T08:32:44.7123655Z   ---
verificar · typecheck · unit · build · audit	Pruebas unitarias (domain, api)	2026-09-24T08:32:44.7124220Z   duration_ms: 92.401578
verificar · typecheck · unit · build · audit	Pruebas unitarias (domain, api)	2026-09-24T08:32:44.7124864Z   type: 'test'
verificar · typecheck · unit · build · audit	Pruebas unitarias (domain, api)	2026-09-24T08:32:44.7125440Z   ...
verificar · typecheck · unit · build · audit	Pruebas unitarias (domain, api)	2026-09-24T08:32:44.7126721Z # Subtest: T13 · el copy de nutrición no usa ningún término prohibido (B10-05; REG-06-125)
verificar · typecheck · unit · build · audit	Pruebas unitarias (domain, api)	2026-09-24T08:32:44.7128317Z ok 159 - T13 · el copy de nutrición no usa ningún término prohibido (B10-05; REG-06-125)
verificar · typecheck · unit · build · audit	Pruebas unitarias (domain, api)	2026-09-24T08:32:44.7129451Z   ---
verificar · typecheck · unit · build · audit	Pruebas unitarias (domain, api)	2026-09-24T08:32:44.7151934Z   duration_ms: 1.821122
verificar · typecheck · unit · build · audit	Pruebas unitarias (domain, api)	2026-09-24T08:32:44.7152990Z   type: 'test'
verificar · typecheck · unit · build · audit	Pruebas unitarias (domain, api)	2026-09-24T08:32:44.7153709Z   ...
verificar · typecheck · unit · build · audit	Pruebas unitarias (domain, api)	2026-09-24T08:32:44.7282491Z # Subtest: REG-06-214 · la evaluación nace EN_PREPARACION y solo un acto explícito la registra
verificar · typecheck · unit · build · audit	Pruebas unitarias (domain, api)	2026-09-24T08:32:44.7303092Z ok 160 - REG-06-214 · la evaluación nace EN_PREPARACION y solo un acto explícito la registra
verificar · typecheck · unit · build · audit	Pruebas unitarias (domain, api)	2026-09-24T08:32:44.7304504Z   ---
verificar · typecheck · unit · build · audit	Pruebas unitarias (domain, api)	2026-09-24T08:32:44.7305030Z   duration_ms: 1.793461
verificar · typecheck · unit · build · audit	Pruebas unitarias (domain, api)	2026-09-24T08:32:44.7305572Z   type: 'test'
verificar · typecheck · unit · build · audit	Pruebas unitarias (domain, api)	2026-09-24T08:32:44.7306102Z   ...
verificar · typecheck · unit · build · audit	Pruebas unitarias (domain, api)	2026-09-24T08:32:44.7307331Z # Subtest: TEST-ANT-003 · registrar exige contenido registrable: no hay registro vacío
verificar · typecheck · unit · build · audit	Pruebas unitarias (domain, api)	2026-09-24T08:32:44.7308921Z ok 161 - TEST-ANT-003 · registrar exige contenido registrable: no hay registro vacío
verificar · typecheck · unit · build · audit	Pruebas unitarias (domain, api)	2026-09-24T08:32:44.7309840Z   ---
verificar · typecheck · unit · build · audit	Pruebas unitarias (domain, api)	2026-09-24T08:32:44.7310357Z   duration_ms: 1.121091
verificar · typecheck · unit · build · audit	Pruebas unitarias (domain, api)	2026-09-24T08:32:44.7310919Z   type: 'test'
verificar · typecheck · unit · build · audit	Pruebas unitarias (domain, api)	2026-09-24T08:32:44.7311654Z   ...
verificar · typecheck · unit · build · audit	Pruebas unitarias (domain, api)	2026-09-24T08:32:44.7313171Z # Subtest: REG-06-214 inciso 5 · una evaluación REGISTRADA no vuelve a preparación, ni se guarda, ni se registra dos veces
verificar · typecheck · unit · build · audit	Pruebas unitarias (domain, api)	2026-09-24T08:32:44.7317150Z ok 162 - REG-06-214 inciso 5 · una evaluación REGISTRADA no vuelve a preparación, ni se guarda, ni se registra dos veces
verificar · typecheck · unit · build · audit	Pruebas unitarias (domain, api)	2026-09-24T08:32:44.7318312Z   ---
verificar · typecheck · unit · build · audit	Pruebas unitarias (domain, api)	2026-09-24T08:32:44.7318841Z   duration_ms: 0.311063
verificar · typecheck · unit · build · audit	Pruebas unitarias (domain, api)	2026-09-24T08:32:44.7319442Z   type: 'test'
verificar · typecheck · unit · build · audit	Pruebas unitarias (domain, api)	2026-09-24T08:32:44.7319960Z   ...
verificar · typecheck · unit · build · audit	Pruebas unitarias (domain, api)	2026-09-24T08:32:44.7320976Z # Subtest: REG-06-218 · anular una medición vigente procede y exige motivo
verificar · typecheck · unit · build · audit	Pruebas unitarias (domain, api)	2026-09-24T08:32:44.7322700Z ok 163 - REG-06-218 · anular una medición vigente procede y exige motivo
verificar · typecheck · unit · build · audit	Pruebas unitarias (domain, api)	2026-09-24T08:32:44.7323564Z   ---
verificar · typecheck · unit · build · audit	Pruebas unitarias (domain, api)	2026-09-24T08:32:44.7324082Z   duration_ms: 0.387245
verificar · typecheck · unit · build · audit	Pruebas unitarias (domain, api)	2026-09-24T08:32:44.7324670Z   type: 'test'
verificar · typecheck · unit · build · audit	Pruebas unitarias (domain, api)	2026-09-24T08:32:44.7325172Z   ...
verificar · typecheck · unit · build · audit	Pruebas unitarias (domain, api)	2026-09-24T08:32:44.7326521Z # Subtest: TEST-ANT-006 · adversarial 6: la segunda anulación no produce un segundo efecto ni un error nuevo
verificar · typecheck · unit · build · audit	Pruebas unitarias (domain, api)	2026-09-24T08:32:44.7328512Z ok 164 - TEST-ANT-006 · adversarial 6: la segunda anulación no produce un segundo efecto ni un error nuevo
verificar · typecheck · unit · build · audit	Pruebas unitarias (domain, api)	2026-09-24T08:32:44.7329623Z   ---
verificar · typecheck · unit · build · audit	Pruebas unitarias (domain, api)	2026-09-24T08:32:44.7330160Z   duration_ms: 0.40556
verificar · typecheck · unit · build · audit	Pruebas unitarias (domain, api)	2026-09-24T08:32:44.7330803Z   type: 'test'
verificar · typecheck · unit · build · audit	Pruebas unitarias (domain, api)	2026-09-24T08:32:44.7331563Z   ...
verificar · typecheck · unit · build · audit	Pruebas unitarias (domain, api)	2026-09-24T08:32:44.7372646Z # Subtest: TEST-ANT-007 · no existe reversión implícita: ANULADA no admite corrección que la vuelva efectiva
verificar · typecheck · unit · build · audit	Pruebas unitarias (domain, api)	2026-09-24T08:32:44.7383473Z ok 165 - TEST-ANT-007 · no existe reversión implícita: ANULADA no admite corrección que la vuelva efectiva
verificar · typecheck · unit · build · audit	Pruebas unitarias (domain, api)	2026-09-24T08:32:44.7384760Z   ---
verificar · typecheck · unit · build · audit	Pruebas unitarias (domain, api)	2026-09-24T08:32:44.7385319Z   duration_ms: 0.20808
verificar · typecheck · unit · build · audit	Pruebas unitarias (domain, api)	2026-09-24T08:32:44.7385914Z   type: 'test'
verificar · typecheck · unit · build · audit	Pruebas unitarias (domain, api)	2026-09-24T08:32:44.7386442Z   ...
verificar · typecheck · unit · build · audit	Pruebas unitarias (domain, api)	2026-09-24T08:32:44.7387715Z # Subtest: TEST-ANT-001 · medido, reportado y calculado son clases distintas, no una convención de nombre
verificar · typecheck · unit · build · audit	Pruebas unitarias (domain, api)	2026-09-24T08:32:44.7389468Z ok 166 - TEST-ANT-001 · medido, reportado y calculado son clases distintas, no una convención de nombre
verificar · typecheck · unit · build · audit	Pruebas unitarias (domain, api)	2026-09-24T08:32:44.7390498Z   ---
verificar · typecheck · unit · build · audit	Pruebas unitarias (domain, api)	2026-09-24T08:32:44.7391101Z   duration_ms: 0.302747
verificar · typecheck · unit · build · audit	Pruebas unitarias (domain, api)	2026-09-24T08:32:44.7392279Z   type: 'test'
verificar · typecheck · unit · build · audit	Pruebas unitarias (domain, api)	2026-09-24T08:32:44.7392841Z   ...
verificar · typecheck · unit · build · audit	Pruebas unitarias (domain, api)	2026-09-24T08:32:44.7394086Z # Subtest: REG-06-09 y REG-06-155 · convertir conserva la unidad de origen y la regla que se aplicó
verificar · typecheck · unit · build · audit	Pruebas unitarias (domain, api)	2026-09-24T08:32:44.7395781Z ok 167 - REG-06-09 y REG-06-155 · convertir conserva la unidad de origen y la regla que se aplicó
verificar · typecheck · unit · build · audit	Pruebas unitarias (domain, api)	2026-09-24T08:32:44.7396777Z   ---
verificar · typecheck · unit · build · audit	Pruebas unitarias (domain, api)	2026-09-24T08:32:44.7397325Z   duration_ms: 0.466714
verificar · typecheck · unit · build · audit	Pruebas unitarias (domain, api)	2026-09-24T08:32:44.7397920Z   type: 'test'
verificar · typecheck · unit · build · audit	Pruebas unitarias (domain, api)	2026-09-24T08:32:44.7398460Z   ...
verificar · typecheck · unit · build · audit	Pruebas unitarias (domain, api)	2026-09-24T08:32:44.7399549Z # Subtest: REG-06-155 · sin regla declarada no hay conversión: no se inventa un factor
verificar · typecheck · unit · build · audit	Pruebas unitarias (domain, api)	2026-09-24T08:32:44.7401026Z ok 168 - REG-06-155 · sin regla declarada no hay conversión: no se inventa un factor
verificar · typecheck · unit · build · audit	Pruebas unitarias (domain, api)	2026-09-24T08:32:44.7402189Z   ---
verificar · typecheck · unit · build · audit	Pruebas unitarias (domain, api)	2026-09-24T08:32:44.7402752Z   duration_ms: 0.607689
verificar · typecheck · unit · build · audit	Pruebas unitarias (domain, api)	2026-09-24T08:32:44.7403345Z   type: 'test'
verificar · typecheck · unit · build · audit	Pruebas unitarias (domain, api)	2026-09-24T08:32:44.7403885Z   ...
verificar · typecheck · unit · build · audit	Pruebas unitarias (domain, api)	2026-09-24T08:32:44.7404959Z # Subtest: REG-06-158 · la precisión y el redondeo son declarados, no implícitos
verificar · typecheck · unit · build · audit	Pruebas unitarias (domain, api)	2026-09-24T08:32:44.7406374Z ok 169 - REG-06-158 · la precisión y el redondeo son declarados, no implícitos
verificar · typecheck · unit · build · audit	Pruebas unitarias (domain, api)	2026-09-24T08:32:44.7407342Z   ---
verificar · typecheck · unit · build · audit	Pruebas unitarias (domain, api)	2026-09-24T08:32:44.7407920Z   duration_ms: 0.677941
verificar · typecheck · unit · build · audit	Pruebas unitarias (domain, api)	2026-09-24T08:32:44.7408519Z   type: 'test'
verificar · typecheck · unit · build · audit	Pruebas unitarias (domain, api)	2026-09-24T08:32:44.7409055Z   ...
verificar · typecheck · unit · build · audit	Pruebas unitarias (domain, api)	2026-09-24T08:32:44.7410403Z # Subtest: REG-06-159 e INV-06-170 · la dependencia es explícita: se resuelve por identificador, nunca por nombre
verificar · typecheck · unit · build · audit	Pruebas unitarias (domain, api)	2026-09-24T08:32:44.7412819Z ok 170 - REG-06-159 e INV-06-170 · la dependencia es explícita: se resuelve por identificador, nunca por nombre
verificar · typecheck · unit · build · audit	Pruebas unitarias (domain, api)	2026-09-24T08:32:44.7413885Z   ---
verificar · typecheck · unit · build · audit	Pruebas unitarias (domain, api)	2026-09-24T08:32:44.7471864Z   duration_ms: 0.366226
verificar · typecheck · unit · build · audit	Pruebas unitarias (domain, api)	2026-09-24T08:32:44.7505222Z   type: 'test'
verificar · typecheck · unit · build · audit	Pruebas unitarias (domain, api)	2026-09-24T08:32:44.7505882Z   ...
verificar · typecheck · unit · build · audit	Pruebas unitarias (domain, api)	2026-09-24T08:32:44.7507458Z # Subtest: TEST-ANT-008 · un input anulado obliga a reevaluar dependencias, y sin reemplazo no se inventa sucesor
verificar · typecheck · unit · build · audit	Pruebas unitarias (domain, api)	2026-09-24T08:32:44.7509505Z ok 171 - TEST-ANT-008 · un input anulado obliga a reevaluar dependencias, y sin reemplazo no se inventa sucesor
verificar · typecheck · unit · build · audit	Pruebas unitarias (domain, api)	2026-09-24T08:32:44.7510605Z   ---
verificar · typecheck · unit · build · audit	Pruebas unitarias (domain, api)	2026-09-24T08:32:44.7511152Z   duration_ms: 0.440325
verificar · typecheck · unit · build · audit	Pruebas unitarias (domain, api)	2026-09-24T08:32:44.7512075Z   type: 'test'
verificar · typecheck · unit · build · audit	Pruebas unitarias (domain, api)	2026-09-24T08:32:44.7512653Z   ...
verificar · typecheck · unit · build · audit	Pruebas unitarias (domain, api)	2026-09-24T08:32:44.7514088Z # Subtest: REG-06-162/163/164 · solo se compara lo compatible, y la diferencia se nombra en vez de convertirse sola
verificar · typecheck · unit · build · audit	Pruebas unitarias (domain, api)	2026-09-24T08:32:44.7516131Z ok 172 - REG-06-162/163/164 · solo se compara lo compatible, y la diferencia se nombra en vez de convertirse sola
verificar · typecheck · unit · build · audit	Pruebas unitarias (domain, api)	2026-09-24T08:32:44.7517329Z   ---
verificar · typecheck · unit · build · audit	Pruebas unitarias (domain, api)	2026-09-24T08:32:44.7517966Z   duration_ms: 0.283362
verificar · typecheck · unit · build · audit	Pruebas unitarias (domain, api)	2026-09-24T08:32:44.7518663Z   type: 'test'
verificar · typecheck · unit · build · audit	Pruebas unitarias (domain, api)	2026-09-24T08:32:44.7519293Z   ...
verificar · typecheck · unit · build · audit	Pruebas unitarias (domain, api)	2026-09-24T08:32:44.7520545Z # Subtest: TEST-ANT-009 · adversarial 7: SIN_DATO no se transforma en cero y no se interpola
verificar · typecheck · unit · build · audit	Pruebas unitarias (domain, api)	2026-09-24T08:32:44.7522523Z ok 173 - TEST-ANT-009 · adversarial 7: SIN_DATO no se transforma en cero y no se interpola
verificar · typecheck · unit · build · audit	Pruebas unitarias (domain, api)	2026-09-24T08:32:44.7523620Z   ---
verificar · typecheck · unit · build · audit	Pruebas unitarias (domain, api)	2026-09-24T08:32:44.7524280Z   duration_ms: 0.514925
verificar · typecheck · unit · build · audit	Pruebas unitarias (domain, api)	2026-09-24T08:32:44.7524970Z   type: 'test'
verificar · typecheck · unit · build · audit	Pruebas unitarias (domain, api)	2026-09-24T08:32:44.7525604Z   ...
verificar · typecheck · unit · build · audit	Pruebas unitarias (domain, api)	2026-09-24T08:32:44.7526760Z # Subtest: INV-06-176 · un cero medido es un punto REGISTRADO, no un hueco
verificar · typecheck · unit · build · audit	Pruebas unitarias (domain, api)	2026-09-24T08:32:44.7528194Z ok 174 - INV-06-176 · un cero medido es un punto REGISTRADO, no un hueco
verificar · typecheck · unit · build · audit	Pruebas unitarias (domain, api)	2026-09-24T08:32:44.7529124Z   ---
verificar · typecheck · unit · build · audit	Pruebas unitarias (domain, api)	2026-09-24T08:32:44.7529768Z   duration_ms: 0.285214
verificar · typecheck · unit · build · audit	Pruebas unitarias (domain, api)	2026-09-24T08:32:44.7530460Z   type: 'test'
verificar · typecheck · unit · build · audit	Pruebas unitarias (domain, api)	2026-09-24T08:32:44.7531056Z   ...
verificar · typecheck · unit · build · audit	Pruebas unitarias (domain, api)	2026-09-24T08:32:44.7532520Z # Subtest: REG-06-221 · una medición anulada no aporta un punto registrado a la serie
verificar · typecheck · unit · build · audit	Pruebas unitarias (domain, api)	2026-09-24T08:32:44.7534181Z ok 175 - REG-06-221 · una medición anulada no aporta un punto registrado a la serie
verificar · typecheck · unit · build · audit	Pruebas unitarias (domain, api)	2026-09-24T08:32:44.7535113Z   ---
verificar · typecheck · unit · build · audit	Pruebas unitarias (domain, api)	2026-09-24T08:32:44.7535683Z   duration_ms: 0.204253
verificar · typecheck · unit · build · audit	Pruebas unitarias (domain, api)	2026-09-24T08:32:44.7536296Z   type: 'test'
verificar · typecheck · unit · build · audit	Pruebas unitarias (domain, api)	2026-09-24T08:32:44.7536845Z   ...
verificar · typecheck · unit · build · audit	Pruebas unitarias (domain, api)	2026-09-24T08:32:44.7538055Z # Subtest: TEST-ANT-010 · lo no comparable se conserva y se marca: no forma línea continua
verificar · typecheck · unit · build · audit	Pruebas unitarias (domain, api)	2026-09-24T08:32:44.7539695Z ok 176 - TEST-ANT-010 · lo no comparable se conserva y se marca: no forma línea continua
verificar · typecheck · unit · build · audit	Pruebas unitarias (domain, api)	2026-09-24T08:32:44.7540687Z   ---
verificar · typecheck · unit · build · audit	Pruebas unitarias (domain, api)	2026-09-24T08:32:44.7542058Z   duration_ms: 0.208751
verificar · typecheck · unit · build · audit	Pruebas unitarias (domain, api)	2026-09-24T08:32:44.7542686Z   type: 'test'
verificar · typecheck · unit · build · audit	Pruebas unitarias (domain, api)	2026-09-24T08:32:44.7543289Z   ...
verificar · typecheck · unit · build · audit	Pruebas unitarias (domain, api)	2026-09-24T08:32:44.7544314Z # Subtest: INV-06-178 · cada punto conserva su clase y su origen
verificar · typecheck · unit · build · audit	Pruebas unitarias (domain, api)	2026-09-24T08:32:44.7545673Z ok 177 - INV-06-178 · cada punto conserva su clase y su origen
verificar · typecheck · unit · build · audit	Pruebas unitarias (domain, api)	2026-09-24T08:32:44.7546525Z   ---
verificar · typecheck · unit · build · audit	Pruebas unitarias (domain, api)	2026-09-24T08:32:44.7547170Z   duration_ms: 0.182422
verificar · typecheck · unit · build · audit	Pruebas unitarias (domain, api)	2026-09-24T08:32:44.7547810Z   type: 'test'
verificar · typecheck · unit · build · audit	Pruebas unitarias (domain, api)	2026-09-24T08:32:44.7548358Z   ...
verificar · typecheck · unit · build · audit	Pruebas unitarias (domain, api)	2026-09-24T08:32:44.7549625Z # Subtest: REG-06-165 · la serie devuelve un punto por checkpoint pedido, ni más ni menos
verificar · typecheck · unit · build · audit	Pruebas unitarias (domain, api)	2026-09-24T08:32:44.7551566Z ok 178 - REG-06-165 · la serie devuelve un punto por checkpoint pedido, ni más ni menos
verificar · typecheck · unit · build · audit	Pruebas unitarias (domain, api)	2026-09-24T08:32:44.7552658Z   ---
verificar · typecheck · unit · build · audit	Pruebas unitarias (domain, api)	2026-09-24T08:32:44.7553271Z   duration_ms: 0.255089
verificar · typecheck · unit · build · audit	Pruebas unitarias (domain, api)	2026-09-24T08:32:44.7553942Z   type: 'test'
verificar · typecheck · unit · build · audit	Pruebas unitarias (domain, api)	2026-09-24T08:32:44.7554559Z   ...
verificar · typecheck · unit · build · audit	Pruebas unitarias (domain, api)	2026-09-24T08:32:44.7555798Z # Subtest: REG-06-167 · la serie filtra por métrica: otra métrica no contamina el punto
verificar · typecheck · unit · build · audit	Pruebas unitarias (domain, api)	2026-09-24T08:32:44.7557403Z ok 179 - REG-06-167 · la serie filtra por métrica: otra métrica no contamina el punto
verificar · typecheck · unit · build · audit	Pruebas unitarias (domain, api)	2026-09-24T08:32:44.7558412Z   ---
verificar · typecheck · unit · build · audit	Pruebas unitarias (domain, api)	2026-09-24T08:32:44.7559011Z   duration_ms: 0.16531
verificar · typecheck · unit · build · audit	Pruebas unitarias (domain, api)	2026-09-24T08:32:44.7559664Z   type: 'test'
verificar · typecheck · unit · build · audit	Pruebas unitarias (domain, api)	2026-09-24T08:32:44.7560296Z   ...
verificar · typecheck · unit · build · audit	Pruebas unitarias (domain, api)	2026-09-24T08:32:44.7561875Z # Subtest: INV-06-177 · un hueco de la serie no tiene dónde poner un valor: el contrato lo rechaza
verificar · typecheck · unit · build · audit	Pruebas unitarias (domain, api)	2026-09-24T08:32:44.7563992Z ok 180 - INV-06-177 · un hueco de la serie no tiene dónde poner un valor: el contrato lo rechaza
verificar · typecheck · unit · build · audit	Pruebas unitarias (domain, api)	2026-09-24T08:32:44.7565216Z   ---
verificar · typecheck · unit · build · audit	Pruebas unitarias (domain, api)	2026-09-24T08:32:44.7565934Z   duration_ms: 128.574557
verificar · typecheck · unit · build · audit	Pruebas unitarias (domain, api)	2026-09-24T08:32:44.7566695Z   type: 'test'
verificar · typecheck · unit · build · audit	Pruebas unitarias (domain, api)	2026-09-24T08:32:44.7567353Z   ...
verificar · typecheck · unit · build · audit	Pruebas unitarias (domain, api)	2026-09-24T08:32:44.7568559Z # Subtest: INV-06-176 · un cero medido sí viaja, como punto de la serie
verificar · typecheck · unit · build · audit	Pruebas unitarias (domain, api)	2026-09-24T08:32:44.7570161Z ok 181 - INV-06-176 · un cero medido sí viaja, como punto de la serie
verificar · typecheck · unit · build · audit	Pruebas unitarias (domain, api)	2026-09-24T08:32:44.7571190Z   ---
verificar · typecheck · unit · build · audit	Pruebas unitarias (domain, api)	2026-09-24T08:32:44.7572175Z   duration_ms: 2.892661
verificar · typecheck · unit · build · audit	Pruebas unitarias (domain, api)	2026-09-24T08:32:44.7572984Z   type: 'test'
verificar · typecheck · unit · build · audit	Pruebas unitarias (domain, api)	2026-09-24T08:32:44.7573718Z   ...
verificar · typecheck · unit · build · audit	Pruebas unitarias (domain, api)	2026-09-24T08:32:44.7575473Z # Subtest: DL-062 · INV-06-167: la referencia de preparación solo corresponde a la importación controlada, y es opaca
verificar · typecheck · unit · build · audit	Pruebas unitarias (domain, api)	2026-09-24T08:32:44.7577985Z ok 182 - DL-062 · INV-06-167: la referencia de preparación solo corresponde a la importación controlada, y es opaca
verificar · typecheck · unit · build · audit	Pruebas unitarias (domain, api)	2026-09-24T08:32:44.7579392Z   ---
verificar · typecheck · unit · build · audit	Pruebas unitarias (domain, api)	2026-09-24T08:32:44.7580139Z   duration_ms: 1.458112
verificar · typecheck · unit · build · audit	Pruebas unitarias (domain, api)	2026-09-24T08:32:44.7580885Z   type: 'test'
verificar · typecheck · unit · build · audit	Pruebas unitarias (domain, api)	2026-09-24T08:32:44.7581794Z   ...
verificar · typecheck · unit · build · audit	Pruebas unitarias (domain, api)	2026-09-24T08:32:44.7583711Z # Subtest: TEST-PRJ-009 · ningún schema de antropometría ni de cálculo tiene puntaje, porcentaje ni calificación
verificar · typecheck · unit · build · audit	Pruebas unitarias (domain, api)	2026-09-24T08:32:44.7585996Z ok 183 - TEST-PRJ-009 · ningún schema de antropometría ni de cálculo tiene puntaje, porcentaje ni calificación
verificar · typecheck · unit · build · audit	Pruebas unitarias (domain, api)	2026-09-24T08:32:44.7587309Z   ---
verificar · typecheck · unit · build · audit	Pruebas unitarias (domain, api)	2026-09-24T08:32:44.7587996Z   duration_ms: 45.958167
verificar · typecheck · unit · build · audit	Pruebas unitarias (domain, api)	2026-09-24T08:32:44.7588675Z   type: 'test'
verificar · typecheck · unit · build · audit	Pruebas unitarias (domain, api)	2026-09-24T08:32:44.7589443Z   ...
verificar · typecheck · unit · build · audit	Pruebas unitarias (domain, api)	2026-09-24T08:32:44.7591627Z # Subtest: TEST-PRJ-009 · el control de cero juicio detecta un campo prohibido, también dentro del schema de la evolución
verificar · typecheck · unit · build · audit	Pruebas unitarias (domain, api)	2026-09-24T08:32:44.7597123Z ok 184 - TEST-PRJ-009 · el control de cero juicio detecta un campo prohibido, también dentro del schema de la evolución
verificar · typecheck · unit · build · audit	Pruebas unitarias (domain, api)	2026-09-24T08:32:44.7598415Z   ---
verificar · typecheck · unit · build · audit	Pruebas unitarias (domain, api)	2026-09-24T08:32:44.7599049Z   duration_ms: 0.861254
verificar · typecheck · unit · build · audit	Pruebas unitarias (domain, api)	2026-09-24T08:32:44.7599692Z   type: 'test'
verificar · typecheck · unit · build · audit	Pruebas unitarias (domain, api)	2026-09-24T08:32:44.7600317Z   ...
verificar · typecheck · unit · build · audit	Pruebas unitarias (domain, api)	2026-09-24T08:32:44.7601890Z # Subtest: WP-05 §4 · el OpenAPI publica las doce operaciones ANT en las rutas que declara el 09
verificar · typecheck · unit · build · audit	Pruebas unitarias (domain, api)	2026-09-24T08:32:44.7603682Z ok 185 - WP-05 §4 · el OpenAPI publica las doce operaciones ANT en las rutas que declara el 09
verificar · typecheck · unit · build · audit	Pruebas unitarias (domain, api)	2026-09-24T08:32:44.7604780Z   ---
verificar · typecheck · unit · build · audit	Pruebas unitarias (domain, api)	2026-09-24T08:32:44.7605408Z   duration_ms: 19.09318
verificar · typecheck · unit · build · audit	Pruebas unitarias (domain, api)	2026-09-24T08:32:44.7606101Z   type: 'test'
verificar · typecheck · unit · build · audit	Pruebas unitarias (domain, api)	2026-09-24T08:32:44.7606829Z   ...
verificar · typecheck · unit · build · audit	Pruebas unitarias (domain, api)	2026-09-24T08:32:44.7608192Z # Subtest: T13 · el copy de antropometría no dice diagnóstico, ni completa huecos, ni califica el cuerpo
verificar · typecheck · unit · build · audit	Pruebas unitarias (domain, api)	2026-09-24T08:32:44.7609993Z ok 186 - T13 · el copy de antropometría no dice diagnóstico, ni completa huecos, ni califica el cuerpo
verificar · typecheck · unit · build · audit	Pruebas unitarias (domain, api)	2026-09-24T08:32:44.7611559Z   ---
verificar · typecheck · unit · build · audit	Pruebas unitarias (domain, api)	2026-09-24T08:32:44.7612221Z   duration_ms: 4.778615
verificar · typecheck · unit · build · audit	Pruebas unitarias (domain, api)	2026-09-24T08:32:44.7612931Z   type: 'test'
verificar · typecheck · unit · build · audit	Pruebas unitarias (domain, api)	2026-09-24T08:32:44.7613561Z   ...
verificar · typecheck · unit · build · audit	Pruebas unitarias (domain, api)	2026-09-24T08:32:44.7614876Z # Subtest: 08 §56.12 · el copy de anular explicita que preserva la historia y no habla de borrar
verificar · typecheck · unit · build · audit	Pruebas unitarias (domain, api)	2026-09-24T08:32:44.7616646Z ok 187 - 08 §56.12 · el copy de anular explicita que preserva la historia y no habla de borrar
verificar · typecheck · unit · build · audit	Pruebas unitarias (domain, api)	2026-09-24T08:32:44.7617730Z   ---
verificar · typecheck · unit · build · audit	Pruebas unitarias (domain, api)	2026-09-24T08:32:44.7618337Z   duration_ms: 0.493565
verificar · typecheck · unit · build · audit	Pruebas unitarias (domain, api)	2026-09-24T08:32:44.7619010Z   type: 'test'
verificar · typecheck · unit · build · audit	Pruebas unitarias (domain, api)	2026-09-24T08:32:44.7619667Z   ...
verificar · typecheck · unit · build · audit	Pruebas unitarias (domain, api)	2026-09-24T08:32:44.7620991Z # Subtest: RF-048 · decir que algo NO es un diagnóstico no es lo mismo que presentarlo como tal
verificar · typecheck · unit · build · audit	Pruebas unitarias (domain, api)	2026-09-24T08:32:44.7623091Z ok 188 - RF-048 · decir que algo NO es un diagnóstico no es lo mismo que presentarlo como tal
verificar · typecheck · unit · build · audit	Pruebas unitarias (domain, api)	2026-09-24T08:32:44.7624183Z   ---
verificar · typecheck · unit · build · audit	Pruebas unitarias (domain, api)	2026-09-24T08:32:44.7624816Z   duration_ms: 0.328035
verificar · typecheck · unit · build · audit	Pruebas unitarias (domain, api)	2026-09-24T08:32:44.7625482Z   type: 'test'
verificar · typecheck · unit · build · audit	Pruebas unitarias (domain, api)	2026-09-24T08:32:44.7626076Z   ...
verificar · typecheck · unit · build · audit	Pruebas unitarias (domain, api)	2026-09-24T08:32:44.7627471Z # Subtest: DL-072 · REG-06-203: la especificación declara su estado, y solo admite vigente o histórica
verificar · typecheck · unit · build · audit	Pruebas unitarias (domain, api)	2026-09-24T08:32:44.7629352Z ok 189 - DL-072 · REG-06-203: la especificación declara su estado, y solo admite vigente o histórica
verificar · typecheck · unit · build · audit	Pruebas unitarias (domain, api)	2026-09-24T08:32:44.7630524Z   ---
verificar · typecheck · unit · build · audit	Pruebas unitarias (domain, api)	2026-09-24T08:32:44.7631116Z   duration_ms: 1.639362
verificar · typecheck · unit · build · audit	Pruebas unitarias (domain, api)	2026-09-24T08:32:44.7632369Z   type: 'test'
verificar · typecheck · unit · build · audit	Pruebas unitarias (domain, api)	2026-09-24T08:32:44.7632962Z   ...
verificar · typecheck · unit · build · audit	Pruebas unitarias (domain, api)	2026-09-24T08:32:44.7634581Z # Subtest: TEST-TRN-002 · la ejecución registrada es terminal: no existe transición que la devuelva a borrador (06:5221)
verificar · typecheck · unit · build · audit	Pruebas unitarias (domain, api)	2026-09-24T08:32:44.7636812Z ok 190 - TEST-TRN-002 · la ejecución registrada es terminal: no existe transición que la devuelva a borrador (06:5221)
verificar · typecheck · unit · build · audit	Pruebas unitarias (domain, api)	2026-09-24T08:32:44.7638030Z   ---
verificar · typecheck · unit · build · audit	Pruebas unitarias (domain, api)	2026-09-24T08:32:44.7638632Z   duration_ms: 4.132334
verificar · typecheck · unit · build · audit	Pruebas unitarias (domain, api)	2026-09-24T08:32:44.7639301Z   type: 'test'
verificar · typecheck · unit · build · audit	Pruebas unitarias (domain, api)	2026-09-24T08:32:44.7639933Z   ...
verificar · typecheck · unit · build · audit	Pruebas unitarias (domain, api)	2026-09-24T08:32:44.7641765Z # Subtest: TEST-TRN-002 · confirmar exige contenido mínimo coherente; el borrador se guarda sin exigirlo (06:5217-5219)
verificar · typecheck · unit · build · audit	Pruebas unitarias (domain, api)	2026-09-24T08:32:44.7644058Z ok 191 - TEST-TRN-002 · confirmar exige contenido mínimo coherente; el borrador se guarda sin exigirlo (06:5217-5219)
verificar · typecheck · unit · build · audit	Pruebas unitarias (domain, api)	2026-09-24T08:32:44.7645351Z   ---
verificar · typecheck · unit · build · audit	Pruebas unitarias (domain, api)	2026-09-24T08:32:44.7645956Z   duration_ms: 0.315902
verificar · typecheck · unit · build · audit	Pruebas unitarias (domain, api)	2026-09-24T08:32:44.7646642Z   type: 'test'
verificar · typecheck · unit · build · audit	Pruebas unitarias (domain, api)	2026-09-24T08:32:44.7647307Z   ...
verificar · typecheck · unit · build · audit	Pruebas unitarias (domain, api)	2026-09-24T08:32:44.7648640Z # Subtest: INV-06-121 · el borrador de ejecución no nace sin sesión y versión identificables
verificar · typecheck · unit · build · audit	Pruebas unitarias (domain, api)	2026-09-24T08:32:44.7650410Z ok 192 - INV-06-121 · el borrador de ejecución no nace sin sesión y versión identificables
verificar · typecheck · unit · build · audit	Pruebas unitarias (domain, api)	2026-09-24T08:32:44.7651700Z   ---
verificar · typecheck · unit · build · audit	Pruebas unitarias (domain, api)	2026-09-24T08:32:44.7652349Z   duration_ms: 0.19776
verificar · typecheck · unit · build · audit	Pruebas unitarias (domain, api)	2026-09-24T08:32:44.7653052Z   type: 'test'
verificar · typecheck · unit · build · audit	Pruebas unitarias (domain, api)	2026-09-24T08:32:44.7653690Z   ...
verificar · typecheck · unit · build · audit	Pruebas unitarias (domain, api)	2026-09-24T08:32:44.7655145Z # Subtest: 06:5149-5162 · la versión de plan tiene exactamente dos estados, y VALIDADO no es uno
verificar · typecheck · unit · build · audit	Pruebas unitarias (domain, api)	2026-09-24T08:32:44.7656974Z ok 193 - 06:5149-5162 · la versión de plan tiene exactamente dos estados, y VALIDADO no es uno
verificar · typecheck · unit · build · audit	Pruebas unitarias (domain, api)	2026-09-24T08:32:44.7658084Z   ---
verificar · typecheck · unit · build · audit	Pruebas unitarias (domain, api)	2026-09-24T08:32:44.7658762Z   duration_ms: 0.349364
verificar · typecheck · unit · build · audit	Pruebas unitarias (domain, api)	2026-09-24T08:32:44.7659467Z   type: 'test'
verificar · typecheck · unit · build · audit	Pruebas unitarias (domain, api)	2026-09-24T08:32:44.7660136Z   ...
verificar · typecheck · unit · build · audit	Pruebas unitarias (domain, api)	2026-09-24T08:32:44.7662584Z # Subtest: INV-06-109 · no existe transición que edite una versión ACTIVADA ni que la devuelva a BORRADOR (06:4307)
verificar · typecheck · unit · build · audit	Pruebas unitarias (domain, api)	2026-09-24T08:32:44.7664708Z ok 194 - INV-06-109 · no existe transición que edite una versión ACTIVADA ni que la devuelva a BORRADOR (06:4307)
verificar · typecheck · unit · build · audit	Pruebas unitarias (domain, api)	2026-09-24T08:32:44.7665961Z   ---
verificar · typecheck · unit · build · audit	Pruebas unitarias (domain, api)	2026-09-24T08:32:44.7666605Z   duration_ms: 0.306925
verificar · typecheck · unit · build · audit	Pruebas unitarias (domain, api)	2026-09-24T08:32:44.7667309Z   type: 'test'
verificar · typecheck · unit · build · audit	Pruebas unitarias (domain, api)	2026-09-24T08:32:44.7667956Z   ...
verificar · typecheck · unit · build · audit	Pruebas unitarias (domain, api)	2026-09-24T08:32:44.7669322Z # Subtest: REG-06-104 · «si no puede preservarse la instantánea, el plan no se activa» (05:8878)
verificar · typecheck · unit · build · audit	Pruebas unitarias (domain, api)	2026-09-24T08:32:44.7671178Z ok 195 - REG-06-104 · «si no puede preservarse la instantánea, el plan no se activa» (05:8878)
verificar · typecheck · unit · build · audit	Pruebas unitarias (domain, api)	2026-09-24T08:32:44.7672539Z   ---
verificar · typecheck · unit · build · audit	Pruebas unitarias (domain, api)	2026-09-24T08:32:44.7673173Z   duration_ms: 0.212879
verificar · typecheck · unit · build · audit	Pruebas unitarias (domain, api)	2026-09-24T08:32:44.7673843Z   type: 'test'
verificar · typecheck · unit · build · audit	Pruebas unitarias (domain, api)	2026-09-24T08:32:44.7674451Z   ...
verificar · typecheck · unit · build · audit	Pruebas unitarias (domain, api)	2026-09-24T08:32:44.7676167Z # Subtest: TEST-TRN-006 · REG-06-128: el criterio es exactamente uno de los dos, y puede no declararse
verificar · typecheck · unit · build · audit	Pruebas unitarias (domain, api)	2026-09-24T08:32:44.7678119Z ok 196 - TEST-TRN-006 · REG-06-128: el criterio es exactamente uno de los dos, y puede no declararse
verificar · typecheck · unit · build · audit	Pruebas unitarias (domain, api)	2026-09-24T08:32:44.7679287Z   ---
verificar · typecheck · unit · build · audit	Pruebas unitarias (domain, api)	2026-09-24T08:32:44.7679930Z   duration_ms: 0.368521
verificar · typecheck · unit · build · audit	Pruebas unitarias (domain, api)	2026-09-24T08:32:44.7680921Z   type: 'test'
verificar · typecheck · unit · build · audit	Pruebas unitarias (domain, api)	2026-09-24T08:32:44.7681784Z   ...
verificar · typecheck · unit · build · audit	Pruebas unitarias (domain, api)	2026-09-24T08:32:44.7683332Z # Subtest: TEST-TRN-006 · REG-06-129: el esfuerzo percibido no es un tercer criterio, es dato de la ejecución
verificar · typecheck · unit · build · audit	Pruebas unitarias (domain, api)	2026-09-24T08:32:44.7685163Z ok 197 - TEST-TRN-006 · REG-06-129: el esfuerzo percibido no es un tercer criterio, es dato de la ejecución
verificar · typecheck · unit · build · audit	Pruebas unitarias (domain, api)	2026-09-24T08:32:44.7686275Z   ---
verificar · typecheck · unit · build · audit	Pruebas unitarias (domain, api)	2026-09-24T08:32:44.7686876Z   duration_ms: 0.20264
verificar · typecheck · unit · build · audit	Pruebas unitarias (domain, api)	2026-09-24T08:32:44.7687553Z   type: 'test'
verificar · typecheck · unit · build · audit	Pruebas unitarias (domain, api)	2026-09-24T08:32:44.7688211Z   ...
verificar · typecheck · unit · build · audit	Pruebas unitarias (domain, api)	2026-09-24T08:32:44.7689693Z # Subtest: REG-06-129 · no hay conversión automática entre criterios: el dominio no expone ninguna (06:5431)
verificar · typecheck · unit · build · audit	Pruebas unitarias (domain, api)	2026-09-24T08:32:44.7691993Z ok 198 - REG-06-129 · no hay conversión automática entre criterios: el dominio no expone ninguna (06:5431)
verificar · typecheck · unit · build · audit	Pruebas unitarias (domain, api)	2026-09-24T08:32:44.7693201Z   ---
verificar · typecheck · unit · build · audit	Pruebas unitarias (domain, api)	2026-09-24T08:32:44.7693850Z   duration_ms: 0.489657
verificar · typecheck · unit · build · audit	Pruebas unitarias (domain, api)	2026-09-24T08:32:44.7694571Z   type: 'test'
verificar · typecheck · unit · build · audit	Pruebas unitarias (domain, api)	2026-09-24T08:32:44.7695224Z   ...
verificar · typecheck · unit · build · audit	Pruebas unitarias (domain, api)	2026-09-24T08:32:44.7696674Z # Subtest: TEST-TRN-004 · REG-06-131: la ausencia de registro produce SIN_REGISTRO, que no es una condición
verificar · typecheck · unit · build · audit	Pruebas unitarias (domain, api)	2026-09-24T08:32:44.7698726Z ok 199 - TEST-TRN-004 · REG-06-131: la ausencia de registro produce SIN_REGISTRO, que no es una condición
verificar · typecheck · unit · build · audit	Pruebas unitarias (domain, api)	2026-09-24T08:32:44.7699986Z   ---
verificar · typecheck · unit · build · audit	Pruebas unitarias (domain, api)	2026-09-24T08:32:44.7700613Z   duration_ms: 0.428653
verificar · typecheck · unit · build · audit	Pruebas unitarias (domain, api)	2026-09-24T08:32:44.7701571Z   type: 'test'
verificar · typecheck · unit · build · audit	Pruebas unitarias (domain, api)	2026-09-24T08:32:44.7702255Z   ...
verificar · typecheck · unit · build · audit	Pruebas unitarias (domain, api)	2026-09-24T08:32:44.7703655Z # Subtest: INV-06-141 · la condición de sesión es un conjunto cerrado de exactamente tres valores
verificar · typecheck · unit · build · audit	Pruebas unitarias (domain, api)	2026-09-24T08:32:44.7705522Z ok 200 - INV-06-141 · la condición de sesión es un conjunto cerrado de exactamente tres valores
verificar · typecheck · unit · build · audit	Pruebas unitarias (domain, api)	2026-09-24T08:32:44.7706651Z   ---
verificar · typecheck · unit · build · audit	Pruebas unitarias (domain, api)	2026-09-24T08:32:44.7707418Z   duration_ms: 0.196138
verificar · typecheck · unit · build · audit	Pruebas unitarias (domain, api)	2026-09-24T08:32:44.7708154Z   type: 'test'
verificar · typecheck · unit · build · audit	Pruebas unitarias (domain, api)	2026-09-24T08:32:44.7708804Z   ...
verificar · typecheck · unit · build · audit	Pruebas unitarias (domain, api)	2026-09-24T08:32:44.7710158Z # Subtest: TEST-TRN-003 · REG-06-130: sustituir conserva prescripto y realizado, y no es un error
verificar · typecheck · unit · build · audit	Pruebas unitarias (domain, api)	2026-09-24T08:32:44.7712299Z ok 201 - TEST-TRN-003 · REG-06-130: sustituir conserva prescripto y realizado, y no es un error
verificar · typecheck · unit · build · audit	Pruebas unitarias (domain, api)	2026-09-24T08:32:44.7713436Z   ---
verificar · typecheck · unit · build · audit	Pruebas unitarias (domain, api)	2026-09-24T08:32:44.7714094Z   duration_ms: 0.194966
verificar · typecheck · unit · build · audit	Pruebas unitarias (domain, api)	2026-09-24T08:32:44.7714822Z   type: 'test'
verificar · typecheck · unit · build · audit	Pruebas unitarias (domain, api)	2026-09-24T08:32:44.7715447Z   ...
verificar · typecheck · unit · build · audit	Pruebas unitarias (domain, api)	2026-09-24T08:32:44.7716865Z # Subtest: INV-06-152 · si hay carga registrada tiene que haber unidad; los demás campos son opcionales
verificar · typecheck · unit · build · audit	Pruebas unitarias (domain, api)	2026-09-24T08:32:44.7718828Z ok 202 - INV-06-152 · si hay carga registrada tiene que haber unidad; los demás campos son opcionales
verificar · typecheck · unit · build · audit	Pruebas unitarias (domain, api)	2026-09-24T08:32:44.7720000Z   ---
verificar · typecheck · unit · build · audit	Pruebas unitarias (domain, api)	2026-09-24T08:32:44.7720648Z   duration_ms: 0.231324
verificar · typecheck · unit · build · audit	Pruebas unitarias (domain, api)	2026-09-24T08:32:44.7721640Z   type: 'test'
verificar · typecheck · unit · build · audit	Pruebas unitarias (domain, api)	2026-09-24T08:32:44.7722236Z   ...
verificar · typecheck · unit · build · audit	Pruebas unitarias (domain, api)	2026-09-24T08:32:44.7723477Z # Subtest: REG-06-132 · las dos granularidades son un conjunto cerrado, y se conserva cuál se usó
verificar · typecheck · unit · build · audit	Pruebas unitarias (domain, api)	2026-09-24T08:32:44.7725240Z ok 203 - REG-06-132 · las dos granularidades son un conjunto cerrado, y se conserva cuál se usó
verificar · typecheck · unit · build · audit	Pruebas unitarias (domain, api)	2026-09-24T08:32:44.7726080Z   ---
verificar · typecheck · unit · build · audit	Pruebas unitarias (domain, api)	2026-09-24T08:32:44.7726464Z   duration_ms: 0.115948
verificar · typecheck · unit · build · audit	Pruebas unitarias (domain, api)	2026-09-24T08:32:44.7726880Z   type: 'test'
verificar · typecheck · unit · build · audit	Pruebas unitarias (domain, api)	2026-09-24T08:32:44.7727245Z   ...
verificar · typecheck · unit · build · audit	Pruebas unitarias (domain, api)	2026-09-24T08:32:44.7728298Z # Subtest: REG-06-117 · la progresión mapea a AJUSTAR o SUSTITUIR; no existe el token PROGRESAR
verificar · typecheck · unit · build · audit	Pruebas unitarias (domain, api)	2026-09-24T08:32:44.7729777Z ok 204 - REG-06-117 · la progresión mapea a AJUSTAR o SUSTITUIR; no existe el token PROGRESAR
verificar · typecheck · unit · build · audit	Pruebas unitarias (domain, api)	2026-09-24T08:32:44.7730514Z   ---
verificar · typecheck · unit · build · audit	Pruebas unitarias (domain, api)	2026-09-24T08:32:44.7730846Z   duration_ms: 0.569197
verificar · typecheck · unit · build · audit	Pruebas unitarias (domain, api)	2026-09-24T08:32:44.7731444Z   type: 'test'
verificar · typecheck · unit · build · audit	Pruebas unitarias (domain, api)	2026-09-24T08:32:44.7731788Z   ...
verificar · typecheck · unit · build · audit	Pruebas unitarias (domain, api)	2026-09-24T08:32:44.7732849Z # Subtest: REG-06-115 · la ocurrencia se identifica por sesión y fecha local, no por timestamp (06:5235)
verificar · typecheck · unit · build · audit	Pruebas unitarias (domain, api)	2026-09-24T08:32:44.7734375Z ok 205 - REG-06-115 · la ocurrencia se identifica por sesión y fecha local, no por timestamp (06:5235)
verificar · typecheck · unit · build · audit	Pruebas unitarias (domain, api)	2026-09-24T08:32:44.7735446Z   ---
verificar · typecheck · unit · build · audit	Pruebas unitarias (domain, api)	2026-09-24T08:32:44.7735798Z   duration_ms: 0.159549
verificar · typecheck · unit · build · audit	Pruebas unitarias (domain, api)	2026-09-24T08:32:44.7736232Z   type: 'test'
verificar · typecheck · unit · build · audit	Pruebas unitarias (domain, api)	2026-09-24T08:32:44.7736596Z   ...
verificar · typecheck · unit · build · audit	Pruebas unitarias (domain, api)	2026-09-24T08:32:44.7737738Z # Subtest: INV-06-153 · B-08 captura, no calcula: el dominio no expone volumen, marcas ni progresiones
verificar · typecheck · unit · build · audit	Pruebas unitarias (domain, api)	2026-09-24T08:32:44.7739376Z ok 206 - INV-06-153 · B-08 captura, no calcula: el dominio no expone volumen, marcas ni progresiones
verificar · typecheck · unit · build · audit	Pruebas unitarias (domain, api)	2026-09-24T08:32:44.7740500Z   ---
verificar · typecheck · unit · build · audit	Pruebas unitarias (domain, api)	2026-09-24T08:32:44.7740881Z   duration_ms: 0.181992
verificar · typecheck · unit · build · audit	Pruebas unitarias (domain, api)	2026-09-24T08:32:44.7741569Z   type: 'test'
verificar · typecheck · unit · build · audit	Pruebas unitarias (domain, api)	2026-09-24T08:32:44.7741934Z   ...
verificar · typecheck · unit · build · audit	Pruebas unitarias (domain, api)	2026-09-24T08:32:44.7742918Z # Subtest: la ejecución y el plan son dos máquinas distintas, con terminales distintas
verificar · typecheck · unit · build · audit	Pruebas unitarias (domain, api)	2026-09-24T08:32:44.7744278Z ok 207 - la ejecución y el plan son dos máquinas distintas, con terminales distintas
verificar · typecheck · unit · build · audit	Pruebas unitarias (domain, api)	2026-09-24T08:32:44.7745065Z   ---
verificar · typecheck · unit · build · audit	Pruebas unitarias (domain, api)	2026-09-24T08:32:44.7745447Z   duration_ms: 0.130014
verificar · typecheck · unit · build · audit	Pruebas unitarias (domain, api)	2026-09-24T08:32:44.7745866Z   type: 'test'
verificar · typecheck · unit · build · audit	Pruebas unitarias (domain, api)	2026-09-24T08:32:44.7746226Z   ...
verificar · typecheck · unit · build · audit	Pruebas unitarias (domain, api)	2026-09-24T08:32:44.7747114Z # Subtest: 06 §5.7.2 — conjunto cerrado de tres estados, tokens CONV-06-02
verificar · typecheck · unit · build · audit	Pruebas unitarias (domain, api)	2026-09-24T08:32:44.7748315Z ok 208 - 06 §5.7.2 — conjunto cerrado de tres estados, tokens CONV-06-02
verificar · typecheck · unit · build · audit	Pruebas unitarias (domain, api)	2026-09-24T08:32:44.7749000Z   ---
verificar · typecheck · unit · build · audit	Pruebas unitarias (domain, api)	2026-09-24T08:32:44.7749373Z   duration_ms: 2.586617
verificar · typecheck · unit · build · audit	Pruebas unitarias (domain, api)	2026-09-24T08:32:44.7749798Z   type: 'test'
verificar · typecheck · unit · build · audit	Pruebas unitarias (domain, api)	2026-09-24T08:32:44.7750167Z   ...
verificar · typecheck · unit · build · audit	Pruebas unitarias (domain, api)	2026-09-24T08:32:44.7751672Z # Subtest: 06 §5.7.2 — inicial OPERATIVA, terminal CERRADA; solo OPERATIVA permite operar (INV-06-28)
verificar · typecheck · unit · build · audit	Pruebas unitarias (domain, api)	2026-09-24T08:32:44.7753338Z ok 209 - 06 §5.7.2 — inicial OPERATIVA, terminal CERRADA; solo OPERATIVA permite operar (INV-06-28)
verificar · typecheck · unit · build · audit	Pruebas unitarias (domain, api)	2026-09-24T08:32:44.7754167Z   ---
verificar · typecheck · unit · build · audit	Pruebas unitarias (domain, api)	2026-09-24T08:32:44.7754516Z   duration_ms: 0.348573
verificar · typecheck · unit · build · audit	Pruebas unitarias (domain, api)	2026-09-24T08:32:44.7754901Z   type: 'test'
verificar · typecheck · unit · build · audit	Pruebas unitarias (domain, api)	2026-09-24T08:32:44.7755234Z   ...
verificar · typecheck · unit · build · audit	Pruebas unitarias (domain, api)	2026-09-24T08:32:44.7755823Z # Subtest: 06 §5.7.4 — lista blanca exacta
verificar · typecheck · unit · build · audit	Pruebas unitarias (domain, api)	2026-09-24T08:32:44.7756492Z ok 210 - 06 §5.7.4 — lista blanca exacta
verificar · typecheck · unit · build · audit	Pruebas unitarias (domain, api)	2026-09-24T08:32:44.7756943Z   ---
verificar · typecheck · unit · build · audit	Pruebas unitarias (domain, api)	2026-09-24T08:32:44.7757279Z   duration_ms: 1.247849
verificar · typecheck · unit · build · audit	Pruebas unitarias (domain, api)	2026-09-24T08:32:44.7757710Z   type: 'test'
verificar · typecheck · unit · build · audit	Pruebas unitarias (domain, api)	2026-09-24T08:32:44.7758076Z   ...
verificar · typecheck · unit · build · audit	Pruebas unitarias (domain, api)	2026-09-24T08:32:44.7758984Z # Subtest: 06 §5.7.4 — toda transición no declarada está prohibida (matriz 3×3)
verificar · typecheck · unit · build · audit	Pruebas unitarias (domain, api)	2026-09-24T08:32:44.7760261Z ok 211 - 06 §5.7.4 — toda transición no declarada está prohibida (matriz 3×3)
verificar · typecheck · unit · build · audit	Pruebas unitarias (domain, api)	2026-09-24T08:32:44.7761009Z   ---
verificar · typecheck · unit · build · audit	Pruebas unitarias (domain, api)	2026-09-24T08:32:44.7761723Z   duration_ms: 0.487313
verificar · typecheck · unit · build · audit	Pruebas unitarias (domain, api)	2026-09-24T08:32:44.7762201Z   type: 'test'
verificar · typecheck · unit · build · audit	Pruebas unitarias (domain, api)	2026-09-24T08:32:44.7762584Z   ...
verificar · typecheck · unit · build · audit	Pruebas unitarias (domain, api)	2026-09-24T08:32:44.7763665Z # Subtest: SuspenderCuenta OPERATIVA → SUSPENDIDA: permitida con fundamento; revoca sesiones
verificar · typecheck · unit · build · audit	Pruebas unitarias (domain, api)	2026-09-24T08:32:44.7765244Z ok 212 - SuspenderCuenta OPERATIVA → SUSPENDIDA: permitida con fundamento; revoca sesiones
verificar · typecheck · unit · build · audit	Pruebas unitarias (domain, api)	2026-09-24T08:32:44.7766078Z   ---
verificar · typecheck · unit · build · audit	Pruebas unitarias (domain, api)	2026-09-24T08:32:44.7766458Z   duration_ms: 0.344686
verificar · typecheck · unit · build · audit	Pruebas unitarias (domain, api)	2026-09-24T08:32:44.7766891Z   type: 'test'
verificar · typecheck · unit · build · audit	Pruebas unitarias (domain, api)	2026-09-24T08:32:44.7767262Z   ...
verificar · typecheck · unit · build · audit	Pruebas unitarias (domain, api)	2026-09-24T08:32:44.7768082Z # Subtest: SuspenderCuenta: la guarda rechaza un fundamento vacío
verificar · typecheck · unit · build · audit	Pruebas unitarias (domain, api)	2026-09-24T08:32:44.7769287Z ok 213 - SuspenderCuenta: la guarda rechaza un fundamento vacío
verificar · typecheck · unit · build · audit	Pruebas unitarias (domain, api)	2026-09-24T08:32:44.7770261Z   ---
verificar · typecheck · unit · build · audit	Pruebas unitarias (domain, api)	2026-09-24T08:32:44.7770990Z   duration_ms: 0.234239
verificar · typecheck · unit · build · audit	Pruebas unitarias (domain, api)	2026-09-24T08:32:44.7771880Z   type: 'test'
verificar · typecheck · unit · build · audit	Pruebas unitarias (domain, api)	2026-09-24T08:32:44.7788630Z   ...
verificar · typecheck · unit · build · audit	Pruebas unitarias (domain, api)	2026-09-24T08:32:44.7789845Z # Subtest: RestablecerCuenta SUSPENDIDA → OPERATIVA: permitida con resolución; no concede nada más
verificar · typecheck · unit · build · audit	Pruebas unitarias (domain, api)	2026-09-24T08:32:44.7791834Z ok 214 - RestablecerCuenta SUSPENDIDA → OPERATIVA: permitida con resolución; no concede nada más
verificar · typecheck · unit · build · audit	Pruebas unitarias (domain, api)	2026-09-24T08:32:44.7792769Z   ---
verificar · typecheck · unit · build · audit	Pruebas unitarias (domain, api)	2026-09-24T08:32:44.7793163Z   duration_ms: 0.301495
verificar · typecheck · unit · build · audit	Pruebas unitarias (domain, api)	2026-09-24T08:32:44.7793607Z   type: 'test'
verificar · typecheck · unit · build · audit	Pruebas unitarias (domain, api)	2026-09-24T08:32:44.7793976Z   ...
verificar · typecheck · unit · build · audit	Pruebas unitarias (domain, api)	2026-09-24T08:32:44.7794848Z # Subtest: RestablecerCuenta: la guarda rechaza una resolución vacía
verificar · typecheck · unit · build · audit	Pruebas unitarias (domain, api)	2026-09-24T08:32:44.7796068Z ok 215 - RestablecerCuenta: la guarda rechaza una resolución vacía
verificar · typecheck · unit · build · audit	Pruebas unitarias (domain, api)	2026-09-24T08:32:44.7796763Z   ---
verificar · typecheck · unit · build · audit	Pruebas unitarias (domain, api)	2026-09-24T08:32:44.7797152Z   duration_ms: 0.200986
verificar · typecheck · unit · build · audit	Pruebas unitarias (domain, api)	2026-09-24T08:32:44.7797595Z   type: 'test'
verificar · typecheck · unit · build · audit	Pruebas unitarias (domain, api)	2026-09-24T08:32:44.7797985Z   ...
verificar · typecheck · unit · build · audit	Pruebas unitarias (domain, api)	2026-09-24T08:32:44.7799138Z # Subtest: CerrarCuenta OPERATIVA → CERRADA: permitida con las cuatro guardas; efectos del §5.8 y 08
verificar · typecheck · unit · build · audit	Pruebas unitarias (domain, api)	2026-09-24T08:32:44.7801118Z ok 216 - CerrarCuenta OPERATIVA → CERRADA: permitida con las cuatro guardas; efectos del §5.8 y 08
verificar · typecheck · unit · build · audit	Pruebas unitarias (domain, api)	2026-09-24T08:32:44.7802264Z   ---
verificar · typecheck · unit · build · audit	Pruebas unitarias (domain, api)	2026-09-24T08:32:44.7802657Z   duration_ms: 0.816961
verificar · typecheck · unit · build · audit	Pruebas unitarias (domain, api)	2026-09-24T08:32:44.7803101Z   type: 'test'
verificar · typecheck · unit · build · audit	Pruebas unitarias (domain, api)	2026-09-24T08:32:44.7803762Z   ...
verificar · typecheck · unit · build · audit	Pruebas unitarias (domain, api)	2026-09-24T08:32:44.7804658Z # Subtest: CerrarCuenta: cada guarda se evalúa como condición explícita
verificar · typecheck · unit · build · audit	Pruebas unitarias (domain, api)	2026-09-24T08:32:44.7805905Z ok 217 - CerrarCuenta: cada guarda se evalúa como condición explícita
verificar · typecheck · unit · build · audit	Pruebas unitarias (domain, api)	2026-09-24T08:32:44.7806610Z   ---
verificar · typecheck · unit · build · audit	Pruebas unitarias (domain, api)	2026-09-24T08:32:44.7806990Z   duration_ms: 0.728575
verificar · typecheck · unit · build · audit	Pruebas unitarias (domain, api)	2026-09-24T08:32:44.7807412Z   type: 'test'
verificar · typecheck · unit · build · audit	Pruebas unitarias (domain, api)	2026-09-24T08:32:44.7807800Z   ...
verificar · typecheck · unit · build · audit	Pruebas unitarias (domain, api)	2026-09-24T08:32:44.7808905Z # Subtest: SUSPENDIDA → CERRADA FALLA aunque todas las guardas del cierre se cumplan (06 §5.7.4)
verificar · typecheck · unit · build · audit	Pruebas unitarias (domain, api)	2026-09-24T08:32:44.7810475Z ok 218 - SUSPENDIDA → CERRADA FALLA aunque todas las guardas del cierre se cumplan (06 §5.7.4)
verificar · typecheck · unit · build · audit	Pruebas unitarias (domain, api)	2026-09-24T08:32:44.7811718Z   ---
verificar · typecheck · unit · build · audit	Pruebas unitarias (domain, api)	2026-09-24T08:32:44.7812121Z   duration_ms: 0.320621
verificar · typecheck · unit · build · audit	Pruebas unitarias (domain, api)	2026-09-24T08:32:44.7812552Z   type: 'test'
verificar · typecheck · unit · build · audit	Pruebas unitarias (domain, api)	2026-09-24T08:32:44.7812941Z   ...
verificar · typecheck · unit · build · audit	Pruebas unitarias (domain, api)	2026-09-24T08:32:44.7814029Z # Subtest: CERRADA no tiene salida: ninguna transición se evalúa como permitida desde CERRADA
verificar · typecheck · unit · build · audit	Pruebas unitarias (domain, api)	2026-09-24T08:32:44.7815577Z ok 219 - CERRADA no tiene salida: ninguna transición se evalúa como permitida desde CERRADA
verificar · typecheck · unit · build · audit	Pruebas unitarias (domain, api)	2026-09-24T08:32:44.7816472Z   ---
verificar · typecheck · unit · build · audit	Pruebas unitarias (domain, api)	2026-09-24T08:32:44.7816862Z   duration_ms: 0.235191
verificar · typecheck · unit · build · audit	Pruebas unitarias (domain, api)	2026-09-24T08:32:44.7817292Z   type: 'test'
verificar · typecheck · unit · build · audit	Pruebas unitarias (domain, api)	2026-09-24T08:32:44.7817655Z   ...
verificar · typecheck · unit · build · audit	Pruebas unitarias (domain, api)	2026-09-24T08:32:44.7818733Z # Subtest: Transiciones con origen equivocado se rechazan (Restablecer desde OPERATIVA, Suspender desde SUSPENDIDA)
verificar · typecheck · unit · build · audit	Pruebas unitarias (domain, api)	2026-09-24T08:32:44.7820939Z ok 220 - Transiciones con origen equivocado se rechazan (Restablecer desde OPERATIVA, Suspender desde SUSPENDIDA)
verificar · typecheck · unit · build · audit	Pruebas unitarias (domain, api)	2026-09-24T08:32:44.7822022Z   ---
verificar · typecheck · unit · build · audit	Pruebas unitarias (domain, api)	2026-09-24T08:32:44.7822361Z   duration_ms: 0.164408
verificar · typecheck · unit · build · audit	Pruebas unitarias (domain, api)	2026-09-24T08:32:44.7822741Z   type: 'test'
verificar · typecheck · unit · build · audit	Pruebas unitarias (domain, api)	2026-09-24T08:32:44.7823078Z   ...
verificar · typecheck · unit · build · audit	Pruebas unitarias (domain, api)	2026-09-24T08:32:44.7824174Z # Subtest: B10-07 §18 · lo que se mide lo declara el protocolo: nombre, familia y unidades salen de su contenido
verificar · typecheck · unit · build · audit	Pruebas unitarias (domain, api)	2026-09-24T08:32:44.7825676Z ok 221 - B10-07 §18 · lo que se mide lo declara el protocolo: nombre, familia y unidades salen de su contenido
verificar · typecheck · unit · build · audit	Pruebas unitarias (domain, api)	2026-09-24T08:32:44.7826481Z   ---
verificar · typecheck · unit · build · audit	Pruebas unitarias (domain, api)	2026-09-24T08:32:44.7826840Z   duration_ms: 5.722463
verificar · typecheck · unit · build · audit	Pruebas unitarias (domain, api)	2026-09-24T08:32:44.7827240Z   type: 'test'
verificar · typecheck · unit · build · audit	Pruebas unitarias (domain, api)	2026-09-24T08:32:44.7827586Z   ...
verificar · typecheck · unit · build · audit	Pruebas unitarias (domain, api)	2026-09-24T08:32:44.7828362Z # Subtest: un contenido que no tiene la forma esperada no declara métricas: no se supone ninguna
verificar · typecheck · unit · build · audit	Pruebas unitarias (domain, api)	2026-09-24T08:32:44.7829807Z ok 222 - un contenido que no tiene la forma esperada no declara métricas: no se supone ninguna
verificar · typecheck · unit · build · audit	Pruebas unitarias (domain, api)	2026-09-24T08:32:44.7830391Z   ---
verificar · typecheck · unit · build · audit	Pruebas unitarias (domain, api)	2026-09-24T08:32:44.7830606Z   duration_ms: 1.276842
verificar · typecheck · unit · build · audit	Pruebas unitarias (domain, api)	2026-09-24T08:32:44.7830845Z   type: 'test'
verificar · typecheck · unit · build · audit	Pruebas unitarias (domain, api)	2026-09-24T08:32:44.7831059Z   ...
verificar · typecheck · unit · build · audit	Pruebas unitarias (domain, api)	2026-09-24T08:32:44.7832290Z # Subtest: B10-07 §15 · las familias en su orden, cada una con sus métricas en el orden del protocolo
verificar · typecheck · unit · build · audit	Pruebas unitarias (domain, api)	2026-09-24T08:32:44.7833766Z ok 223 - B10-07 §15 · las familias en su orden, cada una con sus métricas en el orden del protocolo
verificar · typecheck · unit · build · audit	Pruebas unitarias (domain, api)	2026-09-24T08:32:44.7834611Z   ---
verificar · typecheck · unit · build · audit	Pruebas unitarias (domain, api)	2026-09-24T08:32:44.7834964Z   duration_ms: 0.558867
verificar · typecheck · unit · build · audit	Pruebas unitarias (domain, api)	2026-09-24T08:32:44.7835354Z   type: 'test'
verificar · typecheck · unit · build · audit	Pruebas unitarias (domain, api)	2026-09-24T08:32:44.7835689Z   ...
verificar · typecheck · unit · build · audit	Pruebas unitarias (domain, api)	2026-09-24T08:32:44.7836921Z # Subtest: B10-07 §17 · una medición va a su campo solo si el protocolo la declara en esa unidad; si no, queda fuera, tal cual
verificar · typecheck · unit · build · audit	Pruebas unitarias (domain, api)	2026-09-24T08:32:44.7838715Z ok 224 - B10-07 §17 · una medición va a su campo solo si el protocolo la declara en esa unidad; si no, queda fuera, tal cual
verificar · typecheck · unit · build · audit	Pruebas unitarias (domain, api)	2026-09-24T08:32:44.7839607Z   ---
verificar · typecheck · unit · build · audit	Pruebas unitarias (domain, api)	2026-09-24T08:32:44.7839953Z   duration_ms: 0.466314
verificar · typecheck · unit · build · audit	Pruebas unitarias (domain, api)	2026-09-24T08:32:44.7840336Z   type: 'test'
verificar · typecheck · unit · build · audit	Pruebas unitarias (domain, api)	2026-09-24T08:32:44.7840671Z   ...
verificar · typecheck · unit · build · audit	Pruebas unitarias (domain, api)	2026-09-24T08:32:44.7841837Z # Subtest: el reparto no pierde nada: la primera ocupa el campo, una repetida o sin valor queda fuera del protocolo
verificar · typecheck · unit · build · audit	Pruebas unitarias (domain, api)	2026-09-24T08:32:44.7843299Z ok 225 - el reparto no pierde nada: la primera ocupa el campo, una repetida o sin valor queda fuera del protocolo
verificar · typecheck · unit · build · audit	Pruebas unitarias (domain, api)	2026-09-24T08:32:44.7844404Z   ---
verificar · typecheck · unit · build · audit	Pruebas unitarias (domain, api)	2026-09-24T08:32:44.7844748Z   duration_ms: 0.431959
verificar · typecheck · unit · build · audit	Pruebas unitarias (domain, api)	2026-09-24T08:32:44.7845127Z   type: 'test'
verificar · typecheck · unit · build · audit	Pruebas unitarias (domain, api)	2026-09-24T08:32:44.7845508Z   ...
verificar · typecheck · unit · build · audit	Pruebas unitarias (domain, api)	2026-09-24T08:32:44.7846585Z # Subtest: la figura dibuja solo lo que el protocolo declara y tiene sitio; lo demás queda en la lista
verificar · typecheck · unit · build · audit	Pruebas unitarias (domain, api)	2026-09-24T08:32:44.7848226Z ok 226 - la figura dibuja solo lo que el protocolo declara y tiene sitio; lo demás queda en la lista
verificar · typecheck · unit · build · audit	Pruebas unitarias (domain, api)	2026-09-24T08:32:44.7849370Z   ---
verificar · typecheck · unit · build · audit	Pruebas unitarias (domain, api)	2026-09-24T08:32:44.7849759Z   duration_ms: 0.334357
verificar · typecheck · unit · build · audit	Pruebas unitarias (domain, api)	2026-09-24T08:32:44.7850208Z   type: 'test'
verificar · typecheck · unit · build · audit	Pruebas unitarias (domain, api)	2026-09-24T08:32:44.7850581Z   ...
verificar · typecheck · unit · build · audit	Pruebas unitarias (domain, api)	2026-09-24T08:32:44.7851995Z # Subtest: DL-073 · la figura ubica, nunca califica: un punto solo sabe si hay dato, nunca cuánto vale
verificar · typecheck · unit · build · audit	Pruebas unitarias (domain, api)	2026-09-24T08:32:44.7853638Z ok 227 - DL-073 · la figura ubica, nunca califica: un punto solo sabe si hay dato, nunca cuánto vale
verificar · typecheck · unit · build · audit	Pruebas unitarias (domain, api)	2026-09-24T08:32:44.7854484Z   ---
verificar · typecheck · unit · build · audit	Pruebas unitarias (domain, api)	2026-09-24T08:32:44.7854860Z   duration_ms: 0.351438
verificar · typecheck · unit · build · audit	Pruebas unitarias (domain, api)	2026-09-24T08:32:44.7855296Z   type: 'test'
verificar · typecheck · unit · build · audit	Pruebas unitarias (domain, api)	2026-09-24T08:32:44.7855676Z   ...
verificar · typecheck · unit · build · audit	Pruebas unitarias (domain, api)	2026-09-24T08:32:44.7856406Z # Subtest: cada sitio cae dentro de la figura y del lado que se dibuja
verificar · typecheck · unit · build · audit	Pruebas unitarias (domain, api)	2026-09-24T08:32:44.7857445Z ok 228 - cada sitio cae dentro de la figura y del lado que se dibuja
verificar · typecheck · unit · build · audit	Pruebas unitarias (domain, api)	2026-09-24T08:32:44.7858198Z   ---
verificar · typecheck · unit · build · audit	Pruebas unitarias (domain, api)	2026-09-24T08:32:44.7858576Z   duration_ms: 0.41093
verificar · typecheck · unit · build · audit	Pruebas unitarias (domain, api)	2026-09-24T08:32:44.7859003Z   type: 'test'
verificar · typecheck · unit · build · audit	Pruebas unitarias (domain, api)	2026-09-24T08:32:44.7859378Z   ...
verificar · typecheck · unit · build · audit	Pruebas unitarias (domain, api)	2026-09-24T08:32:44.7860074Z # Subtest: coma decimal y punto de miles, sin ceros de relleno
verificar · typecheck · unit · build · audit	Pruebas unitarias (domain, api)	2026-09-24T08:32:44.7860973Z ok 229 - coma decimal y punto de miles, sin ceros de relleno
verificar · typecheck · unit · build · audit	Pruebas unitarias (domain, api)	2026-09-24T08:32:44.7861899Z   ---
verificar · typecheck · unit · build · audit	Pruebas unitarias (domain, api)	2026-09-24T08:32:44.7862257Z   duration_ms: 1.333829
verificar · typecheck · unit · build · audit	Pruebas unitarias (domain, api)	2026-09-24T08:32:44.7862666Z   type: 'test'
verificar · typecheck · unit · build · audit	Pruebas unitarias (domain, api)	2026-09-24T08:32:44.7863031Z   ...
verificar · typecheck · unit · build · audit	Pruebas unitarias (domain, api)	2026-09-24T08:32:44.7864207Z # Subtest: REG-06-158 · mostrar no redondea en silencio: sin máximo, se ven todos los decimales del dato
verificar · typecheck · unit · build · audit	Pruebas unitarias (domain, api)	2026-09-24T08:32:44.7865892Z ok 230 - REG-06-158 · mostrar no redondea en silencio: sin máximo, se ven todos los decimales del dato
verificar · typecheck · unit · build · audit	Pruebas unitarias (domain, api)	2026-09-24T08:32:44.7866777Z   ---
verificar · typecheck · unit · build · audit	Pruebas unitarias (domain, api)	2026-09-24T08:32:44.7867169Z   duration_ms: 0.298129
verificar · typecheck · unit · build · audit	Pruebas unitarias (domain, api)	2026-09-24T08:32:44.7867599Z   type: 'test'
verificar · typecheck · unit · build · audit	Pruebas unitarias (domain, api)	2026-09-24T08:32:44.7867964Z   ...
verificar · typecheck · unit · build · audit	Pruebas unitarias (domain, api)	2026-09-24T08:32:44.7869157Z # Subtest: con un máximo explícito, a lo sumo esos decimales: para conteos y lecturas deliberadamente resumidas
verificar · typecheck · unit · build · audit	Pruebas unitarias (domain, api)	2026-09-24T08:32:44.7870932Z ok 231 - con un máximo explícito, a lo sumo esos decimales: para conteos y lecturas deliberadamente resumidas
verificar · typecheck · unit · build · audit	Pruebas unitarias (domain, api)	2026-09-24T08:32:44.7872201Z   ---
verificar · typecheck · unit · build · audit	Pruebas unitarias (domain, api)	2026-09-24T08:32:44.7872587Z   duration_ms: 0.267211
verificar · typecheck · unit · build · audit	Pruebas unitarias (domain, api)	2026-09-24T08:32:44.7872999Z   type: 'test'
verificar · typecheck · unit · build · audit	Pruebas unitarias (domain, api)	2026-09-24T08:32:44.7873353Z   ...
verificar · typecheck · unit · build · audit	Pruebas unitarias (domain, api)	2026-09-24T08:32:44.7874537Z # Subtest: REG-06-158 · un cálculo se muestra con la precisión que declara el método, aunque termine en cero
verificar · typecheck · unit · build · audit	Pruebas unitarias (domain, api)	2026-09-24T08:32:44.7876260Z ok 232 - REG-06-158 · un cálculo se muestra con la precisión que declara el método, aunque termine en cero
verificar · typecheck · unit · build · audit	Pruebas unitarias (domain, api)	2026-09-24T08:32:44.7877162Z   ---
verificar · typecheck · unit · build · audit	Pruebas unitarias (domain, api)	2026-09-24T08:32:44.7877556Z   duration_ms: 0.190016
verificar · typecheck · unit · build · audit	Pruebas unitarias (domain, api)	2026-09-24T08:32:44.7877981Z   type: 'test'
verificar · typecheck · unit · build · audit	Pruebas unitarias (domain, api)	2026-09-24T08:32:44.7878355Z   ...
verificar · typecheck · unit · build · audit	Pruebas unitarias (domain, api)	2026-09-24T08:32:44.7879088Z # Subtest: la unidad va como la escribió el contrato
verificar · typecheck · unit · build · audit	Pruebas unitarias (domain, api)	2026-09-24T08:32:44.7880007Z ok 233 - la unidad va como la escribió el contrato
verificar · typecheck · unit · build · audit	Pruebas unitarias (domain, api)	2026-09-24T08:32:44.7880556Z   ---
verificar · typecheck · unit · build · audit	Pruebas unitarias (domain, api)	2026-09-24T08:32:44.7880924Z   duration_ms: 0.201267
verificar · typecheck · unit · build · audit	Pruebas unitarias (domain, api)	2026-09-24T08:32:44.7881575Z   type: 'test'
verificar · typecheck · unit · build · audit	Pruebas unitarias (domain, api)	2026-09-24T08:32:44.7881954Z   ...
verificar · typecheck · unit · build · audit	Pruebas unitarias (domain, api)	2026-09-24T08:32:44.7883066Z # Subtest: lo que escribe la persona: coma o punto valen igual; lo que no es número es null, nunca NaN
verificar · typecheck · unit · build · audit	Pruebas unitarias (domain, api)	2026-09-24T08:32:44.7884711Z ok 234 - lo que escribe la persona: coma o punto valen igual; lo que no es número es null, nunca NaN
verificar · typecheck · unit · build · audit	Pruebas unitarias (domain, api)	2026-09-24T08:32:44.7885558Z   ---
verificar · typecheck · unit · build · audit	Pruebas unitarias (domain, api)	2026-09-24T08:32:44.7885939Z   duration_ms: 0.365835
verificar · typecheck · unit · build · audit	Pruebas unitarias (domain, api)	2026-09-24T08:32:44.7886367Z   type: 'test'
verificar · typecheck · unit · build · audit	Pruebas unitarias (domain, api)	2026-09-24T08:32:44.7886739Z   ...
verificar · typecheck · unit · build · audit	Pruebas unitarias (domain, api)	2026-09-24T08:32:44.7887911Z # Subtest: lo ambiguo no es un número: «1.850» se lee 1.850 en pantalla y sería 1,85 si el punto fuera decimal
verificar · typecheck · unit · build · audit	Pruebas unitarias (domain, api)	2026-09-24T08:32:44.7889599Z ok 235 - lo ambiguo no es un número: «1.850» se lee 1.850 en pantalla y sería 1,85 si el punto fuera decimal
verificar · typecheck · unit · build · audit	Pruebas unitarias (domain, api)	2026-09-24T08:32:44.7890707Z   ---
verificar · typecheck · unit · build · audit	Pruebas unitarias (domain, api)	2026-09-24T08:32:44.7891091Z   duration_ms: 1.049096
verificar · typecheck · unit · build · audit	Pruebas unitarias (domain, api)	2026-09-24T08:32:44.7891808Z   type: 'test'
verificar · typecheck · unit · build · audit	Pruebas unitarias (domain, api)	2026-09-24T08:32:44.7892188Z   ...
verificar · typecheck · unit · build · audit	Pruebas unitarias (domain, api)	2026-09-24T08:32:44.7927562Z # Subtest: REG-06-15 · una cadena vacía no tiene terminal
verificar · typecheck · unit · build · audit	Pruebas unitarias (domain, api)	2026-09-24T08:32:44.7928813Z ok 236 - REG-06-15 · una cadena vacía no tiene terminal
verificar · typecheck · unit · build · audit	Pruebas unitarias (domain, api)	2026-09-24T08:32:44.7929705Z   ---
verificar · typecheck · unit · build · audit	Pruebas unitarias (domain, api)	2026-09-24T08:32:44.7930591Z   duration_ms: 3.012055
verificar · typecheck · unit · build · audit	Pruebas unitarias (domain, api)	2026-09-24T08:32:44.7931050Z   type: 'test'
verificar · typecheck · unit · build · audit	Pruebas unitarias (domain, api)	2026-09-24T08:32:44.7931688Z   ...
verificar · typecheck · unit · build · audit	Pruebas unitarias (domain, api)	2026-09-24T08:32:44.7932700Z # Subtest: REG-06-15 · la cadena se recorre del primer eslabón a la terminal, sin importar el orden del arreglo
verificar · typecheck · unit · build · audit	Pruebas unitarias (domain, api)	2026-09-24T08:32:44.7936021Z ok 237 - REG-06-15 · la cadena se recorre del primer eslabón a la terminal, sin importar el orden del arreglo
verificar · typecheck · unit · build · audit	Pruebas unitarias (domain, api)	2026-09-24T08:32:44.7936880Z   ---
verificar · typecheck · unit · build · audit	Pruebas unitarias (domain, api)	2026-09-24T08:32:44.7937135Z   duration_ms: 0.312656
verificar · typecheck · unit · build · audit	Pruebas unitarias (domain, api)	2026-09-24T08:32:44.7937380Z   type: 'test'
verificar · typecheck · unit · build · audit	Pruebas unitarias (domain, api)	2026-09-24T08:32:44.7937592Z   ...
verificar · typecheck · unit · build · audit	Pruebas unitarias (domain, api)	2026-09-24T08:32:44.7944614Z # Subtest: REG-06-16 inc. 3 · dos eslabones con el mismo previo son una ramificación
verificar · typecheck · unit · build · audit	Pruebas unitarias (domain, api)	2026-09-24T08:32:44.7945982Z ok 238 - REG-06-16 inc. 3 · dos eslabones con el mismo previo son una ramificación
verificar · typecheck · unit · build · audit	Pruebas unitarias (domain, api)	2026-09-24T08:32:44.7946733Z   ---
verificar · typecheck · unit · build · audit	Pruebas unitarias (domain, api)	2026-09-24T08:32:44.7960023Z   duration_ms: 0.719117
verificar · typecheck · unit · build · audit	Pruebas unitarias (domain, api)	2026-09-24T08:32:44.7988168Z   type: 'test'
verificar · typecheck · unit · build · audit	Pruebas unitarias (domain, api)	2026-09-24T08:32:44.7988570Z   ...
verificar · typecheck · unit · build · audit	Pruebas unitarias (domain, api)	2026-09-24T08:32:44.7989423Z # Subtest: REG-06-16 inc. 3 · dos primeros eslabones son una ramificación
verificar · typecheck · unit · build · audit	Pruebas unitarias (domain, api)	2026-09-24T08:32:44.7990593Z ok 239 - REG-06-16 inc. 3 · dos primeros eslabones son una ramificación
verificar · typecheck · unit · build · audit	Pruebas unitarias (domain, api)	2026-09-24T08:32:44.7991528Z   ---
verificar · typecheck · unit · build · audit	Pruebas unitarias (domain, api)	2026-09-24T08:32:44.7991920Z   duration_ms: 0.25065
verificar · typecheck · unit · build · audit	Pruebas unitarias (domain, api)	2026-09-24T08:32:44.7992349Z   type: 'test'
verificar · typecheck · unit · build · audit	Pruebas unitarias (domain, api)	2026-09-24T08:32:44.7992713Z   ...
verificar · typecheck · unit · build · audit	Pruebas unitarias (domain, api)	2026-09-24T08:32:44.7993528Z # Subtest: REG-06-15 · sin ciclos: un ciclo cerrado es no resoluble
verificar · typecheck · unit · build · audit	Pruebas unitarias (domain, api)	2026-09-24T08:32:44.7994627Z ok 240 - REG-06-15 · sin ciclos: un ciclo cerrado es no resoluble
verificar · typecheck · unit · build · audit	Pruebas unitarias (domain, api)	2026-09-24T08:32:44.7995279Z   ---
verificar · typecheck · unit · build · audit	Pruebas unitarias (domain, api)	2026-09-24T08:32:44.7995650Z   duration_ms: 0.43775
verificar · typecheck · unit · build · audit	Pruebas unitarias (domain, api)	2026-09-24T08:32:44.7996068Z   type: 'test'
verificar · typecheck · unit · build · audit	Pruebas unitarias (domain, api)	2026-09-24T08:32:44.7996459Z   ...
verificar · typecheck · unit · build · audit	Pruebas unitarias (domain, api)	2026-09-24T08:32:44.7997447Z # Subtest: REG-06-15 · un ciclo aparte, no alcanzable desde el primero, es no resoluble
verificar · typecheck · unit · build · audit	Pruebas unitarias (domain, api)	2026-09-24T08:32:44.7998818Z ok 241 - REG-06-15 · un ciclo aparte, no alcanzable desde el primero, es no resoluble
verificar · typecheck · unit · build · audit	Pruebas unitarias (domain, api)	2026-09-24T08:32:44.7999581Z   ---
verificar · typecheck · unit · build · audit	Pruebas unitarias (domain, api)	2026-09-24T08:32:44.7999954Z   duration_ms: 0.228989
verificar · typecheck · unit · build · audit	Pruebas unitarias (domain, api)	2026-09-24T08:32:44.8000479Z   type: 'test'
verificar · typecheck · unit · build · audit	Pruebas unitarias (domain, api)	2026-09-24T08:32:44.8000841Z   ...
verificar · typecheck · unit · build · audit	Pruebas unitarias (domain, api)	2026-09-24T08:32:44.8002034Z # Subtest: REG-06-16 inc. 3 · un previo que no existe es una relación incompleta
verificar · typecheck · unit · build · audit	Pruebas unitarias (domain, api)	2026-09-24T08:32:44.8003342Z ok 242 - REG-06-16 inc. 3 · un previo que no existe es una relación incompleta
verificar · typecheck · unit · build · audit	Pruebas unitarias (domain, api)	2026-09-24T08:32:44.8004057Z   ---
verificar · typecheck · unit · build · audit	Pruebas unitarias (domain, api)	2026-09-24T08:32:44.8004437Z   duration_ms: 0.32046
verificar · typecheck · unit · build · audit	Pruebas unitarias (domain, api)	2026-09-24T08:32:44.8004859Z   type: 'test'
verificar · typecheck · unit · build · audit	Pruebas unitarias (domain, api)	2026-09-24T08:32:44.8005215Z   ...
verificar · typecheck · unit · build · audit	Pruebas unitarias (domain, api)	2026-09-24T08:32:44.8005912Z # Subtest: un id repetido es una relación incompleta
verificar · typecheck · unit · build · audit	Pruebas unitarias (domain, api)	2026-09-24T08:32:44.8006807Z ok 243 - un id repetido es una relación incompleta
verificar · typecheck · unit · build · audit	Pruebas unitarias (domain, api)	2026-09-24T08:32:44.8007371Z   ---
verificar · typecheck · unit · build · audit	Pruebas unitarias (domain, api)	2026-09-24T08:32:44.8007771Z   duration_ms: 0.278091
verificar · typecheck · unit · build · audit	Pruebas unitarias (domain, api)	2026-09-24T08:32:44.8008201Z   type: 'test'
verificar · typecheck · unit · build · audit	Pruebas unitarias (domain, api)	2026-09-24T08:32:44.8008563Z   ...
verificar · typecheck · unit · build · audit	Pruebas unitarias (domain, api)	2026-09-24T08:32:44.8009346Z # Subtest: REG-06-16 inc. 1 · sin corrección, rige el original
verificar · typecheck · unit · build · audit	Pruebas unitarias (domain, api)	2026-09-24T08:32:44.8010397Z ok 244 - REG-06-16 inc. 1 · sin corrección, rige el original
verificar · typecheck · unit · build · audit	Pruebas unitarias (domain, api)	2026-09-24T08:32:44.8011003Z   ---
verificar · typecheck · unit · build · audit	Pruebas unitarias (domain, api)	2026-09-24T08:32:44.8011632Z   duration_ms: 0.54966
verificar · typecheck · unit · build · audit	Pruebas unitarias (domain, api)	2026-09-24T08:32:44.8012092Z   type: 'test'
verificar · typecheck · unit · build · audit	Pruebas unitarias (domain, api)	2026-09-24T08:32:44.8012460Z   ...
verificar · typecheck · unit · build · audit	Pruebas unitarias (domain, api)	2026-09-24T08:32:44.8013612Z # Subtest: REG-06-16 inc. 2 · con cadena válida rige la terminal, y la cadena conserva todo (TEST-DOM-002)
verificar · typecheck · unit · build · audit	Pruebas unitarias (domain, api)	2026-09-24T08:32:44.8015265Z ok 245 - REG-06-16 inc. 2 · con cadena válida rige la terminal, y la cadena conserva todo (TEST-DOM-002)
verificar · typecheck · unit · build · audit	Pruebas unitarias (domain, api)	2026-09-24T08:32:44.8016103Z   ---
verificar · typecheck · unit · build · audit	Pruebas unitarias (domain, api)	2026-09-24T08:32:44.8016475Z   duration_ms: 0.683851
verificar · typecheck · unit · build · audit	Pruebas unitarias (domain, api)	2026-09-24T08:32:44.8016897Z   type: 'test'
verificar · typecheck · unit · build · audit	Pruebas unitarias (domain, api)	2026-09-24T08:32:44.8017042Z   ...
verificar · typecheck · unit · build · audit	Pruebas unitarias (domain, api)	2026-09-24T08:32:44.8018079Z # Subtest: REG-06-16 · la vista no depende del orden de registro: una corrección «más nueva» por posición no gana
verificar · typecheck · unit · build · audit	Pruebas unitarias (domain, api)	2026-09-24T08:32:44.8019402Z ok 246 - REG-06-16 · la vista no depende del orden de registro: una corrección «más nueva» por posición no gana
verificar · typecheck · unit · build · audit	Pruebas unitarias (domain, api)	2026-09-24T08:32:44.8019571Z   ---
verificar · typecheck · unit · build · audit	Pruebas unitarias (domain, api)	2026-09-24T08:32:44.8019759Z   duration_ms: 0.37927
verificar · typecheck · unit · build · audit	Pruebas unitarias (domain, api)	2026-09-24T08:32:44.8019929Z   type: 'test'
verificar · typecheck · unit · build · audit	Pruebas unitarias (domain, api)	2026-09-24T08:32:44.8020079Z   ...
verificar · typecheck · unit · build · audit	Pruebas unitarias (domain, api)	2026-09-24T08:32:44.8020773Z # Subtest: REG-06-15 · todas las correcciones apuntan al mismo original raíz
verificar · typecheck · unit · build · audit	Pruebas unitarias (domain, api)	2026-09-24T08:32:44.8022263Z ok 247 - REG-06-15 · todas las correcciones apuntan al mismo original raíz
verificar · typecheck · unit · build · audit	Pruebas unitarias (domain, api)	2026-09-24T08:32:44.8022680Z   ---
verificar · typecheck · unit · build · audit	Pruebas unitarias (domain, api)	2026-09-24T08:32:44.8022875Z   duration_ms: 0.190277
verificar · typecheck · unit · build · audit	Pruebas unitarias (domain, api)	2026-09-24T08:32:44.8023058Z   type: 'test'
verificar · typecheck · unit · build · audit	Pruebas unitarias (domain, api)	2026-09-24T08:32:44.8023218Z   ...
verificar · typecheck · unit · build · audit	Pruebas unitarias (domain, api)	2026-09-24T08:32:44.8024051Z # Subtest: REG-06-16 inc. 3 · con ramas, nadie elige por fecha: la vista es no resoluble
verificar · typecheck · unit · build · audit	Pruebas unitarias (domain, api)	2026-09-24T08:32:44.8024825Z ok 248 - REG-06-16 inc. 3 · con ramas, nadie elige por fecha: la vista es no resoluble
verificar · typecheck · unit · build · audit	Pruebas unitarias (domain, api)	2026-09-24T08:32:44.8024998Z   ---
verificar · typecheck · unit · build · audit	Pruebas unitarias (domain, api)	2026-09-24T08:32:44.8025183Z   duration_ms: 0.212739
verificar · typecheck · unit · build · audit	Pruebas unitarias (domain, api)	2026-09-24T08:32:44.8025383Z   type: 'test'
verificar · typecheck · unit · build · audit	Pruebas unitarias (domain, api)	2026-09-24T08:32:44.8025538Z   ...
verificar · typecheck · unit · build · audit	Pruebas unitarias (domain, api)	2026-09-24T08:32:44.8026324Z # Subtest: REG-06-14/15 · la primera corrección apunta al original y no tiene previa
verificar · typecheck · unit · build · audit	Pruebas unitarias (domain, api)	2026-09-24T08:32:44.8027073Z ok 249 - REG-06-14/15 · la primera corrección apunta al original y no tiene previa
verificar · typecheck · unit · build · audit	Pruebas unitarias (domain, api)	2026-09-24T08:32:44.8027265Z   ---
verificar · typecheck · unit · build · audit	Pruebas unitarias (domain, api)	2026-09-24T08:32:44.8027447Z   duration_ms: 0.240681
verificar · typecheck · unit · build · audit	Pruebas unitarias (domain, api)	2026-09-24T08:32:44.8027637Z   type: 'test'
verificar · typecheck · unit · build · audit	Pruebas unitarias (domain, api)	2026-09-24T08:32:44.8027780Z   ...
verificar · typecheck · unit · build · audit	Pruebas unitarias (domain, api)	2026-09-24T08:32:44.8028854Z # Subtest: REG-06-15 · cada corrección sucesiva apunta a la inmediata anterior; si otra entró en el medio, se rechaza
verificar · typecheck · unit · build · audit	Pruebas unitarias (domain, api)	2026-09-24T08:32:44.8030024Z ok 250 - REG-06-15 · cada corrección sucesiva apunta a la inmediata anterior; si otra entró en el medio, se rechaza
verificar · typecheck · unit · build · audit	Pruebas unitarias (domain, api)	2026-09-24T08:32:44.8030215Z   ---
verificar · typecheck · unit · build · audit	Pruebas unitarias (domain, api)	2026-09-24T08:32:44.8030397Z   duration_ms: 0.204212
verificar · typecheck · unit · build · audit	Pruebas unitarias (domain, api)	2026-09-24T08:32:44.8030567Z   type: 'test'
verificar · typecheck · unit · build · audit	Pruebas unitarias (domain, api)	2026-09-24T08:32:44.8030723Z   ...
verificar · typecheck · unit · build · audit	Pruebas unitarias (domain, api)	2026-09-24T08:32:44.8031753Z # Subtest: REG-06-14 · no se corrige otro original ni sobre una historia no resoluble
verificar · typecheck · unit · build · audit	Pruebas unitarias (domain, api)	2026-09-24T08:32:44.8032559Z ok 251 - REG-06-14 · no se corrige otro original ni sobre una historia no resoluble
verificar · typecheck · unit · build · audit	Pruebas unitarias (domain, api)	2026-09-24T08:32:44.8032741Z   ---
verificar · typecheck · unit · build · audit	Pruebas unitarias (domain, api)	2026-09-24T08:32:44.8032937Z   duration_ms: 0.190537
verificar · typecheck · unit · build · audit	Pruebas unitarias (domain, api)	2026-09-24T08:32:44.8033102Z   type: 'test'
verificar · typecheck · unit · build · audit	Pruebas unitarias (domain, api)	2026-09-24T08:32:44.8033261Z   ...
verificar · typecheck · unit · build · audit	Pruebas unitarias (domain, api)	2026-09-24T08:32:44.8034344Z # Subtest: REG-06-12 · la primera versión no tiene predecesora; si ya hay versiones, la nueva tiene que declararla
verificar · typecheck · unit · build · audit	Pruebas unitarias (domain, api)	2026-09-24T08:32:44.8035397Z ok 252 - REG-06-12 · la primera versión no tiene predecesora; si ya hay versiones, la nueva tiene que declararla
verificar · typecheck · unit · build · audit	Pruebas unitarias (domain, api)	2026-09-24T08:32:44.8035586Z   ---
verificar · typecheck · unit · build · audit	Pruebas unitarias (domain, api)	2026-09-24T08:32:44.8035781Z   duration_ms: 0.310402
verificar · typecheck · unit · build · audit	Pruebas unitarias (domain, api)	2026-09-24T08:32:44.8035947Z   type: 'test'
verificar · typecheck · unit · build · audit	Pruebas unitarias (domain, api)	2026-09-24T08:32:44.8036104Z   ...
verificar · typecheck · unit · build · audit	Pruebas unitarias (domain, api)	2026-09-24T08:32:44.8036868Z # Subtest: TEST-DOM-009 · la nueva versión sucede a la anterior sin modificarla
verificar · typecheck · unit · build · audit	Pruebas unitarias (domain, api)	2026-09-24T08:32:44.8037592Z ok 253 - TEST-DOM-009 · la nueva versión sucede a la anterior sin modificarla
verificar · typecheck · unit · build · audit	Pruebas unitarias (domain, api)	2026-09-24T08:32:44.8037758Z   ---
verificar · typecheck · unit · build · audit	Pruebas unitarias (domain, api)	2026-09-24T08:32:44.8037962Z   duration_ms: 0.250119
verificar · typecheck · unit · build · audit	Pruebas unitarias (domain, api)	2026-09-24T08:32:44.8038132Z   type: 'test'
verificar · typecheck · unit · build · audit	Pruebas unitarias (domain, api)	2026-09-24T08:32:44.8038282Z   ...
verificar · typecheck · unit · build · audit	Pruebas unitarias (domain, api)	2026-09-24T08:32:44.8039202Z # Subtest: REG-06-12 · misma entidad: una predecesora de otro objeto, o inexistente, no se admite
verificar · typecheck · unit · build · audit	Pruebas unitarias (domain, api)	2026-09-24T08:32:44.8040101Z ok 254 - REG-06-12 · misma entidad: una predecesora de otro objeto, o inexistente, no se admite
verificar · typecheck · unit · build · audit	Pruebas unitarias (domain, api)	2026-09-24T08:32:44.8040304Z   ---
verificar · typecheck · unit · build · audit	Pruebas unitarias (domain, api)	2026-09-24T08:32:44.8040482Z   duration_ms: 0.181751
verificar · typecheck · unit · build · audit	Pruebas unitarias (domain, api)	2026-09-24T08:32:44.8040654Z   type: 'test'
verificar · typecheck · unit · build · audit	Pruebas unitarias (domain, api)	2026-09-24T08:32:44.8040808Z   ...
verificar · typecheck · unit · build · audit	Pruebas unitarias (domain, api)	2026-09-24T08:32:44.8041974Z # Subtest: REG-06-12 · sin regla de ramas, una segunda sucesora de la misma versión es bifurcación
verificar · typecheck · unit · build · audit	Pruebas unitarias (domain, api)	2026-09-24T08:32:44.8042887Z ok 255 - REG-06-12 · sin regla de ramas, una segunda sucesora de la misma versión es bifurcación
verificar · typecheck · unit · build · audit	Pruebas unitarias (domain, api)	2026-09-24T08:32:44.8043070Z   ---
verificar · typecheck · unit · build · audit	Pruebas unitarias (domain, api)	2026-09-24T08:32:44.8043254Z   duration_ms: 3.007236
verificar · typecheck · unit · build · audit	Pruebas unitarias (domain, api)	2026-09-24T08:32:44.8043414Z   type: 'test'
verificar · typecheck · unit · build · audit	Pruebas unitarias (domain, api)	2026-09-24T08:32:44.8043567Z   ...
verificar · typecheck · unit · build · audit	Pruebas unitarias (domain, api)	2026-09-24T08:32:44.8044433Z # Subtest: INV-06-107 · la versión terminal sale de la sucesión, no del orden ni de la fecha
verificar · typecheck · unit · build · audit	Pruebas unitarias (domain, api)	2026-09-24T08:32:44.8045565Z ok 256 - INV-06-107 · la versión terminal sale de la sucesión, no del orden ni de la fecha
verificar · typecheck · unit · build · audit	Pruebas unitarias (domain, api)	2026-09-24T08:32:44.8045746Z   ---
verificar · typecheck · unit · build · audit	Pruebas unitarias (domain, api)	2026-09-24T08:32:44.8045936Z   duration_ms: 0.222848
verificar · typecheck · unit · build · audit	Pruebas unitarias (domain, api)	2026-09-24T08:32:44.8046109Z   type: 'test'
verificar · typecheck · unit · build · audit	Pruebas unitarias (domain, api)	2026-09-24T08:32:44.8046269Z   ...
verificar · typecheck · unit · build · audit	Pruebas unitarias (domain, api)	2026-09-24T08:32:44.8047053Z # Subtest: INV-06-13 · la serialización canónica no depende del orden de las claves
verificar · typecheck · unit · build · audit	Pruebas unitarias (domain, api)	2026-09-24T08:32:44.8048076Z ok 257 - INV-06-13 · la serialización canónica no depende del orden de las claves
verificar · typecheck · unit · build · audit	Pruebas unitarias (domain, api)	2026-09-24T08:32:44.8048242Z   ---
verificar · typecheck · unit · build · audit	Pruebas unitarias (domain, api)	2026-09-24T08:32:44.8048428Z   duration_ms: 0.39997
verificar · typecheck · unit · build · audit	Pruebas unitarias (domain, api)	2026-09-24T08:32:44.8048601Z   type: 'test'
verificar · typecheck · unit · build · audit	Pruebas unitarias (domain, api)	2026-09-24T08:32:44.8048745Z   ...
verificar · typecheck · unit · build · audit	Pruebas unitarias (domain, api)	2026-09-24T08:32:44.8049655Z # Subtest: INV-06-13 · el orden de los arreglos sí es contenido: cambiarlo cambia la serialización
verificar · typecheck · unit · build · audit	Pruebas unitarias (domain, api)	2026-09-24T08:32:44.8050540Z ok 258 - INV-06-13 · el orden de los arreglos sí es contenido: cambiarlo cambia la serialización
verificar · typecheck · unit · build · audit	Pruebas unitarias (domain, api)	2026-09-24T08:32:44.8050719Z   ---
verificar · typecheck · unit · build · audit	Pruebas unitarias (domain, api)	2026-09-24T08:32:44.8050929Z   duration_ms: 0.228048
verificar · typecheck · unit · build · audit	Pruebas unitarias (domain, api)	2026-09-24T08:32:44.8051104Z   type: 'test'
verificar · typecheck · unit · build · audit	Pruebas unitarias (domain, api)	2026-09-24T08:32:44.8051639Z   ...
verificar · typecheck · unit · build · audit	Pruebas unitarias (domain, api)	2026-09-24T08:32:44.8052577Z # Subtest: la serialización canónica rechaza lo que no es JSON reproducible, en vez de perderlo
verificar · typecheck · unit · build · audit	Pruebas unitarias (domain, api)	2026-09-24T08:32:44.8053410Z ok 259 - la serialización canónica rechaza lo que no es JSON reproducible, en vez de perderlo
verificar · typecheck · unit · build · audit	Pruebas unitarias (domain, api)	2026-09-24T08:32:44.8053580Z   ---
verificar · typecheck · unit · build · audit	Pruebas unitarias (domain, api)	2026-09-24T08:32:44.8053749Z   duration_ms: 0.696695
verificar · typecheck · unit · build · audit	Pruebas unitarias (domain, api)	2026-09-24T08:32:44.8053895Z   type: 'test'
verificar · typecheck · unit · build · audit	Pruebas unitarias (domain, api)	2026-09-24T08:32:44.8054034Z   ...
verificar · typecheck · unit · build · audit	Pruebas unitarias (domain, api)	2026-09-24T08:32:44.8126715Z 1..259
verificar · typecheck · unit · build · audit	Pruebas unitarias (domain, api)	2026-09-24T08:32:44.8126889Z # tests 259
verificar · typecheck · unit · build · audit	Pruebas unitarias (domain, api)	2026-09-24T08:32:44.8127039Z # suites 0
verificar · typecheck · unit · build · audit	Pruebas unitarias (domain, api)	2026-09-24T08:32:44.8127194Z # pass 259
verificar · typecheck · unit · build · audit	Pruebas unitarias (domain, api)	2026-09-24T08:32:44.8127333Z # fail 0
verificar · typecheck · unit · build · audit	Pruebas unitarias (domain, api)	2026-09-24T08:32:44.8127620Z # cancelled 0
verificar · typecheck · unit · build · audit	Pruebas unitarias (domain, api)	2026-09-24T08:32:44.8127841Z # skipped 0
verificar · typecheck · unit · build · audit	Pruebas unitarias (domain, api)	2026-09-24T08:32:44.8128100Z # todo 0
verificar · typecheck · unit · build · audit	Pruebas unitarias (domain, api)	2026-09-24T08:32:44.8128418Z # duration_ms 1101.57034
verificar · typecheck · unit · build · audit	Pruebas unitarias (domain, api)	2026-09-24T08:32:44.8672011Z TAP version 13
verificar · typecheck · unit · build · audit	Pruebas unitarias (domain, api)	2026-09-24T08:32:44.9279219Z # Subtest: la fórmula de contraste es la de WCAG 2.2
verificar · typecheck · unit · build · audit	Pruebas unitarias (domain, api)	2026-09-24T08:32:44.9289407Z ok 1 - la fórmula de contraste es la de WCAG 2.2
verificar · typecheck · unit · build · audit	Pruebas unitarias (domain, api)	2026-09-24T08:32:44.9290277Z   ---
verificar · typecheck · unit · build · audit	Pruebas unitarias (domain, api)	2026-09-24T08:32:44.9290890Z   duration_ms: 1.149063
verificar · typecheck · unit · build · audit	Pruebas unitarias (domain, api)	2026-09-24T08:32:44.9291966Z   type: 'test'
verificar · typecheck · unit · build · audit	Pruebas unitarias (domain, api)	2026-09-24T08:32:44.9292586Z   ...
verificar · typecheck · unit · build · audit	Pruebas unitarias (domain, api)	2026-09-24T08:32:44.9295384Z # Subtest: website · tema claro (espacio profesional y cuenta)
verificar · typecheck · unit · build · audit	Pruebas unitarias (domain, api)	2026-09-24T08:32:44.9312899Z ok 2 - website · tema claro (espacio profesional y cuenta)
verificar · typecheck · unit · build · audit	Pruebas unitarias (domain, api)	2026-09-24T08:32:44.9313780Z   ---
verificar · typecheck · unit · build · audit	Pruebas unitarias (domain, api)	2026-09-24T08:32:44.9314386Z   duration_ms: 2.195905
verificar · typecheck · unit · build · audit	Pruebas unitarias (domain, api)	2026-09-24T08:32:44.9315049Z   type: 'test'
verificar · typecheck · unit · build · audit	Pruebas unitarias (domain, api)	2026-09-24T08:32:44.9315590Z   ...
verificar · typecheck · unit · build · audit	Pruebas unitarias (domain, api)	2026-09-24T08:32:44.9316542Z # Subtest: website · tema oscuro (landing, acceso, registro y legales)
verificar · typecheck · unit · build · audit	Pruebas unitarias (domain, api)	2026-09-24T08:32:44.9324098Z ok 3 - website · tema oscuro (landing, acceso, registro y legales)
verificar · typecheck · unit · build · audit	Pruebas unitarias (domain, api)	2026-09-24T08:32:44.9325018Z   ---
verificar · typecheck · unit · build · audit	Pruebas unitarias (domain, api)	2026-09-24T08:32:44.9325605Z   duration_ms: 0.412553
verificar · typecheck · unit · build · audit	Pruebas unitarias (domain, api)	2026-09-24T08:32:44.9326226Z   type: 'test'
verificar · typecheck · unit · build · audit	Pruebas unitarias (domain, api)	2026-09-24T08:32:44.9326724Z   ...
verificar · typecheck · unit · build · audit	Pruebas unitarias (domain, api)	2026-09-24T08:32:44.9327773Z # Subtest: website · el texto de la cara pública se lee en todo el degradé
verificar · typecheck · unit · build · audit	Pruebas unitarias (domain, api)	2026-09-24T08:32:44.9329293Z ok 4 - website · el texto de la cara pública se lee en todo el degradé
verificar · typecheck · unit · build · audit	Pruebas unitarias (domain, api)	2026-09-24T08:32:44.9330227Z   ---
verificar · typecheck · unit · build · audit	Pruebas unitarias (domain, api)	2026-09-24T08:32:44.9330741Z   duration_ms: 0.754304
verificar · typecheck · unit · build · audit	Pruebas unitarias (domain, api)	2026-09-24T08:32:44.9331146Z   type: 'test'
verificar · typecheck · unit · build · audit	Pruebas unitarias (domain, api)	2026-09-24T08:32:44.9331753Z   ...
verificar · typecheck · unit · build · audit	Pruebas unitarias (domain, api)	2026-09-24T08:32:44.9332164Z # Subtest: APK · tema oscuro
verificar · typecheck · unit · build · audit	Pruebas unitarias (domain, api)	2026-09-24T08:32:44.9332505Z ok 5 - APK · tema oscuro
verificar · typecheck · unit · build · audit	Pruebas unitarias (domain, api)	2026-09-24T08:32:44.9332760Z   ---
verificar · typecheck · unit · build · audit	Pruebas unitarias (domain, api)	2026-09-24T08:32:44.9332959Z   duration_ms: 0.574927
verificar · typecheck · unit · build · audit	Pruebas unitarias (domain, api)	2026-09-24T08:32:44.9333188Z   type: 'test'
verificar · typecheck · unit · build · audit	Pruebas unitarias (domain, api)	2026-09-24T08:32:44.9333390Z   ...
verificar · typecheck · unit · build · audit	Pruebas unitarias (domain, api)	2026-09-24T08:32:44.9333904Z # Subtest: ningún estilo del website ni de la APK escribe un color fuera de los tokens
verificar · typecheck · unit · build · audit	Pruebas unitarias (domain, api)	2026-09-24T08:32:44.9334724Z ok 6 - ningún estilo del website ni de la APK escribe un color fuera de los tokens
verificar · typecheck · unit · build · audit	Pruebas unitarias (domain, api)	2026-09-24T08:32:44.9335458Z   ---
verificar · typecheck · unit · build · audit	Pruebas unitarias (domain, api)	2026-09-24T08:32:44.9335832Z   duration_ms: 26.014248
verificar · typecheck · unit · build · audit	Pruebas unitarias (domain, api)	2026-09-24T08:32:44.9336248Z   type: 'test'
verificar · typecheck · unit · build · audit	Pruebas unitarias (domain, api)	2026-09-24T08:32:44.9336592Z   ...
verificar · typecheck · unit · build · audit	Pruebas unitarias (domain, api)	2026-09-24T08:32:45.4886293Z # Subtest: T13 · el copy de las pantallas de nutrición no tiene puntajes, juicios ni huecos completados
verificar · typecheck · unit · build · audit	Pruebas unitarias (domain, api)	2026-09-24T08:32:45.4888912Z ok 7 - T13 · el copy de las pantallas de nutrición no tiene puntajes, juicios ni huecos completados
verificar · typecheck · unit · build · audit	Pruebas unitarias (domain, api)	2026-09-24T08:32:45.4890091Z   ---
verificar · typecheck · unit · build · audit	Pruebas unitarias (domain, api)	2026-09-24T08:32:45.4890712Z   duration_ms: 144.963517
verificar · typecheck · unit · build · audit	Pruebas unitarias (domain, api)	2026-09-24T08:32:45.4891534Z   type: 'test'
verificar · typecheck · unit · build · audit	Pruebas unitarias (domain, api)	2026-09-24T08:32:45.4892429Z   ...
verificar · typecheck · unit · build · audit	Pruebas unitarias (domain, api)	2026-09-24T08:32:45.4893736Z # Subtest: T13 · el copy de las pantallas de antropometría no tiene puntajes, juicios ni huecos completados
verificar · typecheck · unit · build · audit	Pruebas unitarias (domain, api)	2026-09-24T08:32:45.4895470Z ok 8 - T13 · el copy de las pantallas de antropometría no tiene puntajes, juicios ni huecos completados
verificar · typecheck · unit · build · audit	Pruebas unitarias (domain, api)	2026-09-24T08:32:45.4896372Z   ---
verificar · typecheck · unit · build · audit	Pruebas unitarias (domain, api)	2026-09-24T08:32:45.4896766Z   duration_ms: 38.641133
verificar · typecheck · unit · build · audit	Pruebas unitarias (domain, api)	2026-09-24T08:32:45.4897204Z   type: 'test'
verificar · typecheck · unit · build · audit	Pruebas unitarias (domain, api)	2026-09-24T08:32:45.4897574Z   ...
verificar · typecheck · unit · build · audit	Pruebas unitarias (domain, api)	2026-09-24T08:32:45.4898754Z # Subtest: T13 · el copy de las pantallas de entrenamiento no tiene puntajes, juicios ni huecos completados
verificar · typecheck · unit · build · audit	Pruebas unitarias (domain, api)	2026-09-24T08:32:45.4900490Z ok 9 - T13 · el copy de las pantallas de entrenamiento no tiene puntajes, juicios ni huecos completados
verificar · typecheck · unit · build · audit	Pruebas unitarias (domain, api)	2026-09-24T08:32:45.4902152Z   ---
verificar · typecheck · unit · build · audit	Pruebas unitarias (domain, api)	2026-09-24T08:32:45.4912169Z   duration_ms: 72.035222
verificar · typecheck · unit · build · audit	Pruebas unitarias (domain, api)	2026-09-24T08:32:45.4961774Z   type: 'test'
verificar · typecheck · unit · build · audit	Pruebas unitarias (domain, api)	2026-09-24T08:32:45.4981574Z   ...
verificar · typecheck · unit · build · audit	Pruebas unitarias (domain, api)	2026-09-24T08:32:45.4982616Z # Subtest: T13 · el extractor encuentra un término prohibido en el copy e ignora los estilos
verificar · typecheck · unit · build · audit	Pruebas unitarias (domain, api)	2026-09-24T08:32:45.4989122Z ok 10 - T13 · el extractor encuentra un término prohibido en el copy e ignora los estilos
verificar · typecheck · unit · build · audit	Pruebas unitarias (domain, api)	2026-09-24T08:32:45.4989731Z   ---
verificar · typecheck · unit · build · audit	Pruebas unitarias (domain, api)	2026-09-24T08:32:45.4989947Z   duration_ms: 0.503603
verificar · typecheck · unit · build · audit	Pruebas unitarias (domain, api)	2026-09-24T08:32:45.4990208Z   type: 'test'
verificar · typecheck · unit · build · audit	Pruebas unitarias (domain, api)	2026-09-24T08:32:45.4990412Z   ...
verificar · typecheck · unit · build · audit	Pruebas unitarias (domain, api)	2026-09-24T08:32:45.4991000Z # Subtest: T13 · en antropometría, un juicio afirmativo se detecta y su negación explícita no
verificar · typecheck · unit · build · audit	Pruebas unitarias (domain, api)	2026-09-24T08:32:45.4991998Z ok 11 - T13 · en antropometría, un juicio afirmativo se detecta y su negación explícita no
verificar · typecheck · unit · build · audit	Pruebas unitarias (domain, api)	2026-09-24T08:32:45.4992419Z   ---
verificar · typecheck · unit · build · audit	Pruebas unitarias (domain, api)	2026-09-24T08:32:45.4992626Z   duration_ms: 0.257813
verificar · typecheck · unit · build · audit	Pruebas unitarias (domain, api)	2026-09-24T08:32:45.4992849Z   type: 'test'
verificar · typecheck · unit · build · audit	Pruebas unitarias (domain, api)	2026-09-24T08:32:45.4993059Z   ...
verificar · typecheck · unit · build · audit	Pruebas unitarias (domain, api)	2026-09-24T08:32:45.4993531Z # Subtest: T13 · el titular de la medición muestra el valor vigente, no el original
verificar · typecheck · unit · build · audit	Pruebas unitarias (domain, api)	2026-09-24T08:32:45.4994200Z ok 12 - T13 · el titular de la medición muestra el valor vigente, no el original
verificar · typecheck · unit · build · audit	Pruebas unitarias (domain, api)	2026-09-24T08:32:45.4994579Z   ---
verificar · typecheck · unit · build · audit	Pruebas unitarias (domain, api)	2026-09-24T08:32:45.4994768Z   duration_ms: 3.700965
verificar · typecheck · unit · build · audit	Pruebas unitarias (domain, api)	2026-09-24T08:32:45.4995003Z   type: 'test'
verificar · typecheck · unit · build · audit	Pruebas unitarias (domain, api)	2026-09-24T08:32:45.4995195Z   ...
verificar · typecheck · unit · build · audit	Pruebas unitarias (domain, api)	2026-09-24T08:32:45.4995802Z # Subtest: WP-06 §9.2 · ninguna pantalla de entrenamiento deriva «No realizada» de la ausencia de registro
verificar · typecheck · unit · build · audit	Pruebas unitarias (domain, api)	2026-09-24T08:32:45.4996698Z ok 13 - WP-06 §9.2 · ninguna pantalla de entrenamiento deriva «No realizada» de la ausencia de registro
verificar · typecheck · unit · build · audit	Pruebas unitarias (domain, api)	2026-09-24T08:32:45.4997160Z   ---
verificar · typecheck · unit · build · audit	Pruebas unitarias (domain, api)	2026-09-24T08:32:45.4997356Z   duration_ms: 50.159758
verificar · typecheck · unit · build · audit	Pruebas unitarias (domain, api)	2026-09-24T08:32:45.4997593Z   type: 'test'
verificar · typecheck · unit · build · audit	Pruebas unitarias (domain, api)	2026-09-24T08:32:45.4997786Z   ...
verificar · typecheck · unit · build · audit	Pruebas unitarias (domain, api)	2026-09-24T08:32:45.4998380Z # Subtest: WP-06 §9.2 · la guardia detecta una pantalla que escribe «No realizada» o lee la condición suelta
verificar · typecheck · unit · build · audit	Pruebas unitarias (domain, api)	2026-09-24T08:32:45.4999318Z ok 14 - WP-06 §9.2 · la guardia detecta una pantalla que escribe «No realizada» o lee la condición suelta
verificar · typecheck · unit · build · audit	Pruebas unitarias (domain, api)	2026-09-24T08:32:45.5000182Z   ---
verificar · typecheck · unit · build · audit	Pruebas unitarias (domain, api)	2026-09-24T08:32:45.5000550Z   duration_ms: 0.345507
verificar · typecheck · unit · build · audit	Pruebas unitarias (domain, api)	2026-09-24T08:32:45.5000925Z   type: 'test'
verificar · typecheck · unit · build · audit	Pruebas unitarias (domain, api)	2026-09-24T08:32:45.5001453Z   ...
verificar · typecheck · unit · build · audit	Pruebas unitarias (domain, api)	2026-09-24T08:32:45.5202321Z 1..14
verificar · typecheck · unit · build · audit	Pruebas unitarias (domain, api)	2026-09-24T08:32:45.5202735Z # tests 14
verificar · typecheck · unit · build · audit	Pruebas unitarias (domain, api)	2026-09-24T08:32:45.5203381Z # suites 0
verificar · typecheck · unit · build · audit	Pruebas unitarias (domain, api)	2026-09-24T08:32:45.5203948Z # pass 14
verificar · typecheck · unit · build · audit	Pruebas unitarias (domain, api)	2026-09-24T08:32:45.5206684Z # fail 0
verificar · typecheck · unit · build · audit	Pruebas unitarias (domain, api)	2026-09-24T08:32:45.5207034Z # cancelled 0
verificar · typecheck · unit · build · audit	Pruebas unitarias (domain, api)	2026-09-24T08:32:45.5207378Z # skipped 0
verificar · typecheck · unit · build · audit	Pruebas unitarias (domain, api)	2026-09-24T08:32:45.5207698Z # todo 0
verificar · typecheck · unit · build · audit	Pruebas unitarias (domain, api)	2026-09-24T08:32:45.5209023Z # duration_ms 669.735394
verificar · typecheck · unit · build · audit	Pruebas unitarias (domain, api)	2026-09-24T08:32:45.6372355Z 
verificar · typecheck · unit · build · audit	Pruebas unitarias (domain, api)	2026-09-24T08:32:45.6372835Z > @be/api@0.9.0 test
verificar · typecheck · unit · build · audit	Pruebas unitarias (domain, api)	2026-09-24T08:32:45.6373221Z > jest --config jest.config.js
verificar · typecheck · unit · build · audit	Pruebas unitarias (domain, api)	2026-09-24T08:32:45.6373414Z 
verificar · typecheck · unit · build · audit	Pruebas unitarias (domain, api)	2026-09-24T08:32:52.5704190Z PASS src/plataforma/dependencias.spec.ts (6.104 s)
verificar · typecheck · unit · build · audit	Pruebas unitarias (domain, api)	2026-09-24T08:32:52.9365536Z PASS src/config/entorno.spec.ts (6.444 s)
verificar · typecheck · unit · build · audit	Pruebas unitarias (domain, api)	2026-09-24T08:32:53.4391156Z PASS src/plataforma/limitador.spec.ts
verificar · typecheck · unit · build · audit	Pruebas unitarias (domain, api)	2026-09-24T08:32:57.6429708Z {"nivel":"info","requestId":"c912592f-a984-4ca8-a8d8-6e8021dbc564","metodo":"GET","ruta":"/health/live","status":200,"duracionMs":3}
verificar · typecheck · unit · build · audit	Pruebas unitarias (domain, api)	2026-09-24T08:32:57.7783125Z {"nivel":"info","requestId":"b3060794-926d-4b3f-8b2b-7b565b14d57f","metodo":"GET","ruta":"/health","status":200,"duracionMs":1}
verificar · typecheck · unit · build · audit	Pruebas unitarias (domain, api)	2026-09-24T08:32:57.8902173Z {"nivel":"info","requestId":"70ade669-c9d4-4f60-9f24-c4ed85949ee4","metodo":"GET","ruta":"/health/ready","status":200,"duracionMs":0}
verificar · typecheck · unit · build · audit	Pruebas unitarias (domain, api)	2026-09-24T08:32:58.0028425Z {"nivel":"info","requestId":"34ccf4ce-e656-460f-8dd5-7f1ac213b3ab","metodo":"GET","ruta":"/health/ready","status":503,"duracionMs":0}
verificar · typecheck · unit · build · audit	Pruebas unitarias (domain, api)	2026-09-24T08:32:58.1168328Z {"nivel":"info","requestId":"a35b3124-a4ed-4dca-b077-07e9ac3e58f6","metodo":"GET","ruta":"/health","status":503,"duracionMs":1}
verificar · typecheck · unit · build · audit	Pruebas unitarias (domain, api)	2026-09-24T08:32:58.2276688Z {"nivel":"info","requestId":"b5badc09-8638-4b10-9596-9d85656d35a3","metodo":"GET","ruta":"/health/ready","status":503,"duracionMs":1}
verificar · typecheck · unit · build · audit	Pruebas unitarias (domain, api)	2026-09-24T08:32:58.3378531Z {"nivel":"info","requestId":"97368953-dec8-472a-8a6d-a78a0ae66016","metodo":"GET","ruta":"/health/ready","status":200,"duracionMs":0}
verificar · typecheck · unit · build · audit	Pruebas unitarias (domain, api)	2026-09-24T08:32:58.4572951Z {"nivel":"info","requestId":"9a1f9b92-8604-4917-a604-de73dadac67a","metodo":"GET","ruta":"SIN_RUTA","status":404,"duracionMs":3}
verificar · typecheck · unit · build · audit	Pruebas unitarias (domain, api)	2026-09-24T08:32:58.4743977Z PASS src/health/health.spec.ts (11.964 s)
verificar · typecheck · unit · build · audit	Pruebas unitarias (domain, api)	2026-09-24T08:32:58.5704229Z {"nivel":"info","requestId":"fb429c78-915e-4eda-b9b6-917a3a44792c","metodo":"GET","ruta":"SIN_RUTA","status":404,"duracionMs":2}
verificar · typecheck · unit · build · audit	Pruebas unitarias (domain, api)	2026-09-24T08:32:58.5901932Z 
verificar · typecheck · unit · build · audit	Pruebas unitarias (domain, api)	2026-09-24T08:32:58.5905619Z Test Suites: 4 passed, 4 total
verificar · typecheck · unit · build · audit	Pruebas unitarias (domain, api)	2026-09-24T08:32:58.5906207Z Tests:       33 passed, 33 total
verificar · typecheck · unit · build · audit	Pruebas unitarias (domain, api)	2026-09-24T08:32:58.5906667Z Snapshots:   0 total
verificar · typecheck · unit · build · audit	Pruebas unitarias (domain, api)	2026-09-24T08:32:58.5907060Z Time:        12.695 s
verificar · typecheck · unit · build · audit	Pruebas unitarias (domain, api)	2026-09-24T08:32:58.5907451Z Ran all test suites.
verificar · typecheck · unit · build · audit	Build API	﻿2026-09-24T08:32:58.6131823Z ##[group]Run npm run build:api
verificar · typecheck · unit · build · audit	Build API	2026-09-24T08:32:58.6132166Z ^[[36;1mnpm run build:api^[[0m
verificar · typecheck · unit · build · audit	Build API	2026-09-24T08:32:58.6196298Z shell: /usr/bin/bash -e {0}
verificar · typecheck · unit · build · audit	Build API	2026-09-24T08:32:58.6196583Z ##[endgroup]
verificar · typecheck · unit · build · audit	Build API	2026-09-24T08:32:58.7206533Z 
verificar · typecheck · unit · build · audit	Build API	2026-09-24T08:32:58.7207074Z > be@0.1.0 build:api
verificar · typecheck · unit · build · audit	Build API	2026-09-24T08:32:58.7208010Z > npm run build:domain && npm run build -w @be/api
verificar · typecheck · unit · build · audit	Build API	2026-09-24T08:32:58.7208458Z 
verificar · typecheck · unit · build · audit	Build API	2026-09-24T08:32:58.8190392Z 
verificar · typecheck · unit · build · audit	Build API	2026-09-24T08:32:58.8190997Z > be@0.1.0 build:domain
verificar · typecheck · unit · build · audit	Build API	2026-09-24T08:32:58.8191798Z > npm run build -w @be/domain
verificar · typecheck · unit · build · audit	Build API	2026-09-24T08:32:58.9335534Z 
verificar · typecheck · unit · build · audit	Build API	2026-09-24T08:32:58.9335596Z 
verificar · typecheck · unit · build · audit	Build API	2026-09-24T08:32:58.9336175Z > @be/domain@0.1.0 build
verificar · typecheck · unit · build · audit	Build API	2026-09-24T08:32:58.9336573Z > tsc -p tsconfig.json
verificar · typecheck · unit · build · audit	Build API	2026-09-24T08:32:58.9336755Z 
verificar · typecheck · unit · build · audit	Build API	2026-09-24T08:33:03.6731995Z 
verificar · typecheck · unit · build · audit	Build API	2026-09-24T08:33:03.6732638Z > @be/api@0.9.0 build
verificar · typecheck · unit · build · audit	Build API	2026-09-24T08:33:03.6733275Z > tsc -p tsconfig.build.json
verificar · typecheck · unit · build · audit	Build API	2026-09-24T08:33:03.6733524Z 
verificar · typecheck · unit · build · audit	Build web (export estático)	﻿2026-09-24T08:33:09.6050432Z ##[group]Run npm run build:web
verificar · typecheck · unit · build · audit	Build web (export estático)	2026-09-24T08:33:09.6050754Z ^[[36;1mnpm run build:web^[[0m
verificar · typecheck · unit · build · audit	Build web (export estático)	2026-09-24T08:33:09.6113841Z shell: /usr/bin/bash -e {0}
verificar · typecheck · unit · build · audit	Build web (export estático)	2026-09-24T08:33:09.6114113Z ##[endgroup]
verificar · typecheck · unit · build · audit	Build web (export estático)	2026-09-24T08:33:09.7121692Z 
verificar · typecheck · unit · build · audit	Build web (export estático)	2026-09-24T08:33:09.7122174Z > be@0.1.0 build:web
verificar · typecheck · unit · build · audit	Build web (export estático)	2026-09-24T08:33:09.7122664Z > npm run build:domain && npm run build -w @be/web
verificar · typecheck · unit · build · audit	Build web (export estático)	2026-09-24T08:33:09.7122975Z 
verificar · typecheck · unit · build · audit	Build web (export estático)	2026-09-24T08:33:09.8095060Z 
verificar · typecheck · unit · build · audit	Build web (export estático)	2026-09-24T08:33:09.8095657Z > be@0.1.0 build:domain
verificar · typecheck · unit · build · audit	Build web (export estático)	2026-09-24T08:33:09.8096147Z > npm run build -w @be/domain
verificar · typecheck · unit · build · audit	Build web (export estático)	2026-09-24T08:33:09.8096376Z 
verificar · typecheck · unit · build · audit	Build web (export estático)	2026-09-24T08:33:09.9246741Z 
verificar · typecheck · unit · build · audit	Build web (export estático)	2026-09-24T08:33:09.9247208Z > @be/domain@0.1.0 build
verificar · typecheck · unit · build · audit	Build web (export estático)	2026-09-24T08:33:09.9247625Z > tsc -p tsconfig.json
verificar · typecheck · unit · build · audit	Build web (export estático)	2026-09-24T08:33:09.9247830Z 
verificar · typecheck · unit · build · audit	Build web (export estático)	2026-09-24T08:33:14.6190290Z 
verificar · typecheck · unit · build · audit	Build web (export estático)	2026-09-24T08:33:14.6190933Z > @be/web@0.9.0 build
verificar · typecheck · unit · build · audit	Build web (export estático)	2026-09-24T08:33:14.6191619Z > next build
verificar · typecheck · unit · build · audit	Build web (export estático)	2026-09-24T08:33:14.6191820Z 
verificar · typecheck · unit · build · audit	Build web (export estático)	2026-09-24T08:33:15.1318323Z ⚠ No build cache found. Please configure build caching for faster rebuilds. Read more: https://nextjs.org/docs/messages/no-cache
verificar · typecheck · unit · build · audit	Build web (export estático)	2026-09-24T08:33:15.1373569Z Attention: Next.js now collects completely anonymous telemetry regarding usage.
verificar · typecheck · unit · build · audit	Build web (export estático)	2026-09-24T08:33:15.1374757Z This information is used to shape Next.js' roadmap and prioritize features.
verificar · typecheck · unit · build · audit	Build web (export estático)	2026-09-24T08:33:15.1376066Z You can learn more, including how to opt-out if you'd not like to participate in this anonymous program, by visiting the following URL:
verificar · typecheck · unit · build · audit	Build web (export estático)	2026-09-24T08:33:15.1377098Z https://nextjs.org/telemetry
verificar · typecheck · unit · build · audit	Build web (export estático)	2026-09-24T08:33:15.1377322Z 
verificar · typecheck · unit · build · audit	Build web (export estático)	2026-09-24T08:33:15.2298590Z    ▲ Next.js 15.5.25
verificar · typecheck · unit · build · audit	Build web (export estático)	2026-09-24T08:33:15.2299341Z 
verificar · typecheck · unit · build · audit	Build web (export estático)	2026-09-24T08:33:15.3099858Z    Creating an optimized production build ...
verificar · typecheck · unit · build · audit	Build web (export estático)	2026-09-24T08:33:27.1595563Z  ✓ Compiled successfully in 9.5s
verificar · typecheck · unit · build · audit	Build web (export estático)	2026-09-24T08:33:27.1638491Z    Linting and checking validity of types ...
verificar · typecheck · unit · build · audit	Build web (export estático)	2026-09-24T08:33:33.4877443Z    Collecting page data ...
verificar · typecheck · unit · build · audit	Build web (export estático)	2026-09-24T08:33:35.8479830Z    Generating static pages (0/22) ...
verificar · typecheck · unit · build · audit	Build web (export estático)	2026-09-24T08:33:36.5947873Z    Generating static pages (5/22) 
verificar · typecheck · unit · build · audit	Build web (export estático)	2026-09-24T08:33:36.8172647Z    Generating static pages (10/22) 
verificar · typecheck · unit · build · audit	Build web (export estático)	2026-09-24T08:33:36.8173935Z    Generating static pages (16/22) 
verificar · typecheck · unit · build · audit	Build web (export estático)	2026-09-24T08:33:37.0005514Z  ✓ Generating static pages (22/22)
verificar · typecheck · unit · build · audit	Build web (export estático)	2026-09-24T08:33:37.5344404Z    Finalizing page optimization ...
verificar · typecheck · unit · build · audit	Build web (export estático)	2026-09-24T08:33:37.5345176Z    Collecting build traces ...
verificar · typecheck · unit · build · audit	Build web (export estático)	2026-09-24T08:33:42.7399099Z    Exporting (0/2) ...
verificar · typecheck · unit · build · audit	Build web (export estático)	2026-09-24T08:33:42.9738978Z  ✓ Exporting (2/2)
verificar · typecheck · unit · build · audit	Build web (export estático)	2026-09-24T08:33:42.9858948Z 
verificar · typecheck · unit · build · audit	Build web (export estático)	2026-09-24T08:33:42.9891456Z Route (app)                                 Size  First Load JS
verificar · typecheck · unit · build · audit	Build web (export estático)	2026-09-24T08:33:42.9892565Z ┌ ○ /                                    1.35 kB         258 kB
verificar · typecheck · unit · build · audit	Build web (export estático)	2026-09-24T08:33:42.9893494Z ├ ○ /_not-found                            989 B         103 kB
verificar · typecheck · unit · build · audit	Build web (export estático)	2026-09-24T08:33:42.9894371Z ├ ○ /account                             4.41 kB         261 kB
verificar · typecheck · unit · build · audit	Build web (export estático)	2026-09-24T08:33:42.9895267Z ├ ○ /account/privacy                     2.71 kB         262 kB
verificar · typecheck · unit · build · audit	Build web (export estático)	2026-09-24T08:33:42.9896220Z ├ ○ /account/relationships               4.17 kB         260 kB
verificar · typecheck · unit · build · audit	Build web (export estático)	2026-09-24T08:33:42.9897145Z ├ ○ /account/relationships/consent       3.77 kB         260 kB
verificar · typecheck · unit · build · audit	Build web (export estático)	2026-09-24T08:33:42.9898119Z ├ ○ /account/relationships/detail        2.73 kB         262 kB
verificar · typecheck · unit · build · audit	Build web (export estático)	2026-09-24T08:33:42.9899071Z ├ ○ /apple-icon.png                          0 B            0 B
verificar · typecheck · unit · build · audit	Build web (export estático)	2026-09-24T08:33:42.9900167Z ├ ○ /icon.png                                0 B            0 B
verificar · typecheck · unit · build · audit	Build web (export estático)	2026-09-24T08:33:42.9901466Z ├ ○ /legal/privacidad                      610 B         106 kB
verificar · typecheck · unit · build · audit	Build web (export estático)	2026-09-24T08:33:42.9902805Z ├ ○ /legal/terminos                        610 B         106 kB
verificar · typecheck · unit · build · audit	Build web (export estático)	2026-09-24T08:33:42.9903858Z ├ ○ /login                               2.16 kB         258 kB
verificar · typecheck · unit · build · audit	Build web (export estático)	2026-09-24T08:33:42.9904950Z ├ ○ /pro                                   189 B         261 kB
verificar · typecheck · unit · build · audit	Build web (export estático)	2026-09-24T08:33:42.9918936Z ├ ○ /pro/advisees                        2.44 kB         263 kB
verificar · typecheck · unit · build · audit	Build web (export estático)	2026-09-24T08:33:42.9920043Z ├ ○ /pro/advisees/anthropometry          11.6 kB         273 kB
verificar · typecheck · unit · build · audit	Build web (export estático)	2026-09-24T08:33:42.9921730Z ├ ○ /pro/advisees/forms                  3.47 kB         264 kB
verificar · typecheck · unit · build · audit	Build web (export estático)	2026-09-24T08:33:42.9923662Z ├ ○ /pro/advisees/nutrition              15.5 kB         276 kB
verificar · typecheck · unit · build · audit	Build web (export estático)	2026-09-24T08:33:42.9924968Z ├ ○ /pro/advisees/training               15.9 kB         277 kB
verificar · typecheck · unit · build · audit	Build web (export estático)	2026-09-24T08:33:42.9925842Z └ ○ /register                            2.87 kB         259 kB
verificar · typecheck · unit · build · audit	Build web (export estático)	2026-09-24T08:33:42.9926522Z + First Load JS shared by all             102 kB
verificar · typecheck · unit · build · audit	Build web (export estático)	2026-09-24T08:33:42.9927185Z   ├ chunks/18-322c3a0465595f76.js        46.4 kB
verificar · typecheck · unit · build · audit	Build web (export estático)	2026-09-24T08:33:42.9927846Z   ├ chunks/87c73c54-0375ba195de27293.js  54.2 kB
verificar · typecheck · unit · build · audit	Build web (export estático)	2026-09-24T08:33:42.9928486Z   └ other shared chunks (total)          1.87 kB
verificar · typecheck · unit · build · audit	Build web (export estático)	2026-09-24T08:33:42.9928826Z 
verificar · typecheck · unit · build · audit	Build web (export estático)	2026-09-24T08:33:42.9928844Z 
verificar · typecheck · unit · build · audit	Build web (export estático)	2026-09-24T08:33:42.9929173Z ○  (Static)  prerendered as static content
verificar · typecheck · unit · build · audit	Build web (export estático)	2026-09-24T08:33:42.9929506Z 
verificar · typecheck · unit · build · audit	npm audit --omit=dev — falla con altos o críticos (WP-01 §2)	﻿2026-09-24T08:33:43.0555882Z ##[group]Run npm run audit:prod
verificar · typecheck · unit · build · audit	npm audit --omit=dev — falla con altos o críticos (WP-01 §2)	2026-09-24T08:33:43.0556231Z ^[[36;1mnpm run audit:prod^[[0m
verificar · typecheck · unit · build · audit	npm audit --omit=dev — falla con altos o críticos (WP-01 §2)	2026-09-24T08:33:43.0618626Z shell: /usr/bin/bash -e {0}
verificar · typecheck · unit · build · audit	npm audit --omit=dev — falla con altos o críticos (WP-01 §2)	2026-09-24T08:33:43.0618903Z ##[endgroup]
verificar · typecheck · unit · build · audit	npm audit --omit=dev — falla con altos o críticos (WP-01 §2)	2026-09-24T08:33:43.1678977Z 
verificar · typecheck · unit · build · audit	npm audit --omit=dev — falla con altos o críticos (WP-01 §2)	2026-09-24T08:33:43.1679565Z > be@0.1.0 audit:prod
verificar · typecheck · unit · build · audit	npm audit --omit=dev — falla con altos o críticos (WP-01 §2)	2026-09-24T08:33:43.1680919Z > npm audit --omit=dev --audit-level=high -w @be/api && npm audit --omit=dev --audit-level=high -w @be/web && npm audit --omit=dev --audit-level=high -w @be/mobile
verificar · typecheck · unit · build · audit	npm audit --omit=dev — falla con altos o críticos (WP-01 §2)	2026-09-24T08:33:43.1682089Z 
verificar · typecheck · unit · build · audit	npm audit --omit=dev — falla con altos o críticos (WP-01 §2)	2026-09-24T08:33:43.7306264Z found 0 vulnerabilities
verificar · typecheck · unit · build · audit	npm audit --omit=dev — falla con altos o críticos (WP-01 §2)	2026-09-24T08:33:44.3018314Z found 0 vulnerabilities
verificar · typecheck · unit · build · audit	npm audit --omit=dev — falla con altos o críticos (WP-01 §2)	2026-09-24T08:33:45.2128172Z # npm audit report
verificar · typecheck · unit · build · audit	npm audit --omit=dev — falla con altos o críticos (WP-01 §2)	2026-09-24T08:33:45.2129003Z 
verificar · typecheck · unit · build · audit	npm audit --omit=dev — falla con altos o críticos (WP-01 §2)	2026-09-24T08:33:45.2129166Z uuid  <11.1.1
verificar · typecheck · unit · build · audit	npm audit --omit=dev — falla con altos o críticos (WP-01 §2)	2026-09-24T08:33:45.2129556Z Severity: moderate
verificar · typecheck · unit · build · audit	npm audit --omit=dev — falla con altos o críticos (WP-01 §2)	2026-09-24T08:33:45.2130653Z uuid: Missing buffer bounds check in v3/v5/v6 when buf is provided - https://github.com/advisories/GHSA-w5hq-g745-h8pq
verificar · typecheck · unit · build · audit	npm audit --omit=dev — falla con altos o críticos (WP-01 §2)	2026-09-24T08:33:45.2131926Z fix available via `npm audit fix --force`
verificar · typecheck · unit · build · audit	npm audit --omit=dev — falla con altos o críticos (WP-01 §2)	2026-09-24T08:33:45.2132460Z Will install expo@46.0.21, which is a breaking change
verificar · typecheck · unit · build · audit	npm audit --omit=dev — falla con altos o críticos (WP-01 §2)	2026-09-24T08:33:45.2132880Z node_modules/uuid
verificar · typecheck · unit · build · audit	npm audit --omit=dev — falla con altos o críticos (WP-01 §2)	2026-09-24T08:33:45.2133105Z   xcode  >=0.9.2
verificar · typecheck · unit · build · audit	npm audit --omit=dev — falla con altos o críticos (WP-01 §2)	2026-09-24T08:33:45.2133377Z   Depends on vulnerable versions of uuid
verificar · typecheck · unit · build · audit	npm audit --omit=dev — falla con altos o críticos (WP-01 §2)	2026-09-24T08:33:45.2133667Z   node_modules/xcode
verificar · typecheck · unit · build · audit	npm audit --omit=dev — falla con altos o críticos (WP-01 §2)	2026-09-24T08:33:45.2133910Z     @expo/config-plugins  *
verificar · typecheck · unit · build · audit	npm audit --omit=dev — falla con altos o críticos (WP-01 §2)	2026-09-24T08:33:45.2134225Z     Depends on vulnerable versions of xcode
verificar · typecheck · unit · build · audit	npm audit --omit=dev — falla con altos o críticos (WP-01 §2)	2026-09-24T08:33:45.2134566Z     node_modules/@expo/config-plugins
verificar · typecheck · unit · build · audit	npm audit --omit=dev — falla con altos o críticos (WP-01 §2)	2026-09-24T08:33:45.2135018Z       @expo/cli  <=0.0.0-canary-20231123-1b19f96-4 || >=0.0.1-canary-20231125-d600e44
verificar · typecheck · unit · build · audit	npm audit --omit=dev — falla con altos o críticos (WP-01 §2)	2026-09-24T08:33:45.2135501Z       Depends on vulnerable versions of @expo/config
verificar · typecheck · unit · build · audit	npm audit --omit=dev — falla con altos o críticos (WP-01 §2)	2026-09-24T08:33:45.2135917Z       Depends on vulnerable versions of @expo/config-plugins
verificar · typecheck · unit · build · audit	npm audit --omit=dev — falla con altos o críticos (WP-01 §2)	2026-09-24T08:33:45.2136335Z       Depends on vulnerable versions of @expo/inline-modules
verificar · typecheck · unit · build · audit	npm audit --omit=dev — falla con altos o críticos (WP-01 §2)	2026-09-24T08:33:45.2136735Z       Depends on vulnerable versions of @expo/metro-config
verificar · typecheck · unit · build · audit	npm audit --omit=dev — falla con altos o críticos (WP-01 §2)	2026-09-24T08:33:45.2137171Z       Depends on vulnerable versions of @expo/prebuild-config
verificar · typecheck · unit · build · audit	npm audit --omit=dev — falla con altos o críticos (WP-01 §2)	2026-09-24T08:33:45.2137518Z       node_modules/@expo/cli
verificar · typecheck · unit · build · audit	npm audit --omit=dev — falla con altos o críticos (WP-01 §2)	2026-09-24T08:33:45.2137851Z         expo  40.0.0-alpha.0 - 40.0.0-beta.5 || >=41.0.0-alpha.0
verificar · typecheck · unit · build · audit	npm audit --omit=dev — falla con altos o críticos (WP-01 §2)	2026-09-24T08:33:45.2138258Z         Depends on vulnerable versions of @expo/cli
verificar · typecheck · unit · build · audit	npm audit --omit=dev — falla con altos o críticos (WP-01 §2)	2026-09-24T08:33:45.2138637Z         Depends on vulnerable versions of @expo/config
verificar · typecheck · unit · build · audit	npm audit --omit=dev — falla con altos o críticos (WP-01 §2)	2026-09-24T08:33:45.2139038Z         Depends on vulnerable versions of @expo/config-plugins
verificar · typecheck · unit · build · audit	npm audit --omit=dev — falla con altos o críticos (WP-01 §2)	2026-09-24T08:33:45.2139514Z         Depends on vulnerable versions of @expo/local-build-cache-provider
verificar · typecheck · unit · build · audit	npm audit --omit=dev — falla con altos o críticos (WP-01 §2)	2026-09-24T08:33:45.2139979Z         Depends on vulnerable versions of @expo/metro-config
verificar · typecheck · unit · build · audit	npm audit --omit=dev — falla con altos o críticos (WP-01 §2)	2026-09-24T08:33:45.2140391Z         node_modules/expo
verificar · typecheck · unit · build · audit	npm audit --omit=dev — falla con altos o críticos (WP-01 §2)	2026-09-24T08:33:45.2141006Z       @expo/config  <=0.0.1-canary-20240418-8d74597 || >=3.3.23-alpha.0
verificar · typecheck · unit · build · audit	npm audit --omit=dev — falla con altos o críticos (WP-01 §2)	2026-09-24T08:33:45.2142205Z       Depends on vulnerable versions of @expo/config-plugins
verificar · typecheck · unit · build · audit	npm audit --omit=dev — falla con altos o críticos (WP-01 §2)	2026-09-24T08:33:45.2142917Z       node_modules/@expo/config
verificar · typecheck · unit · build · audit	npm audit --omit=dev — falla con altos o críticos (WP-01 §2)	2026-09-24T08:33:45.2143499Z         @expo/local-build-cache-provider  *
verificar · typecheck · unit · build · audit	npm audit --omit=dev — falla con altos o críticos (WP-01 §2)	2026-09-24T08:33:45.2143947Z         Depends on vulnerable versions of @expo/config
verificar · typecheck · unit · build · audit	npm audit --omit=dev — falla con altos o críticos (WP-01 §2)	2026-09-24T08:33:45.2144357Z         node_modules/@expo/local-build-cache-provider
verificar · typecheck · unit · build · audit	npm audit --omit=dev — falla con altos o críticos (WP-01 §2)	2026-09-24T08:33:45.2144810Z         @expo/metro-config  <=0.0.1-canary-20240418-8d74597 || >=0.1.49-alpha.0
verificar · typecheck · unit · build · audit	npm audit --omit=dev — falla con altos o críticos (WP-01 §2)	2026-09-24T08:33:45.2145268Z         Depends on vulnerable versions of @expo/config
verificar · typecheck · unit · build · audit	npm audit --omit=dev — falla con altos o críticos (WP-01 §2)	2026-09-24T08:33:45.2145618Z         node_modules/@expo/metro-config
verificar · typecheck · unit · build · audit	npm audit --omit=dev — falla con altos o críticos (WP-01 §2)	2026-09-24T08:33:45.2145982Z       @expo/inline-modules  >=0.0.2-canary-20260409-6fc2991
verificar · typecheck · unit · build · audit	npm audit --omit=dev — falla con altos o críticos (WP-01 §2)	2026-09-24T08:33:45.2146401Z       Depends on vulnerable versions of @expo/config-plugins
verificar · typecheck · unit · build · audit	npm audit --omit=dev — falla con altos o críticos (WP-01 §2)	2026-09-24T08:33:45.2146765Z       node_modules/@expo/inline-modules
verificar · typecheck · unit · build · audit	npm audit --omit=dev — falla con altos o críticos (WP-01 §2)	2026-09-24T08:33:45.2147070Z       @expo/prebuild-config  *
verificar · typecheck · unit · build · audit	npm audit --omit=dev — falla con altos o críticos (WP-01 §2)	2026-09-24T08:33:45.2147383Z       Depends on vulnerable versions of @expo/config
verificar · typecheck · unit · build · audit	npm audit --omit=dev — falla con altos o críticos (WP-01 §2)	2026-09-24T08:33:45.2147787Z       Depends on vulnerable versions of @expo/config-plugins
verificar · typecheck · unit · build · audit	npm audit --omit=dev — falla con altos o críticos (WP-01 §2)	2026-09-24T08:33:45.2148172Z       node_modules/@expo/prebuild-config
verificar · typecheck · unit · build · audit	npm audit --omit=dev — falla con altos o críticos (WP-01 §2)	2026-09-24T08:33:45.2148371Z 
verificar · typecheck · unit · build · audit	npm audit --omit=dev — falla con altos o críticos (WP-01 §2)	2026-09-24T08:33:45.2148518Z 10 moderate severity vulnerabilities
verificar · typecheck · unit · build · audit	npm audit --omit=dev — falla con altos o críticos (WP-01 §2)	2026-09-24T08:33:45.2148997Z 
verificar · typecheck · unit · build · audit	npm audit --omit=dev — falla con altos o críticos (WP-01 §2)	2026-09-24T08:33:45.2149202Z To address issues that do not require attention, run:
verificar · typecheck · unit · build · audit	npm audit --omit=dev — falla con altos o críticos (WP-01 §2)	2026-09-24T08:33:45.2149518Z   npm audit fix
verificar · typecheck · unit · build · audit	npm audit --omit=dev — falla con altos o críticos (WP-01 §2)	2026-09-24T08:33:45.2149645Z 
verificar · typecheck · unit · build · audit	npm audit --omit=dev — falla con altos o críticos (WP-01 §2)	2026-09-24T08:33:45.2149854Z To address all issues (including breaking changes), run:
verificar · typecheck · unit · build · audit	npm audit --omit=dev — falla con altos o críticos (WP-01 §2)	2026-09-24T08:33:45.2150191Z   npm audit fix --force
verificar · typecheck · unit · build · audit	Post Run actions/setup-node@v7	﻿2026-09-24T08:33:45.2450608Z Post job cleanup.
verificar · typecheck · unit · build · audit	Post Run actions/setup-node@v7	2026-09-24T08:33:45.3530049Z Cache hit occurred on the primary key node-cache-Linux-x64-npm-f4a5306afd7f517952b0744f3e3566052f0fac9e496cdfe8370c8cb4545cd4d3, not saving cache.
verificar · typecheck · unit · build · audit	Post Run actions/checkout@v7	﻿2026-09-24T08:33:45.3674259Z Post job cleanup.
verificar · typecheck · unit · build · audit	Post Run actions/checkout@v7	2026-09-24T08:33:45.4498670Z [command]/usr/bin/git version
verificar · typecheck · unit · build · audit	Post Run actions/checkout@v7	2026-09-24T08:33:45.4553510Z git version 2.55.0
verificar · typecheck · unit · build · audit	Post Run actions/checkout@v7	2026-09-24T08:33:45.4592860Z Temporarily overriding HOME='/home/runner/work/_temp/3a5899ef-e749-43ad-94f4-18c7db922851' before making global git config changes
verificar · typecheck · unit · build · audit	Post Run actions/checkout@v7	2026-09-24T08:33:45.4594414Z Adding repository directory to the temporary git global config as a safe directory
verificar · typecheck · unit · build · audit	Post Run actions/checkout@v7	2026-09-24T08:33:45.4598162Z [command]/usr/bin/git config --global --add safe.directory /home/runner/work/be/be
verificar · typecheck · unit · build · audit	Post Run actions/checkout@v7	2026-09-24T08:33:45.4632612Z Removing SSH command configuration
verificar · typecheck · unit · build · audit	Post Run actions/checkout@v7	2026-09-24T08:33:45.4640442Z [command]/usr/bin/git config --local --name-only --get-regexp core\.sshCommand
verificar · typecheck · unit · build · audit	Post Run actions/checkout@v7	2026-09-24T08:33:45.4698794Z [command]/usr/bin/git submodule foreach --recursive sh -c "git config --local --name-only --get-regexp 'core\.sshCommand' && git config --local --unset-all 'core.sshCommand' || :"
verificar · typecheck · unit · build · audit	Post Run actions/checkout@v7	2026-09-24T08:33:45.4948407Z Removing HTTP extra header
verificar · typecheck · unit · build · audit	Post Run actions/checkout@v7	2026-09-24T08:33:45.4954391Z [command]/usr/bin/git config --local --name-only --get-regexp http\.https\:\/\/github\.com\/\.extraheader
verificar · typecheck · unit · build · audit	Post Run actions/checkout@v7	2026-09-24T08:33:45.4995650Z [command]/usr/bin/git submodule foreach --recursive sh -c "git config --local --name-only --get-regexp 'http\.https\:\/\/github\.com\/\.extraheader' && git config --local --unset-all 'http.https://github.com/.extraheader' || :"
verificar · typecheck · unit · build · audit	Post Run actions/checkout@v7	2026-09-24T08:33:45.5249788Z Removing includeIf entries pointing to credentials config files
verificar · typecheck · unit · build · audit	Post Run actions/checkout@v7	2026-09-24T08:33:45.5258634Z [command]/usr/bin/git config --local --name-only --get-regexp ^includeIf\.gitdir:
verificar · typecheck · unit · build · audit	Post Run actions/checkout@v7	2026-09-24T08:33:45.5287858Z includeif.gitdir:/home/runner/work/be/be/.git.path
verificar · typecheck · unit · build · audit	Post Run actions/checkout@v7	2026-09-24T08:33:45.5289006Z includeif.gitdir:/home/runner/work/be/be/.git/worktrees/*.path
verificar · typecheck · unit · build · audit	Post Run actions/checkout@v7	2026-09-24T08:33:45.5290037Z includeif.gitdir:/github/workspace/.git.path
verificar · typecheck · unit · build · audit	Post Run actions/checkout@v7	2026-09-24T08:33:45.5291066Z includeif.gitdir:/github/workspace/.git/worktrees/*.path
verificar · typecheck · unit · build · audit	Post Run actions/checkout@v7	2026-09-24T08:33:45.5297922Z [command]/usr/bin/git config --local --get-all includeif.gitdir:/home/runner/work/be/be/.git.path
verificar · typecheck · unit · build · audit	Post Run actions/checkout@v7	2026-09-24T08:33:45.5326516Z /home/runner/work/_temp/git-credentials-46f5644f-5cb8-4c05-8efa-9fdf644ece00.config
verificar · typecheck · unit · build · audit	Post Run actions/checkout@v7	2026-09-24T08:33:45.5338585Z [command]/usr/bin/git config --local --unset includeif.gitdir:/home/runner/work/be/be/.git.path \/home\/runner\/work\/_temp\/git\-credentials\-46f5644f\-5cb8\-4c05\-8efa\-9fdf644ece00\.config
verificar · typecheck · unit · build · audit	Post Run actions/checkout@v7	2026-09-24T08:33:45.5430985Z [command]/usr/bin/git config --local --get-all includeif.gitdir:/home/runner/work/be/be/.git/worktrees/*.path
verificar · typecheck · unit · build · audit	Post Run actions/checkout@v7	2026-09-24T08:33:45.5432631Z /home/runner/work/_temp/git-credentials-46f5644f-5cb8-4c05-8efa-9fdf644ece00.config
verificar · typecheck · unit · build · audit	Post Run actions/checkout@v7	2026-09-24T08:33:45.5463482Z [command]/usr/bin/git config --local --unset includeif.gitdir:/home/runner/work/be/be/.git/worktrees/*.path \/home\/runner\/work\/_temp\/git\-credentials\-46f5644f\-5cb8\-4c05\-8efa\-9fdf644ece00\.config
verificar · typecheck · unit · build · audit	Post Run actions/checkout@v7	2026-09-24T08:33:45.5543062Z [command]/usr/bin/git config --local --get-all includeif.gitdir:/github/workspace/.git.path
verificar · typecheck · unit · build · audit	Post Run actions/checkout@v7	2026-09-24T08:33:45.5544603Z /github/runner_temp/git-credentials-46f5644f-5cb8-4c05-8efa-9fdf644ece00.config
verificar · typecheck · unit · build · audit	Post Run actions/checkout@v7	2026-09-24T08:33:45.5547539Z [command]/usr/bin/git config --local --unset includeif.gitdir:/github/workspace/.git.path \/github\/runner_temp\/git\-credentials\-46f5644f\-5cb8\-4c05\-8efa\-9fdf644ece00\.config
verificar · typecheck · unit · build · audit	Post Run actions/checkout@v7	2026-09-24T08:33:45.5582416Z [command]/usr/bin/git config --local --get-all includeif.gitdir:/github/workspace/.git/worktrees/*.path
verificar · typecheck · unit · build · audit	Post Run actions/checkout@v7	2026-09-24T08:33:45.5609472Z /github/runner_temp/git-credentials-46f5644f-5cb8-4c05-8efa-9fdf644ece00.config
verificar · typecheck · unit · build · audit	Post Run actions/checkout@v7	2026-09-24T08:33:45.5618362Z [command]/usr/bin/git config --local --unset includeif.gitdir:/github/workspace/.git/worktrees/*.path \/github\/runner_temp\/git\-credentials\-46f5644f\-5cb8\-4c05\-8efa\-9fdf644ece00\.config
verificar · typecheck · unit · build · audit	Post Run actions/checkout@v7	2026-09-24T08:33:45.5658723Z [command]/usr/bin/git submodule foreach --recursive git config --local --show-origin --name-only --get-regexp remote.origin.url
verificar · typecheck · unit · build · audit	Post Run actions/checkout@v7	2026-09-24T08:33:45.5903427Z Removing credentials config '/home/runner/work/_temp/git-credentials-46f5644f-5cb8-4c05-8efa-9fdf644ece00.config'
verificar · typecheck · unit · build · audit	Complete job	﻿2026-09-24T08:33:45.6093220Z Cleaning up orphan processes
