verificar · typecheck · unit · build · audit	Set up job	﻿2026-09-24T07:22:55.1827413Z Current runner version: '2.337.0'
verificar · typecheck · unit · build · audit	Set up job	2026-09-24T07:22:55.1855011Z ##[group]Runner Image Provisioner
verificar · typecheck · unit · build · audit	Set up job	2026-09-24T07:22:55.1855927Z Hosted Compute Agent
verificar · typecheck · unit · build · audit	Set up job	2026-09-24T07:22:55.1856660Z Version: 20260828.587
verificar · typecheck · unit · build · audit	Set up job	2026-09-24T07:22:55.1857378Z Commit: abac92662cab4cc7352de4f9f9d2e2419aad9c29
verificar · typecheck · unit · build · audit	Set up job	2026-09-24T07:22:55.1858129Z Build Date: 2026-08-28T16:44:25Z
verificar · typecheck · unit · build · audit	Set up job	2026-09-24T07:22:55.1858904Z Worker ID: {f0727455-c414-4d9d-9a25-4c8d8087b147}
verificar · typecheck · unit · build · audit	Set up job	2026-09-24T07:22:55.1859993Z Azure Region: northcentralus
verificar · typecheck · unit · build · audit	Set up job	2026-09-24T07:22:55.1860648Z ##[endgroup]
verificar · typecheck · unit · build · audit	Set up job	2026-09-24T07:22:55.1862331Z ##[group]Operating System
verificar · typecheck · unit · build · audit	Set up job	2026-09-24T07:22:55.1863016Z Ubuntu
verificar · typecheck · unit · build · audit	Set up job	2026-09-24T07:22:55.1864050Z 24.04.5
verificar · typecheck · unit · build · audit	Set up job	2026-09-24T07:22:55.1864640Z LTS
verificar · typecheck · unit · build · audit	Set up job	2026-09-24T07:22:55.1865216Z ##[endgroup]
verificar · typecheck · unit · build · audit	Set up job	2026-09-24T07:22:55.1865890Z ##[group]Runner Image
verificar · typecheck · unit · build · audit	Set up job	2026-09-24T07:22:55.1866510Z Image: ubuntu-24.04
verificar · typecheck · unit · build · audit	Set up job	2026-09-24T07:22:55.1867134Z Version: 20260907.300.1
verificar · typecheck · unit · build · audit	Set up job	2026-09-24T07:22:55.1868275Z Included Software: https://github.com/actions/runner-images/blob/ubuntu24/20260907.300/images/ubuntu/Ubuntu2404-Readme.md
verificar · typecheck · unit · build · audit	Set up job	2026-09-24T07:22:55.1870542Z Image Release: https://github.com/actions/runner-images/releases/tag/ubuntu24%2F20260907.300
verificar · typecheck · unit · build · audit	Set up job	2026-09-24T07:22:55.1871611Z ##[endgroup]
verificar · typecheck · unit · build · audit	Set up job	2026-09-24T07:22:55.1872829Z ##[group]GITHUB_TOKEN Permissions
verificar · typecheck · unit · build · audit	Set up job	2026-09-24T07:22:55.1875116Z Contents: read
verificar · typecheck · unit · build · audit	Set up job	2026-09-24T07:22:55.1875852Z Metadata: read
verificar · typecheck · unit · build · audit	Set up job	2026-09-24T07:22:55.1876456Z ##[endgroup]
verificar · typecheck · unit · build · audit	Set up job	2026-09-24T07:22:55.1878886Z Secret source: Actions
verificar · typecheck · unit · build · audit	Set up job	2026-09-24T07:22:55.1880341Z Cache mode: write
verificar · typecheck · unit · build · audit	Set up job	2026-09-24T07:22:55.1881469Z Prepare workflow directory
verificar · typecheck · unit · build · audit	Set up job	2026-09-24T07:22:55.2367895Z Prepare all required actions
verificar · typecheck · unit · build · audit	Set up job	2026-09-24T07:22:55.2439157Z Getting action download info
verificar · typecheck · unit · build · audit	Set up job	2026-09-24T07:22:55.4698323Z Download action repository 'actions/checkout@v7' (SHA:3d3c42e5aac5ba805825da76410c181273ba90b1)
verificar · typecheck · unit · build · audit	Set up job	2026-09-24T07:22:55.5804880Z Download action repository 'actions/setup-node@v7' (SHA:820762786026740c76f36085b0efc47a31fe5020)
verificar · typecheck · unit · build · audit	Set up job	2026-09-24T07:22:55.7841873Z Complete job name: verificar · typecheck · unit · build · audit
verificar · typecheck · unit · build · audit	Run actions/checkout@v7	﻿2026-09-24T07:22:55.8792109Z ##[group]Run actions/checkout@v7
verificar · typecheck · unit · build · audit	Run actions/checkout@v7	2026-09-24T07:22:55.8793391Z with:
verificar · typecheck · unit · build · audit	Run actions/checkout@v7	2026-09-24T07:22:55.8793897Z   repository: Elian-Bufi/be
verificar · typecheck · unit · build · audit	Run actions/checkout@v7	2026-09-24T07:22:55.8798160Z   token: ***
verificar · typecheck · unit · build · audit	Run actions/checkout@v7	2026-09-24T07:22:55.8798963Z   ssh-strict: true
verificar · typecheck · unit · build · audit	Run actions/checkout@v7	2026-09-24T07:22:55.8799898Z   ssh-user: git
verificar · typecheck · unit · build · audit	Run actions/checkout@v7	2026-09-24T07:22:55.8800432Z   persist-credentials: true
verificar · typecheck · unit · build · audit	Run actions/checkout@v7	2026-09-24T07:22:55.8800941Z   clean: true
verificar · typecheck · unit · build · audit	Run actions/checkout@v7	2026-09-24T07:22:55.8801401Z   sparse-checkout-cone-mode: true
verificar · typecheck · unit · build · audit	Run actions/checkout@v7	2026-09-24T07:22:55.8801937Z   fetch-depth: 1
verificar · typecheck · unit · build · audit	Run actions/checkout@v7	2026-09-24T07:22:55.8802395Z   fetch-tags: false
verificar · typecheck · unit · build · audit	Run actions/checkout@v7	2026-09-24T07:22:55.8802859Z   show-progress: true
verificar · typecheck · unit · build · audit	Run actions/checkout@v7	2026-09-24T07:22:55.8803330Z   lfs: false
verificar · typecheck · unit · build · audit	Run actions/checkout@v7	2026-09-24T07:22:55.8803776Z   submodules: false
verificar · typecheck · unit · build · audit	Run actions/checkout@v7	2026-09-24T07:22:55.8804246Z   set-safe-directory: true
verificar · typecheck · unit · build · audit	Run actions/checkout@v7	2026-09-24T07:22:55.8804911Z   allow-unsafe-pr-checkout: false
verificar · typecheck · unit · build · audit	Run actions/checkout@v7	2026-09-24T07:22:55.8806688Z ##[endgroup]
verificar · typecheck · unit · build · audit	Run actions/checkout@v7	2026-09-24T07:22:55.9927875Z Syncing repository: Elian-Bufi/be
verificar · typecheck · unit · build · audit	Run actions/checkout@v7	2026-09-24T07:22:55.9931056Z ##[group]Getting Git version info
verificar · typecheck · unit · build · audit	Run actions/checkout@v7	2026-09-24T07:22:55.9931821Z Working directory is '/home/runner/work/be/be'
verificar · typecheck · unit · build · audit	Run actions/checkout@v7	2026-09-24T07:22:55.9933011Z [command]/usr/bin/git version
verificar · typecheck · unit · build · audit	Run actions/checkout@v7	2026-09-24T07:22:56.0027685Z git version 2.55.0
verificar · typecheck · unit · build · audit	Run actions/checkout@v7	2026-09-24T07:22:56.0054355Z ##[endgroup]
verificar · typecheck · unit · build · audit	Run actions/checkout@v7	2026-09-24T07:22:56.0064701Z Temporarily overriding HOME='/home/runner/work/_temp/50f6a788-7049-4a11-9309-6d097a71ad34' before making global git config changes
verificar · typecheck · unit · build · audit	Run actions/checkout@v7	2026-09-24T07:22:56.0067129Z Adding repository directory to the temporary git global config as a safe directory
verificar · typecheck · unit · build · audit	Run actions/checkout@v7	2026-09-24T07:22:56.0071757Z [command]/usr/bin/git config --global --add safe.directory /home/runner/work/be/be
verificar · typecheck · unit · build · audit	Run actions/checkout@v7	2026-09-24T07:22:56.0125891Z Deleting the contents of '/home/runner/work/be/be'
verificar · typecheck · unit · build · audit	Run actions/checkout@v7	2026-09-24T07:22:56.0130538Z ##[group]Determining repository object format
verificar · typecheck · unit · build · audit	Run actions/checkout@v7	2026-09-24T07:22:56.0132629Z ##[endgroup]
verificar · typecheck · unit · build · audit	Run actions/checkout@v7	2026-09-24T07:22:56.0133907Z ##[group]Initializing the repository
verificar · typecheck · unit · build · audit	Run actions/checkout@v7	2026-09-24T07:22:56.0138551Z [command]/usr/bin/git init /home/runner/work/be/be
verificar · typecheck · unit · build · audit	Run actions/checkout@v7	2026-09-24T07:22:56.0271661Z hint: Using 'master' as the name for the initial branch. This default branch name
verificar · typecheck · unit · build · audit	Run actions/checkout@v7	2026-09-24T07:22:56.0273585Z hint: will change to "main" in Git 3.0. To configure the initial branch name
verificar · typecheck · unit · build · audit	Run actions/checkout@v7	2026-09-24T07:22:56.0275552Z hint: to use in all of your new repositories, which will suppress this warning,
verificar · typecheck · unit · build · audit	Run actions/checkout@v7	2026-09-24T07:22:56.0276744Z hint: call:
verificar · typecheck · unit · build · audit	Run actions/checkout@v7	2026-09-24T07:22:56.0277377Z hint:
verificar · typecheck · unit · build · audit	Run actions/checkout@v7	2026-09-24T07:22:56.0278196Z hint: 	git config --global init.defaultBranch <name>
verificar · typecheck · unit · build · audit	Run actions/checkout@v7	2026-09-24T07:22:56.0279313Z hint:
verificar · typecheck · unit · build · audit	Run actions/checkout@v7	2026-09-24T07:22:56.0280509Z hint: Names commonly chosen instead of 'master' are 'main', 'trunk' and
verificar · typecheck · unit · build · audit	Run actions/checkout@v7	2026-09-24T07:22:56.0282023Z hint: 'development'. The just-created branch can be renamed via this command:
verificar · typecheck · unit · build · audit	Run actions/checkout@v7	2026-09-24T07:22:56.0283238Z hint:
verificar · typecheck · unit · build · audit	Run actions/checkout@v7	2026-09-24T07:22:56.0284049Z hint: 	git branch -m <name>
verificar · typecheck · unit · build · audit	Run actions/checkout@v7	2026-09-24T07:22:56.0285544Z hint:
verificar · typecheck · unit · build · audit	Run actions/checkout@v7	2026-09-24T07:22:56.0287530Z hint: Disable this message with "git config set advice.defaultBranchName false"
verificar · typecheck · unit · build · audit	Run actions/checkout@v7	2026-09-24T07:22:56.0290552Z Initialized empty Git repository in /home/runner/work/be/be/.git/
verificar · typecheck · unit · build · audit	Run actions/checkout@v7	2026-09-24T07:22:56.0294466Z [command]/usr/bin/git remote add origin https://github.com/Elian-Bufi/be
verificar · typecheck · unit · build · audit	Run actions/checkout@v7	2026-09-24T07:22:56.0343939Z ##[endgroup]
verificar · typecheck · unit · build · audit	Run actions/checkout@v7	2026-09-24T07:22:56.0344899Z ##[group]Disabling automatic garbage collection
verificar · typecheck · unit · build · audit	Run actions/checkout@v7	2026-09-24T07:22:56.0350004Z [command]/usr/bin/git config --local gc.auto 0
verificar · typecheck · unit · build · audit	Run actions/checkout@v7	2026-09-24T07:22:56.0395102Z ##[endgroup]
verificar · typecheck · unit · build · audit	Run actions/checkout@v7	2026-09-24T07:22:56.0396419Z ##[group]Setting up auth
verificar · typecheck · unit · build · audit	Run actions/checkout@v7	2026-09-24T07:22:56.0397297Z Removing SSH command configuration
verificar · typecheck · unit · build · audit	Run actions/checkout@v7	2026-09-24T07:22:56.0405451Z [command]/usr/bin/git config --local --name-only --get-regexp core\.sshCommand
verificar · typecheck · unit · build · audit	Run actions/checkout@v7	2026-09-24T07:22:56.0448894Z [command]/usr/bin/git submodule foreach --recursive sh -c "git config --local --name-only --get-regexp 'core\.sshCommand' && git config --local --unset-all 'core.sshCommand' || :"
verificar · typecheck · unit · build · audit	Run actions/checkout@v7	2026-09-24T07:22:56.0882739Z Removing HTTP extra header
verificar · typecheck · unit · build · audit	Run actions/checkout@v7	2026-09-24T07:22:56.0888696Z [command]/usr/bin/git config --local --name-only --get-regexp http\.https\:\/\/github\.com\/\.extraheader
verificar · typecheck · unit · build · audit	Run actions/checkout@v7	2026-09-24T07:22:56.0926921Z [command]/usr/bin/git submodule foreach --recursive sh -c "git config --local --name-only --get-regexp 'http\.https\:\/\/github\.com\/\.extraheader' && git config --local --unset-all 'http.https://github.com/.extraheader' || :"
verificar · typecheck · unit · build · audit	Run actions/checkout@v7	2026-09-24T07:22:56.1161887Z Removing includeIf entries pointing to credentials config files
verificar · typecheck · unit · build · audit	Run actions/checkout@v7	2026-09-24T07:22:56.1169280Z [command]/usr/bin/git config --local --name-only --get-regexp ^includeIf\.gitdir:
verificar · typecheck · unit · build · audit	Run actions/checkout@v7	2026-09-24T07:22:56.1209709Z [command]/usr/bin/git submodule foreach --recursive git config --local --show-origin --name-only --get-regexp remote.origin.url
verificar · typecheck · unit · build · audit	Run actions/checkout@v7	2026-09-24T07:22:56.1461720Z [command]/usr/bin/git config --file /home/runner/work/_temp/git-credentials-73cdff4e-816f-44f0-bd23-7ddaac1b6678.config http.https://github.com/.extraheader AUTHORIZATION: basic ***
verificar · typecheck · unit · build · audit	Run actions/checkout@v7	2026-09-24T07:22:56.1510552Z [command]/usr/bin/git config --local includeIf.gitdir:/home/runner/work/be/be/.git.path /home/runner/work/_temp/git-credentials-73cdff4e-816f-44f0-bd23-7ddaac1b6678.config
verificar · typecheck · unit · build · audit	Run actions/checkout@v7	2026-09-24T07:22:56.1547938Z [command]/usr/bin/git config --local includeIf.gitdir:/home/runner/work/be/be/.git/worktrees/*.path /home/runner/work/_temp/git-credentials-73cdff4e-816f-44f0-bd23-7ddaac1b6678.config
verificar · typecheck · unit · build · audit	Run actions/checkout@v7	2026-09-24T07:22:56.1588747Z [command]/usr/bin/git config --local includeIf.gitdir:/github/workspace/.git.path /github/runner_temp/git-credentials-73cdff4e-816f-44f0-bd23-7ddaac1b6678.config
verificar · typecheck · unit · build · audit	Run actions/checkout@v7	2026-09-24T07:22:56.1624081Z [command]/usr/bin/git config --local includeIf.gitdir:/github/workspace/.git/worktrees/*.path /github/runner_temp/git-credentials-73cdff4e-816f-44f0-bd23-7ddaac1b6678.config
verificar · typecheck · unit · build · audit	Run actions/checkout@v7	2026-09-24T07:22:56.1655771Z ##[endgroup]
verificar · typecheck · unit · build · audit	Run actions/checkout@v7	2026-09-24T07:22:56.1656572Z ##[group]Fetching the repository
verificar · typecheck · unit · build · audit	Run actions/checkout@v7	2026-09-24T07:22:56.1664998Z [command]/usr/bin/git -c protocol.version=2 fetch --no-tags --prune --no-recurse-submodules --depth=1 origin +fd08380f5e1a901bc3530f7fc93ee672e606ca3b:refs/remotes/origin/main
verificar · typecheck · unit · build · audit	Run actions/checkout@v7	2026-09-24T07:22:57.6115721Z From https://github.com/Elian-Bufi/be
verificar · typecheck · unit · build · audit	Run actions/checkout@v7	2026-09-24T07:22:57.6141320Z  * [new ref]         fd08380f5e1a901bc3530f7fc93ee672e606ca3b -> origin/main
verificar · typecheck · unit · build · audit	Run actions/checkout@v7	2026-09-24T07:22:57.6152779Z [command]/usr/bin/git branch --list --remote origin/main
verificar · typecheck · unit · build · audit	Run actions/checkout@v7	2026-09-24T07:22:57.6160239Z   origin/main
verificar · typecheck · unit · build · audit	Run actions/checkout@v7	2026-09-24T07:22:57.6171040Z [command]/usr/bin/git rev-parse refs/remotes/origin/main
verificar · typecheck · unit · build · audit	Run actions/checkout@v7	2026-09-24T07:22:57.6205270Z fd08380f5e1a901bc3530f7fc93ee672e606ca3b
verificar · typecheck · unit · build · audit	Run actions/checkout@v7	2026-09-24T07:22:57.6213729Z ##[endgroup]
verificar · typecheck · unit · build · audit	Run actions/checkout@v7	2026-09-24T07:22:57.6215123Z ##[group]Determining the checkout info
verificar · typecheck · unit · build · audit	Run actions/checkout@v7	2026-09-24T07:22:57.6216711Z ##[endgroup]
verificar · typecheck · unit · build · audit	Run actions/checkout@v7	2026-09-24T07:22:57.6217754Z [command]/usr/bin/git sparse-checkout disable
verificar · typecheck · unit · build · audit	Run actions/checkout@v7	2026-09-24T07:22:57.6280935Z [command]/usr/bin/git config --local --unset-all extensions.worktreeConfig
verificar · typecheck · unit · build · audit	Run actions/checkout@v7	2026-09-24T07:22:57.6319735Z ##[group]Checking out the ref
verificar · typecheck · unit · build · audit	Run actions/checkout@v7	2026-09-24T07:22:57.6324821Z [command]/usr/bin/git checkout --progress --force -B main refs/remotes/origin/main
verificar · typecheck · unit · build · audit	Run actions/checkout@v7	2026-09-24T07:22:57.8637622Z Switched to a new branch 'main'
verificar · typecheck · unit · build · audit	Run actions/checkout@v7	2026-09-24T07:22:57.8642118Z branch 'main' set up to track 'origin/main'.
verificar · typecheck · unit · build · audit	Run actions/checkout@v7	2026-09-24T07:22:57.8658120Z ##[endgroup]
verificar · typecheck · unit · build · audit	Run actions/checkout@v7	2026-09-24T07:22:57.8711079Z [command]/usr/bin/git log -1 --format=%H
verificar · typecheck · unit · build · audit	Run actions/checkout@v7	2026-09-24T07:22:57.8742728Z fd08380f5e1a901bc3530f7fc93ee672e606ca3b
verificar · typecheck · unit · build · audit	Run actions/setup-node@v7	﻿2026-09-24T07:22:57.9146986Z ##[group]Run actions/setup-node@v7
verificar · typecheck · unit · build · audit	Run actions/setup-node@v7	2026-09-24T07:22:57.9148424Z with:
verificar · typecheck · unit · build · audit	Run actions/setup-node@v7	2026-09-24T07:22:57.9149388Z   node-version-file: .nvmrc
verificar · typecheck · unit · build · audit	Run actions/setup-node@v7	2026-09-24T07:22:57.9150824Z   cache: npm
verificar · typecheck · unit · build · audit	Run actions/setup-node@v7	2026-09-24T07:22:57.9151803Z   check-latest: false
verificar · typecheck · unit · build · audit	Run actions/setup-node@v7	2026-09-24T07:22:57.9161812Z   token: ***
verificar · typecheck · unit · build · audit	Run actions/setup-node@v7	2026-09-24T07:22:57.9162816Z   package-manager-cache: true
verificar · typecheck · unit · build · audit	Run actions/setup-node@v7	2026-09-24T07:22:57.9163950Z ##[endgroup]
verificar · typecheck · unit · build · audit	Run actions/setup-node@v7	2026-09-24T07:22:58.0535361Z Node version file is not JSON file
verificar · typecheck · unit · build · audit	Run actions/setup-node@v7	2026-09-24T07:22:58.0537533Z Resolved .nvmrc as 22.23.2
verificar · typecheck · unit · build · audit	Run actions/setup-node@v7	2026-09-24T07:22:58.0573358Z Found in cache @ /opt/hostedtoolcache/node/22.23.2/x64
verificar · typecheck · unit · build · audit	Run actions/setup-node@v7	2026-09-24T07:22:58.0576926Z ##[group]Environment details
verificar · typecheck · unit · build · audit	Run actions/setup-node@v7	2026-09-24T07:22:58.5377252Z node: v22.23.2
verificar · typecheck · unit · build · audit	Run actions/setup-node@v7	2026-09-24T07:22:58.5377822Z npm: 10.9.8
verificar · typecheck · unit · build · audit	Run actions/setup-node@v7	2026-09-24T07:22:58.5378226Z yarn: 1.22.22
verificar · typecheck · unit · build · audit	Run actions/setup-node@v7	2026-09-24T07:22:58.5379311Z ##[endgroup]
verificar · typecheck · unit · build · audit	Run actions/setup-node@v7	2026-09-24T07:22:58.5399316Z [command]/opt/hostedtoolcache/node/22.23.2/x64/bin/npm config get cache
verificar · typecheck · unit · build · audit	Run actions/setup-node@v7	2026-09-24T07:22:58.6610980Z /home/runner/.npm
verificar · typecheck · unit · build · audit	Run actions/setup-node@v7	2026-09-24T07:22:58.7942003Z npm cache is not found
verificar · typecheck · unit · build · audit	Run npm ci	﻿2026-09-24T07:22:58.8082752Z ##[group]Run npm ci
verificar · typecheck · unit · build · audit	Run npm ci	2026-09-24T07:22:58.8083177Z ^[[36;1mnpm ci^[[0m
verificar · typecheck · unit · build · audit	Run npm ci	2026-09-24T07:22:58.8135278Z shell: /usr/bin/bash -e {0}
verificar · typecheck · unit · build · audit	Run npm ci	2026-09-24T07:22:58.8135633Z ##[endgroup]
verificar · typecheck · unit · build · audit	Run npm ci	2026-09-24T07:23:05.1941834Z npm warn deprecated uuid@7.0.3: uuid@10 and below is no longer supported.  For ESM codebases, update to uuid@latest.  For CommonJS codebases, use uuid@11 (but be aware this version will likely be deprecated in 2028).
verificar · typecheck · unit · build · audit	Run npm ci	2026-09-24T07:23:09.0277094Z npm warn deprecated glob@10.5.0: Old versions of glob are not supported, and contain widely publicized security vulnerabilities, which have been fixed in the current version. Please update. Support for old versions may be purchased (at exorbitant rates) by contacting i@izs.me
verificar · typecheck · unit · build · audit	Run npm ci	2026-09-24T07:23:09.2639154Z npm warn deprecated glob@10.5.0: Old versions of glob are not supported, and contain widely publicized security vulnerabilities, which have been fixed in the current version. Please update. Support for old versions may be purchased (at exorbitant rates) by contacting i@izs.me
verificar · typecheck · unit · build · audit	Run npm ci	2026-09-24T07:23:42.0950726Z 
verificar · typecheck · unit · build · audit	Run npm ci	2026-09-24T07:23:42.0951746Z added 999 packages, and audited 1004 packages in 43s
verificar · typecheck · unit · build · audit	Run npm ci	2026-09-24T07:23:42.1549327Z 
verificar · typecheck · unit · build · audit	Run npm ci	2026-09-24T07:23:42.1550627Z 10 moderate severity vulnerabilities
verificar · typecheck · unit · build · audit	Run npm ci	2026-09-24T07:23:42.1551136Z 
verificar · typecheck · unit · build · audit	Run npm ci	2026-09-24T07:23:42.1551581Z To address issues that do not require attention, run:
verificar · typecheck · unit · build · audit	Run npm ci	2026-09-24T07:23:42.1552254Z   npm audit fix
verificar · typecheck · unit · build · audit	Run npm ci	2026-09-24T07:23:42.1552500Z 
verificar · typecheck · unit · build · audit	Run npm ci	2026-09-24T07:23:42.1552934Z To address all issues (including breaking changes), run:
verificar · typecheck · unit · build · audit	Run npm ci	2026-09-24T07:23:42.1553637Z   npm audit fix --force
verificar · typecheck · unit · build · audit	Run npm ci	2026-09-24T07:23:42.1553948Z 
verificar · typecheck · unit · build · audit	Run npm ci	2026-09-24T07:23:42.1554203Z Run `npm audit` for details.
verificar · typecheck · unit · build · audit	Run npx prisma generate	﻿2026-09-24T07:23:42.2253659Z ##[group]Run npx prisma generate
verificar · typecheck · unit · build · audit	Run npx prisma generate	2026-09-24T07:23:42.2254023Z ^[[36;1mnpx prisma generate^[[0m
verificar · typecheck · unit · build · audit	Run npx prisma generate	2026-09-24T07:23:42.2293142Z shell: /usr/bin/bash -e {0}
verificar · typecheck · unit · build · audit	Run npx prisma generate	2026-09-24T07:23:42.2293427Z ##[endgroup]
verificar · typecheck · unit · build · audit	Run npx prisma generate	2026-09-24T07:23:43.2432236Z warn The configuration property `package.json#prisma` is deprecated and will be removed in Prisma 7. Please migrate to a Prisma config file (e.g., `prisma.config.ts`).
verificar · typecheck · unit · build · audit	Run npx prisma generate	2026-09-24T07:23:43.2434901Z For more information, see: https://pris.ly/prisma-config
verificar · typecheck · unit · build · audit	Run npx prisma generate	2026-09-24T07:23:43.2435273Z 
verificar · typecheck · unit · build · audit	Run npx prisma generate	2026-09-24T07:23:43.4361315Z Prisma schema loaded from prisma/schema.prisma
verificar · typecheck · unit · build · audit	Run npx prisma generate	2026-09-24T07:23:44.4222114Z ┌─────────────────────────────────────────────────────────┐
verificar · typecheck · unit · build · audit	Run npx prisma generate	2026-09-24T07:23:44.4224427Z │  Update available 6.19.3 -> 8.0.0-rc.15                 │
verificar · typecheck · unit · build · audit	Run npx prisma generate	2026-09-24T07:23:44.4225666Z │                                                         │
verificar · typecheck · unit · build · audit	Run npx prisma generate	2026-09-24T07:23:44.4226833Z │  This is a major update - please follow the guide at    │
verificar · typecheck · unit · build · audit	Run npx prisma generate	2026-09-24T07:23:44.4227968Z │  https://pris.ly/d/major-version-upgrade                │
verificar · typecheck · unit · build · audit	Run npx prisma generate	2026-09-24T07:23:44.4229060Z │                                                         │
verificar · typecheck · unit · build · audit	Run npx prisma generate	2026-09-24T07:23:44.4230311Z │  Run the following to update                            │
verificar · typecheck · unit · build · audit	Run npx prisma generate	2026-09-24T07:23:44.4231262Z │    npm i --save-dev prisma@latest                       │
verificar · typecheck · unit · build · audit	Run npx prisma generate	2026-09-24T07:23:44.4232192Z │    npm i @prisma/client@latest                          │
verificar · typecheck · unit · build · audit	Run npx prisma generate	2026-09-24T07:23:44.4233108Z └─────────────────────────────────────────────────────────┘
verificar · typecheck · unit · build · audit	Run npx prisma generate	2026-09-24T07:23:44.4233583Z 
verificar · typecheck · unit · build · audit	Run npx prisma generate	2026-09-24T07:23:44.4234290Z ✔ Generated Prisma Client (v6.19.3) to ./node_modules/@prisma/client in 489ms
verificar · typecheck · unit · build · audit	Run npx prisma generate	2026-09-24T07:23:44.4234877Z 
verificar · typecheck · unit · build · audit	Run npx prisma generate	2026-09-24T07:23:44.4235504Z Start by importing your Prisma Client (See: https://pris.ly/d/importing-client)
verificar · typecheck · unit · build · audit	Run npx prisma generate	2026-09-24T07:23:44.4235934Z 
verificar · typecheck · unit · build · audit	Run npx prisma generate	2026-09-24T07:23:44.4236563Z Tip: Need your database queries to be 1000x faster? Accelerate offers you that and more: https://pris.ly/tip-2-accelerate
verificar · typecheck · unit · build · audit	Run npx prisma generate	2026-09-24T07:23:44.4237130Z 
verificar · typecheck · unit · build · audit	Typecheck (domain, api, web, mobile)	﻿2026-09-24T07:23:44.4688729Z ##[group]Run npm run typecheck
verificar · typecheck · unit · build · audit	Typecheck (domain, api, web, mobile)	2026-09-24T07:23:44.4689061Z ^[[36;1mnpm run typecheck^[[0m
verificar · typecheck · unit · build · audit	Typecheck (domain, api, web, mobile)	2026-09-24T07:23:44.4726833Z shell: /usr/bin/bash -e {0}
verificar · typecheck · unit · build · audit	Typecheck (domain, api, web, mobile)	2026-09-24T07:23:44.4727106Z ##[endgroup]
verificar · typecheck · unit · build · audit	Typecheck (domain, api, web, mobile)	2026-09-24T07:23:44.5816596Z 
verificar · typecheck · unit · build · audit	Typecheck (domain, api, web, mobile)	2026-09-24T07:23:44.5817291Z > be@0.1.0 typecheck
verificar · typecheck · unit · build · audit	Typecheck (domain, api, web, mobile)	2026-09-24T07:23:44.5817976Z > npm run build:domain && npm run typecheck --workspaces --if-present
verificar · typecheck · unit · build · audit	Typecheck (domain, api, web, mobile)	2026-09-24T07:23:44.5818330Z 
verificar · typecheck · unit · build · audit	Typecheck (domain, api, web, mobile)	2026-09-24T07:23:44.6837732Z 
verificar · typecheck · unit · build · audit	Typecheck (domain, api, web, mobile)	2026-09-24T07:23:44.6838585Z > be@0.1.0 build:domain
verificar · typecheck · unit · build · audit	Typecheck (domain, api, web, mobile)	2026-09-24T07:23:44.6839246Z > npm run build -w @be/domain
verificar · typecheck · unit · build · audit	Typecheck (domain, api, web, mobile)	2026-09-24T07:23:44.6839906Z 
verificar · typecheck · unit · build · audit	Typecheck (domain, api, web, mobile)	2026-09-24T07:23:44.8119269Z 
verificar · typecheck · unit · build · audit	Typecheck (domain, api, web, mobile)	2026-09-24T07:23:44.8120880Z > @be/domain@0.1.0 build
verificar · typecheck · unit · build · audit	Typecheck (domain, api, web, mobile)	2026-09-24T07:23:44.8122032Z > tsc -p tsconfig.json
verificar · typecheck · unit · build · audit	Typecheck (domain, api, web, mobile)	2026-09-24T07:23:44.8122441Z 
verificar · typecheck · unit · build · audit	Typecheck (domain, api, web, mobile)	2026-09-24T07:23:49.9771366Z 
verificar · typecheck · unit · build · audit	Typecheck (domain, api, web, mobile)	2026-09-24T07:23:49.9772144Z > @be/domain@0.1.0 typecheck
verificar · typecheck · unit · build · audit	Typecheck (domain, api, web, mobile)	2026-09-24T07:23:49.9772959Z > tsc -p tsconfig.json --noEmit
verificar · typecheck · unit · build · audit	Typecheck (domain, api, web, mobile)	2026-09-24T07:23:49.9773338Z 
verificar · typecheck · unit · build · audit	Typecheck (domain, api, web, mobile)	2026-09-24T07:23:54.2875596Z 
verificar · typecheck · unit · build · audit	Typecheck (domain, api, web, mobile)	2026-09-24T07:23:54.2876280Z > @be/api@0.9.0 typecheck
verificar · typecheck · unit · build · audit	Typecheck (domain, api, web, mobile)	2026-09-24T07:23:54.2876779Z > tsc -p tsconfig.json --noEmit
verificar · typecheck · unit · build · audit	Typecheck (domain, api, web, mobile)	2026-09-24T07:23:54.2876983Z 
verificar · typecheck · unit · build · audit	Typecheck (domain, api, web, mobile)	2026-09-24T07:24:00.2017625Z 
verificar · typecheck · unit · build · audit	Typecheck (domain, api, web, mobile)	2026-09-24T07:24:00.2018299Z > @be/web@0.9.0 typecheck
verificar · typecheck · unit · build · audit	Typecheck (domain, api, web, mobile)	2026-09-24T07:24:00.2018889Z > tsc --noEmit
verificar · typecheck · unit · build · audit	Typecheck (domain, api, web, mobile)	2026-09-24T07:24:00.2019133Z 
verificar · typecheck · unit · build · audit	Typecheck (domain, api, web, mobile)	2026-09-24T07:24:06.8021039Z 
verificar · typecheck · unit · build · audit	Typecheck (domain, api, web, mobile)	2026-09-24T07:24:06.8021716Z > @be/mobile@0.9.0 typecheck
verificar · typecheck · unit · build · audit	Typecheck (domain, api, web, mobile)	2026-09-24T07:24:06.8022080Z > tsc --noEmit
verificar · typecheck · unit · build · audit	Typecheck (domain, api, web, mobile)	2026-09-24T07:24:06.8022224Z 
verificar · typecheck · unit · build · audit	OpenAPI generado desde @be/domain sin drift (09v7 T21)	﻿2026-09-24T07:24:09.6620477Z ##[group]Run node scripts/generar-openapi.cjs --verificar
verificar · typecheck · unit · build · audit	OpenAPI generado desde @be/domain sin drift (09v7 T21)	2026-09-24T07:24:09.6621033Z ^[[36;1mnode scripts/generar-openapi.cjs --verificar^[[0m
verificar · typecheck · unit · build · audit	OpenAPI generado desde @be/domain sin drift (09v7 T21)	2026-09-24T07:24:09.6659740Z shell: /usr/bin/bash -e {0}
verificar · typecheck · unit · build · audit	OpenAPI generado desde @be/domain sin drift (09v7 T21)	2026-09-24T07:24:09.6660028Z ##[endgroup]
verificar · typecheck · unit · build · audit	OpenAPI generado desde @be/domain sin drift (09v7 T21)	2026-09-24T07:24:09.8925279Z OpenAPI al día con @be/domain.
verificar · typecheck · unit · build · audit	Pruebas unitarias (domain, api)	﻿2026-09-24T07:24:09.9121384Z ##[group]Run npm test
verificar · typecheck · unit · build · audit	Pruebas unitarias (domain, api)	2026-09-24T07:24:09.9121671Z ^[[36;1mnpm test^[[0m
verificar · typecheck · unit · build · audit	Pruebas unitarias (domain, api)	2026-09-24T07:24:09.9160745Z shell: /usr/bin/bash -e {0}
verificar · typecheck · unit · build · audit	Pruebas unitarias (domain, api)	2026-09-24T07:24:09.9161026Z ##[endgroup]
verificar · typecheck · unit · build · audit	Pruebas unitarias (domain, api)	2026-09-24T07:24:10.0339515Z 
verificar · typecheck · unit · build · audit	Pruebas unitarias (domain, api)	2026-09-24T07:24:10.0340079Z > be@0.1.0 test
verificar · typecheck · unit · build · audit	Pruebas unitarias (domain, api)	2026-09-24T07:24:10.0341593Z > npm run build:domain && npm run test -w @be/domain && node --test scripts/copy-pantallas.test.cjs scripts/contraste.test.cjs && npm run test -w @be/api
verificar · typecheck · unit · build · audit	Pruebas unitarias (domain, api)	2026-09-24T07:24:10.0342633Z 
verificar · typecheck · unit · build · audit	Pruebas unitarias (domain, api)	2026-09-24T07:24:10.1375727Z 
verificar · typecheck · unit · build · audit	Pruebas unitarias (domain, api)	2026-09-24T07:24:10.1376382Z > be@0.1.0 build:domain
verificar · typecheck · unit · build · audit	Pruebas unitarias (domain, api)	2026-09-24T07:24:10.1376924Z > npm run build -w @be/domain
verificar · typecheck · unit · build · audit	Pruebas unitarias (domain, api)	2026-09-24T07:24:10.1377160Z 
verificar · typecheck · unit · build · audit	Pruebas unitarias (domain, api)	2026-09-24T07:24:10.2584813Z 
verificar · typecheck · unit · build · audit	Pruebas unitarias (domain, api)	2026-09-24T07:24:10.2585451Z > @be/domain@0.1.0 build
verificar · typecheck · unit · build · audit	Pruebas unitarias (domain, api)	2026-09-24T07:24:10.2586304Z > tsc -p tsconfig.json
verificar · typecheck · unit · build · audit	Pruebas unitarias (domain, api)	2026-09-24T07:24:10.2586512Z 
verificar · typecheck · unit · build · audit	Pruebas unitarias (domain, api)	2026-09-24T07:24:15.3931280Z 
verificar · typecheck · unit · build · audit	Pruebas unitarias (domain, api)	2026-09-24T07:24:15.3931923Z > @be/domain@0.1.0 test
verificar · typecheck · unit · build · audit	Pruebas unitarias (domain, api)	2026-09-24T07:24:15.3932473Z > node --test dist/**/*.test.js
verificar · typecheck · unit · build · audit	Pruebas unitarias (domain, api)	2026-09-24T07:24:15.3932755Z 
verificar · typecheck · unit · build · audit	Pruebas unitarias (domain, api)	2026-09-24T07:24:15.4551533Z TAP version 13
verificar · typecheck · unit · build · audit	Pruebas unitarias (domain, api)	2026-09-24T07:24:15.6497369Z # Subtest: cliente: el registro envía A1 y A2 con la versión vigente, superficie e Idempotency-Key; nunca A3
verificar · typecheck · unit · build · audit	Pruebas unitarias (domain, api)	2026-09-24T07:24:15.6543029Z ok 1 - cliente: el registro envía A1 y A2 con la versión vigente, superficie e Idempotency-Key; nunca A3
verificar · typecheck · unit · build · audit	Pruebas unitarias (domain, api)	2026-09-24T07:24:15.6576081Z   ---
verificar · typecheck · unit · build · audit	Pruebas unitarias (domain, api)	2026-09-24T07:24:15.6594196Z   duration_ms: 38.496218
verificar · typecheck · unit · build · audit	Pruebas unitarias (domain, api)	2026-09-24T07:24:15.6630652Z   type: 'test'
verificar · typecheck · unit · build · audit	Pruebas unitarias (domain, api)	2026-09-24T07:24:15.6631264Z   ...
verificar · typecheck · unit · build · audit	Pruebas unitarias (domain, api)	2026-09-24T07:24:15.6632856Z # Subtest: cliente: una respuesta 2xx con otra forma no se interpreta (validación de contrato)
verificar · typecheck · unit · build · audit	Pruebas unitarias (domain, api)	2026-09-24T07:24:15.6634382Z ok 2 - cliente: una respuesta 2xx con otra forma no se interpreta (validación de contrato)
verificar · typecheck · unit · build · audit	Pruebas unitarias (domain, api)	2026-09-24T07:24:15.6688050Z   ---
verificar · typecheck · unit · build · audit	Pruebas unitarias (domain, api)	2026-09-24T07:24:15.6690416Z   duration_ms: 0.826053
verificar · typecheck · unit · build · audit	Pruebas unitarias (domain, api)	2026-09-24T07:24:15.6720511Z   type: 'test'
verificar · typecheck · unit · build · audit	Pruebas unitarias (domain, api)	2026-09-24T07:24:15.6721174Z   ...
verificar · typecheck · unit · build · audit	Pruebas unitarias (domain, api)	2026-09-24T07:24:15.6722709Z # Subtest: cliente: un ErrorEnvelope se traduce a su código e issues, sin exponer el mensaje del servidor
verificar · typecheck · unit · build · audit	Pruebas unitarias (domain, api)	2026-09-24T07:24:15.6724487Z ok 3 - cliente: un ErrorEnvelope se traduce a su código e issues, sin exponer el mensaje del servidor
verificar · typecheck · unit · build · audit	Pruebas unitarias (domain, api)	2026-09-24T07:24:15.6725423Z   ---
verificar · typecheck · unit · build · audit	Pruebas unitarias (domain, api)	2026-09-24T07:24:15.6725819Z   duration_ms: 1.653948
verificar · typecheck · unit · build · audit	Pruebas unitarias (domain, api)	2026-09-24T07:24:15.6726246Z   type: 'test'
verificar · typecheck · unit · build · audit	Pruebas unitarias (domain, api)	2026-09-24T07:24:15.6726595Z   ...
verificar · typecheck · unit · build · audit	Pruebas unitarias (domain, api)	2026-09-24T07:24:15.6727711Z # Subtest: cliente: sin respuesta de red el resultado es RED (incierto), nunca éxito
verificar · typecheck · unit · build · audit	Pruebas unitarias (domain, api)	2026-09-24T07:24:15.6781987Z ok 4 - cliente: sin respuesta de red el resultado es RED (incierto), nunca éxito
verificar · typecheck · unit · build · audit	Pruebas unitarias (domain, api)	2026-09-24T07:24:15.6830706Z   ---
verificar · typecheck · unit · build · audit	Pruebas unitarias (domain, api)	2026-09-24T07:24:15.6840619Z   duration_ms: 0.345324
verificar · typecheck · unit · build · audit	Pruebas unitarias (domain, api)	2026-09-24T07:24:15.6870690Z   type: 'test'
verificar · typecheck · unit · build · audit	Pruebas unitarias (domain, api)	2026-09-24T07:24:15.6871238Z   ...
verificar · typecheck · unit · build · audit	Pruebas unitarias (domain, api)	2026-09-24T07:24:15.6872803Z # Subtest: cliente: el cierre envía la versión de consecuencias mostrada y confirmación explícita, con Bearer
verificar · typecheck · unit · build · audit	Pruebas unitarias (domain, api)	2026-09-24T07:24:15.6874531Z ok 5 - cliente: el cierre envía la versión de consecuencias mostrada y confirmación explícita, con Bearer
verificar · typecheck · unit · build · audit	Pruebas unitarias (domain, api)	2026-09-24T07:24:15.6875372Z   ---
verificar · typecheck · unit · build · audit	Pruebas unitarias (domain, api)	2026-09-24T07:24:15.6875700Z   duration_ms: 1.540236
verificar · typecheck · unit · build · audit	Pruebas unitarias (domain, api)	2026-09-24T07:24:15.6876072Z   type: 'test'
verificar · typecheck · unit · build · audit	Pruebas unitarias (domain, api)	2026-09-24T07:24:15.6876353Z   ...
verificar · typecheck · unit · build · audit	Pruebas unitarias (domain, api)	2026-09-24T07:24:15.6876936Z # Subtest: copy: sin frases prohibidas por el 10 (10-B02, 10-ADD, 10-B10)
verificar · typecheck · unit · build · audit	Pruebas unitarias (domain, api)	2026-09-24T07:24:15.6877792Z ok 6 - copy: sin frases prohibidas por el 10 (10-B02, 10-ADD, 10-B10)
verificar · typecheck · unit · build · audit	Pruebas unitarias (domain, api)	2026-09-24T07:24:15.6878375Z   ---
verificar · typecheck · unit · build · audit	Pruebas unitarias (domain, api)	2026-09-24T07:24:15.6878670Z   duration_ms: 0.255387
verificar · typecheck · unit · build · audit	Pruebas unitarias (domain, api)	2026-09-24T07:24:15.6879005Z   type: 'test'
verificar · typecheck · unit · build · audit	Pruebas unitarias (domain, api)	2026-09-24T07:24:15.6879292Z   ...
verificar · typecheck · unit · build · audit	Pruebas unitarias (domain, api)	2026-09-24T07:24:15.6911695Z # Subtest: cliente ANT: cada operación va a la ruta que declara el 09, y las dos colecciones no se cruzan
verificar · typecheck · unit · build · audit	Pruebas unitarias (domain, api)	2026-09-24T07:24:15.6913824Z ok 7 - cliente ANT: cada operación va a la ruta que declara el 09, y las dos colecciones no se cruzan
verificar · typecheck · unit · build · audit	Pruebas unitarias (domain, api)	2026-09-24T07:24:15.6914745Z   ---
verificar · typecheck · unit · build · audit	Pruebas unitarias (domain, api)	2026-09-24T07:24:15.6915238Z   duration_ms: 4.358289
verificar · typecheck · unit · build · audit	Pruebas unitarias (domain, api)	2026-09-24T07:24:15.6915671Z   type: 'test'
verificar · typecheck · unit · build · audit	Pruebas unitarias (domain, api)	2026-09-24T07:24:15.6916029Z   ...
verificar · typecheck · unit · build · audit	Pruebas unitarias (domain, api)	2026-09-24T07:24:15.9929120Z # Subtest: REG-06-126 · un plan simple omite microciclos y es válido: no se inventa un microciclo vacío (09v10:262)
verificar · typecheck · unit · build · audit	Pruebas unitarias (domain, api)	2026-09-24T07:24:15.9941177Z ok 8 - REG-06-126 · un plan simple omite microciclos y es válido: no se inventa un microciclo vacío (09v10:262)
verificar · typecheck · unit · build · audit	Pruebas unitarias (domain, api)	2026-09-24T07:24:15.9942165Z   ---
verificar · typecheck · unit · build · audit	Pruebas unitarias (domain, api)	2026-09-24T07:24:15.9942535Z   duration_ms: 16.334914
verificar · typecheck · unit · build · audit	Pruebas unitarias (domain, api)	2026-09-24T07:24:15.9942945Z   type: 'test'
verificar · typecheck · unit · build · audit	Pruebas unitarias (domain, api)	2026-09-24T07:24:15.9943296Z   ...
verificar · typecheck · unit · build · audit	Pruebas unitarias (domain, api)	2026-09-24T07:24:15.9944512Z # Subtest: REG-06-126 · con microciclos, la sesión cuelga del microciclo y la jerarquía se conserva tal cual
verificar · typecheck · unit · build · audit	Pruebas unitarias (domain, api)	2026-09-24T07:24:15.9946202Z ok 9 - REG-06-126 · con microciclos, la sesión cuelga del microciclo y la jerarquía se conserva tal cual
verificar · typecheck · unit · build · audit	Pruebas unitarias (domain, api)	2026-09-24T07:24:15.9947100Z   ---
verificar · typecheck · unit · build · audit	Pruebas unitarias (domain, api)	2026-09-24T07:24:15.9947463Z   duration_ms: 1.69192
verificar · typecheck · unit · build · audit	Pruebas unitarias (domain, api)	2026-09-24T07:24:15.9947878Z   type: 'test'
verificar · typecheck · unit · build · audit	Pruebas unitarias (domain, api)	2026-09-24T07:24:15.9948237Z   ...
verificar · typecheck · unit · build · audit	Pruebas unitarias (domain, api)	2026-09-24T07:24:15.9963687Z # Subtest: 09v10:281 · un bloque con sesiones directas y microciclos a la vez es una estructura mal formada
verificar · typecheck · unit · build · audit	Pruebas unitarias (domain, api)	2026-09-24T07:24:15.9999222Z ok 10 - 09v10:281 · un bloque con sesiones directas y microciclos a la vez es una estructura mal formada
verificar · typecheck · unit · build · audit	Pruebas unitarias (domain, api)	2026-09-24T07:24:16.0055366Z   ---
verificar · typecheck · unit · build · audit	Pruebas unitarias (domain, api)	2026-09-24T07:24:16.0060558Z   duration_ms: 0.769136
verificar · typecheck · unit · build · audit	Pruebas unitarias (domain, api)	2026-09-24T07:24:16.0095099Z   type: 'test'
verificar · typecheck · unit · build · audit	Pruebas unitarias (domain, api)	2026-09-24T07:24:16.0120496Z   ...
verificar · typecheck · unit · build · audit	Pruebas unitarias (domain, api)	2026-09-24T07:24:16.0146342Z # Subtest: REG-06-127 · el propósito es texto libre: «Descarga» no es un token ni pausa nada
verificar · typecheck · unit · build · audit	Pruebas unitarias (domain, api)	2026-09-24T07:24:16.0171666Z ok 11 - REG-06-127 · el propósito es texto libre: «Descarga» no es un token ni pausa nada
verificar · typecheck · unit · build · audit	Pruebas unitarias (domain, api)	2026-09-24T07:24:16.0251382Z   ---
verificar · typecheck · unit · build · audit	Pruebas unitarias (domain, api)	2026-09-24T07:24:16.0265500Z   duration_ms: 0.579873
verificar · typecheck · unit · build · audit	Pruebas unitarias (domain, api)	2026-09-24T07:24:16.0317005Z   type: 'test'
verificar · typecheck · unit · build · audit	Pruebas unitarias (domain, api)	2026-09-24T07:24:16.0340593Z   ...
verificar · typecheck · unit · build · audit	Pruebas unitarias (domain, api)	2026-09-24T07:24:16.0353196Z # Subtest: REG-06-111 · los identificadores que vienen se conservan y los que faltan los asigna el servidor
verificar · typecheck · unit · build · audit	Pruebas unitarias (domain, api)	2026-09-24T07:24:16.0355300Z ok 12 - REG-06-111 · los identificadores que vienen se conservan y los que faltan los asigna el servidor
verificar · typecheck · unit · build · audit	Pruebas unitarias (domain, api)	2026-09-24T07:24:16.0356836Z   ---
verificar · typecheck · unit · build · audit	Pruebas unitarias (domain, api)	2026-09-24T07:24:16.0367858Z   duration_ms: 1.06001
verificar · typecheck · unit · build · audit	Pruebas unitarias (domain, api)	2026-09-24T07:24:16.0368555Z   type: 'test'
verificar · typecheck · unit · build · audit	Pruebas unitarias (domain, api)	2026-09-24T07:24:16.0369148Z   ...
verificar · typecheck · unit · build · audit	Pruebas unitarias (domain, api)	2026-09-24T07:24:16.0371123Z # Subtest: REG-06-111 · dos nodos con el mismo identificador no pueden coexistir: la ocurrencia y el registro dejarían de ser identificables
verificar · typecheck · unit · build · audit	Pruebas unitarias (domain, api)	2026-09-24T07:24:16.0373706Z ok 13 - REG-06-111 · dos nodos con el mismo identificador no pueden coexistir: la ocurrencia y el registro dejarían de ser identificables
verificar · typecheck · unit · build · audit	Pruebas unitarias (domain, api)	2026-09-24T07:24:16.0375102Z   ---
verificar · typecheck · unit · build · audit	Pruebas unitarias (domain, api)	2026-09-24T07:24:16.0375729Z   duration_ms: 0.377165
verificar · typecheck · unit · build · audit	Pruebas unitarias (domain, api)	2026-09-24T07:24:16.0376458Z   type: 'test'
verificar · typecheck · unit · build · audit	Pruebas unitarias (domain, api)	2026-09-24T07:24:16.0377081Z   ...
verificar · typecheck · unit · build · audit	Pruebas unitarias (domain, api)	2026-09-24T07:24:16.0378549Z # Subtest: DL-088 · el identificador de nodo tiene alfabeto restringido: forma parte del occurrenceId
verificar · typecheck · unit · build · audit	Pruebas unitarias (domain, api)	2026-09-24T07:24:16.0380716Z ok 14 - DL-088 · el identificador de nodo tiene alfabeto restringido: forma parte del occurrenceId
verificar · typecheck · unit · build · audit	Pruebas unitarias (domain, api)	2026-09-24T07:24:16.0381926Z   ---
verificar · typecheck · unit · build · audit	Pruebas unitarias (domain, api)	2026-09-24T07:24:16.0382541Z   duration_ms: 0.924386
verificar · typecheck · unit · build · audit	Pruebas unitarias (domain, api)	2026-09-24T07:24:16.0383219Z   type: 'test'
verificar · typecheck · unit · build · audit	Pruebas unitarias (domain, api)	2026-09-24T07:24:16.0383831Z   ...
verificar · typecheck · unit · build · audit	Pruebas unitarias (domain, api)	2026-09-24T07:24:16.0385395Z # Subtest: 09v10:738-744 · validar informa lo que falta, vinculado a bloque, sesión y ejercicio, sin juzgar el programa
verificar · typecheck · unit · build · audit	Pruebas unitarias (domain, api)	2026-09-24T07:24:16.0387309Z ok 15 - 09v10:738-744 · validar informa lo que falta, vinculado a bloque, sesión y ejercicio, sin juzgar el programa
verificar · typecheck · unit · build · audit	Pruebas unitarias (domain, api)	2026-09-24T07:24:16.0388310Z   ---
verificar · typecheck · unit · build · audit	Pruebas unitarias (domain, api)	2026-09-24T07:24:16.0388825Z   duration_ms: 0.805995
verificar · typecheck · unit · build · audit	Pruebas unitarias (domain, api)	2026-09-24T07:24:16.0389373Z   type: 'test'
verificar · typecheck · unit · build · audit	Pruebas unitarias (domain, api)	2026-09-24T07:24:16.0426095Z   ...
verificar · typecheck · unit · build · audit	Pruebas unitarias (domain, api)	2026-09-24T07:24:16.0427273Z # Subtest: 09v10:752 · una referencia que no existe es EXERCISE_REFERENCE_INVALID; una que dejó de estar disponible, EXERCISE_NOT_AVAILABLE
verificar · typecheck · unit · build · audit	Pruebas unitarias (domain, api)	2026-09-24T07:24:16.0428591Z ok 16 - 09v10:752 · una referencia que no existe es EXERCISE_REFERENCE_INVALID; una que dejó de estar disponible, EXERCISE_NOT_AVAILABLE
verificar · typecheck · unit · build · audit	Pruebas unitarias (domain, api)	2026-09-24T07:24:16.0429349Z   ---
verificar · typecheck · unit · build · audit	Pruebas unitarias (domain, api)	2026-09-24T07:24:16.0430208Z   duration_ms: 1.112007
verificar · typecheck · unit · build · audit	Pruebas unitarias (domain, api)	2026-09-24T07:24:16.0430875Z   type: 'test'
verificar · typecheck · unit · build · audit	Pruebas unitarias (domain, api)	2026-09-24T07:24:16.0431212Z   ...
verificar · typecheck · unit · build · audit	Pruebas unitarias (domain, api)	2026-09-24T07:24:16.0432421Z # Subtest: REG-06-104/112 · la instantánea congela el ejercicio con su nombre, y no se construye si falta una referencia
verificar · typecheck · unit · build · audit	Pruebas unitarias (domain, api)	2026-09-24T07:24:16.0434190Z ok 17 - REG-06-104/112 · la instantánea congela el ejercicio con su nombre, y no se construye si falta una referencia
verificar · typecheck · unit · build · audit	Pruebas unitarias (domain, api)	2026-09-24T07:24:16.0435505Z   ---
verificar · typecheck · unit · build · audit	Pruebas unitarias (domain, api)	2026-09-24T07:24:16.0435849Z   duration_ms: 1.263669
verificar · typecheck · unit · build · audit	Pruebas unitarias (domain, api)	2026-09-24T07:24:16.0436231Z   type: 'test'
verificar · typecheck · unit · build · audit	Pruebas unitarias (domain, api)	2026-09-24T07:24:16.0436552Z   ...
verificar · typecheck · unit · build · audit	Pruebas unitarias (domain, api)	2026-09-24T07:24:16.0437863Z # Subtest: REG-06-128 · el criterio es PERCENT_RM o RIR, y una prescripción sin criterio es legítima (no es un problema al validar)
verificar · typecheck · unit · build · audit	Pruebas unitarias (domain, api)	2026-09-24T07:24:16.0439992Z ok 18 - REG-06-128 · el criterio es PERCENT_RM o RIR, y una prescripción sin criterio es legítima (no es un problema al validar)
verificar · typecheck · unit · build · audit	Pruebas unitarias (domain, api)	2026-09-24T07:24:16.0440597Z   ---
verificar · typecheck · unit · build · audit	Pruebas unitarias (domain, api)	2026-09-24T07:24:16.0440792Z   duration_ms: 0.525401
verificar · typecheck · unit · build · audit	Pruebas unitarias (domain, api)	2026-09-24T07:24:16.0441020Z   type: 'test'
verificar · typecheck · unit · build · audit	Pruebas unitarias (domain, api)	2026-09-24T07:24:16.0441483Z   ...
verificar · typecheck · unit · build · audit	Pruebas unitarias (domain, api)	2026-09-24T07:24:16.0442304Z # Subtest: REG-06-129 · el esfuerzo percibido nunca es criterio de prescripción: RPE es INTENSITY_CRITERION_INVALID con su motivo
verificar · typecheck · unit · build · audit	Pruebas unitarias (domain, api)	2026-09-24T07:24:16.0443366Z ok 19 - REG-06-129 · el esfuerzo percibido nunca es criterio de prescripción: RPE es INTENSITY_CRITERION_INVALID con su motivo
verificar · typecheck · unit · build · audit	Pruebas unitarias (domain, api)	2026-09-24T07:24:16.0443908Z   ---
verificar · typecheck · unit · build · audit	Pruebas unitarias (domain, api)	2026-09-24T07:24:16.0444102Z   duration_ms: 1.395005
verificar · typecheck · unit · build · audit	Pruebas unitarias (domain, api)	2026-09-24T07:24:16.0444334Z   type: 'test'
verificar · typecheck · unit · build · audit	Pruebas unitarias (domain, api)	2026-09-24T07:24:16.0444523Z   ...
verificar · typecheck · unit · build · audit	Pruebas unitarias (domain, api)	2026-09-24T07:24:16.0445015Z # Subtest: 09v10:371 · los dos criterios a la vez se rechazan, y un tercero también
verificar · typecheck · unit · build · audit	Pruebas unitarias (domain, api)	2026-09-24T07:24:16.0445695Z ok 20 - 09v10:371 · los dos criterios a la vez se rechazan, y un tercero también
verificar · typecheck · unit · build · audit	Pruebas unitarias (domain, api)	2026-09-24T07:24:16.0446062Z   ---
verificar · typecheck · unit · build · audit	Pruebas unitarias (domain, api)	2026-09-24T07:24:16.0446261Z   duration_ms: 0.31588
verificar · typecheck · unit · build · audit	Pruebas unitarias (domain, api)	2026-09-24T07:24:16.0446477Z   type: 'test'
verificar · typecheck · unit · build · audit	Pruebas unitarias (domain, api)	2026-09-24T07:24:16.0446662Z   ...
verificar · typecheck · unit · build · audit	Pruebas unitarias (domain, api)	2026-09-24T07:24:16.0447309Z # Subtest: 09v10:391 · la carga sugerida no es criterio de intensidad: son dos campos distintos, y la carga exige unidad
verificar · typecheck · unit · build · audit	Pruebas unitarias (domain, api)	2026-09-24T07:24:16.0448268Z ok 21 - 09v10:391 · la carga sugerida no es criterio de intensidad: son dos campos distintos, y la carga exige unidad
verificar · typecheck · unit · build · audit	Pruebas unitarias (domain, api)	2026-09-24T07:24:16.0448804Z   ---
verificar · typecheck · unit · build · audit	Pruebas unitarias (domain, api)	2026-09-24T07:24:16.0448992Z   duration_ms: 1.511963
verificar · typecheck · unit · build · audit	Pruebas unitarias (domain, api)	2026-09-24T07:24:16.0449205Z   type: 'test'
verificar · typecheck · unit · build · audit	Pruebas unitarias (domain, api)	2026-09-24T07:24:16.0449407Z   ...
verificar · typecheck · unit · build · audit	Pruebas unitarias (domain, api)	2026-09-24T07:24:16.0450676Z # Subtest: DL-088 · el objetivo de intensidad tiene rango de significado: un %RM mayor que 100 o un RIR negativo no significan nada
verificar · typecheck · unit · build · audit	Pruebas unitarias (domain, api)	2026-09-24T07:24:16.0451844Z ok 22 - DL-088 · el objetivo de intensidad tiene rango de significado: un %RM mayor que 100 o un RIR negativo no significan nada
verificar · typecheck · unit · build · audit	Pruebas unitarias (domain, api)	2026-09-24T07:24:16.0470607Z   ---
verificar · typecheck · unit · build · audit	Pruebas unitarias (domain, api)	2026-09-24T07:24:16.0470958Z   duration_ms: 0.537644
verificar · typecheck · unit · build · audit	Pruebas unitarias (domain, api)	2026-09-24T07:24:16.0471332Z   type: 'test'
verificar · typecheck · unit · build · audit	Pruebas unitarias (domain, api)	2026-09-24T07:24:16.0471661Z   ...
verificar · typecheck · unit · build · audit	Pruebas unitarias (domain, api)	2026-09-24T07:24:16.0472548Z # Subtest: REG-06-111 · un parámetro cuantitativo del profesional declara su unidad
verificar · typecheck · unit · build · audit	Pruebas unitarias (domain, api)	2026-09-24T07:24:16.0473648Z ok 23 - REG-06-111 · un parámetro cuantitativo del profesional declara su unidad
verificar · typecheck · unit · build · audit	Pruebas unitarias (domain, api)	2026-09-24T07:24:16.0474330Z   ---
verificar · typecheck · unit · build · audit	Pruebas unitarias (domain, api)	2026-09-24T07:24:16.0474644Z   duration_ms: 1.513476
verificar · typecheck · unit · build · audit	Pruebas unitarias (domain, api)	2026-09-24T07:24:16.0475075Z   type: 'test'
verificar · typecheck · unit · build · audit	Pruebas unitarias (domain, api)	2026-09-24T07:24:16.0475445Z   ...
verificar · typecheck · unit · build · audit	Pruebas unitarias (domain, api)	2026-09-24T07:24:16.0476647Z # Subtest: INV-06-152 · una serie captura carga con unidad, repeticiones, y RIR y esfuerzo opcionales (09v10:1072-1079)
verificar · typecheck · unit · build · audit	Pruebas unitarias (domain, api)	2026-09-24T07:24:16.0478389Z ok 24 - INV-06-152 · una serie captura carga con unidad, repeticiones, y RIR y esfuerzo opcionales (09v10:1072-1079)
verificar · typecheck · unit · build · audit	Pruebas unitarias (domain, api)	2026-09-24T07:24:16.0479341Z   ---
verificar · typecheck · unit · build · audit	Pruebas unitarias (domain, api)	2026-09-24T07:24:16.0479888Z   duration_ms: 1.36554
verificar · typecheck · unit · build · audit	Pruebas unitarias (domain, api)	2026-09-24T07:24:16.0480253Z   type: 'test'
verificar · typecheck · unit · build · audit	Pruebas unitarias (domain, api)	2026-09-24T07:24:16.0480581Z   ...
verificar · typecheck · unit · build · audit	Pruebas unitarias (domain, api)	2026-09-24T07:24:16.0481751Z # Subtest: REG-06-131 · confirmar exige declarar la condición: la ausencia de registro nunca se confirma como nada
verificar · typecheck · unit · build · audit	Pruebas unitarias (domain, api)	2026-09-24T07:24:16.0483539Z ok 25 - REG-06-131 · confirmar exige declarar la condición: la ausencia de registro nunca se confirma como nada
verificar · typecheck · unit · build · audit	Pruebas unitarias (domain, api)	2026-09-24T07:24:16.0484436Z   ---
verificar · typecheck · unit · build · audit	Pruebas unitarias (domain, api)	2026-09-24T07:24:16.0484774Z   duration_ms: 0.57261
verificar · typecheck · unit · build · audit	Pruebas unitarias (domain, api)	2026-09-24T07:24:16.0485165Z   type: 'test'
verificar · typecheck · unit · build · audit	Pruebas unitarias (domain, api)	2026-09-24T07:24:16.0485495Z   ...
verificar · typecheck · unit · build · audit	Pruebas unitarias (domain, api)	2026-09-24T07:24:16.0486685Z # Subtest: REG-06-131/132 · «No pude realizarla» se confirma sin granularidad y sin datos, con motivo opcional
verificar · typecheck · unit · build · audit	Pruebas unitarias (domain, api)	2026-09-24T07:24:16.0488293Z ok 26 - REG-06-131/132 · «No pude realizarla» se confirma sin granularidad y sin datos, con motivo opcional
verificar · typecheck · unit · build · audit	Pruebas unitarias (domain, api)	2026-09-24T07:24:16.0489847Z   ---
verificar · typecheck · unit · build · audit	Pruebas unitarias (domain, api)	2026-09-24T07:24:16.0490194Z   duration_ms: 0.214371
verificar · typecheck · unit · build · audit	Pruebas unitarias (domain, api)	2026-09-24T07:24:16.0490583Z   type: 'test'
verificar · typecheck · unit · build · audit	Pruebas unitarias (domain, api)	2026-09-24T07:24:16.0490909Z   ...
verificar · typecheck · unit · build · audit	Pruebas unitarias (domain, api)	2026-09-24T07:24:16.0492144Z # Subtest: REG-06-132 · una sesión NO_REALIZADA con series cargadas no se confirma, pero guardar el borrador sí se puede
verificar · typecheck · unit · build · audit	Pruebas unitarias (domain, api)	2026-09-24T07:24:16.0493857Z ok 27 - REG-06-132 · una sesión NO_REALIZADA con series cargadas no se confirma, pero guardar el borrador sí se puede
verificar · typecheck · unit · build · audit	Pruebas unitarias (domain, api)	2026-09-24T07:24:16.0494744Z   ---
verificar · typecheck · unit · build · audit	Pruebas unitarias (domain, api)	2026-09-24T07:24:16.0495083Z   duration_ms: 0.570015
verificar · typecheck · unit · build · audit	Pruebas unitarias (domain, api)	2026-09-24T07:24:16.0495462Z   type: 'test'
verificar · typecheck · unit · build · audit	Pruebas unitarias (domain, api)	2026-09-24T07:24:16.0495774Z   ...
verificar · typecheck · unit · build · audit	Pruebas unitarias (domain, api)	2026-09-24T07:24:16.0496931Z # Subtest: 09v10:1101 · un registro agregado no lleva series, y uno por serie no lleva resumen: no se sintetiza ninguna de las dos
verificar · typecheck · unit · build · audit	Pruebas unitarias (domain, api)	2026-09-24T07:24:16.0498930Z ok 28 - 09v10:1101 · un registro agregado no lleva series, y uno por serie no lleva resumen: no se sintetiza ninguna de las dos
verificar · typecheck · unit · build · audit	Pruebas unitarias (domain, api)	2026-09-24T07:24:16.0500162Z   ---
verificar · typecheck · unit · build · audit	Pruebas unitarias (domain, api)	2026-09-24T07:24:16.0500684Z   duration_ms: 0.26284
verificar · typecheck · unit · build · audit	Pruebas unitarias (domain, api)	2026-09-24T07:24:16.0501154Z   type: 'test'
verificar · typecheck · unit · build · audit	Pruebas unitarias (domain, api)	2026-09-24T07:24:16.0501489Z   ...
verificar · typecheck · unit · build · audit	Pruebas unitarias (domain, api)	2026-09-24T07:24:16.0502313Z # Subtest: REG-06-132 · no se registran ejercicios antes de elegir granularidad
verificar · typecheck · unit · build · audit	Pruebas unitarias (domain, api)	2026-09-24T07:24:16.0503401Z ok 29 - REG-06-132 · no se registran ejercicios antes de elegir granularidad
verificar · typecheck · unit · build · audit	Pruebas unitarias (domain, api)	2026-09-24T07:24:16.0503900Z   ---
verificar · typecheck · unit · build · audit	Pruebas unitarias (domain, api)	2026-09-24T07:24:16.0504167Z   duration_ms: 0.204061
verificar · typecheck · unit · build · audit	Pruebas unitarias (domain, api)	2026-09-24T07:24:16.0504539Z   type: 'test'
verificar · typecheck · unit · build · audit	Pruebas unitarias (domain, api)	2026-09-24T07:24:16.0504850Z   ...
verificar · typecheck · unit · build · audit	Pruebas unitarias (domain, api)	2026-09-24T07:24:16.0505715Z # Subtest: una prescripción se registra una vez, y en ella cada serie tiene su índice
verificar · typecheck · unit · build · audit	Pruebas unitarias (domain, api)	2026-09-24T07:24:16.0506943Z ok 30 - una prescripción se registra una vez, y en ella cada serie tiene su índice
verificar · typecheck · unit · build · audit	Pruebas unitarias (domain, api)	2026-09-24T07:24:16.0507656Z   ---
verificar · typecheck · unit · build · audit	Pruebas unitarias (domain, api)	2026-09-24T07:24:16.0507981Z   duration_ms: 0.226924
verificar · typecheck · unit · build · audit	Pruebas unitarias (domain, api)	2026-09-24T07:24:16.0508360Z   type: 'test'
verificar · typecheck · unit · build · audit	Pruebas unitarias (domain, api)	2026-09-24T07:24:16.0508677Z   ...
verificar · typecheck · unit · build · audit	Pruebas unitarias (domain, api)	2026-09-24T07:24:16.0510124Z # Subtest: 09v10:1161 · para confirmar hace falta algo registrado; una serie sin carga ni repeticiones no registra nada
verificar · typecheck · unit · build · audit	Pruebas unitarias (domain, api)	2026-09-24T07:24:16.0511946Z ok 31 - 09v10:1161 · para confirmar hace falta algo registrado; una serie sin carga ni repeticiones no registra nada
verificar · typecheck · unit · build · audit	Pruebas unitarias (domain, api)	2026-09-24T07:24:16.0512849Z   ---
verificar · typecheck · unit · build · audit	Pruebas unitarias (domain, api)	2026-09-24T07:24:16.0513206Z   duration_ms: 0.509852
verificar · typecheck · unit · build · audit	Pruebas unitarias (domain, api)	2026-09-24T07:24:16.0513602Z   type: 'test'
verificar · typecheck · unit · build · audit	Pruebas unitarias (domain, api)	2026-09-24T07:24:16.0513942Z   ...
verificar · typecheck · unit · build · audit	Pruebas unitarias (domain, api)	2026-09-24T07:24:16.0514952Z # Subtest: 09v10:1095 · en un registro agregado alcanza con el resumen de la sesión
verificar · typecheck · unit · build · audit	Pruebas unitarias (domain, api)	2026-09-24T07:24:16.0516151Z ok 32 - 09v10:1095 · en un registro agregado alcanza con el resumen de la sesión
verificar · typecheck · unit · build · audit	Pruebas unitarias (domain, api)	2026-09-24T07:24:16.0516811Z   ---
verificar · typecheck · unit · build · audit	Pruebas unitarias (domain, api)	2026-09-24T07:24:16.0517148Z   duration_ms: 0.20342
verificar · typecheck · unit · build · audit	Pruebas unitarias (domain, api)	2026-09-24T07:24:16.0517523Z   type: 'test'
verificar · typecheck · unit · build · audit	Pruebas unitarias (domain, api)	2026-09-24T07:24:16.0517876Z   ...
verificar · typecheck · unit · build · audit	Pruebas unitarias (domain, api)	2026-09-24T07:24:16.0519031Z # Subtest: REG-06-130 · la sustitución es legítima: registrar otro ejercicio que el prescripto no es un problema
verificar · typecheck · unit · build · audit	Pruebas unitarias (domain, api)	2026-09-24T07:24:16.0520924Z ok 33 - REG-06-130 · la sustitución es legítima: registrar otro ejercicio que el prescripto no es un problema
verificar · typecheck · unit · build · audit	Pruebas unitarias (domain, api)	2026-09-24T07:24:16.0521738Z   ---
verificar · typecheck · unit · build · audit	Pruebas unitarias (domain, api)	2026-09-24T07:24:16.0522063Z   duration_ms: 0.196787
verificar · typecheck · unit · build · audit	Pruebas unitarias (domain, api)	2026-09-24T07:24:16.0522419Z   type: 'test'
verificar · typecheck · unit · build · audit	Pruebas unitarias (domain, api)	2026-09-24T07:24:16.0522744Z   ...
verificar · typecheck · unit · build · audit	Pruebas unitarias (domain, api)	2026-09-24T07:24:16.0523960Z # Subtest: 09v10:995-1003 · el borrador se guarda por partes: cada campo es opcional, y la condición viaja como texto para dar su 422
verificar · typecheck · unit · build · audit	Pruebas unitarias (domain, api)	2026-09-24T07:24:16.0525793Z ok 34 - 09v10:995-1003 · el borrador se guarda por partes: cada campo es opcional, y la condición viaja como texto para dar su 422
verificar · typecheck · unit · build · audit	Pruebas unitarias (domain, api)	2026-09-24T07:24:16.0526719Z   ---
verificar · typecheck · unit · build · audit	Pruebas unitarias (domain, api)	2026-09-24T07:24:16.0527037Z   duration_ms: 2.728916
verificar · typecheck · unit · build · audit	Pruebas unitarias (domain, api)	2026-09-24T07:24:16.0527400Z   type: 'test'
verificar · typecheck · unit · build · audit	Pruebas unitarias (domain, api)	2026-09-24T07:24:16.0527704Z   ...
verificar · typecheck · unit · build · audit	Pruebas unitarias (domain, api)	2026-09-24T07:24:16.0528302Z # Subtest: B10-06:879-884 · una corrección exige motivo
verificar · typecheck · unit · build · audit	Pruebas unitarias (domain, api)	2026-09-24T07:24:16.0529098Z ok 35 - B10-06:879-884 · una corrección exige motivo
verificar · typecheck · unit · build · audit	Pruebas unitarias (domain, api)	2026-09-24T07:24:16.0529850Z   ---
verificar · typecheck · unit · build · audit	Pruebas unitarias (domain, api)	2026-09-24T07:24:16.0530184Z   duration_ms: 1.573057
verificar · typecheck · unit · build · audit	Pruebas unitarias (domain, api)	2026-09-24T07:24:16.0530579Z   type: 'test'
verificar · typecheck · unit · build · audit	Pruebas unitarias (domain, api)	2026-09-24T07:24:16.0530883Z   ...
verificar · typecheck · unit · build · audit	Pruebas unitarias (domain, api)	2026-09-24T07:24:16.0532356Z # Subtest: DL-077 · el occurrenceId vuelve a la misma ocurrencia, y dos ocurrencias distintas no comparten identificador
verificar · typecheck · unit · build · audit	Pruebas unitarias (domain, api)	2026-09-24T07:24:16.0533974Z ok 36 - DL-077 · el occurrenceId vuelve a la misma ocurrencia, y dos ocurrencias distintas no comparten identificador
verificar · typecheck · unit · build · audit	Pruebas unitarias (domain, api)	2026-09-24T07:24:16.0534802Z   ---
verificar · typecheck · unit · build · audit	Pruebas unitarias (domain, api)	2026-09-24T07:24:16.0535129Z   duration_ms: 1.07066
verificar · typecheck · unit · build · audit	Pruebas unitarias (domain, api)	2026-09-24T07:24:16.0535525Z   type: 'test'
verificar · typecheck · unit · build · audit	Pruebas unitarias (domain, api)	2026-09-24T07:24:16.0535832Z   ...
verificar · typecheck · unit · build · audit	Pruebas unitarias (domain, api)	2026-09-24T07:24:16.0537018Z # Subtest: DL-077 · un identificador que el servidor no pudo emitir no decodifica: ni ajeno, ni alterado, ni en forma no canónica
verificar · typecheck · unit · build · audit	Pruebas unitarias (domain, api)	2026-09-24T07:24:16.0538810Z ok 37 - DL-077 · un identificador que el servidor no pudo emitir no decodifica: ni ajeno, ni alterado, ni en forma no canónica
verificar · typecheck · unit · build · audit	Pruebas unitarias (domain, api)	2026-09-24T07:24:16.0540302Z   ---
verificar · typecheck · unit · build · audit	Pruebas unitarias (domain, api)	2026-09-24T07:24:16.0540636Z   duration_ms: 0.607534
verificar · typecheck · unit · build · audit	Pruebas unitarias (domain, api)	2026-09-24T07:24:16.0541013Z   type: 'test'
verificar · typecheck · unit · build · audit	Pruebas unitarias (domain, api)	2026-09-24T07:24:16.0541339Z   ...
verificar · typecheck · unit · build · audit	Pruebas unitarias (domain, api)	2026-09-24T07:24:16.0542347Z # Subtest: H-09-TRN-01 · la ocurrencia no tiene un estado «no realizada»: sin borrador es NOT_STARTED
verificar · typecheck · unit · build · audit	Pruebas unitarias (domain, api)	2026-09-24T07:24:16.0543807Z ok 38 - H-09-TRN-01 · la ocurrencia no tiene un estado «no realizada»: sin borrador es NOT_STARTED
verificar · typecheck · unit · build · audit	Pruebas unitarias (domain, api)	2026-09-24T07:24:16.0544578Z   ---
verificar · typecheck · unit · build · audit	Pruebas unitarias (domain, api)	2026-09-24T07:24:16.0544909Z   duration_ms: 0.278079
verificar · typecheck · unit · build · audit	Pruebas unitarias (domain, api)	2026-09-24T07:24:16.0545283Z   type: 'test'
verificar · typecheck · unit · build · audit	Pruebas unitarias (domain, api)	2026-09-24T07:24:16.0545614Z   ...
verificar · typecheck · unit · build · audit	Pruebas unitarias (domain, api)	2026-09-24T07:24:16.0546795Z # Subtest: TEST-PRJ-009 · ningún schema de entrenamiento tiene puntaje, cumplimiento, volumen, marcas ni mapa muscular
verificar · typecheck · unit · build · audit	Pruebas unitarias (domain, api)	2026-09-24T07:24:16.0548478Z ok 39 - TEST-PRJ-009 · ningún schema de entrenamiento tiene puntaje, cumplimiento, volumen, marcas ni mapa muscular
verificar · typecheck · unit · build · audit	Pruebas unitarias (domain, api)	2026-09-24T07:24:16.0549356Z   ---
verificar · typecheck · unit · build · audit	Pruebas unitarias (domain, api)	2026-09-24T07:24:16.0549917Z   duration_ms: 137.263637
verificar · typecheck · unit · build · audit	Pruebas unitarias (domain, api)	2026-09-24T07:24:16.0550667Z   type: 'test'
verificar · typecheck · unit · build · audit	Pruebas unitarias (domain, api)	2026-09-24T07:24:16.0550996Z   ...
verificar · typecheck · unit · build · audit	Pruebas unitarias (domain, api)	2026-09-24T07:24:16.0552219Z # Subtest: TEST-PRJ-009 · el control detecta un campo prohibido, y la excepción de PERCENT_RM no abre la puerta a otro «percent»
verificar · typecheck · unit · build · audit	Pruebas unitarias (domain, api)	2026-09-24T07:24:16.0554112Z ok 40 - TEST-PRJ-009 · el control detecta un campo prohibido, y la excepción de PERCENT_RM no abre la puerta a otro «percent»
verificar · typecheck · unit · build · audit	Pruebas unitarias (domain, api)	2026-09-24T07:24:16.0555046Z   ---
verificar · typecheck · unit · build · audit	Pruebas unitarias (domain, api)	2026-09-24T07:24:16.0555365Z   duration_ms: 0.55675
verificar · typecheck · unit · build · audit	Pruebas unitarias (domain, api)	2026-09-24T07:24:16.0555730Z   type: 'test'
verificar · typecheck · unit · build · audit	Pruebas unitarias (domain, api)	2026-09-24T07:24:16.0556039Z   ...
verificar · typecheck · unit · build · audit	Pruebas unitarias (domain, api)	2026-09-24T07:24:16.0557094Z # Subtest: TEST-PRJ-009 · el OpenAPI de entrenamiento tampoco expone nada de eso, y tiene las 26 operaciones
verificar · typecheck · unit · build · audit	Pruebas unitarias (domain, api)	2026-09-24T07:24:16.0558692Z ok 41 - TEST-PRJ-009 · el OpenAPI de entrenamiento tampoco expone nada de eso, y tiene las 26 operaciones
verificar · typecheck · unit · build · audit	Pruebas unitarias (domain, api)	2026-09-24T07:24:16.0559797Z   ---
verificar · typecheck · unit · build · audit	Pruebas unitarias (domain, api)	2026-09-24T07:24:16.0560132Z   duration_ms: 93.877648
verificar · typecheck · unit · build · audit	Pruebas unitarias (domain, api)	2026-09-24T07:24:16.0560517Z   type: 'test'
verificar · typecheck · unit · build · audit	Pruebas unitarias (domain, api)	2026-09-24T07:24:16.0560831Z   ...
verificar · typecheck · unit · build · audit	Pruebas unitarias (domain, api)	2026-09-24T07:24:16.0562069Z # Subtest: §4.1 · la asimetría del contrato: dos colecciones de ejecución, una sola de plan, y ninguna de borradores de plan
verificar · typecheck · unit · build · audit	Pruebas unitarias (domain, api)	2026-09-24T07:24:16.0563866Z ok 42 - §4.1 · la asimetría del contrato: dos colecciones de ejecución, una sola de plan, y ninguna de borradores de plan
verificar · typecheck · unit · build · audit	Pruebas unitarias (domain, api)	2026-09-24T07:24:16.0564732Z   ---
verificar · typecheck · unit · build · audit	Pruebas unitarias (domain, api)	2026-09-24T07:24:16.0565066Z   duration_ms: 69.113393
verificar · typecheck · unit · build · audit	Pruebas unitarias (domain, api)	2026-09-24T07:24:16.0565446Z   type: 'test'
verificar · typecheck · unit · build · audit	Pruebas unitarias (domain, api)	2026-09-24T07:24:16.0565772Z   ...
verificar · typecheck · unit · build · audit	Pruebas unitarias (domain, api)	2026-09-24T07:24:16.0567023Z # Subtest: TEST-TRN-004 · sin registro nunca se muestra «No realizada»: hoy es «No iniciada», un día pasado es «Sin registro»
verificar · typecheck · unit · build · audit	Pruebas unitarias (domain, api)	2026-09-24T07:24:16.0568839Z ok 43 - TEST-TRN-004 · sin registro nunca se muestra «No realizada»: hoy es «No iniciada», un día pasado es «Sin registro»
verificar · typecheck · unit · build · audit	Pruebas unitarias (domain, api)	2026-09-24T07:24:16.0570021Z   ---
verificar · typecheck · unit · build · audit	Pruebas unitarias (domain, api)	2026-09-24T07:24:16.0570366Z   duration_ms: 1.314545
verificar · typecheck · unit · build · audit	Pruebas unitarias (domain, api)	2026-09-24T07:24:16.0570740Z   type: 'test'
verificar · typecheck · unit · build · audit	Pruebas unitarias (domain, api)	2026-09-24T07:24:16.0571069Z   ...
verificar · typecheck · unit · build · audit	Pruebas unitarias (domain, api)	2026-09-24T07:24:16.0571963Z # Subtest: REG-06-131 · «No realizada» aparece solo cuando el asesorado lo registró así
verificar · typecheck · unit · build · audit	Pruebas unitarias (domain, api)	2026-09-24T07:24:16.0573263Z ok 44 - REG-06-131 · «No realizada» aparece solo cuando el asesorado lo registró así
verificar · typecheck · unit · build · audit	Pruebas unitarias (domain, api)	2026-09-24T07:24:16.0573984Z   ---
verificar · typecheck · unit · build · audit	Pruebas unitarias (domain, api)	2026-09-24T07:24:16.0574318Z   duration_ms: 0.318915
verificar · typecheck · unit · build · audit	Pruebas unitarias (domain, api)	2026-09-24T07:24:16.0574710Z   type: 'test'
verificar · typecheck · unit · build · audit	Pruebas unitarias (domain, api)	2026-09-24T07:24:16.0575034Z   ...
verificar · typecheck · unit · build · audit	Pruebas unitarias (domain, api)	2026-09-24T07:24:16.0576399Z # Subtest: B10-10:134 · el copy de entrenamiento no tiene puntajes ni juicios; «% RM» sí, cualquier otro «%» no
verificar · typecheck · unit · build · audit	Pruebas unitarias (domain, api)	2026-09-24T07:24:16.0577368Z ok 45 - B10-10:134 · el copy de entrenamiento no tiene puntajes ni juicios; «% RM» sí, cualquier otro «%» no
verificar · typecheck · unit · build · audit	Pruebas unitarias (domain, api)	2026-09-24T07:24:16.0577842Z   ---
verificar · typecheck · unit · build · audit	Pruebas unitarias (domain, api)	2026-09-24T07:24:16.0578032Z   duration_ms: 0.917804
verificar · typecheck · unit · build · audit	Pruebas unitarias (domain, api)	2026-09-24T07:24:16.0578252Z   type: 'test'
verificar · typecheck · unit · build · audit	Pruebas unitarias (domain, api)	2026-09-24T07:24:16.0578437Z   ...
verificar · typecheck · unit · build · audit	Pruebas unitarias (domain, api)	2026-09-24T07:24:16.0578913Z # Subtest: copy · la cantidad de series concuerda en número: «1 serie», «3 series»
verificar · typecheck · unit · build · audit	Pruebas unitarias (domain, api)	2026-09-24T07:24:16.0579928Z ok 46 - copy · la cantidad de series concuerda en número: «1 serie», «3 series»
verificar · typecheck · unit · build · audit	Pruebas unitarias (domain, api)	2026-09-24T07:24:16.0580617Z   ---
verificar · typecheck · unit · build · audit	Pruebas unitarias (domain, api)	2026-09-24T07:24:16.0580826Z   duration_ms: 0.228496
verificar · typecheck · unit · build · audit	Pruebas unitarias (domain, api)	2026-09-24T07:24:16.0581285Z   type: 'test'
verificar · typecheck · unit · build · audit	Pruebas unitarias (domain, api)	2026-09-24T07:24:16.0581479Z   ...
verificar · typecheck · unit · build · audit	Pruebas unitarias (domain, api)	2026-09-24T07:24:16.0582075Z # Subtest: 06:5253 · lo que rige de una ejecución es la corrección vigente, o el original si no hay
verificar · typecheck · unit · build · audit	Pruebas unitarias (domain, api)	2026-09-24T07:24:16.0582854Z ok 47 - 06:5253 · lo que rige de una ejecución es la corrección vigente, o el original si no hay
verificar · typecheck · unit · build · audit	Pruebas unitarias (domain, api)	2026-09-24T07:24:16.0583280Z   ---
verificar · typecheck · unit · build · audit	Pruebas unitarias (domain, api)	2026-09-24T07:24:16.0583471Z   duration_ms: 0.386201
verificar · typecheck · unit · build · audit	Pruebas unitarias (domain, api)	2026-09-24T07:24:16.0583688Z   type: 'test'
verificar · typecheck · unit · build · audit	Pruebas unitarias (domain, api)	2026-09-24T07:24:16.0583977Z   ...
verificar · typecheck · unit · build · audit	Pruebas unitarias (domain, api)	2026-09-24T07:24:16.0792143Z # Subtest: REG-06-210 · la Solicitud nace PENDIENTE y solo puede pasar a RESPONDIDA; no hay un tercer estado
verificar · typecheck · unit · build · audit	Pruebas unitarias (domain, api)	2026-09-24T07:24:16.0818941Z ok 48 - REG-06-210 · la Solicitud nace PENDIENTE y solo puede pasar a RESPONDIDA; no hay un tercer estado
verificar · typecheck · unit · build · audit	Pruebas unitarias (domain, api)	2026-09-24T07:24:16.0850808Z   ---
verificar · typecheck · unit · build · audit	Pruebas unitarias (domain, api)	2026-09-24T07:24:16.0922295Z   duration_ms: 2.279587
verificar · typecheck · unit · build · audit	Pruebas unitarias (domain, api)	2026-09-24T07:24:16.0970595Z   type: 'test'
verificar · typecheck · unit · build · audit	Pruebas unitarias (domain, api)	2026-09-24T07:24:16.1064124Z   ...
verificar · typecheck · unit · build · audit	Pruebas unitarias (domain, api)	2026-09-24T07:24:16.1204861Z # Subtest: 09:1508 · el token del contrato es el del 09 en inglés; el del dominio, la palabra del 06
verificar · typecheck · unit · build · audit	Pruebas unitarias (domain, api)	2026-09-24T07:24:16.1211183Z ok 49 - 09:1508 · el token del contrato es el del 09 en inglés; el del dominio, la palabra del 06
verificar · typecheck · unit · build · audit	Pruebas unitarias (domain, api)	2026-09-24T07:24:16.1260441Z   ---
verificar · typecheck · unit · build · audit	Pruebas unitarias (domain, api)	2026-09-24T07:24:16.1281007Z   duration_ms: 0.848745
verificar · typecheck · unit · build · audit	Pruebas unitarias (domain, api)	2026-09-24T07:24:16.1341382Z   type: 'test'
verificar · typecheck · unit · build · audit	Pruebas unitarias (domain, api)	2026-09-24T07:24:16.1350115Z   ...
verificar · typecheck · unit · build · audit	Pruebas unitarias (domain, api)	2026-09-24T07:24:16.1401914Z # Subtest: 09:1610-1618 · respondable es una proyección, no un tercer estado: la mitad estructural es PENDIENTE únicamente
verificar · typecheck · unit · build · audit	Pruebas unitarias (domain, api)	2026-09-24T07:24:16.1441502Z ok 50 - 09:1610-1618 · respondable es una proyección, no un tercer estado: la mitad estructural es PENDIENTE únicamente
verificar · typecheck · unit · build · audit	Pruebas unitarias (domain, api)	2026-09-24T07:24:16.1470264Z   ---
verificar · typecheck · unit · build · audit	Pruebas unitarias (domain, api)	2026-09-24T07:24:16.1499181Z   duration_ms: 0.293308
verificar · typecheck · unit · build · audit	Pruebas unitarias (domain, api)	2026-09-24T07:24:16.1516398Z   type: 'test'
verificar · typecheck · unit · build · audit	Pruebas unitarias (domain, api)	2026-09-24T07:24:16.1517085Z   ...
verificar · typecheck · unit · build · audit	Pruebas unitarias (domain, api)	2026-09-24T07:24:16.1518861Z # Subtest: DL-095 · P0 es maximally permissive: las cuatro categorías son pertinentes en los tres Alcances
verificar · typecheck · unit · build · audit	Pruebas unitarias (domain, api)	2026-09-24T07:24:16.1521262Z ok 51 - DL-095 · P0 es maximally permissive: las cuatro categorías son pertinentes en los tres Alcances
verificar · typecheck · unit · build · audit	Pruebas unitarias (domain, api)	2026-09-24T07:24:16.1522497Z   ---
verificar · typecheck · unit · build · audit	Pruebas unitarias (domain, api)	2026-09-24T07:24:16.1523035Z   duration_ms: 0.377044
verificar · typecheck · unit · build · audit	Pruebas unitarias (domain, api)	2026-09-24T07:24:16.1523601Z   type: 'test'
verificar · typecheck · unit · build · audit	Pruebas unitarias (domain, api)	2026-09-24T07:24:16.1524150Z   ...
verificar · typecheck · unit · build · audit	Pruebas unitarias (domain, api)	2026-09-24T07:24:16.1525342Z # Subtest: REG-06-212 · lo requerido tiene que estar entre lo solicitado
verificar · typecheck · unit · build · audit	Pruebas unitarias (domain, api)	2026-09-24T07:24:16.1526879Z ok 52 - REG-06-212 · lo requerido tiene que estar entre lo solicitado
verificar · typecheck · unit · build · audit	Pruebas unitarias (domain, api)	2026-09-24T07:24:16.1527856Z   ---
verificar · typecheck · unit · build · audit	Pruebas unitarias (domain, api)	2026-09-24T07:24:16.1528420Z   duration_ms: 0.280053
verificar · typecheck · unit · build · audit	Pruebas unitarias (domain, api)	2026-09-24T07:24:16.1529015Z   type: 'test'
verificar · typecheck · unit · build · audit	Pruebas unitarias (domain, api)	2026-09-24T07:24:16.1529805Z   ...
verificar · typecheck · unit · build · audit	Pruebas unitarias (domain, api)	2026-09-24T07:24:16.1531026Z # Subtest: REG-06-13 · lo solicitado tiene que existir en la versión de plantilla citada
verificar · typecheck · unit · build · audit	Pruebas unitarias (domain, api)	2026-09-24T07:24:16.1532643Z ok 53 - REG-06-13 · lo solicitado tiene que existir en la versión de plantilla citada
verificar · typecheck · unit · build · audit	Pruebas unitarias (domain, api)	2026-09-24T07:24:16.1533637Z   ---
verificar · typecheck · unit · build · audit	Pruebas unitarias (domain, api)	2026-09-24T07:24:16.1534187Z   duration_ms: 0.285393
verificar · typecheck · unit · build · audit	Pruebas unitarias (domain, api)	2026-09-24T07:24:16.1534779Z   type: 'test'
verificar · typecheck · unit · build · audit	Pruebas unitarias (domain, api)	2026-09-24T07:24:16.1535358Z   ...
verificar · typecheck · unit · build · audit	Pruebas unitarias (domain, api)	2026-09-24T07:24:16.1536854Z # Subtest: 09:1500 · crear una Solicitud exige plantilla, propósito, alcance y al menos un campo solicitado
verificar · typecheck · unit · build · audit	Pruebas unitarias (domain, api)	2026-09-24T07:24:16.1538873Z ok 54 - 09:1500 · crear una Solicitud exige plantilla, propósito, alcance y al menos un campo solicitado
verificar · typecheck · unit · build · audit	Pruebas unitarias (domain, api)	2026-09-24T07:24:16.1540256Z   ---
verificar · typecheck · unit · build · audit	Pruebas unitarias (domain, api)	2026-09-24T07:24:16.1541277Z   duration_ms: 3.476542
verificar · typecheck · unit · build · audit	Pruebas unitarias (domain, api)	2026-09-24T07:24:16.1541822Z   type: 'test'
verificar · typecheck · unit · build · audit	Pruebas unitarias (domain, api)	2026-09-24T07:24:16.1542363Z   ...
verificar · typecheck · unit · build · audit	Pruebas unitarias (domain, api)	2026-09-24T07:24:16.1543974Z # Subtest: 09:1586-1587 · un campo opcional que no se responde se omite del arreglo: el contrato no admite un value nulo como respuesta
verificar · typecheck · unit · build · audit	Pruebas unitarias (domain, api)	2026-09-24T07:24:16.1546199Z ok 55 - 09:1586-1587 · un campo opcional que no se responde se omite del arreglo: el contrato no admite un value nulo como respuesta
verificar · typecheck · unit · build · audit	Pruebas unitarias (domain, api)	2026-09-24T07:24:16.1547403Z   ---
verificar · typecheck · unit · build · audit	Pruebas unitarias (domain, api)	2026-09-24T07:24:16.1547866Z   duration_ms: 2.911377
verificar · typecheck · unit · build · audit	Pruebas unitarias (domain, api)	2026-09-24T07:24:16.1548434Z   type: 'test'
verificar · typecheck · unit · build · audit	Pruebas unitarias (domain, api)	2026-09-24T07:24:16.1548885Z   ...
verificar · typecheck · unit · build · audit	Pruebas unitarias (domain, api)	2026-09-24T07:24:16.1550497Z # Subtest: TEST-FRM-003 · cada respuesta persistida es SELF_REPORTED por invariante del schema, nunca otro valor
verificar · typecheck · unit · build · audit	Pruebas unitarias (domain, api)	2026-09-24T07:24:16.1552825Z ok 56 - TEST-FRM-003 · cada respuesta persistida es SELF_REPORTED por invariante del schema, nunca otro valor
verificar · typecheck · unit · build · audit	Pruebas unitarias (domain, api)	2026-09-24T07:24:16.1553988Z   ---
verificar · typecheck · unit · build · audit	Pruebas unitarias (domain, api)	2026-09-24T07:24:16.1554426Z   duration_ms: 1.710705
verificar · typecheck · unit · build · audit	Pruebas unitarias (domain, api)	2026-09-24T07:24:16.1554919Z   type: 'test'
verificar · typecheck · unit · build · audit	Pruebas unitarias (domain, api)	2026-09-24T07:24:16.1555390Z   ...
verificar · typecheck · unit · build · audit	Pruebas unitarias (domain, api)	2026-09-24T07:24:16.1556669Z # Subtest: 09 §22.8 · rectificar exige la versión esperada, motivo y al menos una respuesta — no es un PATCH parcial
verificar · typecheck · unit · build · audit	Pruebas unitarias (domain, api)	2026-09-24T07:24:16.1558508Z ok 57 - 09 §22.8 · rectificar exige la versión esperada, motivo y al menos una respuesta — no es un PATCH parcial
verificar · typecheck · unit · build · audit	Pruebas unitarias (domain, api)	2026-09-24T07:24:16.1559740Z   ---
verificar · typecheck · unit · build · audit	Pruebas unitarias (domain, api)	2026-09-24T07:24:16.1560276Z   duration_ms: 1.696368
verificar · typecheck · unit · build · audit	Pruebas unitarias (domain, api)	2026-09-24T07:24:16.1560809Z   type: 'test'
verificar · typecheck · unit · build · audit	Pruebas unitarias (domain, api)	2026-09-24T07:24:16.1561335Z   ...
verificar · typecheck · unit · build · audit	Pruebas unitarias (domain, api)	2026-09-24T07:24:16.1562868Z # Subtest: 09:1618 · rectificar no sobrescribe: crea una sucesora, y la original sigue siendo la vista ORIGINAL hasta que exista una
verificar · typecheck · unit · build · audit	Pruebas unitarias (domain, api)	2026-09-24T07:24:16.1564900Z ok 58 - 09:1618 · rectificar no sobrescribe: crea una sucesora, y la original sigue siendo la vista ORIGINAL hasta que exista una
verificar · typecheck · unit · build · audit	Pruebas unitarias (domain, api)	2026-09-24T07:24:16.1566080Z   ---
verificar · typecheck · unit · build · audit	Pruebas unitarias (domain, api)	2026-09-24T07:24:16.1566552Z   duration_ms: 0.800765
verificar · typecheck · unit · build · audit	Pruebas unitarias (domain, api)	2026-09-24T07:24:16.1567060Z   type: 'test'
verificar · typecheck · unit · build · audit	Pruebas unitarias (domain, api)	2026-09-24T07:24:16.1567485Z   ...
verificar · typecheck · unit · build · audit	Pruebas unitarias (domain, api)	2026-09-24T07:24:16.1568776Z # Subtest: WP-07 §5 · el copy no presenta la falta de respuesta como incumplimiento ni lo declarado como medición
verificar · typecheck · unit · build · audit	Pruebas unitarias (domain, api)	2026-09-24T07:24:16.1570922Z ok 59 - WP-07 §5 · el copy no presenta la falta de respuesta como incumplimiento ni lo declarado como medición
verificar · typecheck · unit · build · audit	Pruebas unitarias (domain, api)	2026-09-24T07:24:16.1571896Z   ---
verificar · typecheck · unit · build · audit	Pruebas unitarias (domain, api)	2026-09-24T07:24:16.1572351Z   duration_ms: 1.59597
verificar · typecheck · unit · build · audit	Pruebas unitarias (domain, api)	2026-09-24T07:24:16.1572847Z   type: 'test'
verificar · typecheck · unit · build · audit	Pruebas unitarias (domain, api)	2026-09-24T07:24:16.1573281Z   ...
verificar · typecheck · unit · build · audit	Pruebas unitarias (domain, api)	2026-09-24T07:24:16.1574590Z # Subtest: 09 §22 · las 8 operaciones FRM están en el documento, sin cancelar/rechazar/caducar ni crear plantilla
verificar · typecheck · unit · build · audit	Pruebas unitarias (domain, api)	2026-09-24T07:24:16.1576419Z ok 60 - 09 §22 · las 8 operaciones FRM están en el documento, sin cancelar/rechazar/caducar ni crear plantilla
verificar · typecheck · unit · build · audit	Pruebas unitarias (domain, api)	2026-09-24T07:24:16.1577395Z   ---
verificar · typecheck · unit · build · audit	Pruebas unitarias (domain, api)	2026-09-24T07:24:16.1577862Z   duration_ms: 150.60425
verificar · typecheck · unit · build · audit	Pruebas unitarias (domain, api)	2026-09-24T07:24:16.1578373Z   type: 'test'
verificar · typecheck · unit · build · audit	Pruebas unitarias (domain, api)	2026-09-24T07:24:16.1578827Z   ...
verificar · typecheck · unit · build · audit	Pruebas unitarias (domain, api)	2026-09-24T07:24:16.1580330Z # Subtest: 09v11 §15 · un dominio disponible trae el resumen de su dominio, y `null` cuando todavía no hay datos
verificar · typecheck · unit · build · audit	Pruebas unitarias (domain, api)	2026-09-24T07:24:16.1582214Z ok 61 - 09v11 §15 · un dominio disponible trae el resumen de su dominio, y `null` cuando todavía no hay datos
verificar · typecheck · unit · build · audit	Pruebas unitarias (domain, api)	2026-09-24T07:24:16.1583198Z   ---
verificar · typecheck · unit · build · audit	Pruebas unitarias (domain, api)	2026-09-24T07:24:16.1583673Z   duration_ms: 6.620122
verificar · typecheck · unit · build · audit	Pruebas unitarias (domain, api)	2026-09-24T07:24:16.1584169Z   type: 'test'
verificar · typecheck · unit · build · audit	Pruebas unitarias (domain, api)	2026-09-24T07:24:16.1584600Z   ...
verificar · typecheck · unit · build · audit	Pruebas unitarias (domain, api)	2026-09-24T07:24:16.1585918Z # Subtest: 09v11 §15 · un resumen con una clave fuera del contrato se rechaza: el dashboard no admite un score inventado
verificar · typecheck · unit · build · audit	Pruebas unitarias (domain, api)	2026-09-24T07:24:16.1587844Z ok 62 - 09v11 §15 · un resumen con una clave fuera del contrato se rechaza: el dashboard no admite un score inventado
verificar · typecheck · unit · build · audit	Pruebas unitarias (domain, api)	2026-09-24T07:24:16.1588960Z   ---
verificar · typecheck · unit · build · audit	Pruebas unitarias (domain, api)	2026-09-24T07:24:16.1589726Z   duration_ms: 0.714264
verificar · typecheck · unit · build · audit	Pruebas unitarias (domain, api)	2026-09-24T07:24:16.1590368Z   type: 'test'
verificar · typecheck · unit · build · audit	Pruebas unitarias (domain, api)	2026-09-24T07:24:16.1590902Z   ...
verificar · typecheck · unit · build · audit	Pruebas unitarias (domain, api)	2026-09-24T07:24:16.1592136Z # Subtest: B10-08 §8.4 · un dominio no disponible no lleva resumen ni identificador de vínculo
verificar · typecheck · unit · build · audit	Pruebas unitarias (domain, api)	2026-09-24T07:24:16.1593673Z ok 63 - B10-08 §8.4 · un dominio no disponible no lleva resumen ni identificador de vínculo
verificar · typecheck · unit · build · audit	Pruebas unitarias (domain, api)	2026-09-24T07:24:16.1594614Z   ---
verificar · typecheck · unit · build · audit	Pruebas unitarias (domain, api)	2026-09-24T07:24:16.1595601Z   duration_ms: 0.17662
verificar · typecheck · unit · build · audit	Pruebas unitarias (domain, api)	2026-09-24T07:24:16.1596180Z   type: 'test'
verificar · typecheck · unit · build · audit	Pruebas unitarias (domain, api)	2026-09-24T07:24:16.1596692Z   ...
verificar · typecheck · unit · build · audit	Pruebas unitarias (domain, api)	2026-09-24T07:24:16.1598123Z # Subtest: TEST-CAL-001 · REG-06-203: publicar una versión nueva no vuelve seleccionable ni reescribe a la anterior
verificar · typecheck · unit · build · audit	Pruebas unitarias (domain, api)	2026-09-24T07:24:16.1600410Z ok 64 - TEST-CAL-001 · REG-06-203: publicar una versión nueva no vuelve seleccionable ni reescribe a la anterior
verificar · typecheck · unit · build · audit	Pruebas unitarias (domain, api)	2026-09-24T07:24:16.1601574Z   ---
verificar · typecheck · unit · build · audit	Pruebas unitarias (domain, api)	2026-09-24T07:24:16.1602092Z   duration_ms: 1.88508
verificar · typecheck · unit · build · audit	Pruebas unitarias (domain, api)	2026-09-24T07:24:16.1602670Z   type: 'test'
verificar · typecheck · unit · build · audit	Pruebas unitarias (domain, api)	2026-09-24T07:24:16.1603172Z   ...
verificar · typecheck · unit · build · audit	Pruebas unitarias (domain, api)	2026-09-24T07:24:16.1604468Z # Subtest: TEST-CAL-002 · REG-06-204: un dato existente con procedencia no admisible no produce una ejecución
verificar · typecheck · unit · build · audit	Pruebas unitarias (domain, api)	2026-09-24T07:24:16.1606823Z ok 65 - TEST-CAL-002 · REG-06-204: un dato existente con procedencia no admisible no produce una ejecución
verificar · typecheck · unit · build · audit	Pruebas unitarias (domain, api)	2026-09-24T07:24:16.1607919Z   ---
verificar · typecheck · unit · build · audit	Pruebas unitarias (domain, api)	2026-09-24T07:24:16.1608444Z   duration_ms: 1.308584
verificar · typecheck · unit · build · audit	Pruebas unitarias (domain, api)	2026-09-24T07:24:16.1608973Z   type: 'test'
verificar · typecheck · unit · build · audit	Pruebas unitarias (domain, api)	2026-09-24T07:24:16.1609427Z   ...
verificar · typecheck · unit · build · audit	Pruebas unitarias (domain, api)	2026-09-24T07:24:16.1611091Z # Subtest: REG-06-204 · falta de entrada, unidad ajena, métrica cruzada y entrada anulada tampoco alcanzan
verificar · typecheck · unit · build · audit	Pruebas unitarias (domain, api)	2026-09-24T07:24:16.1613025Z ok 66 - REG-06-204 · falta de entrada, unidad ajena, métrica cruzada y entrada anulada tampoco alcanzan
verificar · typecheck · unit · build · audit	Pruebas unitarias (domain, api)	2026-09-24T07:24:16.1614085Z   ---
verificar · typecheck · unit · build · audit	Pruebas unitarias (domain, api)	2026-09-24T07:24:16.1614609Z   duration_ms: 0.608457
verificar · typecheck · unit · build · audit	Pruebas unitarias (domain, api)	2026-09-24T07:24:16.1615159Z   type: 'test'
verificar · typecheck · unit · build · audit	Pruebas unitarias (domain, api)	2026-09-24T07:24:16.1615661Z   ...
verificar · typecheck · unit · build · audit	Pruebas unitarias (domain, api)	2026-09-24T07:24:16.1616812Z # Subtest: REG-06-16 · sin valor vigente resoluble no se calcula, y no se cae en el original
verificar · typecheck · unit · build · audit	Pruebas unitarias (domain, api)	2026-09-24T07:24:16.1618455Z ok 67 - REG-06-16 · sin valor vigente resoluble no se calcula, y no se cae en el original
verificar · typecheck · unit · build · audit	Pruebas unitarias (domain, api)	2026-09-24T07:24:16.1619379Z   ---
verificar · typecheck · unit · build · audit	Pruebas unitarias (domain, api)	2026-09-24T07:24:16.1620226Z   duration_ms: 0.350595
verificar · typecheck · unit · build · audit	Pruebas unitarias (domain, api)	2026-09-24T07:24:16.1620786Z   type: 'test'
verificar · typecheck · unit · build · audit	Pruebas unitarias (domain, api)	2026-09-24T07:24:16.1621293Z   ...
verificar · typecheck · unit · build · audit	Pruebas unitarias (domain, api)	2026-09-24T07:24:16.1622337Z # Subtest: REG-06-203 · una versión no se usa para una finalidad que no declara
verificar · typecheck · unit · build · audit	Pruebas unitarias (domain, api)	2026-09-24T07:24:16.1623819Z ok 68 - REG-06-203 · una versión no se usa para una finalidad que no declara
verificar · typecheck · unit · build · audit	Pruebas unitarias (domain, api)	2026-09-24T07:24:16.1624737Z   ---
verificar · typecheck · unit · build · audit	Pruebas unitarias (domain, api)	2026-09-24T07:24:16.1625242Z   duration_ms: 0.226212
verificar · typecheck · unit · build · audit	Pruebas unitarias (domain, api)	2026-09-24T07:24:16.1625774Z   type: 'test'
verificar · typecheck · unit · build · audit	Pruebas unitarias (domain, api)	2026-09-24T07:24:16.1626226Z   ...
verificar · typecheck · unit · build · audit	Pruebas unitarias (domain, api)	2026-09-24T07:24:16.1627290Z # Subtest: TEST-CAL-004 y TEST-CAL-005 · REG-06-205: las corridas coexisten tal como están
verificar · typecheck · unit · build · audit	Pruebas unitarias (domain, api)	2026-09-24T07:24:16.1628735Z ok 69 - TEST-CAL-004 y TEST-CAL-005 · REG-06-205: las corridas coexisten tal como están
verificar · typecheck · unit · build · audit	Pruebas unitarias (domain, api)	2026-09-24T07:24:16.1629800Z   ---
verificar · typecheck · unit · build · audit	Pruebas unitarias (domain, api)	2026-09-24T07:24:16.1630289Z   duration_ms: 0.224439
verificar · typecheck · unit · build · audit	Pruebas unitarias (domain, api)	2026-09-24T07:24:16.1630832Z   type: 'test'
verificar · typecheck · unit · build · audit	Pruebas unitarias (domain, api)	2026-09-24T07:24:16.1631293Z   ...
verificar · typecheck · unit · build · audit	Pruebas unitarias (domain, api)	2026-09-24T07:24:16.1632422Z # Subtest: TEST-CAL-006 · REG-06-207: adoptar sucede a la referencia anterior y no la borra
verificar · typecheck · unit · build · audit	Pruebas unitarias (domain, api)	2026-09-24T07:24:16.1633990Z ok 70 - TEST-CAL-006 · REG-06-207: adoptar sucede a la referencia anterior y no la borra
verificar · typecheck · unit · build · audit	Pruebas unitarias (domain, api)	2026-09-24T07:24:16.1634851Z   ---
verificar · typecheck · unit · build · audit	Pruebas unitarias (domain, api)	2026-09-24T07:24:16.1635293Z   duration_ms: 0.43346
verificar · typecheck · unit · build · audit	Pruebas unitarias (domain, api)	2026-09-24T07:24:16.1635786Z   type: 'test'
verificar · typecheck · unit · build · audit	Pruebas unitarias (domain, api)	2026-09-24T07:24:16.1636250Z   ...
verificar · typecheck · unit · build · audit	Pruebas unitarias (domain, api)	2026-09-24T07:24:16.1637158Z # Subtest: REG-06-207 · la referencia no cruza personas ni finalidades
verificar · typecheck · unit · build · audit	Pruebas unitarias (domain, api)	2026-09-24T07:24:16.1638353Z ok 71 - REG-06-207 · la referencia no cruza personas ni finalidades
verificar · typecheck · unit · build · audit	Pruebas unitarias (domain, api)	2026-09-24T07:24:16.1639078Z   ---
verificar · typecheck · unit · build · audit	Pruebas unitarias (domain, api)	2026-09-24T07:24:16.1639753Z   duration_ms: 0.21403
verificar · typecheck · unit · build · audit	Pruebas unitarias (domain, api)	2026-09-24T07:24:16.1640327Z   type: 'test'
verificar · typecheck · unit · build · audit	Pruebas unitarias (domain, api)	2026-09-24T07:24:16.1640779Z   ...
verificar · typecheck · unit · build · audit	Pruebas unitarias (domain, api)	2026-09-24T07:24:16.1642085Z # Subtest: TEST-CAL-007 · INV-06-05: el resultado de adoptar es una relación, no un objetivo ni una prescripción
verificar · typecheck · unit · build · audit	Pruebas unitarias (domain, api)	2026-09-24T07:24:16.1643945Z ok 72 - TEST-CAL-007 · INV-06-05: el resultado de adoptar es una relación, no un objetivo ni una prescripción
verificar · typecheck · unit · build · audit	Pruebas unitarias (domain, api)	2026-09-24T07:24:16.1644914Z   ---
verificar · typecheck · unit · build · audit	Pruebas unitarias (domain, api)	2026-09-24T07:24:16.1645395Z   duration_ms: 0.518709
verificar · typecheck · unit · build · audit	Pruebas unitarias (domain, api)	2026-09-24T07:24:16.1645970Z   type: 'test'
verificar · typecheck · unit · build · audit	Pruebas unitarias (domain, api)	2026-09-24T07:24:16.1646486Z   ...
verificar · typecheck · unit · build · audit	Pruebas unitarias (domain, api)	2026-09-24T07:24:16.1647820Z # Subtest: REG-06-156 · una regla que no está en el catálogo no ejecuta nada, y un resultado imposible tampoco
verificar · typecheck · unit · build · audit	Pruebas unitarias (domain, api)	2026-09-24T07:24:16.1650060Z ok 73 - REG-06-156 · una regla que no está en el catálogo no ejecuta nada, y un resultado imposible tampoco
verificar · typecheck · unit · build · audit	Pruebas unitarias (domain, api)	2026-09-24T07:24:16.1651608Z   ---
verificar · typecheck · unit · build · audit	Pruebas unitarias (domain, api)	2026-09-24T07:24:16.1652191Z   duration_ms: 0.572889
verificar · typecheck · unit · build · audit	Pruebas unitarias (domain, api)	2026-09-24T07:24:16.1652717Z   type: 'test'
verificar · typecheck · unit · build · audit	Pruebas unitarias (domain, api)	2026-09-24T07:24:16.1653183Z   ...
verificar · typecheck · unit · build · audit	Pruebas unitarias (domain, api)	2026-09-24T07:24:16.1654331Z # Subtest: REG-06-159 · la entrada se vincula por identificador declarado, nunca por posición
verificar · typecheck · unit · build · audit	Pruebas unitarias (domain, api)	2026-09-24T07:24:16.1655864Z ok 74 - REG-06-159 · la entrada se vincula por identificador declarado, nunca por posición
verificar · typecheck · unit · build · audit	Pruebas unitarias (domain, api)	2026-09-24T07:24:16.1656708Z   ---
verificar · typecheck · unit · build · audit	Pruebas unitarias (domain, api)	2026-09-24T07:24:16.1657168Z   duration_ms: 0.416538
verificar · typecheck · unit · build · audit	Pruebas unitarias (domain, api)	2026-09-24T07:24:16.1657664Z   type: 'test'
verificar · typecheck · unit · build · audit	Pruebas unitarias (domain, api)	2026-09-24T07:24:16.1658132Z   ...
verificar · typecheck · unit · build · audit	Pruebas unitarias (domain, api)	2026-09-24T07:24:16.1659172Z # Subtest: 08 §12.2 — cada versión de texto guarda el SHA-256 real de su contenido
verificar · typecheck · unit · build · audit	Pruebas unitarias (domain, api)	2026-09-24T07:24:16.1661184Z ok 75 - 08 §12.2 — cada versión de texto guarda el SHA-256 real de su contenido
verificar · typecheck · unit · build · audit	Pruebas unitarias (domain, api)	2026-09-24T07:24:16.1661995Z   ---
verificar · typecheck · unit · build · audit	Pruebas unitarias (domain, api)	2026-09-24T07:24:16.1662527Z   duration_ms: 2.210899
verificar · typecheck · unit · build · audit	Pruebas unitarias (domain, api)	2026-09-24T07:24:16.1663068Z   type: 'test'
verificar · typecheck · unit · build · audit	Pruebas unitarias (domain, api)	2026-09-24T07:24:16.1663526Z   ...
verificar · typecheck · unit · build · audit	Pruebas unitarias (domain, api)	2026-09-24T07:24:16.1664831Z # Subtest: Catálogo de textos: ids únicos, una versión vigente por tipo y marcados como demostración (DL-028)
verificar · typecheck · unit · build · audit	Pruebas unitarias (domain, api)	2026-09-24T07:24:16.1666734Z ok 76 - Catálogo de textos: ids únicos, una versión vigente por tipo y marcados como demostración (DL-028)
verificar · typecheck · unit · build · audit	Pruebas unitarias (domain, api)	2026-09-24T07:24:16.1667763Z   ---
verificar · typecheck · unit · build · audit	Pruebas unitarias (domain, api)	2026-09-24T07:24:16.1668241Z   duration_ms: 0.533336
verificar · typecheck · unit · build · audit	Pruebas unitarias (domain, api)	2026-09-24T07:24:16.1668772Z   type: 'test'
verificar · typecheck · unit · build · audit	Pruebas unitarias (domain, api)	2026-09-24T07:24:16.1669275Z   ...
verificar · typecheck · unit · build · audit	Pruebas unitarias (domain, api)	2026-09-24T07:24:16.1670876Z # Subtest: A2 contiene los contenidos mínimos del 08 §12.1 y aclara que no es consentimiento de salud
verificar · typecheck · unit · build · audit	Pruebas unitarias (domain, api)	2026-09-24T07:24:16.1672397Z ok 77 - A2 contiene los contenidos mínimos del 08 §12.1 y aclara que no es consentimiento de salud
verificar · typecheck · unit · build · audit	Pruebas unitarias (domain, api)	2026-09-24T07:24:16.1672884Z   ---
verificar · typecheck · unit · build · audit	Pruebas unitarias (domain, api)	2026-09-24T07:24:16.1673103Z   duration_ms: 0.366454
verificar · typecheck · unit · build · audit	Pruebas unitarias (domain, api)	2026-09-24T07:24:16.1673332Z   type: 'test'
verificar · typecheck · unit · build · audit	Pruebas unitarias (domain, api)	2026-09-24T07:24:16.1673519Z   ...
verificar · typecheck · unit · build · audit	Pruebas unitarias (domain, api)	2026-09-24T07:24:16.1674025Z # Subtest: Consecuencias del cierre: copy de 10-ADD + irreversibilidad (DL-024), sin prometer borrado
verificar · typecheck · unit · build · audit	Pruebas unitarias (domain, api)	2026-09-24T07:24:16.1674799Z ok 78 - Consecuencias del cierre: copy de 10-ADD + irreversibilidad (DL-024), sin prometer borrado
verificar · typecheck · unit · build · audit	Pruebas unitarias (domain, api)	2026-09-24T07:24:16.1675251Z   ---
verificar · typecheck · unit · build · audit	Pruebas unitarias (domain, api)	2026-09-24T07:24:16.1675441Z   duration_ms: 0.421036
verificar · typecheck · unit · build · audit	Pruebas unitarias (domain, api)	2026-09-24T07:24:16.1675661Z   type: 'test'
verificar · typecheck · unit · build · audit	Pruebas unitarias (domain, api)	2026-09-24T07:24:16.1675846Z   ...
verificar · typecheck · unit · build · audit	Pruebas unitarias (domain, api)	2026-09-24T07:24:16.1676411Z # Subtest: 08 §12.4 — el registro crea A1 y A2, nunca A3; solo TERMINOS y DATOS_SALUD_BE son revocables
verificar · typecheck · unit · build · audit	Pruebas unitarias (domain, api)	2026-09-24T07:24:16.1677176Z ok 79 - 08 §12.4 — el registro crea A1 y A2, nunca A3; solo TERMINOS y DATOS_SALUD_BE son revocables
verificar · typecheck · unit · build · audit	Pruebas unitarias (domain, api)	2026-09-24T07:24:16.1677590Z   ---
verificar · typecheck · unit · build · audit	Pruebas unitarias (domain, api)	2026-09-24T07:24:16.1677780Z   duration_ms: 1.206452
verificar · typecheck · unit · build · audit	Pruebas unitarias (domain, api)	2026-09-24T07:24:16.1678002Z   type: 'test'
verificar · typecheck · unit · build · audit	Pruebas unitarias (domain, api)	2026-09-24T07:24:16.1678187Z   ...
verificar · typecheck · unit · build · audit	Pruebas unitarias (domain, api)	2026-09-24T07:24:16.1678640Z # Subtest: Sesión: estados como enum con lista blanca; TTL ≤ 24 h (08 §26.2)
verificar · typecheck · unit · build · audit	Pruebas unitarias (domain, api)	2026-09-24T07:24:16.1679259Z ok 80 - Sesión: estados como enum con lista blanca; TTL ≤ 24 h (08 §26.2)
verificar · typecheck · unit · build · audit	Pruebas unitarias (domain, api)	2026-09-24T07:24:16.1679987Z   ---
verificar · typecheck · unit · build · audit	Pruebas unitarias (domain, api)	2026-09-24T07:24:16.1680339Z   duration_ms: 0.354863
verificar · typecheck · unit · build · audit	Pruebas unitarias (domain, api)	2026-09-24T07:24:16.1680738Z   type: 'test'
verificar · typecheck · unit · build · audit	Pruebas unitarias (domain, api)	2026-09-24T07:24:16.1681098Z   ...
verificar · typecheck · unit · build · audit	Pruebas unitarias (domain, api)	2026-09-24T07:24:16.1681915Z # Subtest: Identificador local: normalización y validación sintáctica
verificar · typecheck · unit · build · audit	Pruebas unitarias (domain, api)	2026-09-24T07:24:16.1682956Z ok 81 - Identificador local: normalización y validación sintáctica
verificar · typecheck · unit · build · audit	Pruebas unitarias (domain, api)	2026-09-24T07:24:16.1683603Z   ---
verificar · typecheck · unit · build · audit	Pruebas unitarias (domain, api)	2026-09-24T07:24:16.1683961Z   duration_ms: 0.479255
verificar · typecheck · unit · build · audit	Pruebas unitarias (domain, api)	2026-09-24T07:24:16.1684372Z   type: 'test'
verificar · typecheck · unit · build · audit	Pruebas unitarias (domain, api)	2026-09-24T07:24:16.1684722Z   ...
verificar · typecheck · unit · build · audit	Pruebas unitarias (domain, api)	2026-09-24T07:24:16.1685542Z # Subtest: Credencial: mínimo 12 caracteres, máximo 72 bytes (DL-013)
verificar · typecheck · unit · build · audit	Pruebas unitarias (domain, api)	2026-09-24T07:24:16.1686623Z ok 82 - Credencial: mínimo 12 caracteres, máximo 72 bytes (DL-013)
verificar · typecheck · unit · build · audit	Pruebas unitarias (domain, api)	2026-09-24T07:24:16.1687235Z   ---
verificar · typecheck · unit · build · audit	Pruebas unitarias (domain, api)	2026-09-24T07:24:16.1687587Z   duration_ms: 0.349352
verificar · typecheck · unit · build · audit	Pruebas unitarias (domain, api)	2026-09-24T07:24:16.1687991Z   type: 'test'
verificar · typecheck · unit · build · audit	Pruebas unitarias (domain, api)	2026-09-24T07:24:16.1688648Z   ...
verificar · typecheck · unit · build · audit	Pruebas unitarias (domain, api)	2026-09-24T07:24:16.1689767Z # Subtest: Superficie: solo WEB o APK; cualquier otro valor queda no declarado (null), nunca inventado
verificar · typecheck · unit · build · audit	Pruebas unitarias (domain, api)	2026-09-24T07:24:16.1691222Z ok 83 - Superficie: solo WEB o APK; cualquier otro valor queda no declarado (null), nunca inventado
verificar · typecheck · unit · build · audit	Pruebas unitarias (domain, api)	2026-09-24T07:24:16.1692384Z   ---
verificar · typecheck · unit · build · audit	Pruebas unitarias (domain, api)	2026-09-24T07:24:16.1692729Z   duration_ms: 0.688856
verificar · typecheck · unit · build · audit	Pruebas unitarias (domain, api)	2026-09-24T07:24:16.1693142Z   type: 'test'
verificar · typecheck · unit · build · audit	Pruebas unitarias (domain, api)	2026-09-24T07:24:16.1693485Z   ...
verificar · typecheck · unit · build · audit	Pruebas unitarias (domain, api)	2026-09-24T07:24:16.1694506Z # Subtest: 09v7 T12 — contratos estrictos: un campo no declarado se rechaza (UNKNOWN_FIELD)
verificar · typecheck · unit · build · audit	Pruebas unitarias (domain, api)	2026-09-24T07:24:16.1695900Z ok 84 - 09v7 T12 — contratos estrictos: un campo no declarado se rechaza (UNKNOWN_FIELD)
verificar · typecheck · unit · build · audit	Pruebas unitarias (domain, api)	2026-09-24T07:24:16.1696518Z   ---
verificar · typecheck · unit · build · audit	Pruebas unitarias (domain, api)	2026-09-24T07:24:16.1696825Z   duration_ms: 7.407773
verificar · typecheck · unit · build · audit	Pruebas unitarias (domain, api)	2026-09-24T07:24:16.1697204Z   type: 'test'
verificar · typecheck · unit · build · audit	Pruebas unitarias (domain, api)	2026-09-24T07:24:16.1697555Z   ...
verificar · typecheck · unit · build · audit	Pruebas unitarias (domain, api)	2026-09-24T07:24:16.1698377Z # Subtest: API-CON-05 — la forma «A3 no otorgado» es currentConsent: null
verificar · typecheck · unit · build · audit	Pruebas unitarias (domain, api)	2026-09-24T07:24:16.1700154Z ok 85 - API-CON-05 — la forma «A3 no otorgado» es currentConsent: null
verificar · typecheck · unit · build · audit	Pruebas unitarias (domain, api)	2026-09-24T07:24:16.1701205Z   ---
verificar · typecheck · unit · build · audit	Pruebas unitarias (domain, api)	2026-09-24T07:24:16.1701577Z   duration_ms: 2.424267
verificar · typecheck · unit · build · audit	Pruebas unitarias (domain, api)	2026-09-24T07:24:16.1701995Z   type: 'test'
verificar · typecheck · unit · build · audit	Pruebas unitarias (domain, api)	2026-09-24T07:24:16.1702331Z   ...
verificar · typecheck · unit · build · audit	Pruebas unitarias (domain, api)	2026-09-24T07:24:16.1703502Z # Subtest: T-06-45 — tres alcances; Especialidad XOR Capacidad (REG-06-32); una finalidad por alcance (DL-039)
verificar · typecheck · unit · build · audit	Pruebas unitarias (domain, api)	2026-09-24T07:24:16.1705226Z ok 86 - T-06-45 — tres alcances; Especialidad XOR Capacidad (REG-06-32); una finalidad por alcance (DL-039)
verificar · typecheck · unit · build · audit	Pruebas unitarias (domain, api)	2026-09-24T07:24:16.1706118Z   ---
verificar · typecheck · unit · build · audit	Pruebas unitarias (domain, api)	2026-09-24T07:24:16.1706487Z   duration_ms: 2.961781
verificar · typecheck · unit · build · audit	Pruebas unitarias (domain, api)	2026-09-24T07:24:16.1706902Z   type: 'test'
verificar · typecheck · unit · build · audit	Pruebas unitarias (domain, api)	2026-09-24T07:24:16.1707255Z   ...
verificar · typecheck · unit · build · audit	Pruebas unitarias (domain, api)	2026-09-24T07:24:16.1708154Z # Subtest: 06 §6.8.2 — la lista blanca de la verificación es la literal del 06
verificar · typecheck · unit · build · audit	Pruebas unitarias (domain, api)	2026-09-24T07:24:16.1709368Z ok 87 - 06 §6.8.2 — la lista blanca de la verificación es la literal del 06
verificar · typecheck · unit · build · audit	Pruebas unitarias (domain, api)	2026-09-24T07:24:16.1710358Z   ---
verificar · typecheck · unit · build · audit	Pruebas unitarias (domain, api)	2026-09-24T07:24:16.1710741Z   duration_ms: 0.356606
verificar · typecheck · unit · build · audit	Pruebas unitarias (domain, api)	2026-09-24T07:24:16.1711137Z   type: 'test'
verificar · typecheck · unit · build · audit	Pruebas unitarias (domain, api)	2026-09-24T07:24:16.1711483Z   ...
verificar · typecheck · unit · build · audit	Pruebas unitarias (domain, api)	2026-09-24T07:24:16.1712603Z # Subtest: 06 §6.8.2 — cada transición declarada procede; toda otra combinación se rechaza (TEST-RNF-DAT-001)
verificar · typecheck · unit · build · audit	Pruebas unitarias (domain, api)	2026-09-24T07:24:16.1731340Z ok 88 - 06 §6.8.2 — cada transición declarada procede; toda otra combinación se rechaza (TEST-RNF-DAT-001)
verificar · typecheck · unit · build · audit	Pruebas unitarias (domain, api)	2026-09-24T07:24:16.1733588Z   ---
verificar · typecheck · unit · build · audit	Pruebas unitarias (domain, api)	2026-09-24T07:24:16.1733967Z   duration_ms: 1.508427
verificar · typecheck · unit · build · audit	Pruebas unitarias (domain, api)	2026-09-24T07:24:16.1734384Z   type: 'test'
verificar · typecheck · unit · build · audit	Pruebas unitarias (domain, api)	2026-09-24T07:24:16.1734734Z   ...
verificar · typecheck · unit · build · audit	Pruebas unitarias (domain, api)	2026-09-24T07:24:16.1735691Z # Subtest: Habilitación mínima (DL-036): concesión explícita, retiro y nueva concesión; nada más
verificar · typecheck · unit · build · audit	Pruebas unitarias (domain, api)	2026-09-24T07:24:16.1736980Z ok 89 - Habilitación mínima (DL-036): concesión explícita, retiro y nueva concesión; nada más
verificar · typecheck · unit · build · audit	Pruebas unitarias (domain, api)	2026-09-24T07:24:16.1737759Z   ---
verificar · typecheck · unit · build · audit	Pruebas unitarias (domain, api)	2026-09-24T07:24:16.1738105Z   duration_ms: 0.393004
verificar · typecheck · unit · build · audit	Pruebas unitarias (domain, api)	2026-09-24T07:24:16.1738504Z   type: 'test'
verificar · typecheck · unit · build · audit	Pruebas unitarias (domain, api)	2026-09-24T07:24:16.1738842Z   ...
verificar · typecheck · unit · build · audit	Pruebas unitarias (domain, api)	2026-09-24T07:24:16.1740043Z # Subtest: 06 §7.3.2 — la lista blanca de la solicitud es la literal del 06
verificar · typecheck · unit · build · audit	Pruebas unitarias (domain, api)	2026-09-24T07:24:16.1741156Z ok 90 - 06 §7.3.2 — la lista blanca de la solicitud es la literal del 06
verificar · typecheck · unit · build · audit	Pruebas unitarias (domain, api)	2026-09-24T07:24:16.1741802Z   ---
verificar · typecheck · unit · build · audit	Pruebas unitarias (domain, api)	2026-09-24T07:24:16.1742139Z   duration_ms: 0.3267
verificar · typecheck · unit · build · audit	Pruebas unitarias (domain, api)	2026-09-24T07:24:16.1742524Z   type: 'test'
verificar · typecheck · unit · build · audit	Pruebas unitarias (domain, api)	2026-09-24T07:24:16.1742867Z   ...
verificar · typecheck · unit · build · audit	Pruebas unitarias (domain, api)	2026-09-24T07:24:16.1744190Z # Subtest: 06 §7.3.2 — cada transición declarada procede; toda otra combinación se rechaza; los terminales no tienen salida
verificar · typecheck · unit · build · audit	Pruebas unitarias (domain, api)	2026-09-24T07:24:16.1746079Z ok 91 - 06 §7.3.2 — cada transición declarada procede; toda otra combinación se rechaza; los terminales no tienen salida
verificar · typecheck · unit · build · audit	Pruebas unitarias (domain, api)	2026-09-24T07:24:16.1746954Z   ---
verificar · typecheck · unit · build · audit	Pruebas unitarias (domain, api)	2026-09-24T07:24:16.1747279Z   duration_ms: 0.726376
verificar · typecheck · unit · build · audit	Pruebas unitarias (domain, api)	2026-09-24T07:24:16.1747656Z   type: 'test'
verificar · typecheck · unit · build · audit	Pruebas unitarias (domain, api)	2026-09-24T07:24:16.1748012Z   ...
verificar · typecheck · unit · build · audit	Pruebas unitarias (domain, api)	2026-09-24T07:24:16.1749168Z # Subtest: 06 §7.3.2 — guardas: actor, confirmación, reevaluación (REG-06-49), vencimiento e incompatibilidad
verificar · typecheck · unit · build · audit	Pruebas unitarias (domain, api)	2026-09-24T07:24:16.1751261Z ok 92 - 06 §7.3.2 — guardas: actor, confirmación, reevaluación (REG-06-49), vencimiento e incompatibilidad
verificar · typecheck · unit · build · audit	Pruebas unitarias (domain, api)	2026-09-24T07:24:16.1752260Z   ---
verificar · typecheck · unit · build · audit	Pruebas unitarias (domain, api)	2026-09-24T07:24:16.1752700Z   duration_ms: 0.457744
verificar · typecheck · unit · build · audit	Pruebas unitarias (domain, api)	2026-09-24T07:24:16.1753110Z   type: 'test'
verificar · typecheck · unit · build · audit	Pruebas unitarias (domain, api)	2026-09-24T07:24:16.1753439Z   ...
verificar · typecheck · unit · build · audit	Pruebas unitarias (domain, api)	2026-09-24T07:24:16.1754767Z # Subtest: 06 §7.5.2 — la lista blanca del vínculo por alcance es la literal del 06 (FinalizarAlcance desde ACEPTADO y PAUSADO)
verificar · typecheck · unit · build · audit	Pruebas unitarias (domain, api)	2026-09-24T07:24:16.1757162Z ok 93 - 06 §7.5.2 — la lista blanca del vínculo por alcance es la literal del 06 (FinalizarAlcance desde ACEPTADO y PAUSADO)
verificar · typecheck · unit · build · audit	Pruebas unitarias (domain, api)	2026-09-24T07:24:16.1758135Z   ---
verificar · typecheck · unit · build · audit	Pruebas unitarias (domain, api)	2026-09-24T07:24:16.1758511Z   duration_ms: 0.240219
verificar · typecheck · unit · build · audit	Pruebas unitarias (domain, api)	2026-09-24T07:24:16.1758930Z   type: 'test'
verificar · typecheck · unit · build · audit	Pruebas unitarias (domain, api)	2026-09-24T07:24:16.1759295Z   ...
verificar · typecheck · unit · build · audit	Pruebas unitarias (domain, api)	2026-09-24T07:24:16.1760839Z # Subtest: 06 §7.5.2 — cada transición declarada procede; toda otra se rechaza; FINALIZADO no tiene salida (INV-06-58)
verificar · typecheck · unit · build · audit	Pruebas unitarias (domain, api)	2026-09-24T07:24:16.1762705Z ok 94 - 06 §7.5.2 — cada transición declarada procede; toda otra se rechaza; FINALIZADO no tiene salida (INV-06-58)
verificar · typecheck · unit · build · audit	Pruebas unitarias (domain, api)	2026-09-24T07:24:16.1763661Z   ---
verificar · typecheck · unit · build · audit	Pruebas unitarias (domain, api)	2026-09-24T07:24:16.1764032Z   duration_ms: 1.01207
verificar · typecheck · unit · build · audit	Pruebas unitarias (domain, api)	2026-09-24T07:24:16.1764456Z   type: 'test'
verificar · typecheck · unit · build · audit	Pruebas unitarias (domain, api)	2026-09-24T07:24:16.1765134Z   ...
verificar · typecheck · unit · build · audit	Pruebas unitarias (domain, api)	2026-09-24T07:24:16.1766493Z # Subtest: DL-033 — motivo obligatorio y de lista cerrada; reanuda quien pausó; el sistema solo finaliza por cierre de cuenta
verificar · typecheck · unit · build · audit	Pruebas unitarias (domain, api)	2026-09-24T07:24:16.1768472Z ok 95 - DL-033 — motivo obligatorio y de lista cerrada; reanuda quien pausó; el sistema solo finaliza por cierre de cuenta
verificar · typecheck · unit · build · audit	Pruebas unitarias (domain, api)	2026-09-24T07:24:16.1769884Z   ---
verificar · typecheck · unit · build · audit	Pruebas unitarias (domain, api)	2026-09-24T07:24:16.1770280Z   duration_ms: 0.929235
verificar · typecheck · unit · build · audit	Pruebas unitarias (domain, api)	2026-09-24T07:24:16.1770711Z   type: 'test'
verificar · typecheck · unit · build · audit	Pruebas unitarias (domain, api)	2026-09-24T07:24:16.1771075Z   ...
verificar · typecheck · unit · build · audit	Pruebas unitarias (domain, api)	2026-09-24T07:24:16.1771933Z # Subtest: 06 §7.7.5 — la lista blanca del consentimiento es la literal del 06
verificar · typecheck · unit · build · audit	Pruebas unitarias (domain, api)	2026-09-24T07:24:16.1773092Z ok 96 - 06 §7.7.5 — la lista blanca del consentimiento es la literal del 06
verificar · typecheck · unit · build · audit	Pruebas unitarias (domain, api)	2026-09-24T07:24:16.1773734Z   ---
verificar · typecheck · unit · build · audit	Pruebas unitarias (domain, api)	2026-09-24T07:24:16.1774050Z   duration_ms: 0.32677
verificar · typecheck · unit · build · audit	Pruebas unitarias (domain, api)	2026-09-24T07:24:16.1774418Z   type: 'test'
verificar · typecheck · unit · build · audit	Pruebas unitarias (domain, api)	2026-09-24T07:24:16.1774730Z   ...
verificar · typecheck · unit · build · audit	Pruebas unitarias (domain, api)	2026-09-24T07:24:16.1775860Z # Subtest: 06 §7.7.5 — cada transición declarada procede; toda otra se rechaza (p. ej. REVOCADO → REVOCADO)
verificar · typecheck · unit · build · audit	Pruebas unitarias (domain, api)	2026-09-24T07:24:16.1777540Z ok 97 - 06 §7.7.5 — cada transición declarada procede; toda otra se rechaza (p. ej. REVOCADO → REVOCADO)
verificar · typecheck · unit · build · audit	Pruebas unitarias (domain, api)	2026-09-24T07:24:16.1778393Z   ---
verificar · typecheck · unit · build · audit	Pruebas unitarias (domain, api)	2026-09-24T07:24:16.1778734Z   duration_ms: 0.569734
verificar · typecheck · unit · build · audit	Pruebas unitarias (domain, api)	2026-09-24T07:24:16.1779126Z   type: 'test'
verificar · typecheck · unit · build · audit	Pruebas unitarias (domain, api)	2026-09-24T07:24:16.1779469Z   ...
verificar · typecheck · unit · build · audit	Pruebas unitarias (domain, api)	2026-09-24T07:24:16.1780971Z # Subtest: INV-06-62, INV-06-60, REG-06-50 — solo el titular; versión aplicable; aceptar una versión no acepta futuras
verificar · typecheck · unit · build · audit	Pruebas unitarias (domain, api)	2026-09-24T07:24:16.1782773Z ok 98 - INV-06-62, INV-06-60, REG-06-50 — solo el titular; versión aplicable; aceptar una versión no acepta futuras
verificar · typecheck · unit · build · audit	Pruebas unitarias (domain, api)	2026-09-24T07:24:16.1783673Z   ---
verificar · typecheck · unit · build · audit	Pruebas unitarias (domain, api)	2026-09-24T07:24:16.1784024Z   duration_ms: 0.268993
verificar · typecheck · unit · build · audit	Pruebas unitarias (domain, api)	2026-09-24T07:24:16.1784425Z   type: 'test'
verificar · typecheck · unit · build · audit	Pruebas unitarias (domain, api)	2026-09-24T07:24:16.1784765Z   ...
verificar · typecheck · unit · build · audit	Pruebas unitarias (domain, api)	2026-09-24T07:24:16.1785576Z # Subtest: DL-038 — CON-02 elige la transición según la situación actual
verificar · typecheck · unit · build · audit	Pruebas unitarias (domain, api)	2026-09-24T07:24:16.1786675Z ok 99 - DL-038 — CON-02 elige la transición según la situación actual
verificar · typecheck · unit · build · audit	Pruebas unitarias (domain, api)	2026-09-24T07:24:16.1787335Z   ---
verificar · typecheck · unit · build · audit	Pruebas unitarias (domain, api)	2026-09-24T07:24:16.1787706Z   duration_ms: 0.210202
verificar · typecheck · unit · build · audit	Pruebas unitarias (domain, api)	2026-09-24T07:24:16.1788136Z   type: 'test'
verificar · typecheck · unit · build · audit	Pruebas unitarias (domain, api)	2026-09-24T07:24:16.1788468Z   ...
verificar · typecheck · unit · build · audit	Pruebas unitarias (domain, api)	2026-09-24T07:24:16.1790170Z # Subtest: PDP — contexto positivo: las siete dimensiones favorables permiten y registran componente y versión (REG-06-50)
verificar · typecheck · unit · build · audit	Pruebas unitarias (domain, api)	2026-09-24T07:24:16.1792074Z ok 100 - PDP — contexto positivo: las siete dimensiones favorables permiten y registran componente y versión (REG-06-50)
verificar · typecheck · unit · build · audit	Pruebas unitarias (domain, api)	2026-09-24T07:24:16.1793030Z   ---
verificar · typecheck · unit · build · audit	Pruebas unitarias (domain, api)	2026-09-24T07:24:16.1793352Z   duration_ms: 0.471952
verificar · typecheck · unit · build · audit	Pruebas unitarias (domain, api)	2026-09-24T07:24:16.1793736Z   type: 'test'
verificar · typecheck · unit · build · audit	Pruebas unitarias (domain, api)	2026-09-24T07:24:16.1794057Z   ...
verificar · typecheck · unit · build · audit	Pruebas unitarias (domain, api)	2026-09-24T07:24:16.1795041Z # Subtest: PDP — V1 rol inadecuado: sin perfil profesional: se deniega y la auditoría atribuye ROL
verificar · typecheck · unit · build · audit	Pruebas unitarias (domain, api)	2026-09-24T07:24:16.1796577Z ok 101 - PDP — V1 rol inadecuado: sin perfil profesional: se deniega y la auditoría atribuye ROL
verificar · typecheck · unit · build · audit	Pruebas unitarias (domain, api)	2026-09-24T07:24:16.1797447Z   ---
verificar · typecheck · unit · build · audit	Pruebas unitarias (domain, api)	2026-09-24T07:24:16.1797794Z   duration_ms: 0.220101
verificar · typecheck · unit · build · audit	Pruebas unitarias (domain, api)	2026-09-24T07:24:16.1798205Z   type: 'test'
verificar · typecheck · unit · build · audit	Pruebas unitarias (domain, api)	2026-09-24T07:24:16.1798554Z   ...
verificar · typecheck · unit · build · audit	Pruebas unitarias (domain, api)	2026-09-24T07:24:16.1800078Z # Subtest: PDP — V1 rol inadecuado: el titular pide su propio dashboard: se deniega y la auditoría atribuye ROL
verificar · typecheck · unit · build · audit	Pruebas unitarias (domain, api)	2026-09-24T07:24:16.1801919Z ok 102 - PDP — V1 rol inadecuado: el titular pide su propio dashboard: se deniega y la auditoría atribuye ROL
verificar · typecheck · unit · build · audit	Pruebas unitarias (domain, api)	2026-09-24T07:24:16.1802825Z   ---
verificar · typecheck · unit · build · audit	Pruebas unitarias (domain, api)	2026-09-24T07:24:16.1803514Z   duration_ms: 0.14426
verificar · typecheck · unit · build · audit	Pruebas unitarias (domain, api)	2026-09-24T07:24:16.1803898Z   type: 'test'
verificar · typecheck · unit · build · audit	Pruebas unitarias (domain, api)	2026-09-24T07:24:16.1804217Z   ...
verificar · typecheck · unit · build · audit	Pruebas unitarias (domain, api)	2026-09-24T07:24:16.1805420Z # Subtest: PDP — V2 alcance no verificado (PENDIENTE): se deniega y la auditoría atribuye ESPECIALIDAD_O_CAPACIDAD
verificar · typecheck · unit · build · audit	Pruebas unitarias (domain, api)	2026-09-24T07:24:16.1807223Z ok 103 - PDP — V2 alcance no verificado (PENDIENTE): se deniega y la auditoría atribuye ESPECIALIDAD_O_CAPACIDAD
verificar · typecheck · unit · build · audit	Pruebas unitarias (domain, api)	2026-09-24T07:24:16.1808119Z   ---
verificar · typecheck · unit · build · audit	Pruebas unitarias (domain, api)	2026-09-24T07:24:16.1808468Z   duration_ms: 0.131535
verificar · typecheck · unit · build · audit	Pruebas unitarias (domain, api)	2026-09-24T07:24:16.1808864Z   type: 'test'
verificar · typecheck · unit · build · audit	Pruebas unitarias (domain, api)	2026-09-24T07:24:16.1809208Z   ...
verificar · typecheck · unit · build · audit	Pruebas unitarias (domain, api)	2026-09-24T07:24:16.1810641Z # Subtest: PDP — V2 alcance rechazado: se deniega y la auditoría atribuye ESPECIALIDAD_O_CAPACIDAD
verificar · typecheck · unit · build · audit	Pruebas unitarias (domain, api)	2026-09-24T07:24:16.1812096Z ok 104 - PDP — V2 alcance rechazado: se deniega y la auditoría atribuye ESPECIALIDAD_O_CAPACIDAD
verificar · typecheck · unit · build · audit	Pruebas unitarias (domain, api)	2026-09-24T07:24:16.1813246Z   ---
verificar · typecheck · unit · build · audit	Pruebas unitarias (domain, api)	2026-09-24T07:24:16.1813624Z   duration_ms: 0.163135
verificar · typecheck · unit · build · audit	Pruebas unitarias (domain, api)	2026-09-24T07:24:16.1814046Z   type: 'test'
verificar · typecheck · unit · build · audit	Pruebas unitarias (domain, api)	2026-09-24T07:24:16.1814414Z   ...
verificar · typecheck · unit · build · audit	Pruebas unitarias (domain, api)	2026-09-24T07:24:16.1815670Z # Subtest: PDP — V2 sin trayectoria de verificación: se deniega y la auditoría atribuye ESPECIALIDAD_O_CAPACIDAD
verificar · typecheck · unit · build · audit	Pruebas unitarias (domain, api)	2026-09-24T07:24:16.1817534Z ok 105 - PDP — V2 sin trayectoria de verificación: se deniega y la auditoría atribuye ESPECIALIDAD_O_CAPACIDAD
verificar · typecheck · unit · build · audit	Pruebas unitarias (domain, api)	2026-09-24T07:24:16.1818505Z   ---
verificar · typecheck · unit · build · audit	Pruebas unitarias (domain, api)	2026-09-24T07:24:16.1818893Z   duration_ms: 0.132998
verificar · typecheck · unit · build · audit	Pruebas unitarias (domain, api)	2026-09-24T07:24:16.1819323Z   type: 'test'
verificar · typecheck · unit · build · audit	Pruebas unitarias (domain, api)	2026-09-24T07:24:16.1820052Z   ...
verificar · typecheck · unit · build · audit	Pruebas unitarias (domain, api)	2026-09-24T07:24:16.1820996Z # Subtest: PDP — V3 alcance suspendido: se deniega y la auditoría atribuye SITUACION
verificar · typecheck · unit · build · audit	Pruebas unitarias (domain, api)	2026-09-24T07:24:16.1822241Z ok 106 - PDP — V3 alcance suspendido: se deniega y la auditoría atribuye SITUACION
verificar · typecheck · unit · build · audit	Pruebas unitarias (domain, api)	2026-09-24T07:24:16.1822896Z   ---
verificar · typecheck · unit · build · audit	Pruebas unitarias (domain, api)	2026-09-24T07:24:16.1823223Z   duration_ms: 0.125625
verificar · typecheck · unit · build · audit	Pruebas unitarias (domain, api)	2026-09-24T07:24:16.1823608Z   type: 'test'
verificar · typecheck · unit · build · audit	Pruebas unitarias (domain, api)	2026-09-24T07:24:16.1823937Z   ...
verificar · typecheck · unit · build · audit	Pruebas unitarias (domain, api)	2026-09-24T07:24:16.1824934Z # Subtest: PDP — V3 habilitación retirada: se deniega y la auditoría atribuye SITUACION
verificar · typecheck · unit · build · audit	Pruebas unitarias (domain, api)	2026-09-24T07:24:16.1826387Z ok 107 - PDP — V3 habilitación retirada: se deniega y la auditoría atribuye SITUACION
verificar · typecheck · unit · build · audit	Pruebas unitarias (domain, api)	2026-09-24T07:24:16.1827196Z   ---
verificar · typecheck · unit · build · audit	Pruebas unitarias (domain, api)	2026-09-24T07:24:16.1827580Z   duration_ms: 0.134541
verificar · typecheck · unit · build · audit	Pruebas unitarias (domain, api)	2026-09-24T07:24:16.1828005Z   type: 'test'
verificar · typecheck · unit · build · audit	Pruebas unitarias (domain, api)	2026-09-24T07:24:16.1828348Z   ...
verificar · typecheck · unit · build · audit	Pruebas unitarias (domain, api)	2026-09-24T07:24:16.1829419Z # Subtest: PDP — V3 sin habilitación (INV-06-87): se deniega y la auditoría atribuye SITUACION
verificar · typecheck · unit · build · audit	Pruebas unitarias (domain, api)	2026-09-24T07:24:16.1831329Z ok 108 - PDP — V3 sin habilitación (INV-06-87): se deniega y la auditoría atribuye SITUACION
verificar · typecheck · unit · build · audit	Pruebas unitarias (domain, api)	2026-09-24T07:24:16.1832097Z   ---
verificar · typecheck · unit · build · audit	Pruebas unitarias (domain, api)	2026-09-24T07:24:16.1832467Z   duration_ms: 0.197679
verificar · typecheck · unit · build · audit	Pruebas unitarias (domain, api)	2026-09-24T07:24:16.1832894Z   type: 'test'
verificar · typecheck · unit · build · audit	Pruebas unitarias (domain, api)	2026-09-24T07:24:16.1833258Z   ...
verificar · typecheck · unit · build · audit	Pruebas unitarias (domain, api)	2026-09-24T07:24:16.1834445Z # Subtest: PDP — V3 A3 del titular no vigente (TEST-AUTH-005): se deniega y la auditoría atribuye SITUACION
verificar · typecheck · unit · build · audit	Pruebas unitarias (domain, api)	2026-09-24T07:24:16.1836207Z ok 109 - PDP — V3 A3 del titular no vigente (TEST-AUTH-005): se deniega y la auditoría atribuye SITUACION
verificar · typecheck · unit · build · audit	Pruebas unitarias (domain, api)	2026-09-24T07:24:16.1837081Z   ---
verificar · typecheck · unit · build · audit	Pruebas unitarias (domain, api)	2026-09-24T07:24:16.1837453Z   duration_ms: 0.200284
verificar · typecheck · unit · build · audit	Pruebas unitarias (domain, api)	2026-09-24T07:24:16.1837883Z   type: 'test'
verificar · typecheck · unit · build · audit	Pruebas unitarias (domain, api)	2026-09-24T07:24:16.1838279Z   ...
verificar · typecheck · unit · build · audit	Pruebas unitarias (domain, api)	2026-09-24T07:24:16.1839369Z # Subtest: PDP — V3 cuenta del titular no operativa: se deniega y la auditoría atribuye SITUACION
verificar · typecheck · unit · build · audit	Pruebas unitarias (domain, api)	2026-09-24T07:24:16.1841216Z ok 110 - PDP — V3 cuenta del titular no operativa: se deniega y la auditoría atribuye SITUACION
verificar · typecheck · unit · build · audit	Pruebas unitarias (domain, api)	2026-09-24T07:24:16.1842047Z   ---
verificar · typecheck · unit · build · audit	Pruebas unitarias (domain, api)	2026-09-24T07:24:16.1842443Z   duration_ms: 0.191708
verificar · typecheck · unit · build · audit	Pruebas unitarias (domain, api)	2026-09-24T07:24:16.1842888Z   type: 'test'
verificar · typecheck · unit · build · audit	Pruebas unitarias (domain, api)	2026-09-24T07:24:16.1843257Z   ...
verificar · typecheck · unit · build · audit	Pruebas unitarias (domain, api)	2026-09-24T07:24:16.1844264Z # Subtest: PDP — V3 cuenta del actor no operativa: se deniega y la auditoría atribuye SITUACION
verificar · typecheck · unit · build · audit	Pruebas unitarias (domain, api)	2026-09-24T07:24:16.1845741Z ok 111 - PDP — V3 cuenta del actor no operativa: se deniega y la auditoría atribuye SITUACION
verificar · typecheck · unit · build · audit	Pruebas unitarias (domain, api)	2026-09-24T07:24:16.1846541Z   ---
verificar · typecheck · unit · build · audit	Pruebas unitarias (domain, api)	2026-09-24T07:24:16.1846936Z   duration_ms: 0.125023
verificar · typecheck · unit · build · audit	Pruebas unitarias (domain, api)	2026-09-24T07:24:16.1847339Z   type: 'test'
verificar · typecheck · unit · build · audit	Pruebas unitarias (domain, api)	2026-09-24T07:24:16.1847694Z   ...
verificar · typecheck · unit · build · audit	Pruebas unitarias (domain, api)	2026-09-24T07:24:16.1848716Z # Subtest: PDP — V4 vínculo PAUSADO (TEST-AUTH-007): se deniega y la auditoría atribuye VINCULO
verificar · typecheck · unit · build · audit	Pruebas unitarias (domain, api)	2026-09-24T07:24:16.1850531Z ok 112 - PDP — V4 vínculo PAUSADO (TEST-AUTH-007): se deniega y la auditoría atribuye VINCULO
verificar · typecheck · unit · build · audit	Pruebas unitarias (domain, api)	2026-09-24T07:24:16.1851692Z   ---
verificar · typecheck · unit · build · audit	Pruebas unitarias (domain, api)	2026-09-24T07:24:16.1852163Z   duration_ms: 0.142246
verificar · typecheck · unit · build · audit	Pruebas unitarias (domain, api)	2026-09-24T07:24:16.1852573Z   type: 'test'
verificar · typecheck · unit · build · audit	Pruebas unitarias (domain, api)	2026-09-24T07:24:16.1852914Z   ...
verificar · typecheck · unit · build · audit	Pruebas unitarias (domain, api)	2026-09-24T07:24:16.1853964Z # Subtest: PDP — V4 vínculo FINALIZADO (TEST-AUTH-008): se deniega y la auditoría atribuye VINCULO
verificar · typecheck · unit · build · audit	Pruebas unitarias (domain, api)	2026-09-24T07:24:16.1855421Z ok 113 - PDP — V4 vínculo FINALIZADO (TEST-AUTH-008): se deniega y la auditoría atribuye VINCULO
verificar · typecheck · unit · build · audit	Pruebas unitarias (domain, api)	2026-09-24T07:24:16.1856149Z   ---
verificar · typecheck · unit · build · audit	Pruebas unitarias (domain, api)	2026-09-24T07:24:16.1856451Z   duration_ms: 0.08046
verificar · typecheck · unit · build · audit	Pruebas unitarias (domain, api)	2026-09-24T07:24:16.1856830Z   type: 'test'
verificar · typecheck · unit · build · audit	Pruebas unitarias (domain, api)	2026-09-24T07:24:16.1863654Z   ...
verificar · typecheck · unit · build · audit	Pruebas unitarias (domain, api)	2026-09-24T07:24:16.1864734Z # Subtest: PDP — V5 B2 REVOCADO (TEST-RF-022): se deniega y la auditoría atribuye CONSENTIMIENTO
verificar · typecheck · unit · build · audit	Pruebas unitarias (domain, api)	2026-09-24T07:24:16.1866473Z ok 114 - PDP — V5 B2 REVOCADO (TEST-RF-022): se deniega y la auditoría atribuye CONSENTIMIENTO
verificar · typecheck · unit · build · audit	Pruebas unitarias (domain, api)	2026-09-24T07:24:16.1867229Z   ---
verificar · typecheck · unit · build · audit	Pruebas unitarias (domain, api)	2026-09-24T07:24:16.1867566Z   duration_ms: 0.060614
verificar · typecheck · unit · build · audit	Pruebas unitarias (domain, api)	2026-09-24T07:24:16.1867942Z   type: 'test'
verificar · typecheck · unit · build · audit	Pruebas unitarias (domain, api)	2026-09-24T07:24:16.1868293Z   ...
verificar · typecheck · unit · build · audit	Pruebas unitarias (domain, api)	2026-09-24T07:24:16.1869218Z # Subtest: PDP — V5 sin B2 (TEST-AUTH-006): se deniega y la auditoría atribuye CONSENTIMIENTO
verificar · typecheck · unit · build · audit	Pruebas unitarias (domain, api)	2026-09-24T07:24:16.1870798Z ok 115 - PDP — V5 sin B2 (TEST-AUTH-006): se deniega y la auditoría atribuye CONSENTIMIENTO
verificar · typecheck · unit · build · audit	Pruebas unitarias (domain, api)	2026-09-24T07:24:16.1871502Z   ---
verificar · typecheck · unit · build · audit	Pruebas unitarias (domain, api)	2026-09-24T07:24:16.1871839Z   duration_ms: 0.055494
verificar · typecheck · unit · build · audit	Pruebas unitarias (domain, api)	2026-09-24T07:24:16.1872212Z   type: 'test'
verificar · typecheck · unit · build · audit	Pruebas unitarias (domain, api)	2026-09-24T07:24:16.1872534Z   ...
verificar · typecheck · unit · build · audit	Pruebas unitarias (domain, api)	2026-09-24T07:24:16.1873660Z # Subtest: PDP — V5 B2 sin versión identificable (INV-06-60): se deniega y la auditoría atribuye CONSENTIMIENTO
verificar · typecheck · unit · build · audit	Pruebas unitarias (domain, api)	2026-09-24T07:24:16.1875390Z ok 116 - PDP — V5 B2 sin versión identificable (INV-06-60): se deniega y la auditoría atribuye CONSENTIMIENTO
verificar · typecheck · unit · build · audit	Pruebas unitarias (domain, api)	2026-09-24T07:24:16.1876608Z   ---
verificar · typecheck · unit · build · audit	Pruebas unitarias (domain, api)	2026-09-24T07:24:16.1877038Z   duration_ms: 0.107661
verificar · typecheck · unit · build · audit	Pruebas unitarias (domain, api)	2026-09-24T07:24:16.1877462Z   type: 'test'
verificar · typecheck · unit · build · audit	Pruebas unitarias (domain, api)	2026-09-24T07:24:16.1877805Z   ...
verificar · typecheck · unit · build · audit	Pruebas unitarias (domain, api)	2026-09-24T07:24:16.1878700Z # Subtest: PDP — V6 finalidad ajena: se deniega y la auditoría atribuye FINALIDAD
verificar · typecheck · unit · build · audit	Pruebas unitarias (domain, api)	2026-09-24T07:24:16.1881055Z ok 117 - PDP — V6 finalidad ajena: se deniega y la auditoría atribuye FINALIDAD
verificar · typecheck · unit · build · audit	Pruebas unitarias (domain, api)	2026-09-24T07:24:16.1881784Z   ---
verificar · typecheck · unit · build · audit	Pruebas unitarias (domain, api)	2026-09-24T07:24:16.1882131Z   duration_ms: 0.061414
verificar · typecheck · unit · build · audit	Pruebas unitarias (domain, api)	2026-09-24T07:24:16.1882526Z   type: 'test'
verificar · typecheck · unit · build · audit	Pruebas unitarias (domain, api)	2026-09-24T07:24:16.1882864Z   ...
verificar · typecheck · unit · build · audit	Pruebas unitarias (domain, api)	2026-09-24T07:24:16.1883937Z # Subtest: PDP — V7 alcance pedido Entrenamiento con vínculo de Nutrición: se deniega y la auditoría atribuye ALCANCE
verificar · typecheck · unit · build · audit	Pruebas unitarias (domain, api)	2026-09-24T07:24:16.1885723Z ok 118 - PDP — V7 alcance pedido Entrenamiento con vínculo de Nutrición: se deniega y la auditoría atribuye ALCANCE
verificar · typecheck · unit · build · audit	Pruebas unitarias (domain, api)	2026-09-24T07:24:16.1886636Z   ---
verificar · typecheck · unit · build · audit	Pruebas unitarias (domain, api)	2026-09-24T07:24:16.1886980Z   duration_ms: 0.054732
verificar · typecheck · unit · build · audit	Pruebas unitarias (domain, api)	2026-09-24T07:24:16.1887365Z   type: 'test'
verificar · typecheck · unit · build · audit	Pruebas unitarias (domain, api)	2026-09-24T07:24:16.1887695Z   ...
verificar · typecheck · unit · build · audit	Pruebas unitarias (domain, api)	2026-09-24T07:24:16.1888874Z # Subtest: PDP — titular inexistente o no revelable: deniega igual (UC-I02 E05), sin distinguirlo en la decisión
verificar · typecheck · unit · build · audit	Pruebas unitarias (domain, api)	2026-09-24T07:24:16.1890872Z ok 119 - PDP — titular inexistente o no revelable: deniega igual (UC-I02 E05), sin distinguirlo en la decisión
verificar · typecheck · unit · build · audit	Pruebas unitarias (domain, api)	2026-09-24T07:24:16.1891920Z   ---
verificar · typecheck · unit · build · audit	Pruebas unitarias (domain, api)	2026-09-24T07:24:16.1892453Z   duration_ms: 0.127107
verificar · typecheck · unit · build · audit	Pruebas unitarias (domain, api)	2026-09-24T07:24:16.1893107Z   type: 'test'
verificar · typecheck · unit · build · audit	Pruebas unitarias (domain, api)	2026-09-24T07:24:16.1893624Z   ...
verificar · typecheck · unit · build · audit	Pruebas unitarias (domain, api)	2026-09-24T07:24:16.1895081Z # Subtest: REG-06-53 — ninguna dimensión aislada autoriza: con todo lo demás ausente, cada hecho favorable solo no alcanza
verificar · typecheck · unit · build · audit	Pruebas unitarias (domain, api)	2026-09-24T07:24:16.1897197Z ok 120 - REG-06-53 — ninguna dimensión aislada autoriza: con todo lo demás ausente, cada hecho favorable solo no alcanza
verificar · typecheck · unit · build · audit	Pruebas unitarias (domain, api)	2026-09-24T07:24:16.1898368Z   ---
verificar · typecheck · unit · build · audit	Pruebas unitarias (domain, api)	2026-09-24T07:24:16.1898982Z   duration_ms: 0.274954
verificar · typecheck · unit · build · audit	Pruebas unitarias (domain, api)	2026-09-24T07:24:16.1899917Z   type: 'test'
verificar · typecheck · unit · build · audit	Pruebas unitarias (domain, api)	2026-09-24T07:24:16.1900496Z   ...
verificar · typecheck · unit · build · audit	Pruebas unitarias (domain, api)	2026-09-24T07:24:16.1902183Z # Subtest: TEST-AUTH-009 — campos autoritativos del cliente se rechazan por schema estricto (409 → 400 UNKNOWN_FIELD en la API)
verificar · typecheck · unit · build · audit	Pruebas unitarias (domain, api)	2026-09-24T07:24:16.1904432Z ok 121 - TEST-AUTH-009 — campos autoritativos del cliente se rechazan por schema estricto (409 → 400 UNKNOWN_FIELD en la API)
verificar · typecheck · unit · build · audit	Pruebas unitarias (domain, api)	2026-09-24T07:24:16.1922486Z   ---
verificar · typecheck · unit · build · audit	Pruebas unitarias (domain, api)	2026-09-24T07:24:16.1922960Z   duration_ms: 4.682033
verificar · typecheck · unit · build · audit	Pruebas unitarias (domain, api)	2026-09-24T07:24:16.1923931Z   type: 'test'
verificar · typecheck · unit · build · audit	Pruebas unitarias (domain, api)	2026-09-24T07:24:16.1924295Z   ...
verificar · typecheck · unit · build · audit	Pruebas unitarias (domain, api)	2026-09-24T07:24:16.1925566Z # Subtest: 08 §12.3 — textos B2 diferenciados por perfil, versionados, con hash real y sin aceptar versiones futuras
verificar · typecheck · unit · build · audit	Pruebas unitarias (domain, api)	2026-09-24T07:24:16.1927453Z ok 122 - 08 §12.3 — textos B2 diferenciados por perfil, versionados, con hash real y sin aceptar versiones futuras
verificar · typecheck · unit · build · audit	Pruebas unitarias (domain, api)	2026-09-24T07:24:16.1928488Z   ---
verificar · typecheck · unit · build · audit	Pruebas unitarias (domain, api)	2026-09-24T07:24:16.1928958Z   duration_ms: 0.992103
verificar · typecheck · unit · build · audit	Pruebas unitarias (domain, api)	2026-09-24T07:24:16.1929398Z   type: 'test'
verificar · typecheck · unit · build · audit	Pruebas unitarias (domain, api)	2026-09-24T07:24:16.1930205Z   ...
verificar · typecheck · unit · build · audit	Pruebas unitarias (domain, api)	2026-09-24T07:24:16.1931211Z # Subtest: 10-B04 §44-§46 — el copy de WP-03 no usa términos prohibidos ni códigos internos
verificar · typecheck · unit · build · audit	Pruebas unitarias (domain, api)	2026-09-24T07:24:16.1932654Z ok 123 - 10-B04 §44-§46 — el copy de WP-03 no usa términos prohibidos ni códigos internos
verificar · typecheck · unit · build · audit	Pruebas unitarias (domain, api)	2026-09-24T07:24:16.1933914Z   ---
verificar · typecheck · unit · build · audit	Pruebas unitarias (domain, api)	2026-09-24T07:24:16.1934292Z   duration_ms: 0.813489
verificar · typecheck · unit · build · audit	Pruebas unitarias (domain, api)	2026-09-24T07:24:16.1934689Z   type: 'test'
verificar · typecheck · unit · build · audit	Pruebas unitarias (domain, api)	2026-09-24T07:24:16.1935054Z   ...
verificar · typecheck · unit · build · audit	Pruebas unitarias (domain, api)	2026-09-24T07:24:16.1936360Z # Subtest: 10-B04:627-638 — cada evento de las tres máquinas tiene etiqueta humana; uno desconocido no se muestra crudo
verificar · typecheck · unit · build · audit	Pruebas unitarias (domain, api)	2026-09-24T07:24:16.1938228Z ok 124 - 10-B04:627-638 — cada evento de las tres máquinas tiene etiqueta humana; uno desconocido no se muestra crudo
verificar · typecheck · unit · build · audit	Pruebas unitarias (domain, api)	2026-09-24T07:24:16.1939189Z   ---
verificar · typecheck · unit · build · audit	Pruebas unitarias (domain, api)	2026-09-24T07:24:16.1939774Z   duration_ms: 0.497469
verificar · typecheck · unit · build · audit	Pruebas unitarias (domain, api)	2026-09-24T07:24:16.1940208Z   type: 'test'
verificar · typecheck · unit · build · audit	Pruebas unitarias (domain, api)	2026-09-24T07:24:16.1940553Z   ...
verificar · typecheck · unit · build · audit	Pruebas unitarias (domain, api)	2026-09-24T07:24:16.1941674Z # Subtest: 10-B04 §28-§29 y H10-04-04 — el profesional ve el estado mínimo, nunca la razón del bloqueo
verificar · typecheck · unit · build · audit	Pruebas unitarias (domain, api)	2026-09-24T07:24:16.1943268Z ok 125 - 10-B04 §28-§29 y H10-04-04 — el profesional ve el estado mínimo, nunca la razón del bloqueo
verificar · typecheck · unit · build · audit	Pruebas unitarias (domain, api)	2026-09-24T07:24:16.1944109Z   ---
verificar · typecheck · unit · build · audit	Pruebas unitarias (domain, api)	2026-09-24T07:24:16.1944481Z   duration_ms: 0.444229
verificar · typecheck · unit · build · audit	Pruebas unitarias (domain, api)	2026-09-24T07:24:16.1944907Z   type: 'test'
verificar · typecheck · unit · build · audit	Pruebas unitarias (domain, api)	2026-09-24T07:24:16.1945243Z   ...
verificar · typecheck · unit · build · audit	Pruebas unitarias (domain, api)	2026-09-24T07:24:16.1946472Z # Subtest: 10-B04:538-553 — el asesorado ve «No efectivo» cuando su consentimiento activo hoy no habilita el acceso
verificar · typecheck · unit · build · audit	Pruebas unitarias (domain, api)	2026-09-24T07:24:16.1948289Z ok 126 - 10-B04:538-553 — el asesorado ve «No efectivo» cuando su consentimiento activo hoy no habilita el acceso
verificar · typecheck · unit · build · audit	Pruebas unitarias (domain, api)	2026-09-24T07:24:16.1949239Z   ---
verificar · typecheck · unit · build · audit	Pruebas unitarias (domain, api)	2026-09-24T07:24:16.1949894Z   duration_ms: 0.625067
verificar · typecheck · unit · build · audit	Pruebas unitarias (domain, api)	2026-09-24T07:24:16.1950327Z   type: 'test'
verificar · typecheck · unit · build · audit	Pruebas unitarias (domain, api)	2026-09-24T07:24:16.1950689Z   ...
verificar · typecheck · unit · build · audit	Pruebas unitarias (domain, api)	2026-09-24T07:24:16.4802194Z # Subtest: 06 §10.7 · CrearBorrador, GuardarBorrador y ActivarVersion están declaradas y con guardas favorables se permiten
verificar · typecheck · unit · build · audit	Pruebas unitarias (domain, api)	2026-09-24T07:24:16.4846580Z ok 127 - 06 §10.7 · CrearBorrador, GuardarBorrador y ActivarVersion están declaradas y con guardas favorables se permiten
verificar · typecheck · unit · build · audit	Pruebas unitarias (domain, api)	2026-09-24T07:24:16.4860217Z   ---
verificar · typecheck · unit · build · audit	Pruebas unitarias (domain, api)	2026-09-24T07:24:16.4870310Z   duration_ms: 1.375268
verificar · typecheck · unit · build · audit	Pruebas unitarias (domain, api)	2026-09-24T07:24:16.4900285Z   type: 'test'
verificar · typecheck · unit · build · audit	Pruebas unitarias (domain, api)	2026-09-24T07:24:16.4930260Z   ...
verificar · typecheck · unit · build · audit	Pruebas unitarias (domain, api)	2026-09-24T07:24:16.4957259Z # Subtest: INV-06-109 · no hay ninguna transición que salga de ACTIVADA: reabrir, editar o reactivar falla
verificar · typecheck · unit · build · audit	Pruebas unitarias (domain, api)	2026-09-24T07:24:16.4970455Z ok 128 - INV-06-109 · no hay ninguna transición que salga de ACTIVADA: reabrir, editar o reactivar falla
verificar · typecheck · unit · build · audit	Pruebas unitarias (domain, api)	2026-09-24T07:24:16.5040605Z   ---
verificar · typecheck · unit · build · audit	Pruebas unitarias (domain, api)	2026-09-24T07:24:16.5070294Z   duration_ms: 0.933493
verificar · typecheck · unit · build · audit	Pruebas unitarias (domain, api)	2026-09-24T07:24:16.5070952Z   type: 'test'
verificar · typecheck · unit · build · audit	Pruebas unitarias (domain, api)	2026-09-24T07:24:16.5079263Z   ...
verificar · typecheck · unit · build · audit	Pruebas unitarias (domain, api)	2026-09-24T07:24:16.5080995Z # Subtest: 06 §10.7 · un borrador no se vuelve a crear sobre sí mismo
verificar · typecheck · unit · build · audit	Pruebas unitarias (domain, api)	2026-09-24T07:24:16.5093985Z ok 129 - 06 §10.7 · un borrador no se vuelve a crear sobre sí mismo
verificar · typecheck · unit · build · audit	Pruebas unitarias (domain, api)	2026-09-24T07:24:16.5094875Z   ---
verificar · typecheck · unit · build · audit	Pruebas unitarias (domain, api)	2026-09-24T07:24:16.5096052Z   duration_ms: 0.22469
verificar · typecheck · unit · build · audit	Pruebas unitarias (domain, api)	2026-09-24T07:24:16.5096698Z   type: 'test'
verificar · typecheck · unit · build · audit	Pruebas unitarias (domain, api)	2026-09-24T07:24:16.5097173Z   ...
verificar · typecheck · unit · build · audit	Pruebas unitarias (domain, api)	2026-09-24T07:24:16.5111561Z # Subtest: REG-06-104 · cada guarda de ActivarVersion desfavorable impide activar
verificar · typecheck · unit · build · audit	Pruebas unitarias (domain, api)	2026-09-24T07:24:16.5112885Z ok 130 - REG-06-104 · cada guarda de ActivarVersion desfavorable impide activar
verificar · typecheck · unit · build · audit	Pruebas unitarias (domain, api)	2026-09-24T07:24:16.5113705Z   ---
verificar · typecheck · unit · build · audit	Pruebas unitarias (domain, api)	2026-09-24T07:24:16.5114174Z   duration_ms: 0.489123
verificar · typecheck · unit · build · audit	Pruebas unitarias (domain, api)	2026-09-24T07:24:16.5114722Z   type: 'test'
verificar · typecheck · unit · build · audit	Pruebas unitarias (domain, api)	2026-09-24T07:24:16.5115315Z   ...
verificar · typecheck · unit · build · audit	Pruebas unitarias (domain, api)	2026-09-24T07:24:16.5116388Z # Subtest: 06 §8 · las cinco transiciones del Proceso con guardas favorables se permiten
verificar · typecheck · unit · build · audit	Pruebas unitarias (domain, api)	2026-09-24T07:24:16.5117954Z ok 131 - 06 §8 · las cinco transiciones del Proceso con guardas favorables se permiten
verificar · typecheck · unit · build · audit	Pruebas unitarias (domain, api)	2026-09-24T07:24:16.5120135Z   ---
verificar · typecheck · unit · build · audit	Pruebas unitarias (domain, api)	2026-09-24T07:24:16.5120617Z   duration_ms: 0.361967
verificar · typecheck · unit · build · audit	Pruebas unitarias (domain, api)	2026-09-24T07:24:16.5121136Z   type: 'test'
verificar · typecheck · unit · build · audit	Pruebas unitarias (domain, api)	2026-09-24T07:24:16.5121595Z   ...
verificar · typecheck · unit · build · audit	Pruebas unitarias (domain, api)	2026-09-24T07:24:16.5122599Z # Subtest: INV-06-86 · CERRADO es terminal: ninguna transición sale de CERRADO
verificar · typecheck · unit · build · audit	Pruebas unitarias (domain, api)	2026-09-24T07:24:16.5123898Z ok 132 - INV-06-86 · CERRADO es terminal: ninguna transición sale de CERRADO
verificar · typecheck · unit · build · audit	Pruebas unitarias (domain, api)	2026-09-24T07:24:16.5124709Z   ---
verificar · typecheck · unit · build · audit	Pruebas unitarias (domain, api)	2026-09-24T07:24:16.5125185Z   duration_ms: 0.367727
verificar · typecheck · unit · build · audit	Pruebas unitarias (domain, api)	2026-09-24T07:24:16.5125723Z   type: 'test'
verificar · typecheck · unit · build · audit	Pruebas unitarias (domain, api)	2026-09-24T07:24:16.5126198Z   ...
verificar · typecheck · unit · build · audit	Pruebas unitarias (domain, api)	2026-09-24T07:24:16.5127568Z # Subtest: INV-06-74 · AbrirProceso solo desde inicio; los cierres del sistema no los ejecuta el profesional
verificar · typecheck · unit · build · audit	Pruebas unitarias (domain, api)	2026-09-24T07:24:16.5129888Z ok 133 - INV-06-74 · AbrirProceso solo desde inicio; los cierres del sistema no los ejecuta el profesional
verificar · typecheck · unit · build · audit	Pruebas unitarias (domain, api)	2026-09-24T07:24:16.5130969Z   ---
verificar · typecheck · unit · build · audit	Pruebas unitarias (domain, api)	2026-09-24T07:24:16.5131514Z   duration_ms: 0.228497
verificar · typecheck · unit · build · audit	Pruebas unitarias (domain, api)	2026-09-24T07:24:16.5155970Z   type: 'test'
verificar · typecheck · unit · build · audit	Pruebas unitarias (domain, api)	2026-09-24T07:24:16.5156699Z   ...
verificar · typecheck · unit · build · audit	Pruebas unitarias (domain, api)	2026-09-24T07:24:16.5158200Z # Subtest: INV-06-75, 85 · abrir exige capacidad; continuar o cerrar por revisión exige revisión válida
verificar · typecheck · unit · build · audit	Pruebas unitarias (domain, api)	2026-09-24T07:24:16.5160388Z ok 134 - INV-06-75, 85 · abrir exige capacidad; continuar o cerrar por revisión exige revisión válida
verificar · typecheck · unit · build · audit	Pruebas unitarias (domain, api)	2026-09-24T07:24:16.5161485Z   ---
verificar · typecheck · unit · build · audit	Pruebas unitarias (domain, api)	2026-09-24T07:24:16.5162043Z   duration_ms: 0.276477
verificar · typecheck · unit · build · audit	Pruebas unitarias (domain, api)	2026-09-24T07:24:16.5162691Z   type: 'test'
verificar · typecheck · unit · build · audit	Pruebas unitarias (domain, api)	2026-09-24T07:24:16.5163257Z   ...
verificar · typecheck · unit · build · audit	Pruebas unitarias (domain, api)	2026-09-24T07:24:16.5164568Z # Subtest: REG-06-64/78 · con un Proceso abierto, la activación es continuidad; sin él, es NUEVO
verificar · typecheck · unit · build · audit	Pruebas unitarias (domain, api)	2026-09-24T07:24:16.5166365Z ok 135 - REG-06-64/78 · con un Proceso abierto, la activación es continuidad; sin él, es NUEVO
verificar · typecheck · unit · build · audit	Pruebas unitarias (domain, api)	2026-09-24T07:24:16.5167484Z   ---
verificar · typecheck · unit · build · audit	Pruebas unitarias (domain, api)	2026-09-24T07:24:16.5168084Z   duration_ms: 0.539898
verificar · typecheck · unit · build · audit	Pruebas unitarias (domain, api)	2026-09-24T07:24:16.5168756Z   type: 'test'
verificar · typecheck · unit · build · audit	Pruebas unitarias (domain, api)	2026-09-24T07:24:16.5169350Z   ...
verificar · typecheck · unit · build · audit	Pruebas unitarias (domain, api)	2026-09-24T07:24:16.5171295Z # Subtest: REG-06-66 · el Proceso vigente exige todas las condiciones; revocar el consentimiento lo vuelve no vigente sin cerrarlo
verificar · typecheck · unit · build · audit	Pruebas unitarias (domain, api)	2026-09-24T07:24:16.5173624Z ok 136 - REG-06-66 · el Proceso vigente exige todas las condiciones; revocar el consentimiento lo vuelve no vigente sin cerrarlo
verificar · typecheck · unit · build · audit	Pruebas unitarias (domain, api)	2026-09-24T07:24:16.5174929Z   ---
verificar · typecheck · unit · build · audit	Pruebas unitarias (domain, api)	2026-09-24T07:24:16.5175514Z   duration_ms: 0.664942
verificar · typecheck · unit · build · audit	Pruebas unitarias (domain, api)	2026-09-24T07:24:16.5176177Z   type: 'test'
verificar · typecheck · unit · build · audit	Pruebas unitarias (domain, api)	2026-09-24T07:24:16.5176736Z   ...
verificar · typecheck · unit · build · audit	Pruebas unitarias (domain, api)	2026-09-24T07:24:16.5177789Z # Subtest: REG-06-82 · sin configuración, SIN_LIMITE: nunca rechaza
verificar · typecheck · unit · build · audit	Pruebas unitarias (domain, api)	2026-09-24T07:24:16.5179143Z ok 137 - REG-06-82 · sin configuración, SIN_LIMITE: nunca rechaza
verificar · typecheck · unit · build · audit	Pruebas unitarias (domain, api)	2026-09-24T07:24:16.5180172Z   ---
verificar · typecheck · unit · build · audit	Pruebas unitarias (domain, api)	2026-09-24T07:24:16.5180634Z   duration_ms: 0.436374
verificar · typecheck · unit · build · audit	Pruebas unitarias (domain, api)	2026-09-24T07:24:16.5181153Z   type: 'test'
verificar · typecheck · unit · build · audit	Pruebas unitarias (domain, api)	2026-09-24T07:24:16.5181612Z   ...
verificar · typecheck · unit · build · audit	Pruebas unitarias (domain, api)	2026-09-24T07:24:16.5182677Z # Subtest: REG-06-91 · LIMITADA admite si la ocupación proyectada no supera el límite
verificar · typecheck · unit · build · audit	Pruebas unitarias (domain, api)	2026-09-24T07:24:16.5184222Z ok 138 - REG-06-91 · LIMITADA admite si la ocupación proyectada no supera el límite
verificar · typecheck · unit · build · audit	Pruebas unitarias (domain, api)	2026-09-24T07:24:16.5185137Z   ---
verificar · typecheck · unit · build · audit	Pruebas unitarias (domain, api)	2026-09-24T07:24:16.5185659Z   duration_ms: 0.218428
verificar · typecheck · unit · build · audit	Pruebas unitarias (domain, api)	2026-09-24T07:24:16.5186313Z   type: 'test'
verificar · typecheck · unit · build · audit	Pruebas unitarias (domain, api)	2026-09-24T07:24:16.5186841Z   ...
verificar · typecheck · unit · build · audit	Pruebas unitarias (domain, api)	2026-09-24T07:24:16.5188169Z # Subtest: REG-06-91 · un asesorado que ya cuenta no suma ni se rechaza; la sobreocupación rechaza todo nuevo
verificar · typecheck · unit · build · audit	Pruebas unitarias (domain, api)	2026-09-24T07:24:16.5190232Z ok 139 - REG-06-91 · un asesorado que ya cuenta no suma ni se rechaza; la sobreocupación rechaza todo nuevo
verificar · typecheck · unit · build · audit	Pruebas unitarias (domain, api)	2026-09-24T07:24:16.5191315Z   ---
verificar · typecheck · unit · build · audit	Pruebas unitarias (domain, api)	2026-09-24T07:24:16.5191834Z   duration_ms: 0.19799
verificar · typecheck · unit · build · audit	Pruebas unitarias (domain, api)	2026-09-24T07:24:16.5192408Z   type: 'test'
verificar · typecheck · unit · build · audit	Pruebas unitarias (domain, api)	2026-09-24T07:24:16.5192944Z   ...
verificar · typecheck · unit · build · audit	Pruebas unitarias (domain, api)	2026-09-24T07:24:16.5194215Z # Subtest: REG-06-144 · la taxonomía tiene exactamente seis resultados y la API mapea uno a uno
verificar · typecheck · unit · build · audit	Pruebas unitarias (domain, api)	2026-09-24T07:24:16.5195925Z ok 140 - REG-06-144 · la taxonomía tiene exactamente seis resultados y la API mapea uno a uno
verificar · typecheck · unit · build · audit	Pruebas unitarias (domain, api)	2026-09-24T07:24:16.5197505Z   ---
verificar · typecheck · unit · build · audit	Pruebas unitarias (domain, api)	2026-09-24T07:24:16.5198057Z   duration_ms: 0.253994
verificar · typecheck · unit · build · audit	Pruebas unitarias (domain, api)	2026-09-24T07:24:16.5198637Z   type: 'test'
verificar · typecheck · unit · build · audit	Pruebas unitarias (domain, api)	2026-09-24T07:24:16.5199188Z   ...
verificar · typecheck · unit · build · audit	Pruebas unitarias (domain, api)	2026-09-24T07:24:16.5200439Z # Subtest: REG-06-147 · solo FINALIZAR cierra el Proceso (INV-06-82, 83)
verificar · typecheck · unit · build · audit	Pruebas unitarias (domain, api)	2026-09-24T07:24:16.5202083Z ok 141 - REG-06-147 · solo FINALIZAR cierra el Proceso (INV-06-82, 83)
verificar · typecheck · unit · build · audit	Pruebas unitarias (domain, api)	2026-09-24T07:24:16.5202920Z   ---
verificar · typecheck · unit · build · audit	Pruebas unitarias (domain, api)	2026-09-24T07:24:16.5203455Z   duration_ms: 0.180136
verificar · typecheck · unit · build · audit	Pruebas unitarias (domain, api)	2026-09-24T07:24:16.5204058Z   type: 'test'
verificar · typecheck · unit · build · audit	Pruebas unitarias (domain, api)	2026-09-24T07:24:16.5204583Z   ...
verificar · typecheck · unit · build · audit	Pruebas unitarias (domain, api)	2026-09-24T07:24:16.5206112Z # Subtest: TEST-NUT-006 · la revisión válida exige evidencia, interpretación, resultado, fundamento y próxima acción o cierre
verificar · typecheck · unit · build · audit	Pruebas unitarias (domain, api)	2026-09-24T07:24:16.5208282Z ok 142 - TEST-NUT-006 · la revisión válida exige evidencia, interpretación, resultado, fundamento y próxima acción o cierre
verificar · typecheck · unit · build · audit	Pruebas unitarias (domain, api)	2026-09-24T07:24:16.5209933Z   ---
verificar · typecheck · unit · build · audit	Pruebas unitarias (domain, api)	2026-09-24T07:24:16.5210565Z   duration_ms: 0.322192
verificar · typecheck · unit · build · audit	Pruebas unitarias (domain, api)	2026-09-24T07:24:16.5211202Z   type: 'test'
verificar · typecheck · unit · build · audit	Pruebas unitarias (domain, api)	2026-09-24T07:24:16.5211788Z   ...
verificar · typecheck · unit · build · audit	Pruebas unitarias (domain, api)	2026-09-24T07:24:16.5213075Z # Subtest: UC-P13 E05 · un resultado fuera de la taxonomía no es una revisión válida
verificar · typecheck · unit · build · audit	Pruebas unitarias (domain, api)	2026-09-24T07:24:16.5214708Z ok 143 - UC-P13 E05 · un resultado fuera de la taxonomía no es una revisión válida
verificar · typecheck · unit · build · audit	Pruebas unitarias (domain, api)	2026-09-24T07:24:16.5215678Z   ---
verificar · typecheck · unit · build · audit	Pruebas unitarias (domain, api)	2026-09-24T07:24:16.5216311Z   duration_ms: 0.216034
verificar · typecheck · unit · build · audit	Pruebas unitarias (domain, api)	2026-09-24T07:24:16.5216948Z   type: 'test'
verificar · typecheck · unit · build · audit	Pruebas unitarias (domain, api)	2026-09-24T07:24:16.5217505Z   ...
verificar · typecheck · unit · build · audit	Pruebas unitarias (domain, api)	2026-09-24T07:24:16.5218690Z # Subtest: REG-06-146 · REPROGRAMAR_REVISION exige la fecha de la próxima revisión
verificar · typecheck · unit · build · audit	Pruebas unitarias (domain, api)	2026-09-24T07:24:16.5220595Z ok 144 - REG-06-146 · REPROGRAMAR_REVISION exige la fecha de la próxima revisión
verificar · typecheck · unit · build · audit	Pruebas unitarias (domain, api)	2026-09-24T07:24:16.5221566Z   ---
verificar · typecheck · unit · build · audit	Pruebas unitarias (domain, api)	2026-09-24T07:24:16.5222126Z   duration_ms: 0.209261
verificar · typecheck · unit · build · audit	Pruebas unitarias (domain, api)	2026-09-24T07:24:16.5222772Z   type: 'test'
verificar · typecheck · unit · build · audit	Pruebas unitarias (domain, api)	2026-09-24T07:24:16.5223364Z   ...
verificar · typecheck · unit · build · audit	Pruebas unitarias (domain, api)	2026-09-24T07:24:16.5224838Z # Subtest: REG-06-150 · el pendiente nace de una expectativa explícita y se resuelve solo con una revisión aplicada
verificar · typecheck · unit · build · audit	Pruebas unitarias (domain, api)	2026-09-24T07:24:16.5227019Z ok 145 - REG-06-150 · el pendiente nace de una expectativa explícita y se resuelve solo con una revisión aplicada
verificar · typecheck · unit · build · audit	Pruebas unitarias (domain, api)	2026-09-24T07:24:16.5228230Z   ---
verificar · typecheck · unit · build · audit	Pruebas unitarias (domain, api)	2026-09-24T07:24:16.5228782Z   duration_ms: 0.306683
verificar · typecheck · unit · build · audit	Pruebas unitarias (domain, api)	2026-09-24T07:24:16.5229384Z   type: 'test'
verificar · typecheck · unit · build · audit	Pruebas unitarias (domain, api)	2026-09-24T07:24:16.5230176Z   ...
verificar · typecheck · unit · build · audit	Pruebas unitarias (domain, api)	2026-09-24T07:24:16.5231449Z # Subtest: DL-049 · normalizar asigna identificadores faltantes y conserva los que vienen
verificar · typecheck · unit · build · audit	Pruebas unitarias (domain, api)	2026-09-24T07:24:16.5233196Z ok 146 - DL-049 · normalizar asigna identificadores faltantes y conserva los que vienen
verificar · typecheck · unit · build · audit	Pruebas unitarias (domain, api)	2026-09-24T07:24:16.5234221Z   ---
verificar · typecheck · unit · build · audit	Pruebas unitarias (domain, api)	2026-09-24T07:24:16.5234753Z   duration_ms: 0.500595
verificar · typecheck · unit · build · audit	Pruebas unitarias (domain, api)	2026-09-24T07:24:16.5235419Z   type: 'test'
verificar · typecheck · unit · build · audit	Pruebas unitarias (domain, api)	2026-09-24T07:24:16.5236041Z   ...
verificar · typecheck · unit · build · audit	Pruebas unitarias (domain, api)	2026-09-24T07:24:16.5237507Z # Subtest: RF-030 · un borrador incompleto se puede guardar; validar informa lo que falta, con la ruta (09v9:589)
verificar · typecheck · unit · build · audit	Pruebas unitarias (domain, api)	2026-09-24T07:24:16.5239731Z ok 147 - RF-030 · un borrador incompleto se puede guardar; validar informa lo que falta, con la ruta (09v9:589)
verificar · typecheck · unit · build · audit	Pruebas unitarias (domain, api)	2026-09-24T07:24:16.5240997Z   ---
verificar · typecheck · unit · build · audit	Pruebas unitarias (domain, api)	2026-09-24T07:24:16.5241639Z   duration_ms: 0.841571
verificar · typecheck · unit · build · audit	Pruebas unitarias (domain, api)	2026-09-24T07:24:16.5242251Z   type: 'test'
verificar · typecheck · unit · build · audit	Pruebas unitarias (domain, api)	2026-09-24T07:24:16.5242737Z   ...
verificar · typecheck · unit · build · audit	Pruebas unitarias (domain, api)	2026-09-24T07:24:16.5243971Z # Subtest: REG-06-122 · con cantidad, el estado de preparación es obligatorio; sin cantidad, no
verificar · typecheck · unit · build · audit	Pruebas unitarias (domain, api)	2026-09-24T07:24:16.5246723Z ok 148 - REG-06-122 · con cantidad, el estado de preparación es obligatorio; sin cantidad, no
verificar · typecheck · unit · build · audit	Pruebas unitarias (domain, api)	2026-09-24T07:24:16.5247345Z   ---
verificar · typecheck · unit · build · audit	Pruebas unitarias (domain, api)	2026-09-24T07:24:16.5247663Z   duration_ms: 0.48182
verificar · typecheck · unit · build · audit	Pruebas unitarias (domain, api)	2026-09-24T07:24:16.5247996Z   type: 'test'
verificar · typecheck · unit · build · audit	Pruebas unitarias (domain, api)	2026-09-24T07:24:16.5248321Z   ...
verificar · typecheck · unit · build · audit	Pruebas unitarias (domain, api)	2026-09-24T07:24:16.5249658Z # Subtest: 09v9 PATCH · modalidad B no habilitada, referencia de catálogo inválida e identificador repetido impiden guardar
verificar · typecheck · unit · build · audit	Pruebas unitarias (domain, api)	2026-09-24T07:24:16.5252012Z ok 149 - 09v9 PATCH · modalidad B no habilitada, referencia de catálogo inválida e identificador repetido impiden guardar
verificar · typecheck · unit · build · audit	Pruebas unitarias (domain, api)	2026-09-24T07:24:16.5253157Z   ---
verificar · typecheck · unit · build · audit	Pruebas unitarias (domain, api)	2026-09-24T07:24:16.5253708Z   duration_ms: 0.273921
verificar · typecheck · unit · build · audit	Pruebas unitarias (domain, api)	2026-09-24T07:24:16.5254231Z   type: 'test'
verificar · typecheck · unit · build · audit	Pruebas unitarias (domain, api)	2026-09-24T07:24:16.5254637Z   ...
verificar · typecheck · unit · build · audit	Pruebas unitarias (domain, api)	2026-09-24T07:24:16.5255648Z # Subtest: REG-06-105 · la instantánea resuelve nombre y versión del catálogo al activar
verificar · typecheck · unit · build · audit	Pruebas unitarias (domain, api)	2026-09-24T07:24:16.5257352Z ok 150 - REG-06-105 · la instantánea resuelve nombre y versión del catálogo al activar
verificar · typecheck · unit · build · audit	Pruebas unitarias (domain, api)	2026-09-24T07:24:16.5258427Z   ---
verificar · typecheck · unit · build · audit	Pruebas unitarias (domain, api)	2026-09-24T07:24:16.5258889Z   duration_ms: 0.643271
verificar · typecheck · unit · build · audit	Pruebas unitarias (domain, api)	2026-09-24T07:24:16.5259395Z   type: 'test'
verificar · typecheck · unit · build · audit	Pruebas unitarias (domain, api)	2026-09-24T07:24:16.5260417Z   ...
verificar · typecheck · unit · build · audit	Pruebas unitarias (domain, api)	2026-09-24T07:24:16.5261434Z # Subtest: 06:1391 · si un ítem no se resuelve, la instantánea no se puede preservar
verificar · typecheck · unit · build · audit	Pruebas unitarias (domain, api)	2026-09-24T07:24:16.5262753Z ok 151 - 06:1391 · si un ítem no se resuelve, la instantánea no se puede preservar
verificar · typecheck · unit · build · audit	Pruebas unitarias (domain, api)	2026-09-24T07:24:16.5263537Z   ---
verificar · typecheck · unit · build · audit	Pruebas unitarias (domain, api)	2026-09-24T07:24:16.5263996Z   duration_ms: 0.201636
verificar · typecheck · unit · build · audit	Pruebas unitarias (domain, api)	2026-09-24T07:24:16.5264508Z   type: 'test'
verificar · typecheck · unit · build · audit	Pruebas unitarias (domain, api)	2026-09-24T07:24:16.5264981Z   ...
verificar · typecheck · unit · build · audit	Pruebas unitarias (domain, api)	2026-09-24T07:24:16.5266124Z # Subtest: REG-06-101 · cambiar el catálogo después de activar no cambia la instantánea (INV-06-115)
verificar · typecheck · unit · build · audit	Pruebas unitarias (domain, api)	2026-09-24T07:24:16.5267731Z ok 152 - REG-06-101 · cambiar el catálogo después de activar no cambia la instantánea (INV-06-115)
verificar · typecheck · unit · build · audit	Pruebas unitarias (domain, api)	2026-09-24T07:24:16.5268655Z   ---
verificar · typecheck · unit · build · audit	Pruebas unitarias (domain, api)	2026-09-24T07:24:16.5269153Z   duration_ms: 0.613145
verificar · typecheck · unit · build · audit	Pruebas unitarias (domain, api)	2026-09-24T07:24:16.5269868Z   type: 'test'
verificar · typecheck · unit · build · audit	Pruebas unitarias (domain, api)	2026-09-24T07:24:16.5270358Z   ...
verificar · typecheck · unit · build · audit	Pruebas unitarias (domain, api)	2026-09-24T07:24:16.5271530Z # Subtest: REG-06-106 · la ingesta prescripta referencia día tipo, comida y opción de la instantánea
verificar · typecheck · unit · build · audit	Pruebas unitarias (domain, api)	2026-09-24T07:24:16.5273259Z ok 153 - REG-06-106 · la ingesta prescripta referencia día tipo, comida y opción de la instantánea
verificar · typecheck · unit · build · audit	Pruebas unitarias (domain, api)	2026-09-24T07:24:16.5274211Z   ---
verificar · typecheck · unit · build · audit	Pruebas unitarias (domain, api)	2026-09-24T07:24:16.5274646Z   duration_ms: 0.538335
verificar · typecheck · unit · build · audit	Pruebas unitarias (domain, api)	2026-09-24T07:24:16.5275118Z   type: 'test'
verificar · typecheck · unit · build · audit	Pruebas unitarias (domain, api)	2026-09-24T07:24:16.5275542Z   ...
verificar · typecheck · unit · build · audit	Pruebas unitarias (domain, api)	2026-09-24T07:24:16.5276983Z # Subtest: TEST-NUT-002/005 · contraste: prescripto ≠ registrado, sin registro = NO_DATA, y la diferencia es de cantidad (DV-05 TEST-RF-034)
verificar · typecheck · unit · build · audit	Pruebas unitarias (domain, api)	2026-09-24T07:24:16.5279323Z ok 154 - TEST-NUT-002/005 · contraste: prescripto ≠ registrado, sin registro = NO_DATA, y la diferencia es de cantidad (DV-05 TEST-RF-034)
verificar · typecheck · unit · build · audit	Pruebas unitarias (domain, api)	2026-09-24T07:24:16.5280779Z   ---
verificar · typecheck · unit · build · audit	Pruebas unitarias (domain, api)	2026-09-24T07:24:16.5281306Z   duration_ms: 1.402329
verificar · typecheck · unit · build · audit	Pruebas unitarias (domain, api)	2026-09-24T07:24:16.5281835Z   type: 'test'
verificar · typecheck · unit · build · audit	Pruebas unitarias (domain, api)	2026-09-24T07:24:16.5282401Z   ...
verificar · typecheck · unit · build · audit	Pruebas unitarias (domain, api)	2026-09-24T07:24:16.5283266Z # Subtest: INV-06-13 · lo registrado contra una versión no se pierde si ese día se activa una sucesora
verificar · typecheck · unit · build · audit	Pruebas unitarias (domain, api)	2026-09-24T07:24:16.5284275Z ok 155 - INV-06-13 · lo registrado contra una versión no se pierde si ese día se activa una sucesora
verificar · typecheck · unit · build · audit	Pruebas unitarias (domain, api)	2026-09-24T07:24:16.5284899Z   ---
verificar · typecheck · unit · build · audit	Pruebas unitarias (domain, api)	2026-09-24T07:24:16.5285207Z   duration_ms: 0.481369
verificar · typecheck · unit · build · audit	Pruebas unitarias (domain, api)	2026-09-24T07:24:16.5285678Z   type: 'test'
verificar · typecheck · unit · build · audit	Pruebas unitarias (domain, api)	2026-09-24T07:24:16.5286013Z   ...
verificar · typecheck · unit · build · audit	Pruebas unitarias (domain, api)	2026-09-24T07:24:16.5286835Z # Subtest: fechasDelPeriodo · incluye los extremos y respeta los cambios de mes
verificar · typecheck · unit · build · audit	Pruebas unitarias (domain, api)	2026-09-24T07:24:16.5288302Z ok 156 - fechasDelPeriodo · incluye los extremos y respeta los cambios de mes
verificar · typecheck · unit · build · audit	Pruebas unitarias (domain, api)	2026-09-24T07:24:16.5289114Z   ---
verificar · typecheck · unit · build · audit	Pruebas unitarias (domain, api)	2026-09-24T07:24:16.5290107Z   duration_ms: 0.21965
verificar · typecheck · unit · build · audit	Pruebas unitarias (domain, api)	2026-09-24T07:24:16.5290662Z   type: 'test'
verificar · typecheck · unit · build · audit	Pruebas unitarias (domain, api)	2026-09-24T07:24:16.5291106Z   ...
verificar · typecheck · unit · build · audit	Pruebas unitarias (domain, api)	2026-09-24T07:24:16.5292320Z # Subtest: TEST-PRJ-009 · ningún schema de nutrición tiene puntaje, porcentaje de cumplimiento ni calificación
verificar · typecheck · unit · build · audit	Pruebas unitarias (domain, api)	2026-09-24T07:24:16.5293971Z ok 157 - TEST-PRJ-009 · ningún schema de nutrición tiene puntaje, porcentaje de cumplimiento ni calificación
verificar · typecheck · unit · build · audit	Pruebas unitarias (domain, api)	2026-09-24T07:24:16.5294957Z   ---
verificar · typecheck · unit · build · audit	Pruebas unitarias (domain, api)	2026-09-24T07:24:16.5295395Z   duration_ms: 101.781396
verificar · typecheck · unit · build · audit	Pruebas unitarias (domain, api)	2026-09-24T07:24:16.5295869Z   type: 'test'
verificar · typecheck · unit · build · audit	Pruebas unitarias (domain, api)	2026-09-24T07:24:16.5296288Z   ...
verificar · typecheck · unit · build · audit	Pruebas unitarias (domain, api)	2026-09-24T07:24:16.5297519Z # Subtest: TEST-PRJ-009 · el OpenAPI generado tampoco expone puntaje de adherencia en ninguna operación de nutrición
verificar · typecheck · unit · build · audit	Pruebas unitarias (domain, api)	2026-09-24T07:24:16.5298690Z ok 158 - TEST-PRJ-009 · el OpenAPI generado tampoco expone puntaje de adherencia en ninguna operación de nutrición
verificar · typecheck · unit · build · audit	Pruebas unitarias (domain, api)	2026-09-24T07:24:16.5299310Z   ---
verificar · typecheck · unit · build · audit	Pruebas unitarias (domain, api)	2026-09-24T07:24:16.5300018Z   duration_ms: 125.529094
verificar · typecheck · unit · build · audit	Pruebas unitarias (domain, api)	2026-09-24T07:24:16.5300551Z   type: 'test'
verificar · typecheck · unit · build · audit	Pruebas unitarias (domain, api)	2026-09-24T07:24:16.5300884Z   ...
verificar · typecheck · unit · build · audit	Pruebas unitarias (domain, api)	2026-09-24T07:24:16.5301708Z # Subtest: T13 · el copy de nutrición no usa ningún término prohibido (B10-05; REG-06-125)
verificar · typecheck · unit · build · audit	Pruebas unitarias (domain, api)	2026-09-24T07:24:16.5302474Z ok 159 - T13 · el copy de nutrición no usa ningún término prohibido (B10-05; REG-06-125)
verificar · typecheck · unit · build · audit	Pruebas unitarias (domain, api)	2026-09-24T07:24:16.5302870Z   ---
verificar · typecheck · unit · build · audit	Pruebas unitarias (domain, api)	2026-09-24T07:24:16.5303375Z   duration_ms: 3.139242
verificar · typecheck · unit · build · audit	Pruebas unitarias (domain, api)	2026-09-24T07:24:16.5303596Z   type: 'test'
verificar · typecheck · unit · build · audit	Pruebas unitarias (domain, api)	2026-09-24T07:24:16.5303784Z   ...
verificar · typecheck · unit · build · audit	Pruebas unitarias (domain, api)	2026-09-24T07:24:16.5324091Z # Subtest: REG-06-214 · la evaluación nace EN_PREPARACION y solo un acto explícito la registra
verificar · typecheck · unit · build · audit	Pruebas unitarias (domain, api)	2026-09-24T07:24:16.5325662Z ok 160 - REG-06-214 · la evaluación nace EN_PREPARACION y solo un acto explícito la registra
verificar · typecheck · unit · build · audit	Pruebas unitarias (domain, api)	2026-09-24T07:24:16.5326816Z   ---
verificar · typecheck · unit · build · audit	Pruebas unitarias (domain, api)	2026-09-24T07:24:16.5327207Z   duration_ms: 2.058594
verificar · typecheck · unit · build · audit	Pruebas unitarias (domain, api)	2026-09-24T07:24:16.5327626Z   type: 'test'
verificar · typecheck · unit · build · audit	Pruebas unitarias (domain, api)	2026-09-24T07:24:16.5327974Z   ...
verificar · typecheck · unit · build · audit	Pruebas unitarias (domain, api)	2026-09-24T07:24:16.5328955Z # Subtest: TEST-ANT-003 · registrar exige contenido registrable: no hay registro vacío
verificar · typecheck · unit · build · audit	Pruebas unitarias (domain, api)	2026-09-24T07:24:16.5331085Z ok 161 - TEST-ANT-003 · registrar exige contenido registrable: no hay registro vacío
verificar · typecheck · unit · build · audit	Pruebas unitarias (domain, api)	2026-09-24T07:24:16.5331862Z   ---
verificar · typecheck · unit · build · audit	Pruebas unitarias (domain, api)	2026-09-24T07:24:16.5332232Z   duration_ms: 1.106246
verificar · typecheck · unit · build · audit	Pruebas unitarias (domain, api)	2026-09-24T07:24:16.5332641Z   type: 'test'
verificar · typecheck · unit · build · audit	Pruebas unitarias (domain, api)	2026-09-24T07:24:16.5332983Z   ...
verificar · typecheck · unit · build · audit	Pruebas unitarias (domain, api)	2026-09-24T07:24:16.5334299Z # Subtest: REG-06-214 inciso 5 · una evaluación REGISTRADA no vuelve a preparación, ni se guarda, ni se registra dos veces
verificar · typecheck · unit · build · audit	Pruebas unitarias (domain, api)	2026-09-24T07:24:16.5336236Z ok 162 - REG-06-214 inciso 5 · una evaluación REGISTRADA no vuelve a preparación, ni se guarda, ni se registra dos veces
verificar · typecheck · unit · build · audit	Pruebas unitarias (domain, api)	2026-09-24T07:24:16.5337208Z   ---
verificar · typecheck · unit · build · audit	Pruebas unitarias (domain, api)	2026-09-24T07:24:16.5337578Z   duration_ms: 0.250839
verificar · typecheck · unit · build · audit	Pruebas unitarias (domain, api)	2026-09-24T07:24:16.5338021Z   type: 'test'
verificar · typecheck · unit · build · audit	Pruebas unitarias (domain, api)	2026-09-24T07:24:16.5338370Z   ...
verificar · typecheck · unit · build · audit	Pruebas unitarias (domain, api)	2026-09-24T07:24:16.5339251Z # Subtest: REG-06-218 · anular una medición vigente procede y exige motivo
verificar · typecheck · unit · build · audit	Pruebas unitarias (domain, api)	2026-09-24T07:24:16.5340687Z ok 163 - REG-06-218 · anular una medición vigente procede y exige motivo
verificar · typecheck · unit · build · audit	Pruebas unitarias (domain, api)	2026-09-24T07:24:16.5341360Z   ---
verificar · typecheck · unit · build · audit	Pruebas unitarias (domain, api)	2026-09-24T07:24:16.5341715Z   duration_ms: 0.383997
verificar · typecheck · unit · build · audit	Pruebas unitarias (domain, api)	2026-09-24T07:24:16.5342135Z   type: 'test'
verificar · typecheck · unit · build · audit	Pruebas unitarias (domain, api)	2026-09-24T07:24:16.5342495Z   ...
verificar · typecheck · unit · build · audit	Pruebas unitarias (domain, api)	2026-09-24T07:24:16.5343683Z # Subtest: TEST-ANT-006 · adversarial 6: la segunda anulación no produce un segundo efecto ni un error nuevo
verificar · typecheck · unit · build · audit	Pruebas unitarias (domain, api)	2026-09-24T07:24:16.5345437Z ok 164 - TEST-ANT-006 · adversarial 6: la segunda anulación no produce un segundo efecto ni un error nuevo
verificar · typecheck · unit · build · audit	Pruebas unitarias (domain, api)	2026-09-24T07:24:16.5346336Z   ---
verificar · typecheck · unit · build · audit	Pruebas unitarias (domain, api)	2026-09-24T07:24:16.5346702Z   duration_ms: 0.360843
verificar · typecheck · unit · build · audit	Pruebas unitarias (domain, api)	2026-09-24T07:24:16.5347111Z   type: 'test'
verificar · typecheck · unit · build · audit	Pruebas unitarias (domain, api)	2026-09-24T07:24:16.5347478Z   ...
verificar · typecheck · unit · build · audit	Pruebas unitarias (domain, api)	2026-09-24T07:24:16.5348651Z # Subtest: TEST-ANT-007 · no existe reversión implícita: ANULADA no admite corrección que la vuelva efectiva
verificar · typecheck · unit · build · audit	Pruebas unitarias (domain, api)	2026-09-24T07:24:16.5350647Z ok 165 - TEST-ANT-007 · no existe reversión implícita: ANULADA no admite corrección que la vuelva efectiva
verificar · typecheck · unit · build · audit	Pruebas unitarias (domain, api)	2026-09-24T07:24:16.5351541Z   ---
verificar · typecheck · unit · build · audit	Pruebas unitarias (domain, api)	2026-09-24T07:24:16.5351908Z   duration_ms: 0.19846
verificar · typecheck · unit · build · audit	Pruebas unitarias (domain, api)	2026-09-24T07:24:16.5352316Z   type: 'test'
verificar · typecheck · unit · build · audit	Pruebas unitarias (domain, api)	2026-09-24T07:24:16.5352667Z   ...
verificar · typecheck · unit · build · audit	Pruebas unitarias (domain, api)	2026-09-24T07:24:16.5353816Z # Subtest: TEST-ANT-001 · medido, reportado y calculado son clases distintas, no una convención de nombre
verificar · typecheck · unit · build · audit	Pruebas unitarias (domain, api)	2026-09-24T07:24:16.5355482Z ok 166 - TEST-ANT-001 · medido, reportado y calculado son clases distintas, no una convención de nombre
verificar · typecheck · unit · build · audit	Pruebas unitarias (domain, api)	2026-09-24T07:24:16.5356446Z   ---
verificar · typecheck · unit · build · audit	Pruebas unitarias (domain, api)	2026-09-24T07:24:16.5356811Z   duration_ms: 0.323785
verificar · typecheck · unit · build · audit	Pruebas unitarias (domain, api)	2026-09-24T07:24:16.5357231Z   type: 'test'
verificar · typecheck · unit · build · audit	Pruebas unitarias (domain, api)	2026-09-24T07:24:16.5357601Z   ...
verificar · typecheck · unit · build · audit	Pruebas unitarias (domain, api)	2026-09-24T07:24:16.5358682Z # Subtest: REG-06-09 y REG-06-155 · convertir conserva la unidad de origen y la regla que se aplicó
verificar · typecheck · unit · build · audit	Pruebas unitarias (domain, api)	2026-09-24T07:24:16.5360477Z ok 167 - REG-06-09 y REG-06-155 · convertir conserva la unidad de origen y la regla que se aplicó
verificar · typecheck · unit · build · audit	Pruebas unitarias (domain, api)	2026-09-24T07:24:16.5361281Z   ---
verificar · typecheck · unit · build · audit	Pruebas unitarias (domain, api)	2026-09-24T07:24:16.5361658Z   duration_ms: 0.389578
verificar · typecheck · unit · build · audit	Pruebas unitarias (domain, api)	2026-09-24T07:24:16.5362079Z   type: 'test'
verificar · typecheck · unit · build · audit	Pruebas unitarias (domain, api)	2026-09-24T07:24:16.5362426Z   ...
verificar · typecheck · unit · build · audit	Pruebas unitarias (domain, api)	2026-09-24T07:24:16.5363372Z # Subtest: REG-06-155 · sin regla declarada no hay conversión: no se inventa un factor
verificar · typecheck · unit · build · audit	Pruebas unitarias (domain, api)	2026-09-24T07:24:16.5364697Z ok 168 - REG-06-155 · sin regla declarada no hay conversión: no se inventa un factor
verificar · typecheck · unit · build · audit	Pruebas unitarias (domain, api)	2026-09-24T07:24:16.5365416Z   ---
verificar · typecheck · unit · build · audit	Pruebas unitarias (domain, api)	2026-09-24T07:24:16.5365770Z   duration_ms: 0.522015
verificar · typecheck · unit · build · audit	Pruebas unitarias (domain, api)	2026-09-24T07:24:16.5366161Z   type: 'test'
verificar · typecheck · unit · build · audit	Pruebas unitarias (domain, api)	2026-09-24T07:24:16.5366493Z   ...
verificar · typecheck · unit · build · audit	Pruebas unitarias (domain, api)	2026-09-24T07:24:16.5367375Z # Subtest: REG-06-158 · la precisión y el redondeo son declarados, no implícitos
verificar · typecheck · unit · build · audit	Pruebas unitarias (domain, api)	2026-09-24T07:24:16.5368590Z ok 169 - REG-06-158 · la precisión y el redondeo son declarados, no implícitos
verificar · typecheck · unit · build · audit	Pruebas unitarias (domain, api)	2026-09-24T07:24:16.5370547Z   ---
verificar · typecheck · unit · build · audit	Pruebas unitarias (domain, api)	2026-09-24T07:24:16.5370921Z   duration_ms: 0.690119
verificar · typecheck · unit · build · audit	Pruebas unitarias (domain, api)	2026-09-24T07:24:16.5371357Z   type: 'test'
verificar · typecheck · unit · build · audit	Pruebas unitarias (domain, api)	2026-09-24T07:24:16.5371712Z   ...
verificar · typecheck · unit · build · audit	Pruebas unitarias (domain, api)	2026-09-24T07:24:16.5372940Z # Subtest: REG-06-159 e INV-06-170 · la dependencia es explícita: se resuelve por identificador, nunca por nombre
verificar · typecheck · unit · build · audit	Pruebas unitarias (domain, api)	2026-09-24T07:24:16.5374992Z ok 170 - REG-06-159 e INV-06-170 · la dependencia es explícita: se resuelve por identificador, nunca por nombre
verificar · typecheck · unit · build · audit	Pruebas unitarias (domain, api)	2026-09-24T07:24:16.5375850Z   ---
verificar · typecheck · unit · build · audit	Pruebas unitarias (domain, api)	2026-09-24T07:24:16.5376191Z   duration_ms: 0.361755
verificar · typecheck · unit · build · audit	Pruebas unitarias (domain, api)	2026-09-24T07:24:16.5376608Z   type: 'test'
verificar · typecheck · unit · build · audit	Pruebas unitarias (domain, api)	2026-09-24T07:24:16.5376953Z   ...
verificar · typecheck · unit · build · audit	Pruebas unitarias (domain, api)	2026-09-24T07:24:16.5378163Z # Subtest: TEST-ANT-008 · un input anulado obliga a reevaluar dependencias, y sin reemplazo no se inventa sucesor
verificar · typecheck · unit · build · audit	Pruebas unitarias (domain, api)	2026-09-24T07:24:16.5380280Z ok 171 - TEST-ANT-008 · un input anulado obliga a reevaluar dependencias, y sin reemplazo no se inventa sucesor
verificar · typecheck · unit · build · audit	Pruebas unitarias (domain, api)	2026-09-24T07:24:16.5381235Z   ---
verificar · typecheck · unit · build · audit	Pruebas unitarias (domain, api)	2026-09-24T07:24:16.5381592Z   duration_ms: 0.459989
verificar · typecheck · unit · build · audit	Pruebas unitarias (domain, api)	2026-09-24T07:24:16.5382015Z   type: 'test'
verificar · typecheck · unit · build · audit	Pruebas unitarias (domain, api)	2026-09-24T07:24:16.5382375Z   ...
verificar · typecheck · unit · build · audit	Pruebas unitarias (domain, api)	2026-09-24T07:24:16.5383625Z # Subtest: REG-06-162/163/164 · solo se compara lo compatible, y la diferencia se nombra en vez de convertirse sola
verificar · typecheck · unit · build · audit	Pruebas unitarias (domain, api)	2026-09-24T07:24:16.5387238Z ok 172 - REG-06-162/163/164 · solo se compara lo compatible, y la diferencia se nombra en vez de convertirse sola
verificar · typecheck · unit · build · audit	Pruebas unitarias (domain, api)	2026-09-24T07:24:16.5388494Z   ---
verificar · typecheck · unit · build · audit	Pruebas unitarias (domain, api)	2026-09-24T07:24:16.5388859Z   duration_ms: 0.23554
verificar · typecheck · unit · build · audit	Pruebas unitarias (domain, api)	2026-09-24T07:24:16.5389254Z   type: 'test'
verificar · typecheck · unit · build · audit	Pruebas unitarias (domain, api)	2026-09-24T07:24:16.5389830Z   ...
verificar · typecheck · unit · build · audit	Pruebas unitarias (domain, api)	2026-09-24T07:24:16.5390859Z # Subtest: TEST-ANT-009 · adversarial 7: SIN_DATO no se transforma en cero y no se interpola
verificar · typecheck · unit · build · audit	Pruebas unitarias (domain, api)	2026-09-24T07:24:16.5392287Z ok 173 - TEST-ANT-009 · adversarial 7: SIN_DATO no se transforma en cero y no se interpola
verificar · typecheck · unit · build · audit	Pruebas unitarias (domain, api)	2026-09-24T07:24:16.5393058Z   ---
verificar · typecheck · unit · build · audit	Pruebas unitarias (domain, api)	2026-09-24T07:24:16.5393408Z   duration_ms: 0.519049
verificar · typecheck · unit · build · audit	Pruebas unitarias (domain, api)	2026-09-24T07:24:16.5393797Z   type: 'test'
verificar · typecheck · unit · build · audit	Pruebas unitarias (domain, api)	2026-09-24T07:24:16.5394127Z   ...
verificar · typecheck · unit · build · audit	Pruebas unitarias (domain, api)	2026-09-24T07:24:16.5394977Z # Subtest: INV-06-176 · un cero medido es un punto REGISTRADO, no un hueco
verificar · typecheck · unit · build · audit	Pruebas unitarias (domain, api)	2026-09-24T07:24:16.5396032Z ok 174 - INV-06-176 · un cero medido es un punto REGISTRADO, no un hueco
verificar · typecheck · unit · build · audit	Pruebas unitarias (domain, api)	2026-09-24T07:24:16.5396610Z   ---
verificar · typecheck · unit · build · audit	Pruebas unitarias (domain, api)	2026-09-24T07:24:16.5396891Z   duration_ms: 0.21971
verificar · typecheck · unit · build · audit	Pruebas unitarias (domain, api)	2026-09-24T07:24:16.5397289Z   type: 'test'
verificar · typecheck · unit · build · audit	Pruebas unitarias (domain, api)	2026-09-24T07:24:16.5397621Z   ...
verificar · typecheck · unit · build · audit	Pruebas unitarias (domain, api)	2026-09-24T07:24:16.5398521Z # Subtest: REG-06-221 · una medición anulada no aporta un punto registrado a la serie
verificar · typecheck · unit · build · audit	Pruebas unitarias (domain, api)	2026-09-24T07:24:16.5399962Z ok 175 - REG-06-221 · una medición anulada no aporta un punto registrado a la serie
verificar · typecheck · unit · build · audit	Pruebas unitarias (domain, api)	2026-09-24T07:24:16.5400551Z   ---
verificar · typecheck · unit · build · audit	Pruebas unitarias (domain, api)	2026-09-24T07:24:16.5400754Z   duration_ms: 0.200775
verificar · typecheck · unit · build · audit	Pruebas unitarias (domain, api)	2026-09-24T07:24:16.5400990Z   type: 'test'
verificar · typecheck · unit · build · audit	Pruebas unitarias (domain, api)	2026-09-24T07:24:16.5401250Z   ...
verificar · typecheck · unit · build · audit	Pruebas unitarias (domain, api)	2026-09-24T07:24:16.5402070Z # Subtest: TEST-ANT-010 · lo no comparable se conserva y se marca: no forma línea continua
verificar · typecheck · unit · build · audit	Pruebas unitarias (domain, api)	2026-09-24T07:24:16.5403245Z ok 176 - TEST-ANT-010 · lo no comparable se conserva y se marca: no forma línea continua
verificar · typecheck · unit · build · audit	Pruebas unitarias (domain, api)	2026-09-24T07:24:16.5403892Z   ---
verificar · typecheck · unit · build · audit	Pruebas unitarias (domain, api)	2026-09-24T07:24:16.5404200Z   duration_ms: 0.212076
verificar · typecheck · unit · build · audit	Pruebas unitarias (domain, api)	2026-09-24T07:24:16.5404583Z   type: 'test'
verificar · typecheck · unit · build · audit	Pruebas unitarias (domain, api)	2026-09-24T07:24:16.5404883Z   ...
verificar · typecheck · unit · build · audit	Pruebas unitarias (domain, api)	2026-09-24T07:24:16.5405738Z # Subtest: INV-06-178 · cada punto conserva su clase y su origen
verificar · typecheck · unit · build · audit	Pruebas unitarias (domain, api)	2026-09-24T07:24:16.5406606Z ok 177 - INV-06-178 · cada punto conserva su clase y su origen
verificar · typecheck · unit · build · audit	Pruebas unitarias (domain, api)	2026-09-24T07:24:16.5407136Z   ---
verificar · typecheck · unit · build · audit	Pruebas unitarias (domain, api)	2026-09-24T07:24:16.5407474Z   duration_ms: 0.21935
verificar · typecheck · unit · build · audit	Pruebas unitarias (domain, api)	2026-09-24T07:24:16.5407826Z   type: 'test'
verificar · typecheck · unit · build · audit	Pruebas unitarias (domain, api)	2026-09-24T07:24:16.5408132Z   ...
verificar · typecheck · unit · build · audit	Pruebas unitarias (domain, api)	2026-09-24T07:24:16.5409018Z # Subtest: REG-06-165 · la serie devuelve un punto por checkpoint pedido, ni más ni menos
verificar · typecheck · unit · build · audit	Pruebas unitarias (domain, api)	2026-09-24T07:24:16.5410653Z ok 178 - REG-06-165 · la serie devuelve un punto por checkpoint pedido, ni más ni menos
verificar · typecheck · unit · build · audit	Pruebas unitarias (domain, api)	2026-09-24T07:24:16.5411432Z   ---
verificar · typecheck · unit · build · audit	Pruebas unitarias (domain, api)	2026-09-24T07:24:16.5411793Z   duration_ms: 0.227013
verificar · typecheck · unit · build · audit	Pruebas unitarias (domain, api)	2026-09-24T07:24:16.5412205Z   type: 'test'
verificar · typecheck · unit · build · audit	Pruebas unitarias (domain, api)	2026-09-24T07:24:16.5412563Z   ...
verificar · typecheck · unit · build · audit	Pruebas unitarias (domain, api)	2026-09-24T07:24:16.5413539Z # Subtest: REG-06-167 · la serie filtra por métrica: otra métrica no contamina el punto
verificar · typecheck · unit · build · audit	Pruebas unitarias (domain, api)	2026-09-24T07:24:16.5414885Z ok 179 - REG-06-167 · la serie filtra por métrica: otra métrica no contamina el punto
verificar · typecheck · unit · build · audit	Pruebas unitarias (domain, api)	2026-09-24T07:24:16.5415888Z   ---
verificar · typecheck · unit · build · audit	Pruebas unitarias (domain, api)	2026-09-24T07:24:16.5416238Z   duration_ms: 0.173313
verificar · typecheck · unit · build · audit	Pruebas unitarias (domain, api)	2026-09-24T07:24:16.5416655Z   type: 'test'
verificar · typecheck · unit · build · audit	Pruebas unitarias (domain, api)	2026-09-24T07:24:16.5417000Z   ...
verificar · typecheck · unit · build · audit	Pruebas unitarias (domain, api)	2026-09-24T07:24:16.5418007Z # Subtest: INV-06-177 · un hueco de la serie no tiene dónde poner un valor: el contrato lo rechaza
verificar · typecheck · unit · build · audit	Pruebas unitarias (domain, api)	2026-09-24T07:24:16.5419925Z ok 180 - INV-06-177 · un hueco de la serie no tiene dónde poner un valor: el contrato lo rechaza
verificar · typecheck · unit · build · audit	Pruebas unitarias (domain, api)	2026-09-24T07:24:16.5420652Z   ---
verificar · typecheck · unit · build · audit	Pruebas unitarias (domain, api)	2026-09-24T07:24:16.5420985Z   duration_ms: 131.251592
verificar · typecheck · unit · build · audit	Pruebas unitarias (domain, api)	2026-09-24T07:24:16.5421378Z   type: 'test'
verificar · typecheck · unit · build · audit	Pruebas unitarias (domain, api)	2026-09-24T07:24:16.5421706Z   ...
verificar · typecheck · unit · build · audit	Pruebas unitarias (domain, api)	2026-09-24T07:24:16.5422506Z # Subtest: INV-06-176 · un cero medido sí viaja, como punto de la serie
verificar · typecheck · unit · build · audit	Pruebas unitarias (domain, api)	2026-09-24T07:24:16.5423548Z ok 181 - INV-06-176 · un cero medido sí viaja, como punto de la serie
verificar · typecheck · unit · build · audit	Pruebas unitarias (domain, api)	2026-09-24T07:24:16.5424152Z   ---
verificar · typecheck · unit · build · audit	Pruebas unitarias (domain, api)	2026-09-24T07:24:16.5424487Z   duration_ms: 2.925934
verificar · typecheck · unit · build · audit	Pruebas unitarias (domain, api)	2026-09-24T07:24:16.5424875Z   type: 'test'
verificar · typecheck · unit · build · audit	Pruebas unitarias (domain, api)	2026-09-24T07:24:16.5425210Z   ...
verificar · typecheck · unit · build · audit	Pruebas unitarias (domain, api)	2026-09-24T07:24:16.5426404Z # Subtest: DL-062 · INV-06-167: la referencia de preparación solo corresponde a la importación controlada, y es opaca
verificar · typecheck · unit · build · audit	Pruebas unitarias (domain, api)	2026-09-24T07:24:16.5428204Z ok 182 - DL-062 · INV-06-167: la referencia de preparación solo corresponde a la importación controlada, y es opaca
verificar · typecheck · unit · build · audit	Pruebas unitarias (domain, api)	2026-09-24T07:24:16.5429107Z   ---
verificar · typecheck · unit · build · audit	Pruebas unitarias (domain, api)	2026-09-24T07:24:16.5429475Z   duration_ms: 1.457051
verificar · typecheck · unit · build · audit	Pruebas unitarias (domain, api)	2026-09-24T07:24:16.5430280Z   type: 'test'
verificar · typecheck · unit · build · audit	Pruebas unitarias (domain, api)	2026-09-24T07:24:16.5430615Z   ...
verificar · typecheck · unit · build · audit	Pruebas unitarias (domain, api)	2026-09-24T07:24:16.5431745Z # Subtest: TEST-PRJ-009 · ningún schema de antropometría ni de cálculo tiene puntaje, porcentaje ni calificación
verificar · typecheck · unit · build · audit	Pruebas unitarias (domain, api)	2026-09-24T07:24:16.5433421Z ok 183 - TEST-PRJ-009 · ningún schema de antropometría ni de cálculo tiene puntaje, porcentaje ni calificación
verificar · typecheck · unit · build · audit	Pruebas unitarias (domain, api)	2026-09-24T07:24:16.5434269Z   ---
verificar · typecheck · unit · build · audit	Pruebas unitarias (domain, api)	2026-09-24T07:24:16.5434597Z   duration_ms: 43.161307
verificar · typecheck · unit · build · audit	Pruebas unitarias (domain, api)	2026-09-24T07:24:16.5434971Z   type: 'test'
verificar · typecheck · unit · build · audit	Pruebas unitarias (domain, api)	2026-09-24T07:24:16.5435301Z   ...
verificar · typecheck · unit · build · audit	Pruebas unitarias (domain, api)	2026-09-24T07:24:16.5436482Z # Subtest: TEST-PRJ-009 · el control de cero juicio detecta un campo prohibido, también dentro del schema de la evolución
verificar · typecheck · unit · build · audit	Pruebas unitarias (domain, api)	2026-09-24T07:24:16.5438301Z ok 184 - TEST-PRJ-009 · el control de cero juicio detecta un campo prohibido, también dentro del schema de la evolución
verificar · typecheck · unit · build · audit	Pruebas unitarias (domain, api)	2026-09-24T07:24:16.5439203Z   ---
verificar · typecheck · unit · build · audit	Pruebas unitarias (domain, api)	2026-09-24T07:24:16.5439792Z   duration_ms: 0.990069
verificar · typecheck · unit · build · audit	Pruebas unitarias (domain, api)	2026-09-24T07:24:16.5440184Z   type: 'test'
verificar · typecheck · unit · build · audit	Pruebas unitarias (domain, api)	2026-09-24T07:24:16.5440520Z   ...
verificar · typecheck · unit · build · audit	Pruebas unitarias (domain, api)	2026-09-24T07:24:16.5441483Z # Subtest: WP-05 §4 · el OpenAPI publica las doce operaciones ANT en las rutas que declara el 09
verificar · typecheck · unit · build · audit	Pruebas unitarias (domain, api)	2026-09-24T07:24:16.5442859Z ok 185 - WP-05 §4 · el OpenAPI publica las doce operaciones ANT en las rutas que declara el 09
verificar · typecheck · unit · build · audit	Pruebas unitarias (domain, api)	2026-09-24T07:24:16.5443585Z   ---
verificar · typecheck · unit · build · audit	Pruebas unitarias (domain, api)	2026-09-24T07:24:16.5443922Z   duration_ms: 24.052736
verificar · typecheck · unit · build · audit	Pruebas unitarias (domain, api)	2026-09-24T07:24:16.5444309Z   type: 'test'
verificar · typecheck · unit · build · audit	Pruebas unitarias (domain, api)	2026-09-24T07:24:16.5444625Z   ...
verificar · typecheck · unit · build · audit	Pruebas unitarias (domain, api)	2026-09-24T07:24:16.5445638Z # Subtest: T13 · el copy de antropometría no dice diagnóstico, ni completa huecos, ni califica el cuerpo
verificar · typecheck · unit · build · audit	Pruebas unitarias (domain, api)	2026-09-24T07:24:16.5447135Z ok 186 - T13 · el copy de antropometría no dice diagnóstico, ni completa huecos, ni califica el cuerpo
verificar · typecheck · unit · build · audit	Pruebas unitarias (domain, api)	2026-09-24T07:24:16.5447944Z   ---
verificar · typecheck · unit · build · audit	Pruebas unitarias (domain, api)	2026-09-24T07:24:16.5448289Z   duration_ms: 3.189577
verificar · typecheck · unit · build · audit	Pruebas unitarias (domain, api)	2026-09-24T07:24:16.5448678Z   type: 'test'
verificar · typecheck · unit · build · audit	Pruebas unitarias (domain, api)	2026-09-24T07:24:16.5448997Z   ...
verificar · typecheck · unit · build · audit	Pruebas unitarias (domain, api)	2026-09-24T07:24:16.5450248Z # Subtest: 08 §56.12 · el copy de anular explicita que preserva la historia y no habla de borrar
verificar · typecheck · unit · build · audit	Pruebas unitarias (domain, api)	2026-09-24T07:24:16.5451722Z ok 187 - 08 §56.12 · el copy de anular explicita que preserva la historia y no habla de borrar
verificar · typecheck · unit · build · audit	Pruebas unitarias (domain, api)	2026-09-24T07:24:16.5452543Z   ---
verificar · typecheck · unit · build · audit	Pruebas unitarias (domain, api)	2026-09-24T07:24:16.5452917Z   duration_ms: 0.591695
verificar · typecheck · unit · build · audit	Pruebas unitarias (domain, api)	2026-09-24T07:24:16.5453335Z   type: 'test'
verificar · typecheck · unit · build · audit	Pruebas unitarias (domain, api)	2026-09-24T07:24:16.5453686Z   ...
verificar · typecheck · unit · build · audit	Pruebas unitarias (domain, api)	2026-09-24T07:24:16.5454711Z # Subtest: RF-048 · decir que algo NO es un diagnóstico no es lo mismo que presentarlo como tal
verificar · typecheck · unit · build · audit	Pruebas unitarias (domain, api)	2026-09-24T07:24:16.5456229Z ok 188 - RF-048 · decir que algo NO es un diagnóstico no es lo mismo que presentarlo como tal
verificar · typecheck · unit · build · audit	Pruebas unitarias (domain, api)	2026-09-24T07:24:16.5456976Z   ---
verificar · typecheck · unit · build · audit	Pruebas unitarias (domain, api)	2026-09-24T07:24:16.5457315Z   duration_ms: 0.341377
verificar · typecheck · unit · build · audit	Pruebas unitarias (domain, api)	2026-09-24T07:24:16.5457703Z   type: 'test'
verificar · typecheck · unit · build · audit	Pruebas unitarias (domain, api)	2026-09-24T07:24:16.5458025Z   ...
verificar · typecheck · unit · build · audit	Pruebas unitarias (domain, api)	2026-09-24T07:24:16.5459081Z # Subtest: DL-072 · REG-06-203: la especificación declara su estado, y solo admite vigente o histórica
verificar · typecheck · unit · build · audit	Pruebas unitarias (domain, api)	2026-09-24T07:24:16.5461339Z ok 189 - DL-072 · REG-06-203: la especificación declara su estado, y solo admite vigente o histórica
verificar · typecheck · unit · build · audit	Pruebas unitarias (domain, api)	2026-09-24T07:24:16.5462147Z   ---
verificar · typecheck · unit · build · audit	Pruebas unitarias (domain, api)	2026-09-24T07:24:16.5462482Z   duration_ms: 1.947787
verificar · typecheck · unit · build · audit	Pruebas unitarias (domain, api)	2026-09-24T07:24:16.5463097Z   type: 'test'
verificar · typecheck · unit · build · audit	Pruebas unitarias (domain, api)	2026-09-24T07:24:16.5463412Z   ...
verificar · typecheck · unit · build · audit	Pruebas unitarias (domain, api)	2026-09-24T07:24:16.5464710Z # Subtest: TEST-TRN-002 · la ejecución registrada es terminal: no existe transición que la devuelva a borrador (06:5221)
verificar · typecheck · unit · build · audit	Pruebas unitarias (domain, api)	2026-09-24T07:24:16.5466629Z ok 190 - TEST-TRN-002 · la ejecución registrada es terminal: no existe transición que la devuelva a borrador (06:5221)
verificar · typecheck · unit · build · audit	Pruebas unitarias (domain, api)	2026-09-24T07:24:16.5467568Z   ---
verificar · typecheck · unit · build · audit	Pruebas unitarias (domain, api)	2026-09-24T07:24:16.5467917Z   duration_ms: 4.260012
verificar · typecheck · unit · build · audit	Pruebas unitarias (domain, api)	2026-09-24T07:24:16.5468311Z   type: 'test'
verificar · typecheck · unit · build · audit	Pruebas unitarias (domain, api)	2026-09-24T07:24:16.5468653Z   ...
verificar · typecheck · unit · build · audit	Pruebas unitarias (domain, api)	2026-09-24T07:24:16.5470181Z # Subtest: TEST-TRN-002 · confirmar exige contenido mínimo coherente; el borrador se guarda sin exigirlo (06:5217-5219)
verificar · typecheck · unit · build · audit	Pruebas unitarias (domain, api)	2026-09-24T07:24:16.5472115Z ok 191 - TEST-TRN-002 · confirmar exige contenido mínimo coherente; el borrador se guarda sin exigirlo (06:5217-5219)
verificar · typecheck · unit · build · audit	Pruebas unitarias (domain, api)	2026-09-24T07:24:16.5473125Z   ---
verificar · typecheck · unit · build · audit	Pruebas unitarias (domain, api)	2026-09-24T07:24:16.5473486Z   duration_ms: 0.372315
verificar · typecheck · unit · build · audit	Pruebas unitarias (domain, api)	2026-09-24T07:24:16.5473885Z   type: 'test'
verificar · typecheck · unit · build · audit	Pruebas unitarias (domain, api)	2026-09-24T07:24:16.5474231Z   ...
verificar · typecheck · unit · build · audit	Pruebas unitarias (domain, api)	2026-09-24T07:24:16.5475289Z # Subtest: INV-06-121 · el borrador de ejecución no nace sin sesión y versión identificables
verificar · typecheck · unit · build · audit	Pruebas unitarias (domain, api)	2026-09-24T07:24:16.5476760Z ok 192 - INV-06-121 · el borrador de ejecución no nace sin sesión y versión identificables
verificar · typecheck · unit · build · audit	Pruebas unitarias (domain, api)	2026-09-24T07:24:16.5477541Z   ---
verificar · typecheck · unit · build · audit	Pruebas unitarias (domain, api)	2026-09-24T07:24:16.5477903Z   duration_ms: 0.231793
verificar · typecheck · unit · build · audit	Pruebas unitarias (domain, api)	2026-09-24T07:24:16.5478289Z   type: 'test'
verificar · typecheck · unit · build · audit	Pruebas unitarias (domain, api)	2026-09-24T07:24:16.5478591Z   ...
verificar · typecheck · unit · build · audit	Pruebas unitarias (domain, api)	2026-09-24T07:24:16.5479790Z # Subtest: 06:5149-5162 · la versión de plan tiene exactamente dos estados, y VALIDADO no es uno
verificar · typecheck · unit · build · audit	Pruebas unitarias (domain, api)	2026-09-24T07:24:16.5481132Z ok 193 - 06:5149-5162 · la versión de plan tiene exactamente dos estados, y VALIDADO no es uno
verificar · typecheck · unit · build · audit	Pruebas unitarias (domain, api)	2026-09-24T07:24:16.5481855Z   ---
verificar · typecheck · unit · build · audit	Pruebas unitarias (domain, api)	2026-09-24T07:24:16.5482182Z   duration_ms: 0.363278
verificar · typecheck · unit · build · audit	Pruebas unitarias (domain, api)	2026-09-24T07:24:16.5482596Z   type: 'test'
verificar · typecheck · unit · build · audit	Pruebas unitarias (domain, api)	2026-09-24T07:24:16.5482939Z   ...
verificar · typecheck · unit · build · audit	Pruebas unitarias (domain, api)	2026-09-24T07:24:16.5484189Z # Subtest: INV-06-109 · no existe transición que edite una versión ACTIVADA ni que la devuelva a BORRADOR (06:4307)
verificar · typecheck · unit · build · audit	Pruebas unitarias (domain, api)	2026-09-24T07:24:16.5485996Z ok 194 - INV-06-109 · no existe transición que edite una versión ACTIVADA ni que la devuelva a BORRADOR (06:4307)
verificar · typecheck · unit · build · audit	Pruebas unitarias (domain, api)	2026-09-24T07:24:16.5486934Z   ---
verificar · typecheck · unit · build · audit	Pruebas unitarias (domain, api)	2026-09-24T07:24:16.5487276Z   duration_ms: 0.41244
verificar · typecheck · unit · build · audit	Pruebas unitarias (domain, api)	2026-09-24T07:24:16.5487667Z   type: 'test'
verificar · typecheck · unit · build · audit	Pruebas unitarias (domain, api)	2026-09-24T07:24:16.5488020Z   ...
verificar · typecheck · unit · build · audit	Pruebas unitarias (domain, api)	2026-09-24T07:24:16.5489051Z # Subtest: REG-06-104 · «si no puede preservarse la instantánea, el plan no se activa» (05:8878)
verificar · typecheck · unit · build · audit	Pruebas unitarias (domain, api)	2026-09-24T07:24:16.5490808Z ok 195 - REG-06-104 · «si no puede preservarse la instantánea, el plan no se activa» (05:8878)
verificar · typecheck · unit · build · audit	Pruebas unitarias (domain, api)	2026-09-24T07:24:16.5491575Z   ---
verificar · typecheck · unit · build · audit	Pruebas unitarias (domain, api)	2026-09-24T07:24:16.5491898Z   duration_ms: 0.246761
verificar · typecheck · unit · build · audit	Pruebas unitarias (domain, api)	2026-09-24T07:24:16.5492270Z   type: 'test'
verificar · typecheck · unit · build · audit	Pruebas unitarias (domain, api)	2026-09-24T07:24:16.5492587Z   ...
verificar · typecheck · unit · build · audit	Pruebas unitarias (domain, api)	2026-09-24T07:24:16.5493618Z # Subtest: TEST-TRN-006 · REG-06-128: el criterio es exactamente uno de los dos, y puede no declararse
verificar · typecheck · unit · build · audit	Pruebas unitarias (domain, api)	2026-09-24T07:24:16.5495179Z ok 196 - TEST-TRN-006 · REG-06-128: el criterio es exactamente uno de los dos, y puede no declararse
verificar · typecheck · unit · build · audit	Pruebas unitarias (domain, api)	2026-09-24T07:24:16.5495974Z   ---
verificar · typecheck · unit · build · audit	Pruebas unitarias (domain, api)	2026-09-24T07:24:16.5496293Z   duration_ms: 0.425424
verificar · typecheck · unit · build · audit	Pruebas unitarias (domain, api)	2026-09-24T07:24:16.5497037Z   type: 'test'
verificar · typecheck · unit · build · audit	Pruebas unitarias (domain, api)	2026-09-24T07:24:16.5497356Z   ...
verificar · typecheck · unit · build · audit	Pruebas unitarias (domain, api)	2026-09-24T07:24:16.5498390Z # Subtest: TEST-TRN-006 · REG-06-129: el esfuerzo percibido no es un tercer criterio, es dato de la ejecución
verificar · typecheck · unit · build · audit	Pruebas unitarias (domain, api)	2026-09-24T07:24:16.5500272Z ok 197 - TEST-TRN-006 · REG-06-129: el esfuerzo percibido no es un tercer criterio, es dato de la ejecución
verificar · typecheck · unit · build · audit	Pruebas unitarias (domain, api)	2026-09-24T07:24:16.5501155Z   ---
verificar · typecheck · unit · build · audit	Pruebas unitarias (domain, api)	2026-09-24T07:24:16.5501501Z   duration_ms: 0.225101
verificar · typecheck · unit · build · audit	Pruebas unitarias (domain, api)	2026-09-24T07:24:16.5501893Z   type: 'test'
verificar · typecheck · unit · build · audit	Pruebas unitarias (domain, api)	2026-09-24T07:24:16.5502224Z   ...
verificar · typecheck · unit · build · audit	Pruebas unitarias (domain, api)	2026-09-24T07:24:16.5503388Z # Subtest: REG-06-129 · no hay conversión automática entre criterios: el dominio no expone ninguna (06:5431)
verificar · typecheck · unit · build · audit	Pruebas unitarias (domain, api)	2026-09-24T07:24:16.5505120Z ok 198 - REG-06-129 · no hay conversión automática entre criterios: el dominio no expone ninguna (06:5431)
verificar · typecheck · unit · build · audit	Pruebas unitarias (domain, api)	2026-09-24T07:24:16.5506306Z   ---
verificar · typecheck · unit · build · audit	Pruebas unitarias (domain, api)	2026-09-24T07:24:16.5506652Z   duration_ms: 0.729202
verificar · typecheck · unit · build · audit	Pruebas unitarias (domain, api)	2026-09-24T07:24:16.5507065Z   type: 'test'
verificar · typecheck · unit · build · audit	Pruebas unitarias (domain, api)	2026-09-24T07:24:16.5507406Z   ...
verificar · typecheck · unit · build · audit	Pruebas unitarias (domain, api)	2026-09-24T07:24:16.5508556Z # Subtest: TEST-TRN-004 · REG-06-131: la ausencia de registro produce SIN_REGISTRO, que no es una condición
verificar · typecheck · unit · build · audit	Pruebas unitarias (domain, api)	2026-09-24T07:24:16.5510599Z ok 199 - TEST-TRN-004 · REG-06-131: la ausencia de registro produce SIN_REGISTRO, que no es una condición
verificar · typecheck · unit · build · audit	Pruebas unitarias (domain, api)	2026-09-24T07:24:16.5511482Z   ---
verificar · typecheck · unit · build · audit	Pruebas unitarias (domain, api)	2026-09-24T07:24:16.5511834Z   duration_ms: 0.715537
verificar · typecheck · unit · build · audit	Pruebas unitarias (domain, api)	2026-09-24T07:24:16.5512242Z   type: 'test'
verificar · typecheck · unit · build · audit	Pruebas unitarias (domain, api)	2026-09-24T07:24:16.5512592Z   ...
verificar · typecheck · unit · build · audit	Pruebas unitarias (domain, api)	2026-09-24T07:24:16.5513694Z # Subtest: INV-06-141 · la condición de sesión es un conjunto cerrado de exactamente tres valores
verificar · typecheck · unit · build · audit	Pruebas unitarias (domain, api)	2026-09-24T07:24:16.5515230Z ok 200 - INV-06-141 · la condición de sesión es un conjunto cerrado de exactamente tres valores
verificar · typecheck · unit · build · audit	Pruebas unitarias (domain, api)	2026-09-24T07:24:16.5515985Z   ---
verificar · typecheck · unit · build · audit	Pruebas unitarias (domain, api)	2026-09-24T07:24:16.5516315Z   duration_ms: 0.296303
verificar · typecheck · unit · build · audit	Pruebas unitarias (domain, api)	2026-09-24T07:24:16.5516677Z   type: 'test'
verificar · typecheck · unit · build · audit	Pruebas unitarias (domain, api)	2026-09-24T07:24:16.5517026Z   ...
verificar · typecheck · unit · build · audit	Pruebas unitarias (domain, api)	2026-09-24T07:24:16.5518057Z # Subtest: TEST-TRN-003 · REG-06-130: sustituir conserva prescripto y realizado, y no es un error
verificar · typecheck · unit · build · audit	Pruebas unitarias (domain, api)	2026-09-24T07:24:16.5519831Z ok 201 - TEST-TRN-003 · REG-06-130: sustituir conserva prescripto y realizado, y no es un error
verificar · typecheck · unit · build · audit	Pruebas unitarias (domain, api)	2026-09-24T07:24:16.5520677Z   ---
verificar · typecheck · unit · build · audit	Pruebas unitarias (domain, api)	2026-09-24T07:24:16.5521029Z   duration_ms: 0.211776
verificar · typecheck · unit · build · audit	Pruebas unitarias (domain, api)	2026-09-24T07:24:16.5521444Z   type: 'test'
verificar · typecheck · unit · build · audit	Pruebas unitarias (domain, api)	2026-09-24T07:24:16.5521802Z   ...
verificar · typecheck · unit · build · audit	Pruebas unitarias (domain, api)	2026-09-24T07:24:16.5522922Z # Subtest: INV-06-152 · si hay carga registrada tiene que haber unidad; los demás campos son opcionales
verificar · typecheck · unit · build · audit	Pruebas unitarias (domain, api)	2026-09-24T07:24:16.5524585Z ok 202 - INV-06-152 · si hay carga registrada tiene que haber unidad; los demás campos son opcionales
verificar · typecheck · unit · build · audit	Pruebas unitarias (domain, api)	2026-09-24T07:24:16.5525428Z   ---
verificar · typecheck · unit · build · audit	Pruebas unitarias (domain, api)	2026-09-24T07:24:16.5525793Z   duration_ms: 0.312323
verificar · typecheck · unit · build · audit	Pruebas unitarias (domain, api)	2026-09-24T07:24:16.5526210Z   type: 'test'
verificar · typecheck · unit · build · audit	Pruebas unitarias (domain, api)	2026-09-24T07:24:16.5526554Z   ...
verificar · typecheck · unit · build · audit	Pruebas unitarias (domain, api)	2026-09-24T07:24:16.5527624Z # Subtest: REG-06-132 · las dos granularidades son un conjunto cerrado, y se conserva cuál se usó
verificar · typecheck · unit · build · audit	Pruebas unitarias (domain, api)	2026-09-24T07:24:16.5529139Z ok 203 - REG-06-132 · las dos granularidades son un conjunto cerrado, y se conserva cuál se usó
verificar · typecheck · unit · build · audit	Pruebas unitarias (domain, api)	2026-09-24T07:24:16.5529997Z   ---
verificar · typecheck · unit · build · audit	Pruebas unitarias (domain, api)	2026-09-24T07:24:16.5530214Z   duration_ms: 0.167523
verificar · typecheck · unit · build · audit	Pruebas unitarias (domain, api)	2026-09-24T07:24:16.5530436Z   type: 'test'
verificar · typecheck · unit · build · audit	Pruebas unitarias (domain, api)	2026-09-24T07:24:16.5530634Z   ...
verificar · typecheck · unit · build · audit	Pruebas unitarias (domain, api)	2026-09-24T07:24:16.5531248Z # Subtest: REG-06-117 · la progresión mapea a AJUSTAR o SUSTITUIR; no existe el token PROGRESAR
verificar · typecheck · unit · build · audit	Pruebas unitarias (domain, api)	2026-09-24T07:24:16.5532046Z ok 204 - REG-06-117 · la progresión mapea a AJUSTAR o SUSTITUIR; no existe el token PROGRESAR
verificar · typecheck · unit · build · audit	Pruebas unitarias (domain, api)	2026-09-24T07:24:16.5532464Z   ---
verificar · typecheck · unit · build · audit	Pruebas unitarias (domain, api)	2026-09-24T07:24:16.5532651Z   duration_ms: 0.838015
verificar · typecheck · unit · build · audit	Pruebas unitarias (domain, api)	2026-09-24T07:24:16.5532869Z   type: 'test'
verificar · typecheck · unit · build · audit	Pruebas unitarias (domain, api)	2026-09-24T07:24:16.5533060Z   ...
verificar · typecheck · unit · build · audit	Pruebas unitarias (domain, api)	2026-09-24T07:24:16.5533673Z # Subtest: REG-06-115 · la ocurrencia se identifica por sesión y fecha local, no por timestamp (06:5235)
verificar · typecheck · unit · build · audit	Pruebas unitarias (domain, api)	2026-09-24T07:24:16.5534544Z ok 205 - REG-06-115 · la ocurrencia se identifica por sesión y fecha local, no por timestamp (06:5235)
verificar · typecheck · unit · build · audit	Pruebas unitarias (domain, api)	2026-09-24T07:24:16.5534993Z   ---
verificar · typecheck · unit · build · audit	Pruebas unitarias (domain, api)	2026-09-24T07:24:16.5535193Z   duration_ms: 0.260386
verificar · typecheck · unit · build · audit	Pruebas unitarias (domain, api)	2026-09-24T07:24:16.5535402Z   type: 'test'
verificar · typecheck · unit · build · audit	Pruebas unitarias (domain, api)	2026-09-24T07:24:16.5535584Z   ...
verificar · typecheck · unit · build · audit	Pruebas unitarias (domain, api)	2026-09-24T07:24:16.5536139Z # Subtest: INV-06-153 · B-08 captura, no calcula: el dominio no expone volumen, marcas ni progresiones
verificar · typecheck · unit · build · audit	Pruebas unitarias (domain, api)	2026-09-24T07:24:16.5536942Z ok 206 - INV-06-153 · B-08 captura, no calcula: el dominio no expone volumen, marcas ni progresiones
verificar · typecheck · unit · build · audit	Pruebas unitarias (domain, api)	2026-09-24T07:24:16.5537655Z   ---
verificar · typecheck · unit · build · audit	Pruebas unitarias (domain, api)	2026-09-24T07:24:16.5537851Z   duration_ms: 0.331439
verificar · typecheck · unit · build · audit	Pruebas unitarias (domain, api)	2026-09-24T07:24:16.5538068Z   type: 'test'
verificar · typecheck · unit · build · audit	Pruebas unitarias (domain, api)	2026-09-24T07:24:16.5538255Z   ...
verificar · typecheck · unit · build · audit	Pruebas unitarias (domain, api)	2026-09-24T07:24:16.5538749Z # Subtest: la ejecución y el plan son dos máquinas distintas, con terminales distintas
verificar · typecheck · unit · build · audit	Pruebas unitarias (domain, api)	2026-09-24T07:24:16.5539447Z ok 207 - la ejecución y el plan son dos máquinas distintas, con terminales distintas
verificar · typecheck · unit · build · audit	Pruebas unitarias (domain, api)	2026-09-24T07:24:16.5540195Z   ---
verificar · typecheck · unit · build · audit	Pruebas unitarias (domain, api)	2026-09-24T07:24:16.5540403Z   duration_ms: 0.211355
verificar · typecheck · unit · build · audit	Pruebas unitarias (domain, api)	2026-09-24T07:24:16.5540631Z   type: 'test'
verificar · typecheck · unit · build · audit	Pruebas unitarias (domain, api)	2026-09-24T07:24:16.5540822Z   ...
verificar · typecheck · unit · build · audit	Pruebas unitarias (domain, api)	2026-09-24T07:24:16.5541338Z # Subtest: 06 §5.7.2 — conjunto cerrado de tres estados, tokens CONV-06-02
verificar · typecheck · unit · build · audit	Pruebas unitarias (domain, api)	2026-09-24T07:24:16.5542162Z ok 208 - 06 §5.7.2 — conjunto cerrado de tres estados, tokens CONV-06-02
verificar · typecheck · unit · build · audit	Pruebas unitarias (domain, api)	2026-09-24T07:24:16.5542523Z   ---
verificar · typecheck · unit · build · audit	Pruebas unitarias (domain, api)	2026-09-24T07:24:16.5542721Z   duration_ms: 2.493075
verificar · typecheck · unit · build · audit	Pruebas unitarias (domain, api)	2026-09-24T07:24:16.5542941Z   type: 'test'
verificar · typecheck · unit · build · audit	Pruebas unitarias (domain, api)	2026-09-24T07:24:16.5543126Z   ...
verificar · typecheck · unit · build · audit	Pruebas unitarias (domain, api)	2026-09-24T07:24:16.5543698Z # Subtest: 06 §5.7.2 — inicial OPERATIVA, terminal CERRADA; solo OPERATIVA permite operar (INV-06-28)
verificar · typecheck · unit · build · audit	Pruebas unitarias (domain, api)	2026-09-24T07:24:16.5544500Z ok 209 - 06 §5.7.2 — inicial OPERATIVA, terminal CERRADA; solo OPERATIVA permite operar (INV-06-28)
verificar · typecheck · unit · build · audit	Pruebas unitarias (domain, api)	2026-09-24T07:24:16.5544940Z   ---
verificar · typecheck · unit · build · audit	Pruebas unitarias (domain, api)	2026-09-24T07:24:16.5545126Z   duration_ms: 0.35892
verificar · typecheck · unit · build · audit	Pruebas unitarias (domain, api)	2026-09-24T07:24:16.5545336Z   type: 'test'
verificar · typecheck · unit · build · audit	Pruebas unitarias (domain, api)	2026-09-24T07:24:16.5545522Z   ...
verificar · typecheck · unit · build · audit	Pruebas unitarias (domain, api)	2026-09-24T07:24:16.5545835Z # Subtest: 06 §5.7.4 — lista blanca exacta
verificar · typecheck · unit · build · audit	Pruebas unitarias (domain, api)	2026-09-24T07:24:16.5546201Z ok 210 - 06 §5.7.4 — lista blanca exacta
verificar · typecheck · unit · build · audit	Pruebas unitarias (domain, api)	2026-09-24T07:24:16.5546452Z   ---
verificar · typecheck · unit · build · audit	Pruebas unitarias (domain, api)	2026-09-24T07:24:16.5546654Z   duration_ms: 1.865042
verificar · typecheck · unit · build · audit	Pruebas unitarias (domain, api)	2026-09-24T07:24:16.5546866Z   type: 'test'
verificar · typecheck · unit · build · audit	Pruebas unitarias (domain, api)	2026-09-24T07:24:16.5547050Z   ...
verificar · typecheck · unit · build · audit	Pruebas unitarias (domain, api)	2026-09-24T07:24:16.5547516Z # Subtest: 06 §5.7.4 — toda transición no declarada está prohibida (matriz 3×3)
verificar · typecheck · unit · build · audit	Pruebas unitarias (domain, api)	2026-09-24T07:24:16.5548148Z ok 211 - 06 §5.7.4 — toda transición no declarada está prohibida (matriz 3×3)
verificar · typecheck · unit · build · audit	Pruebas unitarias (domain, api)	2026-09-24T07:24:16.5548506Z   ---
verificar · typecheck · unit · build · audit	Pruebas unitarias (domain, api)	2026-09-24T07:24:16.5548691Z   duration_ms: 0.413262
verificar · typecheck · unit · build · audit	Pruebas unitarias (domain, api)	2026-09-24T07:24:16.5548912Z   type: 'test'
verificar · typecheck · unit · build · audit	Pruebas unitarias (domain, api)	2026-09-24T07:24:16.5549103Z   ...
verificar · typecheck · unit · build · audit	Pruebas unitarias (domain, api)	2026-09-24T07:24:16.5549881Z # Subtest: SuspenderCuenta OPERATIVA → SUSPENDIDA: permitida con fundamento; revoca sesiones
verificar · typecheck · unit · build · audit	Pruebas unitarias (domain, api)	2026-09-24T07:24:16.5550677Z ok 212 - SuspenderCuenta OPERATIVA → SUSPENDIDA: permitida con fundamento; revoca sesiones
verificar · typecheck · unit · build · audit	Pruebas unitarias (domain, api)	2026-09-24T07:24:16.5551103Z   ---
verificar · typecheck · unit · build · audit	Pruebas unitarias (domain, api)	2026-09-24T07:24:16.5551306Z   duration_ms: 0.383596
verificar · typecheck · unit · build · audit	Pruebas unitarias (domain, api)	2026-09-24T07:24:16.5551516Z   type: 'test'
verificar · typecheck · unit · build · audit	Pruebas unitarias (domain, api)	2026-09-24T07:24:16.5551697Z   ...
verificar · typecheck · unit · build · audit	Pruebas unitarias (domain, api)	2026-09-24T07:24:16.5552087Z # Subtest: SuspenderCuenta: la guarda rechaza un fundamento vacío
verificar · typecheck · unit · build · audit	Pruebas unitarias (domain, api)	2026-09-24T07:24:16.5552630Z ok 213 - SuspenderCuenta: la guarda rechaza un fundamento vacío
verificar · typecheck · unit · build · audit	Pruebas unitarias (domain, api)	2026-09-24T07:24:16.5552956Z   ---
verificar · typecheck · unit · build · audit	Pruebas unitarias (domain, api)	2026-09-24T07:24:16.5553156Z   duration_ms: 0.22461
verificar · typecheck · unit · build · audit	Pruebas unitarias (domain, api)	2026-09-24T07:24:16.5553371Z   type: 'test'
verificar · typecheck · unit · build · audit	Pruebas unitarias (domain, api)	2026-09-24T07:24:16.5553554Z   ...
verificar · typecheck · unit · build · audit	Pruebas unitarias (domain, api)	2026-09-24T07:24:16.5554115Z # Subtest: RestablecerCuenta SUSPENDIDA → OPERATIVA: permitida con resolución; no concede nada más
verificar · typecheck · unit · build · audit	Pruebas unitarias (domain, api)	2026-09-24T07:24:16.5554934Z ok 214 - RestablecerCuenta SUSPENDIDA → OPERATIVA: permitida con resolución; no concede nada más
verificar · typecheck · unit · build · audit	Pruebas unitarias (domain, api)	2026-09-24T07:24:16.5555386Z   ---
verificar · typecheck · unit · build · audit	Pruebas unitarias (domain, api)	2026-09-24T07:24:16.5555573Z   duration_ms: 0.331479
verificar · typecheck · unit · build · audit	Pruebas unitarias (domain, api)	2026-09-24T07:24:16.5555834Z   type: 'test'
verificar · typecheck · unit · build · audit	Pruebas unitarias (domain, api)	2026-09-24T07:24:16.5556023Z   ...
verificar · typecheck · unit · build · audit	Pruebas unitarias (domain, api)	2026-09-24T07:24:16.5556431Z # Subtest: RestablecerCuenta: la guarda rechaza una resolución vacía
verificar · typecheck · unit · build · audit	Pruebas unitarias (domain, api)	2026-09-24T07:24:16.5557003Z ok 215 - RestablecerCuenta: la guarda rechaza una resolución vacía
verificar · typecheck · unit · build · audit	Pruebas unitarias (domain, api)	2026-09-24T07:24:16.5557340Z   ---
verificar · typecheck · unit · build · audit	Pruebas unitarias (domain, api)	2026-09-24T07:24:16.5557531Z   duration_ms: 0.257782
verificar · typecheck · unit · build · audit	Pruebas unitarias (domain, api)	2026-09-24T07:24:16.5557739Z   type: 'test'
verificar · typecheck · unit · build · audit	Pruebas unitarias (domain, api)	2026-09-24T07:24:16.5557919Z   ...
verificar · typecheck · unit · build · audit	Pruebas unitarias (domain, api)	2026-09-24T07:24:16.5558468Z # Subtest: CerrarCuenta OPERATIVA → CERRADA: permitida con las cuatro guardas; efectos del §5.8 y 08
verificar · typecheck · unit · build · audit	Pruebas unitarias (domain, api)	2026-09-24T07:24:16.5559291Z ok 216 - CerrarCuenta OPERATIVA → CERRADA: permitida con las cuatro guardas; efectos del §5.8 y 08
verificar · typecheck · unit · build · audit	Pruebas unitarias (domain, api)	2026-09-24T07:24:16.5559961Z   ---
verificar · typecheck · unit · build · audit	Pruebas unitarias (domain, api)	2026-09-24T07:24:16.5560162Z   duration_ms: 0.60529
verificar · typecheck · unit · build · audit	Pruebas unitarias (domain, api)	2026-09-24T07:24:16.5560376Z   type: 'test'
verificar · typecheck · unit · build · audit	Pruebas unitarias (domain, api)	2026-09-24T07:24:16.5560753Z   ...
verificar · typecheck · unit · build · audit	Pruebas unitarias (domain, api)	2026-09-24T07:24:16.5561196Z # Subtest: CerrarCuenta: cada guarda se evalúa como condición explícita
verificar · typecheck · unit · build · audit	Pruebas unitarias (domain, api)	2026-09-24T07:24:16.5561798Z ok 217 - CerrarCuenta: cada guarda se evalúa como condición explícita
verificar · typecheck · unit · build · audit	Pruebas unitarias (domain, api)	2026-09-24T07:24:16.5562147Z   ---
verificar · typecheck · unit · build · audit	Pruebas unitarias (domain, api)	2026-09-24T07:24:16.5562338Z   duration_ms: 0.677455
verificar · typecheck · unit · build · audit	Pruebas unitarias (domain, api)	2026-09-24T07:24:16.5562555Z   type: 'test'
verificar · typecheck · unit · build · audit	Pruebas unitarias (domain, api)	2026-09-24T07:24:16.5562739Z   ...
verificar · typecheck · unit · build · audit	Pruebas unitarias (domain, api)	2026-09-24T07:24:16.5563263Z # Subtest: SUSPENDIDA → CERRADA FALLA aunque todas las guardas del cierre se cumplan (06 §5.7.4)
verificar · typecheck · unit · build · audit	Pruebas unitarias (domain, api)	2026-09-24T07:24:16.5564024Z ok 218 - SUSPENDIDA → CERRADA FALLA aunque todas las guardas del cierre se cumplan (06 §5.7.4)
verificar · typecheck · unit · build · audit	Pruebas unitarias (domain, api)	2026-09-24T07:24:16.5564436Z   ---
verificar · typecheck · unit · build · audit	Pruebas unitarias (domain, api)	2026-09-24T07:24:16.5564617Z   duration_ms: 0.307404
verificar · typecheck · unit · build · audit	Pruebas unitarias (domain, api)	2026-09-24T07:24:16.5564989Z   type: 'test'
verificar · typecheck · unit · build · audit	Pruebas unitarias (domain, api)	2026-09-24T07:24:16.5565169Z   ...
verificar · typecheck · unit · build · audit	Pruebas unitarias (domain, api)	2026-09-24T07:24:16.5565698Z # Subtest: CERRADA no tiene salida: ninguna transición se evalúa como permitida desde CERRADA
verificar · typecheck · unit · build · audit	Pruebas unitarias (domain, api)	2026-09-24T07:24:16.5566450Z ok 219 - CERRADA no tiene salida: ninguna transición se evalúa como permitida desde CERRADA
verificar · typecheck · unit · build · audit	Pruebas unitarias (domain, api)	2026-09-24T07:24:16.5566870Z   ---
verificar · typecheck · unit · build · audit	Pruebas unitarias (domain, api)	2026-09-24T07:24:16.5567052Z   duration_ms: 0.222165
verificar · typecheck · unit · build · audit	Pruebas unitarias (domain, api)	2026-09-24T07:24:16.5567254Z   type: 'test'
verificar · typecheck · unit · build · audit	Pruebas unitarias (domain, api)	2026-09-24T07:24:16.5567444Z   ...
verificar · typecheck · unit · build · audit	Pruebas unitarias (domain, api)	2026-09-24T07:24:16.5568000Z # Subtest: Transiciones con origen equivocado se rechazan (Restablecer desde OPERATIVA, Suspender desde SUSPENDIDA)
verificar · typecheck · unit · build · audit	Pruebas unitarias (domain, api)	2026-09-24T07:24:16.5568872Z ok 220 - Transiciones con origen equivocado se rechazan (Restablecer desde OPERATIVA, Suspender desde SUSPENDIDA)
verificar · typecheck · unit · build · audit	Pruebas unitarias (domain, api)	2026-09-24T07:24:16.5569359Z   ---
verificar · typecheck · unit · build · audit	Pruebas unitarias (domain, api)	2026-09-24T07:24:16.5569901Z   duration_ms: 0.164096
verificar · typecheck · unit · build · audit	Pruebas unitarias (domain, api)	2026-09-24T07:24:16.5570140Z   type: 'test'
verificar · typecheck · unit · build · audit	Pruebas unitarias (domain, api)	2026-09-24T07:24:16.5570321Z   ...
verificar · typecheck · unit · build · audit	Pruebas unitarias (domain, api)	2026-09-24T07:24:16.5570945Z # Subtest: B10-07 §18 · lo que se mide lo declara el protocolo: nombre, familia y unidades salen de su contenido
verificar · typecheck · unit · build · audit	Pruebas unitarias (domain, api)	2026-09-24T07:24:16.5571833Z ok 221 - B10-07 §18 · lo que se mide lo declara el protocolo: nombre, familia y unidades salen de su contenido
verificar · typecheck · unit · build · audit	Pruebas unitarias (domain, api)	2026-09-24T07:24:16.5572290Z   ---
verificar · typecheck · unit · build · audit	Pruebas unitarias (domain, api)	2026-09-24T07:24:16.5572473Z   duration_ms: 6.220677
verificar · typecheck · unit · build · audit	Pruebas unitarias (domain, api)	2026-09-24T07:24:16.5572702Z   type: 'test'
verificar · typecheck · unit · build · audit	Pruebas unitarias (domain, api)	2026-09-24T07:24:16.5572885Z   ...
verificar · typecheck · unit · build · audit	Pruebas unitarias (domain, api)	2026-09-24T07:24:16.5573408Z # Subtest: un contenido que no tiene la forma esperada no declara métricas: no se supone ninguna
verificar · typecheck · unit · build · audit	Pruebas unitarias (domain, api)	2026-09-24T07:24:16.5574160Z ok 222 - un contenido que no tiene la forma esperada no declara métricas: no se supone ninguna
verificar · typecheck · unit · build · audit	Pruebas unitarias (domain, api)	2026-09-24T07:24:16.5574577Z   ---
verificar · typecheck · unit · build · audit	Pruebas unitarias (domain, api)	2026-09-24T07:24:16.5574755Z   duration_ms: 1.163622
verificar · typecheck · unit · build · audit	Pruebas unitarias (domain, api)	2026-09-24T07:24:16.5574964Z   type: 'test'
verificar · typecheck · unit · build · audit	Pruebas unitarias (domain, api)	2026-09-24T07:24:16.5575182Z   ...
verificar · typecheck · unit · build · audit	Pruebas unitarias (domain, api)	2026-09-24T07:24:16.5575726Z # Subtest: B10-07 §15 · las familias en su orden, cada una con sus métricas en el orden del protocolo
verificar · typecheck · unit · build · audit	Pruebas unitarias (domain, api)	2026-09-24T07:24:16.5576508Z ok 223 - B10-07 §15 · las familias en su orden, cada una con sus métricas en el orden del protocolo
verificar · typecheck · unit · build · audit	Pruebas unitarias (domain, api)	2026-09-24T07:24:16.5576950Z   ---
verificar · typecheck · unit · build · audit	Pruebas unitarias (domain, api)	2026-09-24T07:24:16.5577136Z   duration_ms: 0.620949
verificar · typecheck · unit · build · audit	Pruebas unitarias (domain, api)	2026-09-24T07:24:16.5577345Z   type: 'test'
verificar · typecheck · unit · build · audit	Pruebas unitarias (domain, api)	2026-09-24T07:24:16.5577534Z   ...
verificar · typecheck · unit · build · audit	Pruebas unitarias (domain, api)	2026-09-24T07:24:16.5578083Z # Subtest: la figura dibuja solo lo que el protocolo declara y tiene sitio; lo demás queda en la lista
verificar · typecheck · unit · build · audit	Pruebas unitarias (domain, api)	2026-09-24T07:24:16.5578905Z ok 224 - la figura dibuja solo lo que el protocolo declara y tiene sitio; lo demás queda en la lista
verificar · typecheck · unit · build · audit	Pruebas unitarias (domain, api)	2026-09-24T07:24:16.5579346Z   ---
verificar · typecheck · unit · build · audit	Pruebas unitarias (domain, api)	2026-09-24T07:24:16.5579814Z   duration_ms: 0.430644
verificar · typecheck · unit · build · audit	Pruebas unitarias (domain, api)	2026-09-24T07:24:16.5580039Z   type: 'test'
verificar · typecheck · unit · build · audit	Pruebas unitarias (domain, api)	2026-09-24T07:24:16.5580285Z   ...
verificar · typecheck · unit · build · audit	Pruebas unitarias (domain, api)	2026-09-24T07:24:16.5581158Z # Subtest: DL-073 · la figura ubica, nunca califica: un punto solo sabe si hay dato, nunca cuánto vale
verificar · typecheck · unit · build · audit	Pruebas unitarias (domain, api)	2026-09-24T07:24:16.5582144Z ok 225 - DL-073 · la figura ubica, nunca califica: un punto solo sabe si hay dato, nunca cuánto vale
verificar · typecheck · unit · build · audit	Pruebas unitarias (domain, api)	2026-09-24T07:24:16.5582716Z   ---
verificar · typecheck · unit · build · audit	Pruebas unitarias (domain, api)	2026-09-24T07:24:16.5583028Z   duration_ms: 0.41222
verificar · typecheck · unit · build · audit	Pruebas unitarias (domain, api)	2026-09-24T07:24:16.5583361Z   type: 'test'
verificar · typecheck · unit · build · audit	Pruebas unitarias (domain, api)	2026-09-24T07:24:16.5597651Z   ...
verificar · typecheck · unit · build · audit	Pruebas unitarias (domain, api)	2026-09-24T07:24:16.5598085Z # Subtest: cada sitio cae dentro de la figura y del lado que se dibuja
verificar · typecheck · unit · build · audit	Pruebas unitarias (domain, api)	2026-09-24T07:24:16.5598635Z ok 226 - cada sitio cae dentro de la figura y del lado que se dibuja
verificar · typecheck · unit · build · audit	Pruebas unitarias (domain, api)	2026-09-24T07:24:16.5598991Z   ---
verificar · typecheck · unit · build · audit	Pruebas unitarias (domain, api)	2026-09-24T07:24:16.5599186Z   duration_ms: 0.430854
verificar · typecheck · unit · build · audit	Pruebas unitarias (domain, api)	2026-09-24T07:24:16.5599984Z   type: 'test'
verificar · typecheck · unit · build · audit	Pruebas unitarias (domain, api)	2026-09-24T07:24:16.5600186Z   ...
verificar · typecheck · unit · build · audit	Pruebas unitarias (domain, api)	2026-09-24T07:24:16.5600532Z # Subtest: coma decimal y punto de miles, sin ceros de relleno
verificar · typecheck · unit · build · audit	Pruebas unitarias (domain, api)	2026-09-24T07:24:16.5601009Z ok 227 - coma decimal y punto de miles, sin ceros de relleno
verificar · typecheck · unit · build · audit	Pruebas unitarias (domain, api)	2026-09-24T07:24:16.5601339Z   ---
verificar · typecheck · unit · build · audit	Pruebas unitarias (domain, api)	2026-09-24T07:24:16.5601541Z   duration_ms: 1.682542
verificar · typecheck · unit · build · audit	Pruebas unitarias (domain, api)	2026-09-24T07:24:16.5601756Z   type: 'test'
verificar · typecheck · unit · build · audit	Pruebas unitarias (domain, api)	2026-09-24T07:24:16.5601941Z   ...
verificar · typecheck · unit · build · audit	Pruebas unitarias (domain, api)	2026-09-24T07:24:16.5602613Z # Subtest: REG-06-158 · mostrar no redondea en silencio: sin máximo, se ven todos los decimales del dato
verificar · typecheck · unit · build · audit	Pruebas unitarias (domain, api)	2026-09-24T07:24:16.5603476Z ok 228 - REG-06-158 · mostrar no redondea en silencio: sin máximo, se ven todos los decimales del dato
verificar · typecheck · unit · build · audit	Pruebas unitarias (domain, api)	2026-09-24T07:24:16.5603924Z   ---
verificar · typecheck · unit · build · audit	Pruebas unitarias (domain, api)	2026-09-24T07:24:16.5604316Z   duration_ms: 0.404865
verificar · typecheck · unit · build · audit	Pruebas unitarias (domain, api)	2026-09-24T07:24:16.5604542Z   type: 'test'
verificar · typecheck · unit · build · audit	Pruebas unitarias (domain, api)	2026-09-24T07:24:16.5604732Z   ...
verificar · typecheck · unit · build · audit	Pruebas unitarias (domain, api)	2026-09-24T07:24:16.5605367Z # Subtest: con un máximo explícito, a lo sumo esos decimales: para conteos y lecturas deliberadamente resumidas
verificar · typecheck · unit · build · audit	Pruebas unitarias (domain, api)	2026-09-24T07:24:16.5606301Z ok 229 - con un máximo explícito, a lo sumo esos decimales: para conteos y lecturas deliberadamente resumidas
verificar · typecheck · unit · build · audit	Pruebas unitarias (domain, api)	2026-09-24T07:24:16.5606781Z   ---
verificar · typecheck · unit · build · audit	Pruebas unitarias (domain, api)	2026-09-24T07:24:16.5606971Z   duration_ms: 0.372706
verificar · typecheck · unit · build · audit	Pruebas unitarias (domain, api)	2026-09-24T07:24:16.5607184Z   type: 'test'
verificar · typecheck · unit · build · audit	Pruebas unitarias (domain, api)	2026-09-24T07:24:16.5607370Z   ...
verificar · typecheck · unit · build · audit	Pruebas unitarias (domain, api)	2026-09-24T07:24:16.5607965Z # Subtest: REG-06-158 · un cálculo se muestra con la precisión que declara el método, aunque termine en cero
verificar · typecheck · unit · build · audit	Pruebas unitarias (domain, api)	2026-09-24T07:24:16.5608823Z ok 230 - REG-06-158 · un cálculo se muestra con la precisión que declara el método, aunque termine en cero
verificar · typecheck · unit · build · audit	Pruebas unitarias (domain, api)	2026-09-24T07:24:16.5609276Z   ---
verificar · typecheck · unit · build · audit	Pruebas unitarias (domain, api)	2026-09-24T07:24:16.5609709Z   duration_ms: 0.317633
verificar · typecheck · unit · build · audit	Pruebas unitarias (domain, api)	2026-09-24T07:24:16.5610052Z   type: 'test'
verificar · typecheck · unit · build · audit	Pruebas unitarias (domain, api)	2026-09-24T07:24:16.5610248Z   ...
verificar · typecheck · unit · build · audit	Pruebas unitarias (domain, api)	2026-09-24T07:24:16.5610615Z # Subtest: la unidad va como la escribió el contrato
verificar · typecheck · unit · build · audit	Pruebas unitarias (domain, api)	2026-09-24T07:24:16.5611070Z ok 231 - la unidad va como la escribió el contrato
verificar · typecheck · unit · build · audit	Pruebas unitarias (domain, api)	2026-09-24T07:24:16.5611364Z   ---
verificar · typecheck · unit · build · audit	Pruebas unitarias (domain, api)	2026-09-24T07:24:16.5611550Z   duration_ms: 0.280975
verificar · typecheck · unit · build · audit	Pruebas unitarias (domain, api)	2026-09-24T07:24:16.5611766Z   type: 'test'
verificar · typecheck · unit · build · audit	Pruebas unitarias (domain, api)	2026-09-24T07:24:16.5611967Z   ...
verificar · typecheck · unit · build · audit	Pruebas unitarias (domain, api)	2026-09-24T07:24:16.5612520Z # Subtest: lo que escribe la persona: coma o punto valen igual; lo que no es número es null, nunca NaN
verificar · typecheck · unit · build · audit	Pruebas unitarias (domain, api)	2026-09-24T07:24:16.5613349Z ok 232 - lo que escribe la persona: coma o punto valen igual; lo que no es número es null, nunca NaN
verificar · typecheck · unit · build · audit	Pruebas unitarias (domain, api)	2026-09-24T07:24:16.5613792Z   ---
verificar · typecheck · unit · build · audit	Pruebas unitarias (domain, api)	2026-09-24T07:24:16.5613974Z   duration_ms: 0.579342
verificar · typecheck · unit · build · audit	Pruebas unitarias (domain, api)	2026-09-24T07:24:16.5614187Z   type: 'test'
verificar · typecheck · unit · build · audit	Pruebas unitarias (domain, api)	2026-09-24T07:24:16.5614368Z   ...
verificar · typecheck · unit · build · audit	Pruebas unitarias (domain, api)	2026-09-24T07:24:16.5614950Z # Subtest: lo ambiguo no es un número: «1.850» se lee 1.850 en pantalla y sería 1,85 si el punto fuera decimal
verificar · typecheck · unit · build · audit	Pruebas unitarias (domain, api)	2026-09-24T07:24:16.5615805Z ok 233 - lo ambiguo no es un número: «1.850» se lee 1.850 en pantalla y sería 1,85 si el punto fuera decimal
verificar · typecheck · unit · build · audit	Pruebas unitarias (domain, api)	2026-09-24T07:24:16.5616262Z   ---
verificar · typecheck · unit · build · audit	Pruebas unitarias (domain, api)	2026-09-24T07:24:16.5616449Z   duration_ms: 2.261944
verificar · typecheck · unit · build · audit	Pruebas unitarias (domain, api)	2026-09-24T07:24:16.5616663Z   type: 'test'
verificar · typecheck · unit · build · audit	Pruebas unitarias (domain, api)	2026-09-24T07:24:16.5616843Z   ...
verificar · typecheck · unit · build · audit	Pruebas unitarias (domain, api)	2026-09-24T07:24:16.5835715Z # Subtest: REG-06-15 · una cadena vacía no tiene terminal
verificar · typecheck · unit · build · audit	Pruebas unitarias (domain, api)	2026-09-24T07:24:16.5841065Z ok 234 - REG-06-15 · una cadena vacía no tiene terminal
verificar · typecheck · unit · build · audit	Pruebas unitarias (domain, api)	2026-09-24T07:24:16.5842352Z   ---
verificar · typecheck · unit · build · audit	Pruebas unitarias (domain, api)	2026-09-24T07:24:16.5843043Z   duration_ms: 2.686346
verificar · typecheck · unit · build · audit	Pruebas unitarias (domain, api)	2026-09-24T07:24:16.5843515Z   type: 'test'
verificar · typecheck · unit · build · audit	Pruebas unitarias (domain, api)	2026-09-24T07:24:16.5843888Z   ...
verificar · typecheck · unit · build · audit	Pruebas unitarias (domain, api)	2026-09-24T07:24:16.5845313Z # Subtest: REG-06-15 · la cadena se recorre del primer eslabón a la terminal, sin importar el orden del arreglo
verificar · typecheck · unit · build · audit	Pruebas unitarias (domain, api)	2026-09-24T07:24:16.5847116Z ok 235 - REG-06-15 · la cadena se recorre del primer eslabón a la terminal, sin importar el orden del arreglo
verificar · typecheck · unit · build · audit	Pruebas unitarias (domain, api)	2026-09-24T07:24:16.5848033Z   ---
verificar · typecheck · unit · build · audit	Pruebas unitarias (domain, api)	2026-09-24T07:24:16.5848410Z   duration_ms: 0.239116
verificar · typecheck · unit · build · audit	Pruebas unitarias (domain, api)	2026-09-24T07:24:16.5848823Z   type: 'test'
verificar · typecheck · unit · build · audit	Pruebas unitarias (domain, api)	2026-09-24T07:24:16.5849179Z   ...
verificar · typecheck · unit · build · audit	Pruebas unitarias (domain, api)	2026-09-24T07:24:16.5850470Z # Subtest: REG-06-16 inc. 3 · dos eslabones con el mismo previo son una ramificación
verificar · typecheck · unit · build · audit	Pruebas unitarias (domain, api)	2026-09-24T07:24:16.5851893Z ok 236 - REG-06-16 inc. 3 · dos eslabones con el mismo previo son una ramificación
verificar · typecheck · unit · build · audit	Pruebas unitarias (domain, api)	2026-09-24T07:24:16.5852628Z   ---
verificar · typecheck · unit · build · audit	Pruebas unitarias (domain, api)	2026-09-24T07:24:16.5852987Z   duration_ms: 0.161893
verificar · typecheck · unit · build · audit	Pruebas unitarias (domain, api)	2026-09-24T07:24:16.5853402Z   type: 'test'
verificar · typecheck · unit · build · audit	Pruebas unitarias (domain, api)	2026-09-24T07:24:16.5854270Z   ...
verificar · typecheck · unit · build · audit	Pruebas unitarias (domain, api)	2026-09-24T07:24:16.5855157Z # Subtest: REG-06-16 inc. 3 · dos primeros eslabones son una ramificación
verificar · typecheck · unit · build · audit	Pruebas unitarias (domain, api)	2026-09-24T07:24:16.5856374Z ok 237 - REG-06-16 inc. 3 · dos primeros eslabones son una ramificación
verificar · typecheck · unit · build · audit	Pruebas unitarias (domain, api)	2026-09-24T07:24:16.5857036Z   ---
verificar · typecheck · unit · build · audit	Pruebas unitarias (domain, api)	2026-09-24T07:24:16.5857396Z   duration_ms: 0.150311
verificar · typecheck · unit · build · audit	Pruebas unitarias (domain, api)	2026-09-24T07:24:16.5857807Z   type: 'test'
verificar · typecheck · unit · build · audit	Pruebas unitarias (domain, api)	2026-09-24T07:24:16.5858176Z   ...
verificar · typecheck · unit · build · audit	Pruebas unitarias (domain, api)	2026-09-24T07:24:16.5859004Z # Subtest: REG-06-15 · sin ciclos: un ciclo cerrado es no resoluble
verificar · typecheck · unit · build · audit	Pruebas unitarias (domain, api)	2026-09-24T07:24:16.5860398Z ok 238 - REG-06-15 · sin ciclos: un ciclo cerrado es no resoluble
verificar · typecheck · unit · build · audit	Pruebas unitarias (domain, api)	2026-09-24T07:24:16.5861033Z   ---
verificar · typecheck · unit · build · audit	Pruebas unitarias (domain, api)	2026-09-24T07:24:16.5861392Z   duration_ms: 0.32641
verificar · typecheck · unit · build · audit	Pruebas unitarias (domain, api)	2026-09-24T07:24:16.5861802Z   type: 'test'
verificar · typecheck · unit · build · audit	Pruebas unitarias (domain, api)	2026-09-24T07:24:16.5862542Z   ...
verificar · typecheck · unit · build · audit	Pruebas unitarias (domain, api)	2026-09-24T07:24:16.5863527Z # Subtest: REG-06-15 · un ciclo aparte, no alcanzable desde el primero, es no resoluble
verificar · typecheck · unit · build · audit	Pruebas unitarias (domain, api)	2026-09-24T07:24:16.5864913Z ok 239 - REG-06-15 · un ciclo aparte, no alcanzable desde el primero, es no resoluble
verificar · typecheck · unit · build · audit	Pruebas unitarias (domain, api)	2026-09-24T07:24:16.5865663Z   ---
verificar · typecheck · unit · build · audit	Pruebas unitarias (domain, api)	2026-09-24T07:24:16.5866048Z   duration_ms: 0.16565
verificar · typecheck · unit · build · audit	Pruebas unitarias (domain, api)	2026-09-24T07:24:16.5866468Z   type: 'test'
verificar · typecheck · unit · build · audit	Pruebas unitarias (domain, api)	2026-09-24T07:24:16.5866835Z   ...
verificar · typecheck · unit · build · audit	Pruebas unitarias (domain, api)	2026-09-24T07:24:16.5867726Z # Subtest: REG-06-16 inc. 3 · un previo que no existe es una relación incompleta
verificar · typecheck · unit · build · audit	Pruebas unitarias (domain, api)	2026-09-24T07:24:16.5868952Z ok 240 - REG-06-16 inc. 3 · un previo que no existe es una relación incompleta
verificar · typecheck · unit · build · audit	Pruebas unitarias (domain, api)	2026-09-24T07:24:16.5869904Z   ---
verificar · typecheck · unit · build · audit	Pruebas unitarias (domain, api)	2026-09-24T07:24:16.5870266Z   duration_ms: 0.199732
verificar · typecheck · unit · build · audit	Pruebas unitarias (domain, api)	2026-09-24T07:24:16.5870684Z   type: 'test'
verificar · typecheck · unit · build · audit	Pruebas unitarias (domain, api)	2026-09-24T07:24:16.5871052Z   ...
verificar · typecheck · unit · build · audit	Pruebas unitarias (domain, api)	2026-09-24T07:24:16.5871749Z # Subtest: un id repetido es una relación incompleta
verificar · typecheck · unit · build · audit	Pruebas unitarias (domain, api)	2026-09-24T07:24:16.5872659Z ok 241 - un id repetido es una relación incompleta
verificar · typecheck · unit · build · audit	Pruebas unitarias (domain, api)	2026-09-24T07:24:16.5873215Z   ---
verificar · typecheck · unit · build · audit	Pruebas unitarias (domain, api)	2026-09-24T07:24:16.5873599Z   duration_ms: 0.24109
verificar · typecheck · unit · build · audit	Pruebas unitarias (domain, api)	2026-09-24T07:24:16.5874007Z   type: 'test'
verificar · typecheck · unit · build · audit	Pruebas unitarias (domain, api)	2026-09-24T07:24:16.5874366Z   ...
verificar · typecheck · unit · build · audit	Pruebas unitarias (domain, api)	2026-09-24T07:24:16.5875158Z # Subtest: REG-06-16 inc. 1 · sin corrección, rige el original
verificar · typecheck · unit · build · audit	Pruebas unitarias (domain, api)	2026-09-24T07:24:16.5876191Z ok 242 - REG-06-16 inc. 1 · sin corrección, rige el original
verificar · typecheck · unit · build · audit	Pruebas unitarias (domain, api)	2026-09-24T07:24:16.5876811Z   ---
verificar · typecheck · unit · build · audit	Pruebas unitarias (domain, api)	2026-09-24T07:24:16.5877170Z   duration_ms: 0.384227
verificar · typecheck · unit · build · audit	Pruebas unitarias (domain, api)	2026-09-24T07:24:16.5877569Z   type: 'test'
verificar · typecheck · unit · build · audit	Pruebas unitarias (domain, api)	2026-09-24T07:24:16.5877935Z   ...
verificar · typecheck · unit · build · audit	Pruebas unitarias (domain, api)	2026-09-24T07:24:16.5879086Z # Subtest: REG-06-16 inc. 2 · con cadena válida rige la terminal, y la cadena conserva todo (TEST-DOM-002)
verificar · typecheck · unit · build · audit	Pruebas unitarias (domain, api)	2026-09-24T07:24:16.5881029Z ok 243 - REG-06-16 inc. 2 · con cadena válida rige la terminal, y la cadena conserva todo (TEST-DOM-002)
verificar · typecheck · unit · build · audit	Pruebas unitarias (domain, api)	2026-09-24T07:24:16.5881909Z   ---
verificar · typecheck · unit · build · audit	Pruebas unitarias (domain, api)	2026-09-24T07:24:16.5882270Z   duration_ms: 0.516584
verificar · typecheck · unit · build · audit	Pruebas unitarias (domain, api)	2026-09-24T07:24:16.5882681Z   type: 'test'
verificar · typecheck · unit · build · audit	Pruebas unitarias (domain, api)	2026-09-24T07:24:16.5883042Z   ...
verificar · typecheck · unit · build · audit	Pruebas unitarias (domain, api)	2026-09-24T07:24:16.5884243Z # Subtest: REG-06-16 · la vista no depende del orden de registro: una corrección «más nueva» por posición no gana
verificar · typecheck · unit · build · audit	Pruebas unitarias (domain, api)	2026-09-24T07:24:16.5885958Z ok 244 - REG-06-16 · la vista no depende del orden de registro: una corrección «más nueva» por posición no gana
verificar · typecheck · unit · build · audit	Pruebas unitarias (domain, api)	2026-09-24T07:24:16.5886778Z   ---
verificar · typecheck · unit · build · audit	Pruebas unitarias (domain, api)	2026-09-24T07:24:16.5887094Z   duration_ms: 0.280174
verificar · typecheck · unit · build · audit	Pruebas unitarias (domain, api)	2026-09-24T07:24:16.5887487Z   type: 'test'
verificar · typecheck · unit · build · audit	Pruebas unitarias (domain, api)	2026-09-24T07:24:16.5887821Z   ...
verificar · typecheck · unit · build · audit	Pruebas unitarias (domain, api)	2026-09-24T07:24:16.5888611Z # Subtest: REG-06-15 · todas las correcciones apuntan al mismo original raíz
verificar · typecheck · unit · build · audit	Pruebas unitarias (domain, api)	2026-09-24T07:24:16.5889908Z ok 245 - REG-06-15 · todas las correcciones apuntan al mismo original raíz
verificar · typecheck · unit · build · audit	Pruebas unitarias (domain, api)	2026-09-24T07:24:16.5890523Z   ---
verificar · typecheck · unit · build · audit	Pruebas unitarias (domain, api)	2026-09-24T07:24:16.5890841Z   duration_ms: 0.150852
verificar · typecheck · unit · build · audit	Pruebas unitarias (domain, api)	2026-09-24T07:24:16.5891210Z   type: 'test'
verificar · typecheck · unit · build · audit	Pruebas unitarias (domain, api)	2026-09-24T07:24:16.5891516Z   ...
verificar · typecheck · unit · build · audit	Pruebas unitarias (domain, api)	2026-09-24T07:24:16.5897547Z # Subtest: REG-06-16 inc. 3 · con ramas, nadie elige por fecha: la vista es no resoluble
verificar · typecheck · unit · build · audit	Pruebas unitarias (domain, api)	2026-09-24T07:24:16.5898999Z ok 246 - REG-06-16 inc. 3 · con ramas, nadie elige por fecha: la vista es no resoluble
verificar · typecheck · unit · build · audit	Pruebas unitarias (domain, api)	2026-09-24T07:24:16.5900035Z   ---
verificar · typecheck · unit · build · audit	Pruebas unitarias (domain, api)	2026-09-24T07:24:16.5900415Z   duration_ms: 0.134711
verificar · typecheck · unit · build · audit	Pruebas unitarias (domain, api)	2026-09-24T07:24:16.5900871Z   type: 'test'
verificar · typecheck · unit · build · audit	Pruebas unitarias (domain, api)	2026-09-24T07:24:16.5901234Z   ...
verificar · typecheck · unit · build · audit	Pruebas unitarias (domain, api)	2026-09-24T07:24:16.5902231Z # Subtest: REG-06-14/15 · la primera corrección apunta al original y no tiene previa
verificar · typecheck · unit · build · audit	Pruebas unitarias (domain, api)	2026-09-24T07:24:16.5903610Z ok 247 - REG-06-14/15 · la primera corrección apunta al original y no tiene previa
verificar · typecheck · unit · build · audit	Pruebas unitarias (domain, api)	2026-09-24T07:24:16.5904702Z   ---
verificar · typecheck · unit · build · audit	Pruebas unitarias (domain, api)	2026-09-24T07:24:16.5905098Z   duration_ms: 0.208078
verificar · typecheck · unit · build · audit	Pruebas unitarias (domain, api)	2026-09-24T07:24:16.5905521Z   type: 'test'
verificar · typecheck · unit · build · audit	Pruebas unitarias (domain, api)	2026-09-24T07:24:16.5905880Z   ...
verificar · typecheck · unit · build · audit	Pruebas unitarias (domain, api)	2026-09-24T07:24:16.5907189Z # Subtest: REG-06-15 · cada corrección sucesiva apunta a la inmediata anterior; si otra entró en el medio, se rechaza
verificar · typecheck · unit · build · audit	Pruebas unitarias (domain, api)	2026-09-24T07:24:16.5909112Z ok 248 - REG-06-15 · cada corrección sucesiva apunta a la inmediata anterior; si otra entró en el medio, se rechaza
verificar · typecheck · unit · build · audit	Pruebas unitarias (domain, api)	2026-09-24T07:24:16.5910396Z   ---
verificar · typecheck · unit · build · audit	Pruebas unitarias (domain, api)	2026-09-24T07:24:16.5910774Z   duration_ms: 0.147415
verificar · typecheck · unit · build · audit	Pruebas unitarias (domain, api)	2026-09-24T07:24:16.5911195Z   type: 'test'
verificar · typecheck · unit · build · audit	Pruebas unitarias (domain, api)	2026-09-24T07:24:16.5911546Z   ...
verificar · typecheck · unit · build · audit	Pruebas unitarias (domain, api)	2026-09-24T07:24:16.5912547Z # Subtest: REG-06-14 · no se corrige otro original ni sobre una historia no resoluble
verificar · typecheck · unit · build · audit	Pruebas unitarias (domain, api)	2026-09-24T07:24:16.5914232Z ok 249 - REG-06-14 · no se corrige otro original ni sobre una historia no resoluble
verificar · typecheck · unit · build · audit	Pruebas unitarias (domain, api)	2026-09-24T07:24:16.5914972Z   ---
verificar · typecheck · unit · build · audit	Pruebas unitarias (domain, api)	2026-09-24T07:24:16.5915332Z   duration_ms: 0.141524
verificar · typecheck · unit · build · audit	Pruebas unitarias (domain, api)	2026-09-24T07:24:16.5915740Z   type: 'test'
verificar · typecheck · unit · build · audit	Pruebas unitarias (domain, api)	2026-09-24T07:24:16.5916126Z   ...
verificar · typecheck · unit · build · audit	Pruebas unitarias (domain, api)	2026-09-24T07:24:16.5917400Z # Subtest: REG-06-12 · la primera versión no tiene predecesora; si ya hay versiones, la nueva tiene que declararla
verificar · typecheck · unit · build · audit	Pruebas unitarias (domain, api)	2026-09-24T07:24:16.5919202Z ok 250 - REG-06-12 · la primera versión no tiene predecesora; si ya hay versiones, la nueva tiene que declararla
verificar · typecheck · unit · build · audit	Pruebas unitarias (domain, api)	2026-09-24T07:24:16.5920512Z   ---
verificar · typecheck · unit · build · audit	Pruebas unitarias (domain, api)	2026-09-24T07:24:16.5920889Z   duration_ms: 0.205815
verificar · typecheck · unit · build · audit	Pruebas unitarias (domain, api)	2026-09-24T07:24:16.5921312Z   type: 'test'
verificar · typecheck · unit · build · audit	Pruebas unitarias (domain, api)	2026-09-24T07:24:16.5921684Z   ...
verificar · typecheck · unit · build · audit	Pruebas unitarias (domain, api)	2026-09-24T07:24:16.5922677Z # Subtest: TEST-DOM-009 · la nueva versión sucede a la anterior sin modificarla
verificar · typecheck · unit · build · audit	Pruebas unitarias (domain, api)	2026-09-24T07:24:16.5941138Z ok 251 - TEST-DOM-009 · la nueva versión sucede a la anterior sin modificarla
verificar · typecheck · unit · build · audit	Pruebas unitarias (domain, api)	2026-09-24T07:24:16.5941843Z   ---
verificar · typecheck · unit · build · audit	Pruebas unitarias (domain, api)	2026-09-24T07:24:16.5942129Z   duration_ms: 0.19294
verificar · typecheck · unit · build · audit	Pruebas unitarias (domain, api)	2026-09-24T07:24:16.5942359Z   type: 'test'
verificar · typecheck · unit · build · audit	Pruebas unitarias (domain, api)	2026-09-24T07:24:16.5942557Z   ...
verificar · typecheck · unit · build · audit	Pruebas unitarias (domain, api)	2026-09-24T07:24:16.5943143Z # Subtest: REG-06-12 · misma entidad: una predecesora de otro objeto, o inexistente, no se admite
verificar · typecheck · unit · build · audit	Pruebas unitarias (domain, api)	2026-09-24T07:24:16.5943970Z ok 252 - REG-06-12 · misma entidad: una predecesora de otro objeto, o inexistente, no se admite
verificar · typecheck · unit · build · audit	Pruebas unitarias (domain, api)	2026-09-24T07:24:16.5944415Z   ---
verificar · typecheck · unit · build · audit	Pruebas unitarias (domain, api)	2026-09-24T07:24:16.5944612Z   duration_ms: 0.158536
verificar · typecheck · unit · build · audit	Pruebas unitarias (domain, api)	2026-09-24T07:24:16.5944838Z   type: 'test'
verificar · typecheck · unit · build · audit	Pruebas unitarias (domain, api)	2026-09-24T07:24:16.5945027Z   ...
verificar · typecheck · unit · build · audit	Pruebas unitarias (domain, api)	2026-09-24T07:24:16.5945581Z # Subtest: REG-06-12 · sin regla de ramas, una segunda sucesora de la misma versión es bifurcación
verificar · typecheck · unit · build · audit	Pruebas unitarias (domain, api)	2026-09-24T07:24:16.5946363Z ok 253 - REG-06-12 · sin regla de ramas, una segunda sucesora de la misma versión es bifurcación
verificar · typecheck · unit · build · audit	Pruebas unitarias (domain, api)	2026-09-24T07:24:16.5946981Z   ---
verificar · typecheck · unit · build · audit	Pruebas unitarias (domain, api)	2026-09-24T07:24:16.5947313Z   duration_ms: 0.119393
verificar · typecheck · unit · build · audit	Pruebas unitarias (domain, api)	2026-09-24T07:24:16.5947652Z   type: 'test'
verificar · typecheck · unit · build · audit	Pruebas unitarias (domain, api)	2026-09-24T07:24:16.5947952Z   ...
verificar · typecheck · unit · build · audit	Pruebas unitarias (domain, api)	2026-09-24T07:24:16.5948951Z # Subtest: INV-06-107 · la versión terminal sale de la sucesión, no del orden ni de la fecha
verificar · typecheck · unit · build · audit	Pruebas unitarias (domain, api)	2026-09-24T07:24:16.5950637Z ok 254 - INV-06-107 · la versión terminal sale de la sucesión, no del orden ni de la fecha
verificar · typecheck · unit · build · audit	Pruebas unitarias (domain, api)	2026-09-24T07:24:16.5951359Z   ---
verificar · typecheck · unit · build · audit	Pruebas unitarias (domain, api)	2026-09-24T07:24:16.5951687Z   duration_ms: 0.221785
verificar · typecheck · unit · build · audit	Pruebas unitarias (domain, api)	2026-09-24T07:24:16.5952059Z   type: 'test'
verificar · typecheck · unit · build · audit	Pruebas unitarias (domain, api)	2026-09-24T07:24:16.5952397Z   ...
verificar · typecheck · unit · build · audit	Pruebas unitarias (domain, api)	2026-09-24T07:24:16.5953259Z # Subtest: INV-06-13 · la serialización canónica no depende del orden de las claves
verificar · typecheck · unit · build · audit	Pruebas unitarias (domain, api)	2026-09-24T07:24:16.5954480Z ok 255 - INV-06-13 · la serialización canónica no depende del orden de las claves
verificar · typecheck · unit · build · audit	Pruebas unitarias (domain, api)	2026-09-24T07:24:16.5955149Z   ---
verificar · typecheck · unit · build · audit	Pruebas unitarias (domain, api)	2026-09-24T07:24:16.5955472Z   duration_ms: 0.291253
verificar · typecheck · unit · build · audit	Pruebas unitarias (domain, api)	2026-09-24T07:24:16.5955844Z   type: 'test'
verificar · typecheck · unit · build · audit	Pruebas unitarias (domain, api)	2026-09-24T07:24:16.5956164Z   ...
verificar · typecheck · unit · build · audit	Pruebas unitarias (domain, api)	2026-09-24T07:24:16.5957149Z # Subtest: INV-06-13 · el orden de los arreglos sí es contenido: cambiarlo cambia la serialización
verificar · typecheck · unit · build · audit	Pruebas unitarias (domain, api)	2026-09-24T07:24:16.5958588Z ok 256 - INV-06-13 · el orden de los arreglos sí es contenido: cambiarlo cambia la serialización
verificar · typecheck · unit · build · audit	Pruebas unitarias (domain, api)	2026-09-24T07:24:16.5959334Z   ---
verificar · typecheck · unit · build · audit	Pruebas unitarias (domain, api)	2026-09-24T07:24:16.5959848Z   duration_ms: 0.155721
verificar · typecheck · unit · build · audit	Pruebas unitarias (domain, api)	2026-09-24T07:24:16.5960216Z   type: 'test'
verificar · typecheck · unit · build · audit	Pruebas unitarias (domain, api)	2026-09-24T07:24:16.5960528Z   ...
verificar · typecheck · unit · build · audit	Pruebas unitarias (domain, api)	2026-09-24T07:24:16.5961520Z # Subtest: la serialización canónica rechaza lo que no es JSON reproducible, en vez de perderlo
verificar · typecheck · unit · build · audit	Pruebas unitarias (domain, api)	2026-09-24T07:24:16.5963005Z ok 257 - la serialización canónica rechaza lo que no es JSON reproducible, en vez de perderlo
verificar · typecheck · unit · build · audit	Pruebas unitarias (domain, api)	2026-09-24T07:24:16.5964230Z   ---
verificar · typecheck · unit · build · audit	Pruebas unitarias (domain, api)	2026-09-24T07:24:16.5964593Z   duration_ms: 0.51935
verificar · typecheck · unit · build · audit	Pruebas unitarias (domain, api)	2026-09-24T07:24:16.5965007Z   type: 'test'
verificar · typecheck · unit · build · audit	Pruebas unitarias (domain, api)	2026-09-24T07:24:16.5965347Z   ...
verificar · typecheck · unit · build · audit	Pruebas unitarias (domain, api)	2026-09-24T07:24:16.6052804Z 1..257
verificar · typecheck · unit · build · audit	Pruebas unitarias (domain, api)	2026-09-24T07:24:16.6053232Z # tests 257
verificar · typecheck · unit · build · audit	Pruebas unitarias (domain, api)	2026-09-24T07:24:16.6053551Z # suites 0
verificar · typecheck · unit · build · audit	Pruebas unitarias (domain, api)	2026-09-24T07:24:16.6053860Z # pass 257
verificar · typecheck · unit · build · audit	Pruebas unitarias (domain, api)	2026-09-24T07:24:16.6054170Z # fail 0
verificar · typecheck · unit · build · audit	Pruebas unitarias (domain, api)	2026-09-24T07:24:16.6054479Z # cancelled 0
verificar · typecheck · unit · build · audit	Pruebas unitarias (domain, api)	2026-09-24T07:24:16.6054739Z # skipped 0
verificar · typecheck · unit · build · audit	Pruebas unitarias (domain, api)	2026-09-24T07:24:16.6054944Z # todo 0
verificar · typecheck · unit · build · audit	Pruebas unitarias (domain, api)	2026-09-24T07:24:16.6055158Z # duration_ms 1175.316251
verificar · typecheck · unit · build · audit	Pruebas unitarias (domain, api)	2026-09-24T07:24:16.6652863Z TAP version 13
verificar · typecheck · unit · build · audit	Pruebas unitarias (domain, api)	2026-09-24T07:24:16.7260623Z # Subtest: la fórmula de contraste es la de WCAG 2.2
verificar · typecheck · unit · build · audit	Pruebas unitarias (domain, api)	2026-09-24T07:24:16.7266614Z ok 1 - la fórmula de contraste es la de WCAG 2.2
verificar · typecheck · unit · build · audit	Pruebas unitarias (domain, api)	2026-09-24T07:24:16.7267612Z   ---
verificar · typecheck · unit · build · audit	Pruebas unitarias (domain, api)	2026-09-24T07:24:16.7268147Z   duration_ms: 1.223605
verificar · typecheck · unit · build · audit	Pruebas unitarias (domain, api)	2026-09-24T07:24:16.7268739Z   type: 'test'
verificar · typecheck · unit · build · audit	Pruebas unitarias (domain, api)	2026-09-24T07:24:16.7269315Z   ...
verificar · typecheck · unit · build · audit	Pruebas unitarias (domain, api)	2026-09-24T07:24:16.7270676Z # Subtest: website · tema claro (espacio profesional y cuenta)
verificar · typecheck · unit · build · audit	Pruebas unitarias (domain, api)	2026-09-24T07:24:16.7278132Z ok 2 - website · tema claro (espacio profesional y cuenta)
verificar · typecheck · unit · build · audit	Pruebas unitarias (domain, api)	2026-09-24T07:24:16.7279045Z   ---
verificar · typecheck · unit · build · audit	Pruebas unitarias (domain, api)	2026-09-24T07:24:16.7279955Z   duration_ms: 2.685445
verificar · typecheck · unit · build · audit	Pruebas unitarias (domain, api)	2026-09-24T07:24:16.7280626Z   type: 'test'
verificar · typecheck · unit · build · audit	Pruebas unitarias (domain, api)	2026-09-24T07:24:16.7281218Z   ...
verificar · typecheck · unit · build · audit	Pruebas unitarias (domain, api)	2026-09-24T07:24:16.7282366Z # Subtest: website · tema oscuro (landing, acceso, registro y legales)
verificar · typecheck · unit · build · audit	Pruebas unitarias (domain, api)	2026-09-24T07:24:16.7283806Z ok 3 - website · tema oscuro (landing, acceso, registro y legales)
verificar · typecheck · unit · build · audit	Pruebas unitarias (domain, api)	2026-09-24T07:24:16.7284733Z   ---
verificar · typecheck · unit · build · audit	Pruebas unitarias (domain, api)	2026-09-24T07:24:16.7285338Z   duration_ms: 0.546731
verificar · typecheck · unit · build · audit	Pruebas unitarias (domain, api)	2026-09-24T07:24:16.7285689Z   type: 'test'
verificar · typecheck · unit · build · audit	Pruebas unitarias (domain, api)	2026-09-24T07:24:16.7286015Z   ...
verificar · typecheck · unit · build · audit	Pruebas unitarias (domain, api)	2026-09-24T07:24:16.7287092Z # Subtest: website · el texto de la cara pública se lee en todo el degradé
verificar · typecheck · unit · build · audit	Pruebas unitarias (domain, api)	2026-09-24T07:24:16.7289000Z ok 4 - website · el texto de la cara pública se lee en todo el degradé
verificar · typecheck · unit · build · audit	Pruebas unitarias (domain, api)	2026-09-24T07:24:16.7289460Z   ---
verificar · typecheck · unit · build · audit	Pruebas unitarias (domain, api)	2026-09-24T07:24:16.7289934Z   duration_ms: 0.868752
verificar · typecheck · unit · build · audit	Pruebas unitarias (domain, api)	2026-09-24T07:24:16.7290112Z   type: 'test'
verificar · typecheck · unit · build · audit	Pruebas unitarias (domain, api)	2026-09-24T07:24:16.7290290Z   ...
verificar · typecheck · unit · build · audit	Pruebas unitarias (domain, api)	2026-09-24T07:24:16.7293119Z # Subtest: APK · tema oscuro
verificar · typecheck · unit · build · audit	Pruebas unitarias (domain, api)	2026-09-24T07:24:16.7294734Z ok 5 - APK · tema oscuro
verificar · typecheck · unit · build · audit	Pruebas unitarias (domain, api)	2026-09-24T07:24:16.7295495Z   ---
verificar · typecheck · unit · build · audit	Pruebas unitarias (domain, api)	2026-09-24T07:24:16.7295694Z   duration_ms: 0.537173
verificar · typecheck · unit · build · audit	Pruebas unitarias (domain, api)	2026-09-24T07:24:16.7295856Z   type: 'test'
verificar · typecheck · unit · build · audit	Pruebas unitarias (domain, api)	2026-09-24T07:24:16.7296007Z   ...
verificar · typecheck · unit · build · audit	Pruebas unitarias (domain, api)	2026-09-24T07:24:16.7298226Z # Subtest: ningún estilo del website ni de la APK escribe un color fuera de los tokens
verificar · typecheck · unit · build · audit	Pruebas unitarias (domain, api)	2026-09-24T07:24:16.7299944Z ok 6 - ningún estilo del website ni de la APK escribe un color fuera de los tokens
verificar · typecheck · unit · build · audit	Pruebas unitarias (domain, api)	2026-09-24T07:24:16.7300286Z   ---
verificar · typecheck · unit · build · audit	Pruebas unitarias (domain, api)	2026-09-24T07:24:16.7300474Z   duration_ms: 19.789345
verificar · typecheck · unit · build · audit	Pruebas unitarias (domain, api)	2026-09-24T07:24:16.7300640Z   type: 'test'
verificar · typecheck · unit · build · audit	Pruebas unitarias (domain, api)	2026-09-24T07:24:16.7300783Z   ...
verificar · typecheck · unit · build · audit	Pruebas unitarias (domain, api)	2026-09-24T07:24:17.3308801Z # Subtest: T13 · el copy de las pantallas de nutrición no tiene puntajes, juicios ni huecos completados
verificar · typecheck · unit · build · audit	Pruebas unitarias (domain, api)	2026-09-24T07:24:17.3310799Z ok 7 - T13 · el copy de las pantallas de nutrición no tiene puntajes, juicios ni huecos completados
verificar · typecheck · unit · build · audit	Pruebas unitarias (domain, api)	2026-09-24T07:24:17.3313197Z   ---
verificar · typecheck · unit · build · audit	Pruebas unitarias (domain, api)	2026-09-24T07:24:17.3314116Z   duration_ms: 164.476184
verificar · typecheck · unit · build · audit	Pruebas unitarias (domain, api)	2026-09-24T07:24:17.3314790Z   type: 'test'
verificar · typecheck · unit · build · audit	Pruebas unitarias (domain, api)	2026-09-24T07:24:17.3315174Z   ...
verificar · typecheck · unit · build · audit	Pruebas unitarias (domain, api)	2026-09-24T07:24:17.3316419Z # Subtest: T13 · el copy de las pantallas de antropometría no tiene puntajes, juicios ni huecos completados
verificar · typecheck · unit · build · audit	Pruebas unitarias (domain, api)	2026-09-24T07:24:17.3318170Z ok 8 - T13 · el copy de las pantallas de antropometría no tiene puntajes, juicios ni huecos completados
verificar · typecheck · unit · build · audit	Pruebas unitarias (domain, api)	2026-09-24T07:24:17.3332581Z   ---
verificar · typecheck · unit · build · audit	Pruebas unitarias (domain, api)	2026-09-24T07:24:17.3333269Z   duration_ms: 43.734833
verificar · typecheck · unit · build · audit	Pruebas unitarias (domain, api)	2026-09-24T07:24:17.3333709Z   type: 'test'
verificar · typecheck · unit · build · audit	Pruebas unitarias (domain, api)	2026-09-24T07:24:17.3334055Z   ...
verificar · typecheck · unit · build · audit	Pruebas unitarias (domain, api)	2026-09-24T07:24:17.3335269Z # Subtest: T13 · el copy de las pantallas de entrenamiento no tiene puntajes, juicios ni huecos completados
verificar · typecheck · unit · build · audit	Pruebas unitarias (domain, api)	2026-09-24T07:24:17.3336935Z ok 9 - T13 · el copy de las pantallas de entrenamiento no tiene puntajes, juicios ni huecos completados
verificar · typecheck · unit · build · audit	Pruebas unitarias (domain, api)	2026-09-24T07:24:17.3337843Z   ---
verificar · typecheck · unit · build · audit	Pruebas unitarias (domain, api)	2026-09-24T07:24:17.3338224Z   duration_ms: 76.367579
verificar · typecheck · unit · build · audit	Pruebas unitarias (domain, api)	2026-09-24T07:24:17.3338648Z   type: 'test'
verificar · typecheck · unit · build · audit	Pruebas unitarias (domain, api)	2026-09-24T07:24:17.3339007Z   ...
verificar · typecheck · unit · build · audit	Pruebas unitarias (domain, api)	2026-09-24T07:24:17.3340337Z # Subtest: T13 · el extractor encuentra un término prohibido en el copy e ignora los estilos
verificar · typecheck · unit · build · audit	Pruebas unitarias (domain, api)	2026-09-24T07:24:17.3342305Z ok 10 - T13 · el extractor encuentra un término prohibido en el copy e ignora los estilos
verificar · typecheck · unit · build · audit	Pruebas unitarias (domain, api)	2026-09-24T07:24:17.3343095Z   ---
verificar · typecheck · unit · build · audit	Pruebas unitarias (domain, api)	2026-09-24T07:24:17.3343476Z   duration_ms: 0.672356
verificar · typecheck · unit · build · audit	Pruebas unitarias (domain, api)	2026-09-24T07:24:17.3343888Z   type: 'test'
verificar · typecheck · unit · build · audit	Pruebas unitarias (domain, api)	2026-09-24T07:24:17.3344237Z   ...
verificar · typecheck · unit · build · audit	Pruebas unitarias (domain, api)	2026-09-24T07:24:17.3345282Z # Subtest: T13 · en antropometría, un juicio afirmativo se detecta y su negación explícita no
verificar · typecheck · unit · build · audit	Pruebas unitarias (domain, api)	2026-09-24T07:24:17.3346599Z ok 11 - T13 · en antropometría, un juicio afirmativo se detecta y su negación explícita no
verificar · typecheck · unit · build · audit	Pruebas unitarias (domain, api)	2026-09-24T07:24:17.3347250Z   ---
verificar · typecheck · unit · build · audit	Pruebas unitarias (domain, api)	2026-09-24T07:24:17.3347556Z   duration_ms: 0.259655
verificar · typecheck · unit · build · audit	Pruebas unitarias (domain, api)	2026-09-24T07:24:17.3348175Z   type: 'test'
verificar · typecheck · unit · build · audit	Pruebas unitarias (domain, api)	2026-09-24T07:24:17.3348496Z   ...
verificar · typecheck · unit · build · audit	Pruebas unitarias (domain, api)	2026-09-24T07:24:17.3349254Z # Subtest: T13 · el titular de la medición muestra el valor vigente, no el original
verificar · typecheck · unit · build · audit	Pruebas unitarias (domain, api)	2026-09-24T07:24:17.3350619Z ok 12 - T13 · el titular de la medición muestra el valor vigente, no el original
verificar · typecheck · unit · build · audit	Pruebas unitarias (domain, api)	2026-09-24T07:24:17.3351230Z   ---
verificar · typecheck · unit · build · audit	Pruebas unitarias (domain, api)	2026-09-24T07:24:17.3351518Z   duration_ms: 3.792522
verificar · typecheck · unit · build · audit	Pruebas unitarias (domain, api)	2026-09-24T07:24:17.3351844Z   type: 'test'
verificar · typecheck · unit · build · audit	Pruebas unitarias (domain, api)	2026-09-24T07:24:17.3352137Z   ...
verificar · typecheck · unit · build · audit	Pruebas unitarias (domain, api)	2026-09-24T07:24:17.3353103Z # Subtest: WP-06 §9.2 · ninguna pantalla de entrenamiento deriva «No realizada» de la ausencia de registro
verificar · typecheck · unit · build · audit	Pruebas unitarias (domain, api)	2026-09-24T07:24:17.3354505Z ok 13 - WP-06 §9.2 · ninguna pantalla de entrenamiento deriva «No realizada» de la ausencia de registro
verificar · typecheck · unit · build · audit	Pruebas unitarias (domain, api)	2026-09-24T07:24:17.3355243Z   ---
verificar · typecheck · unit · build · audit	Pruebas unitarias (domain, api)	2026-09-24T07:24:17.3355534Z   duration_ms: 52.623058
verificar · typecheck · unit · build · audit	Pruebas unitarias (domain, api)	2026-09-24T07:24:17.3355885Z   type: 'test'
verificar · typecheck · unit · build · audit	Pruebas unitarias (domain, api)	2026-09-24T07:24:17.3356184Z   ...
verificar · typecheck · unit · build · audit	Pruebas unitarias (domain, api)	2026-09-24T07:24:17.3357171Z # Subtest: WP-06 §9.2 · la guardia detecta una pantalla que escribe «No realizada» o lee la condición suelta
verificar · typecheck · unit · build · audit	Pruebas unitarias (domain, api)	2026-09-24T07:24:17.3358638Z ok 14 - WP-06 §9.2 · la guardia detecta una pantalla que escribe «No realizada» o lee la condición suelta
verificar · typecheck · unit · build · audit	Pruebas unitarias (domain, api)	2026-09-24T07:24:17.3359381Z   ---
verificar · typecheck · unit · build · audit	Pruebas unitarias (domain, api)	2026-09-24T07:24:17.3419966Z   duration_ms: 0.375321
verificar · typecheck · unit · build · audit	Pruebas unitarias (domain, api)	2026-09-24T07:24:17.3420352Z   type: 'test'
verificar · typecheck · unit · build · audit	Pruebas unitarias (domain, api)	2026-09-24T07:24:17.3420640Z   ...
verificar · typecheck · unit · build · audit	Pruebas unitarias (domain, api)	2026-09-24T07:24:17.3647343Z 1..14
verificar · typecheck · unit · build · audit	Pruebas unitarias (domain, api)	2026-09-24T07:24:17.3647811Z # tests 14
verificar · typecheck · unit · build · audit	Pruebas unitarias (domain, api)	2026-09-24T07:24:17.3648198Z # suites 0
verificar · typecheck · unit · build · audit	Pruebas unitarias (domain, api)	2026-09-24T07:24:17.3648527Z # pass 14
verificar · typecheck · unit · build · audit	Pruebas unitarias (domain, api)	2026-09-24T07:24:17.3648850Z # fail 0
verificar · typecheck · unit · build · audit	Pruebas unitarias (domain, api)	2026-09-24T07:24:17.3650012Z # cancelled 0
verificar · typecheck · unit · build · audit	Pruebas unitarias (domain, api)	2026-09-24T07:24:17.3651202Z # skipped 0
verificar · typecheck · unit · build · audit	Pruebas unitarias (domain, api)	2026-09-24T07:24:17.3655080Z # todo 0
verificar · typecheck · unit · build · audit	Pruebas unitarias (domain, api)	2026-09-24T07:24:17.3655507Z # duration_ms 718.572553
verificar · typecheck · unit · build · audit	Pruebas unitarias (domain, api)	2026-09-24T07:24:17.4822521Z 
verificar · typecheck · unit · build · audit	Pruebas unitarias (domain, api)	2026-09-24T07:24:17.4823074Z > @be/api@0.9.0 test
verificar · typecheck · unit · build · audit	Pruebas unitarias (domain, api)	2026-09-24T07:24:17.4823475Z > jest --config jest.config.js
verificar · typecheck · unit · build · audit	Pruebas unitarias (domain, api)	2026-09-24T07:24:17.4823679Z 
verificar · typecheck · unit · build · audit	Pruebas unitarias (domain, api)	2026-09-24T07:24:24.3191032Z PASS src/plataforma/dependencias.spec.ts (5.918 s)
verificar · typecheck · unit · build · audit	Pruebas unitarias (domain, api)	2026-09-24T07:24:25.1148518Z PASS src/config/entorno.spec.ts (6.816 s)
verificar · typecheck · unit · build · audit	Pruebas unitarias (domain, api)	2026-09-24T07:24:25.3317045Z PASS src/plataforma/limitador.spec.ts
verificar · typecheck · unit · build · audit	Pruebas unitarias (domain, api)	2026-09-24T07:24:30.5782125Z {"nivel":"info","requestId":"416736ea-33f4-4b74-8c78-64ba2fcc2736","metodo":"GET","ruta":"/health/live","status":200,"duracionMs":4}
verificar · typecheck · unit · build · audit	Pruebas unitarias (domain, api)	2026-09-24T07:24:30.7168634Z {"nivel":"info","requestId":"a0deca9b-a9f9-4798-a9d8-fb977a0b8114","metodo":"GET","ruta":"/health","status":200,"duracionMs":1}
verificar · typecheck · unit · build · audit	Pruebas unitarias (domain, api)	2026-09-24T07:24:30.8296775Z {"nivel":"info","requestId":"c78fcb0b-362a-42c7-99c6-57215c557399","metodo":"GET","ruta":"/health/ready","status":200,"duracionMs":0}
verificar · typecheck · unit · build · audit	Pruebas unitarias (domain, api)	2026-09-24T07:24:30.9452468Z {"nivel":"info","requestId":"9f14fe43-4e7d-4b20-b832-444c947d7cdf","metodo":"GET","ruta":"/health/ready","status":503,"duracionMs":0}
verificar · typecheck · unit · build · audit	Pruebas unitarias (domain, api)	2026-09-24T07:24:31.0614354Z {"nivel":"info","requestId":"7353adda-e297-422e-910e-2e6455a61815","metodo":"GET","ruta":"/health","status":503,"duracionMs":1}
verificar · typecheck · unit · build · audit	Pruebas unitarias (domain, api)	2026-09-24T07:24:31.1769407Z {"nivel":"info","requestId":"60558acd-e32d-439c-9dc5-37baa5761621","metodo":"GET","ruta":"/health/ready","status":503,"duracionMs":1}
verificar · typecheck · unit · build · audit	Pruebas unitarias (domain, api)	2026-09-24T07:24:31.2903159Z {"nivel":"info","requestId":"14805cbb-9c1e-4b13-8609-332595be3b61","metodo":"GET","ruta":"/health/ready","status":200,"duracionMs":0}
verificar · typecheck · unit · build · audit	Pruebas unitarias (domain, api)	2026-09-24T07:24:31.4062798Z {"nivel":"info","requestId":"a070aac9-9d72-4974-9e3b-7edc1f3bfbfb","metodo":"GET","ruta":"SIN_RUTA","status":404,"duracionMs":3}
verificar · typecheck · unit · build · audit	Pruebas unitarias (domain, api)	2026-09-24T07:24:31.4283922Z PASS src/health/health.spec.ts (13.008 s)
verificar · typecheck · unit · build · audit	Pruebas unitarias (domain, api)	2026-09-24T07:24:31.5230973Z {"nivel":"info","requestId":"a6e9760f-1805-41b8-80f8-01f6e178dccf","metodo":"GET","ruta":"SIN_RUTA","status":404,"duracionMs":2}
verificar · typecheck · unit · build · audit	Pruebas unitarias (domain, api)	2026-09-24T07:24:31.5287222Z 
verificar · typecheck · unit · build · audit	Pruebas unitarias (domain, api)	2026-09-24T07:24:31.5291287Z Test Suites: 4 passed, 4 total
verificar · typecheck · unit · build · audit	Pruebas unitarias (domain, api)	2026-09-24T07:24:31.5291891Z Tests:       33 passed, 33 total
verificar · typecheck · unit · build · audit	Pruebas unitarias (domain, api)	2026-09-24T07:24:31.5292406Z Snapshots:   0 total
verificar · typecheck · unit · build · audit	Pruebas unitarias (domain, api)	2026-09-24T07:24:31.5292843Z Time:        13.787 s
verificar · typecheck · unit · build · audit	Pruebas unitarias (domain, api)	2026-09-24T07:24:31.5293269Z Ran all test suites.
verificar · typecheck · unit · build · audit	Build API	﻿2026-09-24T07:24:31.5535653Z ##[group]Run npm run build:api
verificar · typecheck · unit · build · audit	Build API	2026-09-24T07:24:31.5535971Z ^[[36;1mnpm run build:api^[[0m
verificar · typecheck · unit · build · audit	Build API	2026-09-24T07:24:31.5572672Z shell: /usr/bin/bash -e {0}
verificar · typecheck · unit · build · audit	Build API	2026-09-24T07:24:31.5573129Z ##[endgroup]
verificar · typecheck · unit · build · audit	Build API	2026-09-24T07:24:31.6556951Z 
verificar · typecheck · unit · build · audit	Build API	2026-09-24T07:24:31.6557331Z > be@0.1.0 build:api
verificar · typecheck · unit · build · audit	Build API	2026-09-24T07:24:31.6557975Z > npm run build:domain && npm run build -w @be/api
verificar · typecheck · unit · build · audit	Build API	2026-09-24T07:24:31.7540652Z 
verificar · typecheck · unit · build · audit	Build API	2026-09-24T07:24:31.7540703Z 
verificar · typecheck · unit · build · audit	Build API	2026-09-24T07:24:31.7541159Z > be@0.1.0 build:domain
verificar · typecheck · unit · build · audit	Build API	2026-09-24T07:24:31.7541543Z > npm run build -w @be/domain
verificar · typecheck · unit · build · audit	Build API	2026-09-24T07:24:31.7541773Z 
verificar · typecheck · unit · build · audit	Build API	2026-09-24T07:24:31.8738967Z 
verificar · typecheck · unit · build · audit	Build API	2026-09-24T07:24:31.8739760Z > @be/domain@0.1.0 build
verificar · typecheck · unit · build · audit	Build API	2026-09-24T07:24:31.8740378Z > tsc -p tsconfig.json
verificar · typecheck · unit · build · audit	Build API	2026-09-24T07:24:31.8740582Z 
verificar · typecheck · unit · build · audit	Build API	2026-09-24T07:24:36.6712908Z 
verificar · typecheck · unit · build · audit	Build API	2026-09-24T07:24:36.6713556Z > @be/api@0.9.0 build
verificar · typecheck · unit · build · audit	Build API	2026-09-24T07:24:36.6714152Z > tsc -p tsconfig.build.json
verificar · typecheck · unit · build · audit	Build API	2026-09-24T07:24:36.6714485Z 
verificar · typecheck · unit · build · audit	Build web (export estático)	﻿2026-09-24T07:24:42.9760514Z ##[group]Run npm run build:web
verificar · typecheck · unit · build · audit	Build web (export estático)	2026-09-24T07:24:42.9760860Z ^[[36;1mnpm run build:web^[[0m
verificar · typecheck · unit · build · audit	Build web (export estático)	2026-09-24T07:24:42.9797371Z shell: /usr/bin/bash -e {0}
verificar · typecheck · unit · build · audit	Build web (export estático)	2026-09-24T07:24:42.9797632Z ##[endgroup]
verificar · typecheck · unit · build · audit	Build web (export estático)	2026-09-24T07:24:43.0817439Z 
verificar · typecheck · unit · build · audit	Build web (export estático)	2026-09-24T07:24:43.0817949Z > be@0.1.0 build:web
verificar · typecheck · unit · build · audit	Build web (export estático)	2026-09-24T07:24:43.0818502Z > npm run build:domain && npm run build -w @be/web
verificar · typecheck · unit · build · audit	Build web (export estático)	2026-09-24T07:24:43.0818806Z 
verificar · typecheck · unit · build · audit	Build web (export estático)	2026-09-24T07:24:43.1783833Z 
verificar · typecheck · unit · build · audit	Build web (export estático)	2026-09-24T07:24:43.1784511Z > be@0.1.0 build:domain
verificar · typecheck · unit · build · audit	Build web (export estático)	2026-09-24T07:24:43.1785120Z > npm run build -w @be/domain
verificar · typecheck · unit · build · audit	Build web (export estático)	2026-09-24T07:24:43.1785350Z 
verificar · typecheck · unit · build · audit	Build web (export estático)	2026-09-24T07:24:43.2953396Z 
verificar · typecheck · unit · build · audit	Build web (export estático)	2026-09-24T07:24:43.2954452Z > @be/domain@0.1.0 build
verificar · typecheck · unit · build · audit	Build web (export estático)	2026-09-24T07:24:43.2954873Z > tsc -p tsconfig.json
verificar · typecheck · unit · build · audit	Build web (export estático)	2026-09-24T07:24:43.2955059Z 
verificar · typecheck · unit · build · audit	Build web (export estático)	2026-09-24T07:24:48.1537570Z 
verificar · typecheck · unit · build · audit	Build web (export estático)	2026-09-24T07:24:48.1538217Z > @be/web@0.9.0 build
verificar · typecheck · unit · build · audit	Build web (export estático)	2026-09-24T07:24:48.1538599Z > next build
verificar · typecheck · unit · build · audit	Build web (export estático)	2026-09-24T07:24:48.1538764Z 
verificar · typecheck · unit · build · audit	Build web (export estático)	2026-09-24T07:24:48.6878466Z ⚠ No build cache found. Please configure build caching for faster rebuilds. Read more: https://nextjs.org/docs/messages/no-cache
verificar · typecheck · unit · build · audit	Build web (export estático)	2026-09-24T07:24:48.6960040Z Attention: Next.js now collects completely anonymous telemetry regarding usage.
verificar · typecheck · unit · build · audit	Build web (export estático)	2026-09-24T07:24:48.6961341Z This information is used to shape Next.js' roadmap and prioritize features.
verificar · typecheck · unit · build · audit	Build web (export estático)	2026-09-24T07:24:48.6962960Z You can learn more, including how to opt-out if you'd not like to participate in this anonymous program, by visiting the following URL:
verificar · typecheck · unit · build · audit	Build web (export estático)	2026-09-24T07:24:48.6964136Z https://nextjs.org/telemetry
verificar · typecheck · unit · build · audit	Build web (export estático)	2026-09-24T07:24:48.6964462Z 
verificar · typecheck · unit · build · audit	Build web (export estático)	2026-09-24T07:24:48.7986669Z    ▲ Next.js 15.5.25
verificar · typecheck · unit · build · audit	Build web (export estático)	2026-09-24T07:24:48.7987232Z 
verificar · typecheck · unit · build · audit	Build web (export estático)	2026-09-24T07:24:48.8809374Z    Creating an optimized production build ...
verificar · typecheck · unit · build · audit	Build web (export estático)	2026-09-24T07:25:01.4472607Z  ✓ Compiled successfully in 10.1s
verificar · typecheck · unit · build · audit	Build web (export estático)	2026-09-24T07:25:01.4514468Z    Linting and checking validity of types ...
verificar · typecheck · unit · build · audit	Build web (export estático)	2026-09-24T07:25:08.1047305Z    Collecting page data ...
verificar · typecheck · unit · build · audit	Build web (export estático)	2026-09-24T07:25:10.6108514Z    Generating static pages (0/22) ...
verificar · typecheck · unit · build · audit	Build web (export estático)	2026-09-24T07:25:11.3764488Z    Generating static pages (5/22) 
verificar · typecheck · unit · build · audit	Build web (export estático)	2026-09-24T07:25:11.5935147Z    Generating static pages (10/22) 
verificar · typecheck · unit · build · audit	Build web (export estático)	2026-09-24T07:25:11.5936075Z    Generating static pages (16/22) 
verificar · typecheck · unit · build · audit	Build web (export estático)	2026-09-24T07:25:11.7840047Z  ✓ Generating static pages (22/22)
verificar · typecheck · unit · build · audit	Build web (export estático)	2026-09-24T07:25:12.3302245Z    Finalizing page optimization ...
verificar · typecheck · unit · build · audit	Build web (export estático)	2026-09-24T07:25:12.3302958Z    Collecting build traces ...
verificar · typecheck · unit · build · audit	Build web (export estático)	2026-09-24T07:25:17.7315208Z    Exporting (0/2) ...
verificar · typecheck · unit · build · audit	Build web (export estático)	2026-09-24T07:25:17.9768637Z  ✓ Exporting (2/2)
verificar · typecheck · unit · build · audit	Build web (export estático)	2026-09-24T07:25:17.9894560Z 
verificar · typecheck · unit · build · audit	Build web (export estático)	2026-09-24T07:25:17.9938626Z Route (app)                                 Size  First Load JS
verificar · typecheck · unit · build · audit	Build web (export estático)	2026-09-24T07:25:17.9940100Z ┌ ○ /                                    1.35 kB         258 kB
verificar · typecheck · unit · build · audit	Build web (export estático)	2026-09-24T07:25:17.9940860Z ├ ○ /_not-found                            989 B         103 kB
verificar · typecheck · unit · build · audit	Build web (export estático)	2026-09-24T07:25:17.9942118Z ├ ○ /account                             4.41 kB         261 kB
verificar · typecheck · unit · build · audit	Build web (export estático)	2026-09-24T07:25:17.9942985Z ├ ○ /account/privacy                     2.71 kB         262 kB
verificar · typecheck · unit · build · audit	Build web (export estático)	2026-09-24T07:25:17.9943826Z ├ ○ /account/relationships               4.17 kB         260 kB
verificar · typecheck · unit · build · audit	Build web (export estático)	2026-09-24T07:25:17.9944737Z ├ ○ /account/relationships/consent       3.77 kB         260 kB
verificar · typecheck · unit · build · audit	Build web (export estático)	2026-09-24T07:25:17.9946082Z ├ ○ /account/relationships/detail        2.73 kB         262 kB
verificar · typecheck · unit · build · audit	Build web (export estático)	2026-09-24T07:25:17.9946719Z ├ ○ /apple-icon.png                          0 B            0 B
verificar · typecheck · unit · build · audit	Build web (export estático)	2026-09-24T07:25:17.9947304Z ├ ○ /icon.png                                0 B            0 B
verificar · typecheck · unit · build · audit	Build web (export estático)	2026-09-24T07:25:17.9948359Z ├ ○ /legal/privacidad                      611 B         106 kB
verificar · typecheck · unit · build · audit	Build web (export estático)	2026-09-24T07:25:17.9948953Z ├ ○ /legal/terminos                        611 B         106 kB
verificar · typecheck · unit · build · audit	Build web (export estático)	2026-09-24T07:25:17.9950032Z ├ ○ /login                               2.16 kB         258 kB
verificar · typecheck · unit · build · audit	Build web (export estático)	2026-09-24T07:25:17.9950926Z ├ ○ /pro                                   190 B         261 kB
verificar · typecheck · unit · build · audit	Build web (export estático)	2026-09-24T07:25:17.9951557Z ├ ○ /pro/advisees                        2.44 kB         263 kB
verificar · typecheck · unit · build · audit	Build web (export estático)	2026-09-24T07:25:17.9952145Z ├ ○ /pro/advisees/anthropometry          11.4 kB         272 kB
verificar · typecheck · unit · build · audit	Build web (export estático)	2026-09-24T07:25:17.9952734Z ├ ○ /pro/advisees/forms                  3.47 kB         264 kB
verificar · typecheck · unit · build · audit	Build web (export estático)	2026-09-24T07:25:17.9953319Z ├ ○ /pro/advisees/nutrition              15.5 kB         276 kB
verificar · typecheck · unit · build · audit	Build web (export estático)	2026-09-24T07:25:17.9954228Z ├ ○ /pro/advisees/training               15.9 kB         277 kB
verificar · typecheck · unit · build · audit	Build web (export estático)	2026-09-24T07:25:17.9954776Z └ ○ /register                            2.87 kB         259 kB
verificar · typecheck · unit · build · audit	Build web (export estático)	2026-09-24T07:25:17.9955176Z + First Load JS shared by all             102 kB
verificar · typecheck · unit · build · audit	Build web (export estático)	2026-09-24T07:25:17.9955593Z   ├ chunks/18-322c3a0465595f76.js        46.4 kB
verificar · typecheck · unit · build · audit	Build web (export estático)	2026-09-24T07:25:17.9955974Z   ├ chunks/87c73c54-0375ba195de27293.js  54.2 kB
verificar · typecheck · unit · build · audit	Build web (export estático)	2026-09-24T07:25:17.9956345Z   └ other shared chunks (total)          1.87 kB
verificar · typecheck · unit · build · audit	Build web (export estático)	2026-09-24T07:25:17.9956544Z 
verificar · typecheck · unit · build · audit	Build web (export estático)	2026-09-24T07:25:17.9956552Z 
verificar · typecheck · unit · build · audit	Build web (export estático)	2026-09-24T07:25:17.9956751Z ○  (Static)  prerendered as static content
verificar · typecheck · unit · build · audit	Build web (export estático)	2026-09-24T07:25:17.9956956Z 
verificar · typecheck · unit · build · audit	npm audit --omit=dev — falla con altos o críticos (WP-01 §2)	﻿2026-09-24T07:25:18.0633585Z ##[group]Run npm run audit:prod
verificar · typecheck · unit · build · audit	npm audit --omit=dev — falla con altos o críticos (WP-01 §2)	2026-09-24T07:25:18.0634177Z ^[[36;1mnpm run audit:prod^[[0m
verificar · typecheck · unit · build · audit	npm audit --omit=dev — falla con altos o críticos (WP-01 §2)	2026-09-24T07:25:18.0682017Z shell: /usr/bin/bash -e {0}
verificar · typecheck · unit · build · audit	npm audit --omit=dev — falla con altos o críticos (WP-01 §2)	2026-09-24T07:25:18.0682486Z ##[endgroup]
verificar · typecheck · unit · build · audit	npm audit --omit=dev — falla con altos o críticos (WP-01 §2)	2026-09-24T07:25:18.1779652Z 
verificar · typecheck · unit · build · audit	npm audit --omit=dev — falla con altos o críticos (WP-01 §2)	2026-09-24T07:25:18.1780277Z > be@0.1.0 audit:prod
verificar · typecheck · unit · build · audit	npm audit --omit=dev — falla con altos o críticos (WP-01 §2)	2026-09-24T07:25:18.1781481Z > npm audit --omit=dev --audit-level=high -w @be/api && npm audit --omit=dev --audit-level=high -w @be/web && npm audit --omit=dev --audit-level=high -w @be/mobile
verificar · typecheck · unit · build · audit	npm audit --omit=dev — falla con altos o críticos (WP-01 §2)	2026-09-24T07:25:18.1782185Z 
verificar · typecheck · unit · build · audit	npm audit --omit=dev — falla con altos o críticos (WP-01 §2)	2026-09-24T07:25:18.7915975Z found 0 vulnerabilities
verificar · typecheck · unit · build · audit	npm audit --omit=dev — falla con altos o críticos (WP-01 §2)	2026-09-24T07:25:19.4073725Z found 0 vulnerabilities
verificar · typecheck · unit · build · audit	npm audit --omit=dev — falla con altos o críticos (WP-01 §2)	2026-09-24T07:25:20.3390485Z # npm audit report
verificar · typecheck · unit · build · audit	npm audit --omit=dev — falla con altos o críticos (WP-01 §2)	2026-09-24T07:25:20.3391101Z 
verificar · typecheck · unit · build · audit	npm audit --omit=dev — falla con altos o críticos (WP-01 §2)	2026-09-24T07:25:20.3391667Z uuid  <11.1.1
verificar · typecheck · unit · build · audit	npm audit --omit=dev — falla con altos o críticos (WP-01 §2)	2026-09-24T07:25:20.3392307Z Severity: moderate
verificar · typecheck · unit · build · audit	npm audit --omit=dev — falla con altos o críticos (WP-01 §2)	2026-09-24T07:25:20.3393648Z uuid: Missing buffer bounds check in v3/v5/v6 when buf is provided - https://github.com/advisories/GHSA-w5hq-g745-h8pq
verificar · typecheck · unit · build · audit	npm audit --omit=dev — falla con altos o críticos (WP-01 §2)	2026-09-24T07:25:20.3394927Z fix available via `npm audit fix --force`
verificar · typecheck · unit · build · audit	npm audit --omit=dev — falla con altos o críticos (WP-01 §2)	2026-09-24T07:25:20.3395811Z Will install expo@46.0.21, which is a breaking change
verificar · typecheck · unit · build · audit	npm audit --omit=dev — falla con altos o críticos (WP-01 §2)	2026-09-24T07:25:20.3396642Z node_modules/uuid
verificar · typecheck · unit · build · audit	npm audit --omit=dev — falla con altos o críticos (WP-01 §2)	2026-09-24T07:25:20.3397189Z   xcode  >=0.9.2
verificar · typecheck · unit · build · audit	npm audit --omit=dev — falla con altos o críticos (WP-01 §2)	2026-09-24T07:25:20.3397816Z   Depends on vulnerable versions of uuid
verificar · typecheck · unit · build · audit	npm audit --omit=dev — falla con altos o críticos (WP-01 §2)	2026-09-24T07:25:20.3398493Z   node_modules/xcode
verificar · typecheck · unit · build · audit	npm audit --omit=dev — falla con altos o críticos (WP-01 §2)	2026-09-24T07:25:20.3399080Z     @expo/config-plugins  *
verificar · typecheck · unit · build · audit	npm audit --omit=dev — falla con altos o críticos (WP-01 §2)	2026-09-24T07:25:20.3400027Z     Depends on vulnerable versions of xcode
verificar · typecheck · unit · build · audit	npm audit --omit=dev — falla con altos o críticos (WP-01 §2)	2026-09-24T07:25:20.3400806Z     node_modules/@expo/config-plugins
verificar · typecheck · unit · build · audit	npm audit --omit=dev — falla con altos o críticos (WP-01 §2)	2026-09-24T07:25:20.3401755Z       @expo/cli  <=0.0.0-canary-20231123-1b19f96-4 || >=0.0.1-canary-20231125-d600e44
verificar · typecheck · unit · build · audit	npm audit --omit=dev — falla con altos o críticos (WP-01 §2)	2026-09-24T07:25:20.3402803Z       Depends on vulnerable versions of @expo/config
verificar · typecheck · unit · build · audit	npm audit --omit=dev — falla con altos o críticos (WP-01 §2)	2026-09-24T07:25:20.3403731Z       Depends on vulnerable versions of @expo/config-plugins
verificar · typecheck · unit · build · audit	npm audit --omit=dev — falla con altos o críticos (WP-01 §2)	2026-09-24T07:25:20.3404640Z       Depends on vulnerable versions of @expo/inline-modules
verificar · typecheck · unit · build · audit	npm audit --omit=dev — falla con altos o críticos (WP-01 §2)	2026-09-24T07:25:20.3405574Z       Depends on vulnerable versions of @expo/metro-config
verificar · typecheck · unit · build · audit	npm audit --omit=dev — falla con altos o críticos (WP-01 §2)	2026-09-24T07:25:20.3407200Z       Depends on vulnerable versions of @expo/prebuild-config
verificar · typecheck · unit · build · audit	npm audit --omit=dev — falla con altos o críticos (WP-01 §2)	2026-09-24T07:25:20.3409703Z       node_modules/@expo/cli
verificar · typecheck · unit · build · audit	npm audit --omit=dev — falla con altos o críticos (WP-01 §2)	2026-09-24T07:25:20.3410736Z         expo  40.0.0-alpha.0 - 40.0.0-beta.5 || >=41.0.0-alpha.0
verificar · typecheck · unit · build · audit	npm audit --omit=dev — falla con altos o críticos (WP-01 §2)	2026-09-24T07:25:20.3411691Z         Depends on vulnerable versions of @expo/cli
verificar · typecheck · unit · build · audit	npm audit --omit=dev — falla con altos o críticos (WP-01 §2)	2026-09-24T07:25:20.3412612Z         Depends on vulnerable versions of @expo/config
verificar · typecheck · unit · build · audit	npm audit --omit=dev — falla con altos o críticos (WP-01 §2)	2026-09-24T07:25:20.3413479Z         Depends on vulnerable versions of @expo/config-plugins
verificar · typecheck · unit · build · audit	npm audit --omit=dev — falla con altos o críticos (WP-01 §2)	2026-09-24T07:25:20.3414154Z         Depends on vulnerable versions of @expo/local-build-cache-provider
verificar · typecheck · unit · build · audit	npm audit --omit=dev — falla con altos o críticos (WP-01 §2)	2026-09-24T07:25:20.3414779Z         Depends on vulnerable versions of @expo/metro-config
verificar · typecheck · unit · build · audit	npm audit --omit=dev — falla con altos o críticos (WP-01 §2)	2026-09-24T07:25:20.3415564Z         node_modules/expo
verificar · typecheck · unit · build · audit	npm audit --omit=dev — falla con altos o críticos (WP-01 §2)	2026-09-24T07:25:20.3416061Z       @expo/config  <=0.0.1-canary-20240418-8d74597 || >=3.3.23-alpha.0
verificar · typecheck · unit · build · audit	npm audit --omit=dev — falla con altos o críticos (WP-01 §2)	2026-09-24T07:25:20.3416648Z       Depends on vulnerable versions of @expo/config-plugins
verificar · typecheck · unit · build · audit	npm audit --omit=dev — falla con altos o críticos (WP-01 §2)	2026-09-24T07:25:20.3417134Z       node_modules/@expo/config
verificar · typecheck · unit · build · audit	npm audit --omit=dev — falla con altos o críticos (WP-01 §2)	2026-09-24T07:25:20.3417573Z         @expo/local-build-cache-provider  *
verificar · typecheck · unit · build · audit	npm audit --omit=dev — falla con altos o críticos (WP-01 §2)	2026-09-24T07:25:20.3418074Z         Depends on vulnerable versions of @expo/config
verificar · typecheck · unit · build · audit	npm audit --omit=dev — falla con altos o críticos (WP-01 §2)	2026-09-24T07:25:20.3418592Z         node_modules/@expo/local-build-cache-provider
verificar · typecheck · unit · build · audit	npm audit --omit=dev — falla con altos o críticos (WP-01 §2)	2026-09-24T07:25:20.3419178Z         @expo/metro-config  <=0.0.1-canary-20240418-8d74597 || >=0.1.49-alpha.0
verificar · typecheck · unit · build · audit	npm audit --omit=dev — falla con altos o críticos (WP-01 §2)	2026-09-24T07:25:20.3420222Z         Depends on vulnerable versions of @expo/config
verificar · typecheck · unit · build · audit	npm audit --omit=dev — falla con altos o críticos (WP-01 §2)	2026-09-24T07:25:20.3420840Z         node_modules/@expo/metro-config
verificar · typecheck · unit · build · audit	npm audit --omit=dev — falla con altos o críticos (WP-01 §2)	2026-09-24T07:25:20.3421229Z       @expo/inline-modules  >=0.0.2-canary-20260409-6fc2991
verificar · typecheck · unit · build · audit	npm audit --omit=dev — falla con altos o críticos (WP-01 §2)	2026-09-24T07:25:20.3421955Z       Depends on vulnerable versions of @expo/config-plugins
verificar · typecheck · unit · build · audit	npm audit --omit=dev — falla con altos o críticos (WP-01 §2)	2026-09-24T07:25:20.3422573Z       node_modules/@expo/inline-modules
verificar · typecheck · unit · build · audit	npm audit --omit=dev — falla con altos o críticos (WP-01 §2)	2026-09-24T07:25:20.3423008Z       @expo/prebuild-config  *
verificar · typecheck · unit · build · audit	npm audit --omit=dev — falla con altos o críticos (WP-01 §2)	2026-09-24T07:25:20.3423323Z       Depends on vulnerable versions of @expo/config
verificar · typecheck · unit · build · audit	npm audit --omit=dev — falla con altos o críticos (WP-01 §2)	2026-09-24T07:25:20.3423711Z       Depends on vulnerable versions of @expo/config-plugins
verificar · typecheck · unit · build · audit	npm audit --omit=dev — falla con altos o críticos (WP-01 §2)	2026-09-24T07:25:20.3424075Z       node_modules/@expo/prebuild-config
verificar · typecheck · unit · build · audit	npm audit --omit=dev — falla con altos o críticos (WP-01 §2)	2026-09-24T07:25:20.3424257Z 
verificar · typecheck · unit · build · audit	npm audit --omit=dev — falla con altos o críticos (WP-01 §2)	2026-09-24T07:25:20.3424411Z 10 moderate severity vulnerabilities
verificar · typecheck · unit · build · audit	npm audit --omit=dev — falla con altos o críticos (WP-01 §2)	2026-09-24T07:25:20.3424858Z 
verificar · typecheck · unit · build · audit	npm audit --omit=dev — falla con altos o críticos (WP-01 §2)	2026-09-24T07:25:20.3425061Z To address issues that do not require attention, run:
verificar · typecheck · unit · build · audit	npm audit --omit=dev — falla con altos o críticos (WP-01 §2)	2026-09-24T07:25:20.3425363Z   npm audit fix
verificar · typecheck · unit · build · audit	npm audit --omit=dev — falla con altos o críticos (WP-01 §2)	2026-09-24T07:25:20.3425485Z 
verificar · typecheck · unit · build · audit	npm audit --omit=dev — falla con altos o críticos (WP-01 §2)	2026-09-24T07:25:20.3425689Z To address all issues (including breaking changes), run:
verificar · typecheck · unit · build · audit	npm audit --omit=dev — falla con altos o críticos (WP-01 §2)	2026-09-24T07:25:20.3426014Z   npm audit fix --force
verificar · typecheck · unit · build · audit	Post Run actions/setup-node@v7	﻿2026-09-24T07:25:20.3695132Z Post job cleanup.
verificar · typecheck · unit · build · audit	Post Run actions/setup-node@v7	2026-09-24T07:25:20.5026294Z [command]/usr/bin/tar --posix -cf cache.tzst --exclude cache.tzst -P -C /home/runner/work/be/be --files-from manifest.txt --use-compress-program zstdmt
verificar · typecheck · unit · build · audit	Post Run actions/setup-node@v7	2026-09-24T07:25:22.1918534Z Sent 2873193 of 338417513 (0.8%), 2.7 MBs/sec
verificar · typecheck · unit · build · audit	Post Run actions/setup-node@v7	2026-09-24T07:25:22.5943511Z Sent 338417513 of 338417513 (100.0%), 230.0 MBs/sec
verificar · typecheck · unit · build · audit	Post Run actions/setup-node@v7	2026-09-24T07:25:22.7686171Z Cache saved with the key: node-cache-Linux-x64-npm-f4a5306afd7f517952b0744f3e3566052f0fac9e496cdfe8370c8cb4545cd4d3
verificar · typecheck · unit · build · audit	Post Run actions/checkout@v7	﻿2026-09-24T07:25:22.7834175Z Post job cleanup.
verificar · typecheck · unit · build · audit	Post Run actions/checkout@v7	2026-09-24T07:25:22.8701818Z [command]/usr/bin/git version
verificar · typecheck · unit · build · audit	Post Run actions/checkout@v7	2026-09-24T07:25:22.8757255Z git version 2.55.0
verificar · typecheck · unit · build · audit	Post Run actions/checkout@v7	2026-09-24T07:25:22.8800795Z Temporarily overriding HOME='/home/runner/work/_temp/c69f481b-767a-4d3c-b4d0-9aa7c3875cf8' before making global git config changes
verificar · typecheck · unit · build · audit	Post Run actions/checkout@v7	2026-09-24T07:25:22.8802306Z Adding repository directory to the temporary git global config as a safe directory
verificar · typecheck · unit · build · audit	Post Run actions/checkout@v7	2026-09-24T07:25:22.8807139Z [command]/usr/bin/git config --global --add safe.directory /home/runner/work/be/be
verificar · typecheck · unit · build · audit	Post Run actions/checkout@v7	2026-09-24T07:25:22.8843722Z Removing SSH command configuration
verificar · typecheck · unit · build · audit	Post Run actions/checkout@v7	2026-09-24T07:25:22.8851115Z [command]/usr/bin/git config --local --name-only --get-regexp core\.sshCommand
verificar · typecheck · unit · build · audit	Post Run actions/checkout@v7	2026-09-24T07:25:22.8891096Z [command]/usr/bin/git submodule foreach --recursive sh -c "git config --local --name-only --get-regexp 'core\.sshCommand' && git config --local --unset-all 'core.sshCommand' || :"
verificar · typecheck · unit · build · audit	Post Run actions/checkout@v7	2026-09-24T07:25:22.9148488Z Removing HTTP extra header
verificar · typecheck · unit · build · audit	Post Run actions/checkout@v7	2026-09-24T07:25:22.9155820Z [command]/usr/bin/git config --local --name-only --get-regexp http\.https\:\/\/github\.com\/\.extraheader
verificar · typecheck · unit · build · audit	Post Run actions/checkout@v7	2026-09-24T07:25:22.9194504Z [command]/usr/bin/git submodule foreach --recursive sh -c "git config --local --name-only --get-regexp 'http\.https\:\/\/github\.com\/\.extraheader' && git config --local --unset-all 'http.https://github.com/.extraheader' || :"
verificar · typecheck · unit · build · audit	Post Run actions/checkout@v7	2026-09-24T07:25:22.9478273Z Removing includeIf entries pointing to credentials config files
verificar · typecheck · unit · build · audit	Post Run actions/checkout@v7	2026-09-24T07:25:22.9488306Z [command]/usr/bin/git config --local --name-only --get-regexp ^includeIf\.gitdir:
verificar · typecheck · unit · build · audit	Post Run actions/checkout@v7	2026-09-24T07:25:22.9521292Z includeif.gitdir:/home/runner/work/be/be/.git.path
verificar · typecheck · unit · build · audit	Post Run actions/checkout@v7	2026-09-24T07:25:22.9522213Z includeif.gitdir:/home/runner/work/be/be/.git/worktrees/*.path
verificar · typecheck · unit · build · audit	Post Run actions/checkout@v7	2026-09-24T07:25:22.9522853Z includeif.gitdir:/github/workspace/.git.path
verificar · typecheck · unit · build · audit	Post Run actions/checkout@v7	2026-09-24T07:25:22.9523795Z includeif.gitdir:/github/workspace/.git/worktrees/*.path
verificar · typecheck · unit · build · audit	Post Run actions/checkout@v7	2026-09-24T07:25:22.9531507Z [command]/usr/bin/git config --local --get-all includeif.gitdir:/home/runner/work/be/be/.git.path
verificar · typecheck · unit · build · audit	Post Run actions/checkout@v7	2026-09-24T07:25:22.9560811Z /home/runner/work/_temp/git-credentials-73cdff4e-816f-44f0-bd23-7ddaac1b6678.config
verificar · typecheck · unit · build · audit	Post Run actions/checkout@v7	2026-09-24T07:25:22.9574462Z [command]/usr/bin/git config --local --unset includeif.gitdir:/home/runner/work/be/be/.git.path \/home\/runner\/work\/_temp\/git\-credentials\-73cdff4e\-816f\-44f0\-bd23\-7ddaac1b6678\.config
verificar · typecheck · unit · build · audit	Post Run actions/checkout@v7	2026-09-24T07:25:22.9621331Z [command]/usr/bin/git config --local --get-all includeif.gitdir:/home/runner/work/be/be/.git/worktrees/*.path
verificar · typecheck · unit · build · audit	Post Run actions/checkout@v7	2026-09-24T07:25:22.9651842Z /home/runner/work/_temp/git-credentials-73cdff4e-816f-44f0-bd23-7ddaac1b6678.config
verificar · typecheck · unit · build · audit	Post Run actions/checkout@v7	2026-09-24T07:25:22.9660687Z [command]/usr/bin/git config --local --unset includeif.gitdir:/home/runner/work/be/be/.git/worktrees/*.path \/home\/runner\/work\/_temp\/git\-credentials\-73cdff4e\-816f\-44f0\-bd23\-7ddaac1b6678\.config
verificar · typecheck · unit · build · audit	Post Run actions/checkout@v7	2026-09-24T07:25:22.9711149Z [command]/usr/bin/git config --local --get-all includeif.gitdir:/github/workspace/.git.path
verificar · typecheck · unit · build · audit	Post Run actions/checkout@v7	2026-09-24T07:25:22.9740884Z /github/runner_temp/git-credentials-73cdff4e-816f-44f0-bd23-7ddaac1b6678.config
verificar · typecheck · unit · build · audit	Post Run actions/checkout@v7	2026-09-24T07:25:22.9750237Z [command]/usr/bin/git config --local --unset includeif.gitdir:/github/workspace/.git.path \/github\/runner_temp\/git\-credentials\-73cdff4e\-816f\-44f0\-bd23\-7ddaac1b6678\.config
verificar · typecheck · unit · build · audit	Post Run actions/checkout@v7	2026-09-24T07:25:22.9792284Z [command]/usr/bin/git config --local --get-all includeif.gitdir:/github/workspace/.git/worktrees/*.path
verificar · typecheck · unit · build · audit	Post Run actions/checkout@v7	2026-09-24T07:25:22.9820087Z /github/runner_temp/git-credentials-73cdff4e-816f-44f0-bd23-7ddaac1b6678.config
verificar · typecheck · unit · build · audit	Post Run actions/checkout@v7	2026-09-24T07:25:22.9832863Z [command]/usr/bin/git config --local --unset includeif.gitdir:/github/workspace/.git/worktrees/*.path \/github\/runner_temp\/git\-credentials\-73cdff4e\-816f\-44f0\-bd23\-7ddaac1b6678\.config
verificar · typecheck · unit · build · audit	Post Run actions/checkout@v7	2026-09-24T07:25:22.9880051Z [command]/usr/bin/git submodule foreach --recursive git config --local --show-origin --name-only --get-regexp remote.origin.url
verificar · typecheck · unit · build · audit	Post Run actions/checkout@v7	2026-09-24T07:25:23.0127577Z Removing credentials config '/home/runner/work/_temp/git-credentials-73cdff4e-816f-44f0-bd23-7ddaac1b6678.config'
verificar · typecheck · unit · build · audit	Complete job	﻿2026-09-24T07:25:23.0289095Z Cleaning up orphan processes
