verificar · typecheck · unit · build · audit	UNKNOWN STEP	﻿2026-09-24T04:15:10.1842179Z Current runner version: '2.337.0'
verificar · typecheck · unit · build · audit	UNKNOWN STEP	2026-09-24T04:15:10.1871214Z ##[group]Runner Image Provisioner
verificar · typecheck · unit · build · audit	UNKNOWN STEP	2026-09-24T04:15:10.1872468Z Hosted Compute Agent
verificar · typecheck · unit · build · audit	UNKNOWN STEP	2026-09-24T04:15:10.1873386Z Version: 20260828.587
verificar · typecheck · unit · build · audit	UNKNOWN STEP	2026-09-24T04:15:10.1874508Z Commit: abac92662cab4cc7352de4f9f9d2e2419aad9c29
verificar · typecheck · unit · build · audit	UNKNOWN STEP	2026-09-24T04:15:10.1875728Z Build Date: 2026-08-28T16:44:25Z
verificar · typecheck · unit · build · audit	UNKNOWN STEP	2026-09-24T04:15:10.1876862Z Worker ID: {0f15ecd2-7258-4643-a60f-fd2b09fc7199}
verificar · typecheck · unit · build · audit	UNKNOWN STEP	2026-09-24T04:15:10.1878061Z Azure Region: eastus2
verificar · typecheck · unit · build · audit	UNKNOWN STEP	2026-09-24T04:15:10.1878963Z ##[endgroup]
verificar · typecheck · unit · build · audit	UNKNOWN STEP	2026-09-24T04:15:10.1881569Z ##[group]Operating System
verificar · typecheck · unit · build · audit	UNKNOWN STEP	2026-09-24T04:15:10.1882715Z Ubuntu
verificar · typecheck · unit · build · audit	UNKNOWN STEP	2026-09-24T04:15:10.1883762Z 24.04.5
verificar · typecheck · unit · build · audit	UNKNOWN STEP	2026-09-24T04:15:10.1884659Z LTS
verificar · typecheck · unit · build · audit	UNKNOWN STEP	2026-09-24T04:15:10.1885484Z ##[endgroup]
verificar · typecheck · unit · build · audit	UNKNOWN STEP	2026-09-24T04:15:10.1886497Z ##[group]Runner Image
verificar · typecheck · unit · build · audit	UNKNOWN STEP	2026-09-24T04:15:10.1887562Z Image: ubuntu-24.04
verificar · typecheck · unit · build · audit	UNKNOWN STEP	2026-09-24T04:15:10.1889428Z Version: 20260920.314.1
verificar · typecheck · unit · build · audit	UNKNOWN STEP	2026-09-24T04:15:10.1892146Z Included Software: https://github.com/actions/runner-images/blob/ubuntu24/20260920.314/images/ubuntu/Ubuntu2404-Readme.md
verificar · typecheck · unit · build · audit	UNKNOWN STEP	2026-09-24T04:15:10.1895131Z Image Release: https://github.com/actions/runner-images/releases/tag/ubuntu24%2F20260920.314
verificar · typecheck · unit · build · audit	UNKNOWN STEP	2026-09-24T04:15:10.1896970Z ##[endgroup]
verificar · typecheck · unit · build · audit	UNKNOWN STEP	2026-09-24T04:15:10.1898890Z ##[group]GITHUB_TOKEN Permissions
verificar · typecheck · unit · build · audit	UNKNOWN STEP	2026-09-24T04:15:10.1902000Z Contents: read
verificar · typecheck · unit · build · audit	UNKNOWN STEP	2026-09-24T04:15:10.1903068Z Metadata: read
verificar · typecheck · unit · build · audit	UNKNOWN STEP	2026-09-24T04:15:10.1904129Z ##[endgroup]
verificar · typecheck · unit · build · audit	UNKNOWN STEP	2026-09-24T04:15:10.1907806Z Secret source: Actions
verificar · typecheck · unit · build · audit	UNKNOWN STEP	2026-09-24T04:15:10.1909429Z Cache mode: write
verificar · typecheck · unit · build · audit	UNKNOWN STEP	2026-09-24T04:15:10.1910594Z Prepare workflow directory
verificar · typecheck · unit · build · audit	UNKNOWN STEP	2026-09-24T04:15:10.2403560Z Prepare all required actions
verificar · typecheck · unit · build · audit	UNKNOWN STEP	2026-09-24T04:15:10.2475610Z Getting action download info
verificar · typecheck · unit · build · audit	UNKNOWN STEP	2026-09-24T04:15:10.4751176Z Download action repository 'actions/checkout@v7' (SHA:3d3c42e5aac5ba805825da76410c181273ba90b1)
verificar · typecheck · unit · build · audit	UNKNOWN STEP	2026-09-24T04:15:10.5744214Z Download action repository 'actions/setup-node@v7' (SHA:820762786026740c76f36085b0efc47a31fe5020)
verificar · typecheck · unit · build · audit	UNKNOWN STEP	2026-09-24T04:15:10.7658526Z Complete job name: verificar · typecheck · unit · build · audit
verificar · typecheck · unit · build · audit	UNKNOWN STEP	2026-09-24T04:15:10.8473243Z ##[group]Run actions/checkout@v7
verificar · typecheck · unit · build · audit	UNKNOWN STEP	2026-09-24T04:15:10.8474363Z with:
verificar · typecheck · unit · build · audit	UNKNOWN STEP	2026-09-24T04:15:10.8474830Z   repository: Elian-Bufi/be
verificar · typecheck · unit · build · audit	UNKNOWN STEP	2026-09-24T04:15:10.8478788Z   token: ***
verificar · typecheck · unit · build · audit	UNKNOWN STEP	2026-09-24T04:15:10.8479230Z   ssh-strict: true
verificar · typecheck · unit · build · audit	UNKNOWN STEP	2026-09-24T04:15:10.8479674Z   ssh-user: git
verificar · typecheck · unit · build · audit	UNKNOWN STEP	2026-09-24T04:15:10.8480136Z   persist-credentials: true
verificar · typecheck · unit · build · audit	UNKNOWN STEP	2026-09-24T04:15:10.8480633Z   clean: true
verificar · typecheck · unit · build · audit	UNKNOWN STEP	2026-09-24T04:15:10.8481300Z   sparse-checkout-cone-mode: true
verificar · typecheck · unit · build · audit	UNKNOWN STEP	2026-09-24T04:15:10.8481838Z   fetch-depth: 1
verificar · typecheck · unit · build · audit	UNKNOWN STEP	2026-09-24T04:15:10.8482277Z   fetch-tags: false
verificar · typecheck · unit · build · audit	UNKNOWN STEP	2026-09-24T04:15:10.8482720Z   show-progress: true
verificar · typecheck · unit · build · audit	UNKNOWN STEP	2026-09-24T04:15:10.8483168Z   lfs: false
verificar · typecheck · unit · build · audit	UNKNOWN STEP	2026-09-24T04:15:10.8483583Z   submodules: false
verificar · typecheck · unit · build · audit	UNKNOWN STEP	2026-09-24T04:15:10.8484030Z   set-safe-directory: true
verificar · typecheck · unit · build · audit	UNKNOWN STEP	2026-09-24T04:15:10.8484541Z   allow-unsafe-pr-checkout: false
verificar · typecheck · unit · build · audit	UNKNOWN STEP	2026-09-24T04:15:10.8485345Z ##[endgroup]
verificar · typecheck · unit · build · audit	UNKNOWN STEP	2026-09-24T04:15:10.9540122Z Syncing repository: Elian-Bufi/be
verificar · typecheck · unit · build · audit	UNKNOWN STEP	2026-09-24T04:15:10.9542968Z ##[group]Getting Git version info
verificar · typecheck · unit · build · audit	UNKNOWN STEP	2026-09-24T04:15:10.9544174Z Working directory is '/home/runner/work/be/be'
verificar · typecheck · unit · build · audit	UNKNOWN STEP	2026-09-24T04:15:10.9545814Z [command]/usr/bin/git version
verificar · typecheck · unit · build · audit	UNKNOWN STEP	2026-09-24T04:15:10.9638181Z git version 2.55.0
verificar · typecheck · unit · build · audit	UNKNOWN STEP	2026-09-24T04:15:10.9665796Z ##[endgroup]
verificar · typecheck · unit · build · audit	UNKNOWN STEP	2026-09-24T04:15:10.9678389Z Temporarily overriding HOME='/home/runner/work/_temp/19faac1c-437b-4598-a22c-20190445903d' before making global git config changes
verificar · typecheck · unit · build · audit	UNKNOWN STEP	2026-09-24T04:15:10.9680307Z Adding repository directory to the temporary git global config as a safe directory
verificar · typecheck · unit · build · audit	UNKNOWN STEP	2026-09-24T04:15:10.9684887Z [command]/usr/bin/git config --global --add safe.directory /home/runner/work/be/be
verificar · typecheck · unit · build · audit	UNKNOWN STEP	2026-09-24T04:15:10.9738991Z Deleting the contents of '/home/runner/work/be/be'
verificar · typecheck · unit · build · audit	UNKNOWN STEP	2026-09-24T04:15:10.9743107Z ##[group]Determining repository object format
verificar · typecheck · unit · build · audit	UNKNOWN STEP	2026-09-24T04:15:10.9745015Z ##[endgroup]
verificar · typecheck · unit · build · audit	UNKNOWN STEP	2026-09-24T04:15:10.9746264Z ##[group]Initializing the repository
verificar · typecheck · unit · build · audit	UNKNOWN STEP	2026-09-24T04:15:10.9750238Z [command]/usr/bin/git init /home/runner/work/be/be
verificar · typecheck · unit · build · audit	UNKNOWN STEP	2026-09-24T04:15:10.9896334Z hint: Using 'master' as the name for the initial branch. This default branch name
verificar · typecheck · unit · build · audit	UNKNOWN STEP	2026-09-24T04:15:10.9898301Z hint: will change to "main" in Git 3.0. To configure the initial branch name
verificar · typecheck · unit · build · audit	UNKNOWN STEP	2026-09-24T04:15:10.9900303Z hint: to use in all of your new repositories, which will suppress this warning,
verificar · typecheck · unit · build · audit	UNKNOWN STEP	2026-09-24T04:15:10.9901850Z hint: call:
verificar · typecheck · unit · build · audit	UNKNOWN STEP	2026-09-24T04:15:10.9902424Z hint:
verificar · typecheck · unit · build · audit	UNKNOWN STEP	2026-09-24T04:15:10.9903066Z hint: 	git config --global init.defaultBranch <name>
verificar · typecheck · unit · build · audit	UNKNOWN STEP	2026-09-24T04:15:10.9903725Z hint:
verificar · typecheck · unit · build · audit	UNKNOWN STEP	2026-09-24T04:15:10.9904333Z hint: Names commonly chosen instead of 'master' are 'main', 'trunk' and
verificar · typecheck · unit · build · audit	UNKNOWN STEP	2026-09-24T04:15:10.9905285Z hint: 'development'. The just-created branch can be renamed via this command:
verificar · typecheck · unit · build · audit	UNKNOWN STEP	2026-09-24T04:15:10.9906155Z hint:
verificar · typecheck · unit · build · audit	UNKNOWN STEP	2026-09-24T04:15:10.9906675Z hint: 	git branch -m <name>
verificar · typecheck · unit · build · audit	UNKNOWN STEP	2026-09-24T04:15:10.9907193Z hint:
verificar · typecheck · unit · build · audit	UNKNOWN STEP	2026-09-24T04:15:10.9907832Z hint: Disable this message with "git config set advice.defaultBranchName false"
verificar · typecheck · unit · build · audit	UNKNOWN STEP	2026-09-24T04:15:10.9908833Z Initialized empty Git repository in /home/runner/work/be/be/.git/
verificar · typecheck · unit · build · audit	UNKNOWN STEP	2026-09-24T04:15:10.9922769Z [command]/usr/bin/git remote add origin https://github.com/Elian-Bufi/be
verificar · typecheck · unit · build · audit	UNKNOWN STEP	2026-09-24T04:15:10.9975235Z ##[endgroup]
verificar · typecheck · unit · build · audit	UNKNOWN STEP	2026-09-24T04:15:10.9976476Z ##[group]Disabling automatic garbage collection
verificar · typecheck · unit · build · audit	UNKNOWN STEP	2026-09-24T04:15:10.9978975Z [command]/usr/bin/git config --local gc.auto 0
verificar · typecheck · unit · build · audit	UNKNOWN STEP	2026-09-24T04:15:11.0017748Z ##[endgroup]
verificar · typecheck · unit · build · audit	UNKNOWN STEP	2026-09-24T04:15:11.0019191Z ##[group]Setting up auth
verificar · typecheck · unit · build · audit	UNKNOWN STEP	2026-09-24T04:15:11.0020029Z Removing SSH command configuration
verificar · typecheck · unit · build · audit	UNKNOWN STEP	2026-09-24T04:15:11.0031999Z [command]/usr/bin/git config --local --name-only --get-regexp core\.sshCommand
verificar · typecheck · unit · build · audit	UNKNOWN STEP	2026-09-24T04:15:11.0084773Z [command]/usr/bin/git submodule foreach --recursive sh -c "git config --local --name-only --get-regexp 'core\.sshCommand' && git config --local --unset-all 'core.sshCommand' || :"
verificar · typecheck · unit · build · audit	UNKNOWN STEP	2026-09-24T04:15:11.0483630Z Removing HTTP extra header
verificar · typecheck · unit · build · audit	UNKNOWN STEP	2026-09-24T04:15:11.0489973Z [command]/usr/bin/git config --local --name-only --get-regexp http\.https\:\/\/github\.com\/\.extraheader
verificar · typecheck · unit · build · audit	UNKNOWN STEP	2026-09-24T04:15:11.0527985Z [command]/usr/bin/git submodule foreach --recursive sh -c "git config --local --name-only --get-regexp 'http\.https\:\/\/github\.com\/\.extraheader' && git config --local --unset-all 'http.https://github.com/.extraheader' || :"
verificar · typecheck · unit · build · audit	UNKNOWN STEP	2026-09-24T04:15:11.0755933Z Removing includeIf entries pointing to credentials config files
verificar · typecheck · unit · build · audit	UNKNOWN STEP	2026-09-24T04:15:11.0761357Z [command]/usr/bin/git config --local --name-only --get-regexp ^includeIf\.gitdir:
verificar · typecheck · unit · build · audit	UNKNOWN STEP	2026-09-24T04:15:11.0799444Z [command]/usr/bin/git submodule foreach --recursive git config --local --show-origin --name-only --get-regexp remote.origin.url
verificar · typecheck · unit · build · audit	UNKNOWN STEP	2026-09-24T04:15:11.1029317Z [command]/usr/bin/git config --file /home/runner/work/_temp/git-credentials-aff45e58-8951-4aab-8f39-f40bd8409d0c.config http.https://github.com/.extraheader AUTHORIZATION: basic ***
verificar · typecheck · unit · build · audit	UNKNOWN STEP	2026-09-24T04:15:11.1072115Z [command]/usr/bin/git config --local includeIf.gitdir:/home/runner/work/be/be/.git.path /home/runner/work/_temp/git-credentials-aff45e58-8951-4aab-8f39-f40bd8409d0c.config
verificar · typecheck · unit · build · audit	UNKNOWN STEP	2026-09-24T04:15:11.1107394Z [command]/usr/bin/git config --local includeIf.gitdir:/home/runner/work/be/be/.git/worktrees/*.path /home/runner/work/_temp/git-credentials-aff45e58-8951-4aab-8f39-f40bd8409d0c.config
verificar · typecheck · unit · build · audit	UNKNOWN STEP	2026-09-24T04:15:11.1145571Z [command]/usr/bin/git config --local includeIf.gitdir:/github/workspace/.git.path /github/runner_temp/git-credentials-aff45e58-8951-4aab-8f39-f40bd8409d0c.config
verificar · typecheck · unit · build · audit	UNKNOWN STEP	2026-09-24T04:15:11.1182909Z [command]/usr/bin/git config --local includeIf.gitdir:/github/workspace/.git/worktrees/*.path /github/runner_temp/git-credentials-aff45e58-8951-4aab-8f39-f40bd8409d0c.config
verificar · typecheck · unit · build · audit	UNKNOWN STEP	2026-09-24T04:15:11.1215814Z ##[endgroup]
verificar · typecheck · unit · build · audit	UNKNOWN STEP	2026-09-24T04:15:11.1217152Z ##[group]Fetching the repository
verificar · typecheck · unit · build · audit	UNKNOWN STEP	2026-09-24T04:15:11.1225145Z [command]/usr/bin/git -c protocol.version=2 fetch --no-tags --prune --no-recurse-submodules --depth=1 origin +416fb14186bb60d69d354cf88aba7a83c511ca7f:refs/remotes/origin/main
verificar · typecheck · unit · build · audit	UNKNOWN STEP	2026-09-24T04:15:12.9026137Z From https://github.com/Elian-Bufi/be
verificar · typecheck · unit · build · audit	UNKNOWN STEP	2026-09-24T04:15:12.9027493Z  * [new ref]         416fb14186bb60d69d354cf88aba7a83c511ca7f -> origin/main
verificar · typecheck · unit · build · audit	UNKNOWN STEP	2026-09-24T04:15:12.9035670Z [command]/usr/bin/git branch --list --remote origin/main
verificar · typecheck · unit · build · audit	UNKNOWN STEP	2026-09-24T04:15:12.9065862Z   origin/main
verificar · typecheck · unit · build · audit	UNKNOWN STEP	2026-09-24T04:15:12.9074215Z [command]/usr/bin/git rev-parse refs/remotes/origin/main
verificar · typecheck · unit · build · audit	UNKNOWN STEP	2026-09-24T04:15:12.9101412Z 416fb14186bb60d69d354cf88aba7a83c511ca7f
verificar · typecheck · unit · build · audit	UNKNOWN STEP	2026-09-24T04:15:12.9105822Z ##[endgroup]
verificar · typecheck · unit · build · audit	UNKNOWN STEP	2026-09-24T04:15:12.9106677Z ##[group]Determining the checkout info
verificar · typecheck · unit · build · audit	UNKNOWN STEP	2026-09-24T04:15:12.9107827Z ##[endgroup]
verificar · typecheck · unit · build · audit	UNKNOWN STEP	2026-09-24T04:15:12.9110546Z [command]/usr/bin/git sparse-checkout disable
verificar · typecheck · unit · build · audit	UNKNOWN STEP	2026-09-24T04:15:12.9171831Z [command]/usr/bin/git config --local --unset-all extensions.worktreeConfig
verificar · typecheck · unit · build · audit	UNKNOWN STEP	2026-09-24T04:15:12.9205740Z ##[group]Checking out the ref
verificar · typecheck · unit · build · audit	UNKNOWN STEP	2026-09-24T04:15:12.9208905Z [command]/usr/bin/git checkout --progress --force -B main refs/remotes/origin/main
verificar · typecheck · unit · build · audit	UNKNOWN STEP	2026-09-24T04:15:13.1507000Z Switched to a new branch 'main'
verificar · typecheck · unit · build · audit	UNKNOWN STEP	2026-09-24T04:15:13.1512688Z branch 'main' set up to track 'origin/main'.
verificar · typecheck · unit · build · audit	UNKNOWN STEP	2026-09-24T04:15:13.1528746Z ##[endgroup]
verificar · typecheck · unit · build · audit	UNKNOWN STEP	2026-09-24T04:15:13.1579918Z [command]/usr/bin/git log -1 --format=%H
verificar · typecheck · unit · build · audit	UNKNOWN STEP	2026-09-24T04:15:13.1609460Z 416fb14186bb60d69d354cf88aba7a83c511ca7f
verificar · typecheck · unit · build · audit	UNKNOWN STEP	2026-09-24T04:15:13.1989006Z ##[group]Run actions/setup-node@v7
verificar · typecheck · unit · build · audit	UNKNOWN STEP	2026-09-24T04:15:13.1990342Z with:
verificar · typecheck · unit · build · audit	UNKNOWN STEP	2026-09-24T04:15:13.1991512Z   node-version-file: .nvmrc
verificar · typecheck · unit · build · audit	UNKNOWN STEP	2026-09-24T04:15:13.1992643Z   cache: npm
verificar · typecheck · unit · build · audit	UNKNOWN STEP	2026-09-24T04:15:13.1993624Z   check-latest: false
verificar · typecheck · unit · build · audit	UNKNOWN STEP	2026-09-24T04:15:13.2004104Z   token: ***
verificar · typecheck · unit · build · audit	UNKNOWN STEP	2026-09-24T04:15:13.2005145Z   package-manager-cache: true
verificar · typecheck · unit · build · audit	UNKNOWN STEP	2026-09-24T04:15:13.2006330Z ##[endgroup]
verificar · typecheck · unit · build · audit	UNKNOWN STEP	2026-09-24T04:15:13.3321431Z Node version file is not JSON file
verificar · typecheck · unit · build · audit	UNKNOWN STEP	2026-09-24T04:15:13.3323228Z Resolved .nvmrc as 22.23.2
verificar · typecheck · unit · build · audit	UNKNOWN STEP	2026-09-24T04:15:13.3351482Z Found in cache @ /opt/hostedtoolcache/node/22.23.2/x64
verificar · typecheck · unit · build · audit	UNKNOWN STEP	2026-09-24T04:15:13.3354297Z ##[group]Environment details
verificar · typecheck · unit · build · audit	UNKNOWN STEP	2026-09-24T04:15:13.7896352Z node: v22.23.2
verificar · typecheck · unit · build · audit	UNKNOWN STEP	2026-09-24T04:15:13.7897675Z npm: 10.9.8
verificar · typecheck · unit · build · audit	UNKNOWN STEP	2026-09-24T04:15:13.7897906Z yarn: 1.22.22
verificar · typecheck · unit · build · audit	UNKNOWN STEP	2026-09-24T04:15:13.7898829Z ##[endgroup]
verificar · typecheck · unit · build · audit	UNKNOWN STEP	2026-09-24T04:15:13.7916277Z [command]/opt/hostedtoolcache/node/22.23.2/x64/bin/npm config get cache
verificar · typecheck · unit · build · audit	UNKNOWN STEP	2026-09-24T04:15:13.9088467Z /home/runner/.npm
verificar · typecheck · unit · build · audit	UNKNOWN STEP	2026-09-24T04:15:13.9909872Z npm cache is not found
verificar · typecheck · unit · build · audit	UNKNOWN STEP	2026-09-24T04:15:14.0042479Z ##[group]Run npm ci
verificar · typecheck · unit · build · audit	UNKNOWN STEP	2026-09-24T04:15:14.0042829Z ^[[36;1mnpm ci^[[0m
verificar · typecheck · unit · build · audit	UNKNOWN STEP	2026-09-24T04:15:14.0350665Z shell: /usr/bin/bash -e {0}
verificar · typecheck · unit · build · audit	UNKNOWN STEP	2026-09-24T04:15:14.0351316Z ##[endgroup]
verificar · typecheck · unit · build · audit	UNKNOWN STEP	2026-09-24T04:15:19.5849299Z npm warn deprecated uuid@7.0.3: uuid@10 and below is no longer supported.  For ESM codebases, update to uuid@latest.  For CommonJS codebases, use uuid@11 (but be aware this version will likely be deprecated in 2028).
verificar · typecheck · unit · build · audit	UNKNOWN STEP	2026-09-24T04:15:23.8689043Z npm warn deprecated glob@10.5.0: Old versions of glob are not supported, and contain widely publicized security vulnerabilities, which have been fixed in the current version. Please update. Support for old versions may be purchased (at exorbitant rates) by contacting i@izs.me
verificar · typecheck · unit · build · audit	UNKNOWN STEP	2026-09-24T04:15:24.1058151Z npm warn deprecated glob@10.5.0: Old versions of glob are not supported, and contain widely publicized security vulnerabilities, which have been fixed in the current version. Please update. Support for old versions may be purchased (at exorbitant rates) by contacting i@izs.me
verificar · typecheck · unit · build · audit	UNKNOWN STEP	2026-09-24T04:15:49.5902364Z 
verificar · typecheck · unit · build · audit	UNKNOWN STEP	2026-09-24T04:15:49.5904138Z added 978 packages, and audited 983 packages in 35s
verificar · typecheck · unit · build · audit	UNKNOWN STEP	2026-09-24T04:15:49.6468457Z 
verificar · typecheck · unit · build · audit	UNKNOWN STEP	2026-09-24T04:15:49.6469233Z 10 moderate severity vulnerabilities
verificar · typecheck · unit · build · audit	UNKNOWN STEP	2026-09-24T04:15:49.6469710Z 
verificar · typecheck · unit · build · audit	UNKNOWN STEP	2026-09-24T04:15:49.6470162Z To address issues that do not require attention, run:
verificar · typecheck · unit · build · audit	UNKNOWN STEP	2026-09-24T04:15:49.6471060Z   npm audit fix
verificar · typecheck · unit · build · audit	UNKNOWN STEP	2026-09-24T04:15:49.6471340Z 
verificar · typecheck · unit · build · audit	UNKNOWN STEP	2026-09-24T04:15:49.6471820Z To address all issues (including breaking changes), run:
verificar · typecheck · unit · build · audit	UNKNOWN STEP	2026-09-24T04:15:49.6472511Z   npm audit fix --force
verificar · typecheck · unit · build · audit	UNKNOWN STEP	2026-09-24T04:15:49.6472727Z 
verificar · typecheck · unit · build · audit	UNKNOWN STEP	2026-09-24T04:15:49.6472922Z Run `npm audit` for details.
verificar · typecheck · unit · build · audit	UNKNOWN STEP	2026-09-24T04:15:49.7332231Z ##[group]Run npx prisma generate
verificar · typecheck · unit · build · audit	UNKNOWN STEP	2026-09-24T04:15:49.7332593Z ^[[36;1mnpx prisma generate^[[0m
verificar · typecheck · unit · build · audit	UNKNOWN STEP	2026-09-24T04:15:49.7402319Z shell: /usr/bin/bash -e {0}
verificar · typecheck · unit · build · audit	UNKNOWN STEP	2026-09-24T04:15:49.7402639Z ##[endgroup]
verificar · typecheck · unit · build · audit	UNKNOWN STEP	2026-09-24T04:15:50.7525104Z warn The configuration property `package.json#prisma` is deprecated and will be removed in Prisma 7. Please migrate to a Prisma config file (e.g., `prisma.config.ts`).
verificar · typecheck · unit · build · audit	UNKNOWN STEP	2026-09-24T04:15:50.7527790Z For more information, see: https://pris.ly/prisma-config
verificar · typecheck · unit · build · audit	UNKNOWN STEP	2026-09-24T04:15:50.7528362Z 
verificar · typecheck · unit · build · audit	UNKNOWN STEP	2026-09-24T04:15:50.9369088Z Prisma schema loaded from prisma/schema.prisma
verificar · typecheck · unit · build · audit	UNKNOWN STEP	2026-09-24T04:15:51.9237362Z ┌─────────────────────────────────────────────────────────┐
verificar · typecheck · unit · build · audit	UNKNOWN STEP	2026-09-24T04:15:51.9238661Z │  Update available 6.19.3 -> 8.0.0-rc.15                 │
verificar · typecheck · unit · build · audit	UNKNOWN STEP	2026-09-24T04:15:51.9239731Z │                                                         │
verificar · typecheck · unit · build · audit	UNKNOWN STEP	2026-09-24T04:15:51.9240795Z │  This is a major update - please follow the guide at    │
verificar · typecheck · unit · build · audit	UNKNOWN STEP	2026-09-24T04:15:51.9242395Z │  https://pris.ly/d/major-version-upgrade                │
verificar · typecheck · unit · build · audit	UNKNOWN STEP	2026-09-24T04:15:51.9243529Z │                                                         │
verificar · typecheck · unit · build · audit	UNKNOWN STEP	2026-09-24T04:15:51.9244676Z │  Run the following to update                            │
verificar · typecheck · unit · build · audit	UNKNOWN STEP	2026-09-24T04:15:51.9245939Z │    npm i --save-dev prisma@latest                       │
verificar · typecheck · unit · build · audit	UNKNOWN STEP	2026-09-24T04:15:51.9247054Z │    npm i @prisma/client@latest                          │
verificar · typecheck · unit · build · audit	UNKNOWN STEP	2026-09-24T04:15:51.9248170Z └─────────────────────────────────────────────────────────┘
verificar · typecheck · unit · build · audit	UNKNOWN STEP	2026-09-24T04:15:51.9248717Z 
verificar · typecheck · unit · build · audit	UNKNOWN STEP	2026-09-24T04:15:51.9249501Z ✔ Generated Prisma Client (v6.19.3) to ./node_modules/@prisma/client in 498ms
verificar · typecheck · unit · build · audit	UNKNOWN STEP	2026-09-24T04:15:51.9250144Z 
verificar · typecheck · unit · build · audit	UNKNOWN STEP	2026-09-24T04:15:51.9250823Z Start by importing your Prisma Client (See: https://pris.ly/d/importing-client)
verificar · typecheck · unit · build · audit	UNKNOWN STEP	2026-09-24T04:15:51.9251758Z 
verificar · typecheck · unit · build · audit	UNKNOWN STEP	2026-09-24T04:15:51.9252514Z Tip: Need your database queries to be 1000x faster? Accelerate offers you that and more: https://pris.ly/tip-2-accelerate
verificar · typecheck · unit · build · audit	UNKNOWN STEP	2026-09-24T04:15:51.9253033Z 
verificar · typecheck · unit · build · audit	UNKNOWN STEP	2026-09-24T04:15:51.9886980Z ##[group]Run npm run typecheck
verificar · typecheck · unit · build · audit	UNKNOWN STEP	2026-09-24T04:15:51.9887311Z ^[[36;1mnpm run typecheck^[[0m
verificar · typecheck · unit · build · audit	UNKNOWN STEP	2026-09-24T04:15:51.9952823Z shell: /usr/bin/bash -e {0}
verificar · typecheck · unit · build · audit	UNKNOWN STEP	2026-09-24T04:15:51.9953117Z ##[endgroup]
verificar · typecheck · unit · build · audit	UNKNOWN STEP	2026-09-24T04:15:52.0980522Z 
verificar · typecheck · unit · build · audit	UNKNOWN STEP	2026-09-24T04:15:52.0981486Z > be@0.1.0 typecheck
verificar · typecheck · unit · build · audit	UNKNOWN STEP	2026-09-24T04:15:52.0982186Z > npm run build:domain && npm run typecheck --workspaces --if-present
verificar · typecheck · unit · build · audit	UNKNOWN STEP	2026-09-24T04:15:52.0982572Z 
verificar · typecheck · unit · build · audit	UNKNOWN STEP	2026-09-24T04:15:52.1974562Z 
verificar · typecheck · unit · build · audit	UNKNOWN STEP	2026-09-24T04:15:52.1975144Z > be@0.1.0 build:domain
verificar · typecheck · unit · build · audit	UNKNOWN STEP	2026-09-24T04:15:52.1975808Z > npm run build -w @be/domain
verificar · typecheck · unit · build · audit	UNKNOWN STEP	2026-09-24T04:15:52.1976163Z 
verificar · typecheck · unit · build · audit	UNKNOWN STEP	2026-09-24T04:15:52.3195967Z 
verificar · typecheck · unit · build · audit	UNKNOWN STEP	2026-09-24T04:15:52.3196711Z > @be/domain@0.1.0 build
verificar · typecheck · unit · build · audit	UNKNOWN STEP	2026-09-24T04:15:52.3197277Z > tsc -p tsconfig.json
verificar · typecheck · unit · build · audit	UNKNOWN STEP	2026-09-24T04:15:52.3197629Z 
verificar · typecheck · unit · build · audit	UNKNOWN STEP	2026-09-24T04:15:57.1815432Z 
verificar · typecheck · unit · build · audit	UNKNOWN STEP	2026-09-24T04:15:57.1816028Z > @be/domain@0.1.0 typecheck
verificar · typecheck · unit · build · audit	UNKNOWN STEP	2026-09-24T04:15:57.1816645Z > tsc -p tsconfig.json --noEmit
verificar · typecheck · unit · build · audit	UNKNOWN STEP	2026-09-24T04:15:57.1816880Z 
verificar · typecheck · unit · build · audit	UNKNOWN STEP	2026-09-24T04:16:01.2463035Z 
verificar · typecheck · unit · build · audit	UNKNOWN STEP	2026-09-24T04:16:01.2463715Z > @be/api@0.8.0 typecheck
verificar · typecheck · unit · build · audit	UNKNOWN STEP	2026-09-24T04:16:01.2464168Z > tsc -p tsconfig.json --noEmit
verificar · typecheck · unit · build · audit	UNKNOWN STEP	2026-09-24T04:16:01.2464358Z 
verificar · typecheck · unit · build · audit	UNKNOWN STEP	2026-09-24T04:16:06.8956112Z 
verificar · typecheck · unit · build · audit	UNKNOWN STEP	2026-09-24T04:16:06.8956589Z > @be/web@0.8.0 typecheck
verificar · typecheck · unit · build · audit	UNKNOWN STEP	2026-09-24T04:16:06.8956904Z > tsc --noEmit
verificar · typecheck · unit · build · audit	UNKNOWN STEP	2026-09-24T04:16:06.8957032Z 
verificar · typecheck · unit · build · audit	UNKNOWN STEP	2026-09-24T04:16:12.8168849Z 
verificar · typecheck · unit · build · audit	UNKNOWN STEP	2026-09-24T04:16:12.8169416Z > @be/mobile@0.8.0 typecheck
verificar · typecheck · unit · build · audit	UNKNOWN STEP	2026-09-24T04:16:12.8169778Z > tsc --noEmit
verificar · typecheck · unit · build · audit	UNKNOWN STEP	2026-09-24T04:16:12.8169912Z 
verificar · typecheck · unit · build · audit	UNKNOWN STEP	2026-09-24T04:16:15.5776261Z ##[group]Run node scripts/generar-openapi.cjs --verificar
verificar · typecheck · unit · build · audit	UNKNOWN STEP	2026-09-24T04:16:15.5776748Z ^[[36;1mnode scripts/generar-openapi.cjs --verificar^[[0m
verificar · typecheck · unit · build · audit	UNKNOWN STEP	2026-09-24T04:16:15.5842142Z shell: /usr/bin/bash -e {0}
verificar · typecheck · unit · build · audit	UNKNOWN STEP	2026-09-24T04:16:15.5842406Z ##[endgroup]
verificar · typecheck · unit · build · audit	UNKNOWN STEP	2026-09-24T04:16:15.8044024Z OpenAPI al día con @be/domain.
verificar · typecheck · unit · build · audit	UNKNOWN STEP	2026-09-24T04:16:15.8200298Z ##[group]Run npm test
verificar · typecheck · unit · build · audit	UNKNOWN STEP	2026-09-24T04:16:15.8200598Z ^[[36;1mnpm test^[[0m
verificar · typecheck · unit · build · audit	UNKNOWN STEP	2026-09-24T04:16:15.8263234Z shell: /usr/bin/bash -e {0}
verificar · typecheck · unit · build · audit	UNKNOWN STEP	2026-09-24T04:16:15.8263516Z ##[endgroup]
verificar · typecheck · unit · build · audit	UNKNOWN STEP	2026-09-24T04:16:15.9359869Z 
verificar · typecheck · unit · build · audit	UNKNOWN STEP	2026-09-24T04:16:15.9360396Z > be@0.1.0 test
verificar · typecheck · unit · build · audit	UNKNOWN STEP	2026-09-24T04:16:15.9362131Z > npm run build:domain && npm run test -w @be/domain && node --test scripts/copy-pantallas.test.cjs && npm run test -w @be/api
verificar · typecheck · unit · build · audit	UNKNOWN STEP	2026-09-24T04:16:15.9363210Z 
verificar · typecheck · unit · build · audit	UNKNOWN STEP	2026-09-24T04:16:16.0386351Z 
verificar · typecheck · unit · build · audit	UNKNOWN STEP	2026-09-24T04:16:16.0387081Z > be@0.1.0 build:domain
verificar · typecheck · unit · build · audit	UNKNOWN STEP	2026-09-24T04:16:16.0387676Z > npm run build -w @be/domain
verificar · typecheck · unit · build · audit	UNKNOWN STEP	2026-09-24T04:16:16.0388007Z 
verificar · typecheck · unit · build · audit	UNKNOWN STEP	2026-09-24T04:16:16.1565520Z 
verificar · typecheck · unit · build · audit	UNKNOWN STEP	2026-09-24T04:16:16.1566041Z > @be/domain@0.1.0 build
verificar · typecheck · unit · build · audit	UNKNOWN STEP	2026-09-24T04:16:16.1566472Z > tsc -p tsconfig.json
verificar · typecheck · unit · build · audit	UNKNOWN STEP	2026-09-24T04:16:16.1567064Z 
verificar · typecheck · unit · build · audit	UNKNOWN STEP	2026-09-24T04:16:20.9268472Z 
verificar · typecheck · unit · build · audit	UNKNOWN STEP	2026-09-24T04:16:20.9268932Z > @be/domain@0.1.0 test
verificar · typecheck · unit · build · audit	UNKNOWN STEP	2026-09-24T04:16:20.9269341Z > node --test dist/**/*.test.js
verificar · typecheck · unit · build · audit	UNKNOWN STEP	2026-09-24T04:16:20.9269557Z 
verificar · typecheck · unit · build · audit	UNKNOWN STEP	2026-09-24T04:16:20.9881494Z TAP version 13
verificar · typecheck · unit · build · audit	UNKNOWN STEP	2026-09-24T04:16:21.1790257Z # Subtest: cliente: el registro envía A1 y A2 con la versión vigente, superficie e Idempotency-Key; nunca A3
verificar · typecheck · unit · build · audit	UNKNOWN STEP	2026-09-24T04:16:21.1807777Z ok 1 - cliente: el registro envía A1 y A2 con la versión vigente, superficie e Idempotency-Key; nunca A3
verificar · typecheck · unit · build · audit	UNKNOWN STEP	2026-09-24T04:16:21.1809148Z   ---
verificar · typecheck · unit · build · audit	UNKNOWN STEP	2026-09-24T04:16:21.1825618Z   duration_ms: 33.626285
verificar · typecheck · unit · build · audit	UNKNOWN STEP	2026-09-24T04:16:21.1826338Z   type: 'test'
verificar · typecheck · unit · build · audit	UNKNOWN STEP	2026-09-24T04:16:21.1826891Z   ...
verificar · typecheck · unit · build · audit	UNKNOWN STEP	2026-09-24T04:16:21.1828120Z # Subtest: cliente: una respuesta 2xx con otra forma no se interpreta (validación de contrato)
verificar · typecheck · unit · build · audit	UNKNOWN STEP	2026-09-24T04:16:21.1829818Z ok 2 - cliente: una respuesta 2xx con otra forma no se interpreta (validación de contrato)
verificar · typecheck · unit · build · audit	UNKNOWN STEP	2026-09-24T04:16:21.1831373Z   ---
verificar · typecheck · unit · build · audit	UNKNOWN STEP	2026-09-24T04:16:21.1842802Z   duration_ms: 0.718777
verificar · typecheck · unit · build · audit	UNKNOWN STEP	2026-09-24T04:16:21.1843661Z   type: 'test'
verificar · typecheck · unit · build · audit	UNKNOWN STEP	2026-09-24T04:16:21.1862594Z   ...
verificar · typecheck · unit · build · audit	UNKNOWN STEP	2026-09-24T04:16:21.1864236Z # Subtest: cliente: un ErrorEnvelope se traduce a su código e issues, sin exponer el mensaje del servidor
verificar · typecheck · unit · build · audit	UNKNOWN STEP	2026-09-24T04:16:21.1890139Z ok 3 - cliente: un ErrorEnvelope se traduce a su código e issues, sin exponer el mensaje del servidor
verificar · typecheck · unit · build · audit	UNKNOWN STEP	2026-09-24T04:16:21.1891669Z   ---
verificar · typecheck · unit · build · audit	UNKNOWN STEP	2026-09-24T04:16:21.1892335Z   duration_ms: 1.633678
verificar · typecheck · unit · build · audit	UNKNOWN STEP	2026-09-24T04:16:21.1893226Z   type: 'test'
verificar · typecheck · unit · build · audit	UNKNOWN STEP	2026-09-24T04:16:21.1894693Z   ...
verificar · typecheck · unit · build · audit	UNKNOWN STEP	2026-09-24T04:16:21.1895977Z # Subtest: cliente: sin respuesta de red el resultado es RED (incierto), nunca éxito
verificar · typecheck · unit · build · audit	UNKNOWN STEP	2026-09-24T04:16:21.1897620Z ok 4 - cliente: sin respuesta de red el resultado es RED (incierto), nunca éxito
verificar · typecheck · unit · build · audit	UNKNOWN STEP	2026-09-24T04:16:21.1898679Z   ---
verificar · typecheck · unit · build · audit	UNKNOWN STEP	2026-09-24T04:16:21.1899272Z   duration_ms: 0.411976
verificar · typecheck · unit · build · audit	UNKNOWN STEP	2026-09-24T04:16:21.1899942Z   type: 'test'
verificar · typecheck · unit · build · audit	UNKNOWN STEP	2026-09-24T04:16:21.1900547Z   ...
verificar · typecheck · unit · build · audit	UNKNOWN STEP	2026-09-24T04:16:21.1902311Z # Subtest: cliente: el cierre envía la versión de consecuencias mostrada y confirmación explícita, con Bearer
verificar · typecheck · unit · build · audit	UNKNOWN STEP	2026-09-24T04:16:21.1909954Z ok 5 - cliente: el cierre envía la versión de consecuencias mostrada y confirmación explícita, con Bearer
verificar · typecheck · unit · build · audit	UNKNOWN STEP	2026-09-24T04:16:21.1911565Z   ---
verificar · typecheck · unit · build · audit	UNKNOWN STEP	2026-09-24T04:16:21.1923232Z   duration_ms: 1.596479
verificar · typecheck · unit · build · audit	UNKNOWN STEP	2026-09-24T04:16:21.1937872Z   type: 'test'
verificar · typecheck · unit · build · audit	UNKNOWN STEP	2026-09-24T04:16:21.1938578Z   ...
verificar · typecheck · unit · build · audit	UNKNOWN STEP	2026-09-24T04:16:21.1940356Z # Subtest: copy: sin frases prohibidas por el 10 (10-B02, 10-ADD, 10-B10)
verificar · typecheck · unit · build · audit	UNKNOWN STEP	2026-09-24T04:16:21.1942374Z ok 6 - copy: sin frases prohibidas por el 10 (10-B02, 10-ADD, 10-B10)
verificar · typecheck · unit · build · audit	UNKNOWN STEP	2026-09-24T04:16:21.1952600Z   ---
verificar · typecheck · unit · build · audit	UNKNOWN STEP	2026-09-24T04:16:21.1962291Z   duration_ms: 0.221722
verificar · typecheck · unit · build · audit	UNKNOWN STEP	2026-09-24T04:16:21.1962999Z   type: 'test'
verificar · typecheck · unit · build · audit	UNKNOWN STEP	2026-09-24T04:16:21.1963620Z   ...
verificar · typecheck · unit · build · audit	UNKNOWN STEP	2026-09-24T04:16:21.1965382Z # Subtest: cliente ANT: cada operación va a la ruta que declara el 09, y las dos colecciones no se cruzan
verificar · typecheck · unit · build · audit	UNKNOWN STEP	2026-09-24T04:16:21.1967338Z ok 7 - cliente ANT: cada operación va a la ruta que declara el 09, y las dos colecciones no se cruzan
verificar · typecheck · unit · build · audit	UNKNOWN STEP	2026-09-24T04:16:21.1968424Z   ---
verificar · typecheck · unit · build · audit	UNKNOWN STEP	2026-09-24T04:16:21.1969016Z   duration_ms: 4.254552
verificar · typecheck · unit · build · audit	UNKNOWN STEP	2026-09-24T04:16:21.1969712Z   type: 'test'
verificar · typecheck · unit · build · audit	UNKNOWN STEP	2026-09-24T04:16:21.1970315Z   ...
verificar · typecheck · unit · build · audit	UNKNOWN STEP	2026-09-24T04:16:21.5013213Z # Subtest: REG-06-126 · un plan simple omite microciclos y es válido: no se inventa un microciclo vacío (09v10:262)
verificar · typecheck · unit · build · audit	UNKNOWN STEP	2026-09-24T04:16:21.5033453Z ok 8 - REG-06-126 · un plan simple omite microciclos y es válido: no se inventa un microciclo vacío (09v10:262)
verificar · typecheck · unit · build · audit	UNKNOWN STEP	2026-09-24T04:16:21.5061588Z   ---
verificar · typecheck · unit · build · audit	UNKNOWN STEP	2026-09-24T04:16:21.5071625Z   duration_ms: 15.198074
verificar · typecheck · unit · build · audit	UNKNOWN STEP	2026-09-24T04:16:21.5091754Z   type: 'test'
verificar · typecheck · unit · build · audit	UNKNOWN STEP	2026-09-24T04:16:21.5121582Z   ...
verificar · typecheck · unit · build · audit	UNKNOWN STEP	2026-09-24T04:16:21.5152781Z # Subtest: REG-06-126 · con microciclos, la sesión cuelga del microciclo y la jerarquía se conserva tal cual
verificar · typecheck · unit · build · audit	UNKNOWN STEP	2026-09-24T04:16:21.5182403Z ok 9 - REG-06-126 · con microciclos, la sesión cuelga del microciclo y la jerarquía se conserva tal cual
verificar · typecheck · unit · build · audit	UNKNOWN STEP	2026-09-24T04:16:21.5183544Z   ---
verificar · typecheck · unit · build · audit	UNKNOWN STEP	2026-09-24T04:16:21.5200099Z   duration_ms: 1.416164
verificar · typecheck · unit · build · audit	UNKNOWN STEP	2026-09-24T04:16:21.5231570Z   type: 'test'
verificar · typecheck · unit · build · audit	UNKNOWN STEP	2026-09-24T04:16:21.5244767Z   ...
verificar · typecheck · unit · build · audit	UNKNOWN STEP	2026-09-24T04:16:21.5262735Z # Subtest: 09v10:281 · un bloque con sesiones directas y microciclos a la vez es una estructura mal formada
verificar · typecheck · unit · build · audit	UNKNOWN STEP	2026-09-24T04:16:21.5292546Z ok 10 - 09v10:281 · un bloque con sesiones directas y microciclos a la vez es una estructura mal formada
verificar · typecheck · unit · build · audit	UNKNOWN STEP	2026-09-24T04:16:21.5321851Z   ---
verificar · typecheck · unit · build · audit	UNKNOWN STEP	2026-09-24T04:16:21.5341672Z   duration_ms: 0.604144
verificar · typecheck · unit · build · audit	UNKNOWN STEP	2026-09-24T04:16:21.5373250Z   type: 'test'
verificar · typecheck · unit · build · audit	UNKNOWN STEP	2026-09-24T04:16:21.5411708Z   ...
verificar · typecheck · unit · build · audit	UNKNOWN STEP	2026-09-24T04:16:21.5422645Z # Subtest: REG-06-127 · el propósito es texto libre: «Descarga» no es un token ni pausa nada
verificar · typecheck · unit · build · audit	UNKNOWN STEP	2026-09-24T04:16:21.5424446Z ok 11 - REG-06-127 · el propósito es texto libre: «Descarga» no es un token ni pausa nada
verificar · typecheck · unit · build · audit	UNKNOWN STEP	2026-09-24T04:16:21.5425487Z   ---
verificar · typecheck · unit · build · audit	UNKNOWN STEP	2026-09-24T04:16:21.5425997Z   duration_ms: 0.492546
verificar · typecheck · unit · build · audit	UNKNOWN STEP	2026-09-24T04:16:21.5426724Z   type: 'test'
verificar · typecheck · unit · build · audit	UNKNOWN STEP	2026-09-24T04:16:21.5427262Z   ...
verificar · typecheck · unit · build · audit	UNKNOWN STEP	2026-09-24T04:16:21.5428703Z # Subtest: REG-06-111 · los identificadores que vienen se conservan y los que faltan los asigna el servidor
verificar · typecheck · unit · build · audit	UNKNOWN STEP	2026-09-24T04:16:21.5430644Z ok 12 - REG-06-111 · los identificadores que vienen se conservan y los que faltan los asigna el servidor
verificar · typecheck · unit · build · audit	UNKNOWN STEP	2026-09-24T04:16:21.5443297Z   ---
verificar · typecheck · unit · build · audit	UNKNOWN STEP	2026-09-24T04:16:21.5444056Z   duration_ms: 0.902979
verificar · typecheck · unit · build · audit	UNKNOWN STEP	2026-09-24T04:16:21.5444714Z   type: 'test'
verificar · typecheck · unit · build · audit	UNKNOWN STEP	2026-09-24T04:16:21.5445266Z   ...
verificar · typecheck · unit · build · audit	UNKNOWN STEP	2026-09-24T04:16:21.5447080Z # Subtest: REG-06-111 · dos nodos con el mismo identificador no pueden coexistir: la ocurrencia y el registro dejarían de ser identificables
verificar · typecheck · unit · build · audit	UNKNOWN STEP	2026-09-24T04:16:21.5449601Z ok 13 - REG-06-111 · dos nodos con el mismo identificador no pueden coexistir: la ocurrencia y el registro dejarían de ser identificables
verificar · typecheck · unit · build · audit	UNKNOWN STEP	2026-09-24T04:16:21.5456280Z   ---
verificar · typecheck · unit · build · audit	UNKNOWN STEP	2026-09-24T04:16:21.5541831Z   duration_ms: 0.339872
verificar · typecheck · unit · build · audit	UNKNOWN STEP	2026-09-24T04:16:21.5562576Z   type: 'test'
verificar · typecheck · unit · build · audit	UNKNOWN STEP	2026-09-24T04:16:21.5563696Z   ...
verificar · typecheck · unit · build · audit	UNKNOWN STEP	2026-09-24T04:16:21.5580477Z # Subtest: DL-088 · el identificador de nodo tiene alfabeto restringido: forma parte del occurrenceId
verificar · typecheck · unit · build · audit	UNKNOWN STEP	2026-09-24T04:16:21.5582701Z ok 14 - DL-088 · el identificador de nodo tiene alfabeto restringido: forma parte del occurrenceId
verificar · typecheck · unit · build · audit	UNKNOWN STEP	2026-09-24T04:16:21.5583843Z   ---
verificar · typecheck · unit · build · audit	UNKNOWN STEP	2026-09-24T04:16:21.5584501Z   duration_ms: 0.794828
verificar · typecheck · unit · build · audit	UNKNOWN STEP	2026-09-24T04:16:21.5585158Z   type: 'test'
verificar · typecheck · unit · build · audit	UNKNOWN STEP	2026-09-24T04:16:21.5585743Z   ...
verificar · typecheck · unit · build · audit	UNKNOWN STEP	2026-09-24T04:16:21.5587504Z # Subtest: 09v10:738-744 · validar informa lo que falta, vinculado a bloque, sesión y ejercicio, sin juzgar el programa
verificar · typecheck · unit · build · audit	UNKNOWN STEP	2026-09-24T04:16:21.5589699Z ok 15 - 09v10:738-744 · validar informa lo que falta, vinculado a bloque, sesión y ejercicio, sin juzgar el programa
verificar · typecheck · unit · build · audit	UNKNOWN STEP	2026-09-24T04:16:21.5591192Z   ---
verificar · typecheck · unit · build · audit	UNKNOWN STEP	2026-09-24T04:16:21.5591854Z   duration_ms: 0.616437
verificar · typecheck · unit · build · audit	UNKNOWN STEP	2026-09-24T04:16:21.5592497Z   type: 'test'
verificar · typecheck · unit · build · audit	UNKNOWN STEP	2026-09-24T04:16:21.5593080Z   ...
verificar · typecheck · unit · build · audit	UNKNOWN STEP	2026-09-24T04:16:21.5594854Z # Subtest: 09v10:752 · una referencia que no existe es EXERCISE_REFERENCE_INVALID; una que dejó de estar disponible, EXERCISE_NOT_AVAILABLE
verificar · typecheck · unit · build · audit	UNKNOWN STEP	2026-09-24T04:16:21.5597423Z ok 16 - 09v10:752 · una referencia que no existe es EXERCISE_REFERENCE_INVALID; una que dejó de estar disponible, EXERCISE_NOT_AVAILABLE
verificar · typecheck · unit · build · audit	UNKNOWN STEP	2026-09-24T04:16:21.5598807Z   ---
verificar · typecheck · unit · build · audit	UNKNOWN STEP	2026-09-24T04:16:21.5599398Z   duration_ms: 1.087693
verificar · typecheck · unit · build · audit	UNKNOWN STEP	2026-09-24T04:16:21.5600077Z   type: 'test'
verificar · typecheck · unit · build · audit	UNKNOWN STEP	2026-09-24T04:16:21.5600665Z   ...
verificar · typecheck · unit · build · audit	UNKNOWN STEP	2026-09-24T04:16:21.5602500Z # Subtest: REG-06-104/112 · la instantánea congela el ejercicio con su nombre, y no se construye si falta una referencia
verificar · typecheck · unit · build · audit	UNKNOWN STEP	2026-09-24T04:16:21.5605203Z ok 17 - REG-06-104/112 · la instantánea congela el ejercicio con su nombre, y no se construye si falta una referencia
verificar · typecheck · unit · build · audit	UNKNOWN STEP	2026-09-24T04:16:21.5606486Z   ---
verificar · typecheck · unit · build · audit	UNKNOWN STEP	2026-09-24T04:16:21.5607082Z   duration_ms: 1.185846
verificar · typecheck · unit · build · audit	UNKNOWN STEP	2026-09-24T04:16:21.5607770Z   type: 'test'
verificar · typecheck · unit · build · audit	UNKNOWN STEP	2026-09-24T04:16:21.5608362Z   ...
verificar · typecheck · unit · build · audit	UNKNOWN STEP	2026-09-24T04:16:21.5610071Z # Subtest: REG-06-128 · el criterio es PERCENT_RM o RIR, y una prescripción sin criterio es legítima (no es un problema al validar)
verificar · typecheck · unit · build · audit	UNKNOWN STEP	2026-09-24T04:16:21.5612715Z ok 18 - REG-06-128 · el criterio es PERCENT_RM o RIR, y una prescripción sin criterio es legítima (no es un problema al validar)
verificar · typecheck · unit · build · audit	UNKNOWN STEP	2026-09-24T04:16:21.5614054Z   ---
verificar · typecheck · unit · build · audit	UNKNOWN STEP	2026-09-24T04:16:21.5614650Z   duration_ms: 0.526249
verificar · typecheck · unit · build · audit	UNKNOWN STEP	2026-09-24T04:16:21.5615296Z   type: 'test'
verificar · typecheck · unit · build · audit	UNKNOWN STEP	2026-09-24T04:16:21.5615917Z   ...
verificar · typecheck · unit · build · audit	UNKNOWN STEP	2026-09-24T04:16:21.5618095Z # Subtest: REG-06-129 · el esfuerzo percibido nunca es criterio de prescripción: RPE es INTENSITY_CRITERION_INVALID con su motivo
verificar · typecheck · unit · build · audit	UNKNOWN STEP	2026-09-24T04:16:21.5620549Z ok 19 - REG-06-129 · el esfuerzo percibido nunca es criterio de prescripción: RPE es INTENSITY_CRITERION_INVALID con su motivo
verificar · typecheck · unit · build · audit	UNKNOWN STEP	2026-09-24T04:16:21.5622136Z   ---
verificar · typecheck · unit · build · audit	UNKNOWN STEP	2026-09-24T04:16:21.5622733Z   duration_ms: 1.407377
verificar · typecheck · unit · build · audit	UNKNOWN STEP	2026-09-24T04:16:21.5623413Z   type: 'test'
verificar · typecheck · unit · build · audit	UNKNOWN STEP	2026-09-24T04:16:21.5623992Z   ...
verificar · typecheck · unit · build · audit	UNKNOWN STEP	2026-09-24T04:16:21.5625150Z # Subtest: 09v10:371 · los dos criterios a la vez se rechazan, y un tercero también
verificar · typecheck · unit · build · audit	UNKNOWN STEP	2026-09-24T04:16:21.5626749Z ok 20 - 09v10:371 · los dos criterios a la vez se rechazan, y un tercero también
verificar · typecheck · unit · build · audit	UNKNOWN STEP	2026-09-24T04:16:21.5627830Z   ---
verificar · typecheck · unit · build · audit	UNKNOWN STEP	2026-09-24T04:16:21.5628435Z   duration_ms: 0.335564
verificar · typecheck · unit · build · audit	UNKNOWN STEP	2026-09-24T04:16:21.5629079Z   type: 'test'
verificar · typecheck · unit · build · audit	UNKNOWN STEP	2026-09-24T04:16:21.5629636Z   ...
verificar · typecheck · unit · build · audit	UNKNOWN STEP	2026-09-24T04:16:21.5661226Z # Subtest: 09v10:391 · la carga sugerida no es criterio de intensidad: son dos campos distintos, y la carga exige unidad
verificar · typecheck · unit · build · audit	UNKNOWN STEP	2026-09-24T04:16:21.5663799Z ok 21 - 09v10:391 · la carga sugerida no es criterio de intensidad: son dos campos distintos, y la carga exige unidad
verificar · typecheck · unit · build · audit	UNKNOWN STEP	2026-09-24T04:16:21.5671829Z   ---
verificar · typecheck · unit · build · audit	UNKNOWN STEP	2026-09-24T04:16:21.5672575Z   duration_ms: 0.726131
verificar · typecheck · unit · build · audit	UNKNOWN STEP	2026-09-24T04:16:21.5673341Z   type: 'test'
verificar · typecheck · unit · build · audit	UNKNOWN STEP	2026-09-24T04:16:21.5673985Z   ...
verificar · typecheck · unit · build · audit	UNKNOWN STEP	2026-09-24T04:16:21.5675675Z # Subtest: DL-088 · el objetivo de intensidad tiene rango de significado: un %RM mayor que 100 o un RIR negativo no significan nada
verificar · typecheck · unit · build · audit	UNKNOWN STEP	2026-09-24T04:16:21.5677946Z ok 22 - DL-088 · el objetivo de intensidad tiene rango de significado: un %RM mayor que 100 o un RIR negativo no significan nada
verificar · typecheck · unit · build · audit	UNKNOWN STEP	2026-09-24T04:16:21.5679121Z   ---
verificar · typecheck · unit · build · audit	UNKNOWN STEP	2026-09-24T04:16:21.5679613Z   duration_ms: 0.518254
verificar · typecheck · unit · build · audit	UNKNOWN STEP	2026-09-24T04:16:21.5680164Z   type: 'test'
verificar · typecheck · unit · build · audit	UNKNOWN STEP	2026-09-24T04:16:21.5680657Z   ...
verificar · typecheck · unit · build · audit	UNKNOWN STEP	2026-09-24T04:16:21.5682104Z # Subtest: REG-06-111 · un parámetro cuantitativo del profesional declara su unidad
verificar · typecheck · unit · build · audit	UNKNOWN STEP	2026-09-24T04:16:21.5683694Z ok 23 - REG-06-111 · un parámetro cuantitativo del profesional declara su unidad
verificar · typecheck · unit · build · audit	UNKNOWN STEP	2026-09-24T04:16:21.5684652Z   ---
verificar · typecheck · unit · build · audit	UNKNOWN STEP	2026-09-24T04:16:21.5685208Z   duration_ms: 1.121325
verificar · typecheck · unit · build · audit	UNKNOWN STEP	2026-09-24T04:16:21.5685870Z   type: 'test'
verificar · typecheck · unit · build · audit	UNKNOWN STEP	2026-09-24T04:16:21.5686430Z   ...
verificar · typecheck · unit · build · audit	UNKNOWN STEP	2026-09-24T04:16:21.5687897Z # Subtest: INV-06-152 · una serie captura carga con unidad, repeticiones, y RIR y esfuerzo opcionales (09v10:1072-1079)
verificar · typecheck · unit · build · audit	UNKNOWN STEP	2026-09-24T04:16:21.5689975Z ok 24 - INV-06-152 · una serie captura carga con unidad, repeticiones, y RIR y esfuerzo opcionales (09v10:1072-1079)
verificar · typecheck · unit · build · audit	UNKNOWN STEP	2026-09-24T04:16:21.5691401Z   ---
verificar · typecheck · unit · build · audit	UNKNOWN STEP	2026-09-24T04:16:21.5691992Z   duration_ms: 1.033562
verificar · typecheck · unit · build · audit	UNKNOWN STEP	2026-09-24T04:16:21.5692652Z   type: 'test'
verificar · typecheck · unit · build · audit	UNKNOWN STEP	2026-09-24T04:16:21.5693213Z   ...
verificar · typecheck · unit · build · audit	UNKNOWN STEP	2026-09-24T04:16:21.5694686Z # Subtest: REG-06-131 · confirmar exige declarar la condición: la ausencia de registro nunca se confirma como nada
verificar · typecheck · unit · build · audit	UNKNOWN STEP	2026-09-24T04:16:21.5696846Z ok 25 - REG-06-131 · confirmar exige declarar la condición: la ausencia de registro nunca se confirma como nada
verificar · typecheck · unit · build · audit	UNKNOWN STEP	2026-09-24T04:16:21.5698034Z   ---
verificar · typecheck · unit · build · audit	UNKNOWN STEP	2026-09-24T04:16:21.5698625Z   duration_ms: 0.38731
verificar · typecheck · unit · build · audit	UNKNOWN STEP	2026-09-24T04:16:21.5699288Z   type: 'test'
verificar · typecheck · unit · build · audit	UNKNOWN STEP	2026-09-24T04:16:21.5699845Z   ...
verificar · typecheck · unit · build · audit	UNKNOWN STEP	2026-09-24T04:16:21.5701646Z # Subtest: REG-06-131/132 · «No pude realizarla» se confirma sin granularidad y sin datos, con motivo opcional
verificar · typecheck · unit · build · audit	UNKNOWN STEP	2026-09-24T04:16:21.5704141Z ok 26 - REG-06-131/132 · «No pude realizarla» se confirma sin granularidad y sin datos, con motivo opcional
verificar · typecheck · unit · build · audit	UNKNOWN STEP	2026-09-24T04:16:21.5705321Z   ---
verificar · typecheck · unit · build · audit	UNKNOWN STEP	2026-09-24T04:16:21.5706037Z   duration_ms: 0.18851
verificar · typecheck · unit · build · audit	UNKNOWN STEP	2026-09-24T04:16:21.5706736Z   type: 'test'
verificar · typecheck · unit · build · audit	UNKNOWN STEP	2026-09-24T04:16:21.5707361Z   ...
verificar · typecheck · unit · build · audit	UNKNOWN STEP	2026-09-24T04:16:21.5708906Z # Subtest: REG-06-132 · una sesión NO_REALIZADA con series cargadas no se confirma, pero guardar el borrador sí se puede
verificar · typecheck · unit · build · audit	UNKNOWN STEP	2026-09-24T04:16:21.5711148Z ok 27 - REG-06-132 · una sesión NO_REALIZADA con series cargadas no se confirma, pero guardar el borrador sí se puede
verificar · typecheck · unit · build · audit	UNKNOWN STEP	2026-09-24T04:16:21.5712357Z   ---
verificar · typecheck · unit · build · audit	UNKNOWN STEP	2026-09-24T04:16:21.5713001Z   duration_ms: 0.288106
verificar · typecheck · unit · build · audit	UNKNOWN STEP	2026-09-24T04:16:21.5713773Z   type: 'test'
verificar · typecheck · unit · build · audit	UNKNOWN STEP	2026-09-24T04:16:21.5714578Z   ...
verificar · typecheck · unit · build · audit	UNKNOWN STEP	2026-09-24T04:16:21.5715950Z # Subtest: 09v10:1101 · un registro agregado no lleva series, y uno por serie no lleva resumen: no se sintetiza ninguna de las dos
verificar · typecheck · unit · build · audit	UNKNOWN STEP	2026-09-24T04:16:21.5718194Z ok 28 - 09v10:1101 · un registro agregado no lleva series, y uno por serie no lleva resumen: no se sintetiza ninguna de las dos
verificar · typecheck · unit · build · audit	UNKNOWN STEP	2026-09-24T04:16:21.5719251Z   ---
verificar · typecheck · unit · build · audit	UNKNOWN STEP	2026-09-24T04:16:21.5719715Z   duration_ms: 0.196966
verificar · typecheck · unit · build · audit	UNKNOWN STEP	2026-09-24T04:16:21.5720242Z   type: 'test'
verificar · typecheck · unit · build · audit	UNKNOWN STEP	2026-09-24T04:16:21.5720740Z   ...
verificar · typecheck · unit · build · audit	UNKNOWN STEP	2026-09-24T04:16:21.5722038Z # Subtest: REG-06-132 · no se registran ejercicios antes de elegir granularidad
verificar · typecheck · unit · build · audit	UNKNOWN STEP	2026-09-24T04:16:21.5723356Z ok 29 - REG-06-132 · no se registran ejercicios antes de elegir granularidad
verificar · typecheck · unit · build · audit	UNKNOWN STEP	2026-09-24T04:16:21.5724167Z   ---
verificar · typecheck · unit · build · audit	UNKNOWN STEP	2026-09-24T04:16:21.5724667Z   duration_ms: 0.192348
verificar · typecheck · unit · build · audit	UNKNOWN STEP	2026-09-24T04:16:21.5725213Z   type: 'test'
verificar · typecheck · unit · build · audit	UNKNOWN STEP	2026-09-24T04:16:21.5725693Z   ...
verificar · typecheck · unit · build · audit	UNKNOWN STEP	2026-09-24T04:16:21.5726736Z # Subtest: una prescripción se registra una vez, y en ella cada serie tiene su índice
verificar · typecheck · unit · build · audit	UNKNOWN STEP	2026-09-24T04:16:21.5728140Z ok 30 - una prescripción se registra una vez, y en ella cada serie tiene su índice
verificar · typecheck · unit · build · audit	UNKNOWN STEP	2026-09-24T04:16:21.5729015Z   ---
verificar · typecheck · unit · build · audit	UNKNOWN STEP	2026-09-24T04:16:21.5729565Z   duration_ms: 0.176398
verificar · typecheck · unit · build · audit	UNKNOWN STEP	2026-09-24T04:16:21.5730098Z   type: 'test'
verificar · typecheck · unit · build · audit	UNKNOWN STEP	2026-09-24T04:16:21.5730591Z   ...
verificar · typecheck · unit · build · audit	UNKNOWN STEP	2026-09-24T04:16:21.5732180Z # Subtest: 09v10:1161 · para confirmar hace falta algo registrado; una serie sin carga ni repeticiones no registra nada
verificar · typecheck · unit · build · audit	UNKNOWN STEP	2026-09-24T04:16:21.5734206Z ok 31 - 09v10:1161 · para confirmar hace falta algo registrado; una serie sin carga ni repeticiones no registra nada
verificar · typecheck · unit · build · audit	UNKNOWN STEP	2026-09-24T04:16:21.5735313Z   ---
verificar · typecheck · unit · build · audit	UNKNOWN STEP	2026-09-24T04:16:21.5735786Z   duration_ms: 0.400004
verificar · typecheck · unit · build · audit	UNKNOWN STEP	2026-09-24T04:16:21.5736303Z   type: 'test'
verificar · typecheck · unit · build · audit	UNKNOWN STEP	2026-09-24T04:16:21.5736782Z   ...
verificar · typecheck · unit · build · audit	UNKNOWN STEP	2026-09-24T04:16:21.5737757Z # Subtest: 09v10:1095 · en un registro agregado alcanza con el resumen de la sesión
verificar · typecheck · unit · build · audit	UNKNOWN STEP	2026-09-24T04:16:21.5739165Z ok 32 - 09v10:1095 · en un registro agregado alcanza con el resumen de la sesión
verificar · typecheck · unit · build · audit	UNKNOWN STEP	2026-09-24T04:16:21.5740196Z   ---
verificar · typecheck · unit · build · audit	UNKNOWN STEP	2026-09-24T04:16:21.5740778Z   duration_ms: 0.150249
verificar · typecheck · unit · build · audit	UNKNOWN STEP	2026-09-24T04:16:21.5741647Z   type: 'test'
verificar · typecheck · unit · build · audit	UNKNOWN STEP	2026-09-24T04:16:21.5742252Z   ...
verificar · typecheck · unit · build · audit	UNKNOWN STEP	2026-09-24T04:16:21.5743920Z # Subtest: REG-06-130 · la sustitución es legítima: registrar otro ejercicio que el prescripto no es un problema
verificar · typecheck · unit · build · audit	UNKNOWN STEP	2026-09-24T04:16:21.5746231Z ok 33 - REG-06-130 · la sustitución es legítima: registrar otro ejercicio que el prescripto no es un problema
verificar · typecheck · unit · build · audit	UNKNOWN STEP	2026-09-24T04:16:21.5747572Z   ---
verificar · typecheck · unit · build · audit	UNKNOWN STEP	2026-09-24T04:16:21.5748305Z   duration_ms: 0.196325
verificar · typecheck · unit · build · audit	UNKNOWN STEP	2026-09-24T04:16:21.5749021Z   type: 'test'
verificar · typecheck · unit · build · audit	UNKNOWN STEP	2026-09-24T04:16:21.5749728Z   ...
verificar · typecheck · unit · build · audit	UNKNOWN STEP	2026-09-24T04:16:21.5751787Z # Subtest: 09v10:995-1003 · el borrador se guarda por partes: cada campo es opcional, y la condición viaja como texto para dar su 422
verificar · typecheck · unit · build · audit	UNKNOWN STEP	2026-09-24T04:16:21.5754327Z ok 34 - 09v10:995-1003 · el borrador se guarda por partes: cada campo es opcional, y la condición viaja como texto para dar su 422
verificar · typecheck · unit · build · audit	UNKNOWN STEP	2026-09-24T04:16:21.5755637Z   ---
verificar · typecheck · unit · build · audit	UNKNOWN STEP	2026-09-24T04:16:21.5756253Z   duration_ms: 1.31208
verificar · typecheck · unit · build · audit	UNKNOWN STEP	2026-09-24T04:16:21.5756896Z   type: 'test'
verificar · typecheck · unit · build · audit	UNKNOWN STEP	2026-09-24T04:16:21.5757486Z   ...
verificar · typecheck · unit · build · audit	UNKNOWN STEP	2026-09-24T04:16:21.5758425Z # Subtest: B10-06:879-884 · una corrección exige motivo
verificar · typecheck · unit · build · audit	UNKNOWN STEP	2026-09-24T04:16:21.5759627Z ok 35 - B10-06:879-884 · una corrección exige motivo
verificar · typecheck · unit · build · audit	UNKNOWN STEP	2026-09-24T04:16:21.5760431Z   ---
verificar · typecheck · unit · build · audit	UNKNOWN STEP	2026-09-24T04:16:21.5761329Z   duration_ms: 1.342076
verificar · typecheck · unit · build · audit	UNKNOWN STEP	2026-09-24T04:16:21.5762125Z   type: 'test'
verificar · typecheck · unit · build · audit	UNKNOWN STEP	2026-09-24T04:16:21.5762692Z   ...
verificar · typecheck · unit · build · audit	UNKNOWN STEP	2026-09-24T04:16:21.5764485Z # Subtest: DL-077 · el occurrenceId vuelve a la misma ocurrencia, y dos ocurrencias distintas no comparten identificador
verificar · typecheck · unit · build · audit	UNKNOWN STEP	2026-09-24T04:16:21.5766568Z ok 36 - DL-077 · el occurrenceId vuelve a la misma ocurrencia, y dos ocurrencias distintas no comparten identificador
verificar · typecheck · unit · build · audit	UNKNOWN STEP	2026-09-24T04:16:21.5767860Z   ---
verificar · typecheck · unit · build · audit	UNKNOWN STEP	2026-09-24T04:16:21.5768257Z   duration_ms: 1.04273
verificar · typecheck · unit · build · audit	UNKNOWN STEP	2026-09-24T04:16:21.5768649Z   type: 'test'
verificar · typecheck · unit · build · audit	UNKNOWN STEP	2026-09-24T04:16:21.5768985Z   ...
verificar · typecheck · unit · build · audit	UNKNOWN STEP	2026-09-24T04:16:21.5769939Z # Subtest: DL-077 · un identificador que el servidor no pudo emitir no decodifica: ni ajeno, ni alterado, ni en forma no canónica
verificar · typecheck · unit · build · audit	UNKNOWN STEP	2026-09-24T04:16:21.5771733Z ok 37 - DL-077 · un identificador que el servidor no pudo emitir no decodifica: ni ajeno, ni alterado, ni en forma no canónica
verificar · typecheck · unit · build · audit	UNKNOWN STEP	2026-09-24T04:16:21.5773032Z   ---
verificar · typecheck · unit · build · audit	UNKNOWN STEP	2026-09-24T04:16:21.5773387Z   duration_ms: 0.521299
verificar · typecheck · unit · build · audit	UNKNOWN STEP	2026-09-24T04:16:21.5773759Z   type: 'test'
verificar · typecheck · unit · build · audit	UNKNOWN STEP	2026-09-24T04:16:21.5774067Z   ...
verificar · typecheck · unit · build · audit	UNKNOWN STEP	2026-09-24T04:16:21.5774893Z # Subtest: H-09-TRN-01 · la ocurrencia no tiene un estado «no realizada»: sin borrador es NOT_STARTED
verificar · typecheck · unit · build · audit	UNKNOWN STEP	2026-09-24T04:16:21.5775894Z ok 38 - H-09-TRN-01 · la ocurrencia no tiene un estado «no realizada»: sin borrador es NOT_STARTED
verificar · typecheck · unit · build · audit	UNKNOWN STEP	2026-09-24T04:16:21.5776471Z   ---
verificar · typecheck · unit · build · audit	UNKNOWN STEP	2026-09-24T04:16:21.5776809Z   duration_ms: 0.244094
verificar · typecheck · unit · build · audit	UNKNOWN STEP	2026-09-24T04:16:21.5777151Z   type: 'test'
verificar · typecheck · unit · build · audit	UNKNOWN STEP	2026-09-24T04:16:21.5777543Z   ...
verificar · typecheck · unit · build · audit	UNKNOWN STEP	2026-09-24T04:16:21.5778381Z # Subtest: TEST-PRJ-009 · ningún schema de entrenamiento tiene puntaje, cumplimiento, volumen, marcas ni mapa muscular
verificar · typecheck · unit · build · audit	UNKNOWN STEP	2026-09-24T04:16:21.5779544Z ok 39 - TEST-PRJ-009 · ningún schema de entrenamiento tiene puntaje, cumplimiento, volumen, marcas ni mapa muscular
verificar · typecheck · unit · build · audit	UNKNOWN STEP	2026-09-24T04:16:21.5780188Z   ---
verificar · typecheck · unit · build · audit	UNKNOWN STEP	2026-09-24T04:16:21.5780517Z   duration_ms: 129.837148
verificar · typecheck · unit · build · audit	UNKNOWN STEP	2026-09-24T04:16:21.5781140Z   type: 'test'
verificar · typecheck · unit · build · audit	UNKNOWN STEP	2026-09-24T04:16:21.5781704Z   ...
verificar · typecheck · unit · build · audit	UNKNOWN STEP	2026-09-24T04:16:21.5783060Z # Subtest: TEST-PRJ-009 · el control detecta un campo prohibido, y la excepción de PERCENT_RM no abre la puerta a otro «percent»
verificar · typecheck · unit · build · audit	UNKNOWN STEP	2026-09-24T04:16:21.5784422Z ok 40 - TEST-PRJ-009 · el control detecta un campo prohibido, y la excepción de PERCENT_RM no abre la puerta a otro «percent»
verificar · typecheck · unit · build · audit	UNKNOWN STEP	2026-09-24T04:16:21.5785136Z   ---
verificar · typecheck · unit · build · audit	UNKNOWN STEP	2026-09-24T04:16:21.5785478Z   duration_ms: 0.518735
verificar · typecheck · unit · build · audit	UNKNOWN STEP	2026-09-24T04:16:21.5785838Z   type: 'test'
verificar · typecheck · unit · build · audit	UNKNOWN STEP	2026-09-24T04:16:21.5786165Z   ...
verificar · typecheck · unit · build · audit	UNKNOWN STEP	2026-09-24T04:16:21.5786927Z # Subtest: TEST-PRJ-009 · el OpenAPI de entrenamiento tampoco expone nada de eso, y tiene las 26 operaciones
verificar · typecheck · unit · build · audit	UNKNOWN STEP	2026-09-24T04:16:21.5788175Z ok 41 - TEST-PRJ-009 · el OpenAPI de entrenamiento tampoco expone nada de eso, y tiene las 26 operaciones
verificar · typecheck · unit · build · audit	UNKNOWN STEP	2026-09-24T04:16:21.5788796Z   ---
verificar · typecheck · unit · build · audit	UNKNOWN STEP	2026-09-24T04:16:21.5789135Z   duration_ms: 101.540506
verificar · typecheck · unit · build · audit	UNKNOWN STEP	2026-09-24T04:16:21.5789544Z   type: 'test'
verificar · typecheck · unit · build · audit	UNKNOWN STEP	2026-09-24T04:16:21.5789858Z   ...
verificar · typecheck · unit · build · audit	UNKNOWN STEP	2026-09-24T04:16:21.5790710Z # Subtest: §4.1 · la asimetría del contrato: dos colecciones de ejecución, una sola de plan, y ninguna de borradores de plan
verificar · typecheck · unit · build · audit	UNKNOWN STEP	2026-09-24T04:16:21.5792995Z ok 42 - §4.1 · la asimetría del contrato: dos colecciones de ejecución, una sola de plan, y ninguna de borradores de plan
verificar · typecheck · unit · build · audit	UNKNOWN STEP	2026-09-24T04:16:21.5793718Z   ---
verificar · typecheck · unit · build · audit	UNKNOWN STEP	2026-09-24T04:16:21.5793936Z   duration_ms: 71.521528
verificar · typecheck · unit · build · audit	UNKNOWN STEP	2026-09-24T04:16:21.5794201Z   type: 'test'
verificar · typecheck · unit · build · audit	UNKNOWN STEP	2026-09-24T04:16:21.5794622Z   ...
verificar · typecheck · unit · build · audit	UNKNOWN STEP	2026-09-24T04:16:21.5796164Z # Subtest: TEST-TRN-004 · sin registro nunca se muestra «No realizada»: hoy es «No iniciada», un día pasado es «Sin registro»
verificar · typecheck · unit · build · audit	UNKNOWN STEP	2026-09-24T04:16:21.5798545Z ok 43 - TEST-TRN-004 · sin registro nunca se muestra «No realizada»: hoy es «No iniciada», un día pasado es «Sin registro»
verificar · typecheck · unit · build · audit	UNKNOWN STEP	2026-09-24T04:16:21.5799602Z   ---
verificar · typecheck · unit · build · audit	UNKNOWN STEP	2026-09-24T04:16:21.5799984Z   duration_ms: 1.13968
verificar · typecheck · unit · build · audit	UNKNOWN STEP	2026-09-24T04:16:21.5800413Z   type: 'test'
verificar · typecheck · unit · build · audit	UNKNOWN STEP	2026-09-24T04:16:21.5800796Z   ...
verificar · typecheck · unit · build · audit	UNKNOWN STEP	2026-09-24T04:16:21.5802109Z # Subtest: REG-06-131 · «No realizada» aparece solo cuando el asesorado lo registró así
verificar · typecheck · unit · build · audit	UNKNOWN STEP	2026-09-24T04:16:21.5803670Z ok 44 - REG-06-131 · «No realizada» aparece solo cuando el asesorado lo registró así
verificar · typecheck · unit · build · audit	UNKNOWN STEP	2026-09-24T04:16:21.5804533Z   ---
verificar · typecheck · unit · build · audit	UNKNOWN STEP	2026-09-24T04:16:21.5804823Z   duration_ms: 0.26897
verificar · typecheck · unit · build · audit	UNKNOWN STEP	2026-09-24T04:16:21.5805074Z   type: 'test'
verificar · typecheck · unit · build · audit	UNKNOWN STEP	2026-09-24T04:16:21.5805267Z   ...
verificar · typecheck · unit · build · audit	UNKNOWN STEP	2026-09-24T04:16:21.5806177Z # Subtest: B10-10:134 · el copy de entrenamiento no tiene puntajes ni juicios; «% RM» sí, cualquier otro «%» no
verificar · typecheck · unit · build · audit	UNKNOWN STEP	2026-09-24T04:16:21.5807174Z ok 45 - B10-10:134 · el copy de entrenamiento no tiene puntajes ni juicios; «% RM» sí, cualquier otro «%» no
verificar · typecheck · unit · build · audit	UNKNOWN STEP	2026-09-24T04:16:21.5807660Z   ---
verificar · typecheck · unit · build · audit	UNKNOWN STEP	2026-09-24T04:16:21.5807851Z   duration_ms: 0.914811
verificar · typecheck · unit · build · audit	UNKNOWN STEP	2026-09-24T04:16:21.5808106Z   type: 'test'
verificar · typecheck · unit · build · audit	UNKNOWN STEP	2026-09-24T04:16:21.5808289Z   ...
verificar · typecheck · unit · build · audit	UNKNOWN STEP	2026-09-24T04:16:21.5808784Z # Subtest: copy · la cantidad de series concuerda en número: «1 serie», «3 series»
verificar · typecheck · unit · build · audit	UNKNOWN STEP	2026-09-24T04:16:21.5809487Z ok 46 - copy · la cantidad de series concuerda en número: «1 serie», «3 series»
verificar · typecheck · unit · build · audit	UNKNOWN STEP	2026-09-24T04:16:21.5809863Z   ---
verificar · typecheck · unit · build · audit	UNKNOWN STEP	2026-09-24T04:16:21.5810044Z   duration_ms: 0.235198
verificar · typecheck · unit · build · audit	UNKNOWN STEP	2026-09-24T04:16:21.5810444Z   type: 'test'
verificar · typecheck · unit · build · audit	UNKNOWN STEP	2026-09-24T04:16:21.5810654Z   ...
verificar · typecheck · unit · build · audit	UNKNOWN STEP	2026-09-24T04:16:21.5811679Z # Subtest: 06:5253 · lo que rige de una ejecución es la corrección vigente, o el original si no hay
verificar · typecheck · unit · build · audit	UNKNOWN STEP	2026-09-24T04:16:21.5812624Z ok 47 - 06:5253 · lo que rige de una ejecución es la corrección vigente, o el original si no hay
verificar · typecheck · unit · build · audit	UNKNOWN STEP	2026-09-24T04:16:21.5813399Z   ---
verificar · typecheck · unit · build · audit	UNKNOWN STEP	2026-09-24T04:16:21.5813717Z   duration_ms: 0.399322
verificar · typecheck · unit · build · audit	UNKNOWN STEP	2026-09-24T04:16:21.5813982Z   type: 'test'
verificar · typecheck · unit · build · audit	UNKNOWN STEP	2026-09-24T04:16:21.5814204Z   ...
verificar · typecheck · unit · build · audit	UNKNOWN STEP	2026-09-24T04:16:21.5932812Z # Subtest: REG-06-210 · la Solicitud nace PENDIENTE y solo puede pasar a RESPONDIDA; no hay un tercer estado
verificar · typecheck · unit · build · audit	UNKNOWN STEP	2026-09-24T04:16:21.5952222Z ok 48 - REG-06-210 · la Solicitud nace PENDIENTE y solo puede pasar a RESPONDIDA; no hay un tercer estado
verificar · typecheck · unit · build · audit	UNKNOWN STEP	2026-09-24T04:16:21.6031985Z   ---
verificar · typecheck · unit · build · audit	UNKNOWN STEP	2026-09-24T04:16:21.6073161Z   duration_ms: 1.986665
verificar · typecheck · unit · build · audit	UNKNOWN STEP	2026-09-24T04:16:21.6116823Z   type: 'test'
verificar · typecheck · unit · build · audit	UNKNOWN STEP	2026-09-24T04:16:21.6141793Z   ...
verificar · typecheck · unit · build · audit	UNKNOWN STEP	2026-09-24T04:16:21.6167106Z # Subtest: 09:1508 · el token del contrato es el del 09 en inglés; el del dominio, la palabra del 06
verificar · typecheck · unit · build · audit	UNKNOWN STEP	2026-09-24T04:16:21.6192223Z ok 49 - 09:1508 · el token del contrato es el del 09 en inglés; el del dominio, la palabra del 06
verificar · typecheck · unit · build · audit	UNKNOWN STEP	2026-09-24T04:16:21.6241494Z   ---
verificar · typecheck · unit · build · audit	UNKNOWN STEP	2026-09-24T04:16:21.6261462Z   duration_ms: 0.705602
verificar · typecheck · unit · build · audit	UNKNOWN STEP	2026-09-24T04:16:21.6299273Z   type: 'test'
verificar · typecheck · unit · build · audit	UNKNOWN STEP	2026-09-24T04:16:21.6299760Z   ...
verificar · typecheck · unit · build · audit	UNKNOWN STEP	2026-09-24T04:16:21.6362672Z # Subtest: 09:1610-1618 · respondable es una proyección, no un tercer estado: la mitad estructural es PENDIENTE únicamente
verificar · typecheck · unit · build · audit	UNKNOWN STEP	2026-09-24T04:16:21.6384415Z ok 50 - 09:1610-1618 · respondable es una proyección, no un tercer estado: la mitad estructural es PENDIENTE únicamente
verificar · typecheck · unit · build · audit	UNKNOWN STEP	2026-09-24T04:16:21.6389381Z   ---
verificar · typecheck · unit · build · audit	UNKNOWN STEP	2026-09-24T04:16:21.6390022Z   duration_ms: 0.203439
verificar · typecheck · unit · build · audit	UNKNOWN STEP	2026-09-24T04:16:21.6390587Z   type: 'test'
verificar · typecheck · unit · build · audit	UNKNOWN STEP	2026-09-24T04:16:21.6391401Z   ...
verificar · typecheck · unit · build · audit	UNKNOWN STEP	2026-09-24T04:16:21.6392784Z # Subtest: DL-095 · P0 es maximally permissive: las cuatro categorías son pertinentes en los tres Alcances
verificar · typecheck · unit · build · audit	UNKNOWN STEP	2026-09-24T04:16:21.6394536Z ok 51 - DL-095 · P0 es maximally permissive: las cuatro categorías son pertinentes en los tres Alcances
verificar · typecheck · unit · build · audit	UNKNOWN STEP	2026-09-24T04:16:21.6395641Z   ---
verificar · typecheck · unit · build · audit	UNKNOWN STEP	2026-09-24T04:16:21.6396165Z   duration_ms: 0.309787
verificar · typecheck · unit · build · audit	UNKNOWN STEP	2026-09-24T04:16:21.6396726Z   type: 'test'
verificar · typecheck · unit · build · audit	UNKNOWN STEP	2026-09-24T04:16:21.6397186Z   ...
verificar · typecheck · unit · build · audit	UNKNOWN STEP	2026-09-24T04:16:21.6398138Z # Subtest: REG-06-212 · lo requerido tiene que estar entre lo solicitado
verificar · typecheck · unit · build · audit	UNKNOWN STEP	2026-09-24T04:16:21.6399433Z ok 52 - REG-06-212 · lo requerido tiene que estar entre lo solicitado
verificar · typecheck · unit · build · audit	UNKNOWN STEP	2026-09-24T04:16:21.6400176Z   ---
verificar · typecheck · unit · build · audit	UNKNOWN STEP	2026-09-24T04:16:21.6400623Z   duration_ms: 0.260575
verificar · typecheck · unit · build · audit	UNKNOWN STEP	2026-09-24T04:16:21.6401395Z   type: 'test'
verificar · typecheck · unit · build · audit	UNKNOWN STEP	2026-09-24T04:16:21.6401851Z   ...
verificar · typecheck · unit · build · audit	UNKNOWN STEP	2026-09-24T04:16:21.6403040Z # Subtest: REG-06-13 · lo solicitado tiene que existir en la versión de plantilla citada
verificar · typecheck · unit · build · audit	UNKNOWN STEP	2026-09-24T04:16:21.6404588Z ok 53 - REG-06-13 · lo solicitado tiene que existir en la versión de plantilla citada
verificar · typecheck · unit · build · audit	UNKNOWN STEP	2026-09-24T04:16:21.6405641Z   ---
verificar · typecheck · unit · build · audit	UNKNOWN STEP	2026-09-24T04:16:21.6406243Z   duration_ms: 0.218126
verificar · typecheck · unit · build · audit	UNKNOWN STEP	2026-09-24T04:16:21.6406707Z   type: 'test'
verificar · typecheck · unit · build · audit	UNKNOWN STEP	2026-09-24T04:16:21.6407075Z   ...
verificar · typecheck · unit · build · audit	UNKNOWN STEP	2026-09-24T04:16:21.6408343Z # Subtest: 09:1500 · crear una Solicitud exige plantilla, propósito, alcance y al menos un campo solicitado
verificar · typecheck · unit · build · audit	UNKNOWN STEP	2026-09-24T04:16:21.6410126Z ok 54 - 09:1500 · crear una Solicitud exige plantilla, propósito, alcance y al menos un campo solicitado
verificar · typecheck · unit · build · audit	UNKNOWN STEP	2026-09-24T04:16:21.6411309Z   ---
verificar · typecheck · unit · build · audit	UNKNOWN STEP	2026-09-24T04:16:21.6412037Z   duration_ms: 3.951038
verificar · typecheck · unit · build · audit	UNKNOWN STEP	2026-09-24T04:16:21.6412471Z   type: 'test'
verificar · typecheck · unit · build · audit	UNKNOWN STEP	2026-09-24T04:16:21.6412813Z   ...
verificar · typecheck · unit · build · audit	UNKNOWN STEP	2026-09-24T04:16:21.6414142Z # Subtest: 09:1586-1587 · un campo opcional que no se responde se omite del arreglo: el contrato no admite un value nulo como respuesta
verificar · typecheck · unit · build · audit	UNKNOWN STEP	2026-09-24T04:16:21.6416016Z ok 55 - 09:1586-1587 · un campo opcional que no se responde se omite del arreglo: el contrato no admite un value nulo como respuesta
verificar · typecheck · unit · build · audit	UNKNOWN STEP	2026-09-24T04:16:21.6416937Z   ---
verificar · typecheck · unit · build · audit	UNKNOWN STEP	2026-09-24T04:16:21.6417259Z   duration_ms: 2.700452
verificar · typecheck · unit · build · audit	UNKNOWN STEP	2026-09-24T04:16:21.6417624Z   type: 'test'
verificar · typecheck · unit · build · audit	UNKNOWN STEP	2026-09-24T04:16:21.6417937Z   ...
verificar · typecheck · unit · build · audit	UNKNOWN STEP	2026-09-24T04:16:21.6419049Z # Subtest: TEST-FRM-003 · cada respuesta persistida es SELF_REPORTED por invariante del schema, nunca otro valor
verificar · typecheck · unit · build · audit	UNKNOWN STEP	2026-09-24T04:16:21.6421142Z ok 56 - TEST-FRM-003 · cada respuesta persistida es SELF_REPORTED por invariante del schema, nunca otro valor
verificar · typecheck · unit · build · audit	UNKNOWN STEP	2026-09-24T04:16:21.6421999Z   ---
verificar · typecheck · unit · build · audit	UNKNOWN STEP	2026-09-24T04:16:21.6422310Z   duration_ms: 1.641313
verificar · typecheck · unit · build · audit	UNKNOWN STEP	2026-09-24T04:16:21.6422689Z   type: 'test'
verificar · typecheck · unit · build · audit	UNKNOWN STEP	2026-09-24T04:16:21.6423002Z   ...
verificar · typecheck · unit · build · audit	UNKNOWN STEP	2026-09-24T04:16:21.6424120Z # Subtest: 09 §22.8 · rectificar exige la versión esperada, motivo y al menos una respuesta — no es un PATCH parcial
verificar · typecheck · unit · build · audit	UNKNOWN STEP	2026-09-24T04:16:21.6425861Z ok 57 - 09 §22.8 · rectificar exige la versión esperada, motivo y al menos una respuesta — no es un PATCH parcial
verificar · typecheck · unit · build · audit	UNKNOWN STEP	2026-09-24T04:16:21.6426705Z   ---
verificar · typecheck · unit · build · audit	UNKNOWN STEP	2026-09-24T04:16:21.6426996Z   duration_ms: 1.459645
verificar · typecheck · unit · build · audit	UNKNOWN STEP	2026-09-24T04:16:21.6427340Z   type: 'test'
verificar · typecheck · unit · build · audit	UNKNOWN STEP	2026-09-24T04:16:21.6427635Z   ...
verificar · typecheck · unit · build · audit	UNKNOWN STEP	2026-09-24T04:16:21.6428822Z # Subtest: 09:1618 · rectificar no sobrescribe: crea una sucesora, y la original sigue siendo la vista ORIGINAL hasta que exista una
verificar · typecheck · unit · build · audit	UNKNOWN STEP	2026-09-24T04:16:21.6430800Z ok 58 - 09:1618 · rectificar no sobrescribe: crea una sucesora, y la original sigue siendo la vista ORIGINAL hasta que exista una
verificar · typecheck · unit · build · audit	UNKNOWN STEP	2026-09-24T04:16:21.6431955Z   ---
verificar · typecheck · unit · build · audit	UNKNOWN STEP	2026-09-24T04:16:21.6432286Z   duration_ms: 0.746027
verificar · typecheck · unit · build · audit	UNKNOWN STEP	2026-09-24T04:16:21.6432672Z   type: 'test'
verificar · typecheck · unit · build · audit	UNKNOWN STEP	2026-09-24T04:16:21.6433015Z   ...
verificar · typecheck · unit · build · audit	UNKNOWN STEP	2026-09-24T04:16:21.6434248Z # Subtest: WP-07 §5 · el copy no presenta la falta de respuesta como incumplimiento ni lo declarado como medición
verificar · typecheck · unit · build · audit	UNKNOWN STEP	2026-09-24T04:16:21.6435869Z ok 59 - WP-07 §5 · el copy no presenta la falta de respuesta como incumplimiento ni lo declarado como medición
verificar · typecheck · unit · build · audit	UNKNOWN STEP	2026-09-24T04:16:21.6436771Z   ---
verificar · typecheck · unit · build · audit	UNKNOWN STEP	2026-09-24T04:16:21.6437114Z   duration_ms: 1.464013
verificar · typecheck · unit · build · audit	UNKNOWN STEP	2026-09-24T04:16:21.6437495Z   type: 'test'
verificar · typecheck · unit · build · audit	UNKNOWN STEP	2026-09-24T04:16:21.6437825Z   ...
verificar · typecheck · unit · build · audit	UNKNOWN STEP	2026-09-24T04:16:21.6439050Z # Subtest: 09 §22 · las 8 operaciones FRM están en el documento, sin cancelar/rechazar/caducar ni crear plantilla
verificar · typecheck · unit · build · audit	UNKNOWN STEP	2026-09-24T04:16:21.6440760Z ok 60 - 09 §22 · las 8 operaciones FRM están en el documento, sin cancelar/rechazar/caducar ni crear plantilla
verificar · typecheck · unit · build · audit	UNKNOWN STEP	2026-09-24T04:16:21.6442774Z   ---
verificar · typecheck · unit · build · audit	UNKNOWN STEP	2026-09-24T04:16:21.6443122Z   duration_ms: 141.197265
verificar · typecheck · unit · build · audit	UNKNOWN STEP	2026-09-24T04:16:21.6443547Z   type: 'test'
verificar · typecheck · unit · build · audit	UNKNOWN STEP	2026-09-24T04:16:21.6443875Z   ...
verificar · typecheck · unit · build · audit	UNKNOWN STEP	2026-09-24T04:16:21.6445043Z # Subtest: 09v11 §15 · un dominio disponible trae el resumen de su dominio, y `null` cuando todavía no hay datos
verificar · typecheck · unit · build · audit	UNKNOWN STEP	2026-09-24T04:16:21.6446730Z ok 61 - 09v11 §15 · un dominio disponible trae el resumen de su dominio, y `null` cuando todavía no hay datos
verificar · typecheck · unit · build · audit	UNKNOWN STEP	2026-09-24T04:16:21.6447589Z   ---
verificar · typecheck · unit · build · audit	UNKNOWN STEP	2026-09-24T04:16:21.6447916Z   duration_ms: 6.674522
verificar · typecheck · unit · build · audit	UNKNOWN STEP	2026-09-24T04:16:21.6448300Z   type: 'test'
verificar · typecheck · unit · build · audit	UNKNOWN STEP	2026-09-24T04:16:21.6448626Z   ...
verificar · typecheck · unit · build · audit	UNKNOWN STEP	2026-09-24T04:16:21.6449807Z # Subtest: 09v11 §15 · un resumen con una clave fuera del contrato se rechaza: el dashboard no admite un score inventado
verificar · typecheck · unit · build · audit	UNKNOWN STEP	2026-09-24T04:16:21.6451836Z ok 62 - 09v11 §15 · un resumen con una clave fuera del contrato se rechaza: el dashboard no admite un score inventado
verificar · typecheck · unit · build · audit	UNKNOWN STEP	2026-09-24T04:16:21.6452740Z   ---
verificar · typecheck · unit · build · audit	UNKNOWN STEP	2026-09-24T04:16:21.6453079Z   duration_ms: 0.95745
verificar · typecheck · unit · build · audit	UNKNOWN STEP	2026-09-24T04:16:21.6453458Z   type: 'test'
verificar · typecheck · unit · build · audit	UNKNOWN STEP	2026-09-24T04:16:21.6453777Z   ...
verificar · typecheck · unit · build · audit	UNKNOWN STEP	2026-09-24T04:16:21.6454743Z # Subtest: B10-08 §8.4 · un dominio no disponible no lleva resumen ni identificador de vínculo
verificar · typecheck · unit · build · audit	UNKNOWN STEP	2026-09-24T04:16:21.6456113Z ok 63 - B10-08 §8.4 · un dominio no disponible no lleva resumen ni identificador de vínculo
verificar · typecheck · unit · build · audit	UNKNOWN STEP	2026-09-24T04:16:21.6457090Z   ---
verificar · typecheck · unit · build · audit	UNKNOWN STEP	2026-09-24T04:16:21.6457429Z   duration_ms: 0.250355
verificar · typecheck · unit · build · audit	UNKNOWN STEP	2026-09-24T04:16:21.6457809Z   type: 'test'
verificar · typecheck · unit · build · audit	UNKNOWN STEP	2026-09-24T04:16:21.6458138Z   ...
verificar · typecheck · unit · build · audit	UNKNOWN STEP	2026-09-24T04:16:21.6459336Z # Subtest: TEST-CAL-001 · REG-06-203: publicar una versión nueva no vuelve seleccionable ni reescribe a la anterior
verificar · typecheck · unit · build · audit	UNKNOWN STEP	2026-09-24T04:16:21.6461440Z ok 64 - TEST-CAL-001 · REG-06-203: publicar una versión nueva no vuelve seleccionable ni reescribe a la anterior
verificar · typecheck · unit · build · audit	UNKNOWN STEP	2026-09-24T04:16:21.6462369Z   ---
verificar · typecheck · unit · build · audit	UNKNOWN STEP	2026-09-24T04:16:21.6462709Z   duration_ms: 4.543831
verificar · typecheck · unit · build · audit	UNKNOWN STEP	2026-09-24T04:16:21.6463101Z   type: 'test'
verificar · typecheck · unit · build · audit	UNKNOWN STEP	2026-09-24T04:16:21.6463436Z   ...
verificar · typecheck · unit · build · audit	UNKNOWN STEP	2026-09-24T04:16:21.6464599Z # Subtest: TEST-CAL-002 · REG-06-204: un dato existente con procedencia no admisible no produce una ejecución
verificar · typecheck · unit · build · audit	UNKNOWN STEP	2026-09-24T04:16:21.6466282Z ok 65 - TEST-CAL-002 · REG-06-204: un dato existente con procedencia no admisible no produce una ejecución
verificar · typecheck · unit · build · audit	UNKNOWN STEP	2026-09-24T04:16:21.6467794Z   ---
verificar · typecheck · unit · build · audit	UNKNOWN STEP	2026-09-24T04:16:21.6468138Z   duration_ms: 1.610374
verificar · typecheck · unit · build · audit	UNKNOWN STEP	2026-09-24T04:16:21.6468532Z   type: 'test'
verificar · typecheck · unit · build · audit	UNKNOWN STEP	2026-09-24T04:16:21.6468878Z   ...
verificar · typecheck · unit · build · audit	UNKNOWN STEP	2026-09-24T04:16:21.6469997Z # Subtest: REG-06-204 · falta de entrada, unidad ajena, métrica cruzada y entrada anulada tampoco alcanzan
verificar · typecheck · unit · build · audit	UNKNOWN STEP	2026-09-24T04:16:21.6474522Z ok 66 - REG-06-204 · falta de entrada, unidad ajena, métrica cruzada y entrada anulada tampoco alcanzan
verificar · typecheck · unit · build · audit	UNKNOWN STEP	2026-09-24T04:16:21.6475408Z   ---
verificar · typecheck · unit · build · audit	UNKNOWN STEP	2026-09-24T04:16:21.6475767Z   duration_ms: 1.768558
verificar · typecheck · unit · build · audit	UNKNOWN STEP	2026-09-24T04:16:21.6476165Z   type: 'test'
verificar · typecheck · unit · build · audit	UNKNOWN STEP	2026-09-24T04:16:21.6476508Z   ...
verificar · typecheck · unit · build · audit	UNKNOWN STEP	2026-09-24T04:16:21.6477473Z # Subtest: REG-06-16 · sin valor vigente resoluble no se calcula, y no se cae en el original
verificar · typecheck · unit · build · audit	UNKNOWN STEP	2026-09-24T04:16:21.6478857Z ok 67 - REG-06-16 · sin valor vigente resoluble no se calcula, y no se cae en el original
verificar · typecheck · unit · build · audit	UNKNOWN STEP	2026-09-24T04:16:21.6479612Z   ---
verificar · typecheck · unit · build · audit	UNKNOWN STEP	2026-09-24T04:16:21.6479959Z   duration_ms: 0.351574
verificar · typecheck · unit · build · audit	UNKNOWN STEP	2026-09-24T04:16:21.6480359Z   type: 'test'
verificar · typecheck · unit · build · audit	UNKNOWN STEP	2026-09-24T04:16:21.6480685Z   ...
verificar · typecheck · unit · build · audit	UNKNOWN STEP	2026-09-24T04:16:21.6481845Z # Subtest: REG-06-203 · una versión no se usa para una finalidad que no declara
verificar · typecheck · unit · build · audit	UNKNOWN STEP	2026-09-24T04:16:21.6483040Z ok 68 - REG-06-203 · una versión no se usa para una finalidad que no declara
verificar · typecheck · unit · build · audit	UNKNOWN STEP	2026-09-24T04:16:21.6483685Z   ---
verificar · typecheck · unit · build · audit	UNKNOWN STEP	2026-09-24T04:16:21.6484014Z   duration_ms: 0.279309
verificar · typecheck · unit · build · audit	UNKNOWN STEP	2026-09-24T04:16:21.6484391Z   type: 'test'
verificar · typecheck · unit · build · audit	UNKNOWN STEP	2026-09-24T04:16:21.6484723Z   ...
verificar · typecheck · unit · build · audit	UNKNOWN STEP	2026-09-24T04:16:21.6485684Z # Subtest: TEST-CAL-004 y TEST-CAL-005 · REG-06-205: las corridas coexisten tal como están
verificar · typecheck · unit · build · audit	UNKNOWN STEP	2026-09-24T04:16:21.6487086Z ok 69 - TEST-CAL-004 y TEST-CAL-005 · REG-06-205: las corridas coexisten tal como están
verificar · typecheck · unit · build · audit	UNKNOWN STEP	2026-09-24T04:16:21.6487798Z   ---
verificar · typecheck · unit · build · audit	UNKNOWN STEP	2026-09-24T04:16:21.6488110Z   duration_ms: 0.266115
verificar · typecheck · unit · build · audit	UNKNOWN STEP	2026-09-24T04:16:21.6488463Z   type: 'test'
verificar · typecheck · unit · build · audit	UNKNOWN STEP	2026-09-24T04:16:21.6488743Z   ...
verificar · typecheck · unit · build · audit	UNKNOWN STEP	2026-09-24T04:16:21.6489567Z # Subtest: TEST-CAL-006 · REG-06-207: adoptar sucede a la referencia anterior y no la borra
verificar · typecheck · unit · build · audit	UNKNOWN STEP	2026-09-24T04:16:21.6490798Z ok 70 - TEST-CAL-006 · REG-06-207: adoptar sucede a la referencia anterior y no la borra
verificar · typecheck · unit · build · audit	UNKNOWN STEP	2026-09-24T04:16:21.6491777Z   ---
verificar · typecheck · unit · build · audit	UNKNOWN STEP	2026-09-24T04:16:21.6492086Z   duration_ms: 0.458913
verificar · typecheck · unit · build · audit	UNKNOWN STEP	2026-09-24T04:16:21.6492453Z   type: 'test'
verificar · typecheck · unit · build · audit	UNKNOWN STEP	2026-09-24T04:16:21.6495167Z   ...
verificar · typecheck · unit · build · audit	UNKNOWN STEP	2026-09-24T04:16:21.6495877Z # Subtest: REG-06-207 · la referencia no cruza personas ni finalidades
verificar · typecheck · unit · build · audit	UNKNOWN STEP	2026-09-24T04:16:21.6496894Z ok 71 - REG-06-207 · la referencia no cruza personas ni finalidades
verificar · typecheck · unit · build · audit	UNKNOWN STEP	2026-09-24T04:16:21.6497491Z   ---
verificar · typecheck · unit · build · audit	UNKNOWN STEP	2026-09-24T04:16:21.6497815Z   duration_ms: 0.258151
verificar · typecheck · unit · build · audit	UNKNOWN STEP	2026-09-24T04:16:21.6498198Z   type: 'test'
verificar · typecheck · unit · build · audit	UNKNOWN STEP	2026-09-24T04:16:21.6498568Z   ...
verificar · typecheck · unit · build · audit	UNKNOWN STEP	2026-09-24T04:16:21.6499684Z # Subtest: TEST-CAL-007 · INV-06-05: el resultado de adoptar es una relación, no un objetivo ni una prescripción
verificar · typecheck · unit · build · audit	UNKNOWN STEP	2026-09-24T04:16:21.6501719Z ok 72 - TEST-CAL-007 · INV-06-05: el resultado de adoptar es una relación, no un objetivo ni una prescripción
verificar · typecheck · unit · build · audit	UNKNOWN STEP	2026-09-24T04:16:21.6502592Z   ---
verificar · typecheck · unit · build · audit	UNKNOWN STEP	2026-09-24T04:16:21.6502911Z   duration_ms: 0.800719
verificar · typecheck · unit · build · audit	UNKNOWN STEP	2026-09-24T04:16:21.6503314Z   type: 'test'
verificar · typecheck · unit · build · audit	UNKNOWN STEP	2026-09-24T04:16:21.6503695Z   ...
verificar · typecheck · unit · build · audit	UNKNOWN STEP	2026-09-24T04:16:21.6504876Z # Subtest: REG-06-156 · una regla que no está en el catálogo no ejecuta nada, y un resultado imposible tampoco
verificar · typecheck · unit · build · audit	UNKNOWN STEP	2026-09-24T04:16:21.6507254Z ok 73 - REG-06-156 · una regla que no está en el catálogo no ejecuta nada, y un resultado imposible tampoco
verificar · typecheck · unit · build · audit	UNKNOWN STEP	2026-09-24T04:16:21.6508142Z   ---
verificar · typecheck · unit · build · audit	UNKNOWN STEP	2026-09-24T04:16:21.6508493Z   duration_ms: 0.552237
verificar · typecheck · unit · build · audit	UNKNOWN STEP	2026-09-24T04:16:21.6508898Z   type: 'test'
verificar · typecheck · unit · build · audit	UNKNOWN STEP	2026-09-24T04:16:21.6509252Z   ...
verificar · typecheck · unit · build · audit	UNKNOWN STEP	2026-09-24T04:16:21.6510279Z # Subtest: REG-06-159 · la entrada se vincula por identificador declarado, nunca por posición
verificar · typecheck · unit · build · audit	UNKNOWN STEP	2026-09-24T04:16:21.6511962Z ok 74 - REG-06-159 · la entrada se vincula por identificador declarado, nunca por posición
verificar · typecheck · unit · build · audit	UNKNOWN STEP	2026-09-24T04:16:21.6512710Z   ---
verificar · typecheck · unit · build · audit	UNKNOWN STEP	2026-09-24T04:16:21.6513063Z   duration_ms: 0.334302
verificar · typecheck · unit · build · audit	UNKNOWN STEP	2026-09-24T04:16:21.6513448Z   type: 'test'
verificar · typecheck · unit · build · audit	UNKNOWN STEP	2026-09-24T04:16:21.6513784Z   ...
verificar · typecheck · unit · build · audit	UNKNOWN STEP	2026-09-24T04:16:21.6514629Z # Subtest: 08 §12.2 — cada versión de texto guarda el SHA-256 real de su contenido
verificar · typecheck · unit · build · audit	UNKNOWN STEP	2026-09-24T04:16:21.6515984Z ok 75 - 08 §12.2 — cada versión de texto guarda el SHA-256 real de su contenido
verificar · typecheck · unit · build · audit	UNKNOWN STEP	2026-09-24T04:16:21.6516613Z   ---
verificar · typecheck · unit · build · audit	UNKNOWN STEP	2026-09-24T04:16:21.6516931Z   duration_ms: 2.069309
verificar · typecheck · unit · build · audit	UNKNOWN STEP	2026-09-24T04:16:21.6517287Z   type: 'test'
verificar · typecheck · unit · build · audit	UNKNOWN STEP	2026-09-24T04:16:21.6517589Z   ...
verificar · typecheck · unit · build · audit	UNKNOWN STEP	2026-09-24T04:16:21.6518623Z # Subtest: Catálogo de textos: ids únicos, una versión vigente por tipo y marcados como demostración (DL-028)
verificar · typecheck · unit · build · audit	UNKNOWN STEP	2026-09-24T04:16:21.6520197Z ok 76 - Catálogo de textos: ids únicos, una versión vigente por tipo y marcados como demostración (DL-028)
verificar · typecheck · unit · build · audit	UNKNOWN STEP	2026-09-24T04:16:21.6521229Z   ---
verificar · typecheck · unit · build · audit	UNKNOWN STEP	2026-09-24T04:16:21.6521548Z   duration_ms: 0.493358
verificar · typecheck · unit · build · audit	UNKNOWN STEP	2026-09-24T04:16:21.6521899Z   type: 'test'
verificar · typecheck · unit · build · audit	UNKNOWN STEP	2026-09-24T04:16:21.6522196Z   ...
verificar · typecheck · unit · build · audit	UNKNOWN STEP	2026-09-24T04:16:21.6523163Z # Subtest: A2 contiene los contenidos mínimos del 08 §12.1 y aclara que no es consentimiento de salud
verificar · typecheck · unit · build · audit	UNKNOWN STEP	2026-09-24T04:16:21.6524585Z ok 77 - A2 contiene los contenidos mínimos del 08 §12.1 y aclara que no es consentimiento de salud
verificar · typecheck · unit · build · audit	UNKNOWN STEP	2026-09-24T04:16:21.6525299Z   ---
verificar · typecheck · unit · build · audit	UNKNOWN STEP	2026-09-24T04:16:21.6525627Z   duration_ms: 0.293345
verificar · typecheck · unit · build · audit	UNKNOWN STEP	2026-09-24T04:16:21.6525968Z   type: 'test'
verificar · typecheck · unit · build · audit	UNKNOWN STEP	2026-09-24T04:16:21.6526269Z   ...
verificar · typecheck · unit · build · audit	UNKNOWN STEP	2026-09-24T04:16:21.6527089Z # Subtest: Consecuencias del cierre: copy de 10-ADD + irreversibilidad (DL-024), sin prometer borrado
verificar · typecheck · unit · build · audit	UNKNOWN STEP	2026-09-24T04:16:21.6528374Z ok 78 - Consecuencias del cierre: copy de 10-ADD + irreversibilidad (DL-024), sin prometer borrado
verificar · typecheck · unit · build · audit	UNKNOWN STEP	2026-09-24T04:16:21.6529178Z   ---
verificar · typecheck · unit · build · audit	UNKNOWN STEP	2026-09-24T04:16:21.6529482Z   duration_ms: 0.289088
verificar · typecheck · unit · build · audit	UNKNOWN STEP	2026-09-24T04:16:21.6529830Z   type: 'test'
verificar · typecheck · unit · build · audit	UNKNOWN STEP	2026-09-24T04:16:21.6530155Z   ...
verificar · typecheck · unit · build · audit	UNKNOWN STEP	2026-09-24T04:16:21.6531444Z # Subtest: 08 §12.4 — el registro crea A1 y A2, nunca A3; solo TERMINOS y DATOS_SALUD_BE son revocables
verificar · typecheck · unit · build · audit	UNKNOWN STEP	2026-09-24T04:16:21.6532874Z ok 79 - 08 §12.4 — el registro crea A1 y A2, nunca A3; solo TERMINOS y DATOS_SALUD_BE son revocables
verificar · typecheck · unit · build · audit	UNKNOWN STEP	2026-09-24T04:16:21.6533627Z   ---
verificar · typecheck · unit · build · audit	UNKNOWN STEP	2026-09-24T04:16:21.6533953Z   duration_ms: 0.921373
verificar · typecheck · unit · build · audit	UNKNOWN STEP	2026-09-24T04:16:21.6534327Z   type: 'test'
verificar · typecheck · unit · build · audit	UNKNOWN STEP	2026-09-24T04:16:21.6534650Z   ...
verificar · typecheck · unit · build · audit	UNKNOWN STEP	2026-09-24T04:16:21.6535441Z # Subtest: Sesión: estados como enum con lista blanca; TTL ≤ 24 h (08 §26.2)
verificar · typecheck · unit · build · audit	UNKNOWN STEP	2026-09-24T04:16:21.6536601Z ok 80 - Sesión: estados como enum con lista blanca; TTL ≤ 24 h (08 §26.2)
verificar · typecheck · unit · build · audit	UNKNOWN STEP	2026-09-24T04:16:21.6537238Z   ---
verificar · typecheck · unit · build · audit	UNKNOWN STEP	2026-09-24T04:16:21.6537574Z   duration_ms: 0.244554
verificar · typecheck · unit · build · audit	UNKNOWN STEP	2026-09-24T04:16:21.6537967Z   type: 'test'
verificar · typecheck · unit · build · audit	UNKNOWN STEP	2026-09-24T04:16:21.6538290Z   ...
verificar · typecheck · unit · build · audit	UNKNOWN STEP	2026-09-24T04:16:21.6539056Z # Subtest: Identificador local: normalización y validación sintáctica
verificar · typecheck · unit · build · audit	UNKNOWN STEP	2026-09-24T04:16:21.6540079Z ok 81 - Identificador local: normalización y validación sintáctica
verificar · typecheck · unit · build · audit	UNKNOWN STEP	2026-09-24T04:16:21.6540662Z   ---
verificar · typecheck · unit · build · audit	UNKNOWN STEP	2026-09-24T04:16:21.6541225Z   duration_ms: 0.455347
verificar · typecheck · unit · build · audit	UNKNOWN STEP	2026-09-24T04:16:21.6541606Z   type: 'test'
verificar · typecheck · unit · build · audit	UNKNOWN STEP	2026-09-24T04:16:21.6541920Z   ...
verificar · typecheck · unit · build · audit	UNKNOWN STEP	2026-09-24T04:16:21.6542673Z # Subtest: Credencial: mínimo 12 caracteres, máximo 72 bytes (DL-013)
verificar · typecheck · unit · build · audit	UNKNOWN STEP	2026-09-24T04:16:21.6543691Z ok 82 - Credencial: mínimo 12 caracteres, máximo 72 bytes (DL-013)
verificar · typecheck · unit · build · audit	UNKNOWN STEP	2026-09-24T04:16:21.6544257Z   ---
verificar · typecheck · unit · build · audit	UNKNOWN STEP	2026-09-24T04:16:21.6544573Z   duration_ms: 0.325195
verificar · typecheck · unit · build · audit	UNKNOWN STEP	2026-09-24T04:16:21.6544941Z   type: 'test'
verificar · typecheck · unit · build · audit	UNKNOWN STEP	2026-09-24T04:16:21.6545464Z   ...
verificar · typecheck · unit · build · audit	UNKNOWN STEP	2026-09-24T04:16:21.6546332Z # Subtest: Superficie: solo WEB o APK; cualquier otro valor queda no declarado (null), nunca inventado
verificar · typecheck · unit · build · audit	UNKNOWN STEP	2026-09-24T04:16:21.6547892Z ok 83 - Superficie: solo WEB o APK; cualquier otro valor queda no declarado (null), nunca inventado
verificar · typecheck · unit · build · audit	UNKNOWN STEP	2026-09-24T04:16:21.6548667Z   ---
verificar · typecheck · unit · build · audit	UNKNOWN STEP	2026-09-24T04:16:21.6549000Z   duration_ms: 0.606919
verificar · typecheck · unit · build · audit	UNKNOWN STEP	2026-09-24T04:16:21.6549373Z   type: 'test'
verificar · typecheck · unit · build · audit	UNKNOWN STEP	2026-09-24T04:16:21.6549694Z   ...
verificar · typecheck · unit · build · audit	UNKNOWN STEP	2026-09-24T04:16:21.6550635Z # Subtest: 09v7 T12 — contratos estrictos: un campo no declarado se rechaza (UNKNOWN_FIELD)
verificar · typecheck · unit · build · audit	UNKNOWN STEP	2026-09-24T04:16:21.6552217Z ok 84 - 09v7 T12 — contratos estrictos: un campo no declarado se rechaza (UNKNOWN_FIELD)
verificar · typecheck · unit · build · audit	UNKNOWN STEP	2026-09-24T04:16:21.6552949Z   ---
verificar · typecheck · unit · build · audit	UNKNOWN STEP	2026-09-24T04:16:21.6553280Z   duration_ms: 9.544841
verificar · typecheck · unit · build · audit	UNKNOWN STEP	2026-09-24T04:16:21.6553656Z   type: 'test'
verificar · typecheck · unit · build · audit	UNKNOWN STEP	2026-09-24T04:16:21.6553970Z   ...
verificar · typecheck · unit · build · audit	UNKNOWN STEP	2026-09-24T04:16:21.6554742Z # Subtest: API-CON-05 — la forma «A3 no otorgado» es currentConsent: null
verificar · typecheck · unit · build · audit	UNKNOWN STEP	2026-09-24T04:16:21.6555796Z ok 85 - API-CON-05 — la forma «A3 no otorgado» es currentConsent: null
verificar · typecheck · unit · build · audit	UNKNOWN STEP	2026-09-24T04:16:21.6556586Z   ---
verificar · typecheck · unit · build · audit	UNKNOWN STEP	2026-09-24T04:16:21.6556912Z   duration_ms: 2.079988
verificar · typecheck · unit · build · audit	UNKNOWN STEP	2026-09-24T04:16:21.6557272Z   type: 'test'
verificar · typecheck · unit · build · audit	UNKNOWN STEP	2026-09-24T04:16:21.6557594Z   ...
verificar · typecheck · unit · build · audit	UNKNOWN STEP	2026-09-24T04:16:21.6558714Z # Subtest: T-06-45 — tres alcances; Especialidad XOR Capacidad (REG-06-32); una finalidad por alcance (DL-039)
verificar · typecheck · unit · build · audit	UNKNOWN STEP	2026-09-24T04:16:21.6560396Z ok 86 - T-06-45 — tres alcances; Especialidad XOR Capacidad (REG-06-32); una finalidad por alcance (DL-039)
verificar · typecheck · unit · build · audit	UNKNOWN STEP	2026-09-24T04:16:21.6561521Z   ---
verificar · typecheck · unit · build · audit	UNKNOWN STEP	2026-09-24T04:16:21.6561845Z   duration_ms: 2.980053
verificar · typecheck · unit · build · audit	UNKNOWN STEP	2026-09-24T04:16:21.6562218Z   type: 'test'
verificar · typecheck · unit · build · audit	UNKNOWN STEP	2026-09-24T04:16:21.6562536Z   ...
verificar · typecheck · unit · build · audit	UNKNOWN STEP	2026-09-24T04:16:21.6563330Z # Subtest: 06 §6.8.2 — la lista blanca de la verificación es la literal del 06
verificar · typecheck · unit · build · audit	UNKNOWN STEP	2026-09-24T04:16:21.6567077Z ok 87 - 06 §6.8.2 — la lista blanca de la verificación es la literal del 06
verificar · typecheck · unit · build · audit	UNKNOWN STEP	2026-09-24T04:16:21.6567493Z   ---
verificar · typecheck · unit · build · audit	UNKNOWN STEP	2026-09-24T04:16:21.6567691Z   duration_ms: 0.24757
verificar · typecheck · unit · build · audit	UNKNOWN STEP	2026-09-24T04:16:21.6567912Z   type: 'test'
verificar · typecheck · unit · build · audit	UNKNOWN STEP	2026-09-24T04:16:21.6568102Z   ...
verificar · typecheck · unit · build · audit	UNKNOWN STEP	2026-09-24T04:16:21.6568782Z # Subtest: 06 §6.8.2 — cada transición declarada procede; toda otra combinación se rechaza (TEST-RNF-DAT-001)
verificar · typecheck · unit · build · audit	UNKNOWN STEP	2026-09-24T04:16:21.6569674Z ok 88 - 06 §6.8.2 — cada transición declarada procede; toda otra combinación se rechaza (TEST-RNF-DAT-001)
verificar · typecheck · unit · build · audit	UNKNOWN STEP	2026-09-24T04:16:21.6570129Z   ---
verificar · typecheck · unit · build · audit	UNKNOWN STEP	2026-09-24T04:16:21.6570317Z   duration_ms: 1.070221
verificar · typecheck · unit · build · audit	UNKNOWN STEP	2026-09-24T04:16:21.6570531Z   type: 'test'
verificar · typecheck · unit · build · audit	UNKNOWN STEP	2026-09-24T04:16:21.6570713Z   ...
verificar · typecheck · unit · build · audit	UNKNOWN STEP	2026-09-24T04:16:21.6571882Z # Subtest: Habilitación mínima (DL-036): concesión explícita, retiro y nueva concesión; nada más
verificar · typecheck · unit · build · audit	UNKNOWN STEP	2026-09-24T04:16:21.6573394Z ok 89 - Habilitación mínima (DL-036): concesión explícita, retiro y nueva concesión; nada más
verificar · typecheck · unit · build · audit	UNKNOWN STEP	2026-09-24T04:16:21.6574192Z   ---
verificar · typecheck · unit · build · audit	UNKNOWN STEP	2026-09-24T04:16:21.6574510Z   duration_ms: 0.320186
verificar · typecheck · unit · build · audit	UNKNOWN STEP	2026-09-24T04:16:21.6574744Z   type: 'test'
verificar · typecheck · unit · build · audit	UNKNOWN STEP	2026-09-24T04:16:21.6574936Z   ...
verificar · typecheck · unit · build · audit	UNKNOWN STEP	2026-09-24T04:16:21.6575403Z # Subtest: 06 §7.3.2 — la lista blanca de la solicitud es la literal del 06
verificar · typecheck · unit · build · audit	UNKNOWN STEP	2026-09-24T04:16:21.6575999Z ok 90 - 06 §7.3.2 — la lista blanca de la solicitud es la literal del 06
verificar · typecheck · unit · build · audit	UNKNOWN STEP	2026-09-24T04:16:21.6576366Z   ---
verificar · typecheck · unit · build · audit	UNKNOWN STEP	2026-09-24T04:16:21.6576556Z   duration_ms: 0.246127
verificar · typecheck · unit · build · audit	UNKNOWN STEP	2026-09-24T04:16:21.6576771Z   type: 'test'
verificar · typecheck · unit · build · audit	UNKNOWN STEP	2026-09-24T04:16:21.6576960Z   ...
verificar · typecheck · unit · build · audit	UNKNOWN STEP	2026-09-24T04:16:21.6577640Z # Subtest: 06 §7.3.2 — cada transición declarada procede; toda otra combinación se rechaza; los terminales no tienen salida
verificar · typecheck · unit · build · audit	UNKNOWN STEP	2026-09-24T04:16:21.6578611Z ok 91 - 06 §7.3.2 — cada transición declarada procede; toda otra combinación se rechaza; los terminales no tienen salida
verificar · typecheck · unit · build · audit	UNKNOWN STEP	2026-09-24T04:16:21.6579114Z   ---
verificar · typecheck · unit · build · audit	UNKNOWN STEP	2026-09-24T04:16:21.6579295Z   duration_ms: 0.629811
verificar · typecheck · unit · build · audit	UNKNOWN STEP	2026-09-24T04:16:21.6579504Z   type: 'test'
verificar · typecheck · unit · build · audit	UNKNOWN STEP	2026-09-24T04:16:21.6579686Z   ...
verificar · typecheck · unit · build · audit	UNKNOWN STEP	2026-09-24T04:16:21.6580281Z # Subtest: 06 §7.3.2 — guardas: actor, confirmación, reevaluación (REG-06-49), vencimiento e incompatibilidad
verificar · typecheck · unit · build · audit	UNKNOWN STEP	2026-09-24T04:16:21.6591852Z ok 92 - 06 §7.3.2 — guardas: actor, confirmación, reevaluación (REG-06-49), vencimiento e incompatibilidad
verificar · typecheck · unit · build · audit	UNKNOWN STEP	2026-09-24T04:16:21.6592760Z   ---
verificar · typecheck · unit · build · audit	UNKNOWN STEP	2026-09-24T04:16:21.6593099Z   duration_ms: 0.37052
verificar · typecheck · unit · build · audit	UNKNOWN STEP	2026-09-24T04:16:21.6593510Z   type: 'test'
verificar · typecheck · unit · build · audit	UNKNOWN STEP	2026-09-24T04:16:21.6593827Z   ...
verificar · typecheck · unit · build · audit	UNKNOWN STEP	2026-09-24T04:16:21.6595070Z # Subtest: 06 §7.5.2 — la lista blanca del vínculo por alcance es la literal del 06 (FinalizarAlcance desde ACEPTADO y PAUSADO)
verificar · typecheck · unit · build · audit	UNKNOWN STEP	2026-09-24T04:16:21.6597091Z ok 93 - 06 §7.5.2 — la lista blanca del vínculo por alcance es la literal del 06 (FinalizarAlcance desde ACEPTADO y PAUSADO)
verificar · typecheck · unit · build · audit	UNKNOWN STEP	2026-09-24T04:16:21.6597972Z   ---
verificar · typecheck · unit · build · audit	UNKNOWN STEP	2026-09-24T04:16:21.6598281Z   duration_ms: 0.217034
verificar · typecheck · unit · build · audit	UNKNOWN STEP	2026-09-24T04:16:21.6598641Z   type: 'test'
verificar · typecheck · unit · build · audit	UNKNOWN STEP	2026-09-24T04:16:21.6598953Z   ...
verificar · typecheck · unit · build · audit	UNKNOWN STEP	2026-09-24T04:16:21.6600082Z # Subtest: 06 §7.5.2 — cada transición declarada procede; toda otra se rechaza; FINALIZADO no tiene salida (INV-06-58)
verificar · typecheck · unit · build · audit	UNKNOWN STEP	2026-09-24T04:16:21.6602039Z ok 94 - 06 §7.5.2 — cada transición declarada procede; toda otra se rechaza; FINALIZADO no tiene salida (INV-06-58)
verificar · typecheck · unit · build · audit	UNKNOWN STEP	2026-09-24T04:16:21.6602877Z   ---
verificar · typecheck · unit · build · audit	UNKNOWN STEP	2026-09-24T04:16:21.6603189Z   duration_ms: 0.870208
verificar · typecheck · unit · build · audit	UNKNOWN STEP	2026-09-24T04:16:21.6603548Z   type: 'test'
verificar · typecheck · unit · build · audit	UNKNOWN STEP	2026-09-24T04:16:21.6603854Z   ...
verificar · typecheck · unit · build · audit	UNKNOWN STEP	2026-09-24T04:16:21.6605268Z # Subtest: DL-033 — motivo obligatorio y de lista cerrada; reanuda quien pausó; el sistema solo finaliza por cierre de cuenta
verificar · typecheck · unit · build · audit	UNKNOWN STEP	2026-09-24T04:16:21.6607071Z ok 95 - DL-033 — motivo obligatorio y de lista cerrada; reanuda quien pausó; el sistema solo finaliza por cierre de cuenta
verificar · typecheck · unit · build · audit	UNKNOWN STEP	2026-09-24T04:16:21.6607964Z   ---
verificar · typecheck · unit · build · audit	UNKNOWN STEP	2026-09-24T04:16:21.6608270Z   duration_ms: 0.775984
verificar · typecheck · unit · build · audit	UNKNOWN STEP	2026-09-24T04:16:21.6608632Z   type: 'test'
verificar · typecheck · unit · build · audit	UNKNOWN STEP	2026-09-24T04:16:21.6608940Z   ...
verificar · typecheck · unit · build · audit	UNKNOWN STEP	2026-09-24T04:16:21.6609696Z # Subtest: 06 §7.7.5 — la lista blanca del consentimiento es la literal del 06
verificar · typecheck · unit · build · audit	UNKNOWN STEP	2026-09-24T04:16:21.6610748Z ok 96 - 06 §7.7.5 — la lista blanca del consentimiento es la literal del 06
verificar · typecheck · unit · build · audit	UNKNOWN STEP	2026-09-24T04:16:21.6611543Z   ---
verificar · typecheck · unit · build · audit	UNKNOWN STEP	2026-09-24T04:16:21.6611849Z   duration_ms: 0.278858
verificar · typecheck · unit · build · audit	UNKNOWN STEP	2026-09-24T04:16:21.6612208Z   type: 'test'
verificar · typecheck · unit · build · audit	UNKNOWN STEP	2026-09-24T04:16:21.6612514Z   ...
verificar · typecheck · unit · build · audit	UNKNOWN STEP	2026-09-24T04:16:21.6613545Z # Subtest: 06 §7.7.5 — cada transición declarada procede; toda otra se rechaza (p. ej. REVOCADO → REVOCADO)
verificar · typecheck · unit · build · audit	UNKNOWN STEP	2026-09-24T04:16:21.6615048Z ok 97 - 06 §7.7.5 — cada transición declarada procede; toda otra se rechaza (p. ej. REVOCADO → REVOCADO)
verificar · typecheck · unit · build · audit	UNKNOWN STEP	2026-09-24T04:16:21.6615836Z   ---
verificar · typecheck · unit · build · audit	UNKNOWN STEP	2026-09-24T04:16:21.6616143Z   duration_ms: 0.489911
verificar · typecheck · unit · build · audit	UNKNOWN STEP	2026-09-24T04:16:21.6616497Z   type: 'test'
verificar · typecheck · unit · build · audit	UNKNOWN STEP	2026-09-24T04:16:21.6616815Z   ...
verificar · typecheck · unit · build · audit	UNKNOWN STEP	2026-09-24T04:16:21.6617936Z # Subtest: INV-06-62, INV-06-60, REG-06-50 — solo el titular; versión aplicable; aceptar una versión no acepta futuras
verificar · typecheck · unit · build · audit	UNKNOWN STEP	2026-09-24T04:16:21.6619544Z ok 98 - INV-06-62, INV-06-60, REG-06-50 — solo el titular; versión aplicable; aceptar una versión no acepta futuras
verificar · typecheck · unit · build · audit	UNKNOWN STEP	2026-09-24T04:16:21.6620355Z   ---
verificar · typecheck · unit · build · audit	UNKNOWN STEP	2026-09-24T04:16:21.6620655Z   duration_ms: 0.282896
verificar · typecheck · unit · build · audit	UNKNOWN STEP	2026-09-24T04:16:21.6621206Z   type: 'test'
verificar · typecheck · unit · build · audit	UNKNOWN STEP	2026-09-24T04:16:21.6621518Z   ...
verificar · typecheck · unit · build · audit	UNKNOWN STEP	2026-09-24T04:16:21.6622382Z # Subtest: DL-038 — CON-02 elige la transición según la situación actual
verificar · typecheck · unit · build · audit	UNKNOWN STEP	2026-09-24T04:16:21.6623470Z ok 99 - DL-038 — CON-02 elige la transición según la situación actual
verificar · typecheck · unit · build · audit	UNKNOWN STEP	2026-09-24T04:16:21.6624078Z   ---
verificar · typecheck · unit · build · audit	UNKNOWN STEP	2026-09-24T04:16:21.6624402Z   duration_ms: 0.164425
verificar · typecheck · unit · build · audit	UNKNOWN STEP	2026-09-24T04:16:21.6624804Z   type: 'test'
verificar · typecheck · unit · build · audit	UNKNOWN STEP	2026-09-24T04:16:21.6625126Z   ...
verificar · typecheck · unit · build · audit	UNKNOWN STEP	2026-09-24T04:16:21.6626375Z # Subtest: PDP — contexto positivo: las siete dimensiones favorables permiten y registran componente y versión (REG-06-50)
verificar · typecheck · unit · build · audit	UNKNOWN STEP	2026-09-24T04:16:21.6628295Z ok 100 - PDP — contexto positivo: las siete dimensiones favorables permiten y registran componente y versión (REG-06-50)
verificar · typecheck · unit · build · audit	UNKNOWN STEP	2026-09-24T04:16:21.6629233Z   ---
verificar · typecheck · unit · build · audit	UNKNOWN STEP	2026-09-24T04:16:21.6629552Z   duration_ms: 0.318723
verificar · typecheck · unit · build · audit	UNKNOWN STEP	2026-09-24T04:16:21.6629921Z   type: 'test'
verificar · typecheck · unit · build · audit	UNKNOWN STEP	2026-09-24T04:16:21.6630239Z   ...
verificar · typecheck · unit · build · audit	UNKNOWN STEP	2026-09-24T04:16:21.6631522Z # Subtest: PDP — V1 rol inadecuado: sin perfil profesional: se deniega y la auditoría atribuye ROL
verificar · typecheck · unit · build · audit	UNKNOWN STEP	2026-09-24T04:16:21.6632971Z ok 101 - PDP — V1 rol inadecuado: sin perfil profesional: se deniega y la auditoría atribuye ROL
verificar · typecheck · unit · build · audit	UNKNOWN STEP	2026-09-24T04:16:21.6633711Z   ---
verificar · typecheck · unit · build · audit	UNKNOWN STEP	2026-09-24T04:16:21.6634018Z   duration_ms: 0.222233
verificar · typecheck · unit · build · audit	UNKNOWN STEP	2026-09-24T04:16:21.6634374Z   type: 'test'
verificar · typecheck · unit · build · audit	UNKNOWN STEP	2026-09-24T04:16:21.6634682Z   ...
verificar · typecheck · unit · build · audit	UNKNOWN STEP	2026-09-24T04:16:21.6635782Z # Subtest: PDP — V1 rol inadecuado: el titular pide su propio dashboard: se deniega y la auditoría atribuye ROL
verificar · typecheck · unit · build · audit	UNKNOWN STEP	2026-09-24T04:16:21.6637369Z ok 102 - PDP — V1 rol inadecuado: el titular pide su propio dashboard: se deniega y la auditoría atribuye ROL
verificar · typecheck · unit · build · audit	UNKNOWN STEP	2026-09-24T04:16:21.6638170Z   ---
verificar · typecheck · unit · build · audit	UNKNOWN STEP	2026-09-24T04:16:21.6638697Z   duration_ms: 0.114944
verificar · typecheck · unit · build · audit	UNKNOWN STEP	2026-09-24T04:16:21.6639063Z   type: 'test'
verificar · typecheck · unit · build · audit	UNKNOWN STEP	2026-09-24T04:16:21.6639368Z   ...
verificar · typecheck · unit · build · audit	UNKNOWN STEP	2026-09-24T04:16:21.6640456Z # Subtest: PDP — V2 alcance no verificado (PENDIENTE): se deniega y la auditoría atribuye ESPECIALIDAD_O_CAPACIDAD
verificar · typecheck · unit · build · audit	UNKNOWN STEP	2026-09-24T04:16:21.6642340Z ok 103 - PDP — V2 alcance no verificado (PENDIENTE): se deniega y la auditoría atribuye ESPECIALIDAD_O_CAPACIDAD
verificar · typecheck · unit · build · audit	UNKNOWN STEP	2026-09-24T04:16:21.6643218Z   ---
verificar · typecheck · unit · build · audit	UNKNOWN STEP	2026-09-24T04:16:21.6643547Z   duration_ms: 0.100116
verificar · typecheck · unit · build · audit	UNKNOWN STEP	2026-09-24T04:16:21.6643920Z   type: 'test'
verificar · typecheck · unit · build · audit	UNKNOWN STEP	2026-09-24T04:16:21.6644228Z   ...
verificar · typecheck · unit · build · audit	UNKNOWN STEP	2026-09-24T04:16:21.6645222Z # Subtest: PDP — V2 alcance rechazado: se deniega y la auditoría atribuye ESPECIALIDAD_O_CAPACIDAD
verificar · typecheck · unit · build · audit	UNKNOWN STEP	2026-09-24T04:16:21.6646670Z ok 104 - PDP — V2 alcance rechazado: se deniega y la auditoría atribuye ESPECIALIDAD_O_CAPACIDAD
verificar · typecheck · unit · build · audit	UNKNOWN STEP	2026-09-24T04:16:21.6647682Z   ---
verificar · typecheck · unit · build · audit	UNKNOWN STEP	2026-09-24T04:16:21.6648001Z   duration_ms: 0.098302
verificar · typecheck · unit · build · audit	UNKNOWN STEP	2026-09-24T04:16:21.6648374Z   type: 'test'
verificar · typecheck · unit · build · audit	UNKNOWN STEP	2026-09-24T04:16:21.6648691Z   ...
verificar · typecheck · unit · build · audit	UNKNOWN STEP	2026-09-24T04:16:21.6649839Z # Subtest: PDP — V2 sin trayectoria de verificación: se deniega y la auditoría atribuye ESPECIALIDAD_O_CAPACIDAD
verificar · typecheck · unit · build · audit	UNKNOWN STEP	2026-09-24T04:16:21.6651727Z ok 105 - PDP — V2 sin trayectoria de verificación: se deniega y la auditoría atribuye ESPECIALIDAD_O_CAPACIDAD
verificar · typecheck · unit · build · audit	UNKNOWN STEP	2026-09-24T04:16:21.6652584Z   ---
verificar · typecheck · unit · build · audit	UNKNOWN STEP	2026-09-24T04:16:21.6652902Z   duration_ms: 0.094846
verificar · typecheck · unit · build · audit	UNKNOWN STEP	2026-09-24T04:16:21.6653274Z   type: 'test'
verificar · typecheck · unit · build · audit	UNKNOWN STEP	2026-09-24T04:16:21.6653589Z   ...
verificar · typecheck · unit · build · audit	UNKNOWN STEP	2026-09-24T04:16:21.6654454Z # Subtest: PDP — V3 alcance suspendido: se deniega y la auditoría atribuye SITUACION
verificar · typecheck · unit · build · audit	UNKNOWN STEP	2026-09-24T04:16:21.6655681Z ok 106 - PDP — V3 alcance suspendido: se deniega y la auditoría atribuye SITUACION
verificar · typecheck · unit · build · audit	UNKNOWN STEP	2026-09-24T04:16:21.6656355Z   ---
verificar · typecheck · unit · build · audit	UNKNOWN STEP	2026-09-24T04:16:21.6656665Z   duration_ms: 0.097952
verificar · typecheck · unit · build · audit	UNKNOWN STEP	2026-09-24T04:16:21.6657045Z   type: 'test'
verificar · typecheck · unit · build · audit	UNKNOWN STEP	2026-09-24T04:16:21.6657365Z   ...
verificar · typecheck · unit · build · audit	UNKNOWN STEP	2026-09-24T04:16:21.6658257Z # Subtest: PDP — V3 habilitación retirada: se deniega y la auditoría atribuye SITUACION
verificar · typecheck · unit · build · audit	UNKNOWN STEP	2026-09-24T04:16:21.6659589Z ok 107 - PDP — V3 habilitación retirada: se deniega y la auditoría atribuye SITUACION
verificar · typecheck · unit · build · audit	UNKNOWN STEP	2026-09-24T04:16:21.6660287Z   ---
verificar · typecheck · unit · build · audit	UNKNOWN STEP	2026-09-24T04:16:21.6660693Z   duration_ms: 0.099285
verificar · typecheck · unit · build · audit	UNKNOWN STEP	2026-09-24T04:16:21.6661314Z   type: 'test'
verificar · typecheck · unit · build · audit	UNKNOWN STEP	2026-09-24T04:16:21.6661636Z   ...
verificar · typecheck · unit · build · audit	UNKNOWN STEP	2026-09-24T04:16:21.6662595Z # Subtest: PDP — V3 sin habilitación (INV-06-87): se deniega y la auditoría atribuye SITUACION
verificar · typecheck · unit · build · audit	UNKNOWN STEP	2026-09-24T04:16:21.6663998Z ok 108 - PDP — V3 sin habilitación (INV-06-87): se deniega y la auditoría atribuye SITUACION
verificar · typecheck · unit · build · audit	UNKNOWN STEP	2026-09-24T04:16:21.6664714Z   ---
verificar · typecheck · unit · build · audit	UNKNOWN STEP	2026-09-24T04:16:21.6665025Z   duration_ms: 0.165137
verificar · typecheck · unit · build · audit	UNKNOWN STEP	2026-09-24T04:16:21.6665388Z   type: 'test'
verificar · typecheck · unit · build · audit	UNKNOWN STEP	2026-09-24T04:16:21.6665705Z   ...
verificar · typecheck · unit · build · audit	UNKNOWN STEP	2026-09-24T04:16:21.6666742Z # Subtest: PDP — V3 A3 del titular no vigente (TEST-AUTH-005): se deniega y la auditoría atribuye SITUACION
verificar · typecheck · unit · build · audit	UNKNOWN STEP	2026-09-24T04:16:21.6668293Z ok 109 - PDP — V3 A3 del titular no vigente (TEST-AUTH-005): se deniega y la auditoría atribuye SITUACION
verificar · typecheck · unit · build · audit	UNKNOWN STEP	2026-09-24T04:16:21.6669082Z   ---
verificar · typecheck · unit · build · audit	UNKNOWN STEP	2026-09-24T04:16:21.6669397Z   duration_ms: 0.118501
verificar · typecheck · unit · build · audit	UNKNOWN STEP	2026-09-24T04:16:21.6669761Z   type: 'test'
verificar · typecheck · unit · build · audit	UNKNOWN STEP	2026-09-24T04:16:21.6670092Z   ...
verificar · typecheck · unit · build · audit	UNKNOWN STEP	2026-09-24T04:16:21.6671256Z # Subtest: PDP — V3 cuenta del titular no operativa: se deniega y la auditoría atribuye SITUACION
verificar · typecheck · unit · build · audit	UNKNOWN STEP	2026-09-24T04:16:21.6672663Z ok 110 - PDP — V3 cuenta del titular no operativa: se deniega y la auditoría atribuye SITUACION
verificar · typecheck · unit · build · audit	UNKNOWN STEP	2026-09-24T04:16:21.6673419Z   ---
verificar · typecheck · unit · build · audit	UNKNOWN STEP	2026-09-24T04:16:21.6673746Z   duration_ms: 0.105837
verificar · typecheck · unit · build · audit	UNKNOWN STEP	2026-09-24T04:16:21.6674115Z   type: 'test'
verificar · typecheck · unit · build · audit	UNKNOWN STEP	2026-09-24T04:16:21.6674435Z   ...
verificar · typecheck · unit · build · audit	UNKNOWN STEP	2026-09-24T04:16:21.6675373Z # Subtest: PDP — V3 cuenta del actor no operativa: se deniega y la auditoría atribuye SITUACION
verificar · typecheck · unit · build · audit	UNKNOWN STEP	2026-09-24T04:16:21.6676730Z ok 111 - PDP — V3 cuenta del actor no operativa: se deniega y la auditoría atribuye SITUACION
verificar · typecheck · unit · build · audit	UNKNOWN STEP	2026-09-24T04:16:21.6677464Z   ---
verificar · typecheck · unit · build · audit	UNKNOWN STEP	2026-09-24T04:16:21.6677788Z   duration_ms: 0.094055
verificar · typecheck · unit · build · audit	UNKNOWN STEP	2026-09-24T04:16:21.6678186Z   type: 'test'
verificar · typecheck · unit · build · audit	UNKNOWN STEP	2026-09-24T04:16:21.6678512Z   ...
verificar · typecheck · unit · build · audit	UNKNOWN STEP	2026-09-24T04:16:21.6679475Z # Subtest: PDP — V4 vínculo PAUSADO (TEST-AUTH-007): se deniega y la auditoría atribuye VINCULO
verificar · typecheck · unit · build · audit	UNKNOWN STEP	2026-09-24T04:16:21.6681339Z ok 112 - PDP — V4 vínculo PAUSADO (TEST-AUTH-007): se deniega y la auditoría atribuye VINCULO
verificar · typecheck · unit · build · audit	UNKNOWN STEP	2026-09-24T04:16:21.6682120Z   ---
verificar · typecheck · unit · build · audit	UNKNOWN STEP	2026-09-24T04:16:21.6682442Z   duration_ms: 3.056103
verificar · typecheck · unit · build · audit	UNKNOWN STEP	2026-09-24T04:16:21.6682812Z   type: 'test'
verificar · typecheck · unit · build · audit	UNKNOWN STEP	2026-09-24T04:16:21.6683138Z   ...
verificar · typecheck · unit · build · audit	UNKNOWN STEP	2026-09-24T04:16:21.6684160Z # Subtest: PDP — V4 vínculo FINALIZADO (TEST-AUTH-008): se deniega y la auditoría atribuye VINCULO
verificar · typecheck · unit · build · audit	UNKNOWN STEP	2026-09-24T04:16:21.6685615Z ok 113 - PDP — V4 vínculo FINALIZADO (TEST-AUTH-008): se deniega y la auditoría atribuye VINCULO
verificar · typecheck · unit · build · audit	UNKNOWN STEP	2026-09-24T04:16:21.6686377Z   ---
verificar · typecheck · unit · build · audit	UNKNOWN STEP	2026-09-24T04:16:21.6686693Z   duration_ms: 0.093454
verificar · typecheck · unit · build · audit	UNKNOWN STEP	2026-09-24T04:16:21.6687081Z   type: 'test'
verificar · typecheck · unit · build · audit	UNKNOWN STEP	2026-09-24T04:16:21.6687415Z   ...
verificar · typecheck · unit · build · audit	UNKNOWN STEP	2026-09-24T04:16:21.6688382Z # Subtest: PDP — V5 B2 REVOCADO (TEST-RF-022): se deniega y la auditoría atribuye CONSENTIMIENTO
verificar · typecheck · unit · build · audit	UNKNOWN STEP	2026-09-24T04:16:21.6689943Z ok 114 - PDP — V5 B2 REVOCADO (TEST-RF-022): se deniega y la auditoría atribuye CONSENTIMIENTO
verificar · typecheck · unit · build · audit	UNKNOWN STEP	2026-09-24T04:16:21.6690677Z   ---
verificar · typecheck · unit · build · audit	UNKNOWN STEP	2026-09-24T04:16:21.6691212Z   duration_ms: 0.093524
verificar · typecheck · unit · build · audit	UNKNOWN STEP	2026-09-24T04:16:21.6691599Z   type: 'test'
verificar · typecheck · unit · build · audit	UNKNOWN STEP	2026-09-24T04:16:21.6691925Z   ...
verificar · typecheck · unit · build · audit	UNKNOWN STEP	2026-09-24T04:16:21.6692883Z # Subtest: PDP — V5 sin B2 (TEST-AUTH-006): se deniega y la auditoría atribuye CONSENTIMIENTO
verificar · typecheck · unit · build · audit	UNKNOWN STEP	2026-09-24T04:16:21.6694214Z ok 115 - PDP — V5 sin B2 (TEST-AUTH-006): se deniega y la auditoría atribuye CONSENTIMIENTO
verificar · typecheck · unit · build · audit	UNKNOWN STEP	2026-09-24T04:16:21.6694905Z   ---
verificar · typecheck · unit · build · audit	UNKNOWN STEP	2026-09-24T04:16:21.6695205Z   duration_ms: 0.113211
verificar · typecheck · unit · build · audit	UNKNOWN STEP	2026-09-24T04:16:21.6695564Z   type: 'test'
verificar · typecheck · unit · build · audit	UNKNOWN STEP	2026-09-24T04:16:21.6695877Z   ...
verificar · typecheck · unit · build · audit	UNKNOWN STEP	2026-09-24T04:16:21.6697030Z # Subtest: PDP — V5 B2 sin versión identificable (INV-06-60): se deniega y la auditoría atribuye CONSENTIMIENTO
verificar · typecheck · unit · build · audit	UNKNOWN STEP	2026-09-24T04:16:21.6698622Z ok 116 - PDP — V5 B2 sin versión identificable (INV-06-60): se deniega y la auditoría atribuye CONSENTIMIENTO
verificar · typecheck · unit · build · audit	UNKNOWN STEP	2026-09-24T04:16:21.6699427Z   ---
verificar · typecheck · unit · build · audit	UNKNOWN STEP	2026-09-24T04:16:21.6699724Z   duration_ms: 0.098423
verificar · typecheck · unit · build · audit	UNKNOWN STEP	2026-09-24T04:16:21.6700067Z   type: 'test'
verificar · typecheck · unit · build · audit	UNKNOWN STEP	2026-09-24T04:16:21.6700363Z   ...
verificar · typecheck · unit · build · audit	UNKNOWN STEP	2026-09-24T04:16:21.6701379Z # Subtest: PDP — V6 finalidad ajena: se deniega y la auditoría atribuye FINALIDAD
verificar · typecheck · unit · build · audit	UNKNOWN STEP	2026-09-24T04:16:21.6702528Z ok 117 - PDP — V6 finalidad ajena: se deniega y la auditoría atribuye FINALIDAD
verificar · typecheck · unit · build · audit	UNKNOWN STEP	2026-09-24T04:16:21.6703178Z   ---
verificar · typecheck · unit · build · audit	UNKNOWN STEP	2026-09-24T04:16:21.6703488Z   duration_ms: 0.11327
verificar · typecheck · unit · build · audit	UNKNOWN STEP	2026-09-24T04:16:21.6703852Z   type: 'test'
verificar · typecheck · unit · build · audit	UNKNOWN STEP	2026-09-24T04:16:21.6704162Z   ...
verificar · typecheck · unit · build · audit	UNKNOWN STEP	2026-09-24T04:16:21.6705297Z # Subtest: PDP — V7 alcance pedido Entrenamiento con vínculo de Nutrición: se deniega y la auditoría atribuye ALCANCE
verificar · typecheck · unit · build · audit	UNKNOWN STEP	2026-09-24T04:16:21.6707070Z ok 118 - PDP — V7 alcance pedido Entrenamiento con vínculo de Nutrición: se deniega y la auditoría atribuye ALCANCE
verificar · typecheck · unit · build · audit	UNKNOWN STEP	2026-09-24T04:16:21.6707970Z   ---
verificar · typecheck · unit · build · audit	UNKNOWN STEP	2026-09-24T04:16:21.6708288Z   duration_ms: 0.09671
verificar · typecheck · unit · build · audit	UNKNOWN STEP	2026-09-24T04:16:21.6708663Z   type: 'test'
verificar · typecheck · unit · build · audit	UNKNOWN STEP	2026-09-24T04:16:21.6708979Z   ...
verificar · typecheck · unit · build · audit	UNKNOWN STEP	2026-09-24T04:16:21.6710141Z # Subtest: PDP — titular inexistente o no revelable: deniega igual (UC-I02 E05), sin distinguirlo en la decisión
verificar · typecheck · unit · build · audit	UNKNOWN STEP	2026-09-24T04:16:21.6712087Z ok 119 - PDP — titular inexistente o no revelable: deniega igual (UC-I02 E05), sin distinguirlo en la decisión
verificar · typecheck · unit · build · audit	UNKNOWN STEP	2026-09-24T04:16:21.6712964Z   ---
verificar · typecheck · unit · build · audit	UNKNOWN STEP	2026-09-24T04:16:21.6713286Z   duration_ms: 0.155719
verificar · typecheck · unit · build · audit	UNKNOWN STEP	2026-09-24T04:16:21.6713667Z   type: 'test'
verificar · typecheck · unit · build · audit	UNKNOWN STEP	2026-09-24T04:16:21.6713984Z   ...
verificar · typecheck · unit · build · audit	UNKNOWN STEP	2026-09-24T04:16:21.6715195Z # Subtest: REG-06-53 — ninguna dimensión aislada autoriza: con todo lo demás ausente, cada hecho favorable solo no alcanza
verificar · typecheck · unit · build · audit	UNKNOWN STEP	2026-09-24T04:16:21.6717000Z ok 120 - REG-06-53 — ninguna dimensión aislada autoriza: con todo lo demás ausente, cada hecho favorable solo no alcanza
verificar · typecheck · unit · build · audit	UNKNOWN STEP	2026-09-24T04:16:21.6717899Z   ---
verificar · typecheck · unit · build · audit	UNKNOWN STEP	2026-09-24T04:16:21.6718227Z   duration_ms: 0.406796
verificar · typecheck · unit · build · audit	UNKNOWN STEP	2026-09-24T04:16:21.6718613Z   type: 'test'
verificar · typecheck · unit · build · audit	UNKNOWN STEP	2026-09-24T04:16:21.6718930Z   ...
verificar · typecheck · unit · build · audit	UNKNOWN STEP	2026-09-24T04:16:21.6720196Z # Subtest: TEST-AUTH-009 — campos autoritativos del cliente se rechazan por schema estricto (409 → 400 UNKNOWN_FIELD en la API)
verificar · typecheck · unit · build · audit	UNKNOWN STEP	2026-09-24T04:16:21.6722329Z ok 121 - TEST-AUTH-009 — campos autoritativos del cliente se rechazan por schema estricto (409 → 400 UNKNOWN_FIELD en la API)
verificar · typecheck · unit · build · audit	UNKNOWN STEP	2026-09-24T04:16:21.6723295Z   ---
verificar · typecheck · unit · build · audit	UNKNOWN STEP	2026-09-24T04:16:21.6723881Z   duration_ms: 5.677167
verificar · typecheck · unit · build · audit	UNKNOWN STEP	2026-09-24T04:16:21.6724303Z   type: 'test'
verificar · typecheck · unit · build · audit	UNKNOWN STEP	2026-09-24T04:16:21.6724624Z   ...
verificar · typecheck · unit · build · audit	UNKNOWN STEP	2026-09-24T04:16:21.6725784Z # Subtest: 08 §12.3 — textos B2 diferenciados por perfil, versionados, con hash real y sin aceptar versiones futuras
verificar · typecheck · unit · build · audit	UNKNOWN STEP	2026-09-24T04:16:21.6727489Z ok 122 - 08 §12.3 — textos B2 diferenciados por perfil, versionados, con hash real y sin aceptar versiones futuras
verificar · typecheck · unit · build · audit	UNKNOWN STEP	2026-09-24T04:16:21.6728362Z   ---
verificar · typecheck · unit · build · audit	UNKNOWN STEP	2026-09-24T04:16:21.6728685Z   duration_ms: 0.896427
verificar · typecheck · unit · build · audit	UNKNOWN STEP	2026-09-24T04:16:21.6729054Z   type: 'test'
verificar · typecheck · unit · build · audit	UNKNOWN STEP	2026-09-24T04:16:21.6729374Z   ...
verificar · typecheck · unit · build · audit	UNKNOWN STEP	2026-09-24T04:16:21.6730260Z # Subtest: 10-B04 §44-§46 — el copy de WP-03 no usa términos prohibidos ni códigos internos
verificar · typecheck · unit · build · audit	UNKNOWN STEP	2026-09-24T04:16:21.6731774Z ok 123 - 10-B04 §44-§46 — el copy de WP-03 no usa términos prohibidos ni códigos internos
verificar · typecheck · unit · build · audit	UNKNOWN STEP	2026-09-24T04:16:21.6732763Z   ---
verificar · typecheck · unit · build · audit	UNKNOWN STEP	2026-09-24T04:16:21.6733085Z   duration_ms: 0.806931
verificar · typecheck · unit · build · audit	UNKNOWN STEP	2026-09-24T04:16:21.6733458Z   type: 'test'
verificar · typecheck · unit · build · audit	UNKNOWN STEP	2026-09-24T04:16:21.6733771Z   ...
verificar · typecheck · unit · build · audit	UNKNOWN STEP	2026-09-24T04:16:21.6734966Z # Subtest: 10-B04:627-638 — cada evento de las tres máquinas tiene etiqueta humana; uno desconocido no se muestra crudo
verificar · typecheck · unit · build · audit	UNKNOWN STEP	2026-09-24T04:16:21.6736705Z ok 124 - 10-B04:627-638 — cada evento de las tres máquinas tiene etiqueta humana; uno desconocido no se muestra crudo
verificar · typecheck · unit · build · audit	UNKNOWN STEP	2026-09-24T04:16:21.6737580Z   ---
verificar · typecheck · unit · build · audit	UNKNOWN STEP	2026-09-24T04:16:21.6737896Z   duration_ms: 0.479402
verificar · typecheck · unit · build · audit	UNKNOWN STEP	2026-09-24T04:16:21.6738261Z   type: 'test'
verificar · typecheck · unit · build · audit	UNKNOWN STEP	2026-09-24T04:16:21.6738664Z   ...
verificar · typecheck · unit · build · audit	UNKNOWN STEP	2026-09-24T04:16:21.6739876Z # Subtest: 10-B04 §28-§29 y H10-04-04 — el profesional ve el estado mínimo, nunca la razón del bloqueo
verificar · typecheck · unit · build · audit	UNKNOWN STEP	2026-09-24T04:16:21.6741681Z ok 125 - 10-B04 §28-§29 y H10-04-04 — el profesional ve el estado mínimo, nunca la razón del bloqueo
verificar · typecheck · unit · build · audit	UNKNOWN STEP	2026-09-24T04:16:21.6742709Z   ---
verificar · typecheck · unit · build · audit	UNKNOWN STEP	2026-09-24T04:16:21.6743148Z   duration_ms: 0.31711
verificar · typecheck · unit · build · audit	UNKNOWN STEP	2026-09-24T04:16:21.6743705Z   type: 'test'
verificar · typecheck · unit · build · audit	UNKNOWN STEP	2026-09-24T04:16:21.6744261Z   ...
verificar · typecheck · unit · build · audit	UNKNOWN STEP	2026-09-24T04:16:21.6745518Z # Subtest: 10-B04:538-553 — el asesorado ve «No efectivo» cuando su consentimiento activo hoy no habilita el acceso
verificar · typecheck · unit · build · audit	UNKNOWN STEP	2026-09-24T04:16:21.6747419Z ok 126 - 10-B04:538-553 — el asesorado ve «No efectivo» cuando su consentimiento activo hoy no habilita el acceso
verificar · typecheck · unit · build · audit	UNKNOWN STEP	2026-09-24T04:16:21.6748425Z   ---
verificar · typecheck · unit · build · audit	UNKNOWN STEP	2026-09-24T04:16:21.6748936Z   duration_ms: 0.831427
verificar · typecheck · unit · build · audit	UNKNOWN STEP	2026-09-24T04:16:21.6749556Z   type: 'test'
verificar · typecheck · unit · build · audit	UNKNOWN STEP	2026-09-24T04:16:21.6764070Z   ...
verificar · typecheck · unit · build · audit	UNKNOWN STEP	2026-09-24T04:16:21.9663153Z # Subtest: 06 §10.7 · CrearBorrador, GuardarBorrador y ActivarVersion están declaradas y con guardas favorables se permiten
verificar · typecheck · unit · build · audit	UNKNOWN STEP	2026-09-24T04:16:21.9665722Z ok 127 - 06 §10.7 · CrearBorrador, GuardarBorrador y ActivarVersion están declaradas y con guardas favorables se permiten
verificar · typecheck · unit · build · audit	UNKNOWN STEP	2026-09-24T04:16:21.9667055Z   ---
verificar · typecheck · unit · build · audit	UNKNOWN STEP	2026-09-24T04:16:21.9667742Z   duration_ms: 1.296551
verificar · typecheck · unit · build · audit	UNKNOWN STEP	2026-09-24T04:16:21.9668363Z   type: 'test'
verificar · typecheck · unit · build · audit	UNKNOWN STEP	2026-09-24T04:16:21.9668878Z   ...
verificar · typecheck · unit · build · audit	UNKNOWN STEP	2026-09-24T04:16:21.9670216Z # Subtest: INV-06-109 · no hay ninguna transición que salga de ACTIVADA: reabrir, editar o reactivar falla
verificar · typecheck · unit · build · audit	UNKNOWN STEP	2026-09-24T04:16:21.9672559Z ok 128 - INV-06-109 · no hay ninguna transición que salga de ACTIVADA: reabrir, editar o reactivar falla
verificar · typecheck · unit · build · audit	UNKNOWN STEP	2026-09-24T04:16:21.9676549Z   ---
verificar · typecheck · unit · build · audit	UNKNOWN STEP	2026-09-24T04:16:21.9677604Z   duration_ms: 0.839511
verificar · typecheck · unit · build · audit	UNKNOWN STEP	2026-09-24T04:16:21.9678264Z   type: 'test'
verificar · typecheck · unit · build · audit	UNKNOWN STEP	2026-09-24T04:16:21.9678841Z   ...
verificar · typecheck · unit · build · audit	UNKNOWN STEP	2026-09-24T04:16:21.9679951Z # Subtest: 06 §10.7 · un borrador no se vuelve a crear sobre sí mismo
verificar · typecheck · unit · build · audit	UNKNOWN STEP	2026-09-24T04:16:21.9681641Z ok 129 - 06 §10.7 · un borrador no se vuelve a crear sobre sí mismo
verificar · typecheck · unit · build · audit	UNKNOWN STEP	2026-09-24T04:16:21.9682625Z   ---
verificar · typecheck · unit · build · audit	UNKNOWN STEP	2026-09-24T04:16:21.9683300Z   duration_ms: 0.182228
verificar · typecheck · unit · build · audit	UNKNOWN STEP	2026-09-24T04:16:21.9683941Z   type: 'test'
verificar · typecheck · unit · build · audit	UNKNOWN STEP	2026-09-24T04:16:21.9684568Z   ...
verificar · typecheck · unit · build · audit	UNKNOWN STEP	2026-09-24T04:16:21.9685749Z # Subtest: REG-06-104 · cada guarda de ActivarVersion desfavorable impide activar
verificar · typecheck · unit · build · audit	UNKNOWN STEP	2026-09-24T04:16:21.9687309Z ok 130 - REG-06-104 · cada guarda de ActivarVersion desfavorable impide activar
verificar · typecheck · unit · build · audit	UNKNOWN STEP	2026-09-24T04:16:21.9688272Z   ---
verificar · typecheck · unit · build · audit	UNKNOWN STEP	2026-09-24T04:16:21.9688880Z   duration_ms: 0.316389
verificar · typecheck · unit · build · audit	UNKNOWN STEP	2026-09-24T04:16:21.9689512Z   type: 'test'
verificar · typecheck · unit · build · audit	UNKNOWN STEP	2026-09-24T04:16:21.9690087Z   ...
verificar · typecheck · unit · build · audit	UNKNOWN STEP	2026-09-24T04:16:21.9691530Z # Subtest: 06 §8 · las cinco transiciones del Proceso con guardas favorables se permiten
verificar · typecheck · unit · build · audit	UNKNOWN STEP	2026-09-24T04:16:21.9693684Z ok 131 - 06 §8 · las cinco transiciones del Proceso con guardas favorables se permiten
verificar · typecheck · unit · build · audit	UNKNOWN STEP	2026-09-24T04:16:21.9694749Z   ---
verificar · typecheck · unit · build · audit	UNKNOWN STEP	2026-09-24T04:16:21.9695331Z   duration_ms: 0.255585
verificar · typecheck · unit · build · audit	UNKNOWN STEP	2026-09-24T04:16:21.9695965Z   type: 'test'
verificar · typecheck · unit · build · audit	UNKNOWN STEP	2026-09-24T04:16:21.9696517Z   ...
verificar · typecheck · unit · build · audit	UNKNOWN STEP	2026-09-24T04:16:21.9697535Z # Subtest: INV-06-86 · CERRADO es terminal: ninguna transición sale de CERRADO
verificar · typecheck · unit · build · audit	UNKNOWN STEP	2026-09-24T04:16:21.9698871Z ok 132 - INV-06-86 · CERRADO es terminal: ninguna transición sale de CERRADO
verificar · typecheck · unit · build · audit	UNKNOWN STEP	2026-09-24T04:16:21.9699847Z   ---
verificar · typecheck · unit · build · audit	UNKNOWN STEP	2026-09-24T04:16:21.9700441Z   duration_ms: 0.278348
verificar · typecheck · unit · build · audit	UNKNOWN STEP	2026-09-24T04:16:21.9701362Z   type: 'test'
verificar · typecheck · unit · build · audit	UNKNOWN STEP	2026-09-24T04:16:21.9701941Z   ...
verificar · typecheck · unit · build · audit	UNKNOWN STEP	2026-09-24T04:16:21.9752962Z # Subtest: INV-06-74 · AbrirProceso solo desde inicio; los cierres del sistema no los ejecuta el profesional
verificar · typecheck · unit · build · audit	UNKNOWN STEP	2026-09-24T04:16:21.9771721Z ok 133 - INV-06-74 · AbrirProceso solo desde inicio; los cierres del sistema no los ejecuta el profesional
verificar · typecheck · unit · build · audit	UNKNOWN STEP	2026-09-24T04:16:21.9791656Z   ---
verificar · typecheck · unit · build · audit	UNKNOWN STEP	2026-09-24T04:16:21.9792382Z   duration_ms: 0.169035
verificar · typecheck · unit · build · audit	UNKNOWN STEP	2026-09-24T04:16:21.9793046Z   type: 'test'
verificar · typecheck · unit · build · audit	UNKNOWN STEP	2026-09-24T04:16:21.9793581Z   ...
verificar · typecheck · unit · build · audit	UNKNOWN STEP	2026-09-24T04:16:21.9795016Z # Subtest: INV-06-75, 85 · abrir exige capacidad; continuar o cerrar por revisión exige revisión válida
verificar · typecheck · unit · build · audit	UNKNOWN STEP	2026-09-24T04:16:21.9796985Z ok 134 - INV-06-75, 85 · abrir exige capacidad; continuar o cerrar por revisión exige revisión válida
verificar · typecheck · unit · build · audit	UNKNOWN STEP	2026-09-24T04:16:21.9798154Z   ---
verificar · typecheck · unit · build · audit	UNKNOWN STEP	2026-09-24T04:16:21.9798750Z   duration_ms: 0.149228
verificar · typecheck · unit · build · audit	UNKNOWN STEP	2026-09-24T04:16:21.9799402Z   type: 'test'
verificar · typecheck · unit · build · audit	UNKNOWN STEP	2026-09-24T04:16:21.9799979Z   ...
verificar · typecheck · unit · build · audit	UNKNOWN STEP	2026-09-24T04:16:21.9801545Z # Subtest: REG-06-64/78 · con un Proceso abierto, la activación es continuidad; sin él, es NUEVO
verificar · typecheck · unit · build · audit	UNKNOWN STEP	2026-09-24T04:16:21.9803368Z ok 135 - REG-06-64/78 · con un Proceso abierto, la activación es continuidad; sin él, es NUEVO
verificar · typecheck · unit · build · audit	UNKNOWN STEP	2026-09-24T04:16:21.9804451Z   ---
verificar · typecheck · unit · build · audit	UNKNOWN STEP	2026-09-24T04:16:21.9805025Z   duration_ms: 0.38735
verificar · typecheck · unit · build · audit	UNKNOWN STEP	2026-09-24T04:16:21.9805649Z   type: 'test'
verificar · typecheck · unit · build · audit	UNKNOWN STEP	2026-09-24T04:16:21.9806216Z   ...
verificar · typecheck · unit · build · audit	UNKNOWN STEP	2026-09-24T04:16:21.9807840Z # Subtest: REG-06-66 · el Proceso vigente exige todas las condiciones; revocar el consentimiento lo vuelve no vigente sin cerrarlo
verificar · typecheck · unit · build · audit	UNKNOWN STEP	2026-09-24T04:16:21.9810158Z ok 136 - REG-06-66 · el Proceso vigente exige todas las condiciones; revocar el consentimiento lo vuelve no vigente sin cerrarlo
verificar · typecheck · unit · build · audit	UNKNOWN STEP	2026-09-24T04:16:21.9811804Z   ---
verificar · typecheck · unit · build · audit	UNKNOWN STEP	2026-09-24T04:16:21.9812250Z   duration_ms: 0.427515
verificar · typecheck · unit · build · audit	UNKNOWN STEP	2026-09-24T04:16:21.9812678Z   type: 'test'
verificar · typecheck · unit · build · audit	UNKNOWN STEP	2026-09-24T04:16:21.9813036Z   ...
verificar · typecheck · unit · build · audit	UNKNOWN STEP	2026-09-24T04:16:21.9813906Z # Subtest: REG-06-82 · sin configuración, SIN_LIMITE: nunca rechaza
verificar · typecheck · unit · build · audit	UNKNOWN STEP	2026-09-24T04:16:21.9815009Z ok 137 - REG-06-82 · sin configuración, SIN_LIMITE: nunca rechaza
verificar · typecheck · unit · build · audit	UNKNOWN STEP	2026-09-24T04:16:21.9815633Z   ---
verificar · typecheck · unit · build · audit	UNKNOWN STEP	2026-09-24T04:16:21.9815998Z   duration_ms: 0.265223
verificar · typecheck · unit · build · audit	UNKNOWN STEP	2026-09-24T04:16:21.9816415Z   type: 'test'
verificar · typecheck · unit · build · audit	UNKNOWN STEP	2026-09-24T04:16:21.9816771Z   ...
verificar · typecheck · unit · build · audit	UNKNOWN STEP	2026-09-24T04:16:21.9817772Z # Subtest: REG-06-91 · LIMITADA admite si la ocupación proyectada no supera el límite
verificar · typecheck · unit · build · audit	UNKNOWN STEP	2026-09-24T04:16:21.9819208Z ok 138 - REG-06-91 · LIMITADA admite si la ocupación proyectada no supera el límite
verificar · typecheck · unit · build · audit	UNKNOWN STEP	2026-09-24T04:16:21.9819978Z   ---
verificar · typecheck · unit · build · audit	UNKNOWN STEP	2026-09-24T04:16:21.9820360Z   duration_ms: 0.23155
verificar · typecheck · unit · build · audit	UNKNOWN STEP	2026-09-24T04:16:21.9820779Z   type: 'test'
verificar · typecheck · unit · build · audit	UNKNOWN STEP	2026-09-24T04:16:21.9821385Z   ...
verificar · typecheck · unit · build · audit	UNKNOWN STEP	2026-09-24T04:16:21.9822595Z # Subtest: REG-06-91 · un asesorado que ya cuenta no suma ni se rechaza; la sobreocupación rechaza todo nuevo
verificar · typecheck · unit · build · audit	UNKNOWN STEP	2026-09-24T04:16:21.9824289Z ok 139 - REG-06-91 · un asesorado que ya cuenta no suma ni se rechaza; la sobreocupación rechaza todo nuevo
verificar · typecheck · unit · build · audit	UNKNOWN STEP	2026-09-24T04:16:21.9825174Z   ---
verificar · typecheck · unit · build · audit	UNKNOWN STEP	2026-09-24T04:16:21.9825535Z   duration_ms: 0.178292
verificar · typecheck · unit · build · audit	UNKNOWN STEP	2026-09-24T04:16:21.9825948Z   type: 'test'
verificar · typecheck · unit · build · audit	UNKNOWN STEP	2026-09-24T04:16:21.9826294Z   ...
verificar · typecheck · unit · build · audit	UNKNOWN STEP	2026-09-24T04:16:21.9827378Z # Subtest: REG-06-144 · la taxonomía tiene exactamente seis resultados y la API mapea uno a uno
verificar · typecheck · unit · build · audit	UNKNOWN STEP	2026-09-24T04:16:21.9828880Z ok 140 - REG-06-144 · la taxonomía tiene exactamente seis resultados y la API mapea uno a uno
verificar · typecheck · unit · build · audit	UNKNOWN STEP	2026-09-24T04:16:21.9830230Z   ---
verificar · typecheck · unit · build · audit	UNKNOWN STEP	2026-09-24T04:16:21.9830594Z   duration_ms: 0.174645
verificar · typecheck · unit · build · audit	UNKNOWN STEP	2026-09-24T04:16:21.9831268Z   type: 'test'
verificar · typecheck · unit · build · audit	UNKNOWN STEP	2026-09-24T04:16:21.9831627Z   ...
verificar · typecheck · unit · build · audit	UNKNOWN STEP	2026-09-24T04:16:21.9832739Z # Subtest: REG-06-147 · solo FINALIZAR cierra el Proceso (INV-06-82, 83)
verificar · typecheck · unit · build · audit	UNKNOWN STEP	2026-09-24T04:16:21.9833951Z ok 141 - REG-06-147 · solo FINALIZAR cierra el Proceso (INV-06-82, 83)
verificar · typecheck · unit · build · audit	UNKNOWN STEP	2026-09-24T04:16:21.9834611Z   ---
verificar · typecheck · unit · build · audit	UNKNOWN STEP	2026-09-24T04:16:21.9834970Z   duration_ms: 0.157964
verificar · typecheck · unit · build · audit	UNKNOWN STEP	2026-09-24T04:16:21.9835370Z   type: 'test'
verificar · typecheck · unit · build · audit	UNKNOWN STEP	2026-09-24T04:16:21.9835713Z   ...
verificar · typecheck · unit · build · audit	UNKNOWN STEP	2026-09-24T04:16:21.9837091Z # Subtest: TEST-NUT-006 · la revisión válida exige evidencia, interpretación, resultado, fundamento y próxima acción o cierre
verificar · typecheck · unit · build · audit	UNKNOWN STEP	2026-09-24T04:16:21.9839160Z ok 142 - TEST-NUT-006 · la revisión válida exige evidencia, interpretación, resultado, fundamento y próxima acción o cierre
verificar · typecheck · unit · build · audit	UNKNOWN STEP	2026-09-24T04:16:21.9840194Z   ---
verificar · typecheck · unit · build · audit	UNKNOWN STEP	2026-09-24T04:16:21.9840552Z   duration_ms: 0.306229
verificar · typecheck · unit · build · audit	UNKNOWN STEP	2026-09-24T04:16:21.9871278Z   type: 'test'
verificar · typecheck · unit · build · audit	UNKNOWN STEP	2026-09-24T04:16:21.9871739Z   ...
verificar · typecheck · unit · build · audit	UNKNOWN STEP	2026-09-24T04:16:21.9872763Z # Subtest: UC-P13 E05 · un resultado fuera de la taxonomía no es una revisión válida
verificar · typecheck · unit · build · audit	UNKNOWN STEP	2026-09-24T04:16:21.9874144Z ok 143 - UC-P13 E05 · un resultado fuera de la taxonomía no es una revisión válida
verificar · typecheck · unit · build · audit	UNKNOWN STEP	2026-09-24T04:16:21.9874921Z   ---
verificar · typecheck · unit · build · audit	UNKNOWN STEP	2026-09-24T04:16:21.9875281Z   duration_ms: 0.163123
verificar · typecheck · unit · build · audit	UNKNOWN STEP	2026-09-24T04:16:21.9875692Z   type: 'test'
verificar · typecheck · unit · build · audit	UNKNOWN STEP	2026-09-24T04:16:21.9876039Z   ...
verificar · typecheck · unit · build · audit	UNKNOWN STEP	2026-09-24T04:16:21.9876996Z # Subtest: REG-06-146 · REPROGRAMAR_REVISION exige la fecha de la próxima revisión
verificar · typecheck · unit · build · audit	UNKNOWN STEP	2026-09-24T04:16:21.9878351Z ok 144 - REG-06-146 · REPROGRAMAR_REVISION exige la fecha de la próxima revisión
verificar · typecheck · unit · build · audit	UNKNOWN STEP	2026-09-24T04:16:21.9879087Z   ---
verificar · typecheck · unit · build · audit	UNKNOWN STEP	2026-09-24T04:16:21.9879441Z   duration_ms: 0.185855
verificar · typecheck · unit · build · audit	UNKNOWN STEP	2026-09-24T04:16:21.9879843Z   type: 'test'
verificar · typecheck · unit · build · audit	UNKNOWN STEP	2026-09-24T04:16:21.9880188Z   ...
verificar · typecheck · unit · build · audit	UNKNOWN STEP	2026-09-24T04:16:21.9881713Z # Subtest: REG-06-150 · el pendiente nace de una expectativa explícita y se resuelve solo con una revisión aplicada
verificar · typecheck · unit · build · audit	UNKNOWN STEP	2026-09-24T04:16:21.9883611Z ok 145 - REG-06-150 · el pendiente nace de una expectativa explícita y se resuelve solo con una revisión aplicada
verificar · typecheck · unit · build · audit	UNKNOWN STEP	2026-09-24T04:16:21.9884603Z   ---
verificar · typecheck · unit · build · audit	UNKNOWN STEP	2026-09-24T04:16:21.9884957Z   duration_ms: 0.262478
verificar · typecheck · unit · build · audit	UNKNOWN STEP	2026-09-24T04:16:21.9885362Z   type: 'test'
verificar · typecheck · unit · build · audit	UNKNOWN STEP	2026-09-24T04:16:21.9885717Z   ...
verificar · typecheck · unit · build · audit	UNKNOWN STEP	2026-09-24T04:16:21.9886760Z # Subtest: DL-049 · normalizar asigna identificadores faltantes y conserva los que vienen
verificar · typecheck · unit · build · audit	UNKNOWN STEP	2026-09-24T04:16:21.9888182Z ok 146 - DL-049 · normalizar asigna identificadores faltantes y conserva los que vienen
verificar · typecheck · unit · build · audit	UNKNOWN STEP	2026-09-24T04:16:21.9888929Z   ---
verificar · typecheck · unit · build · audit	UNKNOWN STEP	2026-09-24T04:16:21.9889264Z   duration_ms: 0.432114
verificar · typecheck · unit · build · audit	UNKNOWN STEP	2026-09-24T04:16:21.9889636Z   type: 'test'
verificar · typecheck · unit · build · audit	UNKNOWN STEP	2026-09-24T04:16:21.9889938Z   ...
verificar · typecheck · unit · build · audit	UNKNOWN STEP	2026-09-24T04:16:21.9900675Z # Subtest: RF-030 · un borrador incompleto se puede guardar; validar informa lo que falta, con la ruta (09v9:589)
verificar · typecheck · unit · build · audit	UNKNOWN STEP	2026-09-24T04:16:21.9902896Z ok 147 - RF-030 · un borrador incompleto se puede guardar; validar informa lo que falta, con la ruta (09v9:589)
verificar · typecheck · unit · build · audit	UNKNOWN STEP	2026-09-24T04:16:21.9903949Z   ---
verificar · typecheck · unit · build · audit	UNKNOWN STEP	2026-09-24T04:16:21.9904312Z   duration_ms: 0.679974
verificar · typecheck · unit · build · audit	UNKNOWN STEP	2026-09-24T04:16:21.9904756Z   type: 'test'
verificar · typecheck · unit · build · audit	UNKNOWN STEP	2026-09-24T04:16:21.9905112Z   ...
verificar · typecheck · unit · build · audit	UNKNOWN STEP	2026-09-24T04:16:21.9906229Z # Subtest: REG-06-122 · con cantidad, el estado de preparación es obligatorio; sin cantidad, no
verificar · typecheck · unit · build · audit	UNKNOWN STEP	2026-09-24T04:16:21.9907820Z ok 148 - REG-06-122 · con cantidad, el estado de preparación es obligatorio; sin cantidad, no
verificar · typecheck · unit · build · audit	UNKNOWN STEP	2026-09-24T04:16:21.9908650Z   ---
verificar · typecheck · unit · build · audit	UNKNOWN STEP	2026-09-24T04:16:21.9909009Z   duration_ms: 0.405354
verificar · typecheck · unit · build · audit	UNKNOWN STEP	2026-09-24T04:16:21.9909421Z   type: 'test'
verificar · typecheck · unit · build · audit	UNKNOWN STEP	2026-09-24T04:16:21.9909770Z   ...
verificar · typecheck · unit · build · audit	UNKNOWN STEP	2026-09-24T04:16:21.9911523Z # Subtest: 09v9 PATCH · modalidad B no habilitada, referencia de catálogo inválida e identificador repetido impiden guardar
verificar · typecheck · unit · build · audit	UNKNOWN STEP	2026-09-24T04:16:21.9923254Z ok 149 - 09v9 PATCH · modalidad B no habilitada, referencia de catálogo inválida e identificador repetido impiden guardar
verificar · typecheck · unit · build · audit	UNKNOWN STEP	2026-09-24T04:16:21.9924224Z   ---
verificar · typecheck · unit · build · audit	UNKNOWN STEP	2026-09-24T04:16:21.9924512Z   duration_ms: 0.266486
verificar · typecheck · unit · build · audit	UNKNOWN STEP	2026-09-24T04:16:21.9924857Z   type: 'test'
verificar · typecheck · unit · build · audit	UNKNOWN STEP	2026-09-24T04:16:21.9945379Z   ...
verificar · typecheck · unit · build · audit	UNKNOWN STEP	2026-09-24T04:16:21.9946464Z # Subtest: REG-06-105 · la instantánea resuelve nombre y versión del catálogo al activar
verificar · typecheck · unit · build · audit	UNKNOWN STEP	2026-09-24T04:16:21.9948388Z ok 150 - REG-06-105 · la instantánea resuelve nombre y versión del catálogo al activar
verificar · typecheck · unit · build · audit	UNKNOWN STEP	2026-09-24T04:16:21.9949175Z   ---
verificar · typecheck · unit · build · audit	UNKNOWN STEP	2026-09-24T04:16:21.9949532Z   duration_ms: 0.527692
verificar · typecheck · unit · build · audit	UNKNOWN STEP	2026-09-24T04:16:21.9950206Z   type: 'test'
verificar · typecheck · unit · build · audit	UNKNOWN STEP	2026-09-24T04:16:21.9950593Z   ...
verificar · typecheck · unit · build · audit	UNKNOWN STEP	2026-09-24T04:16:21.9953511Z # Subtest: 06:1391 · si un ítem no se resuelve, la instantánea no se puede preservar
verificar · typecheck · unit · build · audit	UNKNOWN STEP	2026-09-24T04:16:21.9954778Z ok 151 - 06:1391 · si un ítem no se resuelve, la instantánea no se puede preservar
verificar · typecheck · unit · build · audit	UNKNOWN STEP	2026-09-24T04:16:21.9955443Z   ---
verificar · typecheck · unit · build · audit	UNKNOWN STEP	2026-09-24T04:16:21.9955769Z   duration_ms: 0.342216
verificar · typecheck · unit · build · audit	UNKNOWN STEP	2026-09-24T04:16:21.9956154Z   type: 'test'
verificar · typecheck · unit · build · audit	UNKNOWN STEP	2026-09-24T04:16:21.9956475Z   ...
verificar · typecheck · unit · build · audit	UNKNOWN STEP	2026-09-24T04:16:21.9957514Z # Subtest: REG-06-101 · cambiar el catálogo después de activar no cambia la instantánea (INV-06-115)
verificar · typecheck · unit · build · audit	UNKNOWN STEP	2026-09-24T04:16:21.9959008Z ok 152 - REG-06-101 · cambiar el catálogo después de activar no cambia la instantánea (INV-06-115)
verificar · typecheck · unit · build · audit	UNKNOWN STEP	2026-09-24T04:16:21.9959791Z   ---
verificar · typecheck · unit · build · audit	UNKNOWN STEP	2026-09-24T04:16:21.9960137Z   duration_ms: 0.663934
verificar · typecheck · unit · build · audit	UNKNOWN STEP	2026-09-24T04:16:21.9960514Z   type: 'test'
verificar · typecheck · unit · build · audit	UNKNOWN STEP	2026-09-24T04:16:21.9960831Z   ...
verificar · typecheck · unit · build · audit	UNKNOWN STEP	2026-09-24T04:16:21.9962165Z # Subtest: REG-06-106 · la ingesta prescripta referencia día tipo, comida y opción de la instantánea
verificar · typecheck · unit · build · audit	UNKNOWN STEP	2026-09-24T04:16:21.9963701Z ok 153 - REG-06-106 · la ingesta prescripta referencia día tipo, comida y opción de la instantánea
verificar · typecheck · unit · build · audit	UNKNOWN STEP	2026-09-24T04:16:21.9964480Z   ---
verificar · typecheck · unit · build · audit	UNKNOWN STEP	2026-09-24T04:16:21.9964791Z   duration_ms: 0.528012
verificar · typecheck · unit · build · audit	UNKNOWN STEP	2026-09-24T04:16:21.9965178Z   type: 'test'
verificar · typecheck · unit · build · audit	UNKNOWN STEP	2026-09-24T04:16:21.9965499Z   ...
verificar · typecheck · unit · build · audit	UNKNOWN STEP	2026-09-24T04:16:21.9966885Z # Subtest: TEST-NUT-002/005 · contraste: prescripto ≠ registrado, sin registro = NO_DATA, y la diferencia es de cantidad (DV-05 TEST-RF-034)
verificar · typecheck · unit · build · audit	UNKNOWN STEP	2026-09-24T04:16:21.9969100Z ok 154 - TEST-NUT-002/005 · contraste: prescripto ≠ registrado, sin registro = NO_DATA, y la diferencia es de cantidad (DV-05 TEST-RF-034)
verificar · typecheck · unit · build · audit	UNKNOWN STEP	2026-09-24T04:16:21.9970278Z   ---
verificar · typecheck · unit · build · audit	UNKNOWN STEP	2026-09-24T04:16:21.9970620Z   duration_ms: 1.461969
verificar · typecheck · unit · build · audit	UNKNOWN STEP	2026-09-24T04:16:21.9971287Z   type: 'test'
verificar · typecheck · unit · build · audit	UNKNOWN STEP	2026-09-24T04:16:21.9971664Z   ...
verificar · typecheck · unit · build · audit	UNKNOWN STEP	2026-09-24T04:16:21.9972880Z # Subtest: INV-06-13 · lo registrado contra una versión no se pierde si ese día se activa una sucesora
verificar · typecheck · unit · build · audit	UNKNOWN STEP	2026-09-24T04:16:21.9974609Z ok 155 - INV-06-13 · lo registrado contra una versión no se pierde si ese día se activa una sucesora
verificar · typecheck · unit · build · audit	UNKNOWN STEP	2026-09-24T04:16:21.9975508Z   ---
verificar · typecheck · unit · build · audit	UNKNOWN STEP	2026-09-24T04:16:21.9975872Z   duration_ms: 0.499739
verificar · typecheck · unit · build · audit	UNKNOWN STEP	2026-09-24T04:16:21.9976277Z   type: 'test'
verificar · typecheck · unit · build · audit	UNKNOWN STEP	2026-09-24T04:16:21.9976637Z   ...
verificar · typecheck · unit · build · audit	UNKNOWN STEP	2026-09-24T04:16:21.9977595Z # Subtest: fechasDelPeriodo · incluye los extremos y respeta los cambios de mes
verificar · typecheck · unit · build · audit	UNKNOWN STEP	2026-09-24T04:16:21.9978961Z ok 156 - fechasDelPeriodo · incluye los extremos y respeta los cambios de mes
verificar · typecheck · unit · build · audit	UNKNOWN STEP	2026-09-24T04:16:21.9979710Z   ---
verificar · typecheck · unit · build · audit	UNKNOWN STEP	2026-09-24T04:16:21.9980076Z   duration_ms: 0.196636
verificar · typecheck · unit · build · audit	UNKNOWN STEP	2026-09-24T04:16:21.9980486Z   type: 'test'
verificar · typecheck · unit · build · audit	UNKNOWN STEP	2026-09-24T04:16:21.9980836Z   ...
verificar · typecheck · unit · build · audit	UNKNOWN STEP	2026-09-24T04:16:21.9982331Z # Subtest: TEST-PRJ-009 · ningún schema de nutrición tiene puntaje, porcentaje de cumplimiento ni calificación
verificar · typecheck · unit · build · audit	UNKNOWN STEP	2026-09-24T04:16:21.9984171Z ok 157 - TEST-PRJ-009 · ningún schema de nutrición tiene puntaje, porcentaje de cumplimiento ni calificación
verificar · typecheck · unit · build · audit	UNKNOWN STEP	2026-09-24T04:16:21.9985131Z   ---
verificar · typecheck · unit · build · audit	UNKNOWN STEP	2026-09-24T04:16:21.9985490Z   duration_ms: 81.455894
verificar · typecheck · unit · build · audit	UNKNOWN STEP	2026-09-24T04:16:21.9985900Z   type: 'test'
verificar · typecheck · unit · build · audit	UNKNOWN STEP	2026-09-24T04:16:21.9986245Z   ...
verificar · typecheck · unit · build · audit	UNKNOWN STEP	2026-09-24T04:16:21.9987550Z # Subtest: TEST-PRJ-009 · el OpenAPI generado tampoco expone puntaje de adherencia en ninguna operación de nutrición
verificar · typecheck · unit · build · audit	UNKNOWN STEP	2026-09-24T04:16:21.9989471Z ok 158 - TEST-PRJ-009 · el OpenAPI generado tampoco expone puntaje de adherencia en ninguna operación de nutrición
verificar · typecheck · unit · build · audit	UNKNOWN STEP	2026-09-24T04:16:21.9990460Z   ---
verificar · typecheck · unit · build · audit	UNKNOWN STEP	2026-09-24T04:16:21.9990838Z   duration_ms: 106.442287
verificar · typecheck · unit · build · audit	UNKNOWN STEP	2026-09-24T04:16:21.9991625Z   type: 'test'
verificar · typecheck · unit · build · audit	UNKNOWN STEP	2026-09-24T04:16:21.9991978Z   ...
verificar · typecheck · unit · build · audit	UNKNOWN STEP	2026-09-24T04:16:21.9993024Z # Subtest: T13 · el copy de nutrición no usa ningún término prohibido (B10-05; REG-06-125)
verificar · typecheck · unit · build · audit	UNKNOWN STEP	2026-09-24T04:16:21.9994507Z ok 159 - T13 · el copy de nutrición no usa ningún término prohibido (B10-05; REG-06-125)
verificar · typecheck · unit · build · audit	UNKNOWN STEP	2026-09-24T04:16:21.9995300Z   ---
verificar · typecheck · unit · build · audit	UNKNOWN STEP	2026-09-24T04:16:21.9995662Z   duration_ms: 1.246999
verificar · typecheck · unit · build · audit	UNKNOWN STEP	2026-09-24T04:16:21.9996372Z   type: 'test'
verificar · typecheck · unit · build · audit	UNKNOWN STEP	2026-09-24T04:16:21.9996728Z   ...
verificar · typecheck · unit · build · audit	UNKNOWN STEP	2026-09-24T04:16:22.0092683Z # Subtest: REG-06-214 · la evaluación nace EN_PREPARACION y solo un acto explícito la registra
verificar · typecheck · unit · build · audit	UNKNOWN STEP	2026-09-24T04:16:22.0094606Z ok 160 - REG-06-214 · la evaluación nace EN_PREPARACION y solo un acto explícito la registra
verificar · typecheck · unit · build · audit	UNKNOWN STEP	2026-09-24T04:16:22.0095454Z   ---
verificar · typecheck · unit · build · audit	UNKNOWN STEP	2026-09-24T04:16:22.0095824Z   duration_ms: 2.142324
verificar · typecheck · unit · build · audit	UNKNOWN STEP	2026-09-24T04:16:22.0096236Z   type: 'test'
verificar · typecheck · unit · build · audit	UNKNOWN STEP	2026-09-24T04:16:22.0096590Z   ...
verificar · typecheck · unit · build · audit	UNKNOWN STEP	2026-09-24T04:16:22.0097581Z # Subtest: TEST-ANT-003 · registrar exige contenido registrable: no hay registro vacío
verificar · typecheck · unit · build · audit	UNKNOWN STEP	2026-09-24T04:16:22.0099033Z ok 161 - TEST-ANT-003 · registrar exige contenido registrable: no hay registro vacío
verificar · typecheck · unit · build · audit	UNKNOWN STEP	2026-09-24T04:16:22.0099808Z   ---
verificar · typecheck · unit · build · audit	UNKNOWN STEP	2026-09-24T04:16:22.0100162Z   duration_ms: 1.142675
verificar · typecheck · unit · build · audit	UNKNOWN STEP	2026-09-24T04:16:22.0100569Z   type: 'test'
verificar · typecheck · unit · build · audit	UNKNOWN STEP	2026-09-24T04:16:22.0101154Z   ...
verificar · typecheck · unit · build · audit	UNKNOWN STEP	2026-09-24T04:16:22.0102522Z # Subtest: REG-06-214 inciso 5 · una evaluación REGISTRADA no vuelve a preparación, ni se guarda, ni se registra dos veces
verificar · typecheck · unit · build · audit	UNKNOWN STEP	2026-09-24T04:16:22.0104568Z ok 162 - REG-06-214 inciso 5 · una evaluación REGISTRADA no vuelve a preparación, ni se guarda, ni se registra dos veces
verificar · typecheck · unit · build · audit	UNKNOWN STEP	2026-09-24T04:16:22.0105580Z   ---
verificar · typecheck · unit · build · audit	UNKNOWN STEP	2026-09-24T04:16:22.0105958Z   duration_ms: 0.275752
verificar · typecheck · unit · build · audit	UNKNOWN STEP	2026-09-24T04:16:22.0106370Z   type: 'test'
verificar · typecheck · unit · build · audit	UNKNOWN STEP	2026-09-24T04:16:22.0106727Z   ...
verificar · typecheck · unit · build · audit	UNKNOWN STEP	2026-09-24T04:16:22.0107646Z # Subtest: REG-06-218 · anular una medición vigente procede y exige motivo
verificar · typecheck · unit · build · audit	UNKNOWN STEP	2026-09-24T04:16:22.0108868Z ok 163 - REG-06-218 · anular una medición vigente procede y exige motivo
verificar · typecheck · unit · build · audit	UNKNOWN STEP	2026-09-24T04:16:22.0109639Z   ---
verificar · typecheck · unit · build · audit	UNKNOWN STEP	2026-09-24T04:16:22.0109996Z   duration_ms: 0.370159
verificar · typecheck · unit · build · audit	UNKNOWN STEP	2026-09-24T04:16:22.0110409Z   type: 'test'
verificar · typecheck · unit · build · audit	UNKNOWN STEP	2026-09-24T04:16:22.0110770Z   ...
verificar · typecheck · unit · build · audit	UNKNOWN STEP	2026-09-24T04:16:22.0112181Z # Subtest: TEST-ANT-006 · adversarial 6: la segunda anulación no produce un segundo efecto ni un error nuevo
verificar · typecheck · unit · build · audit	UNKNOWN STEP	2026-09-24T04:16:22.0113923Z ok 164 - TEST-ANT-006 · adversarial 6: la segunda anulación no produce un segundo efecto ni un error nuevo
verificar · typecheck · unit · build · audit	UNKNOWN STEP	2026-09-24T04:16:22.0114842Z   ---
verificar · typecheck · unit · build · audit	UNKNOWN STEP	2026-09-24T04:16:22.0115227Z   duration_ms: 0.423748
verificar · typecheck · unit · build · audit	UNKNOWN STEP	2026-09-24T04:16:22.0115645Z   type: 'test'
verificar · typecheck · unit · build · audit	UNKNOWN STEP	2026-09-24T04:16:22.0116001Z   ...
verificar · typecheck · unit · build · audit	UNKNOWN STEP	2026-09-24T04:16:22.0117235Z # Subtest: TEST-ANT-007 · no existe reversión implícita: ANULADA no admite corrección que la vuelva efectiva
verificar · typecheck · unit · build · audit	UNKNOWN STEP	2026-09-24T04:16:22.0118990Z ok 165 - TEST-ANT-007 · no existe reversión implícita: ANULADA no admite corrección que la vuelva efectiva
verificar · typecheck · unit · build · audit	UNKNOWN STEP	2026-09-24T04:16:22.0119861Z   ---
verificar · typecheck · unit · build · audit	UNKNOWN STEP	2026-09-24T04:16:22.0120206Z   duration_ms: 0.204961
verificar · typecheck · unit · build · audit	UNKNOWN STEP	2026-09-24T04:16:22.0120616Z   type: 'test'
verificar · typecheck · unit · build · audit	UNKNOWN STEP	2026-09-24T04:16:22.0121196Z   ...
verificar · typecheck · unit · build · audit	UNKNOWN STEP	2026-09-24T04:16:22.0151745Z # Subtest: TEST-ANT-001 · medido, reportado y calculado son clases distintas, no una convención de nombre
verificar · typecheck · unit · build · audit	UNKNOWN STEP	2026-09-24T04:16:22.0153584Z ok 166 - TEST-ANT-001 · medido, reportado y calculado son clases distintas, no una convención de nombre
verificar · typecheck · unit · build · audit	UNKNOWN STEP	2026-09-24T04:16:22.0154516Z   ---
verificar · typecheck · unit · build · audit	UNKNOWN STEP	2026-09-24T04:16:22.0154913Z   duration_ms: 0.306861
verificar · typecheck · unit · build · audit	UNKNOWN STEP	2026-09-24T04:16:22.0155334Z   type: 'test'
verificar · typecheck · unit · build · audit	UNKNOWN STEP	2026-09-24T04:16:22.0155710Z   ...
verificar · typecheck · unit · build · audit	UNKNOWN STEP	2026-09-24T04:16:22.0156869Z # Subtest: REG-06-09 y REG-06-155 · convertir conserva la unidad de origen y la regla que se aplicó
verificar · typecheck · unit · build · audit	UNKNOWN STEP	2026-09-24T04:16:22.0158474Z ok 167 - REG-06-09 y REG-06-155 · convertir conserva la unidad de origen y la regla que se aplicó
verificar · typecheck · unit · build · audit	UNKNOWN STEP	2026-09-24T04:16:22.0159337Z   ---
verificar · typecheck · unit · build · audit	UNKNOWN STEP	2026-09-24T04:16:22.0159709Z   duration_ms: 0.416475
verificar · typecheck · unit · build · audit	UNKNOWN STEP	2026-09-24T04:16:22.0160119Z   type: 'test'
verificar · typecheck · unit · build · audit	UNKNOWN STEP	2026-09-24T04:16:22.0160465Z   ...
verificar · typecheck · unit · build · audit	UNKNOWN STEP	2026-09-24T04:16:22.0161794Z # Subtest: REG-06-155 · sin regla declarada no hay conversión: no se inventa un factor
verificar · typecheck · unit · build · audit	UNKNOWN STEP	2026-09-24T04:16:22.0163222Z ok 168 - REG-06-155 · sin regla declarada no hay conversión: no se inventa un factor
verificar · typecheck · unit · build · audit	UNKNOWN STEP	2026-09-24T04:16:22.0163951Z   ---
verificar · typecheck · unit · build · audit	UNKNOWN STEP	2026-09-24T04:16:22.0164318Z   duration_ms: 0.59153
verificar · typecheck · unit · build · audit	UNKNOWN STEP	2026-09-24T04:16:22.0164730Z   type: 'test'
verificar · typecheck · unit · build · audit	UNKNOWN STEP	2026-09-24T04:16:22.0165072Z   ...
verificar · typecheck · unit · build · audit	UNKNOWN STEP	2026-09-24T04:16:22.0166004Z # Subtest: REG-06-158 · la precisión y el redondeo son declarados, no implícitos
verificar · typecheck · unit · build · audit	UNKNOWN STEP	2026-09-24T04:16:22.0167351Z ok 169 - REG-06-158 · la precisión y el redondeo son declarados, no implícitos
verificar · typecheck · unit · build · audit	UNKNOWN STEP	2026-09-24T04:16:22.0168399Z   ---
verificar · typecheck · unit · build · audit	UNKNOWN STEP	2026-09-24T04:16:22.0168825Z   duration_ms: 0.715971
verificar · typecheck · unit · build · audit	UNKNOWN STEP	2026-09-24T04:16:22.0169242Z   type: 'test'
verificar · typecheck · unit · build · audit	UNKNOWN STEP	2026-09-24T04:16:22.0169604Z   ...
verificar · typecheck · unit · build · audit	UNKNOWN STEP	2026-09-24T04:16:22.0171409Z # Subtest: REG-06-159 e INV-06-170 · la dependencia es explícita: se resuelve por identificador, nunca por nombre
verificar · typecheck · unit · build · audit	UNKNOWN STEP	2026-09-24T04:16:22.0173261Z ok 170 - REG-06-159 e INV-06-170 · la dependencia es explícita: se resuelve por identificador, nunca por nombre
verificar · typecheck · unit · build · audit	UNKNOWN STEP	2026-09-24T04:16:22.0174181Z   ---
verificar · typecheck · unit · build · audit	UNKNOWN STEP	2026-09-24T04:16:22.0174537Z   duration_ms: 0.374576
verificar · typecheck · unit · build · audit	UNKNOWN STEP	2026-09-24T04:16:22.0174967Z   type: 'test'
verificar · typecheck · unit · build · audit	UNKNOWN STEP	2026-09-24T04:16:22.0175321Z   ...
verificar · typecheck · unit · build · audit	UNKNOWN STEP	2026-09-24T04:16:22.0176588Z # Subtest: TEST-ANT-008 · un input anulado obliga a reevaluar dependencias, y sin reemplazo no se inventa sucesor
verificar · typecheck · unit · build · audit	UNKNOWN STEP	2026-09-24T04:16:22.0178411Z ok 171 - TEST-ANT-008 · un input anulado obliga a reevaluar dependencias, y sin reemplazo no se inventa sucesor
verificar · typecheck · unit · build · audit	UNKNOWN STEP	2026-09-24T04:16:22.0179339Z   ---
verificar · typecheck · unit · build · audit	UNKNOWN STEP	2026-09-24T04:16:22.0179692Z   duration_ms: 0.460447
verificar · typecheck · unit · build · audit	UNKNOWN STEP	2026-09-24T04:16:22.0180108Z   type: 'test'
verificar · typecheck · unit · build · audit	UNKNOWN STEP	2026-09-24T04:16:22.0180483Z   ...
verificar · typecheck · unit · build · audit	UNKNOWN STEP	2026-09-24T04:16:22.0182067Z # Subtest: REG-06-162/163/164 · solo se compara lo compatible, y la diferencia se nombra en vez de convertirse sola
verificar · typecheck · unit · build · audit	UNKNOWN STEP	2026-09-24T04:16:22.0183894Z ok 172 - REG-06-162/163/164 · solo se compara lo compatible, y la diferencia se nombra en vez de convertirse sola
verificar · typecheck · unit · build · audit	UNKNOWN STEP	2026-09-24T04:16:22.0184813Z   ---
verificar · typecheck · unit · build · audit	UNKNOWN STEP	2026-09-24T04:16:22.0185164Z   duration_ms: 0.256307
verificar · typecheck · unit · build · audit	UNKNOWN STEP	2026-09-24T04:16:22.0185578Z   type: 'test'
verificar · typecheck · unit · build · audit	UNKNOWN STEP	2026-09-24T04:16:22.0185928Z   ...
verificar · typecheck · unit · build · audit	UNKNOWN STEP	2026-09-24T04:16:22.0187011Z # Subtest: TEST-ANT-009 · adversarial 7: SIN_DATO no se transforma en cero y no se interpola
verificar · typecheck · unit · build · audit	UNKNOWN STEP	2026-09-24T04:16:22.0188465Z ok 173 - TEST-ANT-009 · adversarial 7: SIN_DATO no se transforma en cero y no se interpola
verificar · typecheck · unit · build · audit	UNKNOWN STEP	2026-09-24T04:16:22.0189244Z   ---
verificar · typecheck · unit · build · audit	UNKNOWN STEP	2026-09-24T04:16:22.0189587Z   duration_ms: 0.467199
verificar · typecheck · unit · build · audit	UNKNOWN STEP	2026-09-24T04:16:22.0189998Z   type: 'test'
verificar · typecheck · unit · build · audit	UNKNOWN STEP	2026-09-24T04:16:22.0190337Z   ...
verificar · typecheck · unit · build · audit	UNKNOWN STEP	2026-09-24T04:16:22.0191408Z # Subtest: INV-06-176 · un cero medido es un punto REGISTRADO, no un hueco
verificar · typecheck · unit · build · audit	UNKNOWN STEP	2026-09-24T04:16:22.0192609Z ok 174 - INV-06-176 · un cero medido es un punto REGISTRADO, no un hueco
verificar · typecheck · unit · build · audit	UNKNOWN STEP	2026-09-24T04:16:22.0193264Z   ---
verificar · typecheck · unit · build · audit	UNKNOWN STEP	2026-09-24T04:16:22.0193614Z   duration_ms: 0.24762
verificar · typecheck · unit · build · audit	UNKNOWN STEP	2026-09-24T04:16:22.0194020Z   type: 'test'
verificar · typecheck · unit · build · audit	UNKNOWN STEP	2026-09-24T04:16:22.0194386Z   ...
verificar · typecheck · unit · build · audit	UNKNOWN STEP	2026-09-24T04:16:22.0195339Z # Subtest: REG-06-221 · una medición anulada no aporta un punto registrado a la serie
verificar · typecheck · unit · build · audit	UNKNOWN STEP	2026-09-24T04:16:22.0196716Z ok 175 - REG-06-221 · una medición anulada no aporta un punto registrado a la serie
verificar · typecheck · unit · build · audit	UNKNOWN STEP	2026-09-24T04:16:22.0197447Z   ---
verificar · typecheck · unit · build · audit	UNKNOWN STEP	2026-09-24T04:16:22.0197790Z   duration_ms: 0.198509
verificar · typecheck · unit · build · audit	UNKNOWN STEP	2026-09-24T04:16:22.0198190Z   type: 'test'
verificar · typecheck · unit · build · audit	UNKNOWN STEP	2026-09-24T04:16:22.0198539Z   ...
verificar · typecheck · unit · build · audit	UNKNOWN STEP	2026-09-24T04:16:22.0199565Z # Subtest: TEST-ANT-010 · lo no comparable se conserva y se marca: no forma línea continua
verificar · typecheck · unit · build · audit	UNKNOWN STEP	2026-09-24T04:16:22.0201347Z ok 176 - TEST-ANT-010 · lo no comparable se conserva y se marca: no forma línea continua
verificar · typecheck · unit · build · audit	UNKNOWN STEP	2026-09-24T04:16:22.0202129Z   ---
verificar · typecheck · unit · build · audit	UNKNOWN STEP	2026-09-24T04:16:22.0202476Z   duration_ms: 0.212966
verificar · typecheck · unit · build · audit	UNKNOWN STEP	2026-09-24T04:16:22.0202880Z   type: 'test'
verificar · typecheck · unit · build · audit	UNKNOWN STEP	2026-09-24T04:16:22.0203247Z   ...
verificar · typecheck · unit · build · audit	UNKNOWN STEP	2026-09-24T04:16:22.0204136Z # Subtest: INV-06-178 · cada punto conserva su clase y su origen
verificar · typecheck · unit · build · audit	UNKNOWN STEP	2026-09-24T04:16:22.0205189Z ok 177 - INV-06-178 · cada punto conserva su clase y su origen
verificar · typecheck · unit · build · audit	UNKNOWN STEP	2026-09-24T04:16:22.0205785Z   ---
verificar · typecheck · unit · build · audit	UNKNOWN STEP	2026-09-24T04:16:22.0206146Z   duration_ms: 0.190163
verificar · typecheck · unit · build · audit	UNKNOWN STEP	2026-09-24T04:16:22.0206551Z   type: 'test'
verificar · typecheck · unit · build · audit	UNKNOWN STEP	2026-09-24T04:16:22.0206903Z   ...
verificar · typecheck · unit · build · audit	UNKNOWN STEP	2026-09-24T04:16:22.0207979Z # Subtest: REG-06-165 · la serie devuelve un punto por checkpoint pedido, ni más ni menos
verificar · typecheck · unit · build · audit	UNKNOWN STEP	2026-09-24T04:16:22.0209336Z ok 178 - REG-06-165 · la serie devuelve un punto por checkpoint pedido, ni más ni menos
verificar · typecheck · unit · build · audit	UNKNOWN STEP	2026-09-24T04:16:22.0210134Z   ---
verificar · typecheck · unit · build · audit	UNKNOWN STEP	2026-09-24T04:16:22.0210475Z   duration_ms: 0.230679
verificar · typecheck · unit · build · audit	UNKNOWN STEP	2026-09-24T04:16:22.0211094Z   type: 'test'
verificar · typecheck · unit · build · audit	UNKNOWN STEP	2026-09-24T04:16:22.0211452Z   ...
verificar · typecheck · unit · build · audit	UNKNOWN STEP	2026-09-24T04:16:22.0212342Z # Subtest: REG-06-167 · la serie filtra por métrica: otra métrica no contamina el punto
verificar · typecheck · unit · build · audit	UNKNOWN STEP	2026-09-24T04:16:22.0213659Z ok 179 - REG-06-167 · la serie filtra por métrica: otra métrica no contamina el punto
verificar · typecheck · unit · build · audit	UNKNOWN STEP	2026-09-24T04:16:22.0214592Z   ---
verificar · typecheck · unit · build · audit	UNKNOWN STEP	2026-09-24T04:16:22.0214827Z   duration_ms: 0.198449
verificar · typecheck · unit · build · audit	UNKNOWN STEP	2026-09-24T04:16:22.0215049Z   type: 'test'
verificar · typecheck · unit · build · audit	UNKNOWN STEP	2026-09-24T04:16:22.0215236Z   ...
verificar · typecheck · unit · build · audit	UNKNOWN STEP	2026-09-24T04:16:22.0216143Z # Subtest: INV-06-177 · un hueco de la serie no tiene dónde poner un valor: el contrato lo rechaza
verificar · typecheck · unit · build · audit	UNKNOWN STEP	2026-09-24T04:16:22.0217494Z ok 180 - INV-06-177 · un hueco de la serie no tiene dónde poner un valor: el contrato lo rechaza
verificar · typecheck · unit · build · audit	UNKNOWN STEP	2026-09-24T04:16:22.0218180Z   ---
verificar · typecheck · unit · build · audit	UNKNOWN STEP	2026-09-24T04:16:22.0218480Z   duration_ms: 133.651292
verificar · typecheck · unit · build · audit	UNKNOWN STEP	2026-09-24T04:16:22.0218848Z   type: 'test'
verificar · typecheck · unit · build · audit	UNKNOWN STEP	2026-09-24T04:16:22.0219155Z   ...
verificar · typecheck · unit · build · audit	UNKNOWN STEP	2026-09-24T04:16:22.0219873Z # Subtest: INV-06-176 · un cero medido sí viaja, como punto de la serie
verificar · typecheck · unit · build · audit	UNKNOWN STEP	2026-09-24T04:16:22.0221225Z ok 181 - INV-06-176 · un cero medido sí viaja, como punto de la serie
verificar · typecheck · unit · build · audit	UNKNOWN STEP	2026-09-24T04:16:22.0221882Z   ---
verificar · typecheck · unit · build · audit	UNKNOWN STEP	2026-09-24T04:16:22.0222224Z   duration_ms: 2.815546
verificar · typecheck · unit · build · audit	UNKNOWN STEP	2026-09-24T04:16:22.0222608Z   type: 'test'
verificar · typecheck · unit · build · audit	UNKNOWN STEP	2026-09-24T04:16:22.0222946Z   ...
verificar · typecheck · unit · build · audit	UNKNOWN STEP	2026-09-24T04:16:22.0224172Z # Subtest: DL-062 · INV-06-167: la referencia de preparación solo corresponde a la importación controlada, y es opaca
verificar · typecheck · unit · build · audit	UNKNOWN STEP	2026-09-24T04:16:22.0225956Z ok 182 - DL-062 · INV-06-167: la referencia de preparación solo corresponde a la importación controlada, y es opaca
verificar · typecheck · unit · build · audit	UNKNOWN STEP	2026-09-24T04:16:22.0226846Z   ---
verificar · typecheck · unit · build · audit	UNKNOWN STEP	2026-09-24T04:16:22.0227214Z   duration_ms: 1.59128
verificar · typecheck · unit · build · audit	UNKNOWN STEP	2026-09-24T04:16:22.0227621Z   type: 'test'
verificar · typecheck · unit · build · audit	UNKNOWN STEP	2026-09-24T04:16:22.0227965Z   ...
verificar · typecheck · unit · build · audit	UNKNOWN STEP	2026-09-24T04:16:22.0229188Z # Subtest: TEST-PRJ-009 · ningún schema de antropometría ni de cálculo tiene puntaje, porcentaje ni calificación
verificar · typecheck · unit · build · audit	UNKNOWN STEP	2026-09-24T04:16:22.0231319Z ok 183 - TEST-PRJ-009 · ningún schema de antropometría ni de cálculo tiene puntaje, porcentaje ni calificación
verificar · typecheck · unit · build · audit	UNKNOWN STEP	2026-09-24T04:16:22.0232268Z   ---
verificar · typecheck · unit · build · audit	UNKNOWN STEP	2026-09-24T04:16:22.0232610Z   duration_ms: 47.022485
verificar · typecheck · unit · build · audit	UNKNOWN STEP	2026-09-24T04:16:22.0233012Z   type: 'test'
verificar · typecheck · unit · build · audit	UNKNOWN STEP	2026-09-24T04:16:22.0233368Z   ...
verificar · typecheck · unit · build · audit	UNKNOWN STEP	2026-09-24T04:16:22.0234622Z # Subtest: TEST-PRJ-009 · el control de cero juicio detecta un campo prohibido, también dentro del schema de la evolución
verificar · typecheck · unit · build · audit	UNKNOWN STEP	2026-09-24T04:16:22.0236641Z ok 184 - TEST-PRJ-009 · el control de cero juicio detecta un campo prohibido, también dentro del schema de la evolución
verificar · typecheck · unit · build · audit	UNKNOWN STEP	2026-09-24T04:16:22.0237608Z   ---
verificar · typecheck · unit · build · audit	UNKNOWN STEP	2026-09-24T04:16:22.0237950Z   duration_ms: 0.636905
verificar · typecheck · unit · build · audit	UNKNOWN STEP	2026-09-24T04:16:22.0238338Z   type: 'test'
verificar · typecheck · unit · build · audit	UNKNOWN STEP	2026-09-24T04:16:22.0238700Z   ...
verificar · typecheck · unit · build · audit	UNKNOWN STEP	2026-09-24T04:16:22.0239747Z # Subtest: WP-05 §4 · el OpenAPI publica las doce operaciones ANT en las rutas que declara el 09
verificar · typecheck · unit · build · audit	UNKNOWN STEP	2026-09-24T04:16:22.0241742Z ok 185 - WP-05 §4 · el OpenAPI publica las doce operaciones ANT en las rutas que declara el 09
verificar · typecheck · unit · build · audit	UNKNOWN STEP	2026-09-24T04:16:22.0242529Z   ---
verificar · typecheck · unit · build · audit	UNKNOWN STEP	2026-09-24T04:16:22.0242885Z   duration_ms: 11.5448
verificar · typecheck · unit · build · audit	UNKNOWN STEP	2026-09-24T04:16:22.0243239Z   type: 'test'
verificar · typecheck · unit · build · audit	UNKNOWN STEP	2026-09-24T04:16:22.0243555Z   ...
verificar · typecheck · unit · build · audit	UNKNOWN STEP	2026-09-24T04:16:22.0244713Z # Subtest: T13 · el copy de antropometría no dice diagnóstico, ni completa huecos, ni califica el cuerpo
verificar · typecheck · unit · build · audit	UNKNOWN STEP	2026-09-24T04:16:22.0246332Z ok 186 - T13 · el copy de antropometría no dice diagnóstico, ni completa huecos, ni califica el cuerpo
verificar · typecheck · unit · build · audit	UNKNOWN STEP	2026-09-24T04:16:22.0246850Z   ---
verificar · typecheck · unit · build · audit	UNKNOWN STEP	2026-09-24T04:16:22.0247066Z   duration_ms: 4.921743
verificar · typecheck · unit · build · audit	UNKNOWN STEP	2026-09-24T04:16:22.0247286Z   type: 'test'
verificar · typecheck · unit · build · audit	UNKNOWN STEP	2026-09-24T04:16:22.0247476Z   ...
verificar · typecheck · unit · build · audit	UNKNOWN STEP	2026-09-24T04:16:22.0248027Z # Subtest: 08 §56.12 · el copy de anular explicita que preserva la historia y no habla de borrar
verificar · typecheck · unit · build · audit	UNKNOWN STEP	2026-09-24T04:16:22.0248784Z ok 187 - 08 §56.12 · el copy de anular explicita que preserva la historia y no habla de borrar
verificar · typecheck · unit · build · audit	UNKNOWN STEP	2026-09-24T04:16:22.0249185Z   ---
verificar · typecheck · unit · build · audit	UNKNOWN STEP	2026-09-24T04:16:22.0249370Z   duration_ms: 0.517924
verificar · typecheck · unit · build · audit	UNKNOWN STEP	2026-09-24T04:16:22.0249583Z   type: 'test'
verificar · typecheck · unit · build · audit	UNKNOWN STEP	2026-09-24T04:16:22.0249775Z   ...
verificar · typecheck · unit · build · audit	UNKNOWN STEP	2026-09-24T04:16:22.0250288Z # Subtest: RF-048 · decir que algo NO es un diagnóstico no es lo mismo que presentarlo como tal
verificar · typecheck · unit · build · audit	UNKNOWN STEP	2026-09-24T04:16:22.0251384Z ok 188 - RF-048 · decir que algo NO es un diagnóstico no es lo mismo que presentarlo como tal
verificar · typecheck · unit · build · audit	UNKNOWN STEP	2026-09-24T04:16:22.0251815Z   ---
verificar · typecheck · unit · build · audit	UNKNOWN STEP	2026-09-24T04:16:22.0252007Z   duration_ms: 0.220029
verificar · typecheck · unit · build · audit	UNKNOWN STEP	2026-09-24T04:16:22.0252239Z   type: 'test'
verificar · typecheck · unit · build · audit	UNKNOWN STEP	2026-09-24T04:16:22.0252424Z   ...
verificar · typecheck · unit · build · audit	UNKNOWN STEP	2026-09-24T04:16:22.0253011Z # Subtest: DL-072 · REG-06-203: la especificación declara su estado, y solo admite vigente o histórica
verificar · typecheck · unit · build · audit	UNKNOWN STEP	2026-09-24T04:16:22.0254067Z ok 189 - DL-072 · REG-06-203: la especificación declara su estado, y solo admite vigente o histórica
verificar · typecheck · unit · build · audit	UNKNOWN STEP	2026-09-24T04:16:22.0254508Z   ---
verificar · typecheck · unit · build · audit	UNKNOWN STEP	2026-09-24T04:16:22.0254814Z   duration_ms: 1.154878
verificar · typecheck · unit · build · audit	UNKNOWN STEP	2026-09-24T04:16:22.0255045Z   type: 'test'
verificar · typecheck · unit · build · audit	UNKNOWN STEP	2026-09-24T04:16:22.0255230Z   ...
verificar · typecheck · unit · build · audit	UNKNOWN STEP	2026-09-24T04:16:22.0255922Z # Subtest: TEST-TRN-002 · la ejecución registrada es terminal: no existe transición que la devuelva a borrador (06:5221)
verificar · typecheck · unit · build · audit	UNKNOWN STEP	2026-09-24T04:16:22.0256938Z ok 190 - TEST-TRN-002 · la ejecución registrada es terminal: no existe transición que la devuelva a borrador (06:5221)
verificar · typecheck · unit · build · audit	UNKNOWN STEP	2026-09-24T04:16:22.0257435Z   ---
verificar · typecheck · unit · build · audit	UNKNOWN STEP	2026-09-24T04:16:22.0257624Z   duration_ms: 2.788245
verificar · typecheck · unit · build · audit	UNKNOWN STEP	2026-09-24T04:16:22.0257842Z   type: 'test'
verificar · typecheck · unit · build · audit	UNKNOWN STEP	2026-09-24T04:16:22.0258023Z   ...
verificar · typecheck · unit · build · audit	UNKNOWN STEP	2026-09-24T04:16:22.0258690Z # Subtest: TEST-TRN-002 · confirmar exige contenido mínimo coherente; el borrador se guarda sin exigirlo (06:5217-5219)
verificar · typecheck · unit · build · audit	UNKNOWN STEP	2026-09-24T04:16:22.0259666Z ok 191 - TEST-TRN-002 · confirmar exige contenido mínimo coherente; el borrador se guarda sin exigirlo (06:5217-5219)
verificar · typecheck · unit · build · audit	UNKNOWN STEP	2026-09-24T04:16:22.0260171Z   ---
verificar · typecheck · unit · build · audit	UNKNOWN STEP	2026-09-24T04:16:22.0260352Z   duration_ms: 0.27952
verificar · typecheck · unit · build · audit	UNKNOWN STEP	2026-09-24T04:16:22.0260567Z   type: 'test'
verificar · typecheck · unit · build · audit	UNKNOWN STEP	2026-09-24T04:16:22.0260746Z   ...
verificar · typecheck · unit · build · audit	UNKNOWN STEP	2026-09-24T04:16:22.0261654Z # Subtest: INV-06-121 · el borrador de ejecución no nace sin sesión y versión identificables
verificar · typecheck · unit · build · audit	UNKNOWN STEP	2026-09-24T04:16:22.0262429Z ok 192 - INV-06-121 · el borrador de ejecución no nace sin sesión y versión identificables
verificar · typecheck · unit · build · audit	UNKNOWN STEP	2026-09-24T04:16:22.0262833Z   ---
verificar · typecheck · unit · build · audit	UNKNOWN STEP	2026-09-24T04:16:22.0263020Z   duration_ms: 0.156681
verificar · typecheck · unit · build · audit	UNKNOWN STEP	2026-09-24T04:16:22.0263239Z   type: 'test'
verificar · typecheck · unit · build · audit	UNKNOWN STEP	2026-09-24T04:16:22.0263419Z   ...
verificar · typecheck · unit · build · audit	UNKNOWN STEP	2026-09-24T04:16:22.0263953Z # Subtest: 06:5149-5162 · la versión de plan tiene exactamente dos estados, y VALIDADO no es uno
verificar · typecheck · unit · build · audit	UNKNOWN STEP	2026-09-24T04:16:22.0264707Z ok 193 - 06:5149-5162 · la versión de plan tiene exactamente dos estados, y VALIDADO no es uno
verificar · typecheck · unit · build · audit	UNKNOWN STEP	2026-09-24T04:16:22.0265143Z   ---
verificar · typecheck · unit · build · audit	UNKNOWN STEP	2026-09-24T04:16:22.0265333Z   duration_ms: 0.240387
verificar · typecheck · unit · build · audit	UNKNOWN STEP	2026-09-24T04:16:22.0265544Z   type: 'test'
verificar · typecheck · unit · build · audit	UNKNOWN STEP	2026-09-24T04:16:22.0265741Z   ...
verificar · typecheck · unit · build · audit	UNKNOWN STEP	2026-09-24T04:16:22.0266383Z # Subtest: INV-06-109 · no existe transición que edite una versión ACTIVADA ni que la devuelva a BORRADOR (06:4307)
verificar · typecheck · unit · build · audit	UNKNOWN STEP	2026-09-24T04:16:22.0267367Z ok 194 - INV-06-109 · no existe transición que edite una versión ACTIVADA ni que la devuelva a BORRADOR (06:4307)
verificar · typecheck · unit · build · audit	UNKNOWN STEP	2026-09-24T04:16:22.0267863Z   ---
verificar · typecheck · unit · build · audit	UNKNOWN STEP	2026-09-24T04:16:22.0268056Z   duration_ms: 0.269631
verificar · typecheck · unit · build · audit	UNKNOWN STEP	2026-09-24T04:16:22.0268263Z   type: 'test'
verificar · typecheck · unit · build · audit	UNKNOWN STEP	2026-09-24T04:16:22.0268443Z   ...
verificar · typecheck · unit · build · audit	UNKNOWN STEP	2026-09-24T04:16:22.0269273Z # Subtest: REG-06-104 · «si no puede preservarse la instantánea, el plan no se activa» (05:8878)
verificar · typecheck · unit · build · audit	UNKNOWN STEP	2026-09-24T04:16:22.0270694Z ok 195 - REG-06-104 · «si no puede preservarse la instantánea, el plan no se activa» (05:8878)
verificar · typecheck · unit · build · audit	UNKNOWN STEP	2026-09-24T04:16:22.0271369Z   ---
verificar · typecheck · unit · build · audit	UNKNOWN STEP	2026-09-24T04:16:22.0271573Z   duration_ms: 0.172561
verificar · typecheck · unit · build · audit	UNKNOWN STEP	2026-09-24T04:16:22.0271793Z   type: 'test'
verificar · typecheck · unit · build · audit	UNKNOWN STEP	2026-09-24T04:16:22.0271981Z   ...
verificar · typecheck · unit · build · audit	UNKNOWN STEP	2026-09-24T04:16:22.0272562Z # Subtest: TEST-TRN-006 · REG-06-128: el criterio es exactamente uno de los dos, y puede no declararse
verificar · typecheck · unit · build · audit	UNKNOWN STEP	2026-09-24T04:16:22.0273402Z ok 196 - TEST-TRN-006 · REG-06-128: el criterio es exactamente uno de los dos, y puede no declararse
verificar · typecheck · unit · build · audit	UNKNOWN STEP	2026-09-24T04:16:22.0273836Z   ---
verificar · typecheck · unit · build · audit	UNKNOWN STEP	2026-09-24T04:16:22.0274025Z   duration_ms: 0.25772
verificar · typecheck · unit · build · audit	UNKNOWN STEP	2026-09-24T04:16:22.0274407Z   type: 'test'
verificar · typecheck · unit · build · audit	UNKNOWN STEP	2026-09-24T04:16:22.0274599Z   ...
verificar · typecheck · unit · build · audit	UNKNOWN STEP	2026-09-24T04:16:22.0275200Z # Subtest: TEST-TRN-006 · REG-06-129: el esfuerzo percibido no es un tercer criterio, es dato de la ejecución
verificar · typecheck · unit · build · audit	UNKNOWN STEP	2026-09-24T04:16:22.0276082Z ok 197 - TEST-TRN-006 · REG-06-129: el esfuerzo percibido no es un tercer criterio, es dato de la ejecución
verificar · typecheck · unit · build · audit	UNKNOWN STEP	2026-09-24T04:16:22.0276542Z   ---
verificar · typecheck · unit · build · audit	UNKNOWN STEP	2026-09-24T04:16:22.0276730Z   duration_ms: 0.148346
verificar · typecheck · unit · build · audit	UNKNOWN STEP	2026-09-24T04:16:22.0276942Z   type: 'test'
verificar · typecheck · unit · build · audit	UNKNOWN STEP	2026-09-24T04:16:22.0277121Z   ...
verificar · typecheck · unit · build · audit	UNKNOWN STEP	2026-09-24T04:16:22.0277719Z # Subtest: REG-06-129 · no hay conversión automática entre criterios: el dominio no expone ninguna (06:5431)
verificar · typecheck · unit · build · audit	UNKNOWN STEP	2026-09-24T04:16:22.0278583Z ok 198 - REG-06-129 · no hay conversión automática entre criterios: el dominio no expone ninguna (06:5431)
verificar · typecheck · unit · build · audit	UNKNOWN STEP	2026-09-24T04:16:22.0279176Z   ---
verificar · typecheck · unit · build · audit	UNKNOWN STEP	2026-09-24T04:16:22.0279354Z   duration_ms: 0.478821
verificar · typecheck · unit · build · audit	UNKNOWN STEP	2026-09-24T04:16:22.0279558Z   type: 'test'
verificar · typecheck · unit · build · audit	UNKNOWN STEP	2026-09-24T04:16:22.0279738Z   ...
verificar · typecheck · unit · build · audit	UNKNOWN STEP	2026-09-24T04:16:22.0280326Z # Subtest: TEST-TRN-004 · REG-06-131: la ausencia de registro produce SIN_REGISTRO, que no es una condición
verificar · typecheck · unit · build · audit	UNKNOWN STEP	2026-09-24T04:16:22.0281524Z ok 199 - TEST-TRN-004 · REG-06-131: la ausencia de registro produce SIN_REGISTRO, que no es una condición
verificar · typecheck · unit · build · audit	UNKNOWN STEP	2026-09-24T04:16:22.0282000Z   ---
verificar · typecheck · unit · build · audit	UNKNOWN STEP	2026-09-24T04:16:22.0282186Z   duration_ms: 0.428186
verificar · typecheck · unit · build · audit	UNKNOWN STEP	2026-09-24T04:16:22.0282396Z   type: 'test'
verificar · typecheck · unit · build · audit	UNKNOWN STEP	2026-09-24T04:16:22.0282578Z   ...
verificar · typecheck · unit · build · audit	UNKNOWN STEP	2026-09-24T04:16:22.0283126Z # Subtest: INV-06-141 · la condición de sesión es un conjunto cerrado de exactamente tres valores
verificar · typecheck · unit · build · audit	UNKNOWN STEP	2026-09-24T04:16:22.0283890Z ok 200 - INV-06-141 · la condición de sesión es un conjunto cerrado de exactamente tres valores
verificar · typecheck · unit · build · audit	UNKNOWN STEP	2026-09-24T04:16:22.0284307Z   ---
verificar · typecheck · unit · build · audit	UNKNOWN STEP	2026-09-24T04:16:22.0284490Z   duration_ms: 0.213597
verificar · typecheck · unit · build · audit	UNKNOWN STEP	2026-09-24T04:16:22.0284698Z   type: 'test'
verificar · typecheck · unit · build · audit	UNKNOWN STEP	2026-09-24T04:16:22.0284893Z   ...
verificar · typecheck · unit · build · audit	UNKNOWN STEP	2026-09-24T04:16:22.0285425Z # Subtest: TEST-TRN-003 · REG-06-130: sustituir conserva prescripto y realizado, y no es un error
verificar · typecheck · unit · build · audit	UNKNOWN STEP	2026-09-24T04:16:22.0286213Z ok 201 - TEST-TRN-003 · REG-06-130: sustituir conserva prescripto y realizado, y no es un error
verificar · typecheck · unit · build · audit	UNKNOWN STEP	2026-09-24T04:16:22.0286648Z   ---
verificar · typecheck · unit · build · audit	UNKNOWN STEP	2026-09-24T04:16:22.0286831Z   duration_ms: 0.154267
verificar · typecheck · unit · build · audit	UNKNOWN STEP	2026-09-24T04:16:22.0287037Z   type: 'test'
verificar · typecheck · unit · build · audit	UNKNOWN STEP	2026-09-24T04:16:22.0287216Z   ...
verificar · typecheck · unit · build · audit	UNKNOWN STEP	2026-09-24T04:16:22.0287774Z # Subtest: INV-06-152 · si hay carga registrada tiene que haber unidad; los demás campos son opcionales
verificar · typecheck · unit · build · audit	UNKNOWN STEP	2026-09-24T04:16:22.0288590Z ok 202 - INV-06-152 · si hay carga registrada tiene que haber unidad; los demás campos son opcionales
verificar · typecheck · unit · build · audit	UNKNOWN STEP	2026-09-24T04:16:22.0289025Z   ---
verificar · typecheck · unit · build · audit	UNKNOWN STEP	2026-09-24T04:16:22.0289201Z   duration_ms: 0.202677
verificar · typecheck · unit · build · audit	UNKNOWN STEP	2026-09-24T04:16:22.0289406Z   type: 'test'
verificar · typecheck · unit · build · audit	UNKNOWN STEP	2026-09-24T04:16:22.0289584Z   ...
verificar · typecheck · unit · build · audit	UNKNOWN STEP	2026-09-24T04:16:22.0290116Z # Subtest: REG-06-132 · las dos granularidades son un conjunto cerrado, y se conserva cuál se usó
verificar · typecheck · unit · build · audit	UNKNOWN STEP	2026-09-24T04:16:22.0291219Z ok 203 - REG-06-132 · las dos granularidades son un conjunto cerrado, y se conserva cuál se usó
verificar · typecheck · unit · build · audit	UNKNOWN STEP	2026-09-24T04:16:22.0291961Z   ---
verificar · typecheck · unit · build · audit	UNKNOWN STEP	2026-09-24T04:16:22.0292263Z   duration_ms: 0.109614
verificar · typecheck · unit · build · audit	UNKNOWN STEP	2026-09-24T04:16:22.0292631Z   type: 'test'
verificar · typecheck · unit · build · audit	UNKNOWN STEP	2026-09-24T04:16:22.0292978Z   ...
verificar · typecheck · unit · build · audit	UNKNOWN STEP	2026-09-24T04:16:22.0294308Z # Subtest: REG-06-117 · la progresión mapea a AJUSTAR o SUSTITUIR; no existe el token PROGRESAR
verificar · typecheck · unit · build · audit	UNKNOWN STEP	2026-09-24T04:16:22.0295197Z ok 204 - REG-06-117 · la progresión mapea a AJUSTAR o SUSTITUIR; no existe el token PROGRESAR
verificar · typecheck · unit · build · audit	UNKNOWN STEP	2026-09-24T04:16:22.0295640Z   ---
verificar · typecheck · unit · build · audit	UNKNOWN STEP	2026-09-24T04:16:22.0295838Z   duration_ms: 0.591861
verificar · typecheck · unit · build · audit	UNKNOWN STEP	2026-09-24T04:16:22.0296056Z   type: 'test'
verificar · typecheck · unit · build · audit	UNKNOWN STEP	2026-09-24T04:16:22.0296241Z   ...
verificar · typecheck · unit · build · audit	UNKNOWN STEP	2026-09-24T04:16:22.0296830Z # Subtest: REG-06-115 · la ocurrencia se identifica por sesión y fecha local, no por timestamp (06:5235)
verificar · typecheck · unit · build · audit	UNKNOWN STEP	2026-09-24T04:16:22.0297668Z ok 205 - REG-06-115 · la ocurrencia se identifica por sesión y fecha local, no por timestamp (06:5235)
verificar · typecheck · unit · build · audit	UNKNOWN STEP	2026-09-24T04:16:22.0298121Z   ---
verificar · typecheck · unit · build · audit	UNKNOWN STEP	2026-09-24T04:16:22.0298305Z   duration_ms: 0.164165
verificar · typecheck · unit · build · audit	UNKNOWN STEP	2026-09-24T04:16:22.0298536Z   type: 'test'
verificar · typecheck · unit · build · audit	UNKNOWN STEP	2026-09-24T04:16:22.0298720Z   ...
verificar · typecheck · unit · build · audit	UNKNOWN STEP	2026-09-24T04:16:22.0299266Z # Subtest: INV-06-153 · B-08 captura, no calcula: el dominio no expone volumen, marcas ni progresiones
verificar · typecheck · unit · build · audit	UNKNOWN STEP	2026-09-24T04:16:22.0300237Z ok 206 - INV-06-153 · B-08 captura, no calcula: el dominio no expone volumen, marcas ni progresiones
verificar · typecheck · unit · build · audit	UNKNOWN STEP	2026-09-24T04:16:22.0300679Z   ---
verificar · typecheck · unit · build · audit	UNKNOWN STEP	2026-09-24T04:16:22.0301121Z   duration_ms: 0.184403
verificar · typecheck · unit · build · audit	UNKNOWN STEP	2026-09-24T04:16:22.0301436Z   type: 'test'
verificar · typecheck · unit · build · audit	UNKNOWN STEP	2026-09-24T04:16:22.0301662Z   ...
verificar · typecheck · unit · build · audit	UNKNOWN STEP	2026-09-24T04:16:22.0302352Z # Subtest: la ejecución y el plan son dos máquinas distintas, con terminales distintas
verificar · typecheck · unit · build · audit	UNKNOWN STEP	2026-09-24T04:16:22.0303850Z ok 207 - la ejecución y el plan son dos máquinas distintas, con terminales distintas
verificar · typecheck · unit · build · audit	UNKNOWN STEP	2026-09-24T04:16:22.0304494Z   ---
verificar · typecheck · unit · build · audit	UNKNOWN STEP	2026-09-24T04:16:22.0304781Z   duration_ms: 0.169645
verificar · typecheck · unit · build · audit	UNKNOWN STEP	2026-09-24T04:16:22.0305108Z   type: 'test'
verificar · typecheck · unit · build · audit	UNKNOWN STEP	2026-09-24T04:16:22.0305389Z   ...
verificar · typecheck · unit · build · audit	UNKNOWN STEP	2026-09-24T04:16:22.0306100Z # Subtest: 06 §5.7.2 — conjunto cerrado de tres estados, tokens CONV-06-02
verificar · typecheck · unit · build · audit	UNKNOWN STEP	2026-09-24T04:16:22.0307353Z ok 208 - 06 §5.7.2 — conjunto cerrado de tres estados, tokens CONV-06-02
verificar · typecheck · unit · build · audit	UNKNOWN STEP	2026-09-24T04:16:22.0307866Z   ---
verificar · typecheck · unit · build · audit	UNKNOWN STEP	2026-09-24T04:16:22.0308143Z   duration_ms: 2.606468
verificar · typecheck · unit · build · audit	UNKNOWN STEP	2026-09-24T04:16:22.0308495Z   type: 'test'
verificar · typecheck · unit · build · audit	UNKNOWN STEP	2026-09-24T04:16:22.0308811Z   ...
verificar · typecheck · unit · build · audit	UNKNOWN STEP	2026-09-24T04:16:22.0309785Z # Subtest: 06 §5.7.2 — inicial OPERATIVA, terminal CERRADA; solo OPERATIVA permite operar (INV-06-28)
verificar · typecheck · unit · build · audit	UNKNOWN STEP	2026-09-24T04:16:22.0311322Z ok 209 - 06 §5.7.2 — inicial OPERATIVA, terminal CERRADA; solo OPERATIVA permite operar (INV-06-28)
verificar · typecheck · unit · build · audit	UNKNOWN STEP	2026-09-24T04:16:22.0312080Z   ---
verificar · typecheck · unit · build · audit	UNKNOWN STEP	2026-09-24T04:16:22.0312390Z   duration_ms: 1.028673
verificar · typecheck · unit · build · audit	UNKNOWN STEP	2026-09-24T04:16:22.0312750Z   type: 'test'
verificar · typecheck · unit · build · audit	UNKNOWN STEP	2026-09-24T04:16:22.0313059Z   ...
verificar · typecheck · unit · build · audit	UNKNOWN STEP	2026-09-24T04:16:22.0313573Z # Subtest: 06 §5.7.4 — lista blanca exacta
verificar · typecheck · unit · build · audit	UNKNOWN STEP	2026-09-24T04:16:22.0314202Z ok 210 - 06 §5.7.4 — lista blanca exacta
verificar · typecheck · unit · build · audit	UNKNOWN STEP	2026-09-24T04:16:22.0314636Z   ---
verificar · typecheck · unit · build · audit	UNKNOWN STEP	2026-09-24T04:16:22.0314940Z   duration_ms: 1.180495
verificar · typecheck · unit · build · audit	UNKNOWN STEP	2026-09-24T04:16:22.0315293Z   type: 'test'
verificar · typecheck · unit · build · audit	UNKNOWN STEP	2026-09-24T04:16:22.0315597Z   ...
verificar · typecheck · unit · build · audit	UNKNOWN STEP	2026-09-24T04:16:22.0316406Z # Subtest: 06 §5.7.4 — toda transición no declarada está prohibida (matriz 3×3)
verificar · typecheck · unit · build · audit	UNKNOWN STEP	2026-09-24T04:16:22.0317505Z ok 211 - 06 §5.7.4 — toda transición no declarada está prohibida (matriz 3×3)
verificar · typecheck · unit · build · audit	UNKNOWN STEP	2026-09-24T04:16:22.0318130Z   ---
verificar · typecheck · unit · build · audit	UNKNOWN STEP	2026-09-24T04:16:22.0318452Z   duration_ms: 2.961768
verificar · typecheck · unit · build · audit	UNKNOWN STEP	2026-09-24T04:16:22.0318808Z   type: 'test'
verificar · typecheck · unit · build · audit	UNKNOWN STEP	2026-09-24T04:16:22.0319118Z   ...
verificar · typecheck · unit · build · audit	UNKNOWN STEP	2026-09-24T04:16:22.0320060Z # Subtest: SuspenderCuenta OPERATIVA → SUSPENDIDA: permitida con fundamento; revoca sesiones
verificar · typecheck · unit · build · audit	UNKNOWN STEP	2026-09-24T04:16:22.0321678Z ok 212 - SuspenderCuenta OPERATIVA → SUSPENDIDA: permitida con fundamento; revoca sesiones
verificar · typecheck · unit · build · audit	UNKNOWN STEP	2026-09-24T04:16:22.0322514Z   ---
verificar · typecheck · unit · build · audit	UNKNOWN STEP	2026-09-24T04:16:22.0322843Z   duration_ms: 0.398171
verificar · typecheck · unit · build · audit	UNKNOWN STEP	2026-09-24T04:16:22.0323222Z   type: 'test'
verificar · typecheck · unit · build · audit	UNKNOWN STEP	2026-09-24T04:16:22.0323535Z   ...
verificar · typecheck · unit · build · audit	UNKNOWN STEP	2026-09-24T04:16:22.0324236Z # Subtest: SuspenderCuenta: la guarda rechaza un fundamento vacío
verificar · typecheck · unit · build · audit	UNKNOWN STEP	2026-09-24T04:16:22.0325184Z ok 213 - SuspenderCuenta: la guarda rechaza un fundamento vacío
verificar · typecheck · unit · build · audit	UNKNOWN STEP	2026-09-24T04:16:22.0325710Z   ---
verificar · typecheck · unit · build · audit	UNKNOWN STEP	2026-09-24T04:16:22.0325987Z   duration_ms: 0.275964
verificar · typecheck · unit · build · audit	UNKNOWN STEP	2026-09-24T04:16:22.0326344Z   type: 'test'
verificar · typecheck · unit · build · audit	UNKNOWN STEP	2026-09-24T04:16:22.0326622Z   ...
verificar · typecheck · unit · build · audit	UNKNOWN STEP	2026-09-24T04:16:22.0327530Z # Subtest: RestablecerCuenta SUSPENDIDA → OPERATIVA: permitida con resolución; no concede nada más
verificar · typecheck · unit · build · audit	UNKNOWN STEP	2026-09-24T04:16:22.0328934Z ok 214 - RestablecerCuenta SUSPENDIDA → OPERATIVA: permitida con resolución; no concede nada más
verificar · typecheck · unit · build · audit	UNKNOWN STEP	2026-09-24T04:16:22.0329680Z   ---
verificar · typecheck · unit · build · audit	UNKNOWN STEP	2026-09-24T04:16:22.0329957Z   duration_ms: 0.332969
verificar · typecheck · unit · build · audit	UNKNOWN STEP	2026-09-24T04:16:22.0330283Z   type: 'test'
verificar · typecheck · unit · build · audit	UNKNOWN STEP	2026-09-24T04:16:22.0330567Z   ...
verificar · typecheck · unit · build · audit	UNKNOWN STEP	2026-09-24T04:16:22.0331488Z # Subtest: RestablecerCuenta: la guarda rechaza una resolución vacía
verificar · typecheck · unit · build · audit	UNKNOWN STEP	2026-09-24T04:16:22.0332421Z ok 215 - RestablecerCuenta: la guarda rechaza una resolución vacía
verificar · typecheck · unit · build · audit	UNKNOWN STEP	2026-09-24T04:16:22.0332962Z   ---
verificar · typecheck · unit · build · audit	UNKNOWN STEP	2026-09-24T04:16:22.0333249Z   duration_ms: 0.213798
verificar · typecheck · unit · build · audit	UNKNOWN STEP	2026-09-24T04:16:22.0333576Z   type: 'test'
verificar · typecheck · unit · build · audit	UNKNOWN STEP	2026-09-24T04:16:22.0333857Z   ...
verificar · typecheck · unit · build · audit	UNKNOWN STEP	2026-09-24T04:16:22.0334843Z # Subtest: CerrarCuenta OPERATIVA → CERRADA: permitida con las cuatro guardas; efectos del §5.8 y 08
verificar · typecheck · unit · build · audit	UNKNOWN STEP	2026-09-24T04:16:22.0336377Z ok 216 - CerrarCuenta OPERATIVA → CERRADA: permitida con las cuatro guardas; efectos del §5.8 y 08
verificar · typecheck · unit · build · audit	UNKNOWN STEP	2026-09-24T04:16:22.0337165Z   ---
verificar · typecheck · unit · build · audit	UNKNOWN STEP	2026-09-24T04:16:22.0337471Z   duration_ms: 0.690845
verificar · typecheck · unit · build · audit	UNKNOWN STEP	2026-09-24T04:16:22.0337823Z   type: 'test'
verificar · typecheck · unit · build · audit	UNKNOWN STEP	2026-09-24T04:16:22.0338353Z   ...
verificar · typecheck · unit · build · audit	UNKNOWN STEP	2026-09-24T04:16:22.0339126Z # Subtest: CerrarCuenta: cada guarda se evalúa como condición explícita
verificar · typecheck · unit · build · audit	UNKNOWN STEP	2026-09-24T04:16:22.0340180Z ok 217 - CerrarCuenta: cada guarda se evalúa como condición explícita
verificar · typecheck · unit · build · audit	UNKNOWN STEP	2026-09-24T04:16:22.0340786Z   ---
verificar · typecheck · unit · build · audit	UNKNOWN STEP	2026-09-24T04:16:22.0341287Z   duration_ms: 0.715761
verificar · typecheck · unit · build · audit	UNKNOWN STEP	2026-09-24T04:16:22.0341644Z   type: 'test'
verificar · typecheck · unit · build · audit	UNKNOWN STEP	2026-09-24T04:16:22.0341950Z   ...
verificar · typecheck · unit · build · audit	UNKNOWN STEP	2026-09-24T04:16:22.0342901Z # Subtest: SUSPENDIDA → CERRADA FALLA aunque todas las guardas del cierre se cumplan (06 §5.7.4)
verificar · typecheck · unit · build · audit	UNKNOWN STEP	2026-09-24T04:16:22.0344327Z ok 218 - SUSPENDIDA → CERRADA FALLA aunque todas las guardas del cierre se cumplan (06 §5.7.4)
verificar · typecheck · unit · build · audit	UNKNOWN STEP	2026-09-24T04:16:22.0345054Z   ---
verificar · typecheck · unit · build · audit	UNKNOWN STEP	2026-09-24T04:16:22.0345348Z   duration_ms: 0.312812
verificar · typecheck · unit · build · audit	UNKNOWN STEP	2026-09-24T04:16:22.0345739Z   type: 'test'
verificar · typecheck · unit · build · audit	UNKNOWN STEP	2026-09-24T04:16:22.0346238Z   ...
verificar · typecheck · unit · build · audit	UNKNOWN STEP	2026-09-24T04:16:22.0346999Z # Subtest: CERRADA no tiene salida: ninguna transición se evalúa como permitida desde CERRADA
verificar · typecheck · unit · build · audit	UNKNOWN STEP	2026-09-24T04:16:22.0347809Z ok 219 - CERRADA no tiene salida: ninguna transición se evalúa como permitida desde CERRADA
verificar · typecheck · unit · build · audit	UNKNOWN STEP	2026-09-24T04:16:22.0348235Z   ---
verificar · typecheck · unit · build · audit	UNKNOWN STEP	2026-09-24T04:16:22.0348423Z   duration_ms: 0.233294
verificar · typecheck · unit · build · audit	UNKNOWN STEP	2026-09-24T04:16:22.0348640Z   type: 'test'
verificar · typecheck · unit · build · audit	UNKNOWN STEP	2026-09-24T04:16:22.0348826Z   ...
verificar · typecheck · unit · build · audit	UNKNOWN STEP	2026-09-24T04:16:22.0349394Z # Subtest: Transiciones con origen equivocado se rechazan (Restablecer desde OPERATIVA, Suspender desde SUSPENDIDA)
verificar · typecheck · unit · build · audit	UNKNOWN STEP	2026-09-24T04:16:22.0350279Z ok 220 - Transiciones con origen equivocado se rechazan (Restablecer desde OPERATIVA, Suspender desde SUSPENDIDA)
verificar · typecheck · unit · build · audit	UNKNOWN STEP	2026-09-24T04:16:22.0350781Z   ---
verificar · typecheck · unit · build · audit	UNKNOWN STEP	2026-09-24T04:16:22.0351236Z   duration_ms: 0.168112
verificar · typecheck · unit · build · audit	UNKNOWN STEP	2026-09-24T04:16:22.0351459Z   type: 'test'
verificar · typecheck · unit · build · audit	UNKNOWN STEP	2026-09-24T04:16:22.0351647Z   ...
verificar · typecheck · unit · build · audit	UNKNOWN STEP	2026-09-24T04:16:22.0351974Z # Subtest: coma decimal y punto de miles, sin ceros de relleno
verificar · typecheck · unit · build · audit	UNKNOWN STEP	2026-09-24T04:16:22.0352460Z ok 221 - coma decimal y punto de miles, sin ceros de relleno
verificar · typecheck · unit · build · audit	UNKNOWN STEP	2026-09-24T04:16:22.0352774Z   ---
verificar · typecheck · unit · build · audit	UNKNOWN STEP	2026-09-24T04:16:22.0352957Z   duration_ms: 1.46804
verificar · typecheck · unit · build · audit	UNKNOWN STEP	2026-09-24T04:16:22.0353163Z   type: 'test'
verificar · typecheck · unit · build · audit	UNKNOWN STEP	2026-09-24T04:16:22.0353347Z   ...
verificar · typecheck · unit · build · audit	UNKNOWN STEP	2026-09-24T04:16:22.0353939Z # Subtest: REG-06-158 · mostrar no redondea en silencio: sin máximo, se ven todos los decimales del dato
verificar · typecheck · unit · build · audit	UNKNOWN STEP	2026-09-24T04:16:22.0354771Z ok 222 - REG-06-158 · mostrar no redondea en silencio: sin máximo, se ven todos los decimales del dato
verificar · typecheck · unit · build · audit	UNKNOWN STEP	2026-09-24T04:16:22.0355212Z   ---
verificar · typecheck · unit · build · audit	UNKNOWN STEP	2026-09-24T04:16:22.0355394Z   duration_ms: 0.377602
verificar · typecheck · unit · build · audit	UNKNOWN STEP	2026-09-24T04:16:22.0355605Z   type: 'test'
verificar · typecheck · unit · build · audit	UNKNOWN STEP	2026-09-24T04:16:22.0355785Z   ...
verificar · typecheck · unit · build · audit	UNKNOWN STEP	2026-09-24T04:16:22.0356385Z # Subtest: con un máximo explícito, a lo sumo esos decimales: para conteos y lecturas deliberadamente resumidas
verificar · typecheck · unit · build · audit	UNKNOWN STEP	2026-09-24T04:16:22.0357263Z ok 223 - con un máximo explícito, a lo sumo esos decimales: para conteos y lecturas deliberadamente resumidas
verificar · typecheck · unit · build · audit	UNKNOWN STEP	2026-09-24T04:16:22.0357722Z   ---
verificar · typecheck · unit · build · audit	UNKNOWN STEP	2026-09-24T04:16:22.0357900Z   duration_ms: 0.37116
verificar · typecheck · unit · build · audit	UNKNOWN STEP	2026-09-24T04:16:22.0358118Z   type: 'test'
verificar · typecheck · unit · build · audit	UNKNOWN STEP	2026-09-24T04:16:22.0358295Z   ...
verificar · typecheck · unit · build · audit	UNKNOWN STEP	2026-09-24T04:16:22.0358872Z # Subtest: REG-06-158 · un cálculo se muestra con la precisión que declara el método, aunque termine en cero
verificar · typecheck · unit · build · audit	UNKNOWN STEP	2026-09-24T04:16:22.0359724Z ok 224 - REG-06-158 · un cálculo se muestra con la precisión que declara el método, aunque termine en cero
verificar · typecheck · unit · build · audit	UNKNOWN STEP	2026-09-24T04:16:22.0360169Z   ---
verificar · typecheck · unit · build · audit	UNKNOWN STEP	2026-09-24T04:16:22.0360349Z   duration_ms: 0.286132
verificar · typecheck · unit · build · audit	UNKNOWN STEP	2026-09-24T04:16:22.0360556Z   type: 'test'
verificar · typecheck · unit · build · audit	UNKNOWN STEP	2026-09-24T04:16:22.0360740Z   ...
verificar · typecheck · unit · build · audit	UNKNOWN STEP	2026-09-24T04:16:22.0361348Z # Subtest: la unidad va como la escribió el contrato
verificar · typecheck · unit · build · audit	UNKNOWN STEP	2026-09-24T04:16:22.0361799Z ok 225 - la unidad va como la escribió el contrato
verificar · typecheck · unit · build · audit	UNKNOWN STEP	2026-09-24T04:16:22.0362093Z   ---
verificar · typecheck · unit · build · audit	UNKNOWN STEP	2026-09-24T04:16:22.0362272Z   duration_ms: 0.30684
verificar · typecheck · unit · build · audit	UNKNOWN STEP	2026-09-24T04:16:22.0362486Z   type: 'test'
verificar · typecheck · unit · build · audit	UNKNOWN STEP	2026-09-24T04:16:22.0362667Z   ...
verificar · typecheck · unit · build · audit	UNKNOWN STEP	2026-09-24T04:16:22.0363216Z # Subtest: lo que escribe la persona: coma o punto valen igual; lo que no es número es null, nunca NaN
verificar · typecheck · unit · build · audit	UNKNOWN STEP	2026-09-24T04:16:22.0364010Z ok 226 - lo que escribe la persona: coma o punto valen igual; lo que no es número es null, nunca NaN
verificar · typecheck · unit · build · audit	UNKNOWN STEP	2026-09-24T04:16:22.0364455Z   ---
verificar · typecheck · unit · build · audit	UNKNOWN STEP	2026-09-24T04:16:22.0364636Z   duration_ms: 0.588644
verificar · typecheck · unit · build · audit	UNKNOWN STEP	2026-09-24T04:16:22.0364848Z   type: 'test'
verificar · typecheck · unit · build · audit	UNKNOWN STEP	2026-09-24T04:16:22.0365027Z   ...
verificar · typecheck · unit · build · audit	UNKNOWN STEP	2026-09-24T04:16:22.0365760Z # Subtest: lo ambiguo no es un número: «1.850» se lee 1.850 en pantalla y sería 1,85 si el punto fuera decimal
verificar · typecheck · unit · build · audit	UNKNOWN STEP	2026-09-24T04:16:22.0366608Z ok 227 - lo ambiguo no es un número: «1.850» se lee 1.850 en pantalla y sería 1,85 si el punto fuera decimal
verificar · typecheck · unit · build · audit	UNKNOWN STEP	2026-09-24T04:16:22.0367036Z   ---
verificar · typecheck · unit · build · audit	UNKNOWN STEP	2026-09-24T04:16:22.0367216Z   duration_ms: 1.425811
verificar · typecheck · unit · build · audit	UNKNOWN STEP	2026-09-24T04:16:22.0367424Z   type: 'test'
verificar · typecheck · unit · build · audit	UNKNOWN STEP	2026-09-24T04:16:22.0367601Z   ...
verificar · typecheck · unit · build · audit	UNKNOWN STEP	2026-09-24T04:16:22.0367956Z # Subtest: REG-06-15 · una cadena vacía no tiene terminal
verificar · typecheck · unit · build · audit	UNKNOWN STEP	2026-09-24T04:16:22.0368442Z ok 228 - REG-06-15 · una cadena vacía no tiene terminal
verificar · typecheck · unit · build · audit	UNKNOWN STEP	2026-09-24T04:16:22.0368741Z   ---
verificar · typecheck · unit · build · audit	UNKNOWN STEP	2026-09-24T04:16:22.0368924Z   duration_ms: 4.08158
verificar · typecheck · unit · build · audit	UNKNOWN STEP	2026-09-24T04:16:22.0369138Z   type: 'test'
verificar · typecheck · unit · build · audit	UNKNOWN STEP	2026-09-24T04:16:22.0369472Z   ...
verificar · typecheck · unit · build · audit	UNKNOWN STEP	2026-09-24T04:16:22.0370072Z # Subtest: REG-06-15 · la cadena se recorre del primer eslabón a la terminal, sin importar el orden del arreglo
verificar · typecheck · unit · build · audit	UNKNOWN STEP	2026-09-24T04:16:22.0371210Z ok 229 - REG-06-15 · la cadena se recorre del primer eslabón a la terminal, sin importar el orden del arreglo
verificar · typecheck · unit · build · audit	UNKNOWN STEP	2026-09-24T04:16:22.0371695Z   ---
verificar · typecheck · unit · build · audit	UNKNOWN STEP	2026-09-24T04:16:22.0371881Z   duration_ms: 0.340763
verificar · typecheck · unit · build · audit	UNKNOWN STEP	2026-09-24T04:16:22.0372092Z   type: 'test'
verificar · typecheck · unit · build · audit	UNKNOWN STEP	2026-09-24T04:16:22.0372275Z   ...
verificar · typecheck · unit · build · audit	UNKNOWN STEP	2026-09-24T04:16:22.0372746Z # Subtest: REG-06-16 inc. 3 · dos eslabones con el mismo previo son una ramificación
verificar · typecheck · unit · build · audit	UNKNOWN STEP	2026-09-24T04:16:22.0373501Z ok 230 - REG-06-16 inc. 3 · dos eslabones con el mismo previo son una ramificación
verificar · typecheck · unit · build · audit	UNKNOWN STEP	2026-09-24T04:16:22.0374098Z   ---
verificar · typecheck · unit · build · audit	UNKNOWN STEP	2026-09-24T04:16:22.0374440Z   duration_ms: 0.228124
verificar · typecheck · unit · build · audit	UNKNOWN STEP	2026-09-24T04:16:22.0374734Z   type: 'test'
verificar · typecheck · unit · build · audit	UNKNOWN STEP	2026-09-24T04:16:22.0375083Z   ...
verificar · typecheck · unit · build · audit	UNKNOWN STEP	2026-09-24T04:16:22.0388155Z # Subtest: REG-06-16 inc. 3 · dos primeros eslabones son una ramificación
verificar · typecheck · unit · build · audit	UNKNOWN STEP	2026-09-24T04:16:22.0389043Z ok 231 - REG-06-16 inc. 3 · dos primeros eslabones son una ramificación
verificar · typecheck · unit · build · audit	UNKNOWN STEP	2026-09-24T04:16:22.0389435Z   ---
verificar · typecheck · unit · build · audit	UNKNOWN STEP	2026-09-24T04:16:22.0389646Z   duration_ms: 0.206454
verificar · typecheck · unit · build · audit	UNKNOWN STEP	2026-09-24T04:16:22.0389878Z   type: 'test'
verificar · typecheck · unit · build · audit	UNKNOWN STEP	2026-09-24T04:16:22.0390072Z   ...
verificar · typecheck · unit · build · audit	UNKNOWN STEP	2026-09-24T04:16:22.0390496Z # Subtest: REG-06-15 · sin ciclos: un ciclo cerrado es no resoluble
verificar · typecheck · unit · build · audit	UNKNOWN STEP	2026-09-24T04:16:22.0391366Z ok 232 - REG-06-15 · sin ciclos: un ciclo cerrado es no resoluble
verificar · typecheck · unit · build · audit	UNKNOWN STEP	2026-09-24T04:16:22.0391703Z   ---
verificar · typecheck · unit · build · audit	UNKNOWN STEP	2026-09-24T04:16:22.0391924Z   duration_ms: 0.464373
verificar · typecheck · unit · build · audit	UNKNOWN STEP	2026-09-24T04:16:22.0392146Z   type: 'test'
verificar · typecheck · unit · build · audit	UNKNOWN STEP	2026-09-24T04:16:22.0392333Z   ...
verificar · typecheck · unit · build · audit	UNKNOWN STEP	2026-09-24T04:16:22.0392835Z # Subtest: REG-06-15 · un ciclo aparte, no alcanzable desde el primero, es no resoluble
verificar · typecheck · unit · build · audit	UNKNOWN STEP	2026-09-24T04:16:22.0393524Z ok 233 - REG-06-15 · un ciclo aparte, no alcanzable desde el primero, es no resoluble
verificar · typecheck · unit · build · audit	UNKNOWN STEP	2026-09-24T04:16:22.0393910Z   ---
verificar · typecheck · unit · build · audit	UNKNOWN STEP	2026-09-24T04:16:22.0394289Z   duration_ms: 0.322841
verificar · typecheck · unit · build · audit	UNKNOWN STEP	2026-09-24T04:16:22.0394579Z   type: 'test'
verificar · typecheck · unit · build · audit	UNKNOWN STEP	2026-09-24T04:16:22.0394768Z   ...
verificar · typecheck · unit · build · audit	UNKNOWN STEP	2026-09-24T04:16:22.0395298Z # Subtest: REG-06-16 inc. 3 · un previo que no existe es una relación incompleta
verificar · typecheck · unit · build · audit	UNKNOWN STEP	2026-09-24T04:16:22.0395967Z ok 234 - REG-06-16 inc. 3 · un previo que no existe es una relación incompleta
verificar · typecheck · unit · build · audit	UNKNOWN STEP	2026-09-24T04:16:22.0396334Z   ---
verificar · typecheck · unit · build · audit	UNKNOWN STEP	2026-09-24T04:16:22.0396523Z   duration_ms: 0.334442
verificar · typecheck · unit · build · audit	UNKNOWN STEP	2026-09-24T04:16:22.0396758Z   type: 'test'
verificar · typecheck · unit · build · audit	UNKNOWN STEP	2026-09-24T04:16:22.0396940Z   ...
verificar · typecheck · unit · build · audit	UNKNOWN STEP	2026-09-24T04:16:22.0397282Z # Subtest: un id repetido es una relación incompleta
verificar · typecheck · unit · build · audit	UNKNOWN STEP	2026-09-24T04:16:22.0397739Z ok 235 - un id repetido es una relación incompleta
verificar · typecheck · unit · build · audit	UNKNOWN STEP	2026-09-24T04:16:22.0398023Z   ---
verificar · typecheck · unit · build · audit	UNKNOWN STEP	2026-09-24T04:16:22.0398209Z   duration_ms: 0.30655
verificar · typecheck · unit · build · audit	UNKNOWN STEP	2026-09-24T04:16:22.0398438Z   type: 'test'
verificar · typecheck · unit · build · audit	UNKNOWN STEP	2026-09-24T04:16:22.0398622Z   ...
verificar · typecheck · unit · build · audit	UNKNOWN STEP	2026-09-24T04:16:22.0398999Z # Subtest: REG-06-16 inc. 1 · sin corrección, rige el original
verificar · typecheck · unit · build · audit	UNKNOWN STEP	2026-09-24T04:16:22.0399500Z ok 236 - REG-06-16 inc. 1 · sin corrección, rige el original
verificar · typecheck · unit · build · audit	UNKNOWN STEP	2026-09-24T04:16:22.0399803Z   ---
verificar · typecheck · unit · build · audit	UNKNOWN STEP	2026-09-24T04:16:22.0399984Z   duration_ms: 0.631875
verificar · typecheck · unit · build · audit	UNKNOWN STEP	2026-09-24T04:16:22.0400197Z   type: 'test'
verificar · typecheck · unit · build · audit	UNKNOWN STEP	2026-09-24T04:16:22.0400380Z   ...
verificar · typecheck · unit · build · audit	UNKNOWN STEP	2026-09-24T04:16:22.0401230Z # Subtest: REG-06-16 inc. 2 · con cadena válida rige la terminal, y la cadena conserva todo (TEST-DOM-002)
verificar · typecheck · unit · build · audit	UNKNOWN STEP	2026-09-24T04:16:22.0402113Z ok 237 - REG-06-16 inc. 2 · con cadena válida rige la terminal, y la cadena conserva todo (TEST-DOM-002)
verificar · typecheck · unit · build · audit	UNKNOWN STEP	2026-09-24T04:16:22.0402777Z   ---
verificar · typecheck · unit · build · audit	UNKNOWN STEP	2026-09-24T04:16:22.0402986Z   duration_ms: 0.831135
verificar · typecheck · unit · build · audit	UNKNOWN STEP	2026-09-24T04:16:22.0403210Z   type: 'test'
verificar · typecheck · unit · build · audit	UNKNOWN STEP	2026-09-24T04:16:22.0403508Z   ...
verificar · typecheck · unit · build · audit	UNKNOWN STEP	2026-09-24T04:16:22.0404602Z # Subtest: REG-06-16 · la vista no depende del orden de registro: una corrección «más nueva» por posición no gana
verificar · typecheck · unit · build · audit	UNKNOWN STEP	2026-09-24T04:16:22.0405935Z ok 238 - REG-06-16 · la vista no depende del orden de registro: una corrección «más nueva» por posición no gana
verificar · typecheck · unit · build · audit	UNKNOWN STEP	2026-09-24T04:16:22.0406417Z   ---
verificar · typecheck · unit · build · audit	UNKNOWN STEP	2026-09-24T04:16:22.0406618Z   duration_ms: 0.414961
verificar · typecheck · unit · build · audit	UNKNOWN STEP	2026-09-24T04:16:22.0406845Z   type: 'test'
verificar · typecheck · unit · build · audit	UNKNOWN STEP	2026-09-24T04:16:22.0407034Z   ...
verificar · typecheck · unit · build · audit	UNKNOWN STEP	2026-09-24T04:16:22.0407483Z # Subtest: REG-06-15 · todas las correcciones apuntan al mismo original raíz
verificar · typecheck · unit · build · audit	UNKNOWN STEP	2026-09-24T04:16:22.0408107Z ok 239 - REG-06-15 · todas las correcciones apuntan al mismo original raíz
verificar · typecheck · unit · build · audit	UNKNOWN STEP	2026-09-24T04:16:22.0408658Z   ---
verificar · typecheck · unit · build · audit	UNKNOWN STEP	2026-09-24T04:16:22.0408848Z   duration_ms: 0.238794
verificar · typecheck · unit · build · audit	UNKNOWN STEP	2026-09-24T04:16:22.0409068Z   type: 'test'
verificar · typecheck · unit · build · audit	UNKNOWN STEP	2026-09-24T04:16:22.0409251Z   ...
verificar · typecheck · unit · build · audit	UNKNOWN STEP	2026-09-24T04:16:22.0409820Z # Subtest: REG-06-16 inc. 3 · con ramas, nadie elige por fecha: la vista es no resoluble
verificar · typecheck · unit · build · audit	UNKNOWN STEP	2026-09-24T04:16:22.0410504Z ok 240 - REG-06-16 inc. 3 · con ramas, nadie elige por fecha: la vista es no resoluble
verificar · typecheck · unit · build · audit	UNKNOWN STEP	2026-09-24T04:16:22.0411134Z   ---
verificar · typecheck · unit · build · audit	UNKNOWN STEP	2026-09-24T04:16:22.0411367Z   duration_ms: 0.195213
verificar · typecheck · unit · build · audit	UNKNOWN STEP	2026-09-24T04:16:22.0411594Z   type: 'test'
verificar · typecheck · unit · build · audit	UNKNOWN STEP	2026-09-24T04:16:22.0411778Z   ...
verificar · typecheck · unit · build · audit	UNKNOWN STEP	2026-09-24T04:16:22.0412275Z # Subtest: REG-06-14/15 · la primera corrección apunta al original y no tiene previa
verificar · typecheck · unit · build · audit	UNKNOWN STEP	2026-09-24T04:16:22.0412963Z ok 241 - REG-06-14/15 · la primera corrección apunta al original y no tiene previa
verificar · typecheck · unit · build · audit	UNKNOWN STEP	2026-09-24T04:16:22.0413334Z   ---
verificar · typecheck · unit · build · audit	UNKNOWN STEP	2026-09-24T04:16:22.0413521Z   duration_ms: 0.232783
verificar · typecheck · unit · build · audit	UNKNOWN STEP	2026-09-24T04:16:22.0413739Z   type: 'test'
verificar · typecheck · unit · build · audit	UNKNOWN STEP	2026-09-24T04:16:22.0413916Z   ...
verificar · typecheck · unit · build · audit	UNKNOWN STEP	2026-09-24T04:16:22.0414571Z # Subtest: REG-06-15 · cada corrección sucesiva apunta a la inmediata anterior; si otra entró en el medio, se rechaza
verificar · typecheck · unit · build · audit	UNKNOWN STEP	2026-09-24T04:16:22.0415553Z ok 242 - REG-06-15 · cada corrección sucesiva apunta a la inmediata anterior; si otra entró en el medio, se rechaza
verificar · typecheck · unit · build · audit	UNKNOWN STEP	2026-09-24T04:16:22.0416051Z   ---
verificar · typecheck · unit · build · audit	UNKNOWN STEP	2026-09-24T04:16:22.0416251Z   duration_ms: 0.210051
verificar · typecheck · unit · build · audit	UNKNOWN STEP	2026-09-24T04:16:22.0416466Z   type: 'test'
verificar · typecheck · unit · build · audit	UNKNOWN STEP	2026-09-24T04:16:22.0416653Z   ...
verificar · typecheck · unit · build · audit	UNKNOWN STEP	2026-09-24T04:16:22.0417116Z # Subtest: REG-06-14 · no se corrige otro original ni sobre una historia no resoluble
verificar · typecheck · unit · build · audit	UNKNOWN STEP	2026-09-24T04:16:22.0417774Z ok 243 - REG-06-14 · no se corrige otro original ni sobre una historia no resoluble
verificar · typecheck · unit · build · audit	UNKNOWN STEP	2026-09-24T04:16:22.0418145Z   ---
verificar · typecheck · unit · build · audit	UNKNOWN STEP	2026-09-24T04:16:22.0418336Z   duration_ms: 0.196846
verificar · typecheck · unit · build · audit	UNKNOWN STEP	2026-09-24T04:16:22.0418546Z   type: 'test'
verificar · typecheck · unit · build · audit	UNKNOWN STEP	2026-09-24T04:16:22.0418732Z   ...
verificar · typecheck · unit · build · audit	UNKNOWN STEP	2026-09-24T04:16:22.0419341Z # Subtest: REG-06-12 · la primera versión no tiene predecesora; si ya hay versiones, la nueva tiene que declararla
verificar · typecheck · unit · build · audit	UNKNOWN STEP	2026-09-24T04:16:22.0420245Z ok 244 - REG-06-12 · la primera versión no tiene predecesora; si ya hay versiones, la nueva tiene que declararla
verificar · typecheck · unit · build · audit	UNKNOWN STEP	2026-09-24T04:16:22.0420728Z   ---
verificar · typecheck · unit · build · audit	UNKNOWN STEP	2026-09-24T04:16:22.0421131Z   duration_ms: 0.297914
verificar · typecheck · unit · build · audit	UNKNOWN STEP	2026-09-24T04:16:22.0421368Z   type: 'test'
verificar · typecheck · unit · build · audit	UNKNOWN STEP	2026-09-24T04:16:22.0421568Z   ...
verificar · typecheck · unit · build · audit	UNKNOWN STEP	2026-09-24T04:16:22.0422055Z # Subtest: TEST-DOM-009 · la nueva versión sucede a la anterior sin modificarla
verificar · typecheck · unit · build · audit	UNKNOWN STEP	2026-09-24T04:16:22.0422715Z ok 245 - TEST-DOM-009 · la nueva versión sucede a la anterior sin modificarla
verificar · typecheck · unit · build · audit	UNKNOWN STEP	2026-09-24T04:16:22.0423097Z   ---
verificar · typecheck · unit · build · audit	UNKNOWN STEP	2026-09-24T04:16:22.0423293Z   duration_ms: 0.269731
verificar · typecheck · unit · build · audit	UNKNOWN STEP	2026-09-24T04:16:22.0423510Z   type: 'test'
verificar · typecheck · unit · build · audit	UNKNOWN STEP	2026-09-24T04:16:22.0423698Z   ...
verificar · typecheck · unit · build · audit	UNKNOWN STEP	2026-09-24T04:16:22.0424232Z # Subtest: REG-06-12 · misma entidad: una predecesora de otro objeto, o inexistente, no se admite
verificar · typecheck · unit · build · audit	UNKNOWN STEP	2026-09-24T04:16:22.0425006Z ok 246 - REG-06-12 · misma entidad: una predecesora de otro objeto, o inexistente, no se admite
verificar · typecheck · unit · build · audit	UNKNOWN STEP	2026-09-24T04:16:22.0425426Z   ---
verificar · typecheck · unit · build · audit	UNKNOWN STEP	2026-09-24T04:16:22.0425612Z   duration_ms: 0.223866
verificar · typecheck · unit · build · audit	UNKNOWN STEP	2026-09-24T04:16:22.0425834Z   type: 'test'
verificar · typecheck · unit · build · audit	UNKNOWN STEP	2026-09-24T04:16:22.0426015Z   ...
verificar · typecheck · unit · build · audit	UNKNOWN STEP	2026-09-24T04:16:22.0426538Z # Subtest: REG-06-12 · sin regla de ramas, una segunda sucesora de la misma versión es bifurcación
verificar · typecheck · unit · build · audit	UNKNOWN STEP	2026-09-24T04:16:22.0427449Z ok 247 - REG-06-12 · sin regla de ramas, una segunda sucesora de la misma versión es bifurcación
verificar · typecheck · unit · build · audit	UNKNOWN STEP	2026-09-24T04:16:22.0427873Z   ---
verificar · typecheck · unit · build · audit	UNKNOWN STEP	2026-09-24T04:16:22.0428066Z   duration_ms: 0.193359
verificar · typecheck · unit · build · audit	UNKNOWN STEP	2026-09-24T04:16:22.0428278Z   type: 'test'
verificar · typecheck · unit · build · audit	UNKNOWN STEP	2026-09-24T04:16:22.0428460Z   ...
verificar · typecheck · unit · build · audit	UNKNOWN STEP	2026-09-24T04:16:22.0428976Z # Subtest: INV-06-107 · la versión terminal sale de la sucesión, no del orden ni de la fecha
verificar · typecheck · unit · build · audit	UNKNOWN STEP	2026-09-24T04:16:22.0429705Z ok 248 - INV-06-107 · la versión terminal sale de la sucesión, no del orden ni de la fecha
verificar · typecheck · unit · build · audit	UNKNOWN STEP	2026-09-24T04:16:22.0430108Z   ---
verificar · typecheck · unit · build · audit	UNKNOWN STEP	2026-09-24T04:16:22.0430297Z   duration_ms: 1.755865
verificar · typecheck · unit · build · audit	UNKNOWN STEP	2026-09-24T04:16:22.0430505Z   type: 'test'
verificar · typecheck · unit · build · audit	UNKNOWN STEP	2026-09-24T04:16:22.0430686Z   ...
verificar · typecheck · unit · build · audit	UNKNOWN STEP	2026-09-24T04:16:22.0431521Z # Subtest: INV-06-13 · la serialización canónica no depende del orden de las claves
verificar · typecheck · unit · build · audit	UNKNOWN STEP	2026-09-24T04:16:22.0432212Z ok 249 - INV-06-13 · la serialización canónica no depende del orden de las claves
verificar · typecheck · unit · build · audit	UNKNOWN STEP	2026-09-24T04:16:22.0432793Z   ---
verificar · typecheck · unit · build · audit	UNKNOWN STEP	2026-09-24T04:16:22.0432993Z   duration_ms: 0.432545
verificar · typecheck · unit · build · audit	UNKNOWN STEP	2026-09-24T04:16:22.0433207Z   type: 'test'
verificar · typecheck · unit · build · audit	UNKNOWN STEP	2026-09-24T04:16:22.0433394Z   ...
verificar · typecheck · unit · build · audit	UNKNOWN STEP	2026-09-24T04:16:22.0433949Z # Subtest: INV-06-13 · el orden de los arreglos sí es contenido: cambiarlo cambia la serialización
verificar · typecheck · unit · build · audit	UNKNOWN STEP	2026-09-24T04:16:22.0434746Z ok 250 - INV-06-13 · el orden de los arreglos sí es contenido: cambiarlo cambia la serialización
verificar · typecheck · unit · build · audit	UNKNOWN STEP	2026-09-24T04:16:22.0435170Z   ---
verificar · typecheck · unit · build · audit	UNKNOWN STEP	2026-09-24T04:16:22.0435362Z   duration_ms: 0.216623
verificar · typecheck · unit · build · audit	UNKNOWN STEP	2026-09-24T04:16:22.0435574Z   type: 'test'
verificar · typecheck · unit · build · audit	UNKNOWN STEP	2026-09-24T04:16:22.0435760Z   ...
verificar · typecheck · unit · build · audit	UNKNOWN STEP	2026-09-24T04:16:22.0436296Z # Subtest: la serialización canónica rechaza lo que no es JSON reproducible, en vez de perderlo
verificar · typecheck · unit · build · audit	UNKNOWN STEP	2026-09-24T04:16:22.0437060Z ok 251 - la serialización canónica rechaza lo que no es JSON reproducible, en vez de perderlo
verificar · typecheck · unit · build · audit	UNKNOWN STEP	2026-09-24T04:16:22.0437482Z   ---
verificar · typecheck · unit · build · audit	UNKNOWN STEP	2026-09-24T04:16:22.0437672Z   duration_ms: 0.72582
verificar · typecheck · unit · build · audit	UNKNOWN STEP	2026-09-24T04:16:22.0437895Z   type: 'test'
verificar · typecheck · unit · build · audit	UNKNOWN STEP	2026-09-24T04:16:22.0438076Z   ...
verificar · typecheck · unit · build · audit	UNKNOWN STEP	2026-09-24T04:16:22.0438248Z 1..251
verificar · typecheck · unit · build · audit	UNKNOWN STEP	2026-09-24T04:16:22.0438428Z # tests 251
verificar · typecheck · unit · build · audit	UNKNOWN STEP	2026-09-24T04:16:22.0438608Z # suites 0
verificar · typecheck · unit · build · audit	UNKNOWN STEP	2026-09-24T04:16:22.0438786Z # pass 251
verificar · typecheck · unit · build · audit	UNKNOWN STEP	2026-09-24T04:16:22.0438972Z # fail 0
verificar · typecheck · unit · build · audit	UNKNOWN STEP	2026-09-24T04:16:22.0439168Z # cancelled 0
verificar · typecheck · unit · build · audit	UNKNOWN STEP	2026-09-24T04:16:22.0439360Z # skipped 0
verificar · typecheck · unit · build · audit	UNKNOWN STEP	2026-09-24T04:16:22.0439539Z # todo 0
verificar · typecheck · unit · build · audit	UNKNOWN STEP	2026-09-24T04:16:22.0439744Z # duration_ms 1047.231325
verificar · typecheck · unit · build · audit	UNKNOWN STEP	2026-09-24T04:16:22.0747896Z TAP version 13
verificar · typecheck · unit · build · audit	UNKNOWN STEP	2026-09-24T04:16:22.6740457Z # Subtest: T13 · el copy de las pantallas de nutrición no tiene puntajes, juicios ni huecos completados
verificar · typecheck · unit · build · audit	UNKNOWN STEP	2026-09-24T04:16:22.6748466Z ok 1 - T13 · el copy de las pantallas de nutrición no tiene puntajes, juicios ni huecos completados
verificar · typecheck · unit · build · audit	UNKNOWN STEP	2026-09-24T04:16:22.6749464Z   ---
verificar · typecheck · unit · build · audit	UNKNOWN STEP	2026-09-24T04:16:22.6749910Z   duration_ms: 142.853875
verificar · typecheck · unit · build · audit	UNKNOWN STEP	2026-09-24T04:16:22.6750281Z   type: 'test'
verificar · typecheck · unit · build · audit	UNKNOWN STEP	2026-09-24T04:16:22.6750604Z   ...
verificar · typecheck · unit · build · audit	UNKNOWN STEP	2026-09-24T04:16:22.6756378Z # Subtest: T13 · el copy de las pantallas de antropometría no tiene puntajes, juicios ni huecos completados
verificar · typecheck · unit · build · audit	UNKNOWN STEP	2026-09-24T04:16:22.6758480Z ok 2 - T13 · el copy de las pantallas de antropometría no tiene puntajes, juicios ni huecos completados
verificar · typecheck · unit · build · audit	UNKNOWN STEP	2026-09-24T04:16:22.6759282Z   ---
verificar · typecheck · unit · build · audit	UNKNOWN STEP	2026-09-24T04:16:22.6759557Z   duration_ms: 25.818224
verificar · typecheck · unit · build · audit	UNKNOWN STEP	2026-09-24T04:16:22.6759813Z   type: 'test'
verificar · typecheck · unit · build · audit	UNKNOWN STEP	2026-09-24T04:16:22.6760002Z   ...
verificar · typecheck · unit · build · audit	UNKNOWN STEP	2026-09-24T04:16:22.6762597Z # Subtest: T13 · el copy de las pantallas de entrenamiento no tiene puntajes, juicios ni huecos completados
verificar · typecheck · unit · build · audit	UNKNOWN STEP	2026-09-24T04:16:22.6772417Z ok 3 - T13 · el copy de las pantallas de entrenamiento no tiene puntajes, juicios ni huecos completados
verificar · typecheck · unit · build · audit	UNKNOWN STEP	2026-09-24T04:16:22.6801925Z   ---
verificar · typecheck · unit · build · audit	UNKNOWN STEP	2026-09-24T04:16:22.6802535Z   duration_ms: 68.352165
verificar · typecheck · unit · build · audit	UNKNOWN STEP	2026-09-24T04:16:22.6803149Z   type: 'test'
verificar · typecheck · unit · build · audit	UNKNOWN STEP	2026-09-24T04:16:22.6803624Z   ...
verificar · typecheck · unit · build · audit	UNKNOWN STEP	2026-09-24T04:16:22.6804737Z # Subtest: T13 · el extractor encuentra un término prohibido en el copy e ignora los estilos
verificar · typecheck · unit · build · audit	UNKNOWN STEP	2026-09-24T04:16:22.6806183Z ok 4 - T13 · el extractor encuentra un término prohibido en el copy e ignora los estilos
verificar · typecheck · unit · build · audit	UNKNOWN STEP	2026-09-24T04:16:22.6807049Z   ---
verificar · typecheck · unit · build · audit	UNKNOWN STEP	2026-09-24T04:16:22.6807508Z   duration_ms: 0.502114
verificar · typecheck · unit · build · audit	UNKNOWN STEP	2026-09-24T04:16:22.6808014Z   type: 'test'
verificar · typecheck · unit · build · audit	UNKNOWN STEP	2026-09-24T04:16:22.6808480Z   ...
verificar · typecheck · unit · build · audit	UNKNOWN STEP	2026-09-24T04:16:22.6809961Z # Subtest: T13 · en antropometría, un juicio afirmativo se detecta y su negación explícita no
verificar · typecheck · unit · build · audit	UNKNOWN STEP	2026-09-24T04:16:22.6811735Z ok 5 - T13 · en antropometría, un juicio afirmativo se detecta y su negación explícita no
verificar · typecheck · unit · build · audit	UNKNOWN STEP	2026-09-24T04:16:22.6812623Z   ---
verificar · typecheck · unit · build · audit	UNKNOWN STEP	2026-09-24T04:16:22.6813089Z   duration_ms: 0.265083
verificar · typecheck · unit · build · audit	UNKNOWN STEP	2026-09-24T04:16:22.6813596Z   type: 'test'
verificar · typecheck · unit · build · audit	UNKNOWN STEP	2026-09-24T04:16:22.6814039Z   ...
verificar · typecheck · unit · build · audit	UNKNOWN STEP	2026-09-24T04:16:22.6814968Z # Subtest: T13 · el titular de la medición muestra el valor vigente, no el original
verificar · typecheck · unit · build · audit	UNKNOWN STEP	2026-09-24T04:16:22.6816240Z ok 6 - T13 · el titular de la medición muestra el valor vigente, no el original
verificar · typecheck · unit · build · audit	UNKNOWN STEP	2026-09-24T04:16:22.6817010Z   ---
verificar · typecheck · unit · build · audit	UNKNOWN STEP	2026-09-24T04:16:22.6817472Z   duration_ms: 5.11933
verificar · typecheck · unit · build · audit	UNKNOWN STEP	2026-09-24T04:16:22.6817970Z   type: 'test'
verificar · typecheck · unit · build · audit	UNKNOWN STEP	2026-09-24T04:16:22.6818423Z   ...
verificar · typecheck · unit · build · audit	UNKNOWN STEP	2026-09-24T04:16:22.6819590Z # Subtest: WP-06 §9.2 · ninguna pantalla de entrenamiento deriva «No realizada» de la ausencia de registro
verificar · typecheck · unit · build · audit	UNKNOWN STEP	2026-09-24T04:16:22.6821726Z ok 7 - WP-06 §9.2 · ninguna pantalla de entrenamiento deriva «No realizada» de la ausencia de registro
verificar · typecheck · unit · build · audit	UNKNOWN STEP	2026-09-24T04:16:22.6822669Z   ---
verificar · typecheck · unit · build · audit	UNKNOWN STEP	2026-09-24T04:16:22.6823153Z   duration_ms: 51.235913
verificar · typecheck · unit · build · audit	UNKNOWN STEP	2026-09-24T04:16:22.6823661Z   type: 'test'
verificar · typecheck · unit · build · audit	UNKNOWN STEP	2026-09-24T04:16:22.6824093Z   ...
verificar · typecheck · unit · build · audit	UNKNOWN STEP	2026-09-24T04:16:22.6825183Z # Subtest: WP-06 §9.2 · la guardia detecta una pantalla que escribe «No realizada» o lee la condición suelta
verificar · typecheck · unit · build · audit	UNKNOWN STEP	2026-09-24T04:16:22.6826743Z ok 8 - WP-06 §9.2 · la guardia detecta una pantalla que escribe «No realizada» o lee la condición suelta
verificar · typecheck · unit · build · audit	UNKNOWN STEP	2026-09-24T04:16:22.6827649Z   ---
verificar · typecheck · unit · build · audit	UNKNOWN STEP	2026-09-24T04:16:22.6828101Z   duration_ms: 0.369477
verificar · typecheck · unit · build · audit	UNKNOWN STEP	2026-09-24T04:16:22.6828604Z   type: 'test'
verificar · typecheck · unit · build · audit	UNKNOWN STEP	2026-09-24T04:16:22.6829061Z   ...
verificar · typecheck · unit · build · audit	UNKNOWN STEP	2026-09-24T04:16:22.7097098Z 1..8
verificar · typecheck · unit · build · audit	UNKNOWN STEP	2026-09-24T04:16:22.7097456Z # tests 8
verificar · typecheck · unit · build · audit	UNKNOWN STEP	2026-09-24T04:16:22.7097766Z # suites 0
verificar · typecheck · unit · build · audit	UNKNOWN STEP	2026-09-24T04:16:22.7098072Z # pass 8
verificar · typecheck · unit · build · audit	UNKNOWN STEP	2026-09-24T04:16:22.7098364Z # fail 0
verificar · typecheck · unit · build · audit	UNKNOWN STEP	2026-09-24T04:16:22.7098744Z # cancelled 0
verificar · typecheck · unit · build · audit	UNKNOWN STEP	2026-09-24T04:16:22.7099234Z # skipped 0
verificar · typecheck · unit · build · audit	UNKNOWN STEP	2026-09-24T04:16:22.7099767Z # todo 0
verificar · typecheck · unit · build · audit	UNKNOWN STEP	2026-09-24T04:16:22.7100342Z # duration_ms 647.111188
verificar · typecheck · unit · build · audit	UNKNOWN STEP	2026-09-24T04:16:22.8292815Z 
verificar · typecheck · unit · build · audit	UNKNOWN STEP	2026-09-24T04:16:22.8293830Z > @be/api@0.8.0 test
verificar · typecheck · unit · build · audit	UNKNOWN STEP	2026-09-24T04:16:22.8294468Z > jest --config jest.config.js
verificar · typecheck · unit · build · audit	UNKNOWN STEP	2026-09-24T04:16:22.8294791Z 
verificar · typecheck · unit · build · audit	UNKNOWN STEP	2026-09-24T04:16:29.8382559Z PASS src/plataforma/dependencias.spec.ts (6.107 s)
verificar · typecheck · unit · build · audit	UNKNOWN STEP	2026-09-24T04:16:29.9722213Z PASS src/config/entorno.spec.ts (6.232 s)
verificar · typecheck · unit · build · audit	UNKNOWN STEP	2026-09-24T04:16:30.6062299Z PASS src/plataforma/limitador.spec.ts
verificar · typecheck · unit · build · audit	UNKNOWN STEP	2026-09-24T04:16:35.1538281Z {"nivel":"info","requestId":"6c0ac745-8fb6-4c75-82e6-557165c574a2","metodo":"GET","ruta":"/health/live","status":200,"duracionMs":4}
verificar · typecheck · unit · build · audit	UNKNOWN STEP	2026-09-24T04:16:35.2914937Z {"nivel":"info","requestId":"dfb28d5b-ba32-45c5-9d15-61a177ecf0d1","metodo":"GET","ruta":"/health","status":200,"duracionMs":1}
verificar · typecheck · unit · build · audit	UNKNOWN STEP	2026-09-24T04:16:35.4085324Z {"nivel":"info","requestId":"304e340e-509e-46f7-a913-c8716bbc16a1","metodo":"GET","ruta":"/health/ready","status":200,"duracionMs":0}
verificar · typecheck · unit · build · audit	UNKNOWN STEP	2026-09-24T04:16:35.5216353Z {"nivel":"info","requestId":"3c4203af-d5bf-4520-917a-fd5570248358","metodo":"GET","ruta":"/health/ready","status":503,"duracionMs":0}
verificar · typecheck · unit · build · audit	UNKNOWN STEP	2026-09-24T04:16:35.6353281Z {"nivel":"info","requestId":"f983afc5-46f8-495e-ba08-779112c8289a","metodo":"GET","ruta":"/health","status":503,"duracionMs":1}
verificar · typecheck · unit · build · audit	UNKNOWN STEP	2026-09-24T04:16:35.7514315Z {"nivel":"info","requestId":"4bd27485-680f-4980-9809-8f14f523461d","metodo":"GET","ruta":"/health/ready","status":503,"duracionMs":1}
verificar · typecheck · unit · build · audit	UNKNOWN STEP	2026-09-24T04:16:35.8604846Z {"nivel":"info","requestId":"b7449f89-7a62-4f20-babe-1af107b339ea","metodo":"GET","ruta":"/health/ready","status":200,"duracionMs":0}
verificar · typecheck · unit · build · audit	UNKNOWN STEP	2026-09-24T04:16:35.9804456Z {"nivel":"info","requestId":"7d5d1af5-b177-435a-9557-b93b68213071","metodo":"GET","ruta":"SIN_RUTA","status":404,"duracionMs":3}
verificar · typecheck · unit · build · audit	UNKNOWN STEP	2026-09-24T04:16:36.0019892Z PASS src/health/health.spec.ts (12.378 s)
verificar · typecheck · unit · build · audit	UNKNOWN STEP	2026-09-24T04:16:36.0971944Z {"nivel":"info","requestId":"fc7df834-3f40-4e60-9226-c7261fa1864c","metodo":"GET","ruta":"SIN_RUTA","status":404,"duracionMs":2}
verificar · typecheck · unit · build · audit	UNKNOWN STEP	2026-09-24T04:16:36.1180593Z 
verificar · typecheck · unit · build · audit	UNKNOWN STEP	2026-09-24T04:16:36.1184617Z Test Suites: 4 passed, 4 total
verificar · typecheck · unit · build · audit	UNKNOWN STEP	2026-09-24T04:16:36.1185270Z Tests:       33 passed, 33 total
verificar · typecheck · unit · build · audit	UNKNOWN STEP	2026-09-24T04:16:36.1185785Z Snapshots:   0 total
verificar · typecheck · unit · build · audit	UNKNOWN STEP	2026-09-24T04:16:36.1186218Z Time:        13.031 s
verificar · typecheck · unit · build · audit	UNKNOWN STEP	2026-09-24T04:16:36.1187151Z Ran all test suites.
verificar · typecheck · unit · build · audit	UNKNOWN STEP	2026-09-24T04:16:36.1442954Z ##[group]Run npm run build:api
verificar · typecheck · unit · build · audit	UNKNOWN STEP	2026-09-24T04:16:36.1443287Z ^[[36;1mnpm run build:api^[[0m
verificar · typecheck · unit · build · audit	UNKNOWN STEP	2026-09-24T04:16:36.1506855Z shell: /usr/bin/bash -e {0}
verificar · typecheck · unit · build · audit	UNKNOWN STEP	2026-09-24T04:16:36.1507116Z ##[endgroup]
verificar · typecheck · unit · build · audit	UNKNOWN STEP	2026-09-24T04:16:36.2563461Z 
verificar · typecheck · unit · build · audit	UNKNOWN STEP	2026-09-24T04:16:36.2564043Z > be@0.1.0 build:api
verificar · typecheck · unit · build · audit	UNKNOWN STEP	2026-09-24T04:16:36.2564708Z > npm run build:domain && npm run build -w @be/api
verificar · typecheck · unit · build · audit	UNKNOWN STEP	2026-09-24T04:16:36.2565044Z 
verificar · typecheck · unit · build · audit	UNKNOWN STEP	2026-09-24T04:16:36.3584143Z 
verificar · typecheck · unit · build · audit	UNKNOWN STEP	2026-09-24T04:16:36.3584682Z > be@0.1.0 build:domain
verificar · typecheck · unit · build · audit	UNKNOWN STEP	2026-09-24T04:16:36.3585226Z > npm run build -w @be/domain
verificar · typecheck · unit · build · audit	UNKNOWN STEP	2026-09-24T04:16:36.3585513Z 
verificar · typecheck · unit · build · audit	UNKNOWN STEP	2026-09-24T04:16:36.4777003Z 
verificar · typecheck · unit · build · audit	UNKNOWN STEP	2026-09-24T04:16:36.4777540Z > @be/domain@0.1.0 build
verificar · typecheck · unit · build · audit	UNKNOWN STEP	2026-09-24T04:16:36.4778269Z > tsc -p tsconfig.json
verificar · typecheck · unit · build · audit	UNKNOWN STEP	2026-09-24T04:16:36.4778978Z 
verificar · typecheck · unit · build · audit	UNKNOWN STEP	2026-09-24T04:16:41.2226088Z 
verificar · typecheck · unit · build · audit	UNKNOWN STEP	2026-09-24T04:16:41.2226661Z > @be/api@0.8.0 build
verificar · typecheck · unit · build · audit	UNKNOWN STEP	2026-09-24T04:16:41.2227159Z > tsc -p tsconfig.build.json
verificar · typecheck · unit · build · audit	UNKNOWN STEP	2026-09-24T04:16:41.2227378Z 
verificar · typecheck · unit · build · audit	UNKNOWN STEP	2026-09-24T04:16:47.3104318Z ##[group]Run npm run build:web
verificar · typecheck · unit · build · audit	UNKNOWN STEP	2026-09-24T04:16:47.3104652Z ^[[36;1mnpm run build:web^[[0m
verificar · typecheck · unit · build · audit	UNKNOWN STEP	2026-09-24T04:16:47.3166965Z shell: /usr/bin/bash -e {0}
verificar · typecheck · unit · build · audit	UNKNOWN STEP	2026-09-24T04:16:47.3167235Z ##[endgroup]
verificar · typecheck · unit · build · audit	UNKNOWN STEP	2026-09-24T04:16:47.4236873Z 
verificar · typecheck · unit · build · audit	UNKNOWN STEP	2026-09-24T04:16:47.4237384Z > be@0.1.0 build:web
verificar · typecheck · unit · build · audit	UNKNOWN STEP	2026-09-24T04:16:47.4237884Z > npm run build:domain && npm run build -w @be/web
verificar · typecheck · unit · build · audit	UNKNOWN STEP	2026-09-24T04:16:47.4238193Z 
verificar · typecheck · unit · build · audit	UNKNOWN STEP	2026-09-24T04:16:47.5232461Z 
verificar · typecheck · unit · build · audit	UNKNOWN STEP	2026-09-24T04:16:47.5233011Z > be@0.1.0 build:domain
verificar · typecheck · unit · build · audit	UNKNOWN STEP	2026-09-24T04:16:47.5233562Z > npm run build -w @be/domain
verificar · typecheck · unit · build · audit	UNKNOWN STEP	2026-09-24T04:16:47.5233903Z 
verificar · typecheck · unit · build · audit	UNKNOWN STEP	2026-09-24T04:16:47.6397394Z 
verificar · typecheck · unit · build · audit	UNKNOWN STEP	2026-09-24T04:16:47.6397962Z > @be/domain@0.1.0 build
verificar · typecheck · unit · build · audit	UNKNOWN STEP	2026-09-24T04:16:47.6398491Z > tsc -p tsconfig.json
verificar · typecheck · unit · build · audit	UNKNOWN STEP	2026-09-24T04:16:47.6398680Z 
verificar · typecheck · unit · build · audit	UNKNOWN STEP	2026-09-24T04:16:52.4891467Z 
verificar · typecheck · unit · build · audit	UNKNOWN STEP	2026-09-24T04:16:52.4892018Z > @be/web@0.8.0 build
verificar · typecheck · unit · build · audit	UNKNOWN STEP	2026-09-24T04:16:52.4892515Z > next build
verificar · typecheck · unit · build · audit	UNKNOWN STEP	2026-09-24T04:16:52.4892679Z 
verificar · typecheck · unit · build · audit	UNKNOWN STEP	2026-09-24T04:16:53.0082717Z ⚠ No build cache found. Please configure build caching for faster rebuilds. Read more: https://nextjs.org/docs/messages/no-cache
verificar · typecheck · unit · build · audit	UNKNOWN STEP	2026-09-24T04:16:53.0138303Z Attention: Next.js now collects completely anonymous telemetry regarding usage.
verificar · typecheck · unit · build · audit	UNKNOWN STEP	2026-09-24T04:16:53.0139644Z This information is used to shape Next.js' roadmap and prioritize features.
verificar · typecheck · unit · build · audit	UNKNOWN STEP	2026-09-24T04:16:53.0141746Z You can learn more, including how to opt-out if you'd not like to participate in this anonymous program, by visiting the following URL:
verificar · typecheck · unit · build · audit	UNKNOWN STEP	2026-09-24T04:16:53.0142711Z https://nextjs.org/telemetry
verificar · typecheck · unit · build · audit	UNKNOWN STEP	2026-09-24T04:16:53.0142966Z 
verificar · typecheck · unit · build · audit	UNKNOWN STEP	2026-09-24T04:16:53.1139375Z    ▲ Next.js 15.5.25
verificar · typecheck · unit · build · audit	UNKNOWN STEP	2026-09-24T04:16:53.1161633Z 
verificar · typecheck · unit · build · audit	UNKNOWN STEP	2026-09-24T04:16:53.1908547Z    Creating an optimized production build ...
verificar · typecheck · unit · build · audit	UNKNOWN STEP	2026-09-24T04:17:05.0769372Z  ✓ Compiled successfully in 9.5s
verificar · typecheck · unit · build · audit	UNKNOWN STEP	2026-09-24T04:17:05.0818957Z    Linting and checking validity of types ...
verificar · typecheck · unit · build · audit	UNKNOWN STEP	2026-09-24T04:17:11.4440824Z    Collecting page data ...
verificar · typecheck · unit · build · audit	UNKNOWN STEP	2026-09-24T04:17:13.8028061Z    Generating static pages (0/22) ...
verificar · typecheck · unit · build · audit	UNKNOWN STEP	2026-09-24T04:17:14.5492273Z    Generating static pages (5/22) 
verificar · typecheck · unit · build · audit	UNKNOWN STEP	2026-09-24T04:17:14.6549836Z    Generating static pages (10/22) 
verificar · typecheck · unit · build · audit	UNKNOWN STEP	2026-09-24T04:17:14.6550585Z    Generating static pages (16/22) 
verificar · typecheck · unit · build · audit	UNKNOWN STEP	2026-09-24T04:17:14.9772030Z  ✓ Generating static pages (22/22)
verificar · typecheck · unit · build · audit	UNKNOWN STEP	2026-09-24T04:17:15.5299050Z    Finalizing page optimization ...
verificar · typecheck · unit · build · audit	UNKNOWN STEP	2026-09-24T04:17:15.5321635Z    Collecting build traces ...
verificar · typecheck · unit · build · audit	UNKNOWN STEP	2026-09-24T04:17:21.0163076Z    Exporting (0/2) ...
verificar · typecheck · unit · build · audit	UNKNOWN STEP	2026-09-24T04:17:21.2581250Z  ✓ Exporting (2/2)
verificar · typecheck · unit · build · audit	UNKNOWN STEP	2026-09-24T04:17:21.2716280Z 
verificar · typecheck · unit · build · audit	UNKNOWN STEP	2026-09-24T04:17:21.2793226Z Route (app)                                 Size  First Load JS
verificar · typecheck · unit · build · audit	UNKNOWN STEP	2026-09-24T04:17:21.2803916Z ┌ ○ /                                      908 B         256 kB
verificar · typecheck · unit · build · audit	UNKNOWN STEP	2026-09-24T04:17:21.2809186Z ├ ○ /_not-found                            986 B         103 kB
verificar · typecheck · unit · build · audit	UNKNOWN STEP	2026-09-24T04:17:21.2810514Z ├ ○ /account                              4.4 kB         259 kB
verificar · typecheck · unit · build · audit	UNKNOWN STEP	2026-09-24T04:17:21.2811992Z ├ ○ /account/privacy                     2.71 kB         261 kB
verificar · typecheck · unit · build · audit	UNKNOWN STEP	2026-09-24T04:17:21.2813312Z ├ ○ /account/relationships               4.17 kB         259 kB
verificar · typecheck · unit · build · audit	UNKNOWN STEP	2026-09-24T04:17:21.2814443Z ├ ○ /account/relationships/consent       3.76 kB         259 kB
verificar · typecheck · unit · build · audit	UNKNOWN STEP	2026-09-24T04:17:21.2815946Z ├ ○ /account/relationships/detail        2.73 kB         261 kB
verificar · typecheck · unit · build · audit	UNKNOWN STEP	2026-09-24T04:17:21.2817414Z ├ ○ /apple-icon.png                          0 B            0 B
verificar · typecheck · unit · build · audit	UNKNOWN STEP	2026-09-24T04:17:21.2818348Z ├ ○ /icon.png                                0 B            0 B
verificar · typecheck · unit · build · audit	UNKNOWN STEP	2026-09-24T04:17:21.2819326Z ├ ○ /legal/privacidad                      164 B         106 kB
verificar · typecheck · unit · build · audit	UNKNOWN STEP	2026-09-24T04:17:21.2820301Z ├ ○ /legal/terminos                        164 B         106 kB
verificar · typecheck · unit · build · audit	UNKNOWN STEP	2026-09-24T04:17:21.2821601Z ├ ○ /login                               2.15 kB         257 kB
verificar · typecheck · unit · build · audit	UNKNOWN STEP	2026-09-24T04:17:21.2822473Z ├ ○ /pro                                   183 B         259 kB
verificar · typecheck · unit · build · audit	UNKNOWN STEP	2026-09-24T04:17:21.2823421Z ├ ○ /pro/advisees                        2.44 kB         262 kB
verificar · typecheck · unit · build · audit	UNKNOWN STEP	2026-09-24T04:17:21.2824377Z ├ ○ /pro/advisees/anthropometry          7.71 kB         267 kB
verificar · typecheck · unit · build · audit	UNKNOWN STEP	2026-09-24T04:17:21.2825715Z ├ ○ /pro/advisees/forms                  3.29 kB         263 kB
verificar · typecheck · unit · build · audit	UNKNOWN STEP	2026-09-24T04:17:21.2827447Z ├ ○ /pro/advisees/nutrition              15.2 kB         274 kB
verificar · typecheck · unit · build · audit	UNKNOWN STEP	2026-09-24T04:17:21.2828626Z ├ ○ /pro/advisees/training               15.8 kB         275 kB
verificar · typecheck · unit · build · audit	UNKNOWN STEP	2026-09-24T04:17:21.2829510Z └ ○ /register                            2.86 kB         258 kB
verificar · typecheck · unit · build · audit	UNKNOWN STEP	2026-09-24T04:17:21.2830203Z + First Load JS shared by all             102 kB
verificar · typecheck · unit · build · audit	UNKNOWN STEP	2026-09-24T04:17:21.2831115Z   ├ chunks/18-322c3a0465595f76.js        46.4 kB
verificar · typecheck · unit · build · audit	UNKNOWN STEP	2026-09-24T04:17:21.2831822Z   ├ chunks/87c73c54-0375ba195de27293.js  54.2 kB
verificar · typecheck · unit · build · audit	UNKNOWN STEP	2026-09-24T04:17:21.2832457Z   └ other shared chunks (total)          1.87 kB
verificar · typecheck · unit · build · audit	UNKNOWN STEP	2026-09-24T04:17:21.2832751Z 
verificar · typecheck · unit · build · audit	UNKNOWN STEP	2026-09-24T04:17:21.2832760Z 
verificar · typecheck · unit · build · audit	UNKNOWN STEP	2026-09-24T04:17:21.2833168Z ○  (Static)  prerendered as static content
verificar · typecheck · unit · build · audit	UNKNOWN STEP	2026-09-24T04:17:21.2833531Z 
verificar · typecheck · unit · build · audit	UNKNOWN STEP	2026-09-24T04:17:21.3355051Z ##[group]Run npm run audit:prod
verificar · typecheck · unit · build · audit	UNKNOWN STEP	2026-09-24T04:17:21.3355371Z ^[[36;1mnpm run audit:prod^[[0m
verificar · typecheck · unit · build · audit	UNKNOWN STEP	2026-09-24T04:17:21.3418792Z shell: /usr/bin/bash -e {0}
verificar · typecheck · unit · build · audit	UNKNOWN STEP	2026-09-24T04:17:21.3419085Z ##[endgroup]
verificar · typecheck · unit · build · audit	UNKNOWN STEP	2026-09-24T04:17:21.4450710Z 
verificar · typecheck · unit · build · audit	UNKNOWN STEP	2026-09-24T04:17:21.4451460Z > be@0.1.0 audit:prod
verificar · typecheck · unit · build · audit	UNKNOWN STEP	2026-09-24T04:17:21.4452695Z > npm audit --omit=dev --audit-level=high -w @be/api && npm audit --omit=dev --audit-level=high -w @be/web && npm audit --omit=dev --audit-level=high -w @be/mobile
verificar · typecheck · unit · build · audit	UNKNOWN STEP	2026-09-24T04:17:21.4453410Z 
verificar · typecheck · unit · build · audit	UNKNOWN STEP	2026-09-24T04:17:22.0751840Z found 0 vulnerabilities
verificar · typecheck · unit · build · audit	UNKNOWN STEP	2026-09-24T04:17:22.7165148Z found 0 vulnerabilities
verificar · typecheck · unit · build · audit	UNKNOWN STEP	2026-09-24T04:17:23.6678773Z # npm audit report
verificar · typecheck · unit · build · audit	UNKNOWN STEP	2026-09-24T04:17:23.6679217Z 
verificar · typecheck · unit · build · audit	UNKNOWN STEP	2026-09-24T04:17:23.6680097Z uuid  <11.1.1
verificar · typecheck · unit · build · audit	UNKNOWN STEP	2026-09-24T04:17:23.6680517Z Severity: moderate
verificar · typecheck · unit · build · audit	UNKNOWN STEP	2026-09-24T04:17:23.6681926Z uuid: Missing buffer bounds check in v3/v5/v6 when buf is provided - https://github.com/advisories/GHSA-w5hq-g745-h8pq
verificar · typecheck · unit · build · audit	UNKNOWN STEP	2026-09-24T04:17:23.6683017Z fix available via `npm audit fix --force`
verificar · typecheck · unit · build · audit	UNKNOWN STEP	2026-09-24T04:17:23.6683805Z Will install expo@46.0.21, which is a breaking change
verificar · typecheck · unit · build · audit	UNKNOWN STEP	2026-09-24T04:17:23.6684394Z node_modules/uuid
verificar · typecheck · unit · build · audit	UNKNOWN STEP	2026-09-24T04:17:23.6684643Z   xcode  >=0.9.2
verificar · typecheck · unit · build · audit	UNKNOWN STEP	2026-09-24T04:17:23.6684919Z   Depends on vulnerable versions of uuid
verificar · typecheck · unit · build · audit	UNKNOWN STEP	2026-09-24T04:17:23.6685206Z   node_modules/xcode
verificar · typecheck · unit · build · audit	UNKNOWN STEP	2026-09-24T04:17:23.6685445Z     @expo/config-plugins  *
verificar · typecheck · unit · build · audit	UNKNOWN STEP	2026-09-24T04:17:23.6685735Z     Depends on vulnerable versions of xcode
verificar · typecheck · unit · build · audit	UNKNOWN STEP	2026-09-24T04:17:23.6686053Z     node_modules/@expo/config-plugins
verificar · typecheck · unit · build · audit	UNKNOWN STEP	2026-09-24T04:17:23.6686491Z       @expo/cli  <=0.0.0-canary-20231123-1b19f96-4 || >=0.0.1-canary-20231125-d600e44
verificar · typecheck · unit · build · audit	UNKNOWN STEP	2026-09-24T04:17:23.6686952Z       Depends on vulnerable versions of @expo/config
verificar · typecheck · unit · build · audit	UNKNOWN STEP	2026-09-24T04:17:23.6687348Z       Depends on vulnerable versions of @expo/config-plugins
verificar · typecheck · unit · build · audit	UNKNOWN STEP	2026-09-24T04:17:23.6687749Z       Depends on vulnerable versions of @expo/inline-modules
verificar · typecheck · unit · build · audit	UNKNOWN STEP	2026-09-24T04:17:23.6688140Z       Depends on vulnerable versions of @expo/metro-config
verificar · typecheck · unit · build · audit	UNKNOWN STEP	2026-09-24T04:17:23.6688547Z       Depends on vulnerable versions of @expo/prebuild-config
verificar · typecheck · unit · build · audit	UNKNOWN STEP	2026-09-24T04:17:23.6688879Z       node_modules/@expo/cli
verificar · typecheck · unit · build · audit	UNKNOWN STEP	2026-09-24T04:17:23.6689210Z         expo  40.0.0-alpha.0 - 40.0.0-beta.5 || >=41.0.0-alpha.0
verificar · typecheck · unit · build · audit	UNKNOWN STEP	2026-09-24T04:17:23.6689606Z         Depends on vulnerable versions of @expo/cli
verificar · typecheck · unit · build · audit	UNKNOWN STEP	2026-09-24T04:17:23.6689974Z         Depends on vulnerable versions of @expo/config
verificar · typecheck · unit · build · audit	UNKNOWN STEP	2026-09-24T04:17:23.6690367Z         Depends on vulnerable versions of @expo/config-plugins
verificar · typecheck · unit · build · audit	UNKNOWN STEP	2026-09-24T04:17:23.6690838Z         Depends on vulnerable versions of @expo/local-build-cache-provider
verificar · typecheck · unit · build · audit	UNKNOWN STEP	2026-09-24T04:17:23.6691626Z         Depends on vulnerable versions of @expo/metro-config
verificar · typecheck · unit · build · audit	UNKNOWN STEP	2026-09-24T04:17:23.6691954Z         node_modules/expo
verificar · typecheck · unit · build · audit	UNKNOWN STEP	2026-09-24T04:17:23.6692298Z       @expo/config  <=0.0.1-canary-20240418-8d74597 || >=3.3.23-alpha.0
verificar · typecheck · unit · build · audit	UNKNOWN STEP	2026-09-24T04:17:23.6692731Z       Depends on vulnerable versions of @expo/config-plugins
verificar · typecheck · unit · build · audit	UNKNOWN STEP	2026-09-24T04:17:23.6693086Z       node_modules/@expo/config
verificar · typecheck · unit · build · audit	UNKNOWN STEP	2026-09-24T04:17:23.6693658Z         @expo/local-build-cache-provider  *
verificar · typecheck · unit · build · audit	UNKNOWN STEP	2026-09-24T04:17:23.6694258Z         Depends on vulnerable versions of @expo/config
verificar · typecheck · unit · build · audit	UNKNOWN STEP	2026-09-24T04:17:23.6694893Z         node_modules/@expo/local-build-cache-provider
verificar · typecheck · unit · build · audit	UNKNOWN STEP	2026-09-24T04:17:23.6695766Z         @expo/metro-config  <=0.0.1-canary-20240418-8d74597 || >=0.1.49-alpha.0
verificar · typecheck · unit · build · audit	UNKNOWN STEP	2026-09-24T04:17:23.6696229Z         Depends on vulnerable versions of @expo/config
verificar · typecheck · unit · build · audit	UNKNOWN STEP	2026-09-24T04:17:23.6696573Z         node_modules/@expo/metro-config
verificar · typecheck · unit · build · audit	UNKNOWN STEP	2026-09-24T04:17:23.6696930Z       @expo/inline-modules  >=0.0.2-canary-20260409-6fc2991
verificar · typecheck · unit · build · audit	UNKNOWN STEP	2026-09-24T04:17:23.6697347Z       Depends on vulnerable versions of @expo/config-plugins
verificar · typecheck · unit · build · audit	UNKNOWN STEP	2026-09-24T04:17:23.6697712Z       node_modules/@expo/inline-modules
verificar · typecheck · unit · build · audit	UNKNOWN STEP	2026-09-24T04:17:23.6698010Z       @expo/prebuild-config  *
verificar · typecheck · unit · build · audit	UNKNOWN STEP	2026-09-24T04:17:23.6698329Z       Depends on vulnerable versions of @expo/config
verificar · typecheck · unit · build · audit	UNKNOWN STEP	2026-09-24T04:17:23.6698715Z       Depends on vulnerable versions of @expo/config-plugins
verificar · typecheck · unit · build · audit	UNKNOWN STEP	2026-09-24T04:17:23.6699074Z       node_modules/@expo/prebuild-config
verificar · typecheck · unit · build · audit	UNKNOWN STEP	2026-09-24T04:17:23.6699259Z 
verificar · typecheck · unit · build · audit	UNKNOWN STEP	2026-09-24T04:17:23.6699647Z 10 moderate severity vulnerabilities
verificar · typecheck · unit · build · audit	UNKNOWN STEP	2026-09-24T04:17:23.6699831Z 
verificar · typecheck · unit · build · audit	UNKNOWN STEP	2026-09-24T04:17:23.6700033Z To address issues that do not require attention, run:
verificar · typecheck · unit · build · audit	UNKNOWN STEP	2026-09-24T04:17:23.6700343Z   npm audit fix
verificar · typecheck · unit · build · audit	UNKNOWN STEP	2026-09-24T04:17:23.6700463Z 
verificar · typecheck · unit · build · audit	UNKNOWN STEP	2026-09-24T04:17:23.6700672Z To address all issues (including breaking changes), run:
verificar · typecheck · unit · build · audit	UNKNOWN STEP	2026-09-24T04:17:23.6702671Z   npm audit fix --force
verificar · typecheck · unit · build · audit	UNKNOWN STEP	2026-09-24T04:17:23.6996733Z Post job cleanup.
verificar · typecheck · unit · build · audit	UNKNOWN STEP	2026-09-24T04:17:23.8348655Z [command]/usr/bin/tar --posix -cf cache.tzst --exclude cache.tzst -P -C /home/runner/work/be/be --files-from manifest.txt --use-compress-program zstdmt
verificar · typecheck · unit · build · audit	UNKNOWN STEP	2026-09-24T04:17:25.5403032Z Sent 0 of 334936078 (0.0%), 0.0 MBs/sec
verificar · typecheck · unit · build · audit	UNKNOWN STEP	2026-09-24T04:17:26.0339837Z Sent 334936078 of 334936078 (100.0%), 213.1 MBs/sec
verificar · typecheck · unit · build · audit	UNKNOWN STEP	2026-09-24T04:17:26.1465635Z Cache saved with the key: node-cache-Linux-x64-npm-638305023739e0fa7f917d6b49ae61a3eec2a3415c65824e7fea0b4dbceb3c07
verificar · typecheck · unit · build · audit	UNKNOWN STEP	2026-09-24T04:17:26.1649936Z Post job cleanup.
verificar · typecheck · unit · build · audit	UNKNOWN STEP	2026-09-24T04:17:26.2555315Z [command]/usr/bin/git version
verificar · typecheck · unit · build · audit	UNKNOWN STEP	2026-09-24T04:17:26.2605831Z git version 2.55.0
verificar · typecheck · unit · build · audit	UNKNOWN STEP	2026-09-24T04:17:26.2655884Z Temporarily overriding HOME='/home/runner/work/_temp/cf2bb65a-9868-48e2-9178-558a5e9ca3dc' before making global git config changes
verificar · typecheck · unit · build · audit	UNKNOWN STEP	2026-09-24T04:17:26.2657867Z Adding repository directory to the temporary git global config as a safe directory
verificar · typecheck · unit · build · audit	UNKNOWN STEP	2026-09-24T04:17:26.2662284Z [command]/usr/bin/git config --global --add safe.directory /home/runner/work/be/be
verificar · typecheck · unit · build · audit	UNKNOWN STEP	2026-09-24T04:17:26.2696447Z Removing SSH command configuration
verificar · typecheck · unit · build · audit	UNKNOWN STEP	2026-09-24T04:17:26.2704060Z [command]/usr/bin/git config --local --name-only --get-regexp core\.sshCommand
verificar · typecheck · unit · build · audit	UNKNOWN STEP	2026-09-24T04:17:26.2744936Z [command]/usr/bin/git submodule foreach --recursive sh -c "git config --local --name-only --get-regexp 'core\.sshCommand' && git config --local --unset-all 'core.sshCommand' || :"
verificar · typecheck · unit · build · audit	UNKNOWN STEP	2026-09-24T04:17:26.2993716Z Removing HTTP extra header
verificar · typecheck · unit · build · audit	UNKNOWN STEP	2026-09-24T04:17:26.3000438Z [command]/usr/bin/git config --local --name-only --get-regexp http\.https\:\/\/github\.com\/\.extraheader
verificar · typecheck · unit · build · audit	UNKNOWN STEP	2026-09-24T04:17:26.3043242Z [command]/usr/bin/git submodule foreach --recursive sh -c "git config --local --name-only --get-regexp 'http\.https\:\/\/github\.com\/\.extraheader' && git config --local --unset-all 'http.https://github.com/.extraheader' || :"
verificar · typecheck · unit · build · audit	UNKNOWN STEP	2026-09-24T04:17:26.3307076Z Removing includeIf entries pointing to credentials config files
verificar · typecheck · unit · build · audit	UNKNOWN STEP	2026-09-24T04:17:26.3315015Z [command]/usr/bin/git config --local --name-only --get-regexp ^includeIf\.gitdir:
verificar · typecheck · unit · build · audit	UNKNOWN STEP	2026-09-24T04:17:26.3350064Z includeif.gitdir:/home/runner/work/be/be/.git.path
verificar · typecheck · unit · build · audit	UNKNOWN STEP	2026-09-24T04:17:26.3351586Z includeif.gitdir:/home/runner/work/be/be/.git/worktrees/*.path
verificar · typecheck · unit · build · audit	UNKNOWN STEP	2026-09-24T04:17:26.3352673Z includeif.gitdir:/github/workspace/.git.path
verificar · typecheck · unit · build · audit	UNKNOWN STEP	2026-09-24T04:17:26.3353730Z includeif.gitdir:/github/workspace/.git/worktrees/*.path
verificar · typecheck · unit · build · audit	UNKNOWN STEP	2026-09-24T04:17:26.3363774Z [command]/usr/bin/git config --local --get-all includeif.gitdir:/home/runner/work/be/be/.git.path
verificar · typecheck · unit · build · audit	UNKNOWN STEP	2026-09-24T04:17:26.3391660Z /home/runner/work/_temp/git-credentials-aff45e58-8951-4aab-8f39-f40bd8409d0c.config
verificar · typecheck · unit · build · audit	UNKNOWN STEP	2026-09-24T04:17:26.3404943Z [command]/usr/bin/git config --local --unset includeif.gitdir:/home/runner/work/be/be/.git.path \/home\/runner\/work\/_temp\/git\-credentials\-aff45e58\-8951\-4aab\-8f39\-f40bd8409d0c\.config
verificar · typecheck · unit · build · audit	UNKNOWN STEP	2026-09-24T04:17:26.3454428Z [command]/usr/bin/git config --local --get-all includeif.gitdir:/home/runner/work/be/be/.git/worktrees/*.path
verificar · typecheck · unit · build · audit	UNKNOWN STEP	2026-09-24T04:17:26.3485385Z /home/runner/work/_temp/git-credentials-aff45e58-8951-4aab-8f39-f40bd8409d0c.config
verificar · typecheck · unit · build · audit	UNKNOWN STEP	2026-09-24T04:17:26.3510411Z [command]/usr/bin/git config --local --unset includeif.gitdir:/home/runner/work/be/be/.git/worktrees/*.path \/home\/runner\/work\/_temp\/git\-credentials\-aff45e58\-8951\-4aab\-8f39\-f40bd8409d0c\.config
verificar · typecheck · unit · build · audit	UNKNOWN STEP	2026-09-24T04:17:26.3556194Z [command]/usr/bin/git config --local --get-all includeif.gitdir:/github/workspace/.git.path
verificar · typecheck · unit · build · audit	UNKNOWN STEP	2026-09-24T04:17:26.3587137Z /github/runner_temp/git-credentials-aff45e58-8951-4aab-8f39-f40bd8409d0c.config
verificar · typecheck · unit · build · audit	UNKNOWN STEP	2026-09-24T04:17:26.3596735Z [command]/usr/bin/git config --local --unset includeif.gitdir:/github/workspace/.git.path \/github\/runner_temp\/git\-credentials\-aff45e58\-8951\-4aab\-8f39\-f40bd8409d0c\.config
verificar · typecheck · unit · build · audit	UNKNOWN STEP	2026-09-24T04:17:26.3638013Z [command]/usr/bin/git config --local --get-all includeif.gitdir:/github/workspace/.git/worktrees/*.path
verificar · typecheck · unit · build · audit	UNKNOWN STEP	2026-09-24T04:17:26.3665961Z /github/runner_temp/git-credentials-aff45e58-8951-4aab-8f39-f40bd8409d0c.config
verificar · typecheck · unit · build · audit	UNKNOWN STEP	2026-09-24T04:17:26.3674402Z [command]/usr/bin/git config --local --unset includeif.gitdir:/github/workspace/.git/worktrees/*.path \/github\/runner_temp\/git\-credentials\-aff45e58\-8951\-4aab\-8f39\-f40bd8409d0c\.config
verificar · typecheck · unit · build · audit	UNKNOWN STEP	2026-09-24T04:17:26.3716039Z [command]/usr/bin/git submodule foreach --recursive git config --local --show-origin --name-only --get-regexp remote.origin.url
verificar · typecheck · unit · build · audit	UNKNOWN STEP	2026-09-24T04:17:26.3941835Z Removing credentials config '/home/runner/work/_temp/git-credentials-aff45e58-8951-4aab-8f39-f40bd8409d0c.config'
verificar · typecheck · unit · build · audit	UNKNOWN STEP	2026-09-24T04:17:26.4091313Z Cleaning up orphan processes
