integración · PostgreSQL 16 (Testcontainers)	Set up job	﻿2026-09-19T01:12:54.4380522Z Current runner version: '2.337.0'
integración · PostgreSQL 16 (Testcontainers)	Set up job	2026-09-19T01:12:54.4408204Z ##[group]Runner Image Provisioner
integración · PostgreSQL 16 (Testcontainers)	Set up job	2026-09-19T01:12:54.4409278Z Hosted Compute Agent
integración · PostgreSQL 16 (Testcontainers)	Set up job	2026-09-19T01:12:54.4409870Z Version: 20260828.587
integración · PostgreSQL 16 (Testcontainers)	Set up job	2026-09-19T01:12:54.4410563Z Commit: abac92662cab4cc7352de4f9f9d2e2419aad9c29
integración · PostgreSQL 16 (Testcontainers)	Set up job	2026-09-19T01:12:54.4411318Z Build Date: 2026-08-28T16:44:25Z
integración · PostgreSQL 16 (Testcontainers)	Set up job	2026-09-19T01:12:54.4412438Z Worker ID: {0f26e35b-5a89-4954-9af3-3af97ca2c0d3}
integración · PostgreSQL 16 (Testcontainers)	Set up job	2026-09-19T01:12:54.4413507Z Azure Region: eastus
integración · PostgreSQL 16 (Testcontainers)	Set up job	2026-09-19T01:12:54.4414246Z ##[endgroup]
integración · PostgreSQL 16 (Testcontainers)	Set up job	2026-09-19T01:12:54.4416023Z ##[group]Operating System
integración · PostgreSQL 16 (Testcontainers)	Set up job	2026-09-19T01:12:54.4416705Z Ubuntu
integración · PostgreSQL 16 (Testcontainers)	Set up job	2026-09-19T01:12:54.4417259Z 24.04.5
integración · PostgreSQL 16 (Testcontainers)	Set up job	2026-09-19T01:12:54.4417891Z LTS
integración · PostgreSQL 16 (Testcontainers)	Set up job	2026-09-19T01:12:54.4418398Z ##[endgroup]
integración · PostgreSQL 16 (Testcontainers)	Set up job	2026-09-19T01:12:54.4418965Z ##[group]Runner Image
integración · PostgreSQL 16 (Testcontainers)	Set up job	2026-09-19T01:12:54.4419605Z Image: ubuntu-24.04
integración · PostgreSQL 16 (Testcontainers)	Set up job	2026-09-19T01:12:54.4420161Z Version: 20260907.300.1
integración · PostgreSQL 16 (Testcontainers)	Set up job	2026-09-19T01:12:54.4421303Z Included Software: https://github.com/actions/runner-images/blob/ubuntu24/20260907.300/images/ubuntu/Ubuntu2404-Readme.md
integración · PostgreSQL 16 (Testcontainers)	Set up job	2026-09-19T01:12:54.4423418Z Image Release: https://github.com/actions/runner-images/releases/tag/ubuntu24%2F20260907.300
integración · PostgreSQL 16 (Testcontainers)	Set up job	2026-09-19T01:12:54.4424389Z ##[endgroup]
integración · PostgreSQL 16 (Testcontainers)	Set up job	2026-09-19T01:12:54.4425540Z ##[group]GITHUB_TOKEN Permissions
integración · PostgreSQL 16 (Testcontainers)	Set up job	2026-09-19T01:12:54.4427716Z Contents: read
integración · PostgreSQL 16 (Testcontainers)	Set up job	2026-09-19T01:12:54.4428327Z Metadata: read
integración · PostgreSQL 16 (Testcontainers)	Set up job	2026-09-19T01:12:54.4428988Z ##[endgroup]
integración · PostgreSQL 16 (Testcontainers)	Set up job	2026-09-19T01:12:54.4431179Z Secret source: Actions
integración · PostgreSQL 16 (Testcontainers)	Set up job	2026-09-19T01:12:54.4432503Z Cache mode: write
integración · PostgreSQL 16 (Testcontainers)	Set up job	2026-09-19T01:12:54.4433236Z Prepare workflow directory
integración · PostgreSQL 16 (Testcontainers)	Set up job	2026-09-19T01:12:54.4777962Z Prepare all required actions
integración · PostgreSQL 16 (Testcontainers)	Set up job	2026-09-19T01:12:54.4828010Z Getting action download info
integración · PostgreSQL 16 (Testcontainers)	Set up job	2026-09-19T01:12:54.7023565Z Download action repository 'actions/checkout@v7' (SHA:3d3c42e5aac5ba805825da76410c181273ba90b1)
integración · PostgreSQL 16 (Testcontainers)	Set up job	2026-09-19T01:12:54.8119621Z Download action repository 'actions/setup-node@v7' (SHA:820762786026740c76f36085b0efc47a31fe5020)
integración · PostgreSQL 16 (Testcontainers)	Set up job	2026-09-19T01:12:54.9467684Z Download action repository 'actions/upload-artifact@v4' (SHA:ea165f8d65b6e75b540449e92b4886f43607fa02)
integración · PostgreSQL 16 (Testcontainers)	Set up job	2026-09-19T01:12:55.1769673Z Complete job name: integración · PostgreSQL 16 (Testcontainers)
integración · PostgreSQL 16 (Testcontainers)	Run actions/checkout@v7	﻿2026-09-19T01:12:55.2621969Z ##[group]Run actions/checkout@v7
integración · PostgreSQL 16 (Testcontainers)	Run actions/checkout@v7	2026-09-19T01:12:55.2622931Z with:
integración · PostgreSQL 16 (Testcontainers)	Run actions/checkout@v7	2026-09-19T01:12:55.2623383Z   repository: Elian-Bufi/be
integración · PostgreSQL 16 (Testcontainers)	Run actions/checkout@v7	2026-09-19T01:12:55.2627413Z   token: ***
integración · PostgreSQL 16 (Testcontainers)	Run actions/checkout@v7	2026-09-19T01:12:55.2627844Z   ssh-strict: true
integración · PostgreSQL 16 (Testcontainers)	Run actions/checkout@v7	2026-09-19T01:12:55.2628277Z   ssh-user: git
integración · PostgreSQL 16 (Testcontainers)	Run actions/checkout@v7	2026-09-19T01:12:55.2628718Z   persist-credentials: true
integración · PostgreSQL 16 (Testcontainers)	Run actions/checkout@v7	2026-09-19T01:12:55.2629209Z   clean: true
integración · PostgreSQL 16 (Testcontainers)	Run actions/checkout@v7	2026-09-19T01:12:55.2629649Z   sparse-checkout-cone-mode: true
integración · PostgreSQL 16 (Testcontainers)	Run actions/checkout@v7	2026-09-19T01:12:55.2630177Z   fetch-depth: 1
integración · PostgreSQL 16 (Testcontainers)	Run actions/checkout@v7	2026-09-19T01:12:55.2630608Z   fetch-tags: false
integración · PostgreSQL 16 (Testcontainers)	Run actions/checkout@v7	2026-09-19T01:12:55.2631042Z   show-progress: true
integración · PostgreSQL 16 (Testcontainers)	Run actions/checkout@v7	2026-09-19T01:12:55.2631661Z   lfs: false
integración · PostgreSQL 16 (Testcontainers)	Run actions/checkout@v7	2026-09-19T01:12:55.2632077Z   submodules: false
integración · PostgreSQL 16 (Testcontainers)	Run actions/checkout@v7	2026-09-19T01:12:55.2632521Z   set-safe-directory: true
integración · PostgreSQL 16 (Testcontainers)	Run actions/checkout@v7	2026-09-19T01:12:55.2633018Z   allow-unsafe-pr-checkout: false
integración · PostgreSQL 16 (Testcontainers)	Run actions/checkout@v7	2026-09-19T01:12:55.2633801Z ##[endgroup]
integración · PostgreSQL 16 (Testcontainers)	Run actions/checkout@v7	2026-09-19T01:12:55.3728536Z Syncing repository: Elian-Bufi/be
integración · PostgreSQL 16 (Testcontainers)	Run actions/checkout@v7	2026-09-19T01:12:55.3730902Z ##[group]Getting Git version info
integración · PostgreSQL 16 (Testcontainers)	Run actions/checkout@v7	2026-09-19T01:12:55.3732003Z Working directory is '/home/runner/work/be/be'
integración · PostgreSQL 16 (Testcontainers)	Run actions/checkout@v7	2026-09-19T01:12:55.3733031Z [command]/usr/bin/git version
integración · PostgreSQL 16 (Testcontainers)	Run actions/checkout@v7	2026-09-19T01:12:55.3834921Z git version 2.55.0
integración · PostgreSQL 16 (Testcontainers)	Run actions/checkout@v7	2026-09-19T01:12:55.3863165Z ##[endgroup]
integración · PostgreSQL 16 (Testcontainers)	Run actions/checkout@v7	2026-09-19T01:12:55.3875504Z Temporarily overriding HOME='/home/runner/work/_temp/616dd75c-e2f0-4b3a-aee0-9693a66fa5c8' before making global git config changes
integración · PostgreSQL 16 (Testcontainers)	Run actions/checkout@v7	2026-09-19T01:12:55.3877639Z Adding repository directory to the temporary git global config as a safe directory
integración · PostgreSQL 16 (Testcontainers)	Run actions/checkout@v7	2026-09-19T01:12:55.3881359Z [command]/usr/bin/git config --global --add safe.directory /home/runner/work/be/be
integración · PostgreSQL 16 (Testcontainers)	Run actions/checkout@v7	2026-09-19T01:12:55.3935061Z Deleting the contents of '/home/runner/work/be/be'
integración · PostgreSQL 16 (Testcontainers)	Run actions/checkout@v7	2026-09-19T01:12:55.3938787Z ##[group]Determining repository object format
integración · PostgreSQL 16 (Testcontainers)	Run actions/checkout@v7	2026-09-19T01:12:55.3940553Z ##[endgroup]
integración · PostgreSQL 16 (Testcontainers)	Run actions/checkout@v7	2026-09-19T01:12:55.3941287Z ##[group]Initializing the repository
integración · PostgreSQL 16 (Testcontainers)	Run actions/checkout@v7	2026-09-19T01:12:55.3946493Z [command]/usr/bin/git init /home/runner/work/be/be
integración · PostgreSQL 16 (Testcontainers)	Run actions/checkout@v7	2026-09-19T01:12:55.4087210Z hint: Using 'master' as the name for the initial branch. This default branch name
integración · PostgreSQL 16 (Testcontainers)	Run actions/checkout@v7	2026-09-19T01:12:55.4089800Z hint: will change to "main" in Git 3.0. To configure the initial branch name
integración · PostgreSQL 16 (Testcontainers)	Run actions/checkout@v7	2026-09-19T01:12:55.4092190Z hint: to use in all of your new repositories, which will suppress this warning,
integración · PostgreSQL 16 (Testcontainers)	Run actions/checkout@v7	2026-09-19T01:12:55.4093801Z hint: call:
integración · PostgreSQL 16 (Testcontainers)	Run actions/checkout@v7	2026-09-19T01:12:55.4094720Z hint:
integración · PostgreSQL 16 (Testcontainers)	Run actions/checkout@v7	2026-09-19T01:12:55.4095815Z hint: 	git config --global init.defaultBranch <name>
integración · PostgreSQL 16 (Testcontainers)	Run actions/checkout@v7	2026-09-19T01:12:55.4097279Z hint:
integración · PostgreSQL 16 (Testcontainers)	Run actions/checkout@v7	2026-09-19T01:12:55.4098639Z hint: Names commonly chosen instead of 'master' are 'main', 'trunk' and
integración · PostgreSQL 16 (Testcontainers)	Run actions/checkout@v7	2026-09-19T01:12:55.4100969Z hint: 'development'. The just-created branch can be renamed via this command:
integración · PostgreSQL 16 (Testcontainers)	Run actions/checkout@v7	2026-09-19T01:12:55.4102930Z hint:
integración · PostgreSQL 16 (Testcontainers)	Run actions/checkout@v7	2026-09-19T01:12:55.4103913Z hint: 	git branch -m <name>
integración · PostgreSQL 16 (Testcontainers)	Run actions/checkout@v7	2026-09-19T01:12:55.4105106Z hint:
integración · PostgreSQL 16 (Testcontainers)	Run actions/checkout@v7	2026-09-19T01:12:55.4106599Z hint: Disable this message with "git config set advice.defaultBranchName false"
integración · PostgreSQL 16 (Testcontainers)	Run actions/checkout@v7	2026-09-19T01:12:55.4108769Z Initialized empty Git repository in /home/runner/work/be/be/.git/
integración · PostgreSQL 16 (Testcontainers)	Run actions/checkout@v7	2026-09-19T01:12:55.4112629Z [command]/usr/bin/git remote add origin https://github.com/Elian-Bufi/be
integración · PostgreSQL 16 (Testcontainers)	Run actions/checkout@v7	2026-09-19T01:12:55.4181206Z ##[endgroup]
integración · PostgreSQL 16 (Testcontainers)	Run actions/checkout@v7	2026-09-19T01:12:55.4182997Z ##[group]Disabling automatic garbage collection
integración · PostgreSQL 16 (Testcontainers)	Run actions/checkout@v7	2026-09-19T01:12:55.4202538Z [command]/usr/bin/git config --local gc.auto 0
integración · PostgreSQL 16 (Testcontainers)	Run actions/checkout@v7	2026-09-19T01:12:55.4223694Z ##[endgroup]
integración · PostgreSQL 16 (Testcontainers)	Run actions/checkout@v7	2026-09-19T01:12:55.4225028Z ##[group]Setting up auth
integración · PostgreSQL 16 (Testcontainers)	Run actions/checkout@v7	2026-09-19T01:12:55.4226022Z Removing SSH command configuration
integración · PostgreSQL 16 (Testcontainers)	Run actions/checkout@v7	2026-09-19T01:12:55.4232058Z [command]/usr/bin/git config --local --name-only --get-regexp core\.sshCommand
integración · PostgreSQL 16 (Testcontainers)	Run actions/checkout@v7	2026-09-19T01:12:55.4272482Z [command]/usr/bin/git submodule foreach --recursive sh -c "git config --local --name-only --get-regexp 'core\.sshCommand' && git config --local --unset-all 'core.sshCommand' || :"
integración · PostgreSQL 16 (Testcontainers)	Run actions/checkout@v7	2026-09-19T01:12:55.4715524Z Removing HTTP extra header
integración · PostgreSQL 16 (Testcontainers)	Run actions/checkout@v7	2026-09-19T01:12:55.4730577Z [command]/usr/bin/git config --local --name-only --get-regexp http\.https\:\/\/github\.com\/\.extraheader
integración · PostgreSQL 16 (Testcontainers)	Run actions/checkout@v7	2026-09-19T01:12:55.4775556Z [command]/usr/bin/git submodule foreach --recursive sh -c "git config --local --name-only --get-regexp 'http\.https\:\/\/github\.com\/\.extraheader' && git config --local --unset-all 'http.https://github.com/.extraheader' || :"
integración · PostgreSQL 16 (Testcontainers)	Run actions/checkout@v7	2026-09-19T01:12:55.5039592Z Removing includeIf entries pointing to credentials config files
integración · PostgreSQL 16 (Testcontainers)	Run actions/checkout@v7	2026-09-19T01:12:55.5045445Z [command]/usr/bin/git config --local --name-only --get-regexp ^includeIf\.gitdir:
integración · PostgreSQL 16 (Testcontainers)	Run actions/checkout@v7	2026-09-19T01:12:55.5085473Z [command]/usr/bin/git submodule foreach --recursive git config --local --show-origin --name-only --get-regexp remote.origin.url
integración · PostgreSQL 16 (Testcontainers)	Run actions/checkout@v7	2026-09-19T01:12:55.5332845Z [command]/usr/bin/git config --file /home/runner/work/_temp/git-credentials-49371a9c-4ea1-4cc5-94c8-9f27c860a52f.config http.https://github.com/.extraheader AUTHORIZATION: basic ***
integración · PostgreSQL 16 (Testcontainers)	Run actions/checkout@v7	2026-09-19T01:12:55.5381880Z [command]/usr/bin/git config --local includeIf.gitdir:/home/runner/work/be/be/.git.path /home/runner/work/_temp/git-credentials-49371a9c-4ea1-4cc5-94c8-9f27c860a52f.config
integración · PostgreSQL 16 (Testcontainers)	Run actions/checkout@v7	2026-09-19T01:12:55.5418245Z [command]/usr/bin/git config --local includeIf.gitdir:/home/runner/work/be/be/.git/worktrees/*.path /home/runner/work/_temp/git-credentials-49371a9c-4ea1-4cc5-94c8-9f27c860a52f.config
integración · PostgreSQL 16 (Testcontainers)	Run actions/checkout@v7	2026-09-19T01:12:55.5458914Z [command]/usr/bin/git config --local includeIf.gitdir:/github/workspace/.git.path /github/runner_temp/git-credentials-49371a9c-4ea1-4cc5-94c8-9f27c860a52f.config
integración · PostgreSQL 16 (Testcontainers)	Run actions/checkout@v7	2026-09-19T01:12:55.5497179Z [command]/usr/bin/git config --local includeIf.gitdir:/github/workspace/.git/worktrees/*.path /github/runner_temp/git-credentials-49371a9c-4ea1-4cc5-94c8-9f27c860a52f.config
integración · PostgreSQL 16 (Testcontainers)	Run actions/checkout@v7	2026-09-19T01:12:55.5534633Z ##[endgroup]
integración · PostgreSQL 16 (Testcontainers)	Run actions/checkout@v7	2026-09-19T01:12:55.5536249Z ##[group]Fetching the repository
integración · PostgreSQL 16 (Testcontainers)	Run actions/checkout@v7	2026-09-19T01:12:55.5545401Z [command]/usr/bin/git -c protocol.version=2 fetch --no-tags --prune --no-recurse-submodules --depth=1 origin +8256951ce875c3ecf1a0d57e8a60f68feee5deaa:refs/remotes/origin/main
integración · PostgreSQL 16 (Testcontainers)	Run actions/checkout@v7	2026-09-19T01:12:56.2750522Z From https://github.com/Elian-Bufi/be
integración · PostgreSQL 16 (Testcontainers)	Run actions/checkout@v7	2026-09-19T01:12:56.2752973Z  * [new ref]         8256951ce875c3ecf1a0d57e8a60f68feee5deaa -> origin/main
integración · PostgreSQL 16 (Testcontainers)	Run actions/checkout@v7	2026-09-19T01:12:56.2759848Z [command]/usr/bin/git branch --list --remote origin/main
integración · PostgreSQL 16 (Testcontainers)	Run actions/checkout@v7	2026-09-19T01:12:56.2796020Z   origin/main
integración · PostgreSQL 16 (Testcontainers)	Run actions/checkout@v7	2026-09-19T01:12:56.2807295Z [command]/usr/bin/git rev-parse refs/remotes/origin/main
integración · PostgreSQL 16 (Testcontainers)	Run actions/checkout@v7	2026-09-19T01:12:56.2849221Z 8256951ce875c3ecf1a0d57e8a60f68feee5deaa
integración · PostgreSQL 16 (Testcontainers)	Run actions/checkout@v7	2026-09-19T01:12:56.2851270Z ##[endgroup]
integración · PostgreSQL 16 (Testcontainers)	Run actions/checkout@v7	2026-09-19T01:12:56.2852678Z ##[group]Determining the checkout info
integración · PostgreSQL 16 (Testcontainers)	Run actions/checkout@v7	2026-09-19T01:12:56.2853594Z ##[endgroup]
integración · PostgreSQL 16 (Testcontainers)	Run actions/checkout@v7	2026-09-19T01:12:56.2865831Z [command]/usr/bin/git sparse-checkout disable
integración · PostgreSQL 16 (Testcontainers)	Run actions/checkout@v7	2026-09-19T01:12:56.2923012Z [command]/usr/bin/git config --local --unset-all extensions.worktreeConfig
integración · PostgreSQL 16 (Testcontainers)	Run actions/checkout@v7	2026-09-19T01:12:56.2962192Z ##[group]Checking out the ref
integración · PostgreSQL 16 (Testcontainers)	Run actions/checkout@v7	2026-09-19T01:12:56.2967255Z [command]/usr/bin/git checkout --progress --force -B main refs/remotes/origin/main
integración · PostgreSQL 16 (Testcontainers)	Run actions/checkout@v7	2026-09-19T01:12:56.3716242Z Switched to a new branch 'main'
integración · PostgreSQL 16 (Testcontainers)	Run actions/checkout@v7	2026-09-19T01:12:56.3721053Z branch 'main' set up to track 'origin/main'.
integración · PostgreSQL 16 (Testcontainers)	Run actions/checkout@v7	2026-09-19T01:12:56.3732772Z ##[endgroup]
integración · PostgreSQL 16 (Testcontainers)	Run actions/checkout@v7	2026-09-19T01:12:56.3785526Z [command]/usr/bin/git log -1 --format=%H
integración · PostgreSQL 16 (Testcontainers)	Run actions/checkout@v7	2026-09-19T01:12:56.3817712Z 8256951ce875c3ecf1a0d57e8a60f68feee5deaa
integración · PostgreSQL 16 (Testcontainers)	Run actions/setup-node@v7	﻿2026-09-19T01:12:56.4214035Z ##[group]Run actions/setup-node@v7
integración · PostgreSQL 16 (Testcontainers)	Run actions/setup-node@v7	2026-09-19T01:12:56.4214740Z with:
integración · PostgreSQL 16 (Testcontainers)	Run actions/setup-node@v7	2026-09-19T01:12:56.4215178Z   node-version-file: .nvmrc
integración · PostgreSQL 16 (Testcontainers)	Run actions/setup-node@v7	2026-09-19T01:12:56.4215715Z   cache: npm
integración · PostgreSQL 16 (Testcontainers)	Run actions/setup-node@v7	2026-09-19T01:12:56.4216156Z   check-latest: false
integración · PostgreSQL 16 (Testcontainers)	Run actions/setup-node@v7	2026-09-19T01:12:56.4221678Z   token: ***
integración · PostgreSQL 16 (Testcontainers)	Run actions/setup-node@v7	2026-09-19T01:12:56.4222185Z   package-manager-cache: true
integración · PostgreSQL 16 (Testcontainers)	Run actions/setup-node@v7	2026-09-19T01:12:56.4222755Z ##[endgroup]
integración · PostgreSQL 16 (Testcontainers)	Run actions/setup-node@v7	2026-09-19T01:12:56.5466011Z Node version file is not JSON file
integración · PostgreSQL 16 (Testcontainers)	Run actions/setup-node@v7	2026-09-19T01:12:56.5467802Z Resolved .nvmrc as 22.23.2
integración · PostgreSQL 16 (Testcontainers)	Run actions/setup-node@v7	2026-09-19T01:12:56.5491465Z Found in cache @ /opt/hostedtoolcache/node/22.23.2/x64
integración · PostgreSQL 16 (Testcontainers)	Run actions/setup-node@v7	2026-09-19T01:12:56.5494740Z ##[group]Environment details
integración · PostgreSQL 16 (Testcontainers)	Run actions/setup-node@v7	2026-09-19T01:12:56.9509513Z node: v22.23.2
integración · PostgreSQL 16 (Testcontainers)	Run actions/setup-node@v7	2026-09-19T01:12:56.9512729Z npm: 10.9.8
integración · PostgreSQL 16 (Testcontainers)	Run actions/setup-node@v7	2026-09-19T01:12:56.9514759Z yarn: 1.22.22
integración · PostgreSQL 16 (Testcontainers)	Run actions/setup-node@v7	2026-09-19T01:12:56.9517370Z ##[endgroup]
integración · PostgreSQL 16 (Testcontainers)	Run actions/setup-node@v7	2026-09-19T01:12:56.9536172Z [command]/opt/hostedtoolcache/node/22.23.2/x64/bin/npm config get cache
integración · PostgreSQL 16 (Testcontainers)	Run actions/setup-node@v7	2026-09-19T01:12:57.0707089Z /home/runner/.npm
integración · PostgreSQL 16 (Testcontainers)	Run actions/setup-node@v7	2026-09-19T01:12:57.1436303Z npm cache is not found
integración · PostgreSQL 16 (Testcontainers)	Run npm ci	﻿2026-09-19T01:12:57.1584973Z ##[group]Run npm ci
integración · PostgreSQL 16 (Testcontainers)	Run npm ci	2026-09-19T01:12:57.1585360Z ^[[36;1mnpm ci^[[0m
integración · PostgreSQL 16 (Testcontainers)	Run npm ci	2026-09-19T01:12:57.1634600Z shell: /usr/bin/bash -e {0}
integración · PostgreSQL 16 (Testcontainers)	Run npm ci	2026-09-19T01:12:57.1634960Z ##[endgroup]
integración · PostgreSQL 16 (Testcontainers)	Run npm ci	2026-09-19T01:13:03.0349376Z npm warn deprecated uuid@7.0.3: uuid@10 and below is no longer supported.  For ESM codebases, update to uuid@latest.  For CommonJS codebases, use uuid@11 (but be aware this version will likely be deprecated in 2028).
integración · PostgreSQL 16 (Testcontainers)	Run npm ci	2026-09-19T01:13:06.5005308Z npm warn deprecated glob@10.5.0: Old versions of glob are not supported, and contain widely publicized security vulnerabilities, which have been fixed in the current version. Please update. Support for old versions may be purchased (at exorbitant rates) by contacting i@izs.me
integración · PostgreSQL 16 (Testcontainers)	Run npm ci	2026-09-19T01:13:06.6673447Z npm warn deprecated glob@10.5.0: Old versions of glob are not supported, and contain widely publicized security vulnerabilities, which have been fixed in the current version. Please update. Support for old versions may be purchased (at exorbitant rates) by contacting i@izs.me
integración · PostgreSQL 16 (Testcontainers)	Run npm ci	2026-09-19T01:13:31.3023511Z 
integración · PostgreSQL 16 (Testcontainers)	Run npm ci	2026-09-19T01:13:31.3062891Z added 978 packages, and audited 983 packages in 34s
integración · PostgreSQL 16 (Testcontainers)	Run npm ci	2026-09-19T01:13:31.3616775Z 
integración · PostgreSQL 16 (Testcontainers)	Run npm ci	2026-09-19T01:13:31.3620490Z 10 moderate severity vulnerabilities
integración · PostgreSQL 16 (Testcontainers)	Run npm ci	2026-09-19T01:13:31.3621303Z 
integración · PostgreSQL 16 (Testcontainers)	Run npm ci	2026-09-19T01:13:31.3622892Z To address issues that do not require attention, run:
integración · PostgreSQL 16 (Testcontainers)	Run npm ci	2026-09-19T01:13:31.3623689Z   npm audit fix
integración · PostgreSQL 16 (Testcontainers)	Run npm ci	2026-09-19T01:13:31.3623965Z 
integración · PostgreSQL 16 (Testcontainers)	Run npm ci	2026-09-19T01:13:31.3624489Z To address all issues (including breaking changes), run:
integración · PostgreSQL 16 (Testcontainers)	Run npm ci	2026-09-19T01:13:31.3625217Z   npm audit fix --force
integración · PostgreSQL 16 (Testcontainers)	Run npm ci	2026-09-19T01:13:31.3625539Z 
integración · PostgreSQL 16 (Testcontainers)	Run npm ci	2026-09-19T01:13:31.3625832Z Run `npm audit` for details.
integración · PostgreSQL 16 (Testcontainers)	Run npx prisma generate	﻿2026-09-19T01:13:31.4481055Z ##[group]Run npx prisma generate
integración · PostgreSQL 16 (Testcontainers)	Run npx prisma generate	2026-09-19T01:13:31.4481429Z ^[[36;1mnpx prisma generate^[[0m
integración · PostgreSQL 16 (Testcontainers)	Run npx prisma generate	2026-09-19T01:13:31.4527869Z shell: /usr/bin/bash -e {0}
integración · PostgreSQL 16 (Testcontainers)	Run npx prisma generate	2026-09-19T01:13:31.4528171Z ##[endgroup]
integración · PostgreSQL 16 (Testcontainers)	Run npx prisma generate	2026-09-19T01:13:32.4598653Z warn The configuration property `package.json#prisma` is deprecated and will be removed in Prisma 7. Please migrate to a Prisma config file (e.g., `prisma.config.ts`).
integración · PostgreSQL 16 (Testcontainers)	Run npx prisma generate	2026-09-19T01:13:32.4601873Z For more information, see: https://pris.ly/prisma-config
integración · PostgreSQL 16 (Testcontainers)	Run npx prisma generate	2026-09-19T01:13:32.4602505Z 
integración · PostgreSQL 16 (Testcontainers)	Run npx prisma generate	2026-09-19T01:13:32.6135042Z Prisma schema loaded from prisma/schema.prisma
integración · PostgreSQL 16 (Testcontainers)	Run npx prisma generate	2026-09-19T01:13:32.8803364Z ┌─────────────────────────────────────────────────────────┐
integración · PostgreSQL 16 (Testcontainers)	Run npx prisma generate	2026-09-19T01:13:32.8804619Z │  Update available 6.19.3 -> 8.0.0-rc.15                 │
integración · PostgreSQL 16 (Testcontainers)	Run npx prisma generate	2026-09-19T01:13:32.8805616Z │                                                         │
integración · PostgreSQL 16 (Testcontainers)	Run npx prisma generate	2026-09-19T01:13:32.8806614Z │  This is a major update - please follow the guide at    │
integración · PostgreSQL 16 (Testcontainers)	Run npx prisma generate	2026-09-19T01:13:32.8807801Z │  https://pris.ly/d/major-version-upgrade                │
integración · PostgreSQL 16 (Testcontainers)	Run npx prisma generate	2026-09-19T01:13:32.8808748Z │                                                         │
integración · PostgreSQL 16 (Testcontainers)	Run npx prisma generate	2026-09-19T01:13:32.8809694Z │  Run the following to update                            │
integración · PostgreSQL 16 (Testcontainers)	Run npx prisma generate	2026-09-19T01:13:32.8810874Z │    npm i --save-dev prisma@latest                       │
integración · PostgreSQL 16 (Testcontainers)	Run npx prisma generate	2026-09-19T01:13:32.8812268Z │    npm i @prisma/client@latest                          │
integración · PostgreSQL 16 (Testcontainers)	Run npx prisma generate	2026-09-19T01:13:32.8813364Z └─────────────────────────────────────────────────────────┘
integración · PostgreSQL 16 (Testcontainers)	Run npx prisma generate	2026-09-19T01:13:32.8813891Z 
integración · PostgreSQL 16 (Testcontainers)	Run npx prisma generate	2026-09-19T01:13:32.8814830Z ✔ Generated Prisma Client (v6.19.3) to ./node_modules/@prisma/client in 133ms
integración · PostgreSQL 16 (Testcontainers)	Run npx prisma generate	2026-09-19T01:13:32.8815639Z 
integración · PostgreSQL 16 (Testcontainers)	Run npx prisma generate	2026-09-19T01:13:32.8816444Z Start by importing your Prisma Client (See: https://pris.ly/d/importing-client)
integración · PostgreSQL 16 (Testcontainers)	Run npx prisma generate	2026-09-19T01:13:32.8817244Z 
integración · PostgreSQL 16 (Testcontainers)	Run npx prisma generate	2026-09-19T01:13:32.8817879Z Tip: Want to turn off tips and other hints? https://pris.ly/tip-4-nohints
integración · PostgreSQL 16 (Testcontainers)	Run npx prisma generate	2026-09-19T01:13:32.8818440Z 
integración · PostgreSQL 16 (Testcontainers)	Schema vs 06 · identidad y sesiones (TEST-AUTH-*) · readiness · migración fallida aborta	﻿2026-09-19T01:13:32.9178791Z ##[group]Run npm run build:domain && npm run test:integration -w @be/api -- --verbose --json --outputFile=/home/runner/work/be/be/resultados-integracion.json
integración · PostgreSQL 16 (Testcontainers)	Schema vs 06 · identidad y sesiones (TEST-AUTH-*) · readiness · migración fallida aborta	2026-09-19T01:13:32.9179945Z ^[[36;1mnpm run build:domain && npm run test:integration -w @be/api -- --verbose --json --outputFile=/home/runner/work/be/be/resultados-integracion.json^[[0m
integración · PostgreSQL 16 (Testcontainers)	Schema vs 06 · identidad y sesiones (TEST-AUTH-*) · readiness · migración fallida aborta	2026-09-19T01:13:32.9217095Z shell: /usr/bin/bash -e {0}
integración · PostgreSQL 16 (Testcontainers)	Schema vs 06 · identidad y sesiones (TEST-AUTH-*) · readiness · migración fallida aborta	2026-09-19T01:13:32.9217387Z ##[endgroup]
integración · PostgreSQL 16 (Testcontainers)	Schema vs 06 · identidad y sesiones (TEST-AUTH-*) · readiness · migración fallida aborta	2026-09-19T01:13:33.0290737Z 
integración · PostgreSQL 16 (Testcontainers)	Schema vs 06 · identidad y sesiones (TEST-AUTH-*) · readiness · migración fallida aborta	2026-09-19T01:13:33.0291911Z > be@0.1.0 build:domain
integración · PostgreSQL 16 (Testcontainers)	Schema vs 06 · identidad y sesiones (TEST-AUTH-*) · readiness · migración fallida aborta	2026-09-19T01:13:33.0292599Z > npm run build -w @be/domain
integración · PostgreSQL 16 (Testcontainers)	Schema vs 06 · identidad y sesiones (TEST-AUTH-*) · readiness · migración fallida aborta	2026-09-19T01:13:33.0292937Z 
integración · PostgreSQL 16 (Testcontainers)	Schema vs 06 · identidad y sesiones (TEST-AUTH-*) · readiness · migración fallida aborta	2026-09-19T01:13:33.1600327Z 
integración · PostgreSQL 16 (Testcontainers)	Schema vs 06 · identidad y sesiones (TEST-AUTH-*) · readiness · migración fallida aborta	2026-09-19T01:13:33.1601119Z > @be/domain@0.1.0 build
integración · PostgreSQL 16 (Testcontainers)	Schema vs 06 · identidad y sesiones (TEST-AUTH-*) · readiness · migración fallida aborta	2026-09-19T01:13:33.1602037Z > tsc -p tsconfig.json
integración · PostgreSQL 16 (Testcontainers)	Schema vs 06 · identidad y sesiones (TEST-AUTH-*) · readiness · migración fallida aborta	2026-09-19T01:13:33.1602391Z 
integración · PostgreSQL 16 (Testcontainers)	Schema vs 06 · identidad y sesiones (TEST-AUTH-*) · readiness · migración fallida aborta	2026-09-19T01:13:35.3524686Z 
integración · PostgreSQL 16 (Testcontainers)	Schema vs 06 · identidad y sesiones (TEST-AUTH-*) · readiness · migración fallida aborta	2026-09-19T01:13:35.3525660Z > @be/api@0.1.0 test:integration
integración · PostgreSQL 16 (Testcontainers)	Schema vs 06 · identidad y sesiones (TEST-AUTH-*) · readiness · migración fallida aborta	2026-09-19T01:13:35.3526623Z > jest --config jest.integration.config.js --runInBand --verbose --json --outputFile=/home/runner/work/be/be/resultados-integracion.json
integración · PostgreSQL 16 (Testcontainers)	Schema vs 06 · identidad y sesiones (TEST-AUTH-*) · readiness · migración fallida aborta	2026-09-19T01:13:35.3527331Z 
integración · PostgreSQL 16 (Testcontainers)	Schema vs 06 · identidad y sesiones (TEST-AUTH-*) · readiness · migración fallida aborta	2026-09-19T01:13:49.4710294Z {"nivel":"info","requestId":"2bf67c2d-7f7a-4c88-87f2-071848cbbd69","metodo":"POST","ruta":"/api/v1/registrations","status":201,"duracionMs":115}
integración · PostgreSQL 16 (Testcontainers)	Schema vs 06 · identidad y sesiones (TEST-AUTH-*) · readiness · migración fallida aborta	2026-09-19T01:13:49.5593316Z {"nivel":"info","requestId":"f5c168a1-0420-4785-b098-7c959b29223e","metodo":"POST","ruta":"/api/v1/registrations","status":201,"duracionMs":84}
integración · PostgreSQL 16 (Testcontainers)	Schema vs 06 · identidad y sesiones (TEST-AUTH-*) · readiness · migración fallida aborta	2026-09-19T01:13:49.6633917Z {"nivel":"info","requestId":"7589ccaf-c7b7-4eae-9a9f-70d2a6939cf8","metodo":"POST","ruta":"/api/v1/registrations","status":201,"duracionMs":89}
integración · PostgreSQL 16 (Testcontainers)	Schema vs 06 · identidad y sesiones (TEST-AUTH-*) · readiness · migración fallida aborta	2026-09-19T01:13:49.7452486Z {"nivel":"info","requestId":"6fd5e5f5-eef7-430b-9ab3-d4ba150b40d7","metodo":"POST","ruta":"/api/v1/auth/sessions","status":201,"duracionMs":79}
integración · PostgreSQL 16 (Testcontainers)	Schema vs 06 · identidad y sesiones (TEST-AUTH-*) · readiness · migración fallida aborta	2026-09-19T01:13:49.7786547Z {"nivel":"info","requestId":"990006ce-351a-4090-ac81-446353c39d96","metodo":"POST","ruta":"/api/v1/me/account-closure-requests","status":201,"duracionMs":30}
integración · PostgreSQL 16 (Testcontainers)	Schema vs 06 · identidad y sesiones (TEST-AUTH-*) · readiness · migración fallida aborta	2026-09-19T01:13:49.9013510Z {"nivel":"info","requestId":"83d5a412-e813-4e8a-8906-63e25bcaf8c1","metodo":"POST","ruta":"/api/v1/auth/sessions","status":401,"duracionMs":71}
integración · PostgreSQL 16 (Testcontainers)	Schema vs 06 · identidad y sesiones (TEST-AUTH-*) · readiness · migración fallida aborta	2026-09-19T01:13:49.9764699Z {"nivel":"info","requestId":"febd2ac7-fe73-4cc1-a3ae-e08cb607559f","metodo":"POST","ruta":"/api/v1/auth/sessions","status":401,"duracionMs":72}
integración · PostgreSQL 16 (Testcontainers)	Schema vs 06 · identidad y sesiones (TEST-AUTH-*) · readiness · migración fallida aborta	2026-09-19T01:13:50.0499590Z {"nivel":"info","requestId":"04321002-e6d7-4f54-b6df-fed14848f656","metodo":"POST","ruta":"/api/v1/auth/sessions","status":401,"duracionMs":71}
integración · PostgreSQL 16 (Testcontainers)	Schema vs 06 · identidad y sesiones (TEST-AUTH-*) · readiness · migración fallida aborta	2026-09-19T01:13:50.1242662Z {"nivel":"info","requestId":"7eb5948c-41bf-492e-9409-a57b65b4e02f","metodo":"POST","ruta":"/api/v1/auth/sessions","status":401,"duracionMs":71}
integración · PostgreSQL 16 (Testcontainers)	Schema vs 06 · identidad y sesiones (TEST-AUTH-*) · readiness · migración fallida aborta	2026-09-19T01:13:50.2040948Z {"nivel":"info","requestId":"9d79eba6-c9a1-45b8-9232-0b7d93561d56","metodo":"POST","ruta":"/api/v1/auth/sessions","status":401,"duracionMs":72}
integración · PostgreSQL 16 (Testcontainers)	Schema vs 06 · identidad y sesiones (TEST-AUTH-*) · readiness · migración fallida aborta	2026-09-19T01:13:50.2972739Z {"nivel":"info","requestId":"3ade291d-63b8-4a55-b1e3-456646583830","metodo":"POST","ruta":"/api/v1/registrations","status":201,"duracionMs":84}
integración · PostgreSQL 16 (Testcontainers)	Schema vs 06 · identidad y sesiones (TEST-AUTH-*) · readiness · migración fallida aborta	2026-09-19T01:13:50.5104302Z {"nivel":"info","requestId":"130e3b15-36d1-4a81-8d5e-34c779f7277a","metodo":"POST","ruta":"/api/v1/auth/sessions","status":401,"duracionMs":73}
integración · PostgreSQL 16 (Testcontainers)	Schema vs 06 · identidad y sesiones (TEST-AUTH-*) · readiness · migración fallida aborta	2026-09-19T01:13:50.5870084Z {"nivel":"info","requestId":"08c9d2a9-08c7-4ca2-bf6f-791b3521489b","metodo":"POST","ruta":"/api/v1/auth/sessions","status":401,"duracionMs":74}
integración · PostgreSQL 16 (Testcontainers)	Schema vs 06 · identidad y sesiones (TEST-AUTH-*) · readiness · migración fallida aborta	2026-09-19T01:13:50.6605880Z {"nivel":"info","requestId":"7f717c8a-9a66-494e-ba53-1b1a6f840e3e","metodo":"POST","ruta":"/api/v1/auth/sessions","status":401,"duracionMs":71}
integración · PostgreSQL 16 (Testcontainers)	Schema vs 06 · identidad y sesiones (TEST-AUTH-*) · readiness · migración fallida aborta	2026-09-19T01:13:50.7339739Z {"nivel":"info","requestId":"c9e0a7ba-d6db-4231-b3c6-5e5780db5371","metodo":"POST","ruta":"/api/v1/auth/sessions","status":401,"duracionMs":71}
integración · PostgreSQL 16 (Testcontainers)	Schema vs 06 · identidad y sesiones (TEST-AUTH-*) · readiness · migración fallida aborta	2026-09-19T01:13:50.8083097Z {"nivel":"info","requestId":"6efca41c-cf99-4488-a711-c0b538802032","metodo":"POST","ruta":"/api/v1/auth/sessions","status":401,"duracionMs":72}
integración · PostgreSQL 16 (Testcontainers)	Schema vs 06 · identidad y sesiones (TEST-AUTH-*) · readiness · migración fallida aborta	2026-09-19T01:13:50.8816936Z {"nivel":"info","requestId":"f6a894ea-342a-44f7-be31-bdce1377985e","metodo":"POST","ruta":"/api/v1/auth/sessions","status":401,"duracionMs":71}
integración · PostgreSQL 16 (Testcontainers)	Schema vs 06 · identidad y sesiones (TEST-AUTH-*) · readiness · migración fallida aborta	2026-09-19T01:13:50.9547001Z {"nivel":"info","requestId":"761b0920-4f14-4317-8db7-4fb266b12439","metodo":"POST","ruta":"/api/v1/auth/sessions","status":401,"duracionMs":71}
integración · PostgreSQL 16 (Testcontainers)	Schema vs 06 · identidad y sesiones (TEST-AUTH-*) · readiness · migración fallida aborta	2026-09-19T01:13:51.0276622Z {"nivel":"info","requestId":"906b6f5b-b5ea-4722-af2e-7b6e37dae69e","metodo":"POST","ruta":"/api/v1/auth/sessions","status":401,"duracionMs":70}
integración · PostgreSQL 16 (Testcontainers)	Schema vs 06 · identidad y sesiones (TEST-AUTH-*) · readiness · migración fallida aborta	2026-09-19T01:13:51.1021762Z {"nivel":"info","requestId":"8fe420bb-2da1-429d-b85c-ebd2fced3750","metodo":"POST","ruta":"/api/v1/auth/sessions","status":401,"duracionMs":72}
integración · PostgreSQL 16 (Testcontainers)	Schema vs 06 · identidad y sesiones (TEST-AUTH-*) · readiness · migración fallida aborta	2026-09-19T01:13:51.1756271Z {"nivel":"info","requestId":"d4639862-16f6-4121-91ce-c4717313afec","metodo":"POST","ruta":"/api/v1/auth/sessions","status":401,"duracionMs":71}
integración · PostgreSQL 16 (Testcontainers)	Schema vs 06 · identidad y sesiones (TEST-AUTH-*) · readiness · migración fallida aborta	2026-09-19T01:13:51.2484821Z {"nivel":"info","requestId":"b9f47945-9dbd-49e0-b800-51d1bfac4193","metodo":"POST","ruta":"/api/v1/auth/sessions","status":401,"duracionMs":70}
integración · PostgreSQL 16 (Testcontainers)	Schema vs 06 · identidad y sesiones (TEST-AUTH-*) · readiness · migración fallida aborta	2026-09-19T01:13:51.3213781Z {"nivel":"info","requestId":"b78dff5b-b5a5-4bf4-a5fb-edf6b56f0297","metodo":"POST","ruta":"/api/v1/auth/sessions","status":401,"duracionMs":70}
integración · PostgreSQL 16 (Testcontainers)	Schema vs 06 · identidad y sesiones (TEST-AUTH-*) · readiness · migración fallida aborta	2026-09-19T01:13:51.3973931Z {"nivel":"info","requestId":"a6774284-bb4e-4a03-8d76-68fe365fba05","metodo":"POST","ruta":"/api/v1/auth/sessions","status":401,"duracionMs":72}
integración · PostgreSQL 16 (Testcontainers)	Schema vs 06 · identidad y sesiones (TEST-AUTH-*) · readiness · migración fallida aborta	2026-09-19T01:13:51.4698750Z {"nivel":"info","requestId":"1d3039a0-1e24-440b-9900-922c0eea0378","metodo":"POST","ruta":"/api/v1/auth/sessions","status":401,"duracionMs":71}
integración · PostgreSQL 16 (Testcontainers)	Schema vs 06 · identidad y sesiones (TEST-AUTH-*) · readiness · migración fallida aborta	2026-09-19T01:13:51.5431409Z {"nivel":"info","requestId":"c06a6ff9-ccc2-40de-a0a3-86f0a99d6b2d","metodo":"POST","ruta":"/api/v1/auth/sessions","status":401,"duracionMs":71}
integración · PostgreSQL 16 (Testcontainers)	Schema vs 06 · identidad y sesiones (TEST-AUTH-*) · readiness · migración fallida aborta	2026-09-19T01:13:51.6158559Z {"nivel":"info","requestId":"fcfd8d29-89fb-4298-8ec9-292607b4fd3c","metodo":"POST","ruta":"/api/v1/auth/sessions","status":401,"duracionMs":70}
integración · PostgreSQL 16 (Testcontainers)	Schema vs 06 · identidad y sesiones (TEST-AUTH-*) · readiness · migración fallida aborta	2026-09-19T01:13:51.6912329Z {"nivel":"info","requestId":"65ab8fff-89b6-4296-95a2-a5dd58d7b878","metodo":"POST","ruta":"/api/v1/auth/sessions","status":401,"duracionMs":73}
integración · PostgreSQL 16 (Testcontainers)	Schema vs 06 · identidad y sesiones (TEST-AUTH-*) · readiness · migración fallida aborta	2026-09-19T01:13:51.7651951Z {"nivel":"info","requestId":"175a1941-a4b3-4e2b-80bb-fefa306b5d3e","metodo":"POST","ruta":"/api/v1/auth/sessions","status":401,"duracionMs":71}
integración · PostgreSQL 16 (Testcontainers)	Schema vs 06 · identidad y sesiones (TEST-AUTH-*) · readiness · migración fallida aborta	2026-09-19T01:13:51.8378339Z {"nivel":"info","requestId":"e74a02a4-8020-4021-ae42-836ed33f23be","metodo":"POST","ruta":"/api/v1/auth/sessions","status":401,"duracionMs":70}
integración · PostgreSQL 16 (Testcontainers)	Schema vs 06 · identidad y sesiones (TEST-AUTH-*) · readiness · migración fallida aborta	2026-09-19T01:13:51.9106327Z {"nivel":"info","requestId":"18406671-ee61-4bcd-bd39-7d6bb3e0452e","metodo":"POST","ruta":"/api/v1/auth/sessions","status":401,"duracionMs":70}
integración · PostgreSQL 16 (Testcontainers)	Schema vs 06 · identidad y sesiones (TEST-AUTH-*) · readiness · migración fallida aborta	2026-09-19T01:13:51.9847289Z {"nivel":"info","requestId":"0be540b2-8ec0-4e89-bde9-6ed42fbc3a49","metodo":"POST","ruta":"/api/v1/auth/sessions","status":401,"duracionMs":72}
integración · PostgreSQL 16 (Testcontainers)	Schema vs 06 · identidad y sesiones (TEST-AUTH-*) · readiness · migración fallida aborta	2026-09-19T01:13:52.0585063Z {"nivel":"info","requestId":"51bf4d85-9a20-46aa-95eb-2b782a384052","metodo":"POST","ruta":"/api/v1/auth/sessions","status":401,"duracionMs":71}
integración · PostgreSQL 16 (Testcontainers)	Schema vs 06 · identidad y sesiones (TEST-AUTH-*) · readiness · migración fallida aborta	2026-09-19T01:13:52.1318934Z {"nivel":"info","requestId":"bcae0fcf-3624-4c21-a97b-d086e18b1b5b","metodo":"POST","ruta":"/api/v1/auth/sessions","status":401,"duracionMs":70}
integración · PostgreSQL 16 (Testcontainers)	Schema vs 06 · identidad y sesiones (TEST-AUTH-*) · readiness · migración fallida aborta	2026-09-19T01:13:52.2048294Z {"nivel":"info","requestId":"ece4746b-0999-45a7-b706-d5d093b0e534","metodo":"POST","ruta":"/api/v1/auth/sessions","status":401,"duracionMs":71}
integración · PostgreSQL 16 (Testcontainers)	Schema vs 06 · identidad y sesiones (TEST-AUTH-*) · readiness · migración fallida aborta	2026-09-19T01:13:52.2792487Z {"nivel":"info","requestId":"d7ae97c6-d86e-4ba6-b9af-bb66860d66e1","metodo":"POST","ruta":"/api/v1/auth/sessions","status":401,"duracionMs":72}
integración · PostgreSQL 16 (Testcontainers)	Schema vs 06 · identidad y sesiones (TEST-AUTH-*) · readiness · migración fallida aborta	2026-09-19T01:13:52.3540881Z {"nivel":"info","requestId":"2b7144ea-fd59-457c-945b-2dc64da4ffb7","metodo":"POST","ruta":"/api/v1/auth/sessions","status":401,"duracionMs":71}
integración · PostgreSQL 16 (Testcontainers)	Schema vs 06 · identidad y sesiones (TEST-AUTH-*) · readiness · migración fallida aborta	2026-09-19T01:13:52.4271795Z {"nivel":"info","requestId":"035a1cef-8b56-4055-95dd-9cd75df237ef","metodo":"POST","ruta":"/api/v1/auth/sessions","status":401,"duracionMs":71}
integración · PostgreSQL 16 (Testcontainers)	Schema vs 06 · identidad y sesiones (TEST-AUTH-*) · readiness · migración fallida aborta	2026-09-19T01:13:52.5000794Z {"nivel":"info","requestId":"8d4edfad-4c32-4f25-bd8e-1391f60ec051","metodo":"POST","ruta":"/api/v1/auth/sessions","status":401,"duracionMs":71}
integración · PostgreSQL 16 (Testcontainers)	Schema vs 06 · identidad y sesiones (TEST-AUTH-*) · readiness · migración fallida aborta	2026-09-19T01:13:52.5750260Z {"nivel":"info","requestId":"be4fda40-05fe-453a-983a-8e37994194da","metodo":"POST","ruta":"/api/v1/auth/sessions","status":401,"duracionMs":73}
integración · PostgreSQL 16 (Testcontainers)	Schema vs 06 · identidad y sesiones (TEST-AUTH-*) · readiness · migración fallida aborta	2026-09-19T01:13:52.6490863Z {"nivel":"info","requestId":"a321f3e1-7be3-4cf9-b272-ff6031713182","metodo":"POST","ruta":"/api/v1/auth/sessions","status":401,"duracionMs":71}
integración · PostgreSQL 16 (Testcontainers)	Schema vs 06 · identidad y sesiones (TEST-AUTH-*) · readiness · migración fallida aborta	2026-09-19T01:13:52.7218752Z {"nivel":"info","requestId":"e3dd8924-a40f-407c-9003-78e459542ca9","metodo":"POST","ruta":"/api/v1/auth/sessions","status":401,"duracionMs":70}
integración · PostgreSQL 16 (Testcontainers)	Schema vs 06 · identidad y sesiones (TEST-AUTH-*) · readiness · migración fallida aborta	2026-09-19T01:13:52.7942600Z {"nivel":"info","requestId":"dfd5a647-0a9f-4d3e-81d2-f83391e59186","metodo":"POST","ruta":"/api/v1/auth/sessions","status":401,"duracionMs":70}
integración · PostgreSQL 16 (Testcontainers)	Schema vs 06 · identidad y sesiones (TEST-AUTH-*) · readiness · migración fallida aborta	2026-09-19T01:13:52.8682001Z {"nivel":"info","requestId":"e35753e5-fc3f-480b-9af3-79e646ba6d3b","metodo":"POST","ruta":"/api/v1/auth/sessions","status":401,"duracionMs":72}
integración · PostgreSQL 16 (Testcontainers)	Schema vs 06 · identidad y sesiones (TEST-AUTH-*) · readiness · migración fallida aborta	2026-09-19T01:13:52.9417403Z {"nivel":"info","requestId":"1a8edc91-ec78-43a3-b50f-5d6e49a2294e","metodo":"POST","ruta":"/api/v1/auth/sessions","status":401,"duracionMs":71}
integración · PostgreSQL 16 (Testcontainers)	Schema vs 06 · identidad y sesiones (TEST-AUTH-*) · readiness · migración fallida aborta	2026-09-19T01:13:53.0145307Z {"nivel":"info","requestId":"9b2a4929-f6d1-4591-8969-f6326a756ded","metodo":"POST","ruta":"/api/v1/auth/sessions","status":401,"duracionMs":71}
integración · PostgreSQL 16 (Testcontainers)	Schema vs 06 · identidad y sesiones (TEST-AUTH-*) · readiness · migración fallida aborta	2026-09-19T01:13:53.0877764Z {"nivel":"info","requestId":"fb07ad59-b407-4364-b62e-baea1cd7c450","metodo":"POST","ruta":"/api/v1/auth/sessions","status":401,"duracionMs":71}
integración · PostgreSQL 16 (Testcontainers)	Schema vs 06 · identidad y sesiones (TEST-AUTH-*) · readiness · migración fallida aborta	2026-09-19T01:13:53.1676544Z {"nivel":"info","requestId":"dde681a6-3bdf-4109-93f0-f16870e59e79","metodo":"POST","ruta":"/api/v1/auth/sessions","status":401,"duracionMs":77}
integración · PostgreSQL 16 (Testcontainers)	Schema vs 06 · identidad y sesiones (TEST-AUTH-*) · readiness · migración fallida aborta	2026-09-19T01:13:53.2416424Z {"nivel":"info","requestId":"92a9858c-b609-4323-9358-9bd2935559db","metodo":"POST","ruta":"/api/v1/auth/sessions","status":401,"duracionMs":71}
integración · PostgreSQL 16 (Testcontainers)	Schema vs 06 · identidad y sesiones (TEST-AUTH-*) · readiness · migración fallida aborta	2026-09-19T01:13:53.3147868Z {"nivel":"info","requestId":"ad742def-1e39-4022-9990-ba498008183d","metodo":"POST","ruta":"/api/v1/auth/sessions","status":401,"duracionMs":71}
integración · PostgreSQL 16 (Testcontainers)	Schema vs 06 · identidad y sesiones (TEST-AUTH-*) · readiness · migración fallida aborta	2026-09-19T01:13:53.3874144Z {"nivel":"info","requestId":"4e7ebe56-681b-4651-a979-d2c74c408a87","metodo":"POST","ruta":"/api/v1/auth/sessions","status":401,"duracionMs":70}
integración · PostgreSQL 16 (Testcontainers)	Schema vs 06 · identidad y sesiones (TEST-AUTH-*) · readiness · migración fallida aborta	2026-09-19T01:13:53.4625949Z {"nivel":"info","requestId":"d21ee72d-873c-41a9-8593-a67e2a0a63cf","metodo":"POST","ruta":"/api/v1/auth/sessions","status":401,"duracionMs":72}
integración · PostgreSQL 16 (Testcontainers)	Schema vs 06 · identidad y sesiones (TEST-AUTH-*) · readiness · migración fallida aborta	2026-09-19T01:13:53.5352306Z {"nivel":"info","requestId":"6ba11218-54f5-45bd-9b66-42250a1c5c3e","metodo":"POST","ruta":"/api/v1/auth/sessions","status":401,"duracionMs":70}
integración · PostgreSQL 16 (Testcontainers)	Schema vs 06 · identidad y sesiones (TEST-AUTH-*) · readiness · migración fallida aborta	2026-09-19T01:13:53.6077220Z {"nivel":"info","requestId":"42a195c1-2fa9-44d3-ad32-ca180f7bf74c","metodo":"POST","ruta":"/api/v1/auth/sessions","status":401,"duracionMs":70}
integración · PostgreSQL 16 (Testcontainers)	Schema vs 06 · identidad y sesiones (TEST-AUTH-*) · readiness · migración fallida aborta	2026-09-19T01:13:53.6805215Z {"nivel":"info","requestId":"694f6761-194b-47cb-9705-70bcc3a7c7e4","metodo":"POST","ruta":"/api/v1/auth/sessions","status":401,"duracionMs":70}
integración · PostgreSQL 16 (Testcontainers)	Schema vs 06 · identidad y sesiones (TEST-AUTH-*) · readiness · migración fallida aborta	2026-09-19T01:13:53.7545497Z {"nivel":"info","requestId":"85d077dc-7aa8-4416-8dd6-b0b451a39a9b","metodo":"POST","ruta":"/api/v1/auth/sessions","status":401,"duracionMs":72}
integración · PostgreSQL 16 (Testcontainers)	Schema vs 06 · identidad y sesiones (TEST-AUTH-*) · readiness · migración fallida aborta	2026-09-19T01:13:53.8281181Z {"nivel":"info","requestId":"7da62309-b071-4e82-8893-acd173f6d7ff","metodo":"POST","ruta":"/api/v1/auth/sessions","status":401,"duracionMs":71}
integración · PostgreSQL 16 (Testcontainers)	Schema vs 06 · identidad y sesiones (TEST-AUTH-*) · readiness · migración fallida aborta	2026-09-19T01:13:53.9011327Z {"nivel":"info","requestId":"a729ba31-d0af-492b-bc93-b4c2cc29943e","metodo":"POST","ruta":"/api/v1/auth/sessions","status":401,"duracionMs":71}
integración · PostgreSQL 16 (Testcontainers)	Schema vs 06 · identidad y sesiones (TEST-AUTH-*) · readiness · migración fallida aborta	2026-09-19T01:13:53.9827709Z {"nivel":"info","requestId":"baf6285a-aebe-4d35-9c5d-14e4864de9a6","metodo":"POST","ruta":"/api/v1/auth/sessions","status":401,"duracionMs":76}
integración · PostgreSQL 16 (Testcontainers)	Schema vs 06 · identidad y sesiones (TEST-AUTH-*) · readiness · migración fallida aborta	2026-09-19T01:13:54.0586332Z {"nivel":"info","requestId":"ef1106d0-74fb-462f-bcc7-185bfa2d6d27","metodo":"POST","ruta":"/api/v1/auth/sessions","status":401,"duracionMs":73}
integración · PostgreSQL 16 (Testcontainers)	Schema vs 06 · identidad y sesiones (TEST-AUTH-*) · readiness · migración fallida aborta	2026-09-19T01:13:54.0594544Z {"prueba":"TEST-AUTH-001","medianasMs":{"identificador inexistente":73.9,"contraseña incorrecta":73,"cuenta SUSPENDIDA con contraseña correcta":72.8,"cuenta CERRADA con contraseña correcta":74.6},"toleranciaMs":50}
integración · PostgreSQL 16 (Testcontainers)	Schema vs 06 · identidad y sesiones (TEST-AUTH-*) · readiness · migración fallida aborta	2026-09-19T01:13:54.1453333Z {"nivel":"info","requestId":"2f6d4659-8aed-4f99-9c07-0bae1f34d3b0","metodo":"POST","ruta":"/api/v1/registrations","status":201,"duracionMs":83}
integración · PostgreSQL 16 (Testcontainers)	Schema vs 06 · identidad y sesiones (TEST-AUTH-*) · readiness · migración fallida aborta	2026-09-19T01:13:54.2234799Z {"nivel":"info","requestId":"fcaff9c5-71a3-4f02-a23a-7f04f3ba07db","metodo":"POST","ruta":"/api/v1/auth/sessions","status":201,"duracionMs":76}
integración · PostgreSQL 16 (Testcontainers)	Schema vs 06 · identidad y sesiones (TEST-AUTH-*) · readiness · migración fallida aborta	2026-09-19T01:13:54.3178611Z {"nivel":"info","requestId":"be0d6cec-82ae-4618-aab8-ed31b123f222","metodo":"POST","ruta":"/api/v1/registrations","status":201,"duracionMs":87}
integración · PostgreSQL 16 (Testcontainers)	Schema vs 06 · identidad y sesiones (TEST-AUTH-*) · readiness · migración fallida aborta	2026-09-19T01:13:54.3956695Z {"nivel":"info","requestId":"69a2bbd9-ad9e-4b29-94e9-ac40176c9b49","metodo":"POST","ruta":"/api/v1/auth/sessions","status":201,"duracionMs":76}
integración · PostgreSQL 16 (Testcontainers)	Schema vs 06 · identidad y sesiones (TEST-AUTH-*) · readiness · migración fallida aborta	2026-09-19T01:13:54.4037650Z {"nivel":"info","requestId":"41a95274-4010-482b-b6ad-b35b7649a50a","metodo":"GET","ruta":"/api/v1/me","status":200,"duracionMs":6}
integración · PostgreSQL 16 (Testcontainers)	Schema vs 06 · identidad y sesiones (TEST-AUTH-*) · readiness · migración fallida aborta	2026-09-19T01:13:54.4083317Z {"nivel":"info","requestId":"fe6a7de1-8b42-4236-89b4-7a2f0cd579cb","metodo":"GET","ruta":"/api/v1/me","status":401,"duracionMs":0}
integración · PostgreSQL 16 (Testcontainers)	Schema vs 06 · identidad y sesiones (TEST-AUTH-*) · readiness · migración fallida aborta	2026-09-19T01:13:54.4105300Z {"nivel":"info","requestId":"a413fe66-dd53-40bd-bb1c-e69060627597","metodo":"GET","ruta":"/api/v1/me","status":401,"duracionMs":0}
integración · PostgreSQL 16 (Testcontainers)	Schema vs 06 · identidad y sesiones (TEST-AUTH-*) · readiness · migración fallida aborta	2026-09-19T01:13:54.4129025Z {"nivel":"info","requestId":"1e609340-de8f-43a1-84bd-f165a0abe5ed","metodo":"GET","ruta":"/api/v1/me","status":401,"duracionMs":0}
integración · PostgreSQL 16 (Testcontainers)	Schema vs 06 · identidad y sesiones (TEST-AUTH-*) · readiness · migración fallida aborta	2026-09-19T01:13:54.4983605Z {"nivel":"info","requestId":"4b973d1e-d2b8-479c-bd3b-4cbe9c1f8fc3","metodo":"POST","ruta":"/api/v1/registrations","status":201,"duracionMs":83}
integración · PostgreSQL 16 (Testcontainers)	Schema vs 06 · identidad y sesiones (TEST-AUTH-*) · readiness · migración fallida aborta	2026-09-19T01:13:54.5746879Z {"nivel":"info","requestId":"67fc5946-8bb7-47f2-81c6-9436f3765d22","metodo":"POST","ruta":"/api/v1/auth/sessions","status":201,"duracionMs":74}
integración · PostgreSQL 16 (Testcontainers)	Schema vs 06 · identidad y sesiones (TEST-AUTH-*) · readiness · migración fallida aborta	2026-09-19T01:13:54.5775590Z {"nivel":"info","requestId":"0d468cea-ee66-46f6-9d51-22826adea718","metodo":"GET","ruta":"/api/v1/me","status":401,"duracionMs":0}
integración · PostgreSQL 16 (Testcontainers)	Schema vs 06 · identidad y sesiones (TEST-AUTH-*) · readiness · migración fallida aborta	2026-09-19T01:13:54.5793922Z {"nivel":"info","requestId":"9dd28b9e-5f8f-43c8-9984-d7286e209867","metodo":"GET","ruta":"/api/v1/me","status":401,"duracionMs":0}
integración · PostgreSQL 16 (Testcontainers)	Schema vs 06 · identidad y sesiones (TEST-AUTH-*) · readiness · migración fallida aborta	2026-09-19T01:13:54.6666981Z {"nivel":"info","requestId":"fccc007a-369b-4d62-939e-9ec3517305a3","metodo":"POST","ruta":"/api/v1/registrations","status":201,"duracionMs":84}
integración · PostgreSQL 16 (Testcontainers)	Schema vs 06 · identidad y sesiones (TEST-AUTH-*) · readiness · migración fallida aborta	2026-09-19T01:13:54.7430650Z {"nivel":"info","requestId":"40b9cca0-cc8a-46d1-a5ef-50d04a3d329d","metodo":"POST","ruta":"/api/v1/auth/sessions","status":201,"duracionMs":74}
integración · PostgreSQL 16 (Testcontainers)	Schema vs 06 · identidad y sesiones (TEST-AUTH-*) · readiness · migración fallida aborta	2026-09-19T01:13:54.7492640Z {"nivel":"info","requestId":"28275659-132b-46f7-8af4-4ab88a082e28","metodo":"DELETE","ruta":"/api/v1/auth/sessions/current","status":204,"duracionMs":4}
integración · PostgreSQL 16 (Testcontainers)	Schema vs 06 · identidad y sesiones (TEST-AUTH-*) · readiness · migración fallida aborta	2026-09-19T01:13:54.7530497Z {"nivel":"info","requestId":"3da8fca7-206f-4441-95ed-a7987e490ad6","metodo":"GET","ruta":"/api/v1/me","status":401,"duracionMs":2}
integración · PostgreSQL 16 (Testcontainers)	Schema vs 06 · identidad y sesiones (TEST-AUTH-*) · readiness · migración fallida aborta	2026-09-19T01:13:54.7585002Z {"nivel":"info","requestId":"ca62c1f6-6a3b-4910-9dad-d0809919eb99","metodo":"DELETE","ruta":"/api/v1/auth/sessions/current","status":204,"duracionMs":3}
integración · PostgreSQL 16 (Testcontainers)	Schema vs 06 · identidad y sesiones (TEST-AUTH-*) · readiness · migración fallida aborta	2026-09-19T01:13:54.8383797Z {"nivel":"info","requestId":"dea309a4-d08c-49d8-a481-6ec1483d5c48","metodo":"POST","ruta":"/api/v1/auth/sessions","status":201,"duracionMs":74}
integración · PostgreSQL 16 (Testcontainers)	Schema vs 06 · identidad y sesiones (TEST-AUTH-*) · readiness · migración fallida aborta	2026-09-19T01:13:54.9328638Z {"nivel":"info","requestId":"87308b1b-6595-4ad6-8941-585b48d4bd8a","metodo":"POST","ruta":"/api/v1/registrations","status":201,"duracionMs":88}
integración · PostgreSQL 16 (Testcontainers)	Schema vs 06 · identidad y sesiones (TEST-AUTH-*) · readiness · migración fallida aborta	2026-09-19T01:13:55.0094856Z {"nivel":"info","requestId":"b68a8d20-9229-402c-a0c2-cf5a2f9ce939","metodo":"POST","ruta":"/api/v1/auth/sessions","status":201,"duracionMs":74}
integración · PostgreSQL 16 (Testcontainers)	Schema vs 06 · identidad y sesiones (TEST-AUTH-*) · readiness · migración fallida aborta	2026-09-19T01:13:55.0858927Z {"nivel":"info","requestId":"36b4957a-e57a-4a54-9f84-66d8104fdbd6","metodo":"POST","ruta":"/api/v1/auth/sessions","status":201,"duracionMs":74}
integración · PostgreSQL 16 (Testcontainers)	Schema vs 06 · identidad y sesiones (TEST-AUTH-*) · readiness · migración fallida aborta	2026-09-19T01:13:55.0915629Z {"nivel":"info","requestId":"166377dc-a685-48b5-b965-ac9f1df1cb64","metodo":"GET","ruta":"/api/v1/me","status":200,"duracionMs":4}
integración · PostgreSQL 16 (Testcontainers)	Schema vs 06 · identidad y sesiones (TEST-AUTH-*) · readiness · migración fallida aborta	2026-09-19T01:13:55.0985452Z {"nivel":"info","requestId":"46852573-4f4a-4a70-a493-4124475314a7","metodo":"DELETE","ruta":"/api/v1/auth/sessions","status":204,"duracionMs":5}
integración · PostgreSQL 16 (Testcontainers)	Schema vs 06 · identidad y sesiones (TEST-AUTH-*) · readiness · migración fallida aborta	2026-09-19T01:13:55.1019087Z {"nivel":"info","requestId":"4b8b2113-c955-4a46-aabb-d3806020c794","metodo":"GET","ruta":"/api/v1/me","status":401,"duracionMs":2}
integración · PostgreSQL 16 (Testcontainers)	Schema vs 06 · identidad y sesiones (TEST-AUTH-*) · readiness · migración fallida aborta	2026-09-19T01:13:55.1056105Z {"nivel":"info","requestId":"6a4e261e-beed-4a47-8e5e-9267e453d921","metodo":"GET","ruta":"/api/v1/me","status":401,"duracionMs":2}
integración · PostgreSQL 16 (Testcontainers)	Schema vs 06 · identidad y sesiones (TEST-AUTH-*) · readiness · migración fallida aborta	2026-09-19T01:13:55.1827171Z {"nivel":"info","requestId":"64acce9f-791d-4b64-8502-93f8166be0a3","metodo":"POST","ruta":"/api/v1/auth/sessions","status":201,"duracionMs":75}
integración · PostgreSQL 16 (Testcontainers)	Schema vs 06 · identidad y sesiones (TEST-AUTH-*) · readiness · migración fallida aborta	2026-09-19T01:13:55.1901018Z {"nivel":"info","requestId":"c0f6f833-7c58-4cfc-836c-c2adb02dbc31","metodo":"GET","ruta":"/api/v1/me","status":200,"duracionMs":5}
integración · PostgreSQL 16 (Testcontainers)	Schema vs 06 · identidad y sesiones (TEST-AUTH-*) · readiness · migración fallida aborta	2026-09-19T01:13:55.2767279Z {"nivel":"info","requestId":"8bf6f1a4-bda5-4aa7-932d-5a86e2c251b6","metodo":"POST","ruta":"/api/v1/registrations","status":201,"duracionMs":83}
integración · PostgreSQL 16 (Testcontainers)	Schema vs 06 · identidad y sesiones (TEST-AUTH-*) · readiness · migración fallida aborta	2026-09-19T01:13:55.3530324Z {"nivel":"info","requestId":"db031b5a-9614-4253-9631-5e8075faf7a6","metodo":"POST","ruta":"/api/v1/auth/sessions","status":201,"duracionMs":74}
integración · PostgreSQL 16 (Testcontainers)	Schema vs 06 · identidad y sesiones (TEST-AUTH-*) · readiness · migración fallida aborta	2026-09-19T01:13:55.3570034Z {"nivel":"info","requestId":"06cab486-4969-4be7-a9e6-1ce314a24af5","metodo":"GET","ruta":"/api/v1/me","status":400,"duracionMs":2}
integración · PostgreSQL 16 (Testcontainers)	Schema vs 06 · identidad y sesiones (TEST-AUTH-*) · readiness · migración fallida aborta	2026-09-19T01:13:55.4414036Z {"nivel":"info","requestId":"5cfee463-4253-41f5-b75b-ff224374132c","metodo":"POST","ruta":"/api/v1/registrations","status":201,"duracionMs":81}
integración · PostgreSQL 16 (Testcontainers)	Schema vs 06 · identidad y sesiones (TEST-AUTH-*) · readiness · migración fallida aborta	2026-09-19T01:13:55.5197076Z {"nivel":"info","requestId":"5c139720-7713-4760-852b-03e26649601f","metodo":"POST","ruta":"/api/v1/auth/sessions","status":201,"duracionMs":76}
integración · PostgreSQL 16 (Testcontainers)	Schema vs 06 · identidad y sesiones (TEST-AUTH-*) · readiness · migración fallida aborta	2026-09-19T01:13:55.5251318Z {"nivel":"info","requestId":"93867ac2-feec-4aba-8b6f-e1d835e79f62","metodo":"GET","ruta":"/api/v1/me","status":200,"duracionMs":3}
integración · PostgreSQL 16 (Testcontainers)	Schema vs 06 · identidad y sesiones (TEST-AUTH-*) · readiness · migración fallida aborta	2026-09-19T01:13:55.5336591Z {"nivel":"info","requestId":"61cd0e88-18c2-48e4-a827-5c27246f6f86","metodo":"GET","ruta":"/api/v1/me","status":401,"duracionMs":2}
integración · PostgreSQL 16 (Testcontainers)	Schema vs 06 · identidad y sesiones (TEST-AUTH-*) · readiness · migración fallida aborta	2026-09-19T01:13:55.6067520Z {"nivel":"info","requestId":"a0f8d630-5892-4e7a-8c67-47ab872b3a19","metodo":"POST","ruta":"/api/v1/auth/sessions","status":401,"duracionMs":70}
integración · PostgreSQL 16 (Testcontainers)	Schema vs 06 · identidad y sesiones (TEST-AUTH-*) · readiness · migración fallida aborta	2026-09-19T01:13:55.6164972Z {"nivel":"info","requestId":"044ca26e-e08b-4b2e-80c0-ffacee206eef","metodo":"GET","ruta":"/api/v1/me","status":401,"duracionMs":2}
integración · PostgreSQL 16 (Testcontainers)	Schema vs 06 · identidad y sesiones (TEST-AUTH-*) · readiness · migración fallida aborta	2026-09-19T01:13:55.6919939Z {"nivel":"info","requestId":"4da1c2dc-7dc0-48c8-84bb-6598b640cd00","metodo":"POST","ruta":"/api/v1/auth/sessions","status":201,"duracionMs":74}
integración · PostgreSQL 16 (Testcontainers)	Schema vs 06 · identidad y sesiones (TEST-AUTH-*) · readiness · migración fallida aborta	2026-09-19T01:13:55.9088497Z {"nivel":"info","requestId":"5b55059e-e072-4797-a89c-070c9dac86ff","metodo":"POST","ruta":"/api/v1/registrations","status":201,"duracionMs":85}
integración · PostgreSQL 16 (Testcontainers)	Schema vs 06 · identidad y sesiones (TEST-AUTH-*) · readiness · migración fallida aborta	2026-09-19T01:13:55.9875743Z {"nivel":"info","requestId":"eb979297-3dd2-426c-bff0-845506daf821","metodo":"POST","ruta":"/api/v1/auth/sessions","status":401,"duracionMs":76}
integración · PostgreSQL 16 (Testcontainers)	Schema vs 06 · identidad y sesiones (TEST-AUTH-*) · readiness · migración fallida aborta	2026-09-19T01:13:56.0613140Z {"nivel":"info","requestId":"b1913db3-63ac-48a8-a94e-da78fe164be9","metodo":"POST","ruta":"/api/v1/auth/sessions","status":401,"duracionMs":71}
integración · PostgreSQL 16 (Testcontainers)	Schema vs 06 · identidad y sesiones (TEST-AUTH-*) · readiness · migración fallida aborta	2026-09-19T01:13:56.1365186Z {"nivel":"info","requestId":"28669da0-b71c-431e-bb64-b2e2b6188328","metodo":"POST","ruta":"/api/v1/auth/sessions","status":401,"duracionMs":73}
integración · PostgreSQL 16 (Testcontainers)	Schema vs 06 · identidad y sesiones (TEST-AUTH-*) · readiness · migración fallida aborta	2026-09-19T01:13:56.2087164Z {"nivel":"info","requestId":"5751be5a-6f7e-40a4-85cb-02ac78962dd8","metodo":"POST","ruta":"/api/v1/auth/sessions","status":401,"duracionMs":70}
integración · PostgreSQL 16 (Testcontainers)	Schema vs 06 · identidad y sesiones (TEST-AUTH-*) · readiness · migración fallida aborta	2026-09-19T01:13:56.2816166Z {"nivel":"info","requestId":"5274b3d3-9ca5-4ac1-9909-3847a8639a8e","metodo":"POST","ruta":"/api/v1/auth/sessions","status":401,"duracionMs":70}
integración · PostgreSQL 16 (Testcontainers)	Schema vs 06 · identidad y sesiones (TEST-AUTH-*) · readiness · migración fallida aborta	2026-09-19T01:13:56.3547756Z {"nivel":"info","requestId":"cd6fd6cc-0f23-4b82-b7d6-fc27fc74e078","metodo":"POST","ruta":"/api/v1/auth/sessions","status":401,"duracionMs":71}
integración · PostgreSQL 16 (Testcontainers)	Schema vs 06 · identidad y sesiones (TEST-AUTH-*) · readiness · migración fallida aborta	2026-09-19T01:13:56.3580182Z {"nivel":"info","requestId":"2ee80a12-eab2-4377-9015-0095ec26452b","metodo":"POST","ruta":"/api/v1/auth/sessions","status":429,"duracionMs":0}
integración · PostgreSQL 16 (Testcontainers)	Schema vs 06 · identidad y sesiones (TEST-AUTH-*) · readiness · migración fallida aborta	2026-09-19T01:13:56.3615429Z {"nivel":"info","requestId":"dd6256c7-68e2-4924-8a8e-edcdbd6acac1","metodo":"POST","ruta":"/api/v1/auth/sessions","status":429,"duracionMs":0}
integración · PostgreSQL 16 (Testcontainers)	Schema vs 06 · identidad y sesiones (TEST-AUTH-*) · readiness · migración fallida aborta	2026-09-19T01:13:56.4477827Z {"nivel":"info","requestId":"0c578c21-4bb7-4870-8474-d00b71504461","metodo":"POST","ruta":"/api/v1/registrations","status":201,"duracionMs":83}
integración · PostgreSQL 16 (Testcontainers)	Schema vs 06 · identidad y sesiones (TEST-AUTH-*) · readiness · migración fallida aborta	2026-09-19T01:13:56.5284623Z {"nivel":"info","requestId":"c151a493-38d3-48f3-be7a-54d2fbdae6ca","metodo":"POST","ruta":"/api/v1/auth/sessions","status":201,"duracionMs":78}
integración · PostgreSQL 16 (Testcontainers)	Schema vs 06 · identidad y sesiones (TEST-AUTH-*) · readiness · migración fallida aborta	2026-09-19T01:13:56.7360175Z {"nivel":"info","requestId":"ed8cee0a-1acd-453b-93cb-5fa151e70bb4","metodo":"POST","ruta":"/api/v1/auth/sessions","status":401,"duracionMs":77}
integración · PostgreSQL 16 (Testcontainers)	Schema vs 06 · identidad y sesiones (TEST-AUTH-*) · readiness · migración fallida aborta	2026-09-19T01:13:56.8080871Z {"nivel":"info","requestId":"1aa2b5d1-3b1b-484c-83b3-c07458595de4","metodo":"POST","ruta":"/api/v1/auth/sessions","status":401,"duracionMs":70}
integración · PostgreSQL 16 (Testcontainers)	Schema vs 06 · identidad y sesiones (TEST-AUTH-*) · readiness · migración fallida aborta	2026-09-19T01:13:56.8801773Z {"nivel":"info","requestId":"39faff7b-2bf4-4846-8d8e-3d1b4b303ff4","metodo":"POST","ruta":"/api/v1/auth/sessions","status":401,"duracionMs":70}
integración · PostgreSQL 16 (Testcontainers)	Schema vs 06 · identidad y sesiones (TEST-AUTH-*) · readiness · migración fallida aborta	2026-09-19T01:13:56.9533919Z {"nivel":"info","requestId":"cb5a60b8-5d41-41ca-a585-e7c7b93ca1bc","metodo":"POST","ruta":"/api/v1/auth/sessions","status":401,"duracionMs":71}
integración · PostgreSQL 16 (Testcontainers)	Schema vs 06 · identidad y sesiones (TEST-AUTH-*) · readiness · migración fallida aborta	2026-09-19T01:13:56.9560797Z {"nivel":"info","requestId":"9bc0c9d4-7b0d-47f2-9dfb-3ccd61c6d19a","metodo":"POST","ruta":"/api/v1/auth/sessions","status":429,"duracionMs":0}
integración · PostgreSQL 16 (Testcontainers)	Schema vs 06 · identidad y sesiones (TEST-AUTH-*) · readiness · migración fallida aborta	2026-09-19T01:13:57.0577833Z {"nivel":"info","requestId":"74450245-9277-4396-b7a8-20f8e3e8ed82","metodo":"POST","ruta":"/api/v1/registrations","status":201,"duracionMs":93}
integración · PostgreSQL 16 (Testcontainers)	Schema vs 06 · identidad y sesiones (TEST-AUTH-*) · readiness · migración fallida aborta	2026-09-19T01:13:57.1422148Z {"nivel":"info","requestId":"7b45c3e8-5626-4b8a-a30c-e31fbaa16dac","metodo":"POST","ruta":"/api/v1/registrations","status":201,"duracionMs":82}
integración · PostgreSQL 16 (Testcontainers)	Schema vs 06 · identidad y sesiones (TEST-AUTH-*) · readiness · migración fallida aborta	2026-09-19T01:13:57.1445329Z {"nivel":"info","requestId":"75305085-caaf-41f0-bb0c-c332a97f5a3f","metodo":"POST","ruta":"/api/v1/registrations","status":429,"duracionMs":0}
integración · PostgreSQL 16 (Testcontainers)	Schema vs 06 · identidad y sesiones (TEST-AUTH-*) · readiness · migración fallida aborta	2026-09-19T01:13:57.1582562Z PASS ../../test/integration/sesiones.int-spec.ts (10.208 s)
integración · PostgreSQL 16 (Testcontainers)	Schema vs 06 · identidad y sesiones (TEST-AUTH-*) · readiness · migración fallida aborta	2026-09-19T01:13:57.1586043Z   TEST-AUTH-001 — login inválido neutral
integración · PostgreSQL 16 (Testcontainers)	Schema vs 06 · identidad y sesiones (TEST-AUTH-*) · readiness · migración fallida aborta	2026-09-19T01:13:57.1588049Z     ✓ TEST-AUTH-001: código, cuerpo y headers indistinguibles; sin details; ninguna sesión creada (349 ms)
integración · PostgreSQL 16 (Testcontainers)	Schema vs 06 · identidad y sesiones (TEST-AUTH-*) · readiness · migración fallida aborta	2026-09-19T01:13:57.1589830Z     ✓ TEST-AUTH-001: la causa real queda solo en la auditoría interna (09v7 T16) (80 ms)
integración · PostgreSQL 16 (Testcontainers)	Schema vs 06 · identidad y sesiones (TEST-AUTH-*) · readiness · migración fallida aborta	2026-09-19T01:13:57.1592047Z     ✓ TEST-AUTH-001: el hash señuelo usa el costo de los hashes guardados aunque BCRYPT_COST cambie (DL-014) (224 ms)
integración · PostgreSQL 16 (Testcontainers)	Schema vs 06 · identidad y sesiones (TEST-AUTH-*) · readiness · migración fallida aborta	2026-09-19T01:13:57.1593942Z     ✓ TEST-AUTH-001: tiempo indistinguible — medianas dentro de max(50 ms, 35 %) (DEUDA_LEGAJO DL-014) (3624 ms)
integración · PostgreSQL 16 (Testcontainers)	Schema vs 06 · identidad y sesiones (TEST-AUTH-*) · readiness · migración fallida aborta	2026-09-19T01:13:57.1595498Z   TEST-RF-002 / TEST-UC-P26 / TEST-CT-ACC-02…05 — sesión local
integración · PostgreSQL 16 (Testcontainers)	Schema vs 06 · identidad y sesiones (TEST-AUTH-*) · readiness · migración fallida aborta	2026-09-19T01:13:57.1597529Z     ✓ TEST-CT-ACC-02: login 201 con el contrato exacto; *** 12 h, sin renovación; fila de sesión con superficie (167 ms)
integración · PostgreSQL 16 (Testcontainers)	Schema vs 06 · identidad y sesiones (TEST-AUTH-*) · readiness · migración fallida aborta	2026-09-19T01:13:57.1599356Z     ✓ TEST-CT-ACC-05: /me devuelve identidad, estado y sesión propios; nunca hash, token ni A3 (177 ms)
integración · PostgreSQL 16 (Testcontainers)	Schema vs 06 · identidad y sesiones (TEST-AUTH-*) · readiness · migración fallida aborta	2026-09-19T01:13:57.1600664Z     ✓ TEST-CT-ACC-05: sin Authorization → 401 undefined (2 ms)
integración · PostgreSQL 16 (Testcontainers)	Schema vs 06 · identidad y sesiones (TEST-AUTH-*) · readiness · migración fallida aborta	2026-09-19T01:13:57.1602241Z     ✓ TEST-CT-ACC-05: esquema no *** 401 Basic abc (2 ms)
integración · PostgreSQL 16 (Testcontainers)	Schema vs 06 · identidad y sesiones (TEST-AUTH-*) · readiness · migración fallida aborta	2026-09-19T01:13:57.1603481Z     ✓ TEST-CT-ACC-05: token basura → 401 *** (2 ms)
integración · PostgreSQL 16 (Testcontainers)	Schema vs 06 · identidad y sesiones (TEST-AUTH-*) · readiness · migración fallida aborta	2026-09-19T01:13:57.1604914Z     ✓ TEST-CT-ACC-05: token firmado con otro secreto o con alg none → 401 SESSION_INVALID (166 ms)
integración · PostgreSQL 16 (Testcontainers)	Schema vs 06 · identidad y sesiones (TEST-AUTH-*) · readiness · migración fallida aborta	2026-09-19T01:13:57.1606740Z     ✓ TEST-UC-P26: logout (ACC-03) finaliza la sesión actual; la request siguiente da 401; repetir es idempotente; la cuenta sigue OPERATIVA (259 ms)
integración · PostgreSQL 16 (Testcontainers)	Schema vs 06 · identidad y sesiones (TEST-AUTH-*) · readiness · migración fallida aborta	2026-09-19T01:13:57.1608503Z     ✓ TEST-CT-ACC-04: revocar todas (ACC-04) invalida las sesiones de web y APK en la request siguiente (351 ms)
integración · PostgreSQL 16 (Testcontainers)	Schema vs 06 · identidad y sesiones (TEST-AUTH-*) · readiness · migración fallida aborta	2026-09-19T01:13:57.1610336Z     ✓ TEST-RF-002: parámetros de query no declarados en /me → 400 INVALID_REQUEST (09 §3.1) (167 ms)
integración · PostgreSQL 16 (Testcontainers)	Schema vs 06 · identidad y sesiones (TEST-AUTH-*) · readiness · migración fallida aborta	2026-09-19T01:13:57.1611997Z   Suspensión revoca sesiones — INV-06-28 · 09v8 «suspensión que exige revocación invalida sesión»
integración · PostgreSQL 16 (Testcontainers)	Schema vs 06 · identidad y sesiones (TEST-AUTH-*) · readiness · migración fallida aborta	2026-09-19T01:13:57.1613705Z     ✓ TEST-RF-002: SuspenderCuenta revoca las sesiones vigentes, bloquea el login y RestablecerCuenta no las revive (335 ms)
integración · PostgreSQL 16 (Testcontainers)	Schema vs 06 · identidad y sesiones (TEST-AUTH-*) · readiness · migración fallida aborta	2026-09-19T01:13:57.1614956Z   TEST-RNF-SEC-003 — límite de intentos neutral
integración · PostgreSQL 16 (Testcontainers)	Schema vs 06 · identidad y sesiones (TEST-AUTH-*) · readiness · migración fallida aborta	2026-09-19T01:13:57.1616274Z     ✓ TEST-RNF-SEC-003: login — 429 RATE_LIMITED idéntico exista o no la cuenta, aun con la contraseña correcta (707 ms)
integración · PostgreSQL 16 (Testcontainers)	Schema vs 06 · identidad y sesiones (TEST-AUTH-*) · readiness · migración fallida aborta	2026-09-19T01:13:57.1618095Z     ✓ TEST-RNF-SEC-003: login — cupo global por red (08:786): identificadores distintos desde la misma red también se frenan (431 ms)
integración · PostgreSQL 16 (Testcontainers)	Schema vs 06 · identidad y sesiones (TEST-AUTH-*) · readiness · migración fallida aborta	2026-09-19T01:13:57.1619694Z     ✓ TEST-RNF-SEC-003: registro — 429 al superar el límite por IP, sin crear identidad (186 ms)
integración · PostgreSQL 16 (Testcontainers)	Schema vs 06 · identidad y sesiones (TEST-AUTH-*) · readiness · migración fallida aborta	2026-09-19T01:13:57.1620374Z 
integración · PostgreSQL 16 (Testcontainers)	Schema vs 06 · identidad y sesiones (TEST-AUTH-*) · readiness · migración fallida aborta	2026-09-19T01:13:58.0697940Z {"nivel":"info","requestId":"5dc06fbd-c45a-44ae-8b93-10beefee7fdb","metodo":"POST","ruta":"/api/v1/registrations","status":201,"duracionMs":99}
integración · PostgreSQL 16 (Testcontainers)	Schema vs 06 · identidad y sesiones (TEST-AUTH-*) · readiness · migración fallida aborta	2026-09-19T01:13:58.2105846Z {"nivel":"info","requestId":"13a544ca-06ed-4dad-aa44-d52304156681","metodo":"POST","ruta":"/api/v1/registrations","status":201,"duracionMs":87}
integración · PostgreSQL 16 (Testcontainers)	Schema vs 06 · identidad y sesiones (TEST-AUTH-*) · readiness · migración fallida aborta	2026-09-19T01:13:58.2912284Z {"nivel":"info","requestId":"d2d8c030-5ce1-450a-a621-bcfae4b40e8e","metodo":"POST","ruta":"/api/v1/auth/sessions","status":201,"duracionMs":78}
integración · PostgreSQL 16 (Testcontainers)	Schema vs 06 · identidad y sesiones (TEST-AUTH-*) · readiness · migración fallida aborta	2026-09-19T01:13:58.3006982Z {"nivel":"info","requestId":"843d1e0e-7cc6-4844-8a64-ad726d19e029","metodo":"GET","ruta":"/api/v1/me/health-data-consent-requirement","status":200,"duracionMs":7}
integración · PostgreSQL 16 (Testcontainers)	Schema vs 06 · identidad y sesiones (TEST-AUTH-*) · readiness · migración fallida aborta	2026-09-19T01:13:58.3062026Z {"nivel":"info","requestId":"881c79a3-8088-486a-8382-e1b765522e47","metodo":"POST","ruta":"/api/v1/registrations","status":400,"duracionMs":1}
integración · PostgreSQL 16 (Testcontainers)	Schema vs 06 · identidad y sesiones (TEST-AUTH-*) · readiness · migración fallida aborta	2026-09-19T01:13:58.4525042Z {"nivel":"info","requestId":"5d031f01-7b5b-4758-b1ad-5fe808b96a2a","metodo":"POST","ruta":"/api/v1/registrations","status":201,"duracionMs":137}
integración · PostgreSQL 16 (Testcontainers)	Schema vs 06 · identidad y sesiones (TEST-AUTH-*) · readiness · migración fallida aborta	2026-09-19T01:13:58.4602185Z {"nivel":"info","requestId":"245ede23-ff2e-467c-a2d1-8b9918546a1e","metodo":"POST","ruta":"/api/v1/registrations","status":409,"duracionMs":145}
integración · PostgreSQL 16 (Testcontainers)	Schema vs 06 · identidad y sesiones (TEST-AUTH-*) · readiness · migración fallida aborta	2026-09-19T01:13:58.5212114Z {"nivel":"info","requestId":"8c46a802-3af5-4121-b2d8-9aedb8c53913","metodo":"POST","ruta":"/api/v1/registrations","status":409,"duracionMs":207}
integración · PostgreSQL 16 (Testcontainers)	Schema vs 06 · identidad y sesiones (TEST-AUTH-*) · readiness · migración fallida aborta	2026-09-19T01:13:58.5342169Z {"nivel":"info","requestId":"a1727498-3290-4d40-b9e7-5872f2738354","metodo":"POST","ruta":"/api/v1/registrations","status":409,"duracionMs":216}
integración · PostgreSQL 16 (Testcontainers)	Schema vs 06 · identidad y sesiones (TEST-AUTH-*) · readiness · migración fallida aborta	2026-09-19T01:13:58.5344402Z {"nivel":"info","requestId":"c0297732-6df3-441a-bef2-af22612eebbe","metodo":"POST","ruta":"/api/v1/registrations","status":409,"duracionMs":216}
integración · PostgreSQL 16 (Testcontainers)	Schema vs 06 · identidad y sesiones (TEST-AUTH-*) · readiness · migración fallida aborta	2026-09-19T01:13:58.5346878Z {"nivel":"info","requestId":"d682febd-f43c-45bd-adc0-bb80678201ba","metodo":"POST","ruta":"/api/v1/registrations","status":409,"duracionMs":218}
integración · PostgreSQL 16 (Testcontainers)	Schema vs 06 · identidad y sesiones (TEST-AUTH-*) · readiness · migración fallida aborta	2026-09-19T01:13:58.5349320Z {"nivel":"info","requestId":"1733faad-b5bf-498f-8a82-222877089ea8","metodo":"POST","ruta":"/api/v1/registrations","status":409,"duracionMs":217}
integración · PostgreSQL 16 (Testcontainers)	Schema vs 06 · identidad y sesiones (TEST-AUTH-*) · readiness · migración fallida aborta	2026-09-19T01:13:58.5386311Z {"nivel":"info","requestId":"73f8d6c7-058f-4002-9a9c-018cea1b7824","metodo":"POST","ruta":"/api/v1/registrations","status":409,"duracionMs":225}
integración · PostgreSQL 16 (Testcontainers)	Schema vs 06 · identidad y sesiones (TEST-AUTH-*) · readiness · migración fallida aborta	2026-09-19T01:13:58.6410080Z {"nivel":"info","requestId":"931c5a90-40e4-46d7-8b36-02c1afe0ca69","metodo":"POST","ruta":"/api/v1/registrations","status":201,"duracionMs":96}
integración · PostgreSQL 16 (Testcontainers)	Schema vs 06 · identidad y sesiones (TEST-AUTH-*) · readiness · migración fallida aborta	2026-09-19T01:13:58.7153796Z {"nivel":"info","requestId":"b6b6685e-8745-4f7d-8bd3-e2662b179684","metodo":"POST","ruta":"/api/v1/registrations","status":409,"duracionMs":72}
integración · PostgreSQL 16 (Testcontainers)	Schema vs 06 · identidad y sesiones (TEST-AUTH-*) · readiness · migración fallida aborta	2026-09-19T01:13:58.8047743Z {"nivel":"info","requestId":"192a3354-aa9e-4a4c-b616-27f5c5a86d2e","metodo":"POST","ruta":"/api/v1/registrations","status":201,"duracionMs":85}
integración · PostgreSQL 16 (Testcontainers)	Schema vs 06 · identidad y sesiones (TEST-AUTH-*) · readiness · migración fallida aborta	2026-09-19T01:13:58.8992680Z {"nivel":"info","requestId":"93ff52de-cd21-4f35-a9cb-37ce3a9dece5","metodo":"POST","ruta":"/api/v1/registrations","status":201,"duracionMs":83}
integración · PostgreSQL 16 (Testcontainers)	Schema vs 06 · identidad y sesiones (TEST-AUTH-*) · readiness · migración fallida aborta	2026-09-19T01:13:58.9855341Z {"nivel":"info","requestId":"d17cf21a-57c2-44c5-a9f0-ab1fc20e70ef","metodo":"POST","ruta":"/api/v1/registrations","status":201,"duracionMs":82}
integración · PostgreSQL 16 (Testcontainers)	Schema vs 06 · identidad y sesiones (TEST-AUTH-*) · readiness · migración fallida aborta	2026-09-19T01:13:59.0936876Z {"nivel":"info","requestId":"06693886-4508-499e-b6b6-74e9adb1016d","metodo":"POST","ruta":"/api/v1/registrations","status":201,"duracionMs":87}
integración · PostgreSQL 16 (Testcontainers)	Schema vs 06 · identidad y sesiones (TEST-AUTH-*) · readiness · migración fallida aborta	2026-09-19T01:13:59.0987542Z {"nivel":"info","requestId":"fcf892d1-df50-43ed-b263-9b31e027ff96","metodo":"POST","ruta":"/api/v1/registrations","status":400,"duracionMs":0}
integración · PostgreSQL 16 (Testcontainers)	Schema vs 06 · identidad y sesiones (TEST-AUTH-*) · readiness · migración fallida aborta	2026-09-19T01:13:59.1022729Z {"nivel":"info","requestId":"789bbb34-3a0d-4bf3-ad19-c7c85bd6c85a","metodo":"POST","ruta":"/api/v1/registrations","status":400,"duracionMs":0}
integración · PostgreSQL 16 (Testcontainers)	Schema vs 06 · identidad y sesiones (TEST-AUTH-*) · readiness · migración fallida aborta	2026-09-19T01:13:59.1045432Z {"nivel":"info","requestId":"106bbe1b-9b1d-4b36-9683-6772040e8a54","metodo":"POST","ruta":"/api/v1/registrations","status":422,"duracionMs":0}
integración · PostgreSQL 16 (Testcontainers)	Schema vs 06 · identidad y sesiones (TEST-AUTH-*) · readiness · migración fallida aborta	2026-09-19T01:13:59.1064490Z {"nivel":"info","requestId":"5879efe2-5ca8-4d47-b12e-7c44491df5a4","metodo":"POST","ruta":"/api/v1/registrations","status":422,"duracionMs":0}
integración · PostgreSQL 16 (Testcontainers)	Schema vs 06 · identidad y sesiones (TEST-AUTH-*) · readiness · migración fallida aborta	2026-09-19T01:13:59.1088572Z {"nivel":"info","requestId":"b8cfaf07-eb74-4cce-b68d-d0f9cb1132bd","metodo":"POST","ruta":"/api/v1/registrations","status":400,"duracionMs":0}
integración · PostgreSQL 16 (Testcontainers)	Schema vs 06 · identidad y sesiones (TEST-AUTH-*) · readiness · migración fallida aborta	2026-09-19T01:13:59.1115929Z {"nivel":"info","requestId":"59ab8d46-f584-4680-a728-7a9a2ed95e46","metodo":"POST","ruta":"/api/v1/registrations","status":400,"duracionMs":0}
integración · PostgreSQL 16 (Testcontainers)	Schema vs 06 · identidad y sesiones (TEST-AUTH-*) · readiness · migración fallida aborta	2026-09-19T01:13:59.1134158Z {"nivel":"info","requestId":"70bf5468-acfd-446e-ba70-0dde99cde81e","metodo":"POST","ruta":"/api/v1/registrations","status":400,"duracionMs":0}
integración · PostgreSQL 16 (Testcontainers)	Schema vs 06 · identidad y sesiones (TEST-AUTH-*) · readiness · migración fallida aborta	2026-09-19T01:13:59.1152430Z {"nivel":"info","requestId":"00882a76-2b7d-4822-8eb4-16a3afc8de92","metodo":"POST","ruta":"/api/v1/registrations","status":400,"duracionMs":0}
integración · PostgreSQL 16 (Testcontainers)	Schema vs 06 · identidad y sesiones (TEST-AUTH-*) · readiness · migración fallida aborta	2026-09-19T01:13:59.1997626Z {"nivel":"info","requestId":"d06ced60-d2f9-4442-9f98-6c6c81b78e81","metodo":"POST","ruta":"/api/v1/registrations","status":201,"duracionMs":82}
integración · PostgreSQL 16 (Testcontainers)	Schema vs 06 · identidad y sesiones (TEST-AUTH-*) · readiness · migración fallida aborta	2026-09-19T01:13:59.2722565Z {"nivel":"info","requestId":"52b83013-b06f-4af6-b63a-3e00bfabf525","metodo":"POST","ruta":"/api/v1/registrations","status":201,"duracionMs":70}
integración · PostgreSQL 16 (Testcontainers)	Schema vs 06 · identidad y sesiones (TEST-AUTH-*) · readiness · migración fallida aborta	2026-09-19T01:13:59.3723565Z {"nivel":"info","requestId":"68c0b443-45a9-4a91-9f09-4f1e8b317dbd","metodo":"POST","ruta":"/api/v1/registrations","status":201,"duracionMs":93}
integración · PostgreSQL 16 (Testcontainers)	Schema vs 06 · identidad y sesiones (TEST-AUTH-*) · readiness · migración fallida aborta	2026-09-19T01:13:59.3734205Z {"nivel":"info","requestId":"d65eeb72-5f1d-4c5f-9675-31d6ebad91cf","metodo":"POST","ruta":"/api/v1/registrations","status":201,"duracionMs":93}
integración · PostgreSQL 16 (Testcontainers)	Schema vs 06 · identidad y sesiones (TEST-AUTH-*) · readiness · migración fallida aborta	2026-09-19T01:13:59.3752274Z {"nivel":"info","requestId":"958d1a40-6d21-41f1-93ed-89864757f4a3","metodo":"POST","ruta":"/api/v1/registrations","status":201,"duracionMs":97}
integración · PostgreSQL 16 (Testcontainers)	Schema vs 06 · identidad y sesiones (TEST-AUTH-*) · readiness · migración fallida aborta	2026-09-19T01:13:59.3770913Z {"nivel":"info","requestId":"1e7bfe58-b123-4f7b-a4b1-3de47754cd48","metodo":"POST","ruta":"/api/v1/registrations","status":201,"duracionMs":98}
integración · PostgreSQL 16 (Testcontainers)	Schema vs 06 · identidad y sesiones (TEST-AUTH-*) · readiness · migración fallida aborta	2026-09-19T01:13:59.4739326Z {"nivel":"info","requestId":"1388d42e-6893-4b64-bd2b-7d1395be4181","metodo":"POST","ruta":"/api/v1/registrations","status":201,"duracionMs":94}
integración · PostgreSQL 16 (Testcontainers)	Schema vs 06 · identidad y sesiones (TEST-AUTH-*) · readiness · migración fallida aborta	2026-09-19T01:13:59.5469247Z {"nivel":"info","requestId":"b76b617e-0887-4349-9211-a926971946f3","metodo":"POST","ruta":"/api/v1/registrations","status":409,"duracionMs":71}
integración · PostgreSQL 16 (Testcontainers)	Schema vs 06 · identidad y sesiones (TEST-AUTH-*) · readiness · migración fallida aborta	2026-09-19T01:13:59.6309205Z {"nivel":"error","evento":"error_no_clasificado","tipo":"Error","requestId":"2d9b275a-5c2d-4b3c-8508-93d5b945054f"}
integración · PostgreSQL 16 (Testcontainers)	Schema vs 06 · identidad y sesiones (TEST-AUTH-*) · readiness · migración fallida aborta	2026-09-19T01:13:59.6313263Z {"nivel":"info","requestId":"2d9b275a-5c2d-4b3c-8508-93d5b945054f","metodo":"POST","ruta":"/api/v1/registrations","status":500,"duracionMs":81}
integración · PostgreSQL 16 (Testcontainers)	Schema vs 06 · identidad y sesiones (TEST-AUTH-*) · readiness · migración fallida aborta	2026-09-19T01:13:59.7199012Z {"nivel":"info","requestId":"4c630980-1039-46f4-9558-fb3ecc86ae3f","metodo":"POST","ruta":"/api/v1/registrations","status":201,"duracionMs":85}
integración · PostgreSQL 16 (Testcontainers)	Schema vs 06 · identidad y sesiones (TEST-AUTH-*) · readiness · migración fallida aborta	2026-09-19T01:13:59.8045689Z {"nivel":"info","requestId":"5d019482-cf5b-4c35-a260-c7ecdaf7c9c6","metodo":"POST","ruta":"/api/v1/registrations","status":201,"duracionMs":82}
integración · PostgreSQL 16 (Testcontainers)	Schema vs 06 · identidad y sesiones (TEST-AUTH-*) · readiness · migración fallida aborta	2026-09-19T01:13:59.8912401Z {"nivel":"info","requestId":"07e481c0-fbfc-4689-9591-e2a015e562d3","metodo":"POST","ruta":"/api/v1/registrations","status":201,"duracionMs":84}
integración · PostgreSQL 16 (Testcontainers)	Schema vs 06 · identidad y sesiones (TEST-AUTH-*) · readiness · migración fallida aborta	2026-09-19T01:13:59.9044865Z PASS ../../test/integration/registro.int-spec.ts
integración · PostgreSQL 16 (Testcontainers)	Schema vs 06 · identidad y sesiones (TEST-AUTH-*) · readiness · migración fallida aborta	2026-09-19T01:13:59.9046239Z   ✓ los identificadores de dominio son UUID opacos y no secuenciales (171 ms)
integración · PostgreSQL 16 (Testcontainers)	Schema vs 06 · identidad y sesiones (TEST-AUTH-*) · readiness · migración fallida aborta	2026-09-19T01:13:59.9047126Z   TEST-AUTH-002 — el registro no concede A3
integración · PostgreSQL 16 (Testcontainers)	Schema vs 06 · identidad y sesiones (TEST-AUTH-*) · readiness · migración fallida aborta	2026-09-19T01:13:59.9048861Z     ✓ TEST-AUTH-002: tras ACC-01 existen A1 y A2 separados con evidencia propia, cero A3, sin rol ni sesión (159 ms)
integración · PostgreSQL 16 (Testcontainers)	Schema vs 06 · identidad y sesiones (TEST-AUTH-*) · readiness · migración fallida aborta	2026-09-19T01:13:59.9049811Z     ✓ TEST-AUTH-002: CON-05 responde currentConsent null (A3 no otorgado) después del registro (181 ms)
integración · PostgreSQL 16 (Testcontainers)	Schema vs 06 · identidad y sesiones (TEST-AUTH-*) · readiness · migración fallida aborta	2026-09-19T01:13:59.9050714Z     ✓ TEST-AUTH-002: un campo de consentimiento A3 en el registro se rechaza con 400 UNKNOWN_FIELD y no crea nada (6 ms)
integración · PostgreSQL 16 (Testcontainers)	Schema vs 06 · identidad y sesiones (TEST-AUTH-*) · readiness · migración fallida aborta	2026-09-19T01:13:59.9051966Z   TEST-RF-001 — una identidad por identificador, garantizado por índice único
integración · PostgreSQL 16 (Testcontainers)	Schema vs 06 · identidad y sesiones (TEST-AUTH-*) · readiness · migración fallida aborta	2026-09-19T01:13:59.9052854Z     ✓ TEST-RF-001: 8 registros concurrentes con el mismo correo (keys distintas) crean exactamente 1 identidad (234 ms)
integración · PostgreSQL 16 (Testcontainers)	Schema vs 06 · identidad y sesiones (TEST-AUTH-*) · readiness · migración fallida aborta	2026-09-19T01:13:59.9053767Z     ✓ TEST-RF-001: mayúsculas y espacios no evaden la unicidad (identificador normalizado) (173 ms)
integración · PostgreSQL 16 (Testcontainers)	Schema vs 06 · identidad y sesiones (TEST-AUTH-*) · readiness · migración fallida aborta	2026-09-19T01:13:59.9054774Z     ✓ TEST-RF-001: la base rechaza por sí sola un segundo método LOCAL con la misma referencia (índice único) (98 ms)
integración · PostgreSQL 16 (Testcontainers)	Schema vs 06 · identidad y sesiones (TEST-AUTH-*) · readiness · migración fallida aborta	2026-09-19T01:13:59.9055383Z   TEST-UC-P25 / TEST-CT-ACC-01 — registro
integración · PostgreSQL 16 (Testcontainers)	Schema vs 06 · identidad y sesiones (TEST-AUTH-*) · readiness · migración fallida aborta	2026-09-19T01:13:59.9055949Z     ✓ TEST-CT-ACC-01: 201 con el contrato exacto, sin sesión ni datos sensibles (87 ms)
integración · PostgreSQL 16 (Testcontainers)	Schema vs 06 · identidad y sesiones (TEST-AUTH-*) · readiness · migración fallida aborta	2026-09-19T01:13:59.9056922Z     ✓ TEST-UC-P25: una sola transacción crea identidad OPERATIVA, perfil propio 1:1, método, credencial hasheada, eventos y auditoría (104 ms)
integración · PostgreSQL 16 (Testcontainers)	Schema vs 06 · identidad y sesiones (TEST-AUTH-*) · readiness · migración fallida aborta	2026-09-19T01:13:59.9057859Z     ✓ TEST-DOM-008: ocurrencia y registro se guardan por separado en todos los hechos del alta (92 ms)
integración · PostgreSQL 16 (Testcontainers)	Schema vs 06 · identidad y sesiones (TEST-AUTH-*) · readiness · migración fallida aborta	2026-09-19T01:13:59.9058537Z     ✓ TEST-CT-ACC-01: sin Idempotency-Key → 400 INVALID_REQUEST (4 ms)
integración · PostgreSQL 16 (Testcontainers)	Schema vs 06 · identidad y sesiones (TEST-AUTH-*) · readiness · migración fallida aborta	2026-09-19T01:13:59.9080976Z     ✓ TEST-CT-ACC-01: Idempotency-Key inválida → 400 INVALID_REQUEST (2 ms)
integración · PostgreSQL 16 (Testcontainers)	Schema vs 06 · identidad y sesiones (TEST-AUTH-*) · readiness · migración fallida aborta	2026-09-19T01:13:59.9082701Z     ✓ TEST-CT-ACC-01: versión de términos no vigente → 422 TERMS_VERSION_NOT_ACCEPTABLE; de privacidad → PRIVACY_VERSION_NOT_ACCEPTABLE (4 ms)
integración · PostgreSQL 16 (Testcontainers)	Schema vs 06 · identidad y sesiones (TEST-AUTH-*) · readiness · migración fallida aborta	2026-09-19T01:13:59.9083705Z     ✓ TEST-CT-ACC-01: credencial corta o correo inválido → 400 INVALID_REQUEST con issues {code, path} (3 ms)
integración · PostgreSQL 16 (Testcontainers)	Schema vs 06 · identidad y sesiones (TEST-AUTH-*) · readiness · migración fallida aborta	2026-09-19T01:13:59.9084549Z     ✓ TEST-AUTH-009: campos autoritativos del cliente (rol, estado, capacidades) → 400 UNKNOWN_FIELD (6 ms)
integración · PostgreSQL 16 (Testcontainers)	Schema vs 06 · identidad y sesiones (TEST-AUTH-*) · readiness · migración fallida aborta	2026-09-19T01:13:59.9085184Z   TEST-RNF-REC-002 — idempotencia del registro
integración · PostgreSQL 16 (Testcontainers)	Schema vs 06 · identidad y sesiones (TEST-AUTH-*) · readiness · migración fallida aborta	2026-09-19T01:13:59.9085800Z     ✓ TEST-RNF-REC-002: misma key + mismo payload → mismo resultado sin duplicar efectos (160 ms)
integración · PostgreSQL 16 (Testcontainers)	Schema vs 06 · identidad y sesiones (TEST-AUTH-*) · readiness · migración fallida aborta	2026-09-19T01:13:59.9086618Z     ✓ TEST-RNF-REC-002: requests concurrentes con la misma key → una identidad y respuestas idénticas (102 ms)
integración · PostgreSQL 16 (Testcontainers)	Schema vs 06 · identidad y sesiones (TEST-AUTH-*) · readiness · migración fallida aborta	2026-09-19T01:13:59.9087379Z     ✓ TEST-RNF-REC-002: misma key con otro payload → 409 IDEMPOTENCY_KEY_REUSED (170 ms)
integración · PostgreSQL 16 (Testcontainers)	Schema vs 06 · identidad y sesiones (TEST-AUTH-*) · readiness · migración fallida aborta	2026-09-19T01:13:59.9087969Z   TEST-RNF-SEC-005 — auditoría bloqueante (REQUIRED_SAME_TX)
integración · PostgreSQL 16 (Testcontainers)	Schema vs 06 · identidad y sesiones (TEST-AUTH-*) · readiness · migración fallida aborta	2026-09-19T01:13:59.9088799Z     ✓ TEST-RNF-SEC-005: si la auditoría del alta falla, no queda identidad ni efecto alguno (09v7 T18: no audit → no success) (173 ms)
integración · PostgreSQL 16 (Testcontainers)	Schema vs 06 · identidad y sesiones (TEST-AUTH-*) · readiness · migración fallida aborta	2026-09-19T01:13:59.9089273Z 
integración · PostgreSQL 16 (Testcontainers)	Schema vs 06 · identidad y sesiones (TEST-AUTH-*) · readiness · migración fallida aborta	2026-09-19T01:14:00.8392274Z {"nivel":"info","requestId":"c0148bc0-4976-4c5a-86ec-443e43b53a40","metodo":"POST","ruta":"/api/v1/registrations","status":201,"duracionMs":99}
integración · PostgreSQL 16 (Testcontainers)	Schema vs 06 · identidad y sesiones (TEST-AUTH-*) · readiness · migración fallida aborta	2026-09-19T01:14:00.9248703Z {"nivel":"info","requestId":"6eb436d1-67d7-4d9f-9063-1fd4dda1b8ad","metodo":"POST","ruta":"/api/v1/auth/sessions","status":201,"duracionMs":83}
integración · PostgreSQL 16 (Testcontainers)	Schema vs 06 · identidad y sesiones (TEST-AUTH-*) · readiness · migración fallida aborta	2026-09-19T01:14:01.0040848Z {"nivel":"info","requestId":"a5480187-a35e-4c50-83ff-3ddd7d835637","metodo":"POST","ruta":"/api/v1/auth/sessions","status":201,"duracionMs":77}
integración · PostgreSQL 16 (Testcontainers)	Schema vs 06 · identidad y sesiones (TEST-AUTH-*) · readiness · migración fallida aborta	2026-09-19T01:14:01.0802593Z {"nivel":"info","requestId":"7ed3479c-b253-4cf6-a385-dd3df9f2faa4","metodo":"POST","ruta":"/api/v1/auth/sessions","status":201,"duracionMs":74}
integración · PostgreSQL 16 (Testcontainers)	Schema vs 06 · identidad y sesiones (TEST-AUTH-*) · readiness · migración fallida aborta	2026-09-19T01:14:01.1112030Z {"nivel":"info","requestId":"a0d49f2c-cb41-4cb6-aac9-5f87e43588f9","metodo":"POST","ruta":"/api/v1/me/account-closure-requests","status":201,"duracionMs":29}
integración · PostgreSQL 16 (Testcontainers)	Schema vs 06 · identidad y sesiones (TEST-AUTH-*) · readiness · migración fallida aborta	2026-09-19T01:14:01.2326941Z {"nivel":"info","requestId":"ce826a50-0d9b-4a45-aff8-9750d59fc884","metodo":"POST","ruta":"/api/v1/auth/sessions","status":401,"duracionMs":73}
integración · PostgreSQL 16 (Testcontainers)	Schema vs 06 · identidad y sesiones (TEST-AUTH-*) · readiness · migración fallida aborta	2026-09-19T01:14:01.3244512Z {"nivel":"info","requestId":"0ece158a-89fb-4d3f-ac59-6fb7df01f88b","metodo":"POST","ruta":"/api/v1/registrations","status":201,"duracionMs":83}
integración · PostgreSQL 16 (Testcontainers)	Schema vs 06 · identidad y sesiones (TEST-AUTH-*) · readiness · migración fallida aborta	2026-09-19T01:14:01.4003558Z {"nivel":"info","requestId":"86771bd7-4a5b-43dc-9fb9-be0810e0b50f","metodo":"POST","ruta":"/api/v1/auth/sessions","status":201,"duracionMs":74}
integración · PostgreSQL 16 (Testcontainers)	Schema vs 06 · identidad y sesiones (TEST-AUTH-*) · readiness · migración fallida aborta	2026-09-19T01:14:01.4768642Z {"nivel":"info","requestId":"6883d333-25bb-45fb-9a7a-ef94080d4010","metodo":"POST","ruta":"/api/v1/auth/sessions","status":201,"duracionMs":74}
integración · PostgreSQL 16 (Testcontainers)	Schema vs 06 · identidad y sesiones (TEST-AUTH-*) · readiness · migración fallida aborta	2026-09-19T01:14:01.5545547Z {"nivel":"info","requestId":"b19bee9a-489a-461f-900e-7c4bdf30e2f1","metodo":"POST","ruta":"/api/v1/auth/sessions","status":201,"duracionMs":75}
integración · PostgreSQL 16 (Testcontainers)	Schema vs 06 · identidad y sesiones (TEST-AUTH-*) · readiness · migración fallida aborta	2026-09-19T01:14:01.5738414Z {"nivel":"info","requestId":"81456e15-bb2c-42b7-aaaa-4561765d27e5","metodo":"POST","ruta":"/api/v1/me/account-closure-requests","status":201,"duracionMs":17}
integración · PostgreSQL 16 (Testcontainers)	Schema vs 06 · identidad y sesiones (TEST-AUTH-*) · readiness · migración fallida aborta	2026-09-19T01:14:01.5783211Z {"nivel":"info","requestId":"ef2ca1f9-8eb2-41a9-83c8-bfb86d4bf93e","metodo":"GET","ruta":"/api/v1/me","status":401,"duracionMs":2}
integración · PostgreSQL 16 (Testcontainers)	Schema vs 06 · identidad y sesiones (TEST-AUTH-*) · readiness · migración fallida aborta	2026-09-19T01:14:01.5823287Z {"nivel":"info","requestId":"9f5bdce5-07d0-45ff-bb40-6a9852dbd8ce","metodo":"GET","ruta":"/api/v1/me/health-data-consent-requirement","status":401,"duracionMs":2}
integración · PostgreSQL 16 (Testcontainers)	Schema vs 06 · identidad y sesiones (TEST-AUTH-*) · readiness · migración fallida aborta	2026-09-19T01:14:01.5859099Z {"nivel":"info","requestId":"a2a5bcc3-2bdc-4350-9195-3eba5d1e0649","metodo":"DELETE","ruta":"/api/v1/auth/sessions","status":401,"duracionMs":2}
integración · PostgreSQL 16 (Testcontainers)	Schema vs 06 · identidad y sesiones (TEST-AUTH-*) · readiness · migración fallida aborta	2026-09-19T01:14:01.5894760Z {"nivel":"info","requestId":"926a563f-edbd-4239-a679-dba834592fc6","metodo":"GET","ruta":"/api/v1/me","status":401,"duracionMs":2}
integración · PostgreSQL 16 (Testcontainers)	Schema vs 06 · identidad y sesiones (TEST-AUTH-*) · readiness · migración fallida aborta	2026-09-19T01:14:01.5930584Z {"nivel":"info","requestId":"d6179a15-50ad-4fa9-89c0-29ddd1f99607","metodo":"GET","ruta":"/api/v1/me/health-data-consent-requirement","status":401,"duracionMs":2}
integración · PostgreSQL 16 (Testcontainers)	Schema vs 06 · identidad y sesiones (TEST-AUTH-*) · readiness · migración fallida aborta	2026-09-19T01:14:01.5965870Z {"nivel":"info","requestId":"5ade4412-8add-47e8-a948-f36c404a2c62","metodo":"DELETE","ruta":"/api/v1/auth/sessions","status":401,"duracionMs":2}
integración · PostgreSQL 16 (Testcontainers)	Schema vs 06 · identidad y sesiones (TEST-AUTH-*) · readiness · migración fallida aborta	2026-09-19T01:14:01.6000725Z {"nivel":"info","requestId":"ff47f802-be8f-4c97-8b13-ed185998438d","metodo":"GET","ruta":"/api/v1/me","status":401,"duracionMs":2}
integración · PostgreSQL 16 (Testcontainers)	Schema vs 06 · identidad y sesiones (TEST-AUTH-*) · readiness · migración fallida aborta	2026-09-19T01:14:01.6036276Z {"nivel":"info","requestId":"3fed4d43-55b0-4cfa-be0b-0fc3c44af283","metodo":"GET","ruta":"/api/v1/me/health-data-consent-requirement","status":401,"duracionMs":2}
integración · PostgreSQL 16 (Testcontainers)	Schema vs 06 · identidad y sesiones (TEST-AUTH-*) · readiness · migración fallida aborta	2026-09-19T01:14:01.6069258Z {"nivel":"info","requestId":"bcd42af6-5428-434f-9ad1-5899a4e8f8af","metodo":"DELETE","ruta":"/api/v1/auth/sessions","status":401,"duracionMs":2}
integración · PostgreSQL 16 (Testcontainers)	Schema vs 06 · identidad y sesiones (TEST-AUTH-*) · readiness · migración fallida aborta	2026-09-19T01:14:01.6939584Z {"nivel":"info","requestId":"81c27335-bd02-4915-b0b7-21eeeebeeef1","metodo":"POST","ruta":"/api/v1/registrations","status":201,"duracionMs":83}
integración · PostgreSQL 16 (Testcontainers)	Schema vs 06 · identidad y sesiones (TEST-AUTH-*) · readiness · migración fallida aborta	2026-09-19T01:14:01.7698764Z {"nivel":"info","requestId":"4c9fa4af-2481-40bc-90c4-d15d07d48813","metodo":"POST","ruta":"/api/v1/auth/sessions","status":201,"duracionMs":74}
integración · PostgreSQL 16 (Testcontainers)	Schema vs 06 · identidad y sesiones (TEST-AUTH-*) · readiness · migración fallida aborta	2026-09-19T01:14:01.8478214Z {"nivel":"info","requestId":"3d2d5c18-6f2e-4eaa-937a-d5e2f6da5191","metodo":"POST","ruta":"/api/v1/auth/sessions","status":201,"duracionMs":76}
integración · PostgreSQL 16 (Testcontainers)	Schema vs 06 · identidad y sesiones (TEST-AUTH-*) · readiness · migración fallida aborta	2026-09-19T01:14:01.9243818Z {"nivel":"info","requestId":"30a9a449-22bf-4665-a146-eba41a0c6b85","metodo":"POST","ruta":"/api/v1/auth/sessions","status":201,"duracionMs":74}
integración · PostgreSQL 16 (Testcontainers)	Schema vs 06 · identidad y sesiones (TEST-AUTH-*) · readiness · migración fallida aborta	2026-09-19T01:14:01.9454638Z {"nivel":"info","requestId":"1c949f36-fc60-44ec-a945-3ffa4953849c","metodo":"POST","ruta":"/api/v1/me/account-closure-requests","status":201,"duracionMs":19}
integración · PostgreSQL 16 (Testcontainers)	Schema vs 06 · identidad y sesiones (TEST-AUTH-*) · readiness · migración fallida aborta	2026-09-19T01:14:02.0395328Z {"nivel":"info","requestId":"10bab3dd-4390-45e9-ad2d-64a0006e5aa8","metodo":"POST","ruta":"/api/v1/registrations","status":201,"duracionMs":82}
integración · PostgreSQL 16 (Testcontainers)	Schema vs 06 · identidad y sesiones (TEST-AUTH-*) · readiness · migración fallida aborta	2026-09-19T01:14:02.1187982Z {"nivel":"info","requestId":"18eb8321-64ac-4e03-971c-bb0b609fd386","metodo":"POST","ruta":"/api/v1/auth/sessions","status":201,"duracionMs":77}
integración · PostgreSQL 16 (Testcontainers)	Schema vs 06 · identidad y sesiones (TEST-AUTH-*) · readiness · migración fallida aborta	2026-09-19T01:14:02.1947985Z {"nivel":"info","requestId":"ba0d17c2-86a0-4209-bce4-f5995324d200","metodo":"POST","ruta":"/api/v1/auth/sessions","status":201,"duracionMs":74}
integración · PostgreSQL 16 (Testcontainers)	Schema vs 06 · identidad y sesiones (TEST-AUTH-*) · readiness · migración fallida aborta	2026-09-19T01:14:02.2704335Z {"nivel":"info","requestId":"4cf1c870-2857-43a6-a602-7151efd04586","metodo":"POST","ruta":"/api/v1/auth/sessions","status":201,"duracionMs":73}
integración · PostgreSQL 16 (Testcontainers)	Schema vs 06 · identidad y sesiones (TEST-AUTH-*) · readiness · migración fallida aborta	2026-09-19T01:14:02.2903586Z {"nivel":"info","requestId":"5a79caa1-e77a-4f27-b95b-a31993e33fdf","metodo":"POST","ruta":"/api/v1/me/account-closure-requests","status":201,"duracionMs":18}
integración · PostgreSQL 16 (Testcontainers)	Schema vs 06 · identidad y sesiones (TEST-AUTH-*) · readiness · migración fallida aborta	2026-09-19T01:14:02.3845853Z {"nivel":"info","requestId":"c7b62747-576e-48ad-ac1b-8838ed108964","metodo":"POST","ruta":"/api/v1/registrations","status":201,"duracionMs":86}
integración · PostgreSQL 16 (Testcontainers)	Schema vs 06 · identidad y sesiones (TEST-AUTH-*) · readiness · migración fallida aborta	2026-09-19T01:14:02.4614078Z {"nivel":"info","requestId":"844787ac-d4e2-4c6e-8c9f-c74145c45eab","metodo":"POST","ruta":"/api/v1/auth/sessions","status":201,"duracionMs":75}
integración · PostgreSQL 16 (Testcontainers)	Schema vs 06 · identidad y sesiones (TEST-AUTH-*) · readiness · migración fallida aborta	2026-09-19T01:14:02.5372390Z {"nivel":"info","requestId":"6183d95f-b337-4290-88ad-c2bb6ee31dce","metodo":"POST","ruta":"/api/v1/auth/sessions","status":201,"duracionMs":74}
integración · PostgreSQL 16 (Testcontainers)	Schema vs 06 · identidad y sesiones (TEST-AUTH-*) · readiness · migración fallida aborta	2026-09-19T01:14:02.6129901Z {"nivel":"info","requestId":"441d3f47-becd-4fbe-b390-6b9b30beef92","metodo":"POST","ruta":"/api/v1/auth/sessions","status":201,"duracionMs":74}
integración · PostgreSQL 16 (Testcontainers)	Schema vs 06 · identidad y sesiones (TEST-AUTH-*) · readiness · migración fallida aborta	2026-09-19T01:14:02.6319355Z {"nivel":"info","requestId":"49b11440-946c-4094-9667-e96b82ce0126","metodo":"POST","ruta":"/api/v1/me/account-closure-requests","status":201,"duracionMs":17}
integración · PostgreSQL 16 (Testcontainers)	Schema vs 06 · identidad y sesiones (TEST-AUTH-*) · readiness · migración fallida aborta	2026-09-19T01:14:02.7408608Z {"nivel":"info","requestId":"02c136f7-d933-4576-bf9e-9067c2e84f43","metodo":"POST","ruta":"/api/v1/registrations","status":201,"duracionMs":84}
integración · PostgreSQL 16 (Testcontainers)	Schema vs 06 · identidad y sesiones (TEST-AUTH-*) · readiness · migración fallida aborta	2026-09-19T01:14:02.8170546Z {"nivel":"info","requestId":"fac26446-70c5-466f-95d8-bd421aa210c5","metodo":"POST","ruta":"/api/v1/auth/sessions","status":201,"duracionMs":74}
integración · PostgreSQL 16 (Testcontainers)	Schema vs 06 · identidad y sesiones (TEST-AUTH-*) · readiness · migración fallida aborta	2026-09-19T01:14:02.8932209Z {"nivel":"info","requestId":"6a7af004-7858-4574-a95d-6b6a15151f26","metodo":"POST","ruta":"/api/v1/auth/sessions","status":201,"duracionMs":74}
integración · PostgreSQL 16 (Testcontainers)	Schema vs 06 · identidad y sesiones (TEST-AUTH-*) · readiness · migración fallida aborta	2026-09-19T01:14:02.9706736Z {"nivel":"info","requestId":"c5e73519-20bf-4eee-b2e8-c31bc1e49c3f","metodo":"POST","ruta":"/api/v1/auth/sessions","status":201,"duracionMs":75}
integración · PostgreSQL 16 (Testcontainers)	Schema vs 06 · identidad y sesiones (TEST-AUTH-*) · readiness · migración fallida aborta	2026-09-19T01:14:02.9921249Z {"nivel":"info","requestId":"50b88b29-bef0-4905-baa4-5845be914e06","metodo":"POST","ruta":"/api/v1/me/account-closure-requests","status":201,"duracionMs":19}
integración · PostgreSQL 16 (Testcontainers)	Schema vs 06 · identidad y sesiones (TEST-AUTH-*) · readiness · migración fallida aborta	2026-09-19T01:14:03.0825978Z {"nivel":"info","requestId":"08aa2700-9fe3-4f86-b9a2-d312b9b101b5","metodo":"POST","ruta":"/api/v1/registrations","status":201,"duracionMs":81}
integración · PostgreSQL 16 (Testcontainers)	Schema vs 06 · identidad y sesiones (TEST-AUTH-*) · readiness · migración fallida aborta	2026-09-19T01:14:03.1582449Z {"nivel":"info","requestId":"c9347770-9098-4b22-9fcd-6ab04e446289","metodo":"POST","ruta":"/api/v1/auth/sessions","status":201,"duracionMs":73}
integración · PostgreSQL 16 (Testcontainers)	Schema vs 06 · identidad y sesiones (TEST-AUTH-*) · readiness · migración fallida aborta	2026-09-19T01:14:03.2338396Z {"nivel":"info","requestId":"eaed93cc-f97f-40ee-ae05-70325cdd974a","metodo":"POST","ruta":"/api/v1/auth/sessions","status":201,"duracionMs":73}
integración · PostgreSQL 16 (Testcontainers)	Schema vs 06 · identidad y sesiones (TEST-AUTH-*) · readiness · migración fallida aborta	2026-09-19T01:14:03.3120907Z {"nivel":"info","requestId":"bb27bda5-50e5-4df1-a3f2-c8d6769aaa78","metodo":"POST","ruta":"/api/v1/auth/sessions","status":201,"duracionMs":76}
integración · PostgreSQL 16 (Testcontainers)	Schema vs 06 · identidad y sesiones (TEST-AUTH-*) · readiness · migración fallida aborta	2026-09-19T01:14:03.3302922Z {"nivel":"info","requestId":"d3e8d7d1-412e-4cc3-826d-21cd945b5f42","metodo":"POST","ruta":"/api/v1/me/account-closure-requests","status":201,"duracionMs":16}
integración · PostgreSQL 16 (Testcontainers)	Schema vs 06 · identidad y sesiones (TEST-AUTH-*) · readiness · migración fallida aborta	2026-09-19T01:14:03.3351985Z {"nivel":"info","requestId":"6718fcda-9681-47c0-9cc2-67226cc8a63f","metodo":"POST","ruta":"/api/v1/me/account-closure-requests","status":201,"duracionMs":3}
integración · PostgreSQL 16 (Testcontainers)	Schema vs 06 · identidad y sesiones (TEST-AUTH-*) · readiness · migración fallida aborta	2026-09-19T01:14:03.3418172Z {"nivel":"info","requestId":"cae6ebd8-1142-479c-868d-6455051be175","metodo":"POST","ruta":"/api/v1/me/account-closure-requests","status":409,"duracionMs":3}
integración · PostgreSQL 16 (Testcontainers)	Schema vs 06 · identidad y sesiones (TEST-AUTH-*) · readiness · migración fallida aborta	2026-09-19T01:14:03.3458899Z {"nivel":"info","requestId":"4c7d3633-6d49-49a7-9019-3be85ce1c7b6","metodo":"POST","ruta":"/api/v1/me/account-closure-requests","status":401,"duracionMs":2}
integración · PostgreSQL 16 (Testcontainers)	Schema vs 06 · identidad y sesiones (TEST-AUTH-*) · readiness · migración fallida aborta	2026-09-19T01:14:03.4309684Z {"nivel":"info","requestId":"3c0fdaa9-44e1-43c3-a60b-9e8781847d5e","metodo":"POST","ruta":"/api/v1/registrations","status":201,"duracionMs":82}
integración · PostgreSQL 16 (Testcontainers)	Schema vs 06 · identidad y sesiones (TEST-AUTH-*) · readiness · migración fallida aborta	2026-09-19T01:14:03.5075717Z {"nivel":"info","requestId":"2092ca6c-c1a9-4de1-946d-35bf2ee07b33","metodo":"POST","ruta":"/api/v1/auth/sessions","status":201,"duracionMs":74}
integración · PostgreSQL 16 (Testcontainers)	Schema vs 06 · identidad y sesiones (TEST-AUTH-*) · readiness · migración fallida aborta	2026-09-19T01:14:03.5157609Z {"nivel":"info","requestId":"49dc83eb-0b98-4486-a435-17f5d7a6239f","metodo":"POST","ruta":"/api/v1/me/account-closure-requests","status":422,"duracionMs":6}
integración · PostgreSQL 16 (Testcontainers)	Schema vs 06 · identidad y sesiones (TEST-AUTH-*) · readiness · migración fallida aborta	2026-09-19T01:14:03.5236977Z {"nivel":"info","requestId":"63122dcd-552c-47fd-9ba7-c8fefc88cb1b","metodo":"GET","ruta":"/api/v1/me","status":200,"duracionMs":5}
integración · PostgreSQL 16 (Testcontainers)	Schema vs 06 · identidad y sesiones (TEST-AUTH-*) · readiness · migración fallida aborta	2026-09-19T01:14:03.6127481Z {"nivel":"info","requestId":"37fd6ab6-ffde-4196-b8d3-917efd3d01ae","metodo":"POST","ruta":"/api/v1/registrations","status":201,"duracionMs":82}
integración · PostgreSQL 16 (Testcontainers)	Schema vs 06 · identidad y sesiones (TEST-AUTH-*) · readiness · migración fallida aborta	2026-09-19T01:14:03.6884484Z {"nivel":"info","requestId":"1144d3fc-acdb-4f0b-a8dd-5367bd0b5b45","metodo":"POST","ruta":"/api/v1/auth/sessions","status":201,"duracionMs":73}
integración · PostgreSQL 16 (Testcontainers)	Schema vs 06 · identidad y sesiones (TEST-AUTH-*) · readiness · migración fallida aborta	2026-09-19T01:14:03.6956866Z {"nivel":"info","requestId":"1629fafd-e6cd-42a7-8851-92f4842f176c","metodo":"POST","ruta":"/api/v1/me/account-closure-requests","status":422,"duracionMs":5}
integración · PostgreSQL 16 (Testcontainers)	Schema vs 06 · identidad y sesiones (TEST-AUTH-*) · readiness · migración fallida aborta	2026-09-19T01:14:03.7007955Z {"nivel":"info","requestId":"fe63c255-3032-44a9-91a4-ce974004c671","metodo":"POST","ruta":"/api/v1/me/account-closure-requests","status":401,"duracionMs":0}
integración · PostgreSQL 16 (Testcontainers)	Schema vs 06 · identidad y sesiones (TEST-AUTH-*) · readiness · migración fallida aborta	2026-09-19T01:14:03.7849517Z {"nivel":"info","requestId":"3606323c-b228-44d5-9840-fc961b3f62ff","metodo":"POST","ruta":"/api/v1/registrations","status":201,"duracionMs":81}
integración · PostgreSQL 16 (Testcontainers)	Schema vs 06 · identidad y sesiones (TEST-AUTH-*) · readiness · migración fallida aborta	2026-09-19T01:14:03.7933374Z {"nivel":"info","requestId":"adb16072-2324-41b3-bc42-d64c82efb270","metodo":"GET","ruta":"/api/v1/me","status":200,"duracionMs":3}
integración · PostgreSQL 16 (Testcontainers)	Schema vs 06 · identidad y sesiones (TEST-AUTH-*) · readiness · migración fallida aborta	2026-09-19T01:14:03.8005187Z {"nivel":"info","requestId":"0cc1f458-c49e-4b6f-a626-8ca7d40add05","metodo":"POST","ruta":"/api/v1/me/account-closure-requests","status":403,"duracionMs":5}
integración · PostgreSQL 16 (Testcontainers)	Schema vs 06 · identidad y sesiones (TEST-AUTH-*) · readiness · migración fallida aborta	2026-09-19T01:14:03.8795400Z {"nivel":"info","requestId":"9376d77e-f453-4006-9af8-476fd771581b","metodo":"POST","ruta":"/api/v1/auth/sessions","status":201,"duracionMs":76}
integración · PostgreSQL 16 (Testcontainers)	Schema vs 06 · identidad y sesiones (TEST-AUTH-*) · readiness · migración fallida aborta	2026-09-19T01:14:03.8972289Z {"nivel":"info","requestId":"ad7ee5ff-dfa8-4754-b663-b61281f91374","metodo":"POST","ruta":"/api/v1/me/account-closure-requests","status":201,"duracionMs":15}
integración · PostgreSQL 16 (Testcontainers)	Schema vs 06 · identidad y sesiones (TEST-AUTH-*) · readiness · migración fallida aborta	2026-09-19T01:14:03.9811810Z {"nivel":"info","requestId":"79e4671f-4746-4f81-b479-f580dc8cfdce","metodo":"POST","ruta":"/api/v1/registrations","status":201,"duracionMs":81}
integración · PostgreSQL 16 (Testcontainers)	Schema vs 06 · identidad y sesiones (TEST-AUTH-*) · readiness · migración fallida aborta	2026-09-19T01:14:04.0569886Z {"nivel":"info","requestId":"d249e6d5-06f2-4d01-b031-eab99fbe36d3","metodo":"POST","ruta":"/api/v1/auth/sessions","status":201,"duracionMs":74}
integración · PostgreSQL 16 (Testcontainers)	Schema vs 06 · identidad y sesiones (TEST-AUTH-*) · readiness · migración fallida aborta	2026-09-19T01:14:04.0607908Z {"nivel":"info","requestId":"1f383add-c8af-4c23-b885-91fc185bf512","metodo":"POST","ruta":"/api/v1/me/account-closure-requests","status":400,"duracionMs":2}
integración · PostgreSQL 16 (Testcontainers)	Schema vs 06 · identidad y sesiones (TEST-AUTH-*) · readiness · migración fallida aborta	2026-09-19T01:14:04.1474717Z {"nivel":"info","requestId":"3dd1c696-466c-4874-aaa1-2587895485ef","metodo":"POST","ruta":"/api/v1/registrations","status":201,"duracionMs":84}
integración · PostgreSQL 16 (Testcontainers)	Schema vs 06 · identidad y sesiones (TEST-AUTH-*) · readiness · migración fallida aborta	2026-09-19T01:14:04.2250312Z {"nivel":"info","requestId":"fc7517a9-b469-4285-be17-71ba41cbefde","metodo":"POST","ruta":"/api/v1/auth/sessions","status":201,"duracionMs":75}
integración · PostgreSQL 16 (Testcontainers)	Schema vs 06 · identidad y sesiones (TEST-AUTH-*) · readiness · migración fallida aborta	2026-09-19T01:14:04.3007210Z {"nivel":"info","requestId":"3c8c36aa-7b1c-4dd6-a362-c49a9577b0e8","metodo":"POST","ruta":"/api/v1/auth/sessions","status":201,"duracionMs":73}
integración · PostgreSQL 16 (Testcontainers)	Schema vs 06 · identidad y sesiones (TEST-AUTH-*) · readiness · migración fallida aborta	2026-09-19T01:14:04.3762698Z {"nivel":"info","requestId":"6480dcc0-84ea-486b-867c-c663a61c71a2","metodo":"POST","ruta":"/api/v1/auth/sessions","status":201,"duracionMs":73}
integración · PostgreSQL 16 (Testcontainers)	Schema vs 06 · identidad y sesiones (TEST-AUTH-*) · readiness · migración fallida aborta	2026-09-19T01:14:04.3970906Z {"nivel":"info","requestId":"c73626b1-ad69-48c5-9990-5ecc98c228ca","metodo":"POST","ruta":"/api/v1/me/account-closure-requests","status":201,"duracionMs":19}
integración · PostgreSQL 16 (Testcontainers)	Schema vs 06 · identidad y sesiones (TEST-AUTH-*) · readiness · migración fallida aborta	2026-09-19T01:14:04.4004454Z {"nivel":"info","requestId":"aa4566be-6a97-45a2-bbdf-2ab7a1879019","metodo":"GET","ruta":"/api/v1/me","status":401,"duracionMs":2}
integración · PostgreSQL 16 (Testcontainers)	Schema vs 06 · identidad y sesiones (TEST-AUTH-*) · readiness · migración fallida aborta	2026-09-19T01:14:04.4766577Z {"nivel":"info","requestId":"66d5ca22-3830-4b06-9648-5c33f86e1e4b","metodo":"POST","ruta":"/api/v1/registrations","status":409,"duracionMs":74}
integración · PostgreSQL 16 (Testcontainers)	Schema vs 06 · identidad y sesiones (TEST-AUTH-*) · readiness · migración fallida aborta	2026-09-19T01:14:04.4837374Z PASS ../../test/integration/cierre.int-spec.ts
integración · PostgreSQL 16 (Testcontainers)	Schema vs 06 · identidad y sesiones (TEST-AUTH-*) · readiness · migración fallida aborta	2026-09-19T01:14:04.4838616Z   TEST-AUTH-011 — el cierre efectivo no permite una sesión nueva
integración · PostgreSQL 16 (Testcontainers)	Schema vs 06 · identidad y sesiones (TEST-AUTH-*) · readiness · migración fallida aborta	2026-09-19T01:14:04.4840085Z     ✓ TEST-AUTH-011: tras ACC-P1-03 el login con la credencial correcta da 401 neutral y no crea filas de sesión (507 ms)
integración · PostgreSQL 16 (Testcontainers)	Schema vs 06 · identidad y sesiones (TEST-AUTH-*) · readiness · migración fallida aborta	2026-09-19T01:14:04.4841385Z   TEST-AUTH-012 — el cierre invalida las sesiones actuales
integración · PostgreSQL 16 (Testcontainers)	Schema vs 06 · identidad y sesiones (TEST-AUTH-*) · readiness · migración fallida aborta	2026-09-19T01:14:04.4843445Z     ✓ TEST-AUTH-012: las sesiones previas de web y APK y la que ejecutó el cierre, con token aún vigente, dan 401 en la request siguiente (370 ms)
integración · PostgreSQL 16 (Testcontainers)	Schema vs 06 · identidad y sesiones (TEST-AUTH-*) · readiness · migración fallida aborta	2026-09-19T01:14:04.4844772Z   TEST-AUTH-013 — sin borrado silencioso
integración · PostgreSQL 16 (Testcontainers)	Schema vs 06 · identidad y sesiones (TEST-AUTH-*) · readiness · migración fallida aborta	2026-09-19T01:14:04.4846290Z     ✓ TEST-AUTH-013 (b): la identidad sigue presente en CERRADA con perfil, método, actos A1/A2 y eventos; el cierre queda asentado (346 ms)
integración · PostgreSQL 16 (Testcontainers)	Schema vs 06 · identidad y sesiones (TEST-AUTH-*) · readiness · migración fallida aborta	2026-09-19T01:14:04.4848281Z     ✓ TEST-AUTH-013 (b): lo único suprimido es el hash de la credencial (08 R-02), y la supresión queda registrada antes (341 ms)
integración · PostgreSQL 16 (Testcontainers)	Schema vs 06 · identidad y sesiones (TEST-AUTH-*) · readiness · migración fallida aborta	2026-09-19T01:14:04.4850643Z     ✓ TEST-AUTH-013 (b): la historia no se puede borrar después del cierre — la base rechaza DELETE de identidad, actos y eventos (358 ms)
integración · PostgreSQL 16 (Testcontainers)	Schema vs 06 · identidad y sesiones (TEST-AUTH-*) · readiness · migración fallida aborta	2026-09-19T01:14:04.4852812Z   TEST-UC-P27 / TEST-CT-P1-ACC-P1-03 — cierre de cuenta
integración · PostgreSQL 16 (Testcontainers)	Schema vs 06 · identidad y sesiones (TEST-AUTH-*) · readiness · migración fallida aborta	2026-09-19T01:14:04.4853901Z     ✓ TEST-CT-P1-ACC-P1-03: 201 con el contrato; identifica actor y fecha (RF-069) (344 ms)
integración · PostgreSQL 16 (Testcontainers)	Schema vs 06 · identidad y sesiones (TEST-AUTH-*) · readiness · migración fallida aborta	2026-09-19T01:14:04.4855363Z     ✓ TEST-RNF-REC-002: reintento con la misma key después del cierre → mismo resultado, sin duplicar el cierre (348 ms)
integración · PostgreSQL 16 (Testcontainers)	Schema vs 06 · identidad y sesiones (TEST-AUTH-*) · readiness · migración fallida aborta	2026-09-19T01:14:04.4856959Z     ✓ TEST-UC-P27 V03: sin consecuencias presentadas (versión no vigente) → 422 y la cuenta sigue OPERATIVA (177 ms)
integración · PostgreSQL 16 (Testcontainers)	Schema vs 06 · identidad y sesiones (TEST-AUTH-*) · readiness · migración fallida aborta	2026-09-19T01:14:04.4858307Z     ✓ TEST-UC-P27 V01: sin confirmación explícita → 422 y nada cambia (174 ms)
integración · PostgreSQL 16 (Testcontainers)	Schema vs 06 · identidad y sesiones (TEST-AUTH-*) · readiness · migración fallida aborta	2026-09-19T01:14:04.4859456Z     ✓ TEST-UC-P27 E01: sin sesión → 401 AUTHENTICATION_REQUIRED (3 ms)
integración · PostgreSQL 16 (Testcontainers)	Schema vs 06 · identidad y sesiones (TEST-AUTH-*) · readiness · migración fallida aborta	2026-09-19T01:14:04.4861015Z     ✓ TEST-UC-P27 step-up: sesión autenticada hace más de 10 minutos → 403 STEP_UP_REQUIRED y la cuenta sigue OPERATIVA (DL-017) (196 ms)
integración · PostgreSQL 16 (Testcontainers)	Schema vs 06 · identidad y sesiones (TEST-AUTH-*) · readiness · migración fallida aborta	2026-09-19T01:14:04.4862796Z     ✓ TEST-UC-P27: campo no declarado en el cuerpo → 400 UNKNOWN_FIELD (164 ms)
integración · PostgreSQL 16 (Testcontainers)	Schema vs 06 · identidad y sesiones (TEST-AUTH-*) · readiness · migración fallida aborta	2026-09-19T01:14:04.4864287Z     ✓ E2E-08: cierre → sesión inválida; el mismo correo no puede registrarse otra vez (identificador reservado, DL-011) (416 ms)
integración · PostgreSQL 16 (Testcontainers)	Schema vs 06 · identidad y sesiones (TEST-AUTH-*) · readiness · migración fallida aborta	2026-09-19T01:14:04.4865117Z 
integración · PostgreSQL 16 (Testcontainers)	Schema vs 06 · identidad y sesiones (TEST-AUTH-*) · readiness · migración fallida aborta	2026-09-19T01:14:05.0342638Z PASS ../../test/integration/schema.int-spec.ts
integración · PostgreSQL 16 (Testcontainers)	Schema vs 06 · identidad y sesiones (TEST-AUTH-*) · readiness · migración fallida aborta	2026-09-19T01:14:05.0351144Z   Schema vs 06 — TEST-RUN-003 migration deploy
integración · PostgreSQL 16 (Testcontainers)	Schema vs 06 · identidad y sesiones (TEST-AUTH-*) · readiness · migración fallida aborta	2026-09-19T01:14:05.0410198Z     ✓ TEST-RUN-003: las migraciones de WP-01 y WP-02 quedaron aplicadas por migrate deploy (50 ms)
integración · PostgreSQL 16 (Testcontainers)	Schema vs 06 · identidad y sesiones (TEST-AUTH-*) · readiness · migración fallida aborta	2026-09-19T01:14:05.0449277Z     ✓ T-06-02: el enum de la base es exactamente el conjunto cerrado de @be/domain (06 §5.7.2) (4 ms)
integración · PostgreSQL 16 (Testcontainers)	Schema vs 06 · identidad y sesiones (TEST-AUTH-*) · readiness · migración fallida aborta	2026-09-19T01:14:05.0454161Z     ✓ T-06-01/T-06-02/T-06-24: columnas de identidad del 06 §5.4.2 con nulabilidad y defaults (15 ms)
integración · PostgreSQL 16 (Testcontainers)	Schema vs 06 · identidad y sesiones (TEST-AUTH-*) · readiness · migración fallida aborta	2026-09-19T01:14:05.0502485Z     ✓ los estados son enums, nunca booleanos: no hay columnas boolean en el schema (6 ms)
integración · PostgreSQL 16 (Testcontainers)	Schema vs 06 · identidad y sesiones (TEST-AUTH-*) · readiness · migración fallida aborta	2026-09-19T01:14:05.0532546Z     ✓ REG-06-18: ocurrencia desconocida queda NULL; el registro no se copia en su lugar (9 ms)
integración · PostgreSQL 16 (Testcontainers)	Schema vs 06 · identidad y sesiones (TEST-AUTH-*) · readiness · migración fallida aborta	2026-09-19T01:14:05.0592536Z     ✓ T-06-02: un valor fuera del conjunto cerrado es rechazado por la base (12 ms)
integración · PostgreSQL 16 (Testcontainers)	Schema vs 06 · identidad y sesiones (TEST-AUTH-*) · readiness · migración fallida aborta	2026-09-19T01:14:05.0652329Z   INV-06-22 — exactamente un Perfil propio por Identidad
integración · PostgreSQL 16 (Testcontainers)	Schema vs 06 · identidad y sesiones (TEST-AUTH-*) · readiness · migración fallida aborta	2026-09-19T01:14:05.0682758Z     ✓ INV-06-22: una Identidad sin Perfil propio no puede confirmarse (constraint trigger diferido) (4 ms)
integración · PostgreSQL 16 (Testcontainers)	Schema vs 06 · identidad y sesiones (TEST-AUTH-*) · readiness · migración fallida aborta	2026-09-19T01:14:05.0710076Z     ✓ INV-06-22: un segundo Perfil propio para la misma Identidad viola el índice único (5 ms)
integración · PostgreSQL 16 (Testcontainers)	Schema vs 06 · identidad y sesiones (TEST-AUTH-*) · readiness · migración fallida aborta	2026-09-19T01:14:05.0762431Z   08 §12.2 — catálogo de textos versionados
integración · PostgreSQL 16 (Testcontainers)	Schema vs 06 · identidad y sesiones (TEST-AUTH-*) · readiness · migración fallida aborta	2026-09-19T01:14:05.0803299Z     ✓ el catálogo de la base es idéntico al de @be/domain, y cada hash es el SHA-256 del texto (3 ms)
integración · PostgreSQL 16 (Testcontainers)	Schema vs 06 · identidad y sesiones (TEST-AUTH-*) · readiness · migración fallida aborta	2026-09-19T01:14:05.0872407Z     ✓ una versión publicada no se reescribe ni se borra (4 ms)
integración · PostgreSQL 16 (Testcontainers)	Schema vs 06 · identidad y sesiones (TEST-AUTH-*) · readiness · migración fallida aborta	2026-09-19T01:14:05.0884876Z   08 §29 — historia por adición
integración · PostgreSQL 16 (Testcontainers)	Schema vs 06 · identidad y sesiones (TEST-AUTH-*) · readiness · migración fallida aborta	2026-09-19T01:14:05.0885740Z     ✓ registro_de_auditoria: UPDATE es rechazado por la base (4 ms)
integración · PostgreSQL 16 (Testcontainers)	Schema vs 06 · identidad y sesiones (TEST-AUTH-*) · readiness · migración fallida aborta	2026-09-19T01:14:05.0886751Z     ✓ registro_de_auditoria: DELETE es rechazado por la base (3 ms)
integración · PostgreSQL 16 (Testcontainers)	Schema vs 06 · identidad y sesiones (TEST-AUTH-*) · readiness · migración fallida aborta	2026-09-19T01:14:05.0887397Z     ✓ registro_de_supresion: UPDATE es rechazado por la base (4 ms)
integración · PostgreSQL 16 (Testcontainers)	Schema vs 06 · identidad y sesiones (TEST-AUTH-*) · readiness · migración fallida aborta	2026-09-19T01:14:05.0887909Z     ✓ registro_de_supresion: DELETE es rechazado por la base (3 ms)
integración · PostgreSQL 16 (Testcontainers)	Schema vs 06 · identidad y sesiones (TEST-AUTH-*) · readiness · migración fallida aborta	2026-09-19T01:14:05.0888475Z     ✓ registro_de_idempotencia: UPDATE es rechazado por la base (4 ms)
integración · PostgreSQL 16 (Testcontainers)	Schema vs 06 · identidad y sesiones (TEST-AUTH-*) · readiness · migración fallida aborta	2026-09-19T01:14:05.0889038Z     ✓ registro_de_idempotencia: DELETE es rechazado por la base (2 ms)
integración · PostgreSQL 16 (Testcontainers)	Schema vs 06 · identidad y sesiones (TEST-AUTH-*) · readiness · migración fallida aborta	2026-09-19T01:14:05.0889677Z     ✓ TRUNCATE evento_de_dominio es rechazado (esquivaría los triggers de fila) (3 ms)
integración · PostgreSQL 16 (Testcontainers)	Schema vs 06 · identidad y sesiones (TEST-AUTH-*) · readiness · migración fallida aborta	2026-09-19T01:14:05.0890374Z     ✓ TRUNCATE registro_de_auditoria es rechazado (esquivaría los triggers de fila) (2 ms)
integración · PostgreSQL 16 (Testcontainers)	Schema vs 06 · identidad y sesiones (TEST-AUTH-*) · readiness · migración fallida aborta	2026-09-19T01:14:05.0891092Z     ✓ TRUNCATE registro_de_supresion es rechazado (esquivaría los triggers de fila) (2 ms)
integración · PostgreSQL 16 (Testcontainers)	Schema vs 06 · identidad y sesiones (TEST-AUTH-*) · readiness · migración fallida aborta	2026-09-19T01:14:05.0892375Z     ✓ TRUNCATE solicitud_de_cierre_de_cuenta es rechazado (esquivaría los triggers de fila) (6 ms)
integración · PostgreSQL 16 (Testcontainers)	Schema vs 06 · identidad y sesiones (TEST-AUTH-*) · readiness · migración fallida aborta	2026-09-19T01:14:05.0893119Z     ✓ TRUNCATE acto_registrable es rechazado (esquivaría los triggers de fila) (4 ms)
integración · PostgreSQL 16 (Testcontainers)	Schema vs 06 · identidad y sesiones (TEST-AUTH-*) · readiness · migración fallida aborta	2026-09-19T01:14:05.0894130Z     ✓ TRUNCATE identidad es rechazado (esquivaría los triggers de fila) (8 ms)
integración · PostgreSQL 16 (Testcontainers)	Schema vs 06 · identidad y sesiones (TEST-AUTH-*) · readiness · migración fallida aborta	2026-09-19T01:14:05.0894763Z     ✓ TRUNCATE version_de_texto es rechazado (esquivaría los triggers de fila) (3 ms)
integración · PostgreSQL 16 (Testcontainers)	Schema vs 06 · identidad y sesiones (TEST-AUTH-*) · readiness · migración fallida aborta	2026-09-19T01:14:05.0895411Z     ✓ TRUNCATE perfil_propio es rechazado (esquivaría los triggers de fila) (6 ms)
integración · PostgreSQL 16 (Testcontainers)	Schema vs 06 · identidad y sesiones (TEST-AUTH-*) · readiness · migración fallida aborta	2026-09-19T01:14:05.0896040Z     ✓ TRUNCATE metodo_de_acceso es rechazado (esquivaría los triggers de fila) (4 ms)
integración · PostgreSQL 16 (Testcontainers)	Schema vs 06 · identidad y sesiones (TEST-AUTH-*) · readiness · migración fallida aborta	2026-09-19T01:14:05.0896672Z     ✓ TRUNCATE credencial_local es rechazado (esquivaría los triggers de fila) (3 ms)
integración · PostgreSQL 16 (Testcontainers)	Schema vs 06 · identidad y sesiones (TEST-AUTH-*) · readiness · migración fallida aborta	2026-09-19T01:14:05.0897275Z     ✓ TRUNCATE sesion es rechazado (esquivaría los triggers de fila) (4 ms)
integración · PostgreSQL 16 (Testcontainers)	Schema vs 06 · identidad y sesiones (TEST-AUTH-*) · readiness · migración fallida aborta	2026-09-19T01:14:05.0897903Z     ✓ TRUNCATE control_de_sesion es rechazado (esquivaría los triggers de fila) (3 ms)
integración · PostgreSQL 16 (Testcontainers)	Schema vs 06 · identidad y sesiones (TEST-AUTH-*) · readiness · migración fallida aborta	2026-09-19T01:14:05.0898589Z     ✓ TRUNCATE registro_de_idempotencia es rechazado (esquivaría los triggers de fila) (5 ms)
integración · PostgreSQL 16 (Testcontainers)	Schema vs 06 · identidad y sesiones (TEST-AUTH-*) · readiness · migración fallida aborta	2026-09-19T01:14:05.0899144Z   T-06-24 — una sesión no termina antes de empezar
integración · PostgreSQL 16 (Testcontainers)	Schema vs 06 · identidad y sesiones (TEST-AUTH-*) · readiness · migración fallida aborta	2026-09-19T01:14:05.0899765Z     ✓ CHECK sesion_cierre_coherente: la base rechaza una finalización anterior al inicio (19 ms)
integración · PostgreSQL 16 (Testcontainers)	Schema vs 06 · identidad y sesiones (TEST-AUTH-*) · readiness · migración fallida aborta	2026-09-19T01:14:05.0900141Z 
integración · PostgreSQL 16 (Testcontainers)	Schema vs 06 · identidad y sesiones (TEST-AUTH-*) · readiness · migración fallida aborta	2026-09-19T01:14:05.7842307Z {"nivel":"info","requestId":"f81699c5-5645-4dba-83f8-39ba0364bc97","metodo":"POST","ruta":"/api/v1/registrations","status":201,"duracionMs":99}
integración · PostgreSQL 16 (Testcontainers)	Schema vs 06 · identidad y sesiones (TEST-AUTH-*) · readiness · migración fallida aborta	2026-09-19T01:14:05.9320978Z {"nivel":"info","requestId":"2ae8c79a-2b5d-4b96-9a89-07e9a83cbdad","metodo":"POST","ruta":"/api/v1/registrations","status":201,"duracionMs":84}
integración · PostgreSQL 16 (Testcontainers)	Schema vs 06 · identidad y sesiones (TEST-AUTH-*) · readiness · migración fallida aborta	2026-09-19T01:14:06.0328275Z {"nivel":"info","requestId":"799a7fcc-e6c0-41f0-b404-628d9a281414","metodo":"POST","ruta":"/api/v1/registrations","status":201,"duracionMs":84}
integración · PostgreSQL 16 (Testcontainers)	Schema vs 06 · identidad y sesiones (TEST-AUTH-*) · readiness · migración fallida aborta	2026-09-19T01:14:06.1112921Z {"nivel":"info","requestId":"379f8f1d-5f5d-4bad-a331-57d1d66fee1c","metodo":"POST","ruta":"/api/v1/auth/sessions","status":201,"duracionMs":76}
integración · PostgreSQL 16 (Testcontainers)	Schema vs 06 · identidad y sesiones (TEST-AUTH-*) · readiness · migración fallida aborta	2026-09-19T01:14:06.1387764Z {"nivel":"info","requestId":"54f6b1a4-b643-4841-9b5f-c4e4e3dd2903","metodo":"POST","ruta":"/api/v1/me/account-closure-requests","status":201,"duracionMs":25}
integración · PostgreSQL 16 (Testcontainers)	Schema vs 06 · identidad y sesiones (TEST-AUTH-*) · readiness · migración fallida aborta	2026-09-19T01:14:06.2267193Z {"nivel":"info","requestId":"2ffad7f4-f4ad-4df4-99b7-991ca6d068c5","metodo":"POST","ruta":"/api/v1/registrations","status":201,"duracionMs":83}
integración · PostgreSQL 16 (Testcontainers)	Schema vs 06 · identidad y sesiones (TEST-AUTH-*) · readiness · migración fallida aborta	2026-09-19T01:14:06.3305404Z {"nivel":"info","requestId":"83642107-4364-4f31-acfb-066a8499ad89","metodo":"POST","ruta":"/api/v1/registrations","status":201,"duracionMs":88}
integración · PostgreSQL 16 (Testcontainers)	Schema vs 06 · identidad y sesiones (TEST-AUTH-*) · readiness · migración fallida aborta	2026-09-19T01:14:06.4248701Z {"nivel":"info","requestId":"ff9e26a4-4f88-4668-8173-f5685dc2a0cd","metodo":"POST","ruta":"/api/v1/registrations","status":201,"duracionMs":82}
integración · PostgreSQL 16 (Testcontainers)	Schema vs 06 · identidad y sesiones (TEST-AUTH-*) · readiness · migración fallida aborta	2026-09-19T01:14:06.5553398Z {"nivel":"info","requestId":"92bb0cc2-6d54-48f0-96e7-ecec7b5e8097","metodo":"POST","ruta":"/api/v1/registrations","status":201,"duracionMs":96}
integración · PostgreSQL 16 (Testcontainers)	Schema vs 06 · identidad y sesiones (TEST-AUTH-*) · readiness · migración fallida aborta	2026-09-19T01:14:06.6329364Z {"nivel":"info","requestId":"dbc320fe-5ade-4984-89a4-14e2d36144be","metodo":"POST","ruta":"/api/v1/auth/sessions","status":201,"duracionMs":75}
integración · PostgreSQL 16 (Testcontainers)	Schema vs 06 · identidad y sesiones (TEST-AUTH-*) · readiness · migración fallida aborta	2026-09-19T01:14:06.6417546Z {"nivel":"info","requestId":"2b1bcdce-5256-483b-b4cf-f507e55fba8d","metodo":"POST","ruta":"/api/v1/me/account-closure-requests","status":401,"duracionMs":2}
integración · PostgreSQL 16 (Testcontainers)	Schema vs 06 · identidad y sesiones (TEST-AUTH-*) · readiness · migración fallida aborta	2026-09-19T01:14:06.7271702Z {"nivel":"info","requestId":"5bd933a5-3cf3-4e24-bc09-07e5028e67ca","metodo":"POST","ruta":"/api/v1/registrations","status":201,"duracionMs":82}
integración · PostgreSQL 16 (Testcontainers)	Schema vs 06 · identidad y sesiones (TEST-AUTH-*) · readiness · migración fallida aborta	2026-09-19T01:14:06.9177564Z {"nivel":"info","requestId":"b4e53c86-8dec-45ba-a551-0b0b8ae5912c","metodo":"POST","ruta":"/api/v1/registrations","status":201,"duracionMs":159}
integración · PostgreSQL 16 (Testcontainers)	Schema vs 06 · identidad y sesiones (TEST-AUTH-*) · readiness · migración fallida aborta	2026-09-19T01:14:07.0159195Z {"nivel":"info","requestId":"f816824d-aef6-4fd1-b45d-546075bbc528","metodo":"POST","ruta":"/api/v1/registrations","status":201,"duracionMs":81}
integración · PostgreSQL 16 (Testcontainers)	Schema vs 06 · identidad y sesiones (TEST-AUTH-*) · readiness · migración fallida aborta	2026-09-19T01:14:07.0431221Z PASS ../../test/integration/maquina-de-estado.int-spec.ts
integración · PostgreSQL 16 (Testcontainers)	Schema vs 06 · identidad y sesiones (TEST-AUTH-*) · readiness · migración fallida aborta	2026-09-19T01:14:07.0432734Z   TEST-RNF-DAT-001 — transiciones declaradas
integración · PostgreSQL 16 (Testcontainers)	Schema vs 06 · identidad y sesiones (TEST-AUTH-*) · readiness · migración fallida aborta	2026-09-19T01:14:07.0433772Z     ✓ la lista blanca tiene exactamente las 3 transiciones del 06 §5.7.4 (1 ms)
integración · PostgreSQL 16 (Testcontainers)	Schema vs 06 · identidad y sesiones (TEST-AUTH-*) · readiness · migración fallida aborta	2026-09-19T01:14:07.0435472Z     ✓ TEST-RNF-DAT-001 SuspenderCuenta: OPERATIVA → SUSPENDIDA con evento CuentaSuspendida (anterior/resultante, actor servicio) (168 ms)
integración · PostgreSQL 16 (Testcontainers)	Schema vs 06 · identidad y sesiones (TEST-AUTH-*) · readiness · migración fallida aborta	2026-09-19T01:14:07.0437123Z     ✓ TEST-RNF-DAT-001 RestablecerCuenta: SUSPENDIDA → OPERATIVA con evento CuentaRestablecida (101 ms)
integración · PostgreSQL 16 (Testcontainers)	Schema vs 06 · identidad y sesiones (TEST-AUTH-*) · readiness · migración fallida aborta	2026-09-19T01:14:07.0439058Z     ✓ TEST-RNF-DAT-001 CerrarCuenta: OPERATIVA → CERRADA con evento CuentaCerrada (vía ACC-P1-03) (195 ms)
integración · PostgreSQL 16 (Testcontainers)	Schema vs 06 · identidad y sesiones (TEST-AUTH-*) · readiness · migración fallida aborta	2026-09-19T01:14:07.0440341Z     ✓ TEST-RNF-DAT-001: guardas explícitas — sin fundamento no se suspende; sin resolución no se restablece (98 ms)
integración · PostgreSQL 16 (Testcontainers)	Schema vs 06 · identidad y sesiones (TEST-AUTH-*) · readiness · migración fallida aborta	2026-09-19T01:14:07.0441015Z   TEST-RNF-DAT-001 — SUSPENDIDA → CERRADA no existe
integración · PostgreSQL 16 (Testcontainers)	Schema vs 06 · identidad y sesiones (TEST-AUTH-*) · readiness · migración fallida aborta	2026-09-19T01:14:07.0442334Z     ✓ TEST-RNF-DAT-001: el servicio rechaza CerrarCuenta sobre una cuenta SUSPENDIDA (TRANSICION_NO_DECLARADA) y no deja efectos (100 ms)
integración · PostgreSQL 16 (Testcontainers)	Schema vs 06 · identidad y sesiones (TEST-AUTH-*) · readiness · migración fallida aborta	2026-09-19T01:14:07.0443775Z     ✓ TEST-RNF-DAT-001: la base rechaza SUSPENDIDA → CERRADA aunque se saltee el servicio (115 ms)
integración · PostgreSQL 16 (Testcontainers)	Schema vs 06 · identidad y sesiones (TEST-AUTH-*) · readiness · migración fallida aborta	2026-09-19T01:14:07.0444649Z     ✓ TEST-RNF-DAT-001: por ACC-P1-03 tampoco — una cuenta SUSPENDIDA no tiene sesión que la cierre (188 ms)
integración · PostgreSQL 16 (Testcontainers)	Schema vs 06 · identidad y sesiones (TEST-AUTH-*) · readiness · migración fallida aborta	2026-09-19T01:14:07.0445252Z   TEST-RNF-DAT-001 — CERRADA es terminal
integración · PostgreSQL 16 (Testcontainers)	Schema vs 06 · identidad y sesiones (TEST-AUTH-*) · readiness · migración fallida aborta	2026-09-19T01:14:07.0445712Z     ✓ TEST-RNF-DAT-001: la base rechaza CERRADA → OPERATIVA (113 ms)
integración · PostgreSQL 16 (Testcontainers)	Schema vs 06 · identidad y sesiones (TEST-AUTH-*) · readiness · migración fallida aborta	2026-09-19T01:14:07.0446267Z     ✓ TEST-RNF-DAT-001: la base rechaza CERRADA → SUSPENDIDA (176 ms)
integración · PostgreSQL 16 (Testcontainers)	Schema vs 06 · identidad y sesiones (TEST-AUTH-*) · readiness · migración fallida aborta	2026-09-19T01:14:07.0447022Z     ✓ TEST-RNF-DAT-001: el servicio rechaza RestablecerCuenta, SuspenderCuenta y CerrarCuenta sobre CERRADA (100 ms)
integración · PostgreSQL 16 (Testcontainers)	Schema vs 06 · identidad y sesiones (TEST-AUTH-*) · readiness · migración fallida aborta	2026-09-19T01:14:07.0447922Z     ✓ TEST-RNF-DAT-001: la base rechaza nacer SUSPENDIDA o CERRADA (estado inicial OPERATIVA, 06 §5.7.2) (4 ms)
integración · PostgreSQL 16 (Testcontainers)	Schema vs 06 · identidad y sesiones (TEST-AUTH-*) · readiness · migración fallida aborta	2026-09-19T01:14:07.0448338Z 
integración · PostgreSQL 16 (Testcontainers)	Schema vs 06 · identidad y sesiones (TEST-AUTH-*) · readiness · migración fallida aborta	2026-09-19T01:14:08.6125104Z {"nivel":"info","requestId":"b7dcb3f3-3867-443b-9a23-4cfb0345dc56","metodo":"POST","ruta":"/api/v1/registrations","status":201,"duracionMs":102}
integración · PostgreSQL 16 (Testcontainers)	Schema vs 06 · identidad y sesiones (TEST-AUTH-*) · readiness · migración fallida aborta	2026-09-19T01:14:08.6915419Z {"nivel":"info","requestId":"f91451d9-0140-43c1-bcfb-416534d0007a","metodo":"POST","ruta":"/api/v1/registrations","status":409,"duracionMs":76}
integración · PostgreSQL 16 (Testcontainers)	Schema vs 06 · identidad y sesiones (TEST-AUTH-*) · readiness · migración fallida aborta	2026-09-19T01:14:08.7644106Z {"nivel":"info","requestId":"ab258903-a67d-4d79-bf76-6cf9e24e3c5f","metodo":"POST","ruta":"/api/v1/registrations","status":409,"duracionMs":70}
integración · PostgreSQL 16 (Testcontainers)	Schema vs 06 · identidad y sesiones (TEST-AUTH-*) · readiness · migración fallida aborta	2026-09-19T01:14:08.7667080Z {"nivel":"info","requestId":"fe9f1c05-3722-473d-9428-1ee1ae0ffb79","metodo":"POST","ruta":"/api/v1/registrations","status":400,"duracionMs":0}
integración · PostgreSQL 16 (Testcontainers)	Schema vs 06 · identidad y sesiones (TEST-AUTH-*) · readiness · migración fallida aborta	2026-09-19T01:14:08.7686152Z {"nivel":"info","requestId":"d6a7dff6-3c85-4230-9c7e-32bbc8528d62","metodo":"POST","ruta":"/api/v1/registrations","status":400,"duracionMs":0}
integración · PostgreSQL 16 (Testcontainers)	Schema vs 06 · identidad y sesiones (TEST-AUTH-*) · readiness · migración fallida aborta	2026-09-19T01:14:08.7706348Z {"nivel":"info","requestId":"e399cc17-84bf-46a9-a64c-39a9393e5a92","metodo":"POST","ruta":"/api/v1/registrations","status":400,"duracionMs":0}
integración · PostgreSQL 16 (Testcontainers)	Schema vs 06 · identidad y sesiones (TEST-AUTH-*) · readiness · migración fallida aborta	2026-09-19T01:14:08.7724164Z {"nivel":"info","requestId":"7a90eba9-0c61-45f9-a12a-519a38bc3b33","metodo":"POST","ruta":"/api/v1/registrations","status":422,"duracionMs":0}
integración · PostgreSQL 16 (Testcontainers)	Schema vs 06 · identidad y sesiones (TEST-AUTH-*) · readiness · migración fallida aborta	2026-09-19T01:14:08.7741187Z {"nivel":"info","requestId":"ce988d4b-cd8e-4186-b5b7-40d6a2923d53","metodo":"POST","ruta":"/api/v1/registrations","status":422,"duracionMs":0}
integración · PostgreSQL 16 (Testcontainers)	Schema vs 06 · identidad y sesiones (TEST-AUTH-*) · readiness · migración fallida aborta	2026-09-19T01:14:08.8578995Z {"nivel":"info","requestId":"3ca95160-2230-486c-a27e-0a92aeccbd18","metodo":"POST","ruta":"/api/v1/auth/sessions","status":201,"duracionMs":79}
integración · PostgreSQL 16 (Testcontainers)	Schema vs 06 · identidad y sesiones (TEST-AUTH-*) · readiness · migración fallida aborta	2026-09-19T01:14:08.9325277Z {"nivel":"info","requestId":"9fd00c7f-6c82-474b-a197-4b2a6d10c1f5","metodo":"POST","ruta":"/api/v1/auth/sessions","status":401,"duracionMs":72}
integración · PostgreSQL 16 (Testcontainers)	Schema vs 06 · identidad y sesiones (TEST-AUTH-*) · readiness · migración fallida aborta	2026-09-19T01:14:08.9366726Z {"nivel":"info","requestId":"cfcc7c35-ea46-4505-bdf8-3f90a40c2999","metodo":"POST","ruta":"/api/v1/auth/sessions","status":400,"duracionMs":0}
integración · PostgreSQL 16 (Testcontainers)	Schema vs 06 · identidad y sesiones (TEST-AUTH-*) · readiness · migración fallida aborta	2026-09-19T01:14:08.9389290Z {"nivel":"info","requestId":"6e184f76-ceb3-4c61-86ef-1a37e4ca9847","metodo":"POST","ruta":"/api/v1/auth/sessions","status":400,"duracionMs":0}
integración · PostgreSQL 16 (Testcontainers)	Schema vs 06 · identidad y sesiones (TEST-AUTH-*) · readiness · migración fallida aborta	2026-09-19T01:14:09.0185781Z {"nivel":"info","requestId":"5df42366-a73a-4c8a-bba0-7572a2a0003f","metodo":"POST","ruta":"/api/v1/auth/sessions","status":201,"duracionMs":77}
integración · PostgreSQL 16 (Testcontainers)	Schema vs 06 · identidad y sesiones (TEST-AUTH-*) · readiness · migración fallida aborta	2026-09-19T01:14:09.0270650Z {"nivel":"info","requestId":"942ee2ad-d381-4bd3-bb58-1b80c89cff7f","metodo":"GET","ruta":"/api/v1/me","status":200,"duracionMs":6}
integración · PostgreSQL 16 (Testcontainers)	Schema vs 06 · identidad y sesiones (TEST-AUTH-*) · readiness · migración fallida aborta	2026-09-19T01:14:09.0311840Z {"nivel":"info","requestId":"5e533ec5-dbf2-4a1e-806d-ecf145add739","metodo":"GET","ruta":"/api/v1/me","status":400,"duracionMs":2}
integración · PostgreSQL 16 (Testcontainers)	Schema vs 06 · identidad y sesiones (TEST-AUTH-*) · readiness · migración fallida aborta	2026-09-19T01:14:09.0329645Z {"nivel":"info","requestId":"68647cdd-2fb7-4083-8c14-5cba61761a15","metodo":"GET","ruta":"/api/v1/me","status":401,"duracionMs":0}
integración · PostgreSQL 16 (Testcontainers)	Schema vs 06 · identidad y sesiones (TEST-AUTH-*) · readiness · migración fallida aborta	2026-09-19T01:14:09.0347805Z {"nivel":"info","requestId":"23bffe0e-85e4-49e8-a1ae-665db4a92a58","metodo":"GET","ruta":"/api/v1/me","status":401,"duracionMs":0}
integración · PostgreSQL 16 (Testcontainers)	Schema vs 06 · identidad y sesiones (TEST-AUTH-*) · readiness · migración fallida aborta	2026-09-19T01:14:09.0430856Z {"nivel":"info","requestId":"03d98643-ce4d-49b5-bb8a-833eff9fa4d4","metodo":"GET","ruta":"/api/v1/me/health-data-consent-requirement","status":200,"duracionMs":7}
integración · PostgreSQL 16 (Testcontainers)	Schema vs 06 · identidad y sesiones (TEST-AUTH-*) · readiness · migración fallida aborta	2026-09-19T01:14:09.0469193Z {"nivel":"info","requestId":"cf5c836d-8ac3-4dc8-88d0-45ca3815d520","metodo":"GET","ruta":"/api/v1/me/health-data-consent-requirement","status":400,"duracionMs":2}
integración · PostgreSQL 16 (Testcontainers)	Schema vs 06 · identidad y sesiones (TEST-AUTH-*) · readiness · migración fallida aborta	2026-09-19T01:14:09.0486246Z {"nivel":"info","requestId":"8577c8a9-6e30-42dc-983c-25a39e0eab1c","metodo":"GET","ruta":"/api/v1/me/health-data-consent-requirement","status":401,"duracionMs":0}
integración · PostgreSQL 16 (Testcontainers)	Schema vs 06 · identidad y sesiones (TEST-AUTH-*) · readiness · migración fallida aborta	2026-09-19T01:14:09.0519948Z {"nivel":"info","requestId":"aaee2f92-0dda-4a17-b517-a566cf1ae485","metodo":"DELETE","ruta":"/api/v1/auth/sessions","status":400,"duracionMs":2}
integración · PostgreSQL 16 (Testcontainers)	Schema vs 06 · identidad y sesiones (TEST-AUTH-*) · readiness · migración fallida aborta	2026-09-19T01:14:09.0614591Z {"nivel":"info","requestId":"fa3da60a-cc42-4c23-be78-95aed904e3c5","metodo":"DELETE","ruta":"/api/v1/auth/sessions","status":204,"duracionMs":8}
integración · PostgreSQL 16 (Testcontainers)	Schema vs 06 · identidad y sesiones (TEST-AUTH-*) · readiness · migración fallida aborta	2026-09-19T01:14:09.0649653Z {"nivel":"info","requestId":"6ee96bce-0a8b-46dd-9b5e-624cd6ab4567","metodo":"DELETE","ruta":"/api/v1/auth/sessions","status":401,"duracionMs":2}
integración · PostgreSQL 16 (Testcontainers)	Schema vs 06 · identidad y sesiones (TEST-AUTH-*) · readiness · migración fallida aborta	2026-09-19T01:14:09.0683187Z {"nivel":"info","requestId":"973f0136-dfef-4c4c-9586-90cda1362e4c","metodo":"GET","ruta":"/api/v1/me","status":401,"duracionMs":2}
integración · PostgreSQL 16 (Testcontainers)	Schema vs 06 · identidad y sesiones (TEST-AUTH-*) · readiness · migración fallida aborta	2026-09-19T01:14:09.0699807Z {"nivel":"info","requestId":"c183df07-4d05-4941-878e-f51e37cc2a2f","metodo":"DELETE","ruta":"/api/v1/auth/sessions","status":401,"duracionMs":0}
integración · PostgreSQL 16 (Testcontainers)	Schema vs 06 · identidad y sesiones (TEST-AUTH-*) · readiness · migración fallida aborta	2026-09-19T01:14:09.1459486Z {"nivel":"info","requestId":"62c00ea2-7dcd-4ae9-8483-514be97d27f7","metodo":"POST","ruta":"/api/v1/auth/sessions","status":201,"duracionMs":74}
integración · PostgreSQL 16 (Testcontainers)	Schema vs 06 · identidad y sesiones (TEST-AUTH-*) · readiness · migración fallida aborta	2026-09-19T01:14:09.1479060Z {"nivel":"info","requestId":"fb9727f8-c6f6-4c15-bcb4-657f216fc1af","metodo":"DELETE","ruta":"/api/v1/auth/sessions/current","status":400,"duracionMs":0}
integración · PostgreSQL 16 (Testcontainers)	Schema vs 06 · identidad y sesiones (TEST-AUTH-*) · readiness · migración fallida aborta	2026-09-19T01:14:09.1538014Z {"nivel":"info","requestId":"986e2c20-e608-4876-9e0f-7b4932c68345","metodo":"DELETE","ruta":"/api/v1/auth/sessions/current","status":204,"duracionMs":4}
integración · PostgreSQL 16 (Testcontainers)	Schema vs 06 · identidad y sesiones (TEST-AUTH-*) · readiness · migración fallida aborta	2026-09-19T01:14:09.1588737Z {"nivel":"info","requestId":"3a2ef2a9-85b1-436d-905b-2bd6e5efce09","metodo":"DELETE","ruta":"/api/v1/auth/sessions/current","status":204,"duracionMs":3}
integración · PostgreSQL 16 (Testcontainers)	Schema vs 06 · identidad y sesiones (TEST-AUTH-*) · readiness · migración fallida aborta	2026-09-19T01:14:09.1607716Z {"nivel":"info","requestId":"5b023c7a-6288-4c91-bfb7-789d7f2a6e10","metodo":"DELETE","ruta":"/api/v1/auth/sessions/current","status":401,"duracionMs":0}
integración · PostgreSQL 16 (Testcontainers)	Schema vs 06 · identidad y sesiones (TEST-AUTH-*) · readiness · migración fallida aborta	2026-09-19T01:14:09.1625487Z {"nivel":"info","requestId":"d92b5380-bb7b-4e7b-b9d9-f9357a71788f","metodo":"DELETE","ruta":"/api/v1/auth/sessions/current","status":401,"duracionMs":0}
integración · PostgreSQL 16 (Testcontainers)	Schema vs 06 · identidad y sesiones (TEST-AUTH-*) · readiness · migración fallida aborta	2026-09-19T01:14:09.2399285Z {"nivel":"info","requestId":"13be5b64-f861-4f37-838e-7a5b0637e470","metodo":"POST","ruta":"/api/v1/auth/sessions","status":201,"duracionMs":75}
integración · PostgreSQL 16 (Testcontainers)	Schema vs 06 · identidad y sesiones (TEST-AUTH-*) · readiness · migración fallida aborta	2026-09-19T01:14:09.2423404Z {"nivel":"info","requestId":"bf6dde92-0bc9-4252-9185-f6987a7faa8e","metodo":"POST","ruta":"/api/v1/me/account-closure-requests","status":400,"duracionMs":0}
integración · PostgreSQL 16 (Testcontainers)	Schema vs 06 · identidad y sesiones (TEST-AUTH-*) · readiness · migración fallida aborta	2026-09-19T01:14:09.2470245Z {"nivel":"info","requestId":"6c83826f-be15-4e67-9917-0fc0230d45a7","metodo":"POST","ruta":"/api/v1/me/account-closure-requests","status":400,"duracionMs":3}
integración · PostgreSQL 16 (Testcontainers)	Schema vs 06 · identidad y sesiones (TEST-AUTH-*) · readiness · migración fallida aborta	2026-09-19T01:14:09.2572309Z {"nivel":"info","requestId":"2f6a828c-7da4-4977-a25f-a813fd789ab8","metodo":"POST","ruta":"/api/v1/me/account-closure-requests","status":422,"duracionMs":8}
integración · PostgreSQL 16 (Testcontainers)	Schema vs 06 · identidad y sesiones (TEST-AUTH-*) · readiness · migración fallida aborta	2026-09-19T01:14:09.2602767Z {"nivel":"info","requestId":"7474e9d0-7ad9-4d25-bbf6-e310d581d7cf","metodo":"POST","ruta":"/api/v1/me/account-closure-requests","status":401,"duracionMs":0}
integración · PostgreSQL 16 (Testcontainers)	Schema vs 06 · identidad y sesiones (TEST-AUTH-*) · readiness · migración fallida aborta	2026-09-19T01:14:09.2663803Z {"nivel":"info","requestId":"20617ace-5637-4c2b-b59f-04ac9ddbd143","metodo":"GET","ruta":"/api/v1/me","status":200,"duracionMs":4}
integración · PostgreSQL 16 (Testcontainers)	Schema vs 06 · identidad y sesiones (TEST-AUTH-*) · readiness · migración fallida aborta	2026-09-19T01:14:09.3316731Z {"nivel":"info","requestId":"988f2740-3e55-4da8-8f7c-e9e118cda64c","metodo":"POST","ruta":"/api/v1/me/account-closure-requests","status":403,"duracionMs":6}
integración · PostgreSQL 16 (Testcontainers)	Schema vs 06 · identidad y sesiones (TEST-AUTH-*) · readiness · migración fallida aborta	2026-09-19T01:14:09.3575120Z {"nivel":"info","requestId":"23860f6a-d8dc-4563-9910-3507b46129fc","metodo":"POST","ruta":"/api/v1/me/account-closure-requests","status":201,"duracionMs":24}
integración · PostgreSQL 16 (Testcontainers)	Schema vs 06 · identidad y sesiones (TEST-AUTH-*) · readiness · migración fallida aborta	2026-09-19T01:14:09.3628329Z {"nivel":"info","requestId":"e2750854-2cf6-492f-93f7-b0a24d481bf7","metodo":"POST","ruta":"/api/v1/me/account-closure-requests","status":409,"duracionMs":3}
integración · PostgreSQL 16 (Testcontainers)	Schema vs 06 · identidad y sesiones (TEST-AUTH-*) · readiness · migración fallida aborta	2026-09-19T01:14:09.3648121Z {"prueba":"TEST-CT","observadas":{"API-ACC-01":["201","400 INVALID_REQUEST","400 UNKNOWN_FIELD","409 IDEMPOTENCY_KEY_REUSED","409 REGISTRATION_NOT_AVAILABLE","422 PRIVACY_VERSION_NOT_ACCEPTABLE","422 TERMS_VERSION_NOT_ACCEPTABLE"],"API-ACC-02":["201","400 INVALID_REQUEST","400 UNKNOWN_FIELD","401 INVALID_CREDENTIALS"],"API-ACC-05":["200","400 INVALID_REQUEST","401 AUTHENTICATION_REQUIRED","401 SESSION_INVALID","401 SESSION_REVOKED"],"API-CON-05":["200","400 INVALID_REQUEST","401 AUTHENTICATION_REQUIRED"],"API-ACC-04":["204","400 INVALID_REQUEST","401 AUTHENTICATION_REQUIRED","401 SESSION_REVOKED"],"API-ACC-03":["204","400 INVALID_REQUEST","401 AUTHENTICATION_REQUIRED","401 SESSION_INVALID"],"API-ACC-P1-03":["201","400 INVALID_REQUEST","400 UNKNOWN_FIELD","401 AUTHENTICATION_REQUIRED","403 STEP_UP_REQUIRED","409 IDEMPOTENCY_KEY_REUSED","422 VALIDATION_FAILED"]}}
integración · PostgreSQL 16 (Testcontainers)	Schema vs 06 · identidad y sesiones (TEST-AUTH-*) · readiness · migración fallida aborta	2026-09-19T01:14:09.3714770Z PASS ../../test/integration/contrato.int-spec.ts
integración · PostgreSQL 16 (Testcontainers)	Schema vs 06 · identidad y sesiones (TEST-AUTH-*) · readiness · migración fallida aborta	2026-09-19T01:14:09.3716362Z   ✓ TEST-CT: se ejercitan éxitos y errores de las siete operaciones autorizadas (860 ms)
integración · PostgreSQL 16 (Testcontainers)	Schema vs 06 · identidad y sesiones (TEST-AUTH-*) · readiness · migración fallida aborta	2026-09-19T01:14:09.3717958Z   ✓ TEST-CT: todo (status, código) observado está declarado para su operación; los éxitos coinciden con el contrato (1 ms)
integración · PostgreSQL 16 (Testcontainers)	Schema vs 06 · identidad y sesiones (TEST-AUTH-*) · readiness · migración fallida aborta	2026-09-19T01:14:09.3718739Z 
integración · PostgreSQL 16 (Testcontainers)	Schema vs 06 · identidad y sesiones (TEST-AUTH-*) · readiness · migración fallida aborta	2026-09-19T01:14:10.0362820Z {"nivel":"info","requestId":"31b7456a-b72f-41c4-baf2-85c9d6f25912","metodo":"POST","ruta":"/api/v1/registrations","status":201,"duracionMs":103}
integración · PostgreSQL 16 (Testcontainers)	Schema vs 06 · identidad y sesiones (TEST-AUTH-*) · readiness · migración fallida aborta	2026-09-19T01:14:10.1213985Z {"nivel":"info","requestId":"771b56a0-e378-4e67-8a7d-f21e9689a691","metodo":"POST","ruta":"/api/v1/auth/sessions","status":201,"duracionMs":82}
integración · PostgreSQL 16 (Testcontainers)	Schema vs 06 · identidad y sesiones (TEST-AUTH-*) · readiness · migración fallida aborta	2026-09-19T01:14:10.1992518Z {"nivel":"info","requestId":"c289cb00-846d-4dcb-a1dd-5e0bbc5f52b3","metodo":"POST","ruta":"/api/v1/auth/sessions","status":201,"duracionMs":76}
integración · PostgreSQL 16 (Testcontainers)	Schema vs 06 · identidad y sesiones (TEST-AUTH-*) · readiness · migración fallida aborta	2026-09-19T01:14:10.3095454Z {"nivel":"info","requestId":"9ba5f1f7-24ae-4c5b-a8d8-bbc541510f0c","metodo":"POST","ruta":"/api/v1/me/account-closure-requests","status":201,"duracionMs":60}
integración · PostgreSQL 16 (Testcontainers)	Schema vs 06 · identidad y sesiones (TEST-AUTH-*) · readiness · migración fallida aborta	2026-09-19T01:14:10.3133375Z {"nivel":"info","requestId":"f0ce1386-327f-4dd8-8894-7d62221c9061","metodo":"POST","ruta":"/api/v1/me/account-closure-requests","status":422,"duracionMs":63}
integración · PostgreSQL 16 (Testcontainers)	Schema vs 06 · identidad y sesiones (TEST-AUTH-*) · readiness · migración fallida aborta	2026-09-19T01:14:10.4255933Z {"nivel":"info","requestId":"70410f6e-67c9-4464-96dc-cfde507a2a0b","metodo":"POST","ruta":"/api/v1/registrations","status":201,"duracionMs":102}
integración · PostgreSQL 16 (Testcontainers)	Schema vs 06 · identidad y sesiones (TEST-AUTH-*) · readiness · migración fallida aborta	2026-09-19T01:14:10.5341099Z {"nivel":"info","requestId":"01f6bda2-6b3d-4644-bbc2-384f01279102","metodo":"POST","ruta":"/api/v1/auth/sessions","status":401,"duracionMs":81}
integración · PostgreSQL 16 (Testcontainers)	Schema vs 06 · identidad y sesiones (TEST-AUTH-*) · readiness · migración fallida aborta	2026-09-19T01:14:10.6243603Z {"nivel":"info","requestId":"45b12c21-da64-45bc-b920-4301445a6718","metodo":"POST","ruta":"/api/v1/registrations","status":201,"duracionMs":82}
integración · PostgreSQL 16 (Testcontainers)	Schema vs 06 · identidad y sesiones (TEST-AUTH-*) · readiness · migración fallida aborta	2026-09-19T01:14:10.7021903Z {"nivel":"info","requestId":"4fdbc522-30f7-4462-bc51-85f68dc9d2f5","metodo":"POST","ruta":"/api/v1/auth/sessions","status":201,"duracionMs":75}
integración · PostgreSQL 16 (Testcontainers)	Schema vs 06 · identidad y sesiones (TEST-AUTH-*) · readiness · migración fallida aborta	2026-09-19T01:14:10.8288887Z {"nivel":"info","requestId":"3402f235-ca77-4112-b2cd-1cbf0c2efb74","metodo":"POST","ruta":"/api/v1/me/account-closure-requests","status":201,"duracionMs":121}
integración · PostgreSQL 16 (Testcontainers)	Schema vs 06 · identidad y sesiones (TEST-AUTH-*) · readiness · migración fallida aborta	2026-09-19T01:14:10.8315493Z {"nivel":"info","requestId":"2de4aff4-204b-4557-9424-097f45d43cbd","metodo":"POST","ruta":"/api/v1/auth/sessions","status":401,"duracionMs":122}
integración · PostgreSQL 16 (Testcontainers)	Schema vs 06 · identidad y sesiones (TEST-AUTH-*) · readiness · migración fallida aborta	2026-09-19T01:14:10.8328753Z {"nivel":"info","requestId":"421e8b6a-f5d5-40d7-b643-fb1dee4abb33","metodo":"POST","ruta":"/api/v1/auth/sessions","status":401,"duracionMs":123}
integración · PostgreSQL 16 (Testcontainers)	Schema vs 06 · identidad y sesiones (TEST-AUTH-*) · readiness · migración fallida aborta	2026-09-19T01:14:10.8451169Z PASS ../../test/integration/concurrencia.int-spec.ts
integración · PostgreSQL 16 (Testcontainers)	Schema vs 06 · identidad y sesiones (TEST-AUTH-*) · readiness · migración fallida aborta	2026-09-19T01:14:10.8454293Z   ✓ TEST-RF-069 / 06 §5.7.4: dos cierres simultáneos con keys distintas → exactamente un CuentaCerrada; el otro 422 INVALID_STATE_TRANSITION (395 ms)
integración · PostgreSQL 16 (Testcontainers)	Schema vs 06 · identidad y sesiones (TEST-AUTH-*) · readiness · migración fallida aborta	2026-09-19T01:14:10.8457132Z   ✓ TEST-AUTH-011 en carrera: un login con la contraseña correcta que llega mientras el cierre retiene la cuenta → 401, sin sesión ACTIVA, con auditoría del rechazo (218 ms)
integración · PostgreSQL 16 (Testcontainers)	Schema vs 06 · identidad y sesiones (TEST-AUTH-*) · readiness · migración fallida aborta	2026-09-19T01:14:10.8460701Z   ✓ 06 §5.8 en carrera: sesiones que llegan mientras el cierre espera el bloqueo quedan revocadas, con finalización ≥ inicio (295 ms)
integración · PostgreSQL 16 (Testcontainers)	Schema vs 06 · identidad y sesiones (TEST-AUTH-*) · readiness · migración fallida aborta	2026-09-19T01:14:10.8462629Z 
integración · PostgreSQL 16 (Testcontainers)	Schema vs 06 · identidad y sesiones (TEST-AUTH-*) · readiness · migración fallida aborta	2026-09-19T01:14:11.4928865Z {"nivel":"info","requestId":"def6938a-12a8-40f2-8ba1-860ac06946c4","metodo":"POST","ruta":"/api/v1/registrations","status":201,"duracionMs":99}
integración · PostgreSQL 16 (Testcontainers)	Schema vs 06 · identidad y sesiones (TEST-AUTH-*) · readiness · migración fallida aborta	2026-09-19T01:14:11.5692545Z {"nivel":"info","requestId":"cda9e0e6-3f15-4a5e-84be-b0c887c8c011","metodo":"POST","ruta":"/api/v1/registrations","status":409,"duracionMs":74}
integración · PostgreSQL 16 (Testcontainers)	Schema vs 06 · identidad y sesiones (TEST-AUTH-*) · readiness · migración fallida aborta	2026-09-19T01:14:11.6477946Z {"nivel":"info","requestId":"ebb376f5-ffad-472d-ad11-1f9f4e6fbcc3","metodo":"POST","ruta":"/api/v1/auth/sessions","status":401,"duracionMs":76}
integración · PostgreSQL 16 (Testcontainers)	Schema vs 06 · identidad y sesiones (TEST-AUTH-*) · readiness · migración fallida aborta	2026-09-19T01:14:11.7201398Z {"nivel":"info","requestId":"492c5bbf-1de8-4342-ae0e-7652bad6c214","metodo":"POST","ruta":"/api/v1/auth/sessions","status":401,"duracionMs":70}
integración · PostgreSQL 16 (Testcontainers)	Schema vs 06 · identidad y sesiones (TEST-AUTH-*) · readiness · migración fallida aborta	2026-09-19T01:14:11.7996086Z {"nivel":"info","requestId":"013dae3d-f923-4b31-8d7f-975d1bc0fbba","metodo":"POST","ruta":"/api/v1/auth/sessions","status":201,"duracionMs":77}
integración · PostgreSQL 16 (Testcontainers)	Schema vs 06 · identidad y sesiones (TEST-AUTH-*) · readiness · migración fallida aborta	2026-09-19T01:14:11.8073137Z {"nivel":"info","requestId":"eebe964c-b469-472d-99fd-dbc1a0420c7b","metodo":"GET","ruta":"/api/v1/me","status":200,"duracionMs":6}
integración · PostgreSQL 16 (Testcontainers)	Schema vs 06 · identidad y sesiones (TEST-AUTH-*) · readiness · migración fallida aborta	2026-09-19T01:14:11.8094905Z {"nivel":"info","requestId":"6eb93a56-3097-44fd-af03-c76ee8ff3e1e","metodo":"GET","ruta":"/api/v1/me","status":401,"duracionMs":0}
integración · PostgreSQL 16 (Testcontainers)	Schema vs 06 · identidad y sesiones (TEST-AUTH-*) · readiness · migración fallida aborta	2026-09-19T01:14:11.8382286Z {"nivel":"info","requestId":"93d0f9c0-777c-4cc9-96f6-c81a99283a8a","metodo":"POST","ruta":"/api/v1/me/account-closure-requests","status":201,"duracionMs":27}
integración · PostgreSQL 16 (Testcontainers)	Schema vs 06 · identidad y sesiones (TEST-AUTH-*) · readiness · migración fallida aborta	2026-09-19T01:14:11.9788174Z {"nivel":"info","requestId":"d871f82e-2e85-483d-a270-18a439b86a64","metodo":"POST","ruta":"/api/v1/registrations","status":201,"duracionMs":83}
integración · PostgreSQL 16 (Testcontainers)	Schema vs 06 · identidad y sesiones (TEST-AUTH-*) · readiness · migración fallida aborta	2026-09-19T01:14:12.0579800Z {"nivel":"info","requestId":"d236550c-57fd-4d55-8f9b-e1f8dca94d41","metodo":"POST","ruta":"/api/v1/auth/sessions","status":201,"duracionMs":77}
integración · PostgreSQL 16 (Testcontainers)	Schema vs 06 · identidad y sesiones (TEST-AUTH-*) · readiness · migración fallida aborta	2026-09-19T01:14:12.0617099Z {"nivel":"error","evento":"error_no_clasificado","tipo":"Error","requestId":"04de54d4-8698-47b2-b7c7-cdc25885854d"}
integración · PostgreSQL 16 (Testcontainers)	Schema vs 06 · identidad y sesiones (TEST-AUTH-*) · readiness · migración fallida aborta	2026-09-19T01:14:12.0620769Z {"nivel":"info","requestId":"04de54d4-8698-47b2-b7c7-cdc25885854d","metodo":"GET","ruta":"/api/v1/me","status":500,"duracionMs":2}
integración · PostgreSQL 16 (Testcontainers)	Schema vs 06 · identidad y sesiones (TEST-AUTH-*) · readiness · migración fallida aborta	2026-09-19T01:14:12.0692845Z PASS ../../test/integration/sanitizacion.int-spec.ts
integración · PostgreSQL 16 (Testcontainers)	Schema vs 06 · identidad y sesiones (TEST-AUTH-*) · readiness · migración fallida aborta	2026-09-19T01:14:12.0694665Z   ✓ TEST-RNF-SEC-002 / TEST-RNF-OBS-001 / TEST-RUN-009: ni credenciales, ni tokens, ni hashes, ni correos, ni IP en logs, auditoría o respuestas (505 ms)
integración · PostgreSQL 16 (Testcontainers)	Schema vs 06 · identidad y sesiones (TEST-AUTH-*) · readiness · migración fallida aborta	2026-09-19T01:14:12.0696361Z   ✓ TEST-RUN-009: un error no clasificado deja en el log solo tipo y requestId, nunca el mensaje (169 ms)
integración · PostgreSQL 16 (Testcontainers)	Schema vs 06 · identidad y sesiones (TEST-AUTH-*) · readiness · migración fallida aborta	2026-09-19T01:14:12.0696934Z 
integración · PostgreSQL 16 (Testcontainers)	Schema vs 06 · identidad y sesiones (TEST-AUTH-*) · readiness · migración fallida aborta	2026-09-19T01:14:12.5608664Z {"nivel":"info","requestId":"ed3a14df-8799-4372-9052-d32051c62789","metodo":"GET","ruta":"/health/ready","status":200,"duracionMs":3}
integración · PostgreSQL 16 (Testcontainers)	Schema vs 06 · identidad y sesiones (TEST-AUTH-*) · readiness · migración fallida aborta	2026-09-19T01:14:12.6970040Z {"nivel":"info","requestId":"ae59fa8b-9c12-4464-8c75-dc81dcb13ef7","metodo":"GET","ruta":"/health/ready","status":503,"duracionMs":3}
integración · PostgreSQL 16 (Testcontainers)	Schema vs 06 · identidad y sesiones (TEST-AUTH-*) · readiness · migración fallida aborta	2026-09-19T01:14:13.9818092Z PASS ../../test/integration/despliegue.int-spec.ts
integración · PostgreSQL 16 (Testcontainers)	Schema vs 06 · identidad y sesiones (TEST-AUTH-*) · readiness · migración fallida aborta	2026-09-19T01:14:13.9819120Z   Despliegue reproducible — ASR-09
integración · PostgreSQL 16 (Testcontainers)	Schema vs 06 · identidad y sesiones (TEST-AUTH-*) · readiness · migración fallida aborta	2026-09-19T01:14:13.9820088Z     ✓ TEST-RUN-002: /health/ready 200 contra base real con migraciones al día (178 ms)
integración · PostgreSQL 16 (Testcontainers)	Schema vs 06 · identidad y sesiones (TEST-AUTH-*) · readiness · migración fallida aborta	2026-09-19T01:14:13.9821688Z     ✓ TEST-RUN-002: artefacto con migración no aplicada → 503 DB_UNAVAILABLE / PENDIENTES (136 ms)
integración · PostgreSQL 16 (Testcontainers)	Schema vs 06 · identidad y sesiones (TEST-AUTH-*) · readiness · migración fallida aborta	2026-09-19T01:14:13.9823194Z     ✓ TEST-RUN-003 / 07 §62: una migración fallida aborta el deploy y no queda registrada como aplicada (1278 ms)
integración · PostgreSQL 16 (Testcontainers)	Schema vs 06 · identidad y sesiones (TEST-AUTH-*) · readiness · migración fallida aborta	2026-09-19T01:14:13.9823891Z 
integración · PostgreSQL 16 (Testcontainers)	Schema vs 06 · identidad y sesiones (TEST-AUTH-*) · readiness · migración fallida aborta	2026-09-19T01:14:13.9845496Z Test Suites: 9 passed, 9 total
integración · PostgreSQL 16 (Testcontainers)	Schema vs 06 · identidad y sesiones (TEST-AUTH-*) · readiness · migración fallida aborta	2026-09-19T01:14:13.9846127Z Tests:       101 passed, 101 total
integración · PostgreSQL 16 (Testcontainers)	Schema vs 06 · identidad y sesiones (TEST-AUTH-*) · readiness · migración fallida aborta	2026-09-19T01:14:13.9846676Z Snapshots:   0 total
integración · PostgreSQL 16 (Testcontainers)	Schema vs 06 · identidad y sesiones (TEST-AUTH-*) · readiness · migración fallida aborta	2026-09-19T01:14:13.9847100Z Time:        27.07 s
integración · PostgreSQL 16 (Testcontainers)	Schema vs 06 · identidad y sesiones (TEST-AUTH-*) · readiness · migración fallida aborta	2026-09-19T01:14:13.9847513Z Ran all test suites.
integración · PostgreSQL 16 (Testcontainers)	Schema vs 06 · identidad y sesiones (TEST-AUTH-*) · readiness · migración fallida aborta	2026-09-19T01:14:14.3344802Z Test results written to: ../../resultados-integracion.json
integración · PostgreSQL 16 (Testcontainers)	Resultados por ID de prueba (evidencia)	﻿2026-09-19T01:14:14.4265916Z Node 20 is being deprecated. This workflow is running with Node 24 by default. If you need to temporarily use Node 20, you can set the ACTIONS_ALLOW_USE_UNSECURE_NODE_VERSION=true environment variable. For more information see: https://github.blog/changelog/2025-09-19-deprecation-of-node-20-on-github-actions-runners/
integración · PostgreSQL 16 (Testcontainers)	Resultados por ID de prueba (evidencia)	2026-09-19T01:14:14.4267492Z ##[group]Run actions/upload-artifact@v4
integración · PostgreSQL 16 (Testcontainers)	Resultados por ID de prueba (evidencia)	2026-09-19T01:14:14.4267774Z with:
integración · PostgreSQL 16 (Testcontainers)	Resultados por ID de prueba (evidencia)	2026-09-19T01:14:14.4267984Z   name: resultados-integracion
integración · PostgreSQL 16 (Testcontainers)	Resultados por ID de prueba (evidencia)	2026-09-19T01:14:14.4268253Z   path: resultados-integracion.json
integración · PostgreSQL 16 (Testcontainers)	Resultados por ID de prueba (evidencia)	2026-09-19T01:14:14.4268520Z   if-no-files-found: error
integración · PostgreSQL 16 (Testcontainers)	Resultados por ID de prueba (evidencia)	2026-09-19T01:14:14.4268769Z   compression-level: 6
integración · PostgreSQL 16 (Testcontainers)	Resultados por ID de prueba (evidencia)	2026-09-19T01:14:14.4268989Z   overwrite: false
integración · PostgreSQL 16 (Testcontainers)	Resultados por ID de prueba (evidencia)	2026-09-19T01:14:14.4269202Z   include-hidden-files: false
integración · PostgreSQL 16 (Testcontainers)	Resultados por ID de prueba (evidencia)	2026-09-19T01:14:14.4269436Z ##[endgroup]
integración · PostgreSQL 16 (Testcontainers)	Resultados por ID de prueba (evidencia)	2026-09-19T01:14:14.5962897Z (node:6054) [DEP0040] DeprecationWarning: The `punycode` module is deprecated. Please use a userland alternative instead.
integración · PostgreSQL 16 (Testcontainers)	Resultados por ID de prueba (evidencia)	2026-09-19T01:14:14.5964406Z (Use `node --trace-deprecation ...` to show where the warning was created)
integración · PostgreSQL 16 (Testcontainers)	Resultados por ID de prueba (evidencia)	2026-09-19T01:14:14.6012950Z With the provided path, there will be 1 file uploaded
integración · PostgreSQL 16 (Testcontainers)	Resultados por ID de prueba (evidencia)	2026-09-19T01:14:14.6032494Z Artifact name is valid!
integración · PostgreSQL 16 (Testcontainers)	Resultados por ID de prueba (evidencia)	2026-09-19T01:14:14.6033080Z Root directory input is valid!
integración · PostgreSQL 16 (Testcontainers)	Resultados por ID de prueba (evidencia)	2026-09-19T01:14:14.8168974Z Beginning upload of artifact content to blob storage
integración · PostgreSQL 16 (Testcontainers)	Resultados por ID de prueba (evidencia)	2026-09-19T01:14:14.8378399Z (node:6054) [DEP0169] DeprecationWarning: `url.parse()` behavior is not standardized and prone to errors that have security implications. Use the WHATWG URL API instead. CVEs are not issued for `url.parse()` vulnerabilities.
integración · PostgreSQL 16 (Testcontainers)	Resultados por ID de prueba (evidencia)	2026-09-19T01:14:14.8858536Z Uploaded bytes 6660
integración · PostgreSQL 16 (Testcontainers)	Resultados por ID de prueba (evidencia)	2026-09-19T01:14:14.9045791Z Finished uploading artifact content to blob storage!
integración · PostgreSQL 16 (Testcontainers)	Resultados por ID de prueba (evidencia)	2026-09-19T01:14:14.9047535Z SHA256 digest of uploaded artifact zip is 7324ae53873eea36d8732a4b5a840bfd7e9c469332e6980957666818ec9658a3
integración · PostgreSQL 16 (Testcontainers)	Resultados por ID de prueba (evidencia)	2026-09-19T01:14:14.9048995Z Finalizing artifact upload
integración · PostgreSQL 16 (Testcontainers)	Resultados por ID de prueba (evidencia)	2026-09-19T01:14:15.0832332Z Artifact resultados-integracion.zip successfully finalized. Artifact ID 10574598683
integración · PostgreSQL 16 (Testcontainers)	Resultados por ID de prueba (evidencia)	2026-09-19T01:14:15.0834020Z Artifact resultados-integracion has been successfully uploaded! Final size is 6660 bytes. Artifact ID is 10574598683
integración · PostgreSQL 16 (Testcontainers)	Resultados por ID de prueba (evidencia)	2026-09-19T01:14:15.0842222Z Artifact download URL: https://github.com/Elian-Bufi/be/actions/runs/35411934626/artifacts/10574598683
integración · PostgreSQL 16 (Testcontainers)	Post Run actions/setup-node@v7	﻿2026-09-19T01:14:15.1046723Z Post job cleanup.
integración · PostgreSQL 16 (Testcontainers)	Post Run actions/setup-node@v7	2026-09-19T01:14:15.2373383Z [command]/usr/bin/tar --posix -cf cache.tzst --exclude cache.tzst -P -C /home/runner/work/be/be --files-from manifest.txt --use-compress-program zstdmt
integración · PostgreSQL 16 (Testcontainers)	Post Run actions/setup-node@v7	2026-09-19T01:14:15.8722655Z Failed to save: Unable to reserve cache with key node-cache-Linux-x64-npm-035442b6e162ca43476981c9c2b12aaf09857145993c221f83d7202f95647faa, another job may be creating this cache.
integración · PostgreSQL 16 (Testcontainers)	Post Run actions/checkout@v7	﻿2026-09-19T01:14:15.9152446Z Post job cleanup.
integración · PostgreSQL 16 (Testcontainers)	Post Run actions/checkout@v7	2026-09-19T01:14:15.9981709Z [command]/usr/bin/git version
integración · PostgreSQL 16 (Testcontainers)	Post Run actions/checkout@v7	2026-09-19T01:14:16.0026502Z git version 2.55.0
integración · PostgreSQL 16 (Testcontainers)	Post Run actions/checkout@v7	2026-09-19T01:14:16.0067485Z Temporarily overriding HOME='/home/runner/work/_temp/2af4f7e3-cb06-4d4a-a169-8dca87dfc63d' before making global git config changes
integración · PostgreSQL 16 (Testcontainers)	Post Run actions/checkout@v7	2026-09-19T01:14:16.0068732Z Adding repository directory to the temporary git global config as a safe directory
integración · PostgreSQL 16 (Testcontainers)	Post Run actions/checkout@v7	2026-09-19T01:14:16.0073407Z [command]/usr/bin/git config --global --add safe.directory /home/runner/work/be/be
integración · PostgreSQL 16 (Testcontainers)	Post Run actions/checkout@v7	2026-09-19T01:14:16.0105377Z Removing SSH command configuration
integración · PostgreSQL 16 (Testcontainers)	Post Run actions/checkout@v7	2026-09-19T01:14:16.0112319Z [command]/usr/bin/git config --local --name-only --get-regexp core\.sshCommand
integración · PostgreSQL 16 (Testcontainers)	Post Run actions/checkout@v7	2026-09-19T01:14:16.0154101Z [command]/usr/bin/git submodule foreach --recursive sh -c "git config --local --name-only --get-regexp 'core\.sshCommand' && git config --local --unset-all 'core.sshCommand' || :"
integración · PostgreSQL 16 (Testcontainers)	Post Run actions/checkout@v7	2026-09-19T01:14:16.0471226Z Removing HTTP extra header
integración · PostgreSQL 16 (Testcontainers)	Post Run actions/checkout@v7	2026-09-19T01:14:16.0478673Z [command]/usr/bin/git config --local --name-only --get-regexp http\.https\:\/\/github\.com\/\.extraheader
integración · PostgreSQL 16 (Testcontainers)	Post Run actions/checkout@v7	2026-09-19T01:14:16.0534421Z [command]/usr/bin/git submodule foreach --recursive sh -c "git config --local --name-only --get-regexp 'http\.https\:\/\/github\.com\/\.extraheader' && git config --local --unset-all 'http.https://github.com/.extraheader' || :"
integración · PostgreSQL 16 (Testcontainers)	Post Run actions/checkout@v7	2026-09-19T01:14:16.0838625Z Removing includeIf entries pointing to credentials config files
integración · PostgreSQL 16 (Testcontainers)	Post Run actions/checkout@v7	2026-09-19T01:14:16.0846228Z [command]/usr/bin/git config --local --name-only --get-regexp ^includeIf\.gitdir:
integración · PostgreSQL 16 (Testcontainers)	Post Run actions/checkout@v7	2026-09-19T01:14:16.0879063Z includeif.gitdir:/home/runner/work/be/be/.git.path
integración · PostgreSQL 16 (Testcontainers)	Post Run actions/checkout@v7	2026-09-19T01:14:16.0880087Z includeif.gitdir:/home/runner/work/be/be/.git/worktrees/*.path
integración · PostgreSQL 16 (Testcontainers)	Post Run actions/checkout@v7	2026-09-19T01:14:16.0881019Z includeif.gitdir:/github/workspace/.git.path
integración · PostgreSQL 16 (Testcontainers)	Post Run actions/checkout@v7	2026-09-19T01:14:16.0882202Z includeif.gitdir:/github/workspace/.git/worktrees/*.path
integración · PostgreSQL 16 (Testcontainers)	Post Run actions/checkout@v7	2026-09-19T01:14:16.0888282Z [command]/usr/bin/git config --local --get-all includeif.gitdir:/home/runner/work/be/be/.git.path
integración · PostgreSQL 16 (Testcontainers)	Post Run actions/checkout@v7	2026-09-19T01:14:16.0914656Z /home/runner/work/_temp/git-credentials-49371a9c-4ea1-4cc5-94c8-9f27c860a52f.config
integración · PostgreSQL 16 (Testcontainers)	Post Run actions/checkout@v7	2026-09-19T01:14:16.0926572Z [command]/usr/bin/git config --local --unset includeif.gitdir:/home/runner/work/be/be/.git.path \/home\/runner\/work\/_temp\/git\-credentials\-49371a9c\-4ea1\-4cc5\-94c8\-9f27c860a52f\.config
integración · PostgreSQL 16 (Testcontainers)	Post Run actions/checkout@v7	2026-09-19T01:14:16.0981751Z [command]/usr/bin/git config --local --get-all includeif.gitdir:/home/runner/work/be/be/.git/worktrees/*.path
integración · PostgreSQL 16 (Testcontainers)	Post Run actions/checkout@v7	2026-09-19T01:14:16.1004631Z /home/runner/work/_temp/git-credentials-49371a9c-4ea1-4cc5-94c8-9f27c860a52f.config
integración · PostgreSQL 16 (Testcontainers)	Post Run actions/checkout@v7	2026-09-19T01:14:16.1024907Z [command]/usr/bin/git config --local --unset includeif.gitdir:/home/runner/work/be/be/.git/worktrees/*.path \/home\/runner\/work\/_temp\/git\-credentials\-49371a9c\-4ea1\-4cc5\-94c8\-9f27c860a52f\.config
integración · PostgreSQL 16 (Testcontainers)	Post Run actions/checkout@v7	2026-09-19T01:14:16.1053006Z [command]/usr/bin/git config --local --get-all includeif.gitdir:/github/workspace/.git.path
integración · PostgreSQL 16 (Testcontainers)	Post Run actions/checkout@v7	2026-09-19T01:14:16.1081354Z /github/runner_temp/git-credentials-49371a9c-4ea1-4cc5-94c8-9f27c860a52f.config
integración · PostgreSQL 16 (Testcontainers)	Post Run actions/checkout@v7	2026-09-19T01:14:16.1089992Z [command]/usr/bin/git config --local --unset includeif.gitdir:/github/workspace/.git.path \/github\/runner_temp\/git\-credentials\-49371a9c\-4ea1\-4cc5\-94c8\-9f27c860a52f\.config
integración · PostgreSQL 16 (Testcontainers)	Post Run actions/checkout@v7	2026-09-19T01:14:16.1127925Z [command]/usr/bin/git config --local --get-all includeif.gitdir:/github/workspace/.git/worktrees/*.path
integración · PostgreSQL 16 (Testcontainers)	Post Run actions/checkout@v7	2026-09-19T01:14:16.1156737Z /github/runner_temp/git-credentials-49371a9c-4ea1-4cc5-94c8-9f27c860a52f.config
integración · PostgreSQL 16 (Testcontainers)	Post Run actions/checkout@v7	2026-09-19T01:14:16.1165047Z [command]/usr/bin/git config --local --unset includeif.gitdir:/github/workspace/.git/worktrees/*.path \/github\/runner_temp\/git\-credentials\-49371a9c\-4ea1\-4cc5\-94c8\-9f27c860a52f\.config
integración · PostgreSQL 16 (Testcontainers)	Post Run actions/checkout@v7	2026-09-19T01:14:16.1202647Z [command]/usr/bin/git submodule foreach --recursive git config --local --show-origin --name-only --get-regexp remote.origin.url
integración · PostgreSQL 16 (Testcontainers)	Post Run actions/checkout@v7	2026-09-19T01:14:16.1423271Z Removing credentials config '/home/runner/work/_temp/git-credentials-49371a9c-4ea1-4cc5-94c8-9f27c860a52f.config'
integración · PostgreSQL 16 (Testcontainers)	Complete job	﻿2026-09-19T01:14:16.1568016Z Cleaning up orphan processes
integración · PostgreSQL 16 (Testcontainers)	Complete job	2026-09-19T01:14:16.1946310Z ##[warning]Node.js 20 is deprecated. The following actions target Node.js 20 but are being forced to run on Node.js 24: actions/upload-artifact@v4. For more information see: https://github.blog/changelog/2025-09-19-deprecation-of-node-20-on-github-actions-runners/
verificar · typecheck · unit · build · audit	Set up job	﻿2026-09-19T01:12:55.4698632Z Current runner version: '2.337.0'
verificar · typecheck · unit · build · audit	Set up job	2026-09-19T01:12:55.4717377Z ##[group]Runner Image Provisioner
verificar · typecheck · unit · build · audit	Set up job	2026-09-19T01:12:55.4718240Z Hosted Compute Agent
verificar · typecheck · unit · build · audit	Set up job	2026-09-19T01:12:55.4718739Z Version: 20260828.587
verificar · typecheck · unit · build · audit	Set up job	2026-09-19T01:12:55.4719268Z Commit: abac92662cab4cc7352de4f9f9d2e2419aad9c29
verificar · typecheck · unit · build · audit	Set up job	2026-09-19T01:12:55.4720123Z Build Date: 2026-08-28T16:44:25Z
verificar · typecheck · unit · build · audit	Set up job	2026-09-19T01:12:55.4720709Z Worker ID: {7bf519f0-3b94-4a4e-8534-bf6e80b27f27}
verificar · typecheck · unit · build · audit	Set up job	2026-09-19T01:12:55.4721397Z Azure Region: westus3
verificar · typecheck · unit · build · audit	Set up job	2026-09-19T01:12:55.4721884Z ##[endgroup]
verificar · typecheck · unit · build · audit	Set up job	2026-09-19T01:12:55.4722902Z ##[group]Operating System
verificar · typecheck · unit · build · audit	Set up job	2026-09-19T01:12:55.4723450Z Ubuntu
verificar · typecheck · unit · build · audit	Set up job	2026-09-19T01:12:55.4723882Z 24.04.5
verificar · typecheck · unit · build · audit	Set up job	2026-09-19T01:12:55.4724326Z LTS
verificar · typecheck · unit · build · audit	Set up job	2026-09-19T01:12:55.4724767Z ##[endgroup]
verificar · typecheck · unit · build · audit	Set up job	2026-09-19T01:12:55.4725230Z ##[group]Runner Image
verificar · typecheck · unit · build · audit	Set up job	2026-09-19T01:12:55.4725738Z Image: ubuntu-24.04
verificar · typecheck · unit · build · audit	Set up job	2026-09-19T01:12:55.4726276Z Version: 20260907.300.1
verificar · typecheck · unit · build · audit	Set up job	2026-09-19T01:12:55.4727272Z Included Software: https://github.com/actions/runner-images/blob/ubuntu24/20260907.300/images/ubuntu/Ubuntu2404-Readme.md
verificar · typecheck · unit · build · audit	Set up job	2026-09-19T01:12:55.4728812Z Image Release: https://github.com/actions/runner-images/releases/tag/ubuntu24%2F20260907.300
verificar · typecheck · unit · build · audit	Set up job	2026-09-19T01:12:55.4729881Z ##[endgroup]
verificar · typecheck · unit · build · audit	Set up job	2026-09-19T01:12:55.4730883Z ##[group]GITHUB_TOKEN Permissions
verificar · typecheck · unit · build · audit	Set up job	2026-09-19T01:12:55.4732533Z Contents: read
verificar · typecheck · unit · build · audit	Set up job	2026-09-19T01:12:55.4733009Z Metadata: read
verificar · typecheck · unit · build · audit	Set up job	2026-09-19T01:12:55.4733483Z ##[endgroup]
verificar · typecheck · unit · build · audit	Set up job	2026-09-19T01:12:55.4735029Z Secret source: Actions
verificar · typecheck · unit · build · audit	Set up job	2026-09-19T01:12:55.4735774Z Cache mode: write
verificar · typecheck · unit · build · audit	Set up job	2026-09-19T01:12:55.4736399Z Prepare workflow directory
verificar · typecheck · unit · build · audit	Set up job	2026-09-19T01:12:55.4989247Z Prepare all required actions
verificar · typecheck · unit · build · audit	Set up job	2026-09-19T01:12:55.5029258Z Getting action download info
verificar · typecheck · unit · build · audit	Set up job	2026-09-19T01:12:55.7912430Z Download action repository 'actions/checkout@v7' (SHA:3d3c42e5aac5ba805825da76410c181273ba90b1)
verificar · typecheck · unit · build · audit	Set up job	2026-09-19T01:12:55.8977375Z Download action repository 'actions/setup-node@v7' (SHA:820762786026740c76f36085b0efc47a31fe5020)
verificar · typecheck · unit · build · audit	Set up job	2026-09-19T01:12:56.0674004Z Complete job name: verificar · typecheck · unit · build · audit
verificar · typecheck · unit · build · audit	Run actions/checkout@v7	﻿2026-09-19T01:12:56.1309412Z ##[group]Run actions/checkout@v7
verificar · typecheck · unit · build · audit	Run actions/checkout@v7	2026-09-19T01:12:56.1310501Z with:
verificar · typecheck · unit · build · audit	Run actions/checkout@v7	2026-09-19T01:12:56.1310959Z   repository: Elian-Bufi/be
verificar · typecheck · unit · build · audit	Run actions/checkout@v7	2026-09-19T01:12:56.1314947Z   token: ***
verificar · typecheck · unit · build · audit	Run actions/checkout@v7	2026-09-19T01:12:56.1315411Z   ssh-strict: true
verificar · typecheck · unit · build · audit	Run actions/checkout@v7	2026-09-19T01:12:56.1315849Z   ssh-user: git
verificar · typecheck · unit · build · audit	Run actions/checkout@v7	2026-09-19T01:12:56.1316315Z   persist-credentials: true
verificar · typecheck · unit · build · audit	Run actions/checkout@v7	2026-09-19T01:12:56.1316803Z   clean: true
verificar · typecheck · unit · build · audit	Run actions/checkout@v7	2026-09-19T01:12:56.1317236Z   sparse-checkout-cone-mode: true
verificar · typecheck · unit · build · audit	Run actions/checkout@v7	2026-09-19T01:12:56.1317796Z   fetch-depth: 1
verificar · typecheck · unit · build · audit	Run actions/checkout@v7	2026-09-19T01:12:56.1318225Z   fetch-tags: false
verificar · typecheck · unit · build · audit	Run actions/checkout@v7	2026-09-19T01:12:56.1318674Z   show-progress: true
verificar · typecheck · unit · build · audit	Run actions/checkout@v7	2026-09-19T01:12:56.1319128Z   lfs: false
verificar · typecheck · unit · build · audit	Run actions/checkout@v7	2026-09-19T01:12:56.1319577Z   submodules: false
verificar · typecheck · unit · build · audit	Run actions/checkout@v7	2026-09-19T01:12:56.1320161Z   set-safe-directory: true
verificar · typecheck · unit · build · audit	Run actions/checkout@v7	2026-09-19T01:12:56.1320669Z   allow-unsafe-pr-checkout: false
verificar · typecheck · unit · build · audit	Run actions/checkout@v7	2026-09-19T01:12:56.1321331Z ##[endgroup]
verificar · typecheck · unit · build · audit	Run actions/checkout@v7	2026-09-19T01:12:56.2161552Z Syncing repository: Elian-Bufi/be
verificar · typecheck · unit · build · audit	Run actions/checkout@v7	2026-09-19T01:12:56.2163980Z ##[group]Getting Git version info
verificar · typecheck · unit · build · audit	Run actions/checkout@v7	2026-09-19T01:12:56.2164866Z Working directory is '/home/runner/work/be/be'
verificar · typecheck · unit · build · audit	Run actions/checkout@v7	2026-09-19T01:12:56.2166260Z [command]/usr/bin/git version
verificar · typecheck · unit · build · audit	Run actions/checkout@v7	2026-09-19T01:12:56.2254480Z git version 2.55.0
verificar · typecheck · unit · build · audit	Run actions/checkout@v7	2026-09-19T01:12:56.2272814Z ##[endgroup]
verificar · typecheck · unit · build · audit	Run actions/checkout@v7	2026-09-19T01:12:56.2290278Z Temporarily overriding HOME='/home/runner/work/_temp/659db5b4-39c3-495e-9a03-876c9d7646fb' before making global git config changes
verificar · typecheck · unit · build · audit	Run actions/checkout@v7	2026-09-19T01:12:56.2292404Z Adding repository directory to the temporary git global config as a safe directory
verificar · typecheck · unit · build · audit	Run actions/checkout@v7	2026-09-19T01:12:56.2302228Z [command]/usr/bin/git config --global --add safe.directory /home/runner/work/be/be
verificar · typecheck · unit · build · audit	Run actions/checkout@v7	2026-09-19T01:12:56.2348866Z Deleting the contents of '/home/runner/work/be/be'
verificar · typecheck · unit · build · audit	Run actions/checkout@v7	2026-09-19T01:12:56.2356490Z ##[group]Determining repository object format
verificar · typecheck · unit · build · audit	Run actions/checkout@v7	2026-09-19T01:12:56.2363093Z ##[endgroup]
verificar · typecheck · unit · build · audit	Run actions/checkout@v7	2026-09-19T01:12:56.2364599Z ##[group]Initializing the repository
verificar · typecheck · unit · build · audit	Run actions/checkout@v7	2026-09-19T01:12:56.2365782Z [command]/usr/bin/git init /home/runner/work/be/be
verificar · typecheck · unit · build · audit	Run actions/checkout@v7	2026-09-19T01:12:56.2450732Z hint: Using 'master' as the name for the initial branch. This default branch name
verificar · typecheck · unit · build · audit	Run actions/checkout@v7	2026-09-19T01:12:56.2452320Z hint: will change to "main" in Git 3.0. To configure the initial branch name
verificar · typecheck · unit · build · audit	Run actions/checkout@v7	2026-09-19T01:12:56.2453721Z hint: to use in all of your new repositories, which will suppress this warning,
verificar · typecheck · unit · build · audit	Run actions/checkout@v7	2026-09-19T01:12:56.2454502Z hint: call:
verificar · typecheck · unit · build · audit	Run actions/checkout@v7	2026-09-19T01:12:56.2454916Z hint:
verificar · typecheck · unit · build · audit	Run actions/checkout@v7	2026-09-19T01:12:56.2455495Z hint: 	git config --global init.defaultBranch <name>
verificar · typecheck · unit · build · audit	Run actions/checkout@v7	2026-09-19T01:12:56.2456330Z hint:
verificar · typecheck · unit · build · audit	Run actions/checkout@v7	2026-09-19T01:12:56.2456920Z hint: Names commonly chosen instead of 'master' are 'main', 'trunk' and
verificar · typecheck · unit · build · audit	Run actions/checkout@v7	2026-09-19T01:12:56.2457843Z hint: 'development'. The just-created branch can be renamed via this command:
verificar · typecheck · unit · build · audit	Run actions/checkout@v7	2026-09-19T01:12:56.2458582Z hint:
verificar · typecheck · unit · build · audit	Run actions/checkout@v7	2026-09-19T01:12:56.2459082Z hint: 	git branch -m <name>
verificar · typecheck · unit · build · audit	Run actions/checkout@v7	2026-09-19T01:12:56.2459589Z hint:
verificar · typecheck · unit · build · audit	Run actions/checkout@v7	2026-09-19T01:12:56.2460619Z hint: Disable this message with "git config set advice.defaultBranchName false"
verificar · typecheck · unit · build · audit	Run actions/checkout@v7	2026-09-19T01:12:56.2462024Z Initialized empty Git repository in /home/runner/work/be/be/.git/
verificar · typecheck · unit · build · audit	Run actions/checkout@v7	2026-09-19T01:12:56.2463729Z [command]/usr/bin/git remote add origin https://github.com/Elian-Bufi/be
verificar · typecheck · unit · build · audit	Run actions/checkout@v7	2026-09-19T01:12:56.2500629Z ##[endgroup]
verificar · typecheck · unit · build · audit	Run actions/checkout@v7	2026-09-19T01:12:56.2501511Z ##[group]Disabling automatic garbage collection
verificar · typecheck · unit · build · audit	Run actions/checkout@v7	2026-09-19T01:12:56.2504112Z [command]/usr/bin/git config --local gc.auto 0
verificar · typecheck · unit · build · audit	Run actions/checkout@v7	2026-09-19T01:12:56.2526783Z ##[endgroup]
verificar · typecheck · unit · build · audit	Run actions/checkout@v7	2026-09-19T01:12:56.2527646Z ##[group]Setting up auth
verificar · typecheck · unit · build · audit	Run actions/checkout@v7	2026-09-19T01:12:56.2528357Z Removing SSH command configuration
verificar · typecheck · unit · build · audit	Run actions/checkout@v7	2026-09-19T01:12:56.2532754Z [command]/usr/bin/git config --local --name-only --get-regexp core\.sshCommand
verificar · typecheck · unit · build · audit	Run actions/checkout@v7	2026-09-19T01:12:56.2560634Z [command]/usr/bin/git submodule foreach --recursive sh -c "git config --local --name-only --get-regexp 'core\.sshCommand' && git config --local --unset-all 'core.sshCommand' || :"
verificar · typecheck · unit · build · audit	Run actions/checkout@v7	2026-09-19T01:12:56.2854262Z Removing HTTP extra header
verificar · typecheck · unit · build · audit	Run actions/checkout@v7	2026-09-19T01:12:56.2859418Z [command]/usr/bin/git config --local --name-only --get-regexp http\.https\:\/\/github\.com\/\.extraheader
verificar · typecheck · unit · build · audit	Run actions/checkout@v7	2026-09-19T01:12:56.2887599Z [command]/usr/bin/git submodule foreach --recursive sh -c "git config --local --name-only --get-regexp 'http\.https\:\/\/github\.com\/\.extraheader' && git config --local --unset-all 'http.https://github.com/.extraheader' || :"
verificar · typecheck · unit · build · audit	Run actions/checkout@v7	2026-09-19T01:12:56.3053829Z Removing includeIf entries pointing to credentials config files
verificar · typecheck · unit · build · audit	Run actions/checkout@v7	2026-09-19T01:12:56.3061082Z [command]/usr/bin/git config --local --name-only --get-regexp ^includeIf\.gitdir:
verificar · typecheck · unit · build · audit	Run actions/checkout@v7	2026-09-19T01:12:56.3088199Z [command]/usr/bin/git submodule foreach --recursive git config --local --show-origin --name-only --get-regexp remote.origin.url
verificar · typecheck · unit · build · audit	Run actions/checkout@v7	2026-09-19T01:12:56.3245556Z [command]/usr/bin/git config --file /home/runner/work/_temp/git-credentials-b2cf9550-1478-46f0-b229-c006521d6ef6.config http.https://github.com/.extraheader AUTHORIZATION: basic ***
verificar · typecheck · unit · build · audit	Run actions/checkout@v7	2026-09-19T01:12:56.3271618Z [command]/usr/bin/git config --local includeIf.gitdir:/home/runner/work/be/be/.git.path /home/runner/work/_temp/git-credentials-b2cf9550-1478-46f0-b229-c006521d6ef6.config
verificar · typecheck · unit · build · audit	Run actions/checkout@v7	2026-09-19T01:12:56.3293759Z [command]/usr/bin/git config --local includeIf.gitdir:/home/runner/work/be/be/.git/worktrees/*.path /home/runner/work/_temp/git-credentials-b2cf9550-1478-46f0-b229-c006521d6ef6.config
verificar · typecheck · unit · build · audit	Run actions/checkout@v7	2026-09-19T01:12:56.3317854Z [command]/usr/bin/git config --local includeIf.gitdir:/github/workspace/.git.path /github/runner_temp/git-credentials-b2cf9550-1478-46f0-b229-c006521d6ef6.config
verificar · typecheck · unit · build · audit	Run actions/checkout@v7	2026-09-19T01:12:56.3340657Z [command]/usr/bin/git config --local includeIf.gitdir:/github/workspace/.git/worktrees/*.path /github/runner_temp/git-credentials-b2cf9550-1478-46f0-b229-c006521d6ef6.config
verificar · typecheck · unit · build · audit	Run actions/checkout@v7	2026-09-19T01:12:56.3359463Z ##[endgroup]
verificar · typecheck · unit · build · audit	Run actions/checkout@v7	2026-09-19T01:12:56.3360766Z ##[group]Fetching the repository
verificar · typecheck · unit · build · audit	Run actions/checkout@v7	2026-09-19T01:12:56.3364580Z [command]/usr/bin/git -c protocol.version=2 fetch --no-tags --prune --no-recurse-submodules --depth=1 origin +8256951ce875c3ecf1a0d57e8a60f68feee5deaa:refs/remotes/origin/main
verificar · typecheck · unit · build · audit	Run actions/checkout@v7	2026-09-19T01:12:57.5800642Z From https://github.com/Elian-Bufi/be
verificar · typecheck · unit · build · audit	Run actions/checkout@v7	2026-09-19T01:12:57.5801807Z  * [new ref]         8256951ce875c3ecf1a0d57e8a60f68feee5deaa -> origin/main
verificar · typecheck · unit · build · audit	Run actions/checkout@v7	2026-09-19T01:12:57.5809533Z [command]/usr/bin/git branch --list --remote origin/main
verificar · typecheck · unit · build · audit	Run actions/checkout@v7	2026-09-19T01:12:57.5830868Z   origin/main
verificar · typecheck · unit · build · audit	Run actions/checkout@v7	2026-09-19T01:12:57.5837304Z [command]/usr/bin/git rev-parse refs/remotes/origin/main
verificar · typecheck · unit · build · audit	Run actions/checkout@v7	2026-09-19T01:12:57.5855284Z 8256951ce875c3ecf1a0d57e8a60f68feee5deaa
verificar · typecheck · unit · build · audit	Run actions/checkout@v7	2026-09-19T01:12:57.5857677Z ##[endgroup]
verificar · typecheck · unit · build · audit	Run actions/checkout@v7	2026-09-19T01:12:57.5858503Z ##[group]Determining the checkout info
verificar · typecheck · unit · build · audit	Run actions/checkout@v7	2026-09-19T01:12:57.5859395Z ##[endgroup]
verificar · typecheck · unit · build · audit	Run actions/checkout@v7	2026-09-19T01:12:57.5863806Z [command]/usr/bin/git sparse-checkout disable
verificar · typecheck · unit · build · audit	Run actions/checkout@v7	2026-09-19T01:12:57.5909293Z [command]/usr/bin/git config --local --unset-all extensions.worktreeConfig
verificar · typecheck · unit · build · audit	Run actions/checkout@v7	2026-09-19T01:12:57.5932478Z ##[group]Checking out the ref
verificar · typecheck · unit · build · audit	Run actions/checkout@v7	2026-09-19T01:12:57.5936169Z [command]/usr/bin/git checkout --progress --force -B main refs/remotes/origin/main
verificar · typecheck · unit · build · audit	Run actions/checkout@v7	2026-09-19T01:12:57.6636297Z Switched to a new branch 'main'
verificar · typecheck · unit · build · audit	Run actions/checkout@v7	2026-09-19T01:12:57.6640096Z branch 'main' set up to track 'origin/main'.
verificar · typecheck · unit · build · audit	Run actions/checkout@v7	2026-09-19T01:12:57.6645642Z ##[endgroup]
verificar · typecheck · unit · build · audit	Run actions/checkout@v7	2026-09-19T01:12:57.6679200Z [command]/usr/bin/git log -1 --format=%H
verificar · typecheck · unit · build · audit	Run actions/checkout@v7	2026-09-19T01:12:57.6698521Z 8256951ce875c3ecf1a0d57e8a60f68feee5deaa
verificar · typecheck · unit · build · audit	Run actions/setup-node@v7	﻿2026-09-19T01:12:57.6919303Z ##[group]Run actions/setup-node@v7
verificar · typecheck · unit · build · audit	Run actions/setup-node@v7	2026-09-19T01:12:57.6919974Z with:
verificar · typecheck · unit · build · audit	Run actions/setup-node@v7	2026-09-19T01:12:57.6920369Z   node-version-file: .nvmrc
verificar · typecheck · unit · build · audit	Run actions/setup-node@v7	2026-09-19T01:12:57.6920735Z   cache: npm
verificar · typecheck · unit · build · audit	Run actions/setup-node@v7	2026-09-19T01:12:57.6921064Z   check-latest: false
verificar · typecheck · unit · build · audit	Run actions/setup-node@v7	2026-09-19T01:12:57.6923503Z   token: ***
verificar · typecheck · unit · build · audit	Run actions/setup-node@v7	2026-09-19T01:12:57.6923841Z   package-manager-cache: true
verificar · typecheck · unit · build · audit	Run actions/setup-node@v7	2026-09-19T01:12:57.6924197Z ##[endgroup]
verificar · typecheck · unit · build · audit	Run actions/setup-node@v7	2026-09-19T01:12:57.7977650Z Node version file is not JSON file
verificar · typecheck · unit · build · audit	Run actions/setup-node@v7	2026-09-19T01:12:57.7979474Z Resolved .nvmrc as 22.23.2
verificar · typecheck · unit · build · audit	Run actions/setup-node@v7	2026-09-19T01:12:57.8000504Z Found in cache @ /opt/hostedtoolcache/node/22.23.2/x64
verificar · typecheck · unit · build · audit	Run actions/setup-node@v7	2026-09-19T01:12:57.8003127Z ##[group]Environment details
verificar · typecheck · unit · build · audit	Run actions/setup-node@v7	2026-09-19T01:12:58.1548432Z node: v22.23.2
verificar · typecheck · unit · build · audit	Run actions/setup-node@v7	2026-09-19T01:12:58.1549208Z npm: 10.9.8
verificar · typecheck · unit · build · audit	Run actions/setup-node@v7	2026-09-19T01:12:58.1549870Z yarn: 1.22.22
verificar · typecheck · unit · build · audit	Run actions/setup-node@v7	2026-09-19T01:12:58.1550984Z ##[endgroup]
verificar · typecheck · unit · build · audit	Run actions/setup-node@v7	2026-09-19T01:12:58.1564700Z [command]/opt/hostedtoolcache/node/22.23.2/x64/bin/npm config get cache
verificar · typecheck · unit · build · audit	Run actions/setup-node@v7	2026-09-19T01:12:58.2487725Z /home/runner/.npm
verificar · typecheck · unit · build · audit	Run actions/setup-node@v7	2026-09-19T01:12:58.4680168Z npm cache is not found
verificar · typecheck · unit · build · audit	Run npm ci	﻿2026-09-19T01:12:58.4786057Z ##[group]Run npm ci
verificar · typecheck · unit · build · audit	Run npm ci	2026-09-19T01:12:58.4786625Z ^[[36;1mnpm ci^[[0m
verificar · typecheck · unit · build · audit	Run npm ci	2026-09-19T01:12:58.4820972Z shell: /usr/bin/bash -e {0}
verificar · typecheck · unit · build · audit	Run npm ci	2026-09-19T01:12:58.4821401Z ##[endgroup]
verificar · typecheck · unit · build · audit	Run npm ci	2026-09-19T01:13:01.7986319Z npm warn deprecated uuid@7.0.3: uuid@10 and below is no longer supported.  For ESM codebases, update to uuid@latest.  For CommonJS codebases, use uuid@11 (but be aware this version will likely be deprecated in 2028).
verificar · typecheck · unit · build · audit	Run npm ci	2026-09-19T01:13:05.4197999Z npm warn deprecated glob@10.5.0: Old versions of glob are not supported, and contain widely publicized security vulnerabilities, which have been fixed in the current version. Please update. Support for old versions may be purchased (at exorbitant rates) by contacting i@izs.me
verificar · typecheck · unit · build · audit	Run npm ci	2026-09-19T01:13:05.5693366Z npm warn deprecated glob@10.5.0: Old versions of glob are not supported, and contain widely publicized security vulnerabilities, which have been fixed in the current version. Please update. Support for old versions may be purchased (at exorbitant rates) by contacting i@izs.me
verificar · typecheck · unit · build · audit	Run npm ci	2026-09-19T01:13:30.1066560Z 
verificar · typecheck · unit · build · audit	Run npm ci	2026-09-19T01:13:30.1069862Z added 978 packages, and audited 983 packages in 32s
verificar · typecheck · unit · build · audit	Run npm ci	2026-09-19T01:13:30.1466703Z 
verificar · typecheck · unit · build · audit	Run npm ci	2026-09-19T01:13:30.1467675Z 10 moderate severity vulnerabilities
verificar · typecheck · unit · build · audit	Run npm ci	2026-09-19T01:13:30.1468029Z 
verificar · typecheck · unit · build · audit	Run npm ci	2026-09-19T01:13:30.1468491Z To address issues that do not require attention, run:
verificar · typecheck · unit · build · audit	Run npm ci	2026-09-19T01:13:30.1469004Z   npm audit fix
verificar · typecheck · unit · build · audit	Run npm ci	2026-09-19T01:13:30.1469210Z 
verificar · typecheck · unit · build · audit	Run npm ci	2026-09-19T01:13:30.1469416Z To address all issues (including breaking changes), run:
verificar · typecheck · unit · build · audit	Run npm ci	2026-09-19T01:13:30.1470190Z   npm audit fix --force
verificar · typecheck · unit · build · audit	Run npm ci	2026-09-19T01:13:30.1835057Z 
verificar · typecheck · unit · build · audit	Run npm ci	2026-09-19T01:13:30.1835619Z Run `npm audit` for details.
verificar · typecheck · unit · build · audit	Run npx prisma generate	﻿2026-09-19T01:13:30.1868597Z ##[group]Run npx prisma generate
verificar · typecheck · unit · build · audit	Run npx prisma generate	2026-09-19T01:13:30.1868959Z ^[[36;1mnpx prisma generate^[[0m
verificar · typecheck · unit · build · audit	Run npx prisma generate	2026-09-19T01:13:30.1891837Z shell: /usr/bin/bash -e {0}
verificar · typecheck · unit · build · audit	Run npx prisma generate	2026-09-19T01:13:30.1892223Z ##[endgroup]
verificar · typecheck · unit · build · audit	Run npx prisma generate	2026-09-19T01:13:30.8926977Z warn The configuration property `package.json#prisma` is deprecated and will be removed in Prisma 7. Please migrate to a Prisma config file (e.g., `prisma.config.ts`).
verificar · typecheck · unit · build · audit	Run npx prisma generate	2026-09-19T01:13:30.8928437Z For more information, see: https://pris.ly/prisma-config
verificar · typecheck · unit · build · audit	Run npx prisma generate	2026-09-19T01:13:30.8928721Z 
verificar · typecheck · unit · build · audit	Run npx prisma generate	2026-09-19T01:13:31.0085681Z Prisma schema loaded from prisma/schema.prisma
verificar · typecheck · unit · build · audit	Run npx prisma generate	2026-09-19T01:13:31.2138665Z ┌─────────────────────────────────────────────────────────┐
verificar · typecheck · unit · build · audit	Run npx prisma generate	2026-09-19T01:13:31.2139872Z │  Update available 6.19.3 -> 8.0.0-rc.15                 │
verificar · typecheck · unit · build · audit	Run npx prisma generate	2026-09-19T01:13:31.2140650Z │                                                         │
verificar · typecheck · unit · build · audit	Run npx prisma generate	2026-09-19T01:13:31.2141447Z │  This is a major update - please follow the guide at    │
verificar · typecheck · unit · build · audit	Run npx prisma generate	2026-09-19T01:13:31.2142275Z │  https://pris.ly/d/major-version-upgrade                │
verificar · typecheck · unit · build · audit	Run npx prisma generate	2026-09-19T01:13:31.2143096Z │                                                         │
verificar · typecheck · unit · build · audit	Run npx prisma generate	2026-09-19T01:13:31.2143728Z │  Run the following to update                            │
verificar · typecheck · unit · build · audit	Run npx prisma generate	2026-09-19T01:13:31.2144520Z │    npm i --save-dev prisma@latest                       │
verificar · typecheck · unit · build · audit	Run npx prisma generate	2026-09-19T01:13:31.2145330Z │    npm i @prisma/client@latest                          │
verificar · typecheck · unit · build · audit	Run npx prisma generate	2026-09-19T01:13:31.2146157Z └─────────────────────────────────────────────────────────┘
verificar · typecheck · unit · build · audit	Run npx prisma generate	2026-09-19T01:13:31.2146501Z 
verificar · typecheck · unit · build · audit	Run npx prisma generate	2026-09-19T01:13:31.2146881Z ✔ Generated Prisma Client (v6.19.3) to ./node_modules/@prisma/client in 96ms
verificar · typecheck · unit · build · audit	Run npx prisma generate	2026-09-19T01:13:31.2147182Z 
verificar · typecheck · unit · build · audit	Run npx prisma generate	2026-09-19T01:13:31.2147474Z Start by importing your Prisma Client (See: https://pris.ly/d/importing-client)
verificar · typecheck · unit · build · audit	Run npx prisma generate	2026-09-19T01:13:31.2147777Z 
verificar · typecheck · unit · build · audit	Run npx prisma generate	2026-09-19T01:13:31.2148236Z Tip: Interested in query caching in just a few lines of code? Try Accelerate today! https://pris.ly/tip-3-accelerate
verificar · typecheck · unit · build · audit	Run npx prisma generate	2026-09-19T01:13:31.2148632Z 
verificar · typecheck · unit · build · audit	Typecheck (domain, api, web, mobile)	﻿2026-09-19T01:13:31.2378286Z ##[group]Run npm run typecheck
verificar · typecheck · unit · build · audit	Typecheck (domain, api, web, mobile)	2026-09-19T01:13:31.2378675Z ^[[36;1mnpm run typecheck^[[0m
verificar · typecheck · unit · build · audit	Typecheck (domain, api, web, mobile)	2026-09-19T01:13:31.2400691Z shell: /usr/bin/bash -e {0}
verificar · typecheck · unit · build · audit	Typecheck (domain, api, web, mobile)	2026-09-19T01:13:31.2401018Z ##[endgroup]
verificar · typecheck · unit · build · audit	Typecheck (domain, api, web, mobile)	2026-09-19T01:13:31.3262081Z 
verificar · typecheck · unit · build · audit	Typecheck (domain, api, web, mobile)	2026-09-19T01:13:31.3262617Z > be@0.1.0 typecheck
verificar · typecheck · unit · build · audit	Typecheck (domain, api, web, mobile)	2026-09-19T01:13:31.3263250Z > npm run build:domain && npm run typecheck --workspaces --if-present
verificar · typecheck · unit · build · audit	Typecheck (domain, api, web, mobile)	2026-09-19T01:13:31.3263626Z 
verificar · typecheck · unit · build · audit	Typecheck (domain, api, web, mobile)	2026-09-19T01:13:31.4004084Z 
verificar · typecheck · unit · build · audit	Typecheck (domain, api, web, mobile)	2026-09-19T01:13:31.4004596Z > be@0.1.0 build:domain
verificar · typecheck · unit · build · audit	Typecheck (domain, api, web, mobile)	2026-09-19T01:13:31.4005035Z > npm run build -w @be/domain
verificar · typecheck · unit · build · audit	Typecheck (domain, api, web, mobile)	2026-09-19T01:13:31.4005201Z 
verificar · typecheck · unit · build · audit	Typecheck (domain, api, web, mobile)	2026-09-19T01:13:31.4909387Z 
verificar · typecheck · unit · build · audit	Typecheck (domain, api, web, mobile)	2026-09-19T01:13:31.4910252Z > @be/domain@0.1.0 build
verificar · typecheck · unit · build · audit	Typecheck (domain, api, web, mobile)	2026-09-19T01:13:31.4910737Z > tsc -p tsconfig.json
verificar · typecheck · unit · build · audit	Typecheck (domain, api, web, mobile)	2026-09-19T01:13:31.4911104Z 
verificar · typecheck · unit · build · audit	Typecheck (domain, api, web, mobile)	2026-09-19T01:13:33.1193931Z 
verificar · typecheck · unit · build · audit	Typecheck (domain, api, web, mobile)	2026-09-19T01:13:33.1194763Z > @be/domain@0.1.0 typecheck
verificar · typecheck · unit · build · audit	Typecheck (domain, api, web, mobile)	2026-09-19T01:13:33.1195317Z > tsc -p tsconfig.json --noEmit
verificar · typecheck · unit · build · audit	Typecheck (domain, api, web, mobile)	2026-09-19T01:13:33.1195637Z 
verificar · typecheck · unit · build · audit	Typecheck (domain, api, web, mobile)	2026-09-19T01:13:34.4621662Z 
verificar · typecheck · unit · build · audit	Typecheck (domain, api, web, mobile)	2026-09-19T01:13:34.4622293Z > @be/api@0.1.0 typecheck
verificar · typecheck · unit · build · audit	Typecheck (domain, api, web, mobile)	2026-09-19T01:13:34.4622929Z > tsc -p tsconfig.json --noEmit
verificar · typecheck · unit · build · audit	Typecheck (domain, api, web, mobile)	2026-09-19T01:13:34.4623178Z 
verificar · typecheck · unit · build · audit	Typecheck (domain, api, web, mobile)	2026-09-19T01:13:36.1766786Z 
verificar · typecheck · unit · build · audit	Typecheck (domain, api, web, mobile)	2026-09-19T01:13:36.1767674Z > @be/web@0.2.0 typecheck
verificar · typecheck · unit · build · audit	Typecheck (domain, api, web, mobile)	2026-09-19T01:13:36.1768421Z > tsc --noEmit
verificar · typecheck · unit · build · audit	Typecheck (domain, api, web, mobile)	2026-09-19T01:13:36.1768693Z 
verificar · typecheck · unit · build · audit	Typecheck (domain, api, web, mobile)	2026-09-19T01:13:38.1181897Z 
verificar · typecheck · unit · build · audit	Typecheck (domain, api, web, mobile)	2026-09-19T01:13:38.1182988Z > @be/mobile@0.2.0 typecheck
verificar · typecheck · unit · build · audit	Typecheck (domain, api, web, mobile)	2026-09-19T01:13:38.1183752Z > tsc --noEmit
verificar · typecheck · unit · build · audit	Typecheck (domain, api, web, mobile)	2026-09-19T01:13:38.1183998Z 
verificar · typecheck · unit · build · audit	OpenAPI generado desde @be/domain sin drift (09v7 T21)	﻿2026-09-19T01:13:39.3781152Z ##[group]Run node scripts/generar-openapi.cjs --verificar
verificar · typecheck · unit · build · audit	OpenAPI generado desde @be/domain sin drift (09v7 T21)	2026-09-19T01:13:39.3781705Z ^[[36;1mnode scripts/generar-openapi.cjs --verificar^[[0m
verificar · typecheck · unit · build · audit	OpenAPI generado desde @be/domain sin drift (09v7 T21)	2026-09-19T01:13:39.3803401Z shell: /usr/bin/bash -e {0}
verificar · typecheck · unit · build · audit	OpenAPI generado desde @be/domain sin drift (09v7 T21)	2026-09-19T01:13:39.3803740Z ##[endgroup]
verificar · typecheck · unit · build · audit	OpenAPI generado desde @be/domain sin drift (09v7 T21)	2026-09-19T01:13:39.4572170Z OpenAPI al día con @be/domain.
verificar · typecheck · unit · build · audit	Pruebas unitarias (domain, api)	﻿2026-09-19T01:13:39.4625572Z ##[group]Run npm test
verificar · typecheck · unit · build · audit	Pruebas unitarias (domain, api)	2026-09-19T01:13:39.4626292Z ^[[36;1mnpm test^[[0m
verificar · typecheck · unit · build · audit	Pruebas unitarias (domain, api)	2026-09-19T01:13:39.4646891Z shell: /usr/bin/bash -e {0}
verificar · typecheck · unit · build · audit	Pruebas unitarias (domain, api)	2026-09-19T01:13:39.4647241Z ##[endgroup]
verificar · typecheck · unit · build · audit	Pruebas unitarias (domain, api)	2026-09-19T01:13:39.5464096Z 
verificar · typecheck · unit · build · audit	Pruebas unitarias (domain, api)	2026-09-19T01:13:39.5464353Z > be@0.1.0 test
verificar · typecheck · unit · build · audit	Pruebas unitarias (domain, api)	2026-09-19T01:13:39.5465032Z > npm run build:domain && npm run test -w @be/domain && npm run test -w @be/api
verificar · typecheck · unit · build · audit	Pruebas unitarias (domain, api)	2026-09-19T01:13:39.5465290Z 
verificar · typecheck · unit · build · audit	Pruebas unitarias (domain, api)	2026-09-19T01:13:39.6238072Z 
verificar · typecheck · unit · build · audit	Pruebas unitarias (domain, api)	2026-09-19T01:13:39.6238825Z > be@0.1.0 build:domain
verificar · typecheck · unit · build · audit	Pruebas unitarias (domain, api)	2026-09-19T01:13:39.6239337Z > npm run build -w @be/domain
verificar · typecheck · unit · build · audit	Pruebas unitarias (domain, api)	2026-09-19T01:13:39.6239922Z 
verificar · typecheck · unit · build · audit	Pruebas unitarias (domain, api)	2026-09-19T01:13:39.7168866Z 
verificar · typecheck · unit · build · audit	Pruebas unitarias (domain, api)	2026-09-19T01:13:39.7169496Z > @be/domain@0.1.0 build
verificar · typecheck · unit · build · audit	Pruebas unitarias (domain, api)	2026-09-19T01:13:39.7170317Z > tsc -p tsconfig.json
verificar · typecheck · unit · build · audit	Pruebas unitarias (domain, api)	2026-09-19T01:13:39.7170485Z 
verificar · typecheck · unit · build · audit	Pruebas unitarias (domain, api)	2026-09-19T01:13:41.3151383Z 
verificar · typecheck · unit · build · audit	Pruebas unitarias (domain, api)	2026-09-19T01:13:41.3152229Z > @be/domain@0.1.0 test
verificar · typecheck · unit · build · audit	Pruebas unitarias (domain, api)	2026-09-19T01:13:41.3152839Z > node --test dist/**/*.test.js
verificar · typecheck · unit · build · audit	Pruebas unitarias (domain, api)	2026-09-19T01:13:41.3153073Z 
verificar · typecheck · unit · build · audit	Pruebas unitarias (domain, api)	2026-09-19T01:13:41.3570867Z TAP version 13
verificar · typecheck · unit · build · audit	Pruebas unitarias (domain, api)	2026-09-19T01:13:41.4782141Z # Subtest: cliente: el registro envía A1 y A2 con la versión vigente, superficie e Idempotency-Key; nunca A3
verificar · typecheck · unit · build · audit	Pruebas unitarias (domain, api)	2026-09-19T01:13:41.4789180Z ok 1 - cliente: el registro envía A1 y A2 con la versión vigente, superficie e Idempotency-Key; nunca A3
verificar · typecheck · unit · build · audit	Pruebas unitarias (domain, api)	2026-09-19T01:13:41.4811157Z   ---
verificar · typecheck · unit · build · audit	Pruebas unitarias (domain, api)	2026-09-19T01:13:41.4812018Z   duration_ms: 24.142192
verificar · typecheck · unit · build · audit	Pruebas unitarias (domain, api)	2026-09-19T01:13:41.4812603Z   type: 'test'
verificar · typecheck · unit · build · audit	Pruebas unitarias (domain, api)	2026-09-19T01:13:41.4813020Z   ...
verificar · typecheck · unit · build · audit	Pruebas unitarias (domain, api)	2026-09-19T01:13:41.4814150Z # Subtest: cliente: una respuesta 2xx con otra forma no se interpreta (validación de contrato)
verificar · typecheck · unit · build · audit	Pruebas unitarias (domain, api)	2026-09-19T01:13:41.4815410Z ok 2 - cliente: una respuesta 2xx con otra forma no se interpreta (validación de contrato)
verificar · typecheck · unit · build · audit	Pruebas unitarias (domain, api)	2026-09-19T01:13:41.4841036Z   ---
verificar · typecheck · unit · build · audit	Pruebas unitarias (domain, api)	2026-09-19T01:13:41.4841511Z   duration_ms: 0.636555
verificar · typecheck · unit · build · audit	Pruebas unitarias (domain, api)	2026-09-19T01:13:41.4842687Z   type: 'test'
verificar · typecheck · unit · build · audit	Pruebas unitarias (domain, api)	2026-09-19T01:13:41.4843263Z   ...
verificar · typecheck · unit · build · audit	Pruebas unitarias (domain, api)	2026-09-19T01:13:41.4844354Z # Subtest: cliente: un ErrorEnvelope se traduce a su código e issues, sin exponer el mensaje del servidor
verificar · typecheck · unit · build · audit	Pruebas unitarias (domain, api)	2026-09-19T01:13:41.4845679Z ok 3 - cliente: un ErrorEnvelope se traduce a su código e issues, sin exponer el mensaje del servidor
verificar · typecheck · unit · build · audit	Pruebas unitarias (domain, api)	2026-09-19T01:13:41.4846413Z   ---
verificar · typecheck · unit · build · audit	Pruebas unitarias (domain, api)	2026-09-19T01:13:41.4846783Z   duration_ms: 1.564487
verificar · typecheck · unit · build · audit	Pruebas unitarias (domain, api)	2026-09-19T01:13:41.4847221Z   type: 'test'
verificar · typecheck · unit · build · audit	Pruebas unitarias (domain, api)	2026-09-19T01:13:41.4847615Z   ...
verificar · typecheck · unit · build · audit	Pruebas unitarias (domain, api)	2026-09-19T01:13:41.4848414Z # Subtest: cliente: sin respuesta de red el resultado es RED (incierto), nunca éxito
verificar · typecheck · unit · build · audit	Pruebas unitarias (domain, api)	2026-09-19T01:13:41.4849392Z ok 4 - cliente: sin respuesta de red el resultado es RED (incierto), nunca éxito
verificar · typecheck · unit · build · audit	Pruebas unitarias (domain, api)	2026-09-19T01:13:41.4870850Z   ---
verificar · typecheck · unit · build · audit	Pruebas unitarias (domain, api)	2026-09-19T01:13:41.4871287Z   duration_ms: 0.204145
verificar · typecheck · unit · build · audit	Pruebas unitarias (domain, api)	2026-09-19T01:13:41.4871697Z   type: 'test'
verificar · typecheck · unit · build · audit	Pruebas unitarias (domain, api)	2026-09-19T01:13:41.4872115Z   ...
verificar · typecheck · unit · build · audit	Pruebas unitarias (domain, api)	2026-09-19T01:13:41.4873224Z # Subtest: cliente: el cierre envía la versión de consecuencias mostrada y confirmación explícita, con Bearer
verificar · typecheck · unit · build · audit	Pruebas unitarias (domain, api)	2026-09-19T01:13:41.4874702Z ok 5 - cliente: el cierre envía la versión de consecuencias mostrada y confirmación explícita, con Bearer
verificar · typecheck · unit · build · audit	Pruebas unitarias (domain, api)	2026-09-19T01:13:41.4875472Z   ---
verificar · typecheck · unit · build · audit	Pruebas unitarias (domain, api)	2026-09-19T01:13:41.4875814Z   duration_ms: 1.208858
verificar · typecheck · unit · build · audit	Pruebas unitarias (domain, api)	2026-09-19T01:13:41.4876240Z   type: 'test'
verificar · typecheck · unit · build · audit	Pruebas unitarias (domain, api)	2026-09-19T01:13:41.4876583Z   ...
verificar · typecheck · unit · build · audit	Pruebas unitarias (domain, api)	2026-09-19T01:13:41.4877268Z # Subtest: copy: sin frases prohibidas por el 10 (10-B02, 10-ADD, 10-B10)
verificar · typecheck · unit · build · audit	Pruebas unitarias (domain, api)	2026-09-19T01:13:41.4878046Z ok 6 - copy: sin frases prohibidas por el 10 (10-B02, 10-ADD, 10-B10)
verificar · typecheck · unit · build · audit	Pruebas unitarias (domain, api)	2026-09-19T01:13:41.4878620Z   ---
verificar · typecheck · unit · build · audit	Pruebas unitarias (domain, api)	2026-09-19T01:13:41.4879053Z   duration_ms: 0.223573
verificar · typecheck · unit · build · audit	Pruebas unitarias (domain, api)	2026-09-19T01:13:41.4879427Z   type: 'test'
verificar · typecheck · unit · build · audit	Pruebas unitarias (domain, api)	2026-09-19T01:13:41.4880013Z   ...
verificar · typecheck · unit · build · audit	Pruebas unitarias (domain, api)	2026-09-19T01:13:41.4908017Z # Subtest: 08 §12.2 — cada versión de texto guarda el SHA-256 real de su contenido
verificar · typecheck · unit · build · audit	Pruebas unitarias (domain, api)	2026-09-19T01:13:41.4909442Z ok 7 - 08 §12.2 — cada versión de texto guarda el SHA-256 real de su contenido
verificar · typecheck · unit · build · audit	Pruebas unitarias (domain, api)	2026-09-19T01:13:41.4910546Z   ---
verificar · typecheck · unit · build · audit	Pruebas unitarias (domain, api)	2026-09-19T01:13:41.4911118Z   duration_ms: 1.460399
verificar · typecheck · unit · build · audit	Pruebas unitarias (domain, api)	2026-09-19T01:13:41.4911762Z   type: 'test'
verificar · typecheck · unit · build · audit	Pruebas unitarias (domain, api)	2026-09-19T01:13:41.4912375Z   ...
verificar · typecheck · unit · build · audit	Pruebas unitarias (domain, api)	2026-09-19T01:13:41.4913617Z # Subtest: Catálogo de textos: ids únicos, una versión vigente por tipo y marcados como demostración (DL-028)
verificar · typecheck · unit · build · audit	Pruebas unitarias (domain, api)	2026-09-19T01:13:41.4915352Z ok 8 - Catálogo de textos: ids únicos, una versión vigente por tipo y marcados como demostración (DL-028)
verificar · typecheck · unit · build · audit	Pruebas unitarias (domain, api)	2026-09-19T01:13:41.4916706Z   ---
verificar · typecheck · unit · build · audit	Pruebas unitarias (domain, api)	2026-09-19T01:13:41.4917330Z   duration_ms: 0.316725
verificar · typecheck · unit · build · audit	Pruebas unitarias (domain, api)	2026-09-19T01:13:41.4917858Z   type: 'test'
verificar · typecheck · unit · build · audit	Pruebas unitarias (domain, api)	2026-09-19T01:13:41.4918381Z   ...
verificar · typecheck · unit · build · audit	Pruebas unitarias (domain, api)	2026-09-19T01:13:41.4919445Z # Subtest: A2 contiene los contenidos mínimos del 08 §12.1 y aclara que no es consentimiento de salud
verificar · typecheck · unit · build · audit	Pruebas unitarias (domain, api)	2026-09-19T01:13:41.4921732Z ok 9 - A2 contiene los contenidos mínimos del 08 §12.1 y aclara que no es consentimiento de salud
verificar · typecheck · unit · build · audit	Pruebas unitarias (domain, api)	2026-09-19T01:13:41.4922506Z   ---
verificar · typecheck · unit · build · audit	Pruebas unitarias (domain, api)	2026-09-19T01:13:41.4922872Z   duration_ms: 0.182165
verificar · typecheck · unit · build · audit	Pruebas unitarias (domain, api)	2026-09-19T01:13:41.4923336Z   type: 'test'
verificar · typecheck · unit · build · audit	Pruebas unitarias (domain, api)	2026-09-19T01:13:41.4923673Z   ...
verificar · typecheck · unit · build · audit	Pruebas unitarias (domain, api)	2026-09-19T01:13:41.4924509Z # Subtest: Consecuencias del cierre: copy de 10-ADD + irreversibilidad (DL-024), sin prometer borrado
verificar · typecheck · unit · build · audit	Pruebas unitarias (domain, api)	2026-09-19T01:13:41.4925908Z ok 10 - Consecuencias del cierre: copy de 10-ADD + irreversibilidad (DL-024), sin prometer borrado
verificar · typecheck · unit · build · audit	Pruebas unitarias (domain, api)	2026-09-19T01:13:41.4926600Z   ---
verificar · typecheck · unit · build · audit	Pruebas unitarias (domain, api)	2026-09-19T01:13:41.4926995Z   duration_ms: 0.154889
verificar · typecheck · unit · build · audit	Pruebas unitarias (domain, api)	2026-09-19T01:13:41.4927378Z   type: 'test'
verificar · typecheck · unit · build · audit	Pruebas unitarias (domain, api)	2026-09-19T01:13:41.4927813Z   ...
verificar · typecheck · unit · build · audit	Pruebas unitarias (domain, api)	2026-09-19T01:13:41.4928676Z # Subtest: 08 §12.4 — el registro crea A1 y A2, nunca A3; solo TERMINOS y DATOS_SALUD_BE son revocables
verificar · typecheck · unit · build · audit	Pruebas unitarias (domain, api)	2026-09-19T01:13:41.4930048Z ok 11 - 08 §12.4 — el registro crea A1 y A2, nunca A3; solo TERMINOS y DATOS_SALUD_BE son revocables
verificar · typecheck · unit · build · audit	Pruebas unitarias (domain, api)	2026-09-19T01:13:41.4930803Z   ---
verificar · typecheck · unit · build · audit	Pruebas unitarias (domain, api)	2026-09-19T01:13:41.4931287Z   duration_ms: 0.573554
verificar · typecheck · unit · build · audit	Pruebas unitarias (domain, api)	2026-09-19T01:13:41.4931739Z   type: 'test'
verificar · typecheck · unit · build · audit	Pruebas unitarias (domain, api)	2026-09-19T01:13:41.4932139Z   ...
verificar · typecheck · unit · build · audit	Pruebas unitarias (domain, api)	2026-09-19T01:13:41.4932964Z # Subtest: Sesión: estados como enum con lista blanca; TTL ≤ 24 h (08 §26.2)
verificar · typecheck · unit · build · audit	Pruebas unitarias (domain, api)	2026-09-19T01:13:41.4934021Z ok 12 - Sesión: estados como enum con lista blanca; TTL ≤ 24 h (08 §26.2)
verificar · typecheck · unit · build · audit	Pruebas unitarias (domain, api)	2026-09-19T01:13:41.4934658Z   ---
verificar · typecheck · unit · build · audit	Pruebas unitarias (domain, api)	2026-09-19T01:13:41.4935061Z   duration_ms: 0.178437
verificar · typecheck · unit · build · audit	Pruebas unitarias (domain, api)	2026-09-19T01:13:41.4935470Z   type: 'test'
verificar · typecheck · unit · build · audit	Pruebas unitarias (domain, api)	2026-09-19T01:13:41.4935907Z   ...
verificar · typecheck · unit · build · audit	Pruebas unitarias (domain, api)	2026-09-19T01:13:41.4936673Z # Subtest: Identificador local: normalización y validación sintáctica
verificar · typecheck · unit · build · audit	Pruebas unitarias (domain, api)	2026-09-19T01:13:41.4937644Z ok 13 - Identificador local: normalización y validación sintáctica
verificar · typecheck · unit · build · audit	Pruebas unitarias (domain, api)	2026-09-19T01:13:41.4938205Z   ---
verificar · typecheck · unit · build · audit	Pruebas unitarias (domain, api)	2026-09-19T01:13:41.4938543Z   duration_ms: 0.24332
verificar · typecheck · unit · build · audit	Pruebas unitarias (domain, api)	2026-09-19T01:13:41.4938885Z   type: 'test'
verificar · typecheck · unit · build · audit	Pruebas unitarias (domain, api)	2026-09-19T01:13:41.4939598Z   ...
verificar · typecheck · unit · build · audit	Pruebas unitarias (domain, api)	2026-09-19T01:13:41.4940544Z # Subtest: Credencial: mínimo 12 caracteres, máximo 72 bytes (DL-013)
verificar · typecheck · unit · build · audit	Pruebas unitarias (domain, api)	2026-09-19T01:13:41.4941486Z ok 14 - Credencial: mínimo 12 caracteres, máximo 72 bytes (DL-013)
verificar · typecheck · unit · build · audit	Pruebas unitarias (domain, api)	2026-09-19T01:13:41.4942059Z   ---
verificar · typecheck · unit · build · audit	Pruebas unitarias (domain, api)	2026-09-19T01:13:41.4942385Z   duration_ms: 0.161236
verificar · typecheck · unit · build · audit	Pruebas unitarias (domain, api)	2026-09-19T01:13:41.4942863Z   type: 'test'
verificar · typecheck · unit · build · audit	Pruebas unitarias (domain, api)	2026-09-19T01:13:41.4943254Z   ...
verificar · typecheck · unit · build · audit	Pruebas unitarias (domain, api)	2026-09-19T01:13:41.4944054Z # Subtest: Superficie: solo WEB o APK; cualquier otro valor queda no declarado (null), nunca inventado
verificar · typecheck · unit · build · audit	Pruebas unitarias (domain, api)	2026-09-19T01:13:41.4945206Z ok 15 - Superficie: solo WEB o APK; cualquier otro valor queda no declarado (null), nunca inventado
verificar · typecheck · unit · build · audit	Pruebas unitarias (domain, api)	2026-09-19T01:13:41.4945904Z   ---
verificar · typecheck · unit · build · audit	Pruebas unitarias (domain, api)	2026-09-19T01:13:41.4946324Z   duration_ms: 0.316435
verificar · typecheck · unit · build · audit	Pruebas unitarias (domain, api)	2026-09-19T01:13:41.4946775Z   type: 'test'
verificar · typecheck · unit · build · audit	Pruebas unitarias (domain, api)	2026-09-19T01:13:41.4947170Z   ...
verificar · typecheck · unit · build · audit	Pruebas unitarias (domain, api)	2026-09-19T01:13:41.4948015Z # Subtest: 09v7 T12 — contratos estrictos: un campo no declarado se rechaza (UNKNOWN_FIELD)
verificar · typecheck · unit · build · audit	Pruebas unitarias (domain, api)	2026-09-19T01:13:41.4949069Z ok 16 - 09v7 T12 — contratos estrictos: un campo no declarado se rechaza (UNKNOWN_FIELD)
verificar · typecheck · unit · build · audit	Pruebas unitarias (domain, api)	2026-09-19T01:13:41.4952362Z   ---
verificar · typecheck · unit · build · audit	Pruebas unitarias (domain, api)	2026-09-19T01:13:41.4952870Z   duration_ms: 3.612247
verificar · typecheck · unit · build · audit	Pruebas unitarias (domain, api)	2026-09-19T01:13:41.4953329Z   type: 'test'
verificar · typecheck · unit · build · audit	Pruebas unitarias (domain, api)	2026-09-19T01:13:41.4953670Z   ...
verificar · typecheck · unit · build · audit	Pruebas unitarias (domain, api)	2026-09-19T01:13:41.4954363Z # Subtest: API-CON-05 — la forma «A3 no otorgado» es currentConsent: null
verificar · typecheck · unit · build · audit	Pruebas unitarias (domain, api)	2026-09-19T01:13:41.4955303Z ok 17 - API-CON-05 — la forma «A3 no otorgado» es currentConsent: null
verificar · typecheck · unit · build · audit	Pruebas unitarias (domain, api)	2026-09-19T01:13:41.4955965Z   ---
verificar · typecheck · unit · build · audit	Pruebas unitarias (domain, api)	2026-09-19T01:13:41.4956438Z   duration_ms: 1.243931
verificar · typecheck · unit · build · audit	Pruebas unitarias (domain, api)	2026-09-19T01:13:41.4956859Z   type: 'test'
verificar · typecheck · unit · build · audit	Pruebas unitarias (domain, api)	2026-09-19T01:13:41.4957221Z   ...
verificar · typecheck · unit · build · audit	Pruebas unitarias (domain, api)	2026-09-19T01:13:41.4958435Z # Subtest: 06 §5.7.2 — conjunto cerrado de tres estados, tokens CONV-06-02
verificar · typecheck · unit · build · audit	Pruebas unitarias (domain, api)	2026-09-19T01:13:41.4959408Z ok 18 - 06 §5.7.2 — conjunto cerrado de tres estados, tokens CONV-06-02
verificar · typecheck · unit · build · audit	Pruebas unitarias (domain, api)	2026-09-19T01:13:41.4960237Z   ---
verificar · typecheck · unit · build · audit	Pruebas unitarias (domain, api)	2026-09-19T01:13:41.4960713Z   duration_ms: 1.788565
verificar · typecheck · unit · build · audit	Pruebas unitarias (domain, api)	2026-09-19T01:13:41.4961174Z   type: 'test'
verificar · typecheck · unit · build · audit	Pruebas unitarias (domain, api)	2026-09-19T01:13:41.4961889Z   ...
verificar · typecheck · unit · build · audit	Pruebas unitarias (domain, api)	2026-09-19T01:13:41.4962873Z # Subtest: 06 §5.7.2 — inicial OPERATIVA, terminal CERRADA; solo OPERATIVA permite operar (INV-06-28)
verificar · typecheck · unit · build · audit	Pruebas unitarias (domain, api)	2026-09-19T01:13:41.4964125Z ok 19 - 06 §5.7.2 — inicial OPERATIVA, terminal CERRADA; solo OPERATIVA permite operar (INV-06-28)
verificar · typecheck · unit · build · audit	Pruebas unitarias (domain, api)	2026-09-19T01:13:41.4964837Z   ---
verificar · typecheck · unit · build · audit	Pruebas unitarias (domain, api)	2026-09-19T01:13:41.4965176Z   duration_ms: 0.25357
verificar · typecheck · unit · build · audit	Pruebas unitarias (domain, api)	2026-09-19T01:13:41.4965577Z   type: 'test'
verificar · typecheck · unit · build · audit	Pruebas unitarias (domain, api)	2026-09-19T01:13:41.4965878Z   ...
verificar · typecheck · unit · build · audit	Pruebas unitarias (domain, api)	2026-09-19T01:13:41.4966368Z # Subtest: 06 §5.7.4 — lista blanca exacta
verificar · typecheck · unit · build · audit	Pruebas unitarias (domain, api)	2026-09-19T01:13:41.4966921Z ok 20 - 06 §5.7.4 — lista blanca exacta
verificar · typecheck · unit · build · audit	Pruebas unitarias (domain, api)	2026-09-19T01:13:41.4967223Z   ---
verificar · typecheck · unit · build · audit	Pruebas unitarias (domain, api)	2026-09-19T01:13:41.4967503Z   duration_ms: 0.154112
verificar · typecheck · unit · build · audit	Pruebas unitarias (domain, api)	2026-09-19T01:13:41.4967758Z   type: 'test'
verificar · typecheck · unit · build · audit	Pruebas unitarias (domain, api)	2026-09-19T01:13:41.4968133Z   ...
verificar · typecheck · unit · build · audit	Pruebas unitarias (domain, api)	2026-09-19T01:13:41.4968596Z # Subtest: 06 §5.7.4 — toda transición no declarada está prohibida (matriz 3×3)
verificar · typecheck · unit · build · audit	Pruebas unitarias (domain, api)	2026-09-19T01:13:41.4969186Z ok 21 - 06 §5.7.4 — toda transición no declarada está prohibida (matriz 3×3)
verificar · typecheck · unit · build · audit	Pruebas unitarias (domain, api)	2026-09-19T01:13:41.4969581Z   ---
verificar · typecheck · unit · build · audit	Pruebas unitarias (domain, api)	2026-09-19T01:13:41.4970114Z   duration_ms: 0.380143
verificar · typecheck · unit · build · audit	Pruebas unitarias (domain, api)	2026-09-19T01:13:41.4970529Z   type: 'test'
verificar · typecheck · unit · build · audit	Pruebas unitarias (domain, api)	2026-09-19T01:13:41.4970847Z   ...
verificar · typecheck · unit · build · audit	Pruebas unitarias (domain, api)	2026-09-19T01:13:41.4971690Z # Subtest: SuspenderCuenta OPERATIVA → SUSPENDIDA: permitida con fundamento; revoca sesiones
verificar · typecheck · unit · build · audit	Pruebas unitarias (domain, api)	2026-09-19T01:13:41.4972459Z ok 22 - SuspenderCuenta OPERATIVA → SUSPENDIDA: permitida con fundamento; revoca sesiones
verificar · typecheck · unit · build · audit	Pruebas unitarias (domain, api)	2026-09-19T01:13:41.4972958Z   ---
verificar · typecheck · unit · build · audit	Pruebas unitarias (domain, api)	2026-09-19T01:13:41.4973192Z   duration_ms: 0.288248
verificar · typecheck · unit · build · audit	Pruebas unitarias (domain, api)	2026-09-19T01:13:41.4973441Z   type: 'test'
verificar · typecheck · unit · build · audit	Pruebas unitarias (domain, api)	2026-09-19T01:13:41.4973679Z   ...
verificar · typecheck · unit · build · audit	Pruebas unitarias (domain, api)	2026-09-19T01:13:41.4974098Z # Subtest: SuspenderCuenta: la guarda rechaza un fundamento vacío
verificar · typecheck · unit · build · audit	Pruebas unitarias (domain, api)	2026-09-19T01:13:41.4974581Z ok 23 - SuspenderCuenta: la guarda rechaza un fundamento vacío
verificar · typecheck · unit · build · audit	Pruebas unitarias (domain, api)	2026-09-19T01:13:41.4974901Z   ---
verificar · typecheck · unit · build · audit	Pruebas unitarias (domain, api)	2026-09-19T01:13:41.4975150Z   duration_ms: 0.186703
verificar · typecheck · unit · build · audit	Pruebas unitarias (domain, api)	2026-09-19T01:13:41.4975416Z   type: 'test'
verificar · typecheck · unit · build · audit	Pruebas unitarias (domain, api)	2026-09-19T01:13:41.4975645Z   ...
verificar · typecheck · unit · build · audit	Pruebas unitarias (domain, api)	2026-09-19T01:13:41.4976182Z # Subtest: RestablecerCuenta SUSPENDIDA → OPERATIVA: permitida con resolución; no concede nada más
verificar · typecheck · unit · build · audit	Pruebas unitarias (domain, api)	2026-09-19T01:13:41.4976898Z ok 24 - RestablecerCuenta SUSPENDIDA → OPERATIVA: permitida con resolución; no concede nada más
verificar · typecheck · unit · build · audit	Pruebas unitarias (domain, api)	2026-09-19T01:13:41.4977349Z   ---
verificar · typecheck · unit · build · audit	Pruebas unitarias (domain, api)	2026-09-19T01:13:41.4977570Z   duration_ms: 0.264105
verificar · typecheck · unit · build · audit	Pruebas unitarias (domain, api)	2026-09-19T01:13:41.4977819Z   type: 'test'
verificar · typecheck · unit · build · audit	Pruebas unitarias (domain, api)	2026-09-19T01:13:41.4978059Z   ...
verificar · typecheck · unit · build · audit	Pruebas unitarias (domain, api)	2026-09-19T01:13:41.4978461Z # Subtest: RestablecerCuenta: la guarda rechaza una resolución vacía
verificar · typecheck · unit · build · audit	Pruebas unitarias (domain, api)	2026-09-19T01:13:41.4978990Z ok 25 - RestablecerCuenta: la guarda rechaza una resolución vacía
verificar · typecheck · unit · build · audit	Pruebas unitarias (domain, api)	2026-09-19T01:13:41.4979318Z   ---
verificar · typecheck · unit · build · audit	Pruebas unitarias (domain, api)	2026-09-19T01:13:41.4979542Z   duration_ms: 0.158626
verificar · typecheck · unit · build · audit	Pruebas unitarias (domain, api)	2026-09-19T01:13:41.4979935Z   type: 'test'
verificar · typecheck · unit · build · audit	Pruebas unitarias (domain, api)	2026-09-19T01:13:41.4980186Z   ...
verificar · typecheck · unit · build · audit	Pruebas unitarias (domain, api)	2026-09-19T01:13:41.4980727Z # Subtest: CerrarCuenta OPERATIVA → CERRADA: permitida con las cuatro guardas; efectos del §5.8 y 08
verificar · typecheck · unit · build · audit	Pruebas unitarias (domain, api)	2026-09-19T01:13:41.4981432Z ok 26 - CerrarCuenta OPERATIVA → CERRADA: permitida con las cuatro guardas; efectos del §5.8 y 08
verificar · typecheck · unit · build · audit	Pruebas unitarias (domain, api)	2026-09-19T01:13:41.4981850Z   ---
verificar · typecheck · unit · build · audit	Pruebas unitarias (domain, api)	2026-09-19T01:13:41.4982064Z   duration_ms: 0.49374
verificar · typecheck · unit · build · audit	Pruebas unitarias (domain, api)	2026-09-19T01:13:41.4982335Z   type: 'test'
verificar · typecheck · unit · build · audit	Pruebas unitarias (domain, api)	2026-09-19T01:13:41.4982601Z   ...
verificar · typecheck · unit · build · audit	Pruebas unitarias (domain, api)	2026-09-19T01:13:41.4983051Z # Subtest: CerrarCuenta: cada guarda se evalúa como condición explícita
verificar · typecheck · unit · build · audit	Pruebas unitarias (domain, api)	2026-09-19T01:13:41.4983638Z ok 27 - CerrarCuenta: cada guarda se evalúa como condición explícita
verificar · typecheck · unit · build · audit	Pruebas unitarias (domain, api)	2026-09-19T01:13:41.4983971Z   ---
verificar · typecheck · unit · build · audit	Pruebas unitarias (domain, api)	2026-09-19T01:13:41.4984180Z   duration_ms: 0.537235
verificar · typecheck · unit · build · audit	Pruebas unitarias (domain, api)	2026-09-19T01:13:41.4984494Z   type: 'test'
verificar · typecheck · unit · build · audit	Pruebas unitarias (domain, api)	2026-09-19T01:13:41.4984723Z   ...
verificar · typecheck · unit · build · audit	Pruebas unitarias (domain, api)	2026-09-19T01:13:41.4985226Z # Subtest: SUSPENDIDA → CERRADA FALLA aunque todas las guardas del cierre se cumplan (06 §5.7.4)
verificar · typecheck · unit · build · audit	Pruebas unitarias (domain, api)	2026-09-19T01:13:41.4985928Z ok 28 - SUSPENDIDA → CERRADA FALLA aunque todas las guardas del cierre se cumplan (06 §5.7.4)
verificar · typecheck · unit · build · audit	Pruebas unitarias (domain, api)	2026-09-19T01:13:41.4986357Z   ---
verificar · typecheck · unit · build · audit	Pruebas unitarias (domain, api)	2026-09-19T01:13:41.4986641Z   duration_ms: 0.222684
verificar · typecheck · unit · build · audit	Pruebas unitarias (domain, api)	2026-09-19T01:13:41.4986964Z   type: 'test'
verificar · typecheck · unit · build · audit	Pruebas unitarias (domain, api)	2026-09-19T01:13:41.4987236Z   ...
verificar · typecheck · unit · build · audit	Pruebas unitarias (domain, api)	2026-09-19T01:13:41.4987930Z # Subtest: CERRADA no tiene salida: ninguna transición se evalúa como permitida desde CERRADA
verificar · typecheck · unit · build · audit	Pruebas unitarias (domain, api)	2026-09-19T01:13:41.4988849Z ok 29 - CERRADA no tiene salida: ninguna transición se evalúa como permitida desde CERRADA
verificar · typecheck · unit · build · audit	Pruebas unitarias (domain, api)	2026-09-19T01:13:41.4989447Z   ---
verificar · typecheck · unit · build · audit	Pruebas unitarias (domain, api)	2026-09-19T01:13:41.4989843Z   duration_ms: 0.166264
verificar · typecheck · unit · build · audit	Pruebas unitarias (domain, api)	2026-09-19T01:13:41.4990171Z   type: 'test'
verificar · typecheck · unit · build · audit	Pruebas unitarias (domain, api)	2026-09-19T01:13:41.4990404Z   ...
verificar · typecheck · unit · build · audit	Pruebas unitarias (domain, api)	2026-09-19T01:13:41.4990927Z # Subtest: Transiciones con origen equivocado se rechazan (Restablecer desde OPERATIVA, Suspender desde SUSPENDIDA)
verificar · typecheck · unit · build · audit	Pruebas unitarias (domain, api)	2026-09-19T01:13:41.4991705Z ok 30 - Transiciones con origen equivocado se rechazan (Restablecer desde OPERATIVA, Suspender desde SUSPENDIDA)
verificar · typecheck · unit · build · audit	Pruebas unitarias (domain, api)	2026-09-19T01:13:41.4992192Z   ---
verificar · typecheck · unit · build · audit	Pruebas unitarias (domain, api)	2026-09-19T01:13:41.4992435Z   duration_ms: 0.098442
verificar · typecheck · unit · build · audit	Pruebas unitarias (domain, api)	2026-09-19T01:13:41.4992688Z   type: 'test'
verificar · typecheck · unit · build · audit	Pruebas unitarias (domain, api)	2026-09-19T01:13:41.4992932Z   ...
verificar · typecheck · unit · build · audit	Pruebas unitarias (domain, api)	2026-09-19T01:13:41.4993181Z 1..30
verificar · typecheck · unit · build · audit	Pruebas unitarias (domain, api)	2026-09-19T01:13:41.4993401Z # tests 30
verificar · typecheck · unit · build · audit	Pruebas unitarias (domain, api)	2026-09-19T01:13:41.4993740Z # suites 0
verificar · typecheck · unit · build · audit	Pruebas unitarias (domain, api)	2026-09-19T01:13:41.4994004Z # pass 30
verificar · typecheck · unit · build · audit	Pruebas unitarias (domain, api)	2026-09-19T01:13:41.4994235Z # fail 0
verificar · typecheck · unit · build · audit	Pruebas unitarias (domain, api)	2026-09-19T01:13:41.4994495Z # cancelled 0
verificar · typecheck · unit · build · audit	Pruebas unitarias (domain, api)	2026-09-19T01:13:41.4994725Z # skipped 0
verificar · typecheck · unit · build · audit	Pruebas unitarias (domain, api)	2026-09-19T01:13:41.4994957Z # todo 0
verificar · typecheck · unit · build · audit	Pruebas unitarias (domain, api)	2026-09-19T01:13:41.4995212Z # duration_ms 148.838267
verificar · typecheck · unit · build · audit	Pruebas unitarias (domain, api)	2026-09-19T01:13:41.5919876Z 
verificar · typecheck · unit · build · audit	Pruebas unitarias (domain, api)	2026-09-19T01:13:41.5920857Z > @be/api@0.1.0 test
verificar · typecheck · unit · build · audit	Pruebas unitarias (domain, api)	2026-09-19T01:13:41.5921611Z > jest --config jest.config.js
verificar · typecheck · unit · build · audit	Pruebas unitarias (domain, api)	2026-09-19T01:13:41.5922089Z 
verificar · typecheck · unit · build · audit	Pruebas unitarias (domain, api)	2026-09-19T01:13:44.5727692Z PASS src/config/entorno.spec.ts
verificar · typecheck · unit · build · audit	Pruebas unitarias (domain, api)	2026-09-19T01:13:45.8260580Z {"nivel":"info","requestId":"1e1cd1d8-8f97-451e-9bd8-7aab137c1e02","metodo":"GET","ruta":"/health/live","status":200,"duracionMs":3}
verificar · typecheck · unit · build · audit	Pruebas unitarias (domain, api)	2026-09-19T01:13:45.8261747Z {"nivel":"info","requestId":"baa425fe-518e-461f-ad41-5b062520e7a9","metodo":"GET","ruta":"/health","status":200,"duracionMs":1}
verificar · typecheck · unit · build · audit	Pruebas unitarias (domain, api)	2026-09-19T01:13:45.9919250Z {"nivel":"info","requestId":"8507942e-c6ef-4cc9-935d-06d21a034bee","metodo":"GET","ruta":"/health/ready","status":200,"duracionMs":0}
verificar · typecheck · unit · build · audit	Pruebas unitarias (domain, api)	2026-09-19T01:13:45.9920895Z {"nivel":"info","requestId":"fadd99d2-11cb-4f32-9442-7da63e9ed7ab","metodo":"GET","ruta":"/health/ready","status":503,"duracionMs":0}
verificar · typecheck · unit · build · audit	Pruebas unitarias (domain, api)	2026-09-19T01:13:46.1415405Z {"nivel":"info","requestId":"d9b54295-c761-4782-9f10-b660cad5446e","metodo":"GET","ruta":"/health","status":503,"duracionMs":0}
verificar · typecheck · unit · build · audit	Pruebas unitarias (domain, api)	2026-09-19T01:13:46.1416423Z {"nivel":"info","requestId":"fcfbe70a-11d3-4fe3-a9f6-70b34c7600b4","metodo":"GET","ruta":"/health/ready","status":503,"duracionMs":0}
verificar · typecheck · unit · build · audit	Pruebas unitarias (domain, api)	2026-09-19T01:13:46.2875904Z {"nivel":"info","requestId":"bc6f0dc7-7a36-45f6-bcd5-0a504f9ffd90","metodo":"GET","ruta":"/health/ready","status":200,"duracionMs":0}
verificar · typecheck · unit · build · audit	Pruebas unitarias (domain, api)	2026-09-19T01:13:46.2877023Z {"nivel":"info","requestId":"9d85b5c6-3541-4ac7-afe0-ea4f2695bd7e","metodo":"GET","ruta":"SIN_RUTA","status":404,"duracionMs":1}
verificar · typecheck · unit · build · audit	Pruebas unitarias (domain, api)	2026-09-19T01:13:46.3405811Z PASS src/health/health.spec.ts
verificar · typecheck · unit · build · audit	Pruebas unitarias (domain, api)	2026-09-19T01:13:46.3754965Z 
verificar · typecheck · unit · build · audit	Pruebas unitarias (domain, api)	2026-09-19T01:13:46.3757981Z Test Suites: 2 passed, 2 total
verificar · typecheck · unit · build · audit	Pruebas unitarias (domain, api)	2026-09-19T01:13:46.3758384Z Tests:       25 passed, 25 total
verificar · typecheck · unit · build · audit	Pruebas unitarias (domain, api)	2026-09-19T01:13:46.3758867Z Snapshots:   0 total
verificar · typecheck · unit · build · audit	Pruebas unitarias (domain, api)	2026-09-19T01:13:46.3759191Z Time:        4.584 s
verificar · typecheck · unit · build · audit	Pruebas unitarias (domain, api)	2026-09-19T01:13:46.3759481Z Ran all test suites.
verificar · typecheck · unit · build · audit	Pruebas unitarias (domain, api)	2026-09-19T01:13:46.4367370Z {"nivel":"info","requestId":"60706a46-7736-492d-ac5f-b8c15279e61b","metodo":"GET","ruta":"SIN_RUTA","status":404,"duracionMs":0}
verificar · typecheck · unit · build · audit	Build API	﻿2026-09-19T01:13:46.4557041Z ##[group]Run npm run build:api
verificar · typecheck · unit · build · audit	Build API	2026-09-19T01:13:46.4557394Z ^[[36;1mnpm run build:api^[[0m
verificar · typecheck · unit · build · audit	Build API	2026-09-19T01:13:46.4578943Z shell: /usr/bin/bash -e {0}
verificar · typecheck · unit · build · audit	Build API	2026-09-19T01:13:46.4579975Z ##[endgroup]
verificar · typecheck · unit · build · audit	Build API	2026-09-19T01:13:46.5356413Z 
verificar · typecheck · unit · build · audit	Build API	2026-09-19T01:13:46.5357113Z > be@0.1.0 build:api
verificar · typecheck · unit · build · audit	Build API	2026-09-19T01:13:46.5357802Z > npm run build:domain && npm run build -w @be/api
verificar · typecheck · unit · build · audit	Build API	2026-09-19T01:13:46.5358184Z 
verificar · typecheck · unit · build · audit	Build API	2026-09-19T01:13:46.6134888Z 
verificar · typecheck · unit · build · audit	Build API	2026-09-19T01:13:46.6135953Z > be@0.1.0 build:domain
verificar · typecheck · unit · build · audit	Build API	2026-09-19T01:13:46.6136465Z > npm run build -w @be/domain
verificar · typecheck · unit · build · audit	Build API	2026-09-19T01:13:46.6136673Z 
verificar · typecheck · unit · build · audit	Build API	2026-09-19T01:13:46.7058707Z 
verificar · typecheck · unit · build · audit	Build API	2026-09-19T01:13:46.7059239Z > @be/domain@0.1.0 build
verificar · typecheck · unit · build · audit	Build API	2026-09-19T01:13:46.7059829Z > tsc -p tsconfig.json
verificar · typecheck · unit · build · audit	Build API	2026-09-19T01:13:46.7060094Z 
verificar · typecheck · unit · build · audit	Build API	2026-09-19T01:13:48.2916807Z 
verificar · typecheck · unit · build · audit	Build API	2026-09-19T01:13:48.2917717Z > @be/api@0.1.0 build
verificar · typecheck · unit · build · audit	Build API	2026-09-19T01:13:48.2918221Z > tsc -p tsconfig.build.json
verificar · typecheck · unit · build · audit	Build API	2026-09-19T01:13:48.2918403Z 
verificar · typecheck · unit · build · audit	Build web (export estático)	﻿2026-09-19T01:13:50.0561077Z ##[group]Run npm run build:web
verificar · typecheck · unit · build · audit	Build web (export estático)	2026-09-19T01:13:50.0561639Z ^[[36;1mnpm run build:web^[[0m
verificar · typecheck · unit · build · audit	Build web (export estático)	2026-09-19T01:13:50.0586884Z shell: /usr/bin/bash -e {0}
verificar · typecheck · unit · build · audit	Build web (export estático)	2026-09-19T01:13:50.0587242Z ##[endgroup]
verificar · typecheck · unit · build · audit	Build web (export estático)	2026-09-19T01:13:50.1377646Z 
verificar · typecheck · unit · build · audit	Build web (export estático)	2026-09-19T01:13:50.1378068Z > be@0.1.0 build:web
verificar · typecheck · unit · build · audit	Build web (export estático)	2026-09-19T01:13:50.1378836Z > npm run build:domain && npm run build -w @be/web
verificar · typecheck · unit · build · audit	Build web (export estático)	2026-09-19T01:13:50.1379209Z 
verificar · typecheck · unit · build · audit	Build web (export estático)	2026-09-19T01:13:50.2121182Z 
verificar · typecheck · unit · build · audit	Build web (export estático)	2026-09-19T01:13:50.2121609Z > be@0.1.0 build:domain
verificar · typecheck · unit · build · audit	Build web (export estático)	2026-09-19T01:13:50.2122282Z > npm run build -w @be/domain
verificar · typecheck · unit · build · audit	Build web (export estático)	2026-09-19T01:13:50.2122527Z 
verificar · typecheck · unit · build · audit	Build web (export estático)	2026-09-19T01:13:50.3047332Z 
verificar · typecheck · unit · build · audit	Build web (export estático)	2026-09-19T01:13:50.3048357Z > @be/domain@0.1.0 build
verificar · typecheck · unit · build · audit	Build web (export estático)	2026-09-19T01:13:50.3048792Z > tsc -p tsconfig.json
verificar · typecheck · unit · build · audit	Build web (export estático)	2026-09-19T01:13:51.8744730Z 
verificar · typecheck · unit · build · audit	Build web (export estático)	2026-09-19T01:13:51.8744812Z 
verificar · typecheck · unit · build · audit	Build web (export estático)	2026-09-19T01:13:51.8745700Z > @be/web@0.2.0 build
verificar · typecheck · unit · build · audit	Build web (export estático)	2026-09-19T01:13:51.8746233Z > next build
verificar · typecheck · unit · build · audit	Build web (export estático)	2026-09-19T01:13:51.8746767Z 
verificar · typecheck · unit · build · audit	Build web (export estático)	2026-09-19T01:13:52.2499550Z ⚠ No build cache found. Please configure build caching for faster rebuilds. Read more: https://nextjs.org/docs/messages/no-cache
verificar · typecheck · unit · build · audit	Build web (export estático)	2026-09-19T01:13:52.2543909Z Attention: Next.js now collects completely anonymous telemetry regarding usage.
verificar · typecheck · unit · build · audit	Build web (export estático)	2026-09-19T01:13:52.2544830Z This information is used to shape Next.js' roadmap and prioritize features.
verificar · typecheck · unit · build · audit	Build web (export estático)	2026-09-19T01:13:52.2545616Z You can learn more, including how to opt-out if you'd not like to participate in this anonymous program, by visiting the following URL:
verificar · typecheck · unit · build · audit	Build web (export estático)	2026-09-19T01:13:52.2546193Z https://nextjs.org/telemetry
verificar · typecheck · unit · build · audit	Build web (export estático)	2026-09-19T01:13:52.2546431Z 
verificar · typecheck · unit · build · audit	Build web (export estático)	2026-09-19T01:13:52.3274495Z    ▲ Next.js 15.5.25
verificar · typecheck · unit · build · audit	Build web (export estático)	2026-09-19T01:13:52.3275166Z 
verificar · typecheck · unit · build · audit	Build web (export estático)	2026-09-19T01:13:52.3722365Z    Creating an optimized production build ...
verificar · typecheck · unit · build · audit	Build web (export estático)	2026-09-19T01:13:59.4254267Z  ✓ Compiled successfully in 5.2s
verificar · typecheck · unit · build · audit	Build web (export estático)	2026-09-19T01:13:59.4291600Z    Linting and checking validity of types ...
verificar · typecheck · unit · build · audit	Build web (export estático)	2026-09-19T01:14:01.6510335Z    Collecting page data ...
verificar · typecheck · unit · build · audit	Build web (export estático)	2026-09-19T01:14:03.0874759Z    Generating static pages (0/9) ...
verificar · typecheck · unit · build · audit	Build web (export estático)	2026-09-19T01:14:03.6814576Z    Generating static pages (2/9) 
verificar · typecheck · unit · build · audit	Build web (export estático)	2026-09-19T01:14:03.6815192Z    Generating static pages (4/9) 
verificar · typecheck · unit · build · audit	Build web (export estático)	2026-09-19T01:14:03.6815982Z    Generating static pages (6/9) 
verificar · typecheck · unit · build · audit	Build web (export estático)	2026-09-19T01:14:03.6816812Z  ✓ Generating static pages (9/9)
verificar · typecheck · unit · build · audit	Build web (export estático)	2026-09-19T01:14:03.9988415Z    Finalizing page optimization ...
verificar · typecheck · unit · build · audit	Build web (export estático)	2026-09-19T01:14:03.9989467Z    Collecting build traces ...
verificar · typecheck · unit · build · audit	Build web (export estático)	2026-09-19T01:14:07.9588924Z    Exporting (0/2) ...
verificar · typecheck · unit · build · audit	Build web (export estático)	2026-09-19T01:14:08.1368450Z  ✓ Exporting (2/2)
verificar · typecheck · unit · build · audit	Build web (export estático)	2026-09-19T01:14:08.1428917Z 
verificar · typecheck · unit · build · audit	Build web (export estático)	2026-09-19T01:14:08.1454853Z Route (app)                                 Size  First Load JS
verificar · typecheck · unit · build · audit	Build web (export estático)	2026-09-19T01:14:08.1456038Z ┌ ○ /                                      409 B         215 kB
verificar · typecheck · unit · build · audit	Build web (export estático)	2026-09-19T01:14:08.1456846Z ├ ○ /_not-found                            989 B         103 kB
verificar · typecheck · unit · build · audit	Build web (export estático)	2026-09-19T01:14:08.1457707Z ├ ○ /account                             3.15 kB         218 kB
verificar · typecheck · unit · build · audit	Build web (export estático)	2026-09-19T01:14:08.1458625Z ├ ○ /legal/privacidad                      164 B         106 kB
verificar · typecheck · unit · build · audit	Build web (export estático)	2026-09-19T01:14:08.1459573Z ├ ○ /legal/terminos                        164 B         106 kB
verificar · typecheck · unit · build · audit	Build web (export estático)	2026-09-19T01:14:08.1460524Z ├ ○ /login                               1.68 kB         216 kB
verificar · typecheck · unit · build · audit	Build web (export estático)	2026-09-19T01:14:08.1461332Z └ ○ /register                            2.41 kB         217 kB
verificar · typecheck · unit · build · audit	Build web (export estático)	2026-09-19T01:14:08.1462118Z + First Load JS shared by all             102 kB
verificar · typecheck · unit · build · audit	Build web (export estático)	2026-09-19T01:14:08.1462859Z   ├ chunks/18-322c3a0465595f76.js        46.4 kB
verificar · typecheck · unit · build · audit	Build web (export estático)	2026-09-19T01:14:08.1463558Z   ├ chunks/87c73c54-0375ba195de27293.js  54.2 kB
verificar · typecheck · unit · build · audit	Build web (export estático)	2026-09-19T01:14:08.1464268Z   └ other shared chunks (total)          1.87 kB
verificar · typecheck · unit · build · audit	Build web (export estático)	2026-09-19T01:14:08.1464994Z 
verificar · typecheck · unit · build · audit	Build web (export estático)	2026-09-19T01:14:08.1465256Z 
verificar · typecheck · unit · build · audit	Build web (export estático)	2026-09-19T01:14:08.1465750Z ○  (Static)  prerendered as static content
verificar · typecheck · unit · build · audit	Build web (export estático)	2026-09-19T01:14:08.1466161Z 
verificar · typecheck · unit · build · audit	npm audit --omit=dev — falla con altos o críticos (WP-01 §2)	﻿2026-09-19T01:14:08.1832922Z ##[group]Run npm run audit:prod
verificar · typecheck · unit · build · audit	npm audit --omit=dev — falla con altos o críticos (WP-01 §2)	2026-09-19T01:14:08.1833287Z ^[[36;1mnpm run audit:prod^[[0m
verificar · typecheck · unit · build · audit	npm audit --omit=dev — falla con altos o críticos (WP-01 §2)	2026-09-19T01:14:08.1854213Z shell: /usr/bin/bash -e {0}
verificar · typecheck · unit · build · audit	npm audit --omit=dev — falla con altos o críticos (WP-01 §2)	2026-09-19T01:14:08.1854531Z ##[endgroup]
verificar · typecheck · unit · build · audit	npm audit --omit=dev — falla con altos o críticos (WP-01 §2)	2026-09-19T01:14:08.2632082Z 
verificar · typecheck · unit · build · audit	npm audit --omit=dev — falla con altos o críticos (WP-01 §2)	2026-09-19T01:14:08.2632686Z > be@0.1.0 audit:prod
verificar · typecheck · unit · build · audit	npm audit --omit=dev — falla con altos o críticos (WP-01 §2)	2026-09-19T01:14:08.2633621Z > npm audit --omit=dev --audit-level=high -w @be/api && npm audit --omit=dev --audit-level=high -w @be/web && npm audit --omit=dev --audit-level=high -w @be/mobile
verificar · typecheck · unit · build · audit	npm audit --omit=dev — falla con altos o críticos (WP-01 §2)	2026-09-19T01:14:08.2634081Z 
verificar · typecheck · unit · build · audit	npm audit --omit=dev — falla con altos o críticos (WP-01 §2)	2026-09-19T01:14:08.7190131Z found 0 vulnerabilities
verificar · typecheck · unit · build · audit	npm audit --omit=dev — falla con altos o críticos (WP-01 §2)	2026-09-19T01:14:09.1943007Z found 0 vulnerabilities
verificar · typecheck · unit · build · audit	npm audit --omit=dev — falla con altos o críticos (WP-01 §2)	2026-09-19T01:14:09.9148630Z # npm audit report
verificar · typecheck · unit · build · audit	npm audit --omit=dev — falla con altos o críticos (WP-01 §2)	2026-09-19T01:14:09.9149017Z 
verificar · typecheck · unit · build · audit	npm audit --omit=dev — falla con altos o críticos (WP-01 §2)	2026-09-19T01:14:09.9149181Z uuid  <11.1.1
verificar · typecheck · unit · build · audit	npm audit --omit=dev — falla con altos o críticos (WP-01 §2)	2026-09-19T01:14:09.9149479Z Severity: moderate
verificar · typecheck · unit · build · audit	npm audit --omit=dev — falla con altos o críticos (WP-01 §2)	2026-09-19T01:14:09.9150471Z uuid: Missing buffer bounds check in v3/v5/v6 when buf is provided - https://github.com/advisories/GHSA-w5hq-g745-h8pq
verificar · typecheck · unit · build · audit	npm audit --omit=dev — falla con altos o críticos (WP-01 §2)	2026-09-19T01:14:09.9151101Z fix available via `npm audit fix --force`
verificar · typecheck · unit · build · audit	npm audit --omit=dev — falla con altos o críticos (WP-01 §2)	2026-09-19T01:14:09.9151541Z Will install expo@46.0.21, which is a breaking change
verificar · typecheck · unit · build · audit	npm audit --omit=dev — falla con altos o críticos (WP-01 §2)	2026-09-19T01:14:09.9152064Z node_modules/uuid
verificar · typecheck · unit · build · audit	npm audit --omit=dev — falla con altos o críticos (WP-01 §2)	2026-09-19T01:14:09.9152328Z   xcode  >=0.9.2
verificar · typecheck · unit · build · audit	npm audit --omit=dev — falla con altos o críticos (WP-01 §2)	2026-09-19T01:14:09.9152690Z   Depends on vulnerable versions of uuid
verificar · typecheck · unit · build · audit	npm audit --omit=dev — falla con altos o críticos (WP-01 §2)	2026-09-19T01:14:09.9153011Z   node_modules/xcode
verificar · typecheck · unit · build · audit	npm audit --omit=dev — falla con altos o críticos (WP-01 §2)	2026-09-19T01:14:09.9153562Z     @expo/config-plugins  *
verificar · typecheck · unit · build · audit	npm audit --omit=dev — falla con altos o críticos (WP-01 §2)	2026-09-19T01:14:09.9153917Z     Depends on vulnerable versions of xcode
verificar · typecheck · unit · build · audit	npm audit --omit=dev — falla con altos o críticos (WP-01 §2)	2026-09-19T01:14:09.9154298Z     node_modules/@expo/config-plugins
verificar · typecheck · unit · build · audit	npm audit --omit=dev — falla con altos o críticos (WP-01 §2)	2026-09-19T01:14:09.9154806Z       @expo/cli  <=0.0.0-canary-20231123-1b19f96-4 || >=0.0.1-canary-20231125-d600e44
verificar · typecheck · unit · build · audit	npm audit --omit=dev — falla con altos o críticos (WP-01 §2)	2026-09-19T01:14:09.9155304Z       Depends on vulnerable versions of @expo/config
verificar · typecheck · unit · build · audit	npm audit --omit=dev — falla con altos o críticos (WP-01 §2)	2026-09-19T01:14:09.9155733Z       Depends on vulnerable versions of @expo/config-plugins
verificar · typecheck · unit · build · audit	npm audit --omit=dev — falla con altos o críticos (WP-01 §2)	2026-09-19T01:14:09.9156176Z       Depends on vulnerable versions of @expo/inline-modules
verificar · typecheck · unit · build · audit	npm audit --omit=dev — falla con altos o críticos (WP-01 §2)	2026-09-19T01:14:09.9156609Z       Depends on vulnerable versions of @expo/metro-config
verificar · typecheck · unit · build · audit	npm audit --omit=dev — falla con altos o críticos (WP-01 §2)	2026-09-19T01:14:09.9157081Z       Depends on vulnerable versions of @expo/prebuild-config
verificar · typecheck · unit · build · audit	npm audit --omit=dev — falla con altos o críticos (WP-01 §2)	2026-09-19T01:14:09.9157445Z       node_modules/@expo/cli
verificar · typecheck · unit · build · audit	npm audit --omit=dev — falla con altos o críticos (WP-01 §2)	2026-09-19T01:14:09.9157811Z         expo  40.0.0-alpha.0 - 40.0.0-beta.5 || >=41.0.0-alpha.0
verificar · typecheck · unit · build · audit	npm audit --omit=dev — falla con altos o críticos (WP-01 §2)	2026-09-19T01:14:09.9158395Z         Depends on vulnerable versions of @expo/cli
verificar · typecheck · unit · build · audit	npm audit --omit=dev — falla con altos o críticos (WP-01 §2)	2026-09-19T01:14:09.9158903Z         Depends on vulnerable versions of @expo/config
verificar · typecheck · unit · build · audit	npm audit --omit=dev — falla con altos o críticos (WP-01 §2)	2026-09-19T01:14:09.9159366Z         Depends on vulnerable versions of @expo/config-plugins
verificar · typecheck · unit · build · audit	npm audit --omit=dev — falla con altos o críticos (WP-01 §2)	2026-09-19T01:14:09.9160028Z         Depends on vulnerable versions of @expo/local-build-cache-provider
verificar · typecheck · unit · build · audit	npm audit --omit=dev — falla con altos o críticos (WP-01 §2)	2026-09-19T01:14:09.9160835Z         Depends on vulnerable versions of @expo/metro-config
verificar · typecheck · unit · build · audit	npm audit --omit=dev — falla con altos o críticos (WP-01 §2)	2026-09-19T01:14:09.9161482Z         node_modules/expo
verificar · typecheck · unit · build · audit	npm audit --omit=dev — falla con altos o críticos (WP-01 §2)	2026-09-19T01:14:09.9161985Z       @expo/config  <=0.0.1-canary-20240418-8d74597 || >=3.3.23-alpha.0
verificar · typecheck · unit · build · audit	npm audit --omit=dev — falla con altos o críticos (WP-01 §2)	2026-09-19T01:14:09.9162587Z       Depends on vulnerable versions of @expo/config-plugins
verificar · typecheck · unit · build · audit	npm audit --omit=dev — falla con altos o críticos (WP-01 §2)	2026-09-19T01:14:09.9163008Z       node_modules/@expo/config
verificar · typecheck · unit · build · audit	npm audit --omit=dev — falla con altos o críticos (WP-01 §2)	2026-09-19T01:14:09.9163359Z         @expo/local-build-cache-provider  *
verificar · typecheck · unit · build · audit	npm audit --omit=dev — falla con altos o críticos (WP-01 §2)	2026-09-19T01:14:09.9163780Z         Depends on vulnerable versions of @expo/config
verificar · typecheck · unit · build · audit	npm audit --omit=dev — falla con altos o críticos (WP-01 §2)	2026-09-19T01:14:09.9164181Z         node_modules/@expo/local-build-cache-provider
verificar · typecheck · unit · build · audit	npm audit --omit=dev — falla con altos o críticos (WP-01 §2)	2026-09-19T01:14:09.9164661Z         @expo/metro-config  <=0.0.1-canary-20240418-8d74597 || >=0.1.49-alpha.0
verificar · typecheck · unit · build · audit	npm audit --omit=dev — falla con altos o críticos (WP-01 §2)	2026-09-19T01:14:09.9165179Z         Depends on vulnerable versions of @expo/config
verificar · typecheck · unit · build · audit	npm audit --omit=dev — falla con altos o críticos (WP-01 §2)	2026-09-19T01:14:09.9165540Z         node_modules/@expo/metro-config
verificar · typecheck · unit · build · audit	npm audit --omit=dev — falla con altos o críticos (WP-01 §2)	2026-09-19T01:14:09.9165957Z       @expo/inline-modules  >=0.0.2-canary-20260409-6fc2991
verificar · typecheck · unit · build · audit	npm audit --omit=dev — falla con altos o críticos (WP-01 §2)	2026-09-19T01:14:09.9166374Z       Depends on vulnerable versions of @expo/config-plugins
verificar · typecheck · unit · build · audit	npm audit --omit=dev — falla con altos o críticos (WP-01 §2)	2026-09-19T01:14:09.9166781Z       node_modules/@expo/inline-modules
verificar · typecheck · unit · build · audit	npm audit --omit=dev — falla con altos o críticos (WP-01 §2)	2026-09-19T01:14:09.9167116Z       @expo/prebuild-config  *
verificar · typecheck · unit · build · audit	npm audit --omit=dev — falla con altos o críticos (WP-01 §2)	2026-09-19T01:14:09.9167465Z       Depends on vulnerable versions of @expo/config
verificar · typecheck · unit · build · audit	npm audit --omit=dev — falla con altos o críticos (WP-01 §2)	2026-09-19T01:14:09.9167902Z       Depends on vulnerable versions of @expo/config-plugins
verificar · typecheck · unit · build · audit	npm audit --omit=dev — falla con altos o críticos (WP-01 §2)	2026-09-19T01:14:09.9168280Z       node_modules/@expo/prebuild-config
verificar · typecheck · unit · build · audit	npm audit --omit=dev — falla con altos o críticos (WP-01 §2)	2026-09-19T01:14:09.9168475Z 
verificar · typecheck · unit · build · audit	npm audit --omit=dev — falla con altos o críticos (WP-01 §2)	2026-09-19T01:14:09.9168679Z 10 moderate severity vulnerabilities
verificar · typecheck · unit · build · audit	npm audit --omit=dev — falla con altos o críticos (WP-01 §2)	2026-09-19T01:14:09.9169125Z 
verificar · typecheck · unit · build · audit	npm audit --omit=dev — falla con altos o críticos (WP-01 §2)	2026-09-19T01:14:09.9169366Z To address issues that do not require attention, run:
verificar · typecheck · unit · build · audit	npm audit --omit=dev — falla con altos o críticos (WP-01 §2)	2026-09-19T01:14:09.9169949Z   npm audit fix
verificar · typecheck · unit · build · audit	npm audit --omit=dev — falla con altos o críticos (WP-01 §2)	2026-09-19T01:14:09.9170119Z 
verificar · typecheck · unit · build · audit	npm audit --omit=dev — falla con altos o críticos (WP-01 §2)	2026-09-19T01:14:09.9170429Z To address all issues (including breaking changes), run:
verificar · typecheck · unit · build · audit	npm audit --omit=dev — falla con altos o críticos (WP-01 §2)	2026-09-19T01:14:09.9170868Z   npm audit fix --force
verificar · typecheck · unit · build · audit	Post Run actions/setup-node@v7	﻿2026-09-19T01:14:09.9364448Z Post job cleanup.
verificar · typecheck · unit · build · audit	Post Run actions/setup-node@v7	2026-09-19T01:14:10.0418141Z [command]/usr/bin/tar --posix -cf cache.tzst --exclude cache.tzst -P -C /home/runner/work/be/be --files-from manifest.txt --use-compress-program zstdmt
verificar · typecheck · unit · build · audit	Post Run actions/setup-node@v7	2026-09-19T01:14:11.6873893Z Sent 0 of 334991070 (0.0%), 0.0 MBs/sec
verificar · typecheck · unit · build · audit	Post Run actions/setup-node@v7	2026-09-19T01:14:12.6838566Z Sent 200773342 of 334991070 (59.9%), 95.7 MBs/sec
verificar · typecheck · unit · build · audit	Post Run actions/setup-node@v7	2026-09-19T01:14:12.7626612Z Sent 334991070 of 334991070 (100.0%), 153.6 MBs/sec
verificar · typecheck · unit · build · audit	Post Run actions/setup-node@v7	2026-09-19T01:14:13.0067262Z Cache saved with the key: node-cache-Linux-x64-npm-035442b6e162ca43476981c9c2b12aaf09857145993c221f83d7202f95647faa
verificar · typecheck · unit · build · audit	Post Run actions/checkout@v7	﻿2026-09-19T01:14:13.0184068Z Post job cleanup.
verificar · typecheck · unit · build · audit	Post Run actions/checkout@v7	2026-09-19T01:14:13.0960224Z [command]/usr/bin/git version
verificar · typecheck · unit · build · audit	Post Run actions/checkout@v7	2026-09-19T01:14:13.0998289Z git version 2.55.0
verificar · typecheck · unit · build · audit	Post Run actions/checkout@v7	2026-09-19T01:14:13.1031275Z Temporarily overriding HOME='/home/runner/work/_temp/24909993-6a9d-460e-8654-e841138556a2' before making global git config changes
verificar · typecheck · unit · build · audit	Post Run actions/checkout@v7	2026-09-19T01:14:13.1032477Z Adding repository directory to the temporary git global config as a safe directory
verificar · typecheck · unit · build · audit	Post Run actions/checkout@v7	2026-09-19T01:14:13.1036232Z [command]/usr/bin/git config --global --add safe.directory /home/runner/work/be/be
verificar · typecheck · unit · build · audit	Post Run actions/checkout@v7	2026-09-19T01:14:13.1061866Z Removing SSH command configuration
verificar · typecheck · unit · build · audit	Post Run actions/checkout@v7	2026-09-19T01:14:13.1067653Z [command]/usr/bin/git config --local --name-only --get-regexp core\.sshCommand
verificar · typecheck · unit · build · audit	Post Run actions/checkout@v7	2026-09-19T01:14:13.1095960Z [command]/usr/bin/git submodule foreach --recursive sh -c "git config --local --name-only --get-regexp 'core\.sshCommand' && git config --local --unset-all 'core.sshCommand' || :"
verificar · typecheck · unit · build · audit	Post Run actions/checkout@v7	2026-09-19T01:14:13.1273876Z Removing HTTP extra header
verificar · typecheck · unit · build · audit	Post Run actions/checkout@v7	2026-09-19T01:14:13.1277723Z [command]/usr/bin/git config --local --name-only --get-regexp http\.https\:\/\/github\.com\/\.extraheader
verificar · typecheck · unit · build · audit	Post Run actions/checkout@v7	2026-09-19T01:14:13.1303758Z [command]/usr/bin/git submodule foreach --recursive sh -c "git config --local --name-only --get-regexp 'http\.https\:\/\/github\.com\/\.extraheader' && git config --local --unset-all 'http.https://github.com/.extraheader' || :"
verificar · typecheck · unit · build · audit	Post Run actions/checkout@v7	2026-09-19T01:14:13.1481437Z Removing includeIf entries pointing to credentials config files
verificar · typecheck · unit · build · audit	Post Run actions/checkout@v7	2026-09-19T01:14:13.1486441Z [command]/usr/bin/git config --local --name-only --get-regexp ^includeIf\.gitdir:
verificar · typecheck · unit · build · audit	Post Run actions/checkout@v7	2026-09-19T01:14:13.1503960Z includeif.gitdir:/home/runner/work/be/be/.git.path
verificar · typecheck · unit · build · audit	Post Run actions/checkout@v7	2026-09-19T01:14:13.1505100Z includeif.gitdir:/home/runner/work/be/be/.git/worktrees/*.path
verificar · typecheck · unit · build · audit	Post Run actions/checkout@v7	2026-09-19T01:14:13.1506052Z includeif.gitdir:/github/workspace/.git.path
verificar · typecheck · unit · build · audit	Post Run actions/checkout@v7	2026-09-19T01:14:13.1506929Z includeif.gitdir:/github/workspace/.git/worktrees/*.path
verificar · typecheck · unit · build · audit	Post Run actions/checkout@v7	2026-09-19T01:14:13.1511530Z [command]/usr/bin/git config --local --get-all includeif.gitdir:/home/runner/work/be/be/.git.path
verificar · typecheck · unit · build · audit	Post Run actions/checkout@v7	2026-09-19T01:14:13.1527672Z /home/runner/work/_temp/git-credentials-b2cf9550-1478-46f0-b229-c006521d6ef6.config
verificar · typecheck · unit · build · audit	Post Run actions/checkout@v7	2026-09-19T01:14:13.1536630Z [command]/usr/bin/git config --local --unset includeif.gitdir:/home/runner/work/be/be/.git.path \/home\/runner\/work\/_temp\/git\-credentials\-b2cf9550\-1478\-46f0\-b229\-c006521d6ef6\.config
verificar · typecheck · unit · build · audit	Post Run actions/checkout@v7	2026-09-19T01:14:13.1560073Z [command]/usr/bin/git config --local --get-all includeif.gitdir:/home/runner/work/be/be/.git/worktrees/*.path
verificar · typecheck · unit · build · audit	Post Run actions/checkout@v7	2026-09-19T01:14:13.1578900Z /home/runner/work/_temp/git-credentials-b2cf9550-1478-46f0-b229-c006521d6ef6.config
verificar · typecheck · unit · build · audit	Post Run actions/checkout@v7	2026-09-19T01:14:13.1586020Z [command]/usr/bin/git config --local --unset includeif.gitdir:/home/runner/work/be/be/.git/worktrees/*.path \/home\/runner\/work\/_temp\/git\-credentials\-b2cf9550\-1478\-46f0\-b229\-c006521d6ef6\.config
verificar · typecheck · unit · build · audit	Post Run actions/checkout@v7	2026-09-19T01:14:13.1611302Z [command]/usr/bin/git config --local --get-all includeif.gitdir:/github/workspace/.git.path
verificar · typecheck · unit · build · audit	Post Run actions/checkout@v7	2026-09-19T01:14:13.1627819Z /github/runner_temp/git-credentials-b2cf9550-1478-46f0-b229-c006521d6ef6.config
verificar · typecheck · unit · build · audit	Post Run actions/checkout@v7	2026-09-19T01:14:13.1633556Z [command]/usr/bin/git config --local --unset includeif.gitdir:/github/workspace/.git.path \/github\/runner_temp\/git\-credentials\-b2cf9550\-1478\-46f0\-b229\-c006521d6ef6\.config
verificar · typecheck · unit · build · audit	Post Run actions/checkout@v7	2026-09-19T01:14:13.1657290Z [command]/usr/bin/git config --local --get-all includeif.gitdir:/github/workspace/.git/worktrees/*.path
verificar · typecheck · unit · build · audit	Post Run actions/checkout@v7	2026-09-19T01:14:13.1673556Z /github/runner_temp/git-credentials-b2cf9550-1478-46f0-b229-c006521d6ef6.config
verificar · typecheck · unit · build · audit	Post Run actions/checkout@v7	2026-09-19T01:14:13.1682347Z [command]/usr/bin/git config --local --unset includeif.gitdir:/github/workspace/.git/worktrees/*.path \/github\/runner_temp\/git\-credentials\-b2cf9550\-1478\-46f0\-b229\-c006521d6ef6\.config
verificar · typecheck · unit · build · audit	Post Run actions/checkout@v7	2026-09-19T01:14:13.1706171Z [command]/usr/bin/git submodule foreach --recursive git config --local --show-origin --name-only --get-regexp remote.origin.url
verificar · typecheck · unit · build · audit	Post Run actions/checkout@v7	2026-09-19T01:14:13.1870668Z Removing credentials config '/home/runner/work/_temp/git-credentials-b2cf9550-1478-46f0-b229-c006521d6ef6.config'
verificar · typecheck · unit · build · audit	Complete job	﻿2026-09-19T01:14:13.1976433Z Cleaning up orphan processes
imagen API · migrate deploy + readiness (ASR-09)	Set up job	﻿2026-09-19T01:12:54.3977418Z Current runner version: '2.337.0'
imagen API · migrate deploy + readiness (ASR-09)	Set up job	2026-09-19T01:12:54.4007305Z ##[group]Runner Image Provisioner
imagen API · migrate deploy + readiness (ASR-09)	Set up job	2026-09-19T01:12:54.4008438Z Hosted Compute Agent
imagen API · migrate deploy + readiness (ASR-09)	Set up job	2026-09-19T01:12:54.4009336Z Version: 20260828.587
imagen API · migrate deploy + readiness (ASR-09)	Set up job	2026-09-19T01:12:54.4010153Z Commit: abac92662cab4cc7352de4f9f9d2e2419aad9c29
imagen API · migrate deploy + readiness (ASR-09)	Set up job	2026-09-19T01:12:54.4011050Z Build Date: 2026-08-28T16:44:25Z
imagen API · migrate deploy + readiness (ASR-09)	Set up job	2026-09-19T01:12:54.4011969Z Worker ID: {16e2c3a7-1ab4-4e24-8241-d059ab7cae8d}
imagen API · migrate deploy + readiness (ASR-09)	Set up job	2026-09-19T01:12:54.4012958Z Azure Region: eastus
imagen API · migrate deploy + readiness (ASR-09)	Set up job	2026-09-19T01:12:54.4013711Z ##[endgroup]
imagen API · migrate deploy + readiness (ASR-09)	Set up job	2026-09-19T01:12:54.4015349Z ##[group]Operating System
imagen API · migrate deploy + readiness (ASR-09)	Set up job	2026-09-19T01:12:54.4016075Z Ubuntu
imagen API · migrate deploy + readiness (ASR-09)	Set up job	2026-09-19T01:12:54.4016768Z 24.04.5
imagen API · migrate deploy + readiness (ASR-09)	Set up job	2026-09-19T01:12:54.4017354Z LTS
imagen API · migrate deploy + readiness (ASR-09)	Set up job	2026-09-19T01:12:54.4018050Z ##[endgroup]
imagen API · migrate deploy + readiness (ASR-09)	Set up job	2026-09-19T01:12:54.4018867Z ##[group]Runner Image
imagen API · migrate deploy + readiness (ASR-09)	Set up job	2026-09-19T01:12:54.4019732Z Image: ubuntu-24.04
imagen API · migrate deploy + readiness (ASR-09)	Set up job	2026-09-19T01:12:54.4020438Z Version: 20260907.300.1
imagen API · migrate deploy + readiness (ASR-09)	Set up job	2026-09-19T01:12:54.4021767Z Included Software: https://github.com/actions/runner-images/blob/ubuntu24/20260907.300/images/ubuntu/Ubuntu2404-Readme.md
imagen API · migrate deploy + readiness (ASR-09)	Set up job	2026-09-19T01:12:54.4023996Z Image Release: https://github.com/actions/runner-images/releases/tag/ubuntu24%2F20260907.300
imagen API · migrate deploy + readiness (ASR-09)	Set up job	2026-09-19T01:12:54.4025195Z ##[endgroup]
imagen API · migrate deploy + readiness (ASR-09)	Set up job	2026-09-19T01:12:54.4026578Z ##[group]GITHUB_TOKEN Permissions
imagen API · migrate deploy + readiness (ASR-09)	Set up job	2026-09-19T01:12:54.4029048Z Contents: read
imagen API · migrate deploy + readiness (ASR-09)	Set up job	2026-09-19T01:12:54.4029873Z Metadata: read
imagen API · migrate deploy + readiness (ASR-09)	Set up job	2026-09-19T01:12:54.4030527Z ##[endgroup]
imagen API · migrate deploy + readiness (ASR-09)	Set up job	2026-09-19T01:12:54.4032826Z Secret source: Actions
imagen API · migrate deploy + readiness (ASR-09)	Set up job	2026-09-19T01:12:54.4033900Z Cache mode: write
imagen API · migrate deploy + readiness (ASR-09)	Set up job	2026-09-19T01:12:54.4034821Z Prepare workflow directory
imagen API · migrate deploy + readiness (ASR-09)	Set up job	2026-09-19T01:12:54.4809699Z Prepare all required actions
imagen API · migrate deploy + readiness (ASR-09)	Set up job	2026-09-19T01:12:54.4864340Z Getting action download info
imagen API · migrate deploy + readiness (ASR-09)	Set up job	2026-09-19T01:12:54.6249372Z Download action repository 'actions/checkout@v7' (SHA:3d3c42e5aac5ba805825da76410c181273ba90b1)
imagen API · migrate deploy + readiness (ASR-09)	Set up job	2026-09-19T01:12:54.9427126Z Complete job name: imagen API · migrate deploy + readiness (ASR-09)
imagen API · migrate deploy + readiness (ASR-09)	Run actions/checkout@v7	﻿2026-09-19T01:12:55.0118817Z ##[group]Run actions/checkout@v7
imagen API · migrate deploy + readiness (ASR-09)	Run actions/checkout@v7	2026-09-19T01:12:55.0119890Z with:
imagen API · migrate deploy + readiness (ASR-09)	Run actions/checkout@v7	2026-09-19T01:12:55.0120292Z   repository: Elian-Bufi/be
imagen API · migrate deploy + readiness (ASR-09)	Run actions/checkout@v7	2026-09-19T01:12:55.0123496Z   token: ***
imagen API · migrate deploy + readiness (ASR-09)	Run actions/checkout@v7	2026-09-19T01:12:55.0123881Z   ssh-strict: true
imagen API · migrate deploy + readiness (ASR-09)	Run actions/checkout@v7	2026-09-19T01:12:55.0124269Z   ssh-user: git
imagen API · migrate deploy + readiness (ASR-09)	Run actions/checkout@v7	2026-09-19T01:12:55.0124663Z   persist-credentials: true
imagen API · migrate deploy + readiness (ASR-09)	Run actions/checkout@v7	2026-09-19T01:12:55.0125104Z   clean: true
imagen API · migrate deploy + readiness (ASR-09)	Run actions/checkout@v7	2026-09-19T01:12:55.0125496Z   sparse-checkout-cone-mode: true
imagen API · migrate deploy + readiness (ASR-09)	Run actions/checkout@v7	2026-09-19T01:12:55.0125950Z   fetch-depth: 1
imagen API · migrate deploy + readiness (ASR-09)	Run actions/checkout@v7	2026-09-19T01:12:55.0126329Z   fetch-tags: false
imagen API · migrate deploy + readiness (ASR-09)	Run actions/checkout@v7	2026-09-19T01:12:55.0126715Z   show-progress: true
imagen API · migrate deploy + readiness (ASR-09)	Run actions/checkout@v7	2026-09-19T01:12:55.0127100Z   lfs: false
imagen API · migrate deploy + readiness (ASR-09)	Run actions/checkout@v7	2026-09-19T01:12:55.0127469Z   submodules: false
imagen API · migrate deploy + readiness (ASR-09)	Run actions/checkout@v7	2026-09-19T01:12:55.0127889Z   set-safe-directory: true
imagen API · migrate deploy + readiness (ASR-09)	Run actions/checkout@v7	2026-09-19T01:12:55.0128321Z   allow-unsafe-pr-checkout: false
imagen API · migrate deploy + readiness (ASR-09)	Run actions/checkout@v7	2026-09-19T01:12:55.0129054Z ##[endgroup]
imagen API · migrate deploy + readiness (ASR-09)	Run actions/checkout@v7	2026-09-19T01:12:55.0959732Z Syncing repository: Elian-Bufi/be
imagen API · migrate deploy + readiness (ASR-09)	Run actions/checkout@v7	2026-09-19T01:12:55.0961360Z ##[group]Getting Git version info
imagen API · migrate deploy + readiness (ASR-09)	Run actions/checkout@v7	2026-09-19T01:12:55.0961918Z Working directory is '/home/runner/work/be/be'
imagen API · migrate deploy + readiness (ASR-09)	Run actions/checkout@v7	2026-09-19T01:12:55.0962863Z [command]/usr/bin/git version
imagen API · migrate deploy + readiness (ASR-09)	Run actions/checkout@v7	2026-09-19T01:12:55.1175538Z git version 2.55.0
imagen API · migrate deploy + readiness (ASR-09)	Run actions/checkout@v7	2026-09-19T01:12:55.1195206Z ##[endgroup]
imagen API · migrate deploy + readiness (ASR-09)	Run actions/checkout@v7	2026-09-19T01:12:55.1204359Z Temporarily overriding HOME='/home/runner/work/_temp/33459159-c87c-463f-be63-a4bf8144af4e' before making global git config changes
imagen API · migrate deploy + readiness (ASR-09)	Run actions/checkout@v7	2026-09-19T01:12:55.1206373Z Adding repository directory to the temporary git global config as a safe directory
imagen API · migrate deploy + readiness (ASR-09)	Run actions/checkout@v7	2026-09-19T01:12:55.1210474Z [command]/usr/bin/git config --global --add safe.directory /home/runner/work/be/be
imagen API · migrate deploy + readiness (ASR-09)	Run actions/checkout@v7	2026-09-19T01:12:55.1730838Z Deleting the contents of '/home/runner/work/be/be'
imagen API · migrate deploy + readiness (ASR-09)	Run actions/checkout@v7	2026-09-19T01:12:55.1734759Z ##[group]Determining repository object format
imagen API · migrate deploy + readiness (ASR-09)	Run actions/checkout@v7	2026-09-19T01:12:55.1736194Z ##[endgroup]
imagen API · migrate deploy + readiness (ASR-09)	Run actions/checkout@v7	2026-09-19T01:12:55.1737287Z ##[group]Initializing the repository
imagen API · migrate deploy + readiness (ASR-09)	Run actions/checkout@v7	2026-09-19T01:12:55.1741321Z [command]/usr/bin/git init /home/runner/work/be/be
imagen API · migrate deploy + readiness (ASR-09)	Run actions/checkout@v7	2026-09-19T01:12:55.1929489Z hint: Using 'master' as the name for the initial branch. This default branch name
imagen API · migrate deploy + readiness (ASR-09)	Run actions/checkout@v7	2026-09-19T01:12:55.1931228Z hint: will change to "main" in Git 3.0. To configure the initial branch name
imagen API · migrate deploy + readiness (ASR-09)	Run actions/checkout@v7	2026-09-19T01:12:55.1932910Z hint: to use in all of your new repositories, which will suppress this warning,
imagen API · migrate deploy + readiness (ASR-09)	Run actions/checkout@v7	2026-09-19T01:12:55.1934609Z hint: call:
imagen API · migrate deploy + readiness (ASR-09)	Run actions/checkout@v7	2026-09-19T01:12:55.1935395Z hint:
imagen API · migrate deploy + readiness (ASR-09)	Run actions/checkout@v7	2026-09-19T01:12:55.1936222Z hint: 	git config --global init.defaultBranch <name>
imagen API · migrate deploy + readiness (ASR-09)	Run actions/checkout@v7	2026-09-19T01:12:55.1937182Z hint:
imagen API · migrate deploy + readiness (ASR-09)	Run actions/checkout@v7	2026-09-19T01:12:55.1938083Z hint: Names commonly chosen instead of 'master' are 'main', 'trunk' and
imagen API · migrate deploy + readiness (ASR-09)	Run actions/checkout@v7	2026-09-19T01:12:55.1939847Z hint: 'development'. The just-created branch can be renamed via this command:
imagen API · migrate deploy + readiness (ASR-09)	Run actions/checkout@v7	2026-09-19T01:12:55.1941030Z hint:
imagen API · migrate deploy + readiness (ASR-09)	Run actions/checkout@v7	2026-09-19T01:12:55.1941655Z hint: 	git branch -m <name>
imagen API · migrate deploy + readiness (ASR-09)	Run actions/checkout@v7	2026-09-19T01:12:55.1942314Z hint:
imagen API · migrate deploy + readiness (ASR-09)	Run actions/checkout@v7	2026-09-19T01:12:55.1943178Z hint: Disable this message with "git config set advice.defaultBranchName false"
imagen API · migrate deploy + readiness (ASR-09)	Run actions/checkout@v7	2026-09-19T01:12:55.1944489Z Initialized empty Git repository in /home/runner/work/be/be/.git/
imagen API · migrate deploy + readiness (ASR-09)	Run actions/checkout@v7	2026-09-19T01:12:55.1946623Z [command]/usr/bin/git remote add origin https://github.com/Elian-Bufi/be
imagen API · migrate deploy + readiness (ASR-09)	Run actions/checkout@v7	2026-09-19T01:12:55.2045153Z ##[endgroup]
imagen API · migrate deploy + readiness (ASR-09)	Run actions/checkout@v7	2026-09-19T01:12:55.2046318Z ##[group]Disabling automatic garbage collection
imagen API · migrate deploy + readiness (ASR-09)	Run actions/checkout@v7	2026-09-19T01:12:55.2047874Z [command]/usr/bin/git config --local gc.auto 0
imagen API · migrate deploy + readiness (ASR-09)	Run actions/checkout@v7	2026-09-19T01:12:55.2185426Z ##[endgroup]
imagen API · migrate deploy + readiness (ASR-09)	Run actions/checkout@v7	2026-09-19T01:12:55.2186498Z ##[group]Setting up auth
imagen API · migrate deploy + readiness (ASR-09)	Run actions/checkout@v7	2026-09-19T01:12:55.2187328Z Removing SSH command configuration
imagen API · migrate deploy + readiness (ASR-09)	Run actions/checkout@v7	2026-09-19T01:12:55.2191251Z [command]/usr/bin/git config --local --name-only --get-regexp core\.sshCommand
imagen API · migrate deploy + readiness (ASR-09)	Run actions/checkout@v7	2026-09-19T01:12:55.2221884Z [command]/usr/bin/git submodule foreach --recursive sh -c "git config --local --name-only --get-regexp 'core\.sshCommand' && git config --local --unset-all 'core.sshCommand' || :"
imagen API · migrate deploy + readiness (ASR-09)	Run actions/checkout@v7	2026-09-19T01:12:55.2491474Z Removing HTTP extra header
imagen API · migrate deploy + readiness (ASR-09)	Run actions/checkout@v7	2026-09-19T01:12:55.2495680Z [command]/usr/bin/git config --local --name-only --get-regexp http\.https\:\/\/github\.com\/\.extraheader
imagen API · migrate deploy + readiness (ASR-09)	Run actions/checkout@v7	2026-09-19T01:12:55.2525797Z [command]/usr/bin/git submodule foreach --recursive sh -c "git config --local --name-only --get-regexp 'http\.https\:\/\/github\.com\/\.extraheader' && git config --local --unset-all 'http.https://github.com/.extraheader' || :"
imagen API · migrate deploy + readiness (ASR-09)	Run actions/checkout@v7	2026-09-19T01:12:55.2738780Z Removing includeIf entries pointing to credentials config files
imagen API · migrate deploy + readiness (ASR-09)	Run actions/checkout@v7	2026-09-19T01:12:55.2743857Z [command]/usr/bin/git config --local --name-only --get-regexp ^includeIf\.gitdir:
imagen API · migrate deploy + readiness (ASR-09)	Run actions/checkout@v7	2026-09-19T01:12:55.2778453Z [command]/usr/bin/git submodule foreach --recursive git config --local --show-origin --name-only --get-regexp remote.origin.url
imagen API · migrate deploy + readiness (ASR-09)	Run actions/checkout@v7	2026-09-19T01:12:55.2970570Z [command]/usr/bin/git config --file /home/runner/work/_temp/git-credentials-92210723-f89a-478f-8ad2-111ff389a2c3.config http.https://github.com/.extraheader AUTHORIZATION: basic ***
imagen API · migrate deploy + readiness (ASR-09)	Run actions/checkout@v7	2026-09-19T01:12:55.3084818Z [command]/usr/bin/git config --local includeIf.gitdir:/home/runner/work/be/be/.git.path /home/runner/work/_temp/git-credentials-92210723-f89a-478f-8ad2-111ff389a2c3.config
imagen API · migrate deploy + readiness (ASR-09)	Run actions/checkout@v7	2026-09-19T01:12:55.3268175Z [command]/usr/bin/git config --local includeIf.gitdir:/home/runner/work/be/be/.git/worktrees/*.path /home/runner/work/_temp/git-credentials-92210723-f89a-478f-8ad2-111ff389a2c3.config
imagen API · migrate deploy + readiness (ASR-09)	Run actions/checkout@v7	2026-09-19T01:12:55.3414672Z [command]/usr/bin/git config --local includeIf.gitdir:/github/workspace/.git.path /github/runner_temp/git-credentials-92210723-f89a-478f-8ad2-111ff389a2c3.config
imagen API · migrate deploy + readiness (ASR-09)	Run actions/checkout@v7	2026-09-19T01:12:55.3488749Z [command]/usr/bin/git config --local includeIf.gitdir:/github/workspace/.git/worktrees/*.path /github/runner_temp/git-credentials-92210723-f89a-478f-8ad2-111ff389a2c3.config
imagen API · migrate deploy + readiness (ASR-09)	Run actions/checkout@v7	2026-09-19T01:12:55.3649278Z ##[endgroup]
imagen API · migrate deploy + readiness (ASR-09)	Run actions/checkout@v7	2026-09-19T01:12:55.3650270Z ##[group]Fetching the repository
imagen API · migrate deploy + readiness (ASR-09)	Run actions/checkout@v7	2026-09-19T01:12:55.3656283Z [command]/usr/bin/git -c protocol.version=2 fetch --no-tags --prune --no-recurse-submodules --depth=1 origin +8256951ce875c3ecf1a0d57e8a60f68feee5deaa:refs/remotes/origin/main
imagen API · migrate deploy + readiness (ASR-09)	Run actions/checkout@v7	2026-09-19T01:12:56.1988421Z From https://github.com/Elian-Bufi/be
imagen API · migrate deploy + readiness (ASR-09)	Run actions/checkout@v7	2026-09-19T01:12:56.1990232Z  * [new ref]         8256951ce875c3ecf1a0d57e8a60f68feee5deaa -> origin/main
imagen API · migrate deploy + readiness (ASR-09)	Run actions/checkout@v7	2026-09-19T01:12:56.1996568Z [command]/usr/bin/git branch --list --remote origin/main
imagen API · migrate deploy + readiness (ASR-09)	Run actions/checkout@v7	2026-09-19T01:12:56.2024255Z   origin/main
imagen API · migrate deploy + readiness (ASR-09)	Run actions/checkout@v7	2026-09-19T01:12:56.2030615Z [command]/usr/bin/git rev-parse refs/remotes/origin/main
imagen API · migrate deploy + readiness (ASR-09)	Run actions/checkout@v7	2026-09-19T01:12:56.2053520Z 8256951ce875c3ecf1a0d57e8a60f68feee5deaa
imagen API · migrate deploy + readiness (ASR-09)	Run actions/checkout@v7	2026-09-19T01:12:56.2057712Z ##[endgroup]
imagen API · migrate deploy + readiness (ASR-09)	Run actions/checkout@v7	2026-09-19T01:12:56.2059185Z ##[group]Determining the checkout info
imagen API · migrate deploy + readiness (ASR-09)	Run actions/checkout@v7	2026-09-19T01:12:56.2060740Z ##[endgroup]
imagen API · migrate deploy + readiness (ASR-09)	Run actions/checkout@v7	2026-09-19T01:12:56.2061655Z [command]/usr/bin/git sparse-checkout disable
imagen API · migrate deploy + readiness (ASR-09)	Run actions/checkout@v7	2026-09-19T01:12:56.2450123Z [command]/usr/bin/git config --local --unset-all extensions.worktreeConfig
imagen API · migrate deploy + readiness (ASR-09)	Run actions/checkout@v7	2026-09-19T01:12:56.2545432Z ##[group]Checking out the ref
imagen API · migrate deploy + readiness (ASR-09)	Run actions/checkout@v7	2026-09-19T01:12:56.2547880Z [command]/usr/bin/git checkout --progress --force -B main refs/remotes/origin/main
imagen API · migrate deploy + readiness (ASR-09)	Run actions/checkout@v7	2026-09-19T01:12:56.3380311Z Switched to a new branch 'main'
imagen API · migrate deploy + readiness (ASR-09)	Run actions/checkout@v7	2026-09-19T01:12:56.3382196Z branch 'main' set up to track 'origin/main'.
imagen API · migrate deploy + readiness (ASR-09)	Run actions/checkout@v7	2026-09-19T01:12:56.3385626Z ##[endgroup]
imagen API · migrate deploy + readiness (ASR-09)	Run actions/checkout@v7	2026-09-19T01:12:56.3498828Z [command]/usr/bin/git log -1 --format=%H
imagen API · migrate deploy + readiness (ASR-09)	Run actions/checkout@v7	2026-09-19T01:12:56.3526553Z 8256951ce875c3ecf1a0d57e8a60f68feee5deaa
imagen API · migrate deploy + readiness (ASR-09)	Build de la imagen OCI	﻿2026-09-19T01:12:56.3782360Z ##[group]Run docker build -f apps/api/Dockerfile --build-arg RENDER_GIT_COMMIT=8256951ce875c3ecf1a0d57e8a60f68feee5deaa -t be-api:8256951ce875c3ecf1a0d57e8a60f68feee5deaa .
imagen API · migrate deploy + readiness (ASR-09)	Build de la imagen OCI	2026-09-19T01:12:56.3786623Z ^[[36;1mdocker build -f apps/api/Dockerfile --build-arg RENDER_GIT_COMMIT=8256951ce875c3ecf1a0d57e8a60f68feee5deaa -t be-api:8256951ce875c3ecf1a0d57e8a60f68feee5deaa .^[[0m
imagen API · migrate deploy + readiness (ASR-09)	Build de la imagen OCI	2026-09-19T01:12:56.3827070Z shell: /usr/bin/bash -e {0}
imagen API · migrate deploy + readiness (ASR-09)	Build de la imagen OCI	2026-09-19T01:12:56.3827994Z ##[endgroup]
imagen API · migrate deploy + readiness (ASR-09)	Build de la imagen OCI	2026-09-19T01:12:59.6716805Z #0 building with "default" instance using docker driver
imagen API · migrate deploy + readiness (ASR-09)	Build de la imagen OCI	2026-09-19T01:12:59.6717251Z 
imagen API · migrate deploy + readiness (ASR-09)	Build de la imagen OCI	2026-09-19T01:12:59.6717424Z #1 [internal] load build definition from Dockerfile
imagen API · migrate deploy + readiness (ASR-09)	Build de la imagen OCI	2026-09-19T01:12:59.6717823Z #1 transferring dockerfile: 2.89kB 0.0s done
imagen API · migrate deploy + readiness (ASR-09)	Build de la imagen OCI	2026-09-19T01:12:59.6718138Z #1 DONE 0.0s
imagen API · migrate deploy + readiness (ASR-09)	Build de la imagen OCI	2026-09-19T01:12:59.6718285Z 
imagen API · migrate deploy + readiness (ASR-09)	Build de la imagen OCI	2026-09-19T01:12:59.6718489Z #2 [auth] library/node:pull token for registry-1.docker.io
imagen API · migrate deploy + readiness (ASR-09)	Build de la imagen OCI	2026-09-19T01:12:59.6718864Z #2 DONE 0.0s
imagen API · migrate deploy + readiness (ASR-09)	Build de la imagen OCI	2026-09-19T01:12:59.6719239Z 
imagen API · migrate deploy + readiness (ASR-09)	Build de la imagen OCI	2026-09-19T01:12:59.6719499Z #3 [internal] load metadata for docker.io/library/node:22.23.2-bookworm-slim
imagen API · migrate deploy + readiness (ASR-09)	Build de la imagen OCI	2026-09-19T01:12:59.9291244Z #3 DONE 0.4s
imagen API · migrate deploy + readiness (ASR-09)	Build de la imagen OCI	2026-09-19T01:13:00.0519550Z 
imagen API · migrate deploy + readiness (ASR-09)	Build de la imagen OCI	2026-09-19T01:13:00.0520202Z #4 [internal] load .dockerignore
imagen API · migrate deploy + readiness (ASR-09)	Build de la imagen OCI	2026-09-19T01:13:00.0520642Z #4 transferring context: 185B done
imagen API · migrate deploy + readiness (ASR-09)	Build de la imagen OCI	2026-09-19T01:13:00.0520881Z #4 DONE 0.0s
imagen API · migrate deploy + readiness (ASR-09)	Build de la imagen OCI	2026-09-19T01:13:00.0521047Z 
imagen API · migrate deploy + readiness (ASR-09)	Build de la imagen OCI	2026-09-19T01:13:00.0521130Z #5 [internal] load build context
imagen API · migrate deploy + readiness (ASR-09)	Build de la imagen OCI	2026-09-19T01:13:00.0521358Z #5 transferring context: 741.48kB 0.0s done
imagen API · migrate deploy + readiness (ASR-09)	Build de la imagen OCI	2026-09-19T01:13:00.0521578Z #5 DONE 0.0s
imagen API · migrate deploy + readiness (ASR-09)	Build de la imagen OCI	2026-09-19T01:13:00.0521681Z 
imagen API · migrate deploy + readiness (ASR-09)	Build de la imagen OCI	2026-09-19T01:13:00.0522117Z #6 [base 1/3] FROM docker.io/library/node:22.23.2-bookworm-slim@sha256:83f487e0a63425e5b4d146fb5e5be574bcbe1b7b843d3ebafdd95eaf7767a7e5
imagen API · migrate deploy + readiness (ASR-09)	Build de la imagen OCI	2026-09-19T01:13:00.0523194Z #6 resolve docker.io/library/node:22.23.2-bookworm-slim@sha256:83f487e0a63425e5b4d146fb5e5be574bcbe1b7b843d3ebafdd95eaf7767a7e5 done
imagen API · migrate deploy + readiness (ASR-09)	Build de la imagen OCI	2026-09-19T01:13:00.0524228Z #6 sha256:83f487e0a63425e5b4d146fb5e5be574bcbe1b7b843d3ebafdd95eaf7767a7e5 5.22kB / 5.22kB done
imagen API · migrate deploy + readiness (ASR-09)	Build de la imagen OCI	2026-09-19T01:13:00.0525013Z #6 sha256:4d676821dff059fd00d277ee4261ef34ea712317fed0737c03941481b5760c96 1.93kB / 1.93kB done
imagen API · migrate deploy + readiness (ASR-09)	Build de la imagen OCI	2026-09-19T01:13:00.0525518Z #6 sha256:6e6261159fd399ebe5a3d556b7d89da9c85c873f3f270918aad6c8107da8b411 6.87kB / 6.87kB done
imagen API · migrate deploy + readiness (ASR-09)	Build de la imagen OCI	2026-09-19T01:13:00.0526285Z #6 sha256:a8ac7f6c67abc236e4c745052c404112b8fab6fe8ac3a329d1ef3b867ad67c71 26.21MB / 28.23MB 0.1s
imagen API · migrate deploy + readiness (ASR-09)	Build de la imagen OCI	2026-09-19T01:13:00.0527109Z #6 sha256:cea7eb9bbe80eabf8356efb28b3796ab904f36a32049aeb6b435920ca93f9285 3.31kB / 3.31kB 0.0s done
imagen API · migrate deploy + readiness (ASR-09)	Build de la imagen OCI	2026-09-19T01:13:00.0527780Z #6 sha256:51c53f95c2cae3d00dfc0350297c92dea913fe129ec38b8deb8313e5f3e0297d 5.24MB / 49.94MB 0.1s
imagen API · migrate deploy + readiness (ASR-09)	Build de la imagen OCI	2026-09-19T01:13:00.0528567Z #6 sha256:3cddab114edadc7cf5a7b0b591e59f6312aade3dc4fb68e88aacca5eb1cc1c03 1.05MB / 1.71MB 0.1s
imagen API · migrate deploy + readiness (ASR-09)	Build de la imagen OCI	2026-09-19T01:13:00.2525474Z #6 sha256:a8ac7f6c67abc236e4c745052c404112b8fab6fe8ac3a329d1ef3b867ad67c71 28.23MB / 28.23MB 0.3s
imagen API · migrate deploy + readiness (ASR-09)	Build de la imagen OCI	2026-09-19T01:13:00.2526451Z #6 sha256:51c53f95c2cae3d00dfc0350297c92dea913fe129ec38b8deb8313e5f3e0297d 49.94MB / 49.94MB 0.3s
imagen API · migrate deploy + readiness (ASR-09)	Build de la imagen OCI	2026-09-19T01:13:00.4514346Z #6 sha256:3cddab114edadc7cf5a7b0b591e59f6312aade3dc4fb68e88aacca5eb1cc1c03 1.71MB / 1.71MB 0.3s
imagen API · migrate deploy + readiness (ASR-09)	Build de la imagen OCI	2026-09-19T01:13:00.4515397Z #6 sha256:a8ac7f6c67abc236e4c745052c404112b8fab6fe8ac3a329d1ef3b867ad67c71 28.23MB / 28.23MB 0.5s done
imagen API · migrate deploy + readiness (ASR-09)	Build de la imagen OCI	2026-09-19T01:13:00.4516579Z #6 sha256:51c53f95c2cae3d00dfc0350297c92dea913fe129ec38b8deb8313e5f3e0297d 49.94MB / 49.94MB 0.5s done
imagen API · migrate deploy + readiness (ASR-09)	Build de la imagen OCI	2026-09-19T01:13:00.4517547Z #6 sha256:3cddab114edadc7cf5a7b0b591e59f6312aade3dc4fb68e88aacca5eb1cc1c03 1.71MB / 1.71MB 0.4s done
imagen API · migrate deploy + readiness (ASR-09)	Build de la imagen OCI	2026-09-19T01:13:00.4518219Z #6 sha256:0282d618b52cd2eb8fcf041e780cd66b15e7ebae519a4054c5d293eae6b6d34f 0B / 447B 0.5s
imagen API · migrate deploy + readiness (ASR-09)	Build de la imagen OCI	2026-09-19T01:13:00.5639529Z #6 sha256:0282d618b52cd2eb8fcf041e780cd66b15e7ebae519a4054c5d293eae6b6d34f 447B / 447B 0.5s done
imagen API · migrate deploy + readiness (ASR-09)	Build de la imagen OCI	2026-09-19T01:13:00.5640373Z #6 extracting sha256:a8ac7f6c67abc236e4c745052c404112b8fab6fe8ac3a329d1ef3b867ad67c71 0.1s
imagen API · migrate deploy + readiness (ASR-09)	Build de la imagen OCI	2026-09-19T01:13:01.2790490Z #6 extracting sha256:a8ac7f6c67abc236e4c745052c404112b8fab6fe8ac3a329d1ef3b867ad67c71 0.8s done
imagen API · migrate deploy + readiness (ASR-09)	Build de la imagen OCI	2026-09-19T01:13:01.2791306Z #6 extracting sha256:cea7eb9bbe80eabf8356efb28b3796ab904f36a32049aeb6b435920ca93f9285
imagen API · migrate deploy + readiness (ASR-09)	Build de la imagen OCI	2026-09-19T01:13:01.4315619Z #6 extracting sha256:cea7eb9bbe80eabf8356efb28b3796ab904f36a32049aeb6b435920ca93f9285 done
imagen API · migrate deploy + readiness (ASR-09)	Build de la imagen OCI	2026-09-19T01:13:06.2115096Z #6 extracting sha256:51c53f95c2cae3d00dfc0350297c92dea913fe129ec38b8deb8313e5f3e0297d
imagen API · migrate deploy + readiness (ASR-09)	Build de la imagen OCI	2026-09-19T01:13:07.3785608Z #6 extracting sha256:51c53f95c2cae3d00dfc0350297c92dea913fe129ec38b8deb8313e5f3e0297d 1.0s done
imagen API · migrate deploy + readiness (ASR-09)	Build de la imagen OCI	2026-09-19T01:13:08.1028846Z #6 extracting sha256:3cddab114edadc7cf5a7b0b591e59f6312aade3dc4fb68e88aacca5eb1cc1c03
imagen API · migrate deploy + readiness (ASR-09)	Build de la imagen OCI	2026-09-19T01:13:08.2190219Z #6 extracting sha256:3cddab114edadc7cf5a7b0b591e59f6312aade3dc4fb68e88aacca5eb1cc1c03 0.0s done
imagen API · migrate deploy + readiness (ASR-09)	Build de la imagen OCI	2026-09-19T01:13:08.2191139Z #6 extracting sha256:0282d618b52cd2eb8fcf041e780cd66b15e7ebae519a4054c5d293eae6b6d34f done
imagen API · migrate deploy + readiness (ASR-09)	Build de la imagen OCI	2026-09-19T01:13:08.2191684Z #6 DONE 8.3s
imagen API · migrate deploy + readiness (ASR-09)	Build de la imagen OCI	2026-09-19T01:13:08.3675821Z 
imagen API · migrate deploy + readiness (ASR-09)	Build de la imagen OCI	2026-09-19T01:13:08.3676595Z #7 [base 2/3] RUN apt-get update  && apt-get install -y --no-install-recommends openssl ca-certificates  && rm -rf /var/lib/apt/lists/*
imagen API · migrate deploy + readiness (ASR-09)	Build de la imagen OCI	2026-09-19T01:13:08.3677548Z #7 0.148 Get:1 http://deb.debian.org/debian bookworm InRelease [151 kB]
imagen API · migrate deploy + readiness (ASR-09)	Build de la imagen OCI	2026-09-19T01:13:08.4693738Z #7 0.156 Get:2 http://deb.debian.org/debian bookworm-updates InRelease [55.4 kB]
imagen API · migrate deploy + readiness (ASR-09)	Build de la imagen OCI	2026-09-19T01:13:08.4694602Z #7 0.156 Get:3 http://deb.debian.org/debian-security bookworm-security InRelease [34.8 kB]
imagen API · migrate deploy + readiness (ASR-09)	Build de la imagen OCI	2026-09-19T01:13:08.4695312Z #7 0.203 Get:4 http://deb.debian.org/debian bookworm/main amd64 Packages [8790 kB]
imagen API · migrate deploy + readiness (ASR-09)	Build de la imagen OCI	2026-09-19T01:13:08.4696064Z #7 0.250 Get:5 http://deb.debian.org/debian bookworm-updates/main amd64 Packages [6924 B]
imagen API · migrate deploy + readiness (ASR-09)	Build de la imagen OCI	2026-09-19T01:13:08.6492964Z #7 0.279 Get:6 http://deb.debian.org/debian-security bookworm-security/main amd64 Packages [340 kB]
imagen API · migrate deploy + readiness (ASR-09)	Build de la imagen OCI	2026-09-19T01:13:09.1137956Z #7 0.894 Fetched 9379 kB in 1s (12.4 MB/s)
imagen API · migrate deploy + readiness (ASR-09)	Build de la imagen OCI	2026-09-19T01:13:09.4217505Z #7 0.894 Reading package lists...
imagen API · migrate deploy + readiness (ASR-09)	Build de la imagen OCI	2026-09-19T01:13:09.7622572Z #7 1.216 Reading package lists...
imagen API · migrate deploy + readiness (ASR-09)	Build de la imagen OCI	2026-09-19T01:13:09.9303577Z #7 1.550 Building dependency tree...
imagen API · migrate deploy + readiness (ASR-09)	Build de la imagen OCI	2026-09-19T01:13:09.9303906Z #7 1.633 Reading state information...
imagen API · migrate deploy + readiness (ASR-09)	Build de la imagen OCI	2026-09-19T01:13:09.9304251Z #7 1.711 The following additional packages will be installed:
imagen API · migrate deploy + readiness (ASR-09)	Build de la imagen OCI	2026-09-19T01:13:10.0900974Z #7 1.711   libssl3
imagen API · migrate deploy + readiness (ASR-09)	Build de la imagen OCI	2026-09-19T01:13:10.0901493Z #7 1.735 The following NEW packages will be installed:
imagen API · migrate deploy + readiness (ASR-09)	Build de la imagen OCI	2026-09-19T01:13:10.0903132Z #7 1.736   ca-certificates libssl3 openssl
imagen API · migrate deploy + readiness (ASR-09)	Build de la imagen OCI	2026-09-19T01:13:10.0903575Z #7 1.753 0 upgraded, 3 newly installed, 0 to remove and 2 not upgraded.
imagen API · migrate deploy + readiness (ASR-09)	Build de la imagen OCI	2026-09-19T01:13:10.0903979Z #7 1.753 Need to get 3637 kB of archives.
imagen API · migrate deploy + readiness (ASR-09)	Build de la imagen OCI	2026-09-19T01:13:10.0904370Z #7 1.753 After this operation, 8940 kB of additional disk space will be used.
imagen API · migrate deploy + readiness (ASR-09)	Build de la imagen OCI	2026-09-19T01:13:10.0905018Z #7 1.753 Get:1 http://deb.debian.org/debian bookworm/main amd64 libssl3 amd64 3.0.20-1~deb12u2 [2036 kB]
imagen API · migrate deploy + readiness (ASR-09)	Build de la imagen OCI	2026-09-19T01:13:10.0905932Z #7 1.772 Get:2 http://deb.debian.org/debian bookworm/main amd64 openssl amd64 3.0.20-1~deb12u2 [1439 kB]
imagen API · migrate deploy + readiness (ASR-09)	Build de la imagen OCI	2026-09-19T01:13:10.0906835Z #7 1.777 Get:3 http://deb.debian.org/debian-security bookworm-security/main amd64 ca-certificates all 20250419~deb12u1 [162 kB]
imagen API · migrate deploy + readiness (ASR-09)	Build de la imagen OCI	2026-09-19T01:13:10.0907541Z #7 1.870 debconf: delaying package configuration, since apt-utils is not installed
imagen API · migrate deploy + readiness (ASR-09)	Build de la imagen OCI	2026-09-19T01:13:10.2485508Z #7 1.885 Fetched 3637 kB in 0s (94.0 MB/s)
imagen API · migrate deploy + readiness (ASR-09)	Build de la imagen OCI	2026-09-19T01:13:10.2486353Z #7 1.899 Selecting previously unselected package libssl3:amd64.
imagen API · migrate deploy + readiness (ASR-09)	Build de la imagen OCI	2026-09-19T01:13:10.2486751Z #7 1.899 (Reading database ... 
imagen API · migrate deploy + readiness (ASR-09)	Build de la imagen OCI	2026-09-19T01:13:10.2487024Z (Reading database ... 5%
imagen API · migrate deploy + readiness (ASR-09)	Build de la imagen OCI	2026-09-19T01:13:10.2487281Z (Reading database ... 10%
imagen API · migrate deploy + readiness (ASR-09)	Build de la imagen OCI	2026-09-19T01:13:10.2487532Z (Reading database ... 15%
imagen API · migrate deploy + readiness (ASR-09)	Build de la imagen OCI	2026-09-19T01:13:10.2487781Z (Reading database ... 20%
imagen API · migrate deploy + readiness (ASR-09)	Build de la imagen OCI	2026-09-19T01:13:10.2488019Z (Reading database ... 25%
imagen API · migrate deploy + readiness (ASR-09)	Build de la imagen OCI	2026-09-19T01:13:10.2488258Z (Reading database ... 30%
imagen API · migrate deploy + readiness (ASR-09)	Build de la imagen OCI	2026-09-19T01:13:10.2488498Z (Reading database ... 35%
imagen API · migrate deploy + readiness (ASR-09)	Build de la imagen OCI	2026-09-19T01:13:10.2488737Z (Reading database ... 40%
imagen API · migrate deploy + readiness (ASR-09)	Build de la imagen OCI	2026-09-19T01:13:10.2489114Z (Reading database ... 45%
imagen API · migrate deploy + readiness (ASR-09)	Build de la imagen OCI	2026-09-19T01:13:10.2489357Z (Reading database ... 50%
imagen API · migrate deploy + readiness (ASR-09)	Build de la imagen OCI	2026-09-19T01:13:10.2489591Z (Reading database ... 55%
imagen API · migrate deploy + readiness (ASR-09)	Build de la imagen OCI	2026-09-19T01:13:10.2489824Z (Reading database ... 60%
imagen API · migrate deploy + readiness (ASR-09)	Build de la imagen OCI	2026-09-19T01:13:10.2490060Z (Reading database ... 65%
imagen API · migrate deploy + readiness (ASR-09)	Build de la imagen OCI	2026-09-19T01:13:10.2490601Z (Reading database ... 70%
imagen API · migrate deploy + readiness (ASR-09)	Build de la imagen OCI	2026-09-19T01:13:10.2490854Z (Reading database ... 75%
imagen API · migrate deploy + readiness (ASR-09)	Build de la imagen OCI	2026-09-19T01:13:10.2491090Z (Reading database ... 80%
imagen API · migrate deploy + readiness (ASR-09)	Build de la imagen OCI	2026-09-19T01:13:10.2491342Z (Reading database ... 85%
imagen API · migrate deploy + readiness (ASR-09)	Build de la imagen OCI	2026-09-19T01:13:10.2491576Z (Reading database ... 90%
imagen API · migrate deploy + readiness (ASR-09)	Build de la imagen OCI	2026-09-19T01:13:10.2491819Z (Reading database ... 95%
imagen API · migrate deploy + readiness (ASR-09)	Build de la imagen OCI	2026-09-19T01:13:10.2492057Z (Reading database ... 100%
imagen API · migrate deploy + readiness (ASR-09)	Build de la imagen OCI	2026-09-19T01:13:10.2492418Z (Reading database ... 6096 files and directories currently installed.)
imagen API · migrate deploy + readiness (ASR-09)	Build de la imagen OCI	2026-09-19T01:13:10.2492914Z #7 1.905 Preparing to unpack .../libssl3_3.0.20-1~deb12u2_amd64.deb ...
imagen API · migrate deploy + readiness (ASR-09)	Build de la imagen OCI	2026-09-19T01:13:10.2493342Z #7 1.908 Unpacking libssl3:amd64 (3.0.20-1~deb12u2) ...
imagen API · migrate deploy + readiness (ASR-09)	Build de la imagen OCI	2026-09-19T01:13:10.2493744Z #7 2.029 Selecting previously unselected package openssl.
imagen API · migrate deploy + readiness (ASR-09)	Build de la imagen OCI	2026-09-19T01:13:10.3686908Z #7 2.030 Preparing to unpack .../openssl_3.0.20-1~deb12u2_amd64.deb ...
imagen API · migrate deploy + readiness (ASR-09)	Build de la imagen OCI	2026-09-19T01:13:10.3687326Z #7 2.031 Unpacking openssl (3.0.20-1~deb12u2) ...
imagen API · migrate deploy + readiness (ASR-09)	Build de la imagen OCI	2026-09-19T01:13:10.3687750Z #7 2.112 Selecting previously unselected package ca-certificates.
imagen API · migrate deploy + readiness (ASR-09)	Build de la imagen OCI	2026-09-19T01:13:10.3688170Z #7 2.113 Preparing to unpack .../ca-certificates_20250419~deb12u1_all.deb ...
imagen API · migrate deploy + readiness (ASR-09)	Build de la imagen OCI	2026-09-19T01:13:10.3688631Z #7 2.114 Unpacking ca-certificates (20250419~deb12u1) ...
imagen API · migrate deploy + readiness (ASR-09)	Build de la imagen OCI	2026-09-19T01:13:10.3689138Z #7 2.149 Setting up libssl3:amd64 (3.0.20-1~deb12u2) ...
imagen API · migrate deploy + readiness (ASR-09)	Build de la imagen OCI	2026-09-19T01:13:10.5756416Z #7 2.151 Setting up openssl (3.0.20-1~deb12u2) ...
imagen API · migrate deploy + readiness (ASR-09)	Build de la imagen OCI	2026-09-19T01:13:10.5757704Z #7 2.155 Setting up ca-certificates (20250419~deb12u1) ...
imagen API · migrate deploy + readiness (ASR-09)	Build de la imagen OCI	2026-09-19T01:13:10.5758163Z #7 2.205 debconf: unable to initialize frontend: Dialog
imagen API · migrate deploy + readiness (ASR-09)	Build de la imagen OCI	2026-09-19T01:13:10.5758654Z #7 2.205 debconf: (TERM is not set, so the dialog frontend is not usable.)
imagen API · migrate deploy + readiness (ASR-09)	Build de la imagen OCI	2026-09-19T01:13:10.5759252Z #7 2.205 debconf: falling back to frontend: Readline
imagen API · migrate deploy + readiness (ASR-09)	Build de la imagen OCI	2026-09-19T01:13:10.5759684Z #7 2.206 debconf: unable to initialize frontend: Readline
imagen API · migrate deploy + readiness (ASR-09)	Build de la imagen OCI	2026-09-19T01:13:10.5764522Z #7 2.206 debconf: (Can't locate Term/ReadLine.pm in @INC (you may need to install the Term::ReadLine module) (@INC contains: /etc/perl /usr/local/lib/x86_64-linux-gnu/perl/5.36.0 /usr/local/share/perl/5.36.0 /usr/lib/x86_64-linux-gnu/perl5/5.36 /usr/share/perl5 /usr/lib/x86_64-linux-gnu/perl-base /usr/lib/x86_64-linux-gnu/perl/5.36 /usr/share/perl/5.36 /usr/local/lib/site_perl) at /usr/share/perl5/Debconf/FrontEnd/Readline.pm line 7.)
imagen API · migrate deploy + readiness (ASR-09)	Build de la imagen OCI	2026-09-19T01:13:10.5765833Z #7 2.206 debconf: falling back to frontend: Teletype
imagen API · migrate deploy + readiness (ASR-09)	Build de la imagen OCI	2026-09-19T01:13:10.7318563Z #7 2.511 Updating certificates in /etc/ssl/certs...
imagen API · migrate deploy + readiness (ASR-09)	Build de la imagen OCI	2026-09-19T01:13:11.1689782Z #7 2.949 150 added, 0 removed; done.
imagen API · migrate deploy + readiness (ASR-09)	Build de la imagen OCI	2026-09-19T01:13:11.3439241Z #7 2.963 Processing triggers for libc-bin (2.36-9+deb12u14) ...
imagen API · migrate deploy + readiness (ASR-09)	Build de la imagen OCI	2026-09-19T01:13:11.3439721Z #7 2.971 Processing triggers for ca-certificates (20250419~deb12u1) ...
imagen API · migrate deploy + readiness (ASR-09)	Build de la imagen OCI	2026-09-19T01:13:11.3440105Z #7 2.974 Updating certificates in /etc/ssl/certs...
imagen API · migrate deploy + readiness (ASR-09)	Build de la imagen OCI	2026-09-19T01:13:11.5348039Z #7 3.315 0 added, 0 removed; done.
imagen API · migrate deploy + readiness (ASR-09)	Build de la imagen OCI	2026-09-19T01:13:11.5348512Z #7 3.315 Running hooks in /etc/ca-certificates/update.d...
imagen API · migrate deploy + readiness (ASR-09)	Build de la imagen OCI	2026-09-19T01:13:11.6376661Z #7 3.316 done.
imagen API · migrate deploy + readiness (ASR-09)	Build de la imagen OCI	2026-09-19T01:13:11.6377026Z #7 DONE 3.4s
imagen API · migrate deploy + readiness (ASR-09)	Build de la imagen OCI	2026-09-19T01:13:11.6377171Z 
imagen API · migrate deploy + readiness (ASR-09)	Build de la imagen OCI	2026-09-19T01:13:11.6377335Z #8 [base 3/3] WORKDIR /app
imagen API · migrate deploy + readiness (ASR-09)	Build de la imagen OCI	2026-09-19T01:13:11.6377637Z #8 DONE 0.0s
imagen API · migrate deploy + readiness (ASR-09)	Build de la imagen OCI	2026-09-19T01:13:11.8579832Z 
imagen API · migrate deploy + readiness (ASR-09)	Build de la imagen OCI	2026-09-19T01:13:11.8580814Z #9 [deps 1/6] COPY package.json package-lock.json .npmrc ./
imagen API · migrate deploy + readiness (ASR-09)	Build de la imagen OCI	2026-09-19T01:13:11.8581298Z #9 DONE 0.0s
imagen API · migrate deploy + readiness (ASR-09)	Build de la imagen OCI	2026-09-19T01:13:11.8581559Z 
imagen API · migrate deploy + readiness (ASR-09)	Build de la imagen OCI	2026-09-19T01:13:11.8581964Z #10 [build  1/11] COPY package.json package-lock.json .npmrc tsconfig.base.json ./
imagen API · migrate deploy + readiness (ASR-09)	Build de la imagen OCI	2026-09-19T01:13:11.8582474Z #10 DONE 0.0s
imagen API · migrate deploy + readiness (ASR-09)	Build de la imagen OCI	2026-09-19T01:13:11.8582619Z 
imagen API · migrate deploy + readiness (ASR-09)	Build de la imagen OCI	2026-09-19T01:13:11.8582818Z #11 [deps 2/6] COPY packages/domain/package.json packages/domain/
imagen API · migrate deploy + readiness (ASR-09)	Build de la imagen OCI	2026-09-19T01:13:11.8583228Z #11 DONE 0.0s
imagen API · migrate deploy + readiness (ASR-09)	Build de la imagen OCI	2026-09-19T01:13:11.8583367Z 
imagen API · migrate deploy + readiness (ASR-09)	Build de la imagen OCI	2026-09-19T01:13:11.8583564Z #12 [build  2/11] COPY packages/domain/package.json packages/domain/
imagen API · migrate deploy + readiness (ASR-09)	Build de la imagen OCI	2026-09-19T01:13:11.8583974Z #12 DONE 0.0s
imagen API · migrate deploy + readiness (ASR-09)	Build de la imagen OCI	2026-09-19T01:13:11.8584115Z 
imagen API · migrate deploy + readiness (ASR-09)	Build de la imagen OCI	2026-09-19T01:13:11.8584273Z #13 [deps 3/6] COPY apps/api/package.json apps/api/
imagen API · migrate deploy + readiness (ASR-09)	Build de la imagen OCI	2026-09-19T01:13:11.8584637Z #13 DONE 0.0s
imagen API · migrate deploy + readiness (ASR-09)	Build de la imagen OCI	2026-09-19T01:13:11.8584785Z 
imagen API · migrate deploy + readiness (ASR-09)	Build de la imagen OCI	2026-09-19T01:13:11.8584944Z #14 [build  3/11] COPY apps/api/package.json apps/api/
imagen API · migrate deploy + readiness (ASR-09)	Build de la imagen OCI	2026-09-19T01:13:11.8585491Z #14 DONE 0.0s
imagen API · migrate deploy + readiness (ASR-09)	Build de la imagen OCI	2026-09-19T01:13:11.8585607Z 
imagen API · migrate deploy + readiness (ASR-09)	Build de la imagen OCI	2026-09-19T01:13:11.8585727Z #15 [deps 4/6] COPY apps/web/package.json apps/web/
imagen API · migrate deploy + readiness (ASR-09)	Build de la imagen OCI	2026-09-19T01:13:11.8586016Z #15 DONE 0.0s
imagen API · migrate deploy + readiness (ASR-09)	Build de la imagen OCI	2026-09-19T01:13:11.8586132Z 
imagen API · migrate deploy + readiness (ASR-09)	Build de la imagen OCI	2026-09-19T01:13:11.8586261Z #16 [build  4/11] COPY apps/web/package.json apps/web/
imagen API · migrate deploy + readiness (ASR-09)	Build de la imagen OCI	2026-09-19T01:13:11.8586557Z #16 DONE 0.0s
imagen API · migrate deploy + readiness (ASR-09)	Build de la imagen OCI	2026-09-19T01:13:11.8586668Z 
imagen API · migrate deploy + readiness (ASR-09)	Build de la imagen OCI	2026-09-19T01:13:11.8586813Z #17 [deps 5/6] COPY apps/mobile/package.json apps/mobile/
imagen API · migrate deploy + readiness (ASR-09)	Build de la imagen OCI	2026-09-19T01:13:11.8587135Z #17 DONE 0.0s
imagen API · migrate deploy + readiness (ASR-09)	Build de la imagen OCI	2026-09-19T01:13:11.8587264Z 
imagen API · migrate deploy + readiness (ASR-09)	Build de la imagen OCI	2026-09-19T01:13:11.8587387Z #18 [build  5/11] COPY apps/mobile/package.json apps/mobile/
imagen API · migrate deploy + readiness (ASR-09)	Build de la imagen OCI	2026-09-19T01:13:11.8587634Z #18 DONE 0.0s
imagen API · migrate deploy + readiness (ASR-09)	Build de la imagen OCI	2026-09-19T01:13:11.8587735Z 
imagen API · migrate deploy + readiness (ASR-09)	Build de la imagen OCI	2026-09-19T01:13:11.8587902Z #19 [build  6/11] RUN npm ci -w @be/api -w @be/domain --include-workspace-root
imagen API · migrate deploy + readiness (ASR-09)	Build de la imagen OCI	2026-09-19T01:13:16.2922517Z #19 4.584 npm warn deprecated glob@10.5.0: Old versions of glob are not supported, and contain widely publicized security vulnerabilities, which have been fixed in the current version. Please update. Support for old versions may be purchased (at exorbitant rates) by contacting i@izs.me
imagen API · migrate deploy + readiness (ASR-09)	Build de la imagen OCI	2026-09-19T01:13:16.4456692Z #19 4.588 npm warn deprecated glob@10.5.0: Old versions of glob are not supported, and contain widely publicized security vulnerabilities, which have been fixed in the current version. Please update. Support for old versions may be purchased (at exorbitant rates) by contacting i@izs.me
imagen API · migrate deploy + readiness (ASR-09)	Build de la imagen OCI	2026-09-19T01:13:20.4840493Z #19 ...
imagen API · migrate deploy + readiness (ASR-09)	Build de la imagen OCI	2026-09-19T01:13:20.4840688Z 
imagen API · migrate deploy + readiness (ASR-09)	Build de la imagen OCI	2026-09-19T01:13:20.4840925Z #20 [deps 6/6] RUN npm ci -w @be/api -w @be/domain --include-workspace-root --omit=dev
imagen API · migrate deploy + readiness (ASR-09)	Build de la imagen OCI	2026-09-19T01:13:20.4841279Z #20 8.625 
imagen API · migrate deploy + readiness (ASR-09)	Build de la imagen OCI	2026-09-19T01:13:20.4841498Z #20 8.625 added 260 packages, and audited 263 packages in 8s
imagen API · migrate deploy + readiness (ASR-09)	Build de la imagen OCI	2026-09-19T01:13:20.4841753Z #20 8.626 
imagen API · migrate deploy + readiness (ASR-09)	Build de la imagen OCI	2026-09-19T01:13:20.4841920Z #20 8.626 found 0 vulnerabilities
imagen API · migrate deploy + readiness (ASR-09)	Build de la imagen OCI	2026-09-19T01:13:20.4842125Z #20 8.627 npm notice
imagen API · migrate deploy + readiness (ASR-09)	Build de la imagen OCI	2026-09-19T01:13:20.4842670Z #20 8.627 npm notice New major version of npm available! 10.9.8 -> 12.0.2
imagen API · migrate deploy + readiness (ASR-09)	Build de la imagen OCI	2026-09-19T01:13:20.4843241Z #20 8.627 npm notice Changelog: https://github.com/npm/cli/releases/tag/v12.0.2
imagen API · migrate deploy + readiness (ASR-09)	Build de la imagen OCI	2026-09-19T01:13:20.4854927Z #20 8.627 npm notice To update run: npm install -g npm@12.0.2
imagen API · migrate deploy + readiness (ASR-09)	Build de la imagen OCI	2026-09-19T01:13:20.4855442Z #20 8.627 npm notice
imagen API · migrate deploy + readiness (ASR-09)	Build de la imagen OCI	2026-09-19T01:13:22.7246559Z #20 ...
imagen API · migrate deploy + readiness (ASR-09)	Build de la imagen OCI	2026-09-19T01:13:22.7247231Z 
imagen API · migrate deploy + readiness (ASR-09)	Build de la imagen OCI	2026-09-19T01:13:22.7247845Z #19 [build  6/11] RUN npm ci -w @be/api -w @be/domain --include-workspace-root
imagen API · migrate deploy + readiness (ASR-09)	Build de la imagen OCI	2026-09-19T01:13:22.7248580Z #19 11.02 
imagen API · migrate deploy + readiness (ASR-09)	Build de la imagen OCI	2026-09-19T01:13:22.7249186Z #19 11.02 added 595 packages, and audited 598 packages in 11s
imagen API · migrate deploy + readiness (ASR-09)	Build de la imagen OCI	2026-09-19T01:13:22.8773595Z #19 11.02 
imagen API · migrate deploy + readiness (ASR-09)	Build de la imagen OCI	2026-09-19T01:13:22.8773872Z #19 11.02 found 0 vulnerabilities
imagen API · migrate deploy + readiness (ASR-09)	Build de la imagen OCI	2026-09-19T01:13:22.8774118Z #19 11.02 npm notice
imagen API · migrate deploy + readiness (ASR-09)	Build de la imagen OCI	2026-09-19T01:13:22.8774387Z #19 11.02 npm notice New major version of npm available! 10.9.8 -> 12.0.2
imagen API · migrate deploy + readiness (ASR-09)	Build de la imagen OCI	2026-09-19T01:13:22.8774800Z #19 11.02 npm notice Changelog: https://github.com/npm/cli/releases/tag/v12.0.2
imagen API · migrate deploy + readiness (ASR-09)	Build de la imagen OCI	2026-09-19T01:13:22.8775161Z #19 11.02 npm notice To update run: npm install -g npm@12.0.2
imagen API · migrate deploy + readiness (ASR-09)	Build de la imagen OCI	2026-09-19T01:13:22.8775442Z #19 11.02 npm notice
imagen API · migrate deploy + readiness (ASR-09)	Build de la imagen OCI	2026-09-19T01:13:22.8788332Z #19 DONE 11.2s
imagen API · migrate deploy + readiness (ASR-09)	Build de la imagen OCI	2026-09-19T01:13:22.8788678Z 
imagen API · migrate deploy + readiness (ASR-09)	Build de la imagen OCI	2026-09-19T01:13:22.8789092Z #20 [deps 6/6] RUN npm ci -w @be/api -w @be/domain --include-workspace-root --omit=dev
imagen API · migrate deploy + readiness (ASR-09)	Build de la imagen OCI	2026-09-19T01:13:23.0469547Z #20 ...
imagen API · migrate deploy + readiness (ASR-09)	Build de la imagen OCI	2026-09-19T01:13:23.0469770Z 
imagen API · migrate deploy + readiness (ASR-09)	Build de la imagen OCI	2026-09-19T01:13:23.0469908Z #21 [build  7/11] COPY prisma ./prisma
imagen API · migrate deploy + readiness (ASR-09)	Build de la imagen OCI	2026-09-19T01:13:25.6151987Z #21 ...
imagen API · migrate deploy + readiness (ASR-09)	Build de la imagen OCI	2026-09-19T01:13:25.6152207Z 
imagen API · migrate deploy + readiness (ASR-09)	Build de la imagen OCI	2026-09-19T01:13:25.6152479Z #20 [deps 6/6] RUN npm ci -w @be/api -w @be/domain --include-workspace-root --omit=dev
imagen API · migrate deploy + readiness (ASR-09)	Build de la imagen OCI	2026-09-19T01:13:25.6152891Z #20 DONE 13.9s
imagen API · migrate deploy + readiness (ASR-09)	Build de la imagen OCI	2026-09-19T01:13:25.8073066Z 
imagen API · migrate deploy + readiness (ASR-09)	Build de la imagen OCI	2026-09-19T01:13:25.8073598Z #21 [build  7/11] COPY prisma ./prisma
imagen API · migrate deploy + readiness (ASR-09)	Build de la imagen OCI	2026-09-19T01:13:25.8074439Z #21 DONE 2.7s
imagen API · migrate deploy + readiness (ASR-09)	Build de la imagen OCI	2026-09-19T01:13:25.8074586Z 
imagen API · migrate deploy + readiness (ASR-09)	Build de la imagen OCI	2026-09-19T01:13:25.8074776Z #22 [build  8/11] COPY packages/domain ./packages/domain
imagen API · migrate deploy + readiness (ASR-09)	Build de la imagen OCI	2026-09-19T01:13:25.8075161Z #22 DONE 0.0s
imagen API · migrate deploy + readiness (ASR-09)	Build de la imagen OCI	2026-09-19T01:13:25.8075294Z 
imagen API · migrate deploy + readiness (ASR-09)	Build de la imagen OCI	2026-09-19T01:13:25.8075426Z #23 [build  9/11] COPY apps/api ./apps/api
imagen API · migrate deploy + readiness (ASR-09)	Build de la imagen OCI	2026-09-19T01:13:25.8075748Z #23 DONE 0.0s
imagen API · migrate deploy + readiness (ASR-09)	Build de la imagen OCI	2026-09-19T01:13:25.8076259Z 
imagen API · migrate deploy + readiness (ASR-09)	Build de la imagen OCI	2026-09-19T01:13:25.8076587Z #24 [build 10/11] RUN npx prisma generate  && npm run build -w @be/domain  && npm run build -w @be/api
imagen API · migrate deploy + readiness (ASR-09)	Build de la imagen OCI	2026-09-19T01:13:26.6788067Z #24 1.022 warn The configuration property `package.json#prisma` is deprecated and will be removed in Prisma 7. Please migrate to a Prisma config file (e.g., `prisma.config.ts`).
imagen API · migrate deploy + readiness (ASR-09)	Build de la imagen OCI	2026-09-19T01:13:26.6789390Z #24 1.022 For more information, see: https://pris.ly/prisma-config
imagen API · migrate deploy + readiness (ASR-09)	Build de la imagen OCI	2026-09-19T01:13:26.6789842Z #24 1.022 
imagen API · migrate deploy + readiness (ASR-09)	Build de la imagen OCI	2026-09-19T01:13:26.8112401Z #24 1.153 Prisma schema loaded from prisma/schema.prisma
imagen API · migrate deploy + readiness (ASR-09)	Build de la imagen OCI	2026-09-19T01:13:27.1730140Z #24 1.516 
imagen API · migrate deploy + readiness (ASR-09)	Build de la imagen OCI	2026-09-19T01:13:27.1731009Z #24 1.516 ✔ Generated Prisma Client (v6.19.3) to ./node_modules/@prisma/client in 110ms
imagen API · migrate deploy + readiness (ASR-09)	Build de la imagen OCI	2026-09-19T01:13:27.1731556Z #24 1.516 
imagen API · migrate deploy + readiness (ASR-09)	Build de la imagen OCI	2026-09-19T01:13:27.1731959Z #24 1.516 Start by importing your Prisma Client (See: https://pris.ly/d/importing-client)
imagen API · migrate deploy + readiness (ASR-09)	Build de la imagen OCI	2026-09-19T01:13:27.1732416Z #24 1.516 
imagen API · migrate deploy + readiness (ASR-09)	Build de la imagen OCI	2026-09-19T01:13:27.1732971Z #24 1.516 Tip: Need your database queries to be 1000x faster? Accelerate offers you that and more: https://pris.ly/tip-2-accelerate
imagen API · migrate deploy + readiness (ASR-09)	Build de la imagen OCI	2026-09-19T01:13:27.1733602Z #24 1.516 
imagen API · migrate deploy + readiness (ASR-09)	Build de la imagen OCI	2026-09-19T01:13:27.3580176Z #24 1.701 
imagen API · migrate deploy + readiness (ASR-09)	Build de la imagen OCI	2026-09-19T01:13:27.3581561Z #24 1.701 > @be/domain@0.1.0 build
imagen API · migrate deploy + readiness (ASR-09)	Build de la imagen OCI	2026-09-19T01:13:27.3582228Z #24 1.701 > tsc -p tsconfig.json
imagen API · migrate deploy + readiness (ASR-09)	Build de la imagen OCI	2026-09-19T01:13:27.3582760Z #24 1.701 
imagen API · migrate deploy + readiness (ASR-09)	Build de la imagen OCI	2026-09-19T01:13:29.2403477Z #24 3.583 
imagen API · migrate deploy + readiness (ASR-09)	Build de la imagen OCI	2026-09-19T01:13:29.2403842Z #24 3.583 > @be/api@0.1.0 build
imagen API · migrate deploy + readiness (ASR-09)	Build de la imagen OCI	2026-09-19T01:13:29.2404167Z #24 3.583 > tsc -p tsconfig.build.json
imagen API · migrate deploy + readiness (ASR-09)	Build de la imagen OCI	2026-09-19T01:13:29.2404388Z #24 3.583 
imagen API · migrate deploy + readiness (ASR-09)	Build de la imagen OCI	2026-09-19T01:13:29.9634880Z #24 ...
imagen API · migrate deploy + readiness (ASR-09)	Build de la imagen OCI	2026-09-19T01:13:29.9635124Z 
imagen API · migrate deploy + readiness (ASR-09)	Build de la imagen OCI	2026-09-19T01:13:29.9635475Z #25 [runtime  1/10] COPY --from=deps --chown=node:node /app/node_modules ./node_modules
imagen API · migrate deploy + readiness (ASR-09)	Build de la imagen OCI	2026-09-19T01:13:29.9636003Z #25 DONE 3.3s
imagen API · migrate deploy + readiness (ASR-09)	Build de la imagen OCI	2026-09-19T01:13:30.1142845Z 
imagen API · migrate deploy + readiness (ASR-09)	Build de la imagen OCI	2026-09-19T01:13:30.1143671Z #24 [build 10/11] RUN npx prisma generate  && npm run build -w @be/domain  && npm run build -w @be/api
imagen API · migrate deploy + readiness (ASR-09)	Build de la imagen OCI	2026-09-19T01:13:30.9923186Z #24 DONE 5.3s
imagen API · migrate deploy + readiness (ASR-09)	Build de la imagen OCI	2026-09-19T01:13:31.1435611Z 
imagen API · migrate deploy + readiness (ASR-09)	Build de la imagen OCI	2026-09-19T01:13:31.1436845Z #26 [build 11/11] RUN node -e "require('fs').writeFileSync('apps/api/dist/build-info.json', JSON.stringify({ commit: process.env.RENDER_GIT_COMMIT || null, construidoEn: new Date().toISOString() }))"
imagen API · migrate deploy + readiness (ASR-09)	Build de la imagen OCI	2026-09-19T01:13:31.3884630Z #26 DONE 0.4s
imagen API · migrate deploy + readiness (ASR-09)	Build de la imagen OCI	2026-09-19T01:13:31.7240061Z 
imagen API · migrate deploy + readiness (ASR-09)	Build de la imagen OCI	2026-09-19T01:13:31.7241195Z #27 [runtime  2/10] COPY --from=build --chown=node:node /app/node_modules/.prisma ./node_modules/.prisma
imagen API · migrate deploy + readiness (ASR-09)	Build de la imagen OCI	2026-09-19T01:13:31.8913196Z #27 DONE 0.2s
imagen API · migrate deploy + readiness (ASR-09)	Build de la imagen OCI	2026-09-19T01:13:32.0920795Z 
imagen API · migrate deploy + readiness (ASR-09)	Build de la imagen OCI	2026-09-19T01:13:32.0921271Z #28 [runtime  3/10] COPY --chown=node:node package.json ./
imagen API · migrate deploy + readiness (ASR-09)	Build de la imagen OCI	2026-09-19T01:13:32.0921594Z #28 DONE 0.0s
imagen API · migrate deploy + readiness (ASR-09)	Build de la imagen OCI	2026-09-19T01:13:32.0921691Z 
imagen API · migrate deploy + readiness (ASR-09)	Build de la imagen OCI	2026-09-19T01:13:32.0921823Z #29 [runtime  4/10] COPY --chown=node:node prisma ./prisma
imagen API · migrate deploy + readiness (ASR-09)	Build de la imagen OCI	2026-09-19T01:13:32.0922090Z #29 DONE 0.0s
imagen API · migrate deploy + readiness (ASR-09)	Build de la imagen OCI	2026-09-19T01:13:32.0922184Z 
imagen API · migrate deploy + readiness (ASR-09)	Build de la imagen OCI	2026-09-19T01:13:32.0922471Z #30 [runtime  5/10] COPY --from=build --chown=node:node /app/packages/domain/package.json ./packages/domain/package.json
imagen API · migrate deploy + readiness (ASR-09)	Build de la imagen OCI	2026-09-19T01:13:32.0922854Z #30 DONE 0.0s
imagen API · migrate deploy + readiness (ASR-09)	Build de la imagen OCI	2026-09-19T01:13:32.0922974Z 
imagen API · migrate deploy + readiness (ASR-09)	Build de la imagen OCI	2026-09-19T01:13:32.0923179Z #31 [runtime  6/10] COPY --from=build --chown=node:node /app/packages/domain/dist ./packages/domain/dist
imagen API · migrate deploy + readiness (ASR-09)	Build de la imagen OCI	2026-09-19T01:13:32.0923817Z #31 DONE 0.0s
imagen API · migrate deploy + readiness (ASR-09)	Build de la imagen OCI	2026-09-19T01:13:32.0923920Z 
imagen API · migrate deploy + readiness (ASR-09)	Build de la imagen OCI	2026-09-19T01:13:32.0924180Z #32 [runtime  7/10] COPY --from=deps --chown=node:node /app/packages/domain/node_modules ./packages/domain/node_modules
imagen API · migrate deploy + readiness (ASR-09)	Build de la imagen OCI	2026-09-19T01:13:32.1115562Z #32 DONE 0.2s
imagen API · migrate deploy + readiness (ASR-09)	Build de la imagen OCI	2026-09-19T01:13:32.3111590Z 
imagen API · migrate deploy + readiness (ASR-09)	Build de la imagen OCI	2026-09-19T01:13:32.3112468Z #33 [runtime  8/10] COPY --from=build --chown=node:node /app/apps/api/package.json ./apps/api/package.json
imagen API · migrate deploy + readiness (ASR-09)	Build de la imagen OCI	2026-09-19T01:13:32.3113104Z #33 DONE 0.0s
imagen API · migrate deploy + readiness (ASR-09)	Build de la imagen OCI	2026-09-19T01:13:32.3113246Z 
imagen API · migrate deploy + readiness (ASR-09)	Build de la imagen OCI	2026-09-19T01:13:32.3113537Z #34 [runtime  9/10] COPY --from=build --chown=node:node /app/apps/api/dist ./apps/api/dist
imagen API · migrate deploy + readiness (ASR-09)	Build de la imagen OCI	2026-09-19T01:13:32.3114040Z #34 DONE 0.0s
imagen API · migrate deploy + readiness (ASR-09)	Build de la imagen OCI	2026-09-19T01:13:32.3114174Z 
imagen API · migrate deploy + readiness (ASR-09)	Build de la imagen OCI	2026-09-19T01:13:32.3114519Z #35 [runtime 10/10] COPY --chown=node:node apps/api/scripts/iniciar.sh ./apps/api/scripts/iniciar.sh
imagen API · migrate deploy + readiness (ASR-09)	Build de la imagen OCI	2026-09-19T01:13:32.3115060Z #35 DONE 0.0s
imagen API · migrate deploy + readiness (ASR-09)	Build de la imagen OCI	2026-09-19T01:13:32.3115543Z 
imagen API · migrate deploy + readiness (ASR-09)	Build de la imagen OCI	2026-09-19T01:13:32.3115663Z #36 exporting to image
imagen API · migrate deploy + readiness (ASR-09)	Build de la imagen OCI	2026-09-19T01:13:32.3115934Z #36 exporting layers
imagen API · migrate deploy + readiness (ASR-09)	Build de la imagen OCI	2026-09-19T01:13:35.4962673Z #36 exporting layers 3.3s done
imagen API · migrate deploy + readiness (ASR-09)	Build de la imagen OCI	2026-09-19T01:13:35.5130050Z #36 writing image sha256:ef4221efa2c01e11762d6703f0b5a11deab0d5e886b9d3a503690fa7c1b819fb done
imagen API · migrate deploy + readiness (ASR-09)	Build de la imagen OCI	2026-09-19T01:13:35.5130816Z #36 naming to docker.io/library/be-api:8256951ce875c3ecf1a0d57e8a60f68feee5deaa done
imagen API · migrate deploy + readiness (ASR-09)	Build de la imagen OCI	2026-09-19T01:13:35.5131333Z #36 DONE 3.3s
imagen API · migrate deploy + readiness (ASR-09)	PostgreSQL 16 efímero	﻿2026-09-19T01:13:35.5207361Z ##[group]Run docker network create be
imagen API · migrate deploy + readiness (ASR-09)	PostgreSQL 16 efímero	2026-09-19T01:13:35.5207646Z ^[[36;1mdocker network create be^[[0m
imagen API · migrate deploy + readiness (ASR-09)	PostgreSQL 16 efímero	2026-09-19T01:13:35.5207889Z ^[[36;1mdocker run -d --name pg --network be \^[[0m
imagen API · migrate deploy + readiness (ASR-09)	PostgreSQL 16 efímero	2026-09-19T01:13:35.5208264Z ^[[36;1m  -e POSTGRES_USER=be_test -e POSTGRES_PASSWORD=be_test_sintetico -e POSTGRES_DB=be_test \^[[0m
imagen API · migrate deploy + readiness (ASR-09)	PostgreSQL 16 efímero	2026-09-19T01:13:35.5208633Z ^[[36;1m  postgres:16-alpine^[[0m
imagen API · migrate deploy + readiness (ASR-09)	PostgreSQL 16 efímero	2026-09-19T01:13:35.5209172Z ^[[36;1mfor i in $(seq 1 30); do docker exec pg pg_isready -U be_test -d be_test && break; sleep 2; done^[[0m
imagen API · migrate deploy + readiness (ASR-09)	PostgreSQL 16 efímero	2026-09-19T01:13:35.5242535Z shell: /usr/bin/bash -e {0}
imagen API · migrate deploy + readiness (ASR-09)	PostgreSQL 16 efímero	2026-09-19T01:13:35.5242800Z ##[endgroup]
imagen API · migrate deploy + readiness (ASR-09)	PostgreSQL 16 efímero	2026-09-19T01:13:35.5675507Z a26f6ac7c1d3d102061443d95155ebf428acd64ed39d4965b11889ff773be5aa
imagen API · migrate deploy + readiness (ASR-09)	PostgreSQL 16 efímero	2026-09-19T01:13:35.5801708Z Unable to find image 'postgres:16-alpine' locally
imagen API · migrate deploy + readiness (ASR-09)	PostgreSQL 16 efímero	2026-09-19T01:13:35.7950949Z 16-alpine: Pulling from library/postgres
imagen API · migrate deploy + readiness (ASR-09)	PostgreSQL 16 efímero	2026-09-19T01:13:35.8666607Z e2de96513ba9: Pulling fs layer
imagen API · migrate deploy + readiness (ASR-09)	PostgreSQL 16 efímero	2026-09-19T01:13:35.8667109Z 1b7f9cd581ee: Pulling fs layer
imagen API · migrate deploy + readiness (ASR-09)	PostgreSQL 16 efímero	2026-09-19T01:13:35.8667878Z 210b280f9556: Pulling fs layer
imagen API · migrate deploy + readiness (ASR-09)	PostgreSQL 16 efímero	2026-09-19T01:13:35.8668253Z 81717818649a: Pulling fs layer
imagen API · migrate deploy + readiness (ASR-09)	PostgreSQL 16 efímero	2026-09-19T01:13:35.8668516Z 3ae6141cfd99: Pulling fs layer
imagen API · migrate deploy + readiness (ASR-09)	PostgreSQL 16 efímero	2026-09-19T01:13:35.8668801Z 25b77f59fd95: Pulling fs layer
imagen API · migrate deploy + readiness (ASR-09)	PostgreSQL 16 efímero	2026-09-19T01:13:35.8669212Z 6c25da34e03f: Pulling fs layer
imagen API · migrate deploy + readiness (ASR-09)	PostgreSQL 16 efímero	2026-09-19T01:13:35.8669605Z a88782f92806: Pulling fs layer
imagen API · migrate deploy + readiness (ASR-09)	PostgreSQL 16 efímero	2026-09-19T01:13:35.8669893Z d8d21be4bf02: Pulling fs layer
imagen API · migrate deploy + readiness (ASR-09)	PostgreSQL 16 efímero	2026-09-19T01:13:35.8670181Z 6117bd39f23f: Pulling fs layer
imagen API · migrate deploy + readiness (ASR-09)	PostgreSQL 16 efímero	2026-09-19T01:13:35.8670465Z 509688edf37b: Pulling fs layer
imagen API · migrate deploy + readiness (ASR-09)	PostgreSQL 16 efímero	2026-09-19T01:13:35.8670756Z 6c25da34e03f: Waiting
imagen API · migrate deploy + readiness (ASR-09)	PostgreSQL 16 efímero	2026-09-19T01:13:35.8671017Z 6117bd39f23f: Waiting
imagen API · migrate deploy + readiness (ASR-09)	PostgreSQL 16 efímero	2026-09-19T01:13:35.8671274Z 509688edf37b: Waiting
imagen API · migrate deploy + readiness (ASR-09)	PostgreSQL 16 efímero	2026-09-19T01:13:35.8671512Z 81717818649a: Waiting
imagen API · migrate deploy + readiness (ASR-09)	PostgreSQL 16 efímero	2026-09-19T01:13:35.8671777Z 3ae6141cfd99: Waiting
imagen API · migrate deploy + readiness (ASR-09)	PostgreSQL 16 efímero	2026-09-19T01:13:35.8672018Z a88782f92806: Waiting
imagen API · migrate deploy + readiness (ASR-09)	PostgreSQL 16 efímero	2026-09-19T01:13:35.8672255Z d8d21be4bf02: Waiting
imagen API · migrate deploy + readiness (ASR-09)	PostgreSQL 16 efímero	2026-09-19T01:13:35.8672500Z 25b77f59fd95: Waiting
imagen API · migrate deploy + readiness (ASR-09)	PostgreSQL 16 efímero	2026-09-19T01:13:35.9391449Z 1b7f9cd581ee: Verifying Checksum
imagen API · migrate deploy + readiness (ASR-09)	PostgreSQL 16 efímero	2026-09-19T01:13:35.9391882Z 1b7f9cd581ee: Download complete
imagen API · migrate deploy + readiness (ASR-09)	PostgreSQL 16 efímero	2026-09-19T01:13:36.0006662Z 81717818649a: Verifying Checksum
imagen API · migrate deploy + readiness (ASR-09)	PostgreSQL 16 efímero	2026-09-19T01:13:36.0007047Z 81717818649a: Download complete
imagen API · migrate deploy + readiness (ASR-09)	PostgreSQL 16 efímero	2026-09-19T01:13:36.0251780Z 210b280f9556: Verifying Checksum
imagen API · migrate deploy + readiness (ASR-09)	PostgreSQL 16 efímero	2026-09-19T01:13:36.0252317Z 210b280f9556: Download complete
imagen API · migrate deploy + readiness (ASR-09)	PostgreSQL 16 efímero	2026-09-19T01:13:36.0715032Z 3ae6141cfd99: Verifying Checksum
imagen API · migrate deploy + readiness (ASR-09)	PostgreSQL 16 efímero	2026-09-19T01:13:36.0715553Z 3ae6141cfd99: Download complete
imagen API · migrate deploy + readiness (ASR-09)	PostgreSQL 16 efímero	2026-09-19T01:13:36.0789230Z e2de96513ba9: Verifying Checksum
imagen API · migrate deploy + readiness (ASR-09)	PostgreSQL 16 efímero	2026-09-19T01:13:36.0789605Z e2de96513ba9: Download complete
imagen API · migrate deploy + readiness (ASR-09)	PostgreSQL 16 efímero	2026-09-19T01:13:36.1401092Z 6c25da34e03f: Verifying Checksum
imagen API · migrate deploy + readiness (ASR-09)	PostgreSQL 16 efímero	2026-09-19T01:13:36.1401456Z 6c25da34e03f: Download complete
imagen API · migrate deploy + readiness (ASR-09)	PostgreSQL 16 efímero	2026-09-19T01:13:36.1474490Z a88782f92806: Verifying Checksum
imagen API · migrate deploy + readiness (ASR-09)	PostgreSQL 16 efímero	2026-09-19T01:13:36.1476326Z a88782f92806: Download complete
imagen API · migrate deploy + readiness (ASR-09)	PostgreSQL 16 efímero	2026-09-19T01:13:36.1638466Z e2de96513ba9: Pull complete
imagen API · migrate deploy + readiness (ASR-09)	PostgreSQL 16 efímero	2026-09-19T01:13:36.2023451Z d8d21be4bf02: Download complete
imagen API · migrate deploy + readiness (ASR-09)	PostgreSQL 16 efímero	2026-09-19T01:13:36.2162414Z 6117bd39f23f: Download complete
imagen API · migrate deploy + readiness (ASR-09)	PostgreSQL 16 efímero	2026-09-19T01:13:36.2540003Z 1b7f9cd581ee: Pull complete
imagen API · migrate deploy + readiness (ASR-09)	PostgreSQL 16 efímero	2026-09-19T01:13:36.2699243Z 509688edf37b: Download complete
imagen API · migrate deploy + readiness (ASR-09)	PostgreSQL 16 efímero	2026-09-19T01:13:36.3206288Z 210b280f9556: Pull complete
imagen API · migrate deploy + readiness (ASR-09)	PostgreSQL 16 efímero	2026-09-19T01:13:36.3794102Z 81717818649a: Pull complete
imagen API · migrate deploy + readiness (ASR-09)	PostgreSQL 16 efímero	2026-09-19T01:13:36.4825596Z 3ae6141cfd99: Pull complete
imagen API · migrate deploy + readiness (ASR-09)	PostgreSQL 16 efímero	2026-09-19T01:13:36.5762864Z 25b77f59fd95: Verifying Checksum
imagen API · migrate deploy + readiness (ASR-09)	PostgreSQL 16 efímero	2026-09-19T01:13:36.5763358Z 25b77f59fd95: Download complete
imagen API · migrate deploy + readiness (ASR-09)	PostgreSQL 16 efímero	2026-09-19T01:13:39.8931121Z 25b77f59fd95: Pull complete
imagen API · migrate deploy + readiness (ASR-09)	PostgreSQL 16 efímero	2026-09-19T01:13:39.9236758Z 6c25da34e03f: Pull complete
imagen API · migrate deploy + readiness (ASR-09)	PostgreSQL 16 efímero	2026-09-19T01:13:40.0174983Z a88782f92806: Pull complete
imagen API · migrate deploy + readiness (ASR-09)	PostgreSQL 16 efímero	2026-09-19T01:13:40.0299338Z d8d21be4bf02: Pull complete
imagen API · migrate deploy + readiness (ASR-09)	PostgreSQL 16 efímero	2026-09-19T01:13:40.0386106Z 6117bd39f23f: Pull complete
imagen API · migrate deploy + readiness (ASR-09)	PostgreSQL 16 efímero	2026-09-19T01:13:40.0463950Z 509688edf37b: Pull complete
imagen API · migrate deploy + readiness (ASR-09)	PostgreSQL 16 efímero	2026-09-19T01:13:40.0500037Z Digest: sha256:3c5c8892d184f738f4fe282d14ddaa613a38f00f4189d2d94725ebe6f2909ddb
imagen API · migrate deploy + readiness (ASR-09)	PostgreSQL 16 efímero	2026-09-19T01:13:40.0510114Z Status: Downloaded newer image for postgres:16-alpine
imagen API · migrate deploy + readiness (ASR-09)	PostgreSQL 16 efímero	2026-09-19T01:13:40.0648739Z 31b366879f7c6222074261adf1b22dea4a19118182cc325ca09e4c3e8f4cdd7b
imagen API · migrate deploy + readiness (ASR-09)	PostgreSQL 16 efímero	2026-09-19T01:13:40.5401551Z /var/run/postgresql:5432 - no response
imagen API · migrate deploy + readiness (ASR-09)	PostgreSQL 16 efímero	2026-09-19T01:13:42.7699848Z /var/run/postgresql:5432 - accepting connections
imagen API · migrate deploy + readiness (ASR-09)	Arranque del artefacto (migraciones como fase del deploy)	﻿2026-09-19T01:13:42.7750077Z ##[group]Run # Secreto efímero generado en el runner: nunca en el repositorio ni en el log (08 §32).
imagen API · migrate deploy + readiness (ASR-09)	Arranque del artefacto (migraciones como fase del deploy)	2026-09-19T01:13:42.7750695Z ^[[36;1m# Secreto efímero generado en el runner: nunca en el repositorio ni en el log (08 §32).^[[0m
imagen API · migrate deploy + readiness (ASR-09)	Arranque del artefacto (migraciones como fase del deploy)	2026-09-19T01:13:42.7751117Z ^[[36;1mdocker run -d --name api --network be -p 3000:3000 \^[[0m
imagen API · migrate deploy + readiness (ASR-09)	Arranque del artefacto (migraciones como fase del deploy)	2026-09-19T01:13:42.7751391Z ^[[36;1m  -e APP_ENV=test \^[[0m
imagen API · migrate deploy + readiness (ASR-09)	Arranque del artefacto (migraciones como fase del deploy)	2026-09-19T01:13:42.7751996Z ^[[36;1m  -e DATABASE_URL=***pg:5432/be_test \^[[0m
imagen API · migrate deploy + readiness (ASR-09)	Arranque del artefacto (migraciones como fase del deploy)	2026-09-19T01:13:42.7752270Z ^[[36;1m  -e JWT_SECRET="$(openssl rand -hex 32)" \^[[0m
imagen API · migrate deploy + readiness (ASR-09)	Arranque del artefacto (migraciones como fase del deploy)	2026-09-19T01:13:42.7752563Z ^[[36;1m  be-api:8256951ce875c3ecf1a0d57e8a60f68feee5deaa^[[0m
imagen API · migrate deploy + readiness (ASR-09)	Arranque del artefacto (migraciones como fase del deploy)	2026-09-19T01:13:42.7784339Z shell: /usr/bin/bash -e {0}
imagen API · migrate deploy + readiness (ASR-09)	Arranque del artefacto (migraciones como fase del deploy)	2026-09-19T01:13:42.7784554Z ##[endgroup]
imagen API · migrate deploy + readiness (ASR-09)	Arranque del artefacto (migraciones como fase del deploy)	2026-09-19T01:13:42.8269758Z d143090275cdd73ea7600b8c3a72bfdab04f56682340660fe57297e3aad6c0cc
imagen API · migrate deploy + readiness (ASR-09)	Smoke — /health/ready 200 con el SHA esperado (07 §37)	﻿2026-09-19T01:13:43.0613451Z ##[group]Run for i in $(seq 1 30); do
imagen API · migrate deploy + readiness (ASR-09)	Smoke — /health/ready 200 con el SHA esperado (07 §37)	2026-09-19T01:13:43.0613751Z ^[[36;1mfor i in $(seq 1 30); do^[[0m
imagen API · migrate deploy + readiness (ASR-09)	Smoke — /health/ready 200 con el SHA esperado (07 §37)	2026-09-19T01:13:43.0614098Z ^[[36;1m  if curl -fsS http://localhost:3000/health/ready -o ready.json; then break; fi^[[0m
imagen API · migrate deploy + readiness (ASR-09)	Smoke — /health/ready 200 con el SHA esperado (07 §37)	2026-09-19T01:13:43.0614433Z ^[[36;1m  sleep 2^[[0m
imagen API · migrate deploy + readiness (ASR-09)	Smoke — /health/ready 200 con el SHA esperado (07 §37)	2026-09-19T01:13:43.0614605Z ^[[36;1mdone^[[0m
imagen API · migrate deploy + readiness (ASR-09)	Smoke — /health/ready 200 con el SHA esperado (07 §37)	2026-09-19T01:13:43.0614771Z ^[[36;1mdocker logs api^[[0m
imagen API · migrate deploy + readiness (ASR-09)	Smoke — /health/ready 200 con el SHA esperado (07 §37)	2026-09-19T01:13:43.0614955Z ^[[36;1mcat ready.json^[[0m
imagen API · migrate deploy + readiness (ASR-09)	Smoke — /health/ready 200 con el SHA esperado (07 §37)	2026-09-19T01:13:43.0615169Z ^[[36;1mtest "$(jq -r .data.estado ready.json)" = "OK"^[[0m
imagen API · migrate deploy + readiness (ASR-09)	Smoke — /health/ready 200 con el SHA esperado (07 §37)	2026-09-19T01:13:43.0615494Z ^[[36;1mtest "$(jq -r .data.dependencias.migraciones ready.json)" = "OK"^[[0m
imagen API · migrate deploy + readiness (ASR-09)	Smoke — /health/ready 200 con el SHA esperado (07 §37)	2026-09-19T01:13:43.0615908Z ^[[36;1mtest "$(jq -r .data.version.commit ready.json)" = "8256951ce875c3ecf1a0d57e8a60f68feee5deaa"^[[0m
imagen API · migrate deploy + readiness (ASR-09)	Smoke — /health/ready 200 con el SHA esperado (07 §37)	2026-09-19T01:13:43.0616305Z ^[[36;1mcurl -fsS http://localhost:3000/health/live^[[0m
imagen API · migrate deploy + readiness (ASR-09)	Smoke — /health/ready 200 con el SHA esperado (07 §37)	2026-09-19T01:13:43.0616688Z ^[[36;1mtest "$(curl -s -o /dev/null -w '%{http_code}' http://localhost:3000/api/v1/no-existe)" = "404"^[[0m
imagen API · migrate deploy + readiness (ASR-09)	Smoke — /health/ready 200 con el SHA esperado (07 §37)	2026-09-19T01:13:43.0658020Z shell: /usr/bin/bash -e {0}
imagen API · migrate deploy + readiness (ASR-09)	Smoke — /health/ready 200 con el SHA esperado (07 §37)	2026-09-19T01:13:43.0658417Z ##[endgroup]
imagen API · migrate deploy + readiness (ASR-09)	Smoke — /health/ready 200 con el SHA esperado (07 §37)	2026-09-19T01:13:43.0797548Z curl: (56) Recv failure: Connection reset by peer
imagen API · migrate deploy + readiness (ASR-09)	Smoke — /health/ready 200 con el SHA esperado (07 §37)	2026-09-19T01:13:45.1050457Z {"nivel":"info","evento":"migraciones_inicio"}
imagen API · migrate deploy + readiness (ASR-09)	Smoke — /health/ready 200 con el SHA esperado (07 §37)	2026-09-19T01:13:45.1051437Z warn The configuration property `package.json#prisma` is deprecated and will be removed in Prisma 7. Please migrate to a Prisma config file (e.g., `prisma.config.ts`).
imagen API · migrate deploy + readiness (ASR-09)	Smoke — /health/ready 200 con el SHA esperado (07 §37)	2026-09-19T01:13:45.1052261Z For more information, see: https://pris.ly/prisma-config
imagen API · migrate deploy + readiness (ASR-09)	Smoke — /health/ready 200 con el SHA esperado (07 §37)	2026-09-19T01:13:45.1052566Z Prisma schema loaded from prisma/schema.prisma
imagen API · migrate deploy + readiness (ASR-09)	Smoke — /health/ready 200 con el SHA esperado (07 §37)	2026-09-19T01:13:45.1059346Z 
imagen API · migrate deploy + readiness (ASR-09)	Smoke — /health/ready 200 con el SHA esperado (07 §37)	2026-09-19T01:13:45.1060723Z Datasource "db": PostgreSQL database "be_test", schema "public" at "pg:5432"
imagen API · migrate deploy + readiness (ASR-09)	Smoke — /health/ready 200 con el SHA esperado (07 §37)	2026-09-19T01:13:45.1060974Z 
imagen API · migrate deploy + readiness (ASR-09)	Smoke — /health/ready 200 con el SHA esperado (07 §37)	2026-09-19T01:13:45.1061065Z 2 migrations found in prisma/migrations
imagen API · migrate deploy + readiness (ASR-09)	Smoke — /health/ready 200 con el SHA esperado (07 §37)	2026-09-19T01:13:45.1061717Z 
imagen API · migrate deploy + readiness (ASR-09)	Smoke — /health/ready 200 con el SHA esperado (07 §37)	2026-09-19T01:13:45.1061983Z Applying migration `20260916180000_identidad`
imagen API · migrate deploy + readiness (ASR-09)	Smoke — /health/ready 200 con el SHA esperado (07 §37)	2026-09-19T01:13:45.1062396Z Applying migration `20260918200000_identidad_y_sesiones`
imagen API · migrate deploy + readiness (ASR-09)	Smoke — /health/ready 200 con el SHA esperado (07 §37)	2026-09-19T01:13:45.1062701Z 
imagen API · migrate deploy + readiness (ASR-09)	Smoke — /health/ready 200 con el SHA esperado (07 §37)	2026-09-19T01:13:45.1062918Z The following migration(s) have been applied:
imagen API · migrate deploy + readiness (ASR-09)	Smoke — /health/ready 200 con el SHA esperado (07 §37)	2026-09-19T01:13:45.1063222Z 
imagen API · migrate deploy + readiness (ASR-09)	Smoke — /health/ready 200 con el SHA esperado (07 §37)	2026-09-19T01:13:45.1063410Z migrations/
imagen API · migrate deploy + readiness (ASR-09)	Smoke — /health/ready 200 con el SHA esperado (07 §37)	2026-09-19T01:13:45.1064137Z   └─ 20260916180000_identidad/
imagen API · migrate deploy + readiness (ASR-09)	Smoke — /health/ready 200 con el SHA esperado (07 §37)	2026-09-19T01:13:45.1064429Z     └─ migration.sql
imagen API · migrate deploy + readiness (ASR-09)	Smoke — /health/ready 200 con el SHA esperado (07 §37)	2026-09-19T01:13:45.1064664Z   └─ 20260918200000_identidad_y_sesiones/
imagen API · migrate deploy + readiness (ASR-09)	Smoke — /health/ready 200 con el SHA esperado (07 §37)	2026-09-19T01:13:45.1064924Z     └─ migration.sql
imagen API · migrate deploy + readiness (ASR-09)	Smoke — /health/ready 200 con el SHA esperado (07 §37)	2026-09-19T01:13:45.1065109Z       
imagen API · migrate deploy + readiness (ASR-09)	Smoke — /health/ready 200 con el SHA esperado (07 §37)	2026-09-19T01:13:45.1065301Z All migrations have been successfully applied.
imagen API · migrate deploy + readiness (ASR-09)	Smoke — /health/ready 200 con el SHA esperado (07 §37)	2026-09-19T01:13:45.1065573Z {"nivel":"info","evento":"migraciones_fin"}
imagen API · migrate deploy + readiness (ASR-09)	Smoke — /health/ready 200 con el SHA esperado (07 §37)	2026-09-19T01:13:45.1066174Z {"nivel":"info","evento":"api_iniciada","ambiente":"test","version":{"aplicacion":"0.1.0","commit":"8256951ce875c3ecf1a0d57e8a60f68feee5deaa","construidoEn":"2026-09-19T01:13:31.135Z"},"puerto":3000}
imagen API · migrate deploy + readiness (ASR-09)	Smoke — /health/ready 200 con el SHA esperado (07 §37)	2026-09-19T01:13:45.1066980Z {"nivel":"info","requestId":"d85cbef1-cc2f-475f-92f8-172a090b84bb","metodo":"GET","ruta":"/health/ready","status":200,"duracionMs":5}
imagen API · migrate deploy + readiness (ASR-09)	Smoke — /health/ready 200 con el SHA esperado (07 §37)	2026-09-19T01:13:45.1264651Z {"data":{"estado":"OK","ambiente":"test","version":{"aplicacion":"0.1.0","commit":"8256951ce875c3ecf1a0d57e8a60f68feee5deaa","construidoEn":"2026-09-19T01:13:31.135Z"},"dependencias":{"baseDeDatos":"OK","migraciones":"OK"}}}{"data":{"estado":"OK","ambiente":"test","version":{"aplicacion":"0.1.0","commit":"8256951ce875c3ecf1a0d57e8a60f68feee5deaa","construidoEn":"2026-09-19T01:13:31.135Z"}}}
imagen API · migrate deploy + readiness (ASR-09)	Smoke e2e del artefacto — registro A1+A2 → login → /me → A3 no otorgado → logout (WP-02)	﻿2026-09-19T01:13:45.1291349Z ##[group]Run B=http://localhost:3000/api/v1
imagen API · migrate deploy + readiness (ASR-09)	Smoke e2e del artefacto — registro A1+A2 → login → /me → A3 no otorgado → logout (WP-02)	2026-09-19T01:13:45.1291675Z ^[[36;1mB=http://localhost:3000/api/v1^[[0m
imagen API · migrate deploy + readiness (ASR-09)	Smoke e2e del artefacto — registro A1+A2 → login → /me → A3 no otorgado → logout (WP-02)	2026-09-19T01:13:45.1291956Z ^[[36;1mCORREO="persona-ci-35411934626@example.invalid"^[[0m
imagen API · migrate deploy + readiness (ASR-09)	Smoke e2e del artefacto — registro A1+A2 → login → /me → A3 no otorgado → logout (WP-02)	2026-09-19T01:13:45.1292793Z ^[[36;1mjq -n --arg c "$CORREO" '{registrationIntent:"ADVISEE",identity:{localIdentifier:$c,localCredential:"clave-sintetica-de-ci-01"},termsAcceptance:{versionId:"terminos-2026-09-demo"},privacyAcknowledgement:{versionId:"privacidad-2026-09-demo"}}' > alta.json^[[0m
imagen API · migrate deploy + readiness (ASR-09)	Smoke e2e del artefacto — registro A1+A2 → login → /me → A3 no otorgado → logout (WP-02)	2026-09-19T01:13:45.1293859Z ^[[36;1mtest "$(curl -s -o /dev/null -w '%{http_code}' -H 'Content-Type: application/json' -H "Idempotency-Key: ci-35411934626" -d @alta.json $B/registrations)" = "201"^[[0m
imagen API · migrate deploy + readiness (ASR-09)	Smoke e2e del artefacto — registro A1+A2 → login → /me → A3 no otorgado → logout (WP-02)	2026-09-19T01:13:45.1294537Z ^[[36;1mjq -n --arg c "$CORREO" '{method:"LOCAL",identifier:$c,credential:"clave-sintetica-de-ci-01"}' > login.json^[[0m
imagen API · migrate deploy + readiness (ASR-09)	Smoke e2e del artefacto — registro A1+A2 → login → /me → A3 no otorgado → logout (WP-02)	2026-09-19T01:13:45.1295121Z ^[[36;1mTOKEN=$(curl -fsS -H 'Content-Type: application/json' -d @login.json $B/auth/sessions | jq -r .data.session.accessToken)^[[0m
imagen API · migrate deploy + readiness (ASR-09)	Smoke e2e del artefacto — registro A1+A2 → login → /me → A3 no otorgado → logout (WP-02)	2026-09-19T01:13:45.1295576Z ^[[36;1mecho "::add-mask::$TOKEN"^[[0m
imagen API · migrate deploy + readiness (ASR-09)	Smoke e2e del artefacto — registro A1+A2 → login → /me → A3 no otorgado → logout (WP-02)	2026-09-19T01:13:45.1296122Z ^[[36;1mtest "$(curl -fsS -H "Authorization: ***" $B/me | jq -r .data.accountOperationalState)" = "OPERATIVA"^[[0m
imagen API · migrate deploy + readiness (ASR-09)	Smoke e2e del artefacto — registro A1+A2 → login → /me → A3 no otorgado → logout (WP-02)	2026-09-19T01:13:45.1296751Z ^[[36;1mtest "$(curl -fsS -H "Authorization: ***" $B/me/health-data-consent-requirement | jq -c .data.currentConsent)" = "null"^[[0m
imagen API · migrate deploy + readiness (ASR-09)	Smoke e2e del artefacto — registro A1+A2 → login → /me → A3 no otorgado → logout (WP-02)	2026-09-19T01:13:45.1297380Z ^[[36;1mtest "$(curl -s -o /dev/null -w '%{http_code}' -X DELETE -H "Authorization: ***" $B/auth/sessions/current)" = "204"^[[0m
imagen API · migrate deploy + readiness (ASR-09)	Smoke e2e del artefacto — registro A1+A2 → login → /me → A3 no otorgado → logout (WP-02)	2026-09-19T01:13:45.1297899Z ^[[36;1mtest "$(curl -s -o /dev/null -w '%{http_code}' -H "Authorization: ***" $B/me)" = "401"^[[0m
imagen API · migrate deploy + readiness (ASR-09)	Smoke e2e del artefacto — registro A1+A2 → login → /me → A3 no otorgado → logout (WP-02)	2026-09-19T01:13:45.1298286Z ^[[36;1m# El log del contenedor no contiene la credencial ni el correo.^[[0m
imagen API · migrate deploy + readiness (ASR-09)	Smoke e2e del artefacto — registro A1+A2 → login → /me → A3 no otorgado → logout (WP-02)	2026-09-19T01:13:45.1298670Z ^[[36;1m! docker logs api 2>&1 | grep -q -e "clave-sintetica-de-ci-01" -e "$CORREO"^[[0m
imagen API · migrate deploy + readiness (ASR-09)	Smoke e2e del artefacto — registro A1+A2 → login → /me → A3 no otorgado → logout (WP-02)	2026-09-19T01:13:45.1330735Z shell: /usr/bin/bash -e {0}
imagen API · migrate deploy + readiness (ASR-09)	Smoke e2e del artefacto — registro A1+A2 → login → /me → A3 no otorgado → logout (WP-02)	2026-09-19T01:13:45.1330958Z ##[endgroup]
imagen API · migrate deploy + readiness (ASR-09)	Post Run actions/checkout@v7	﻿2026-09-19T01:13:45.3811622Z Post job cleanup.
imagen API · migrate deploy + readiness (ASR-09)	Post Run actions/checkout@v7	2026-09-19T01:13:45.4512628Z [command]/usr/bin/git version
imagen API · migrate deploy + readiness (ASR-09)	Post Run actions/checkout@v7	2026-09-19T01:13:45.4554001Z git version 2.55.0
imagen API · migrate deploy + readiness (ASR-09)	Post Run actions/checkout@v7	2026-09-19T01:13:45.4581343Z Temporarily overriding HOME='/home/runner/work/_temp/aa2043c4-865d-434c-934f-713c89b40d1c' before making global git config changes
imagen API · migrate deploy + readiness (ASR-09)	Post Run actions/checkout@v7	2026-09-19T01:13:45.4582375Z Adding repository directory to the temporary git global config as a safe directory
imagen API · migrate deploy + readiness (ASR-09)	Post Run actions/checkout@v7	2026-09-19T01:13:45.4585656Z [command]/usr/bin/git config --global --add safe.directory /home/runner/work/be/be
imagen API · migrate deploy + readiness (ASR-09)	Post Run actions/checkout@v7	2026-09-19T01:13:45.4613331Z Removing SSH command configuration
imagen API · migrate deploy + readiness (ASR-09)	Post Run actions/checkout@v7	2026-09-19T01:13:45.4618051Z [command]/usr/bin/git config --local --name-only --get-regexp core\.sshCommand
imagen API · migrate deploy + readiness (ASR-09)	Post Run actions/checkout@v7	2026-09-19T01:13:45.4648805Z [command]/usr/bin/git submodule foreach --recursive sh -c "git config --local --name-only --get-regexp 'core\.sshCommand' && git config --local --unset-all 'core.sshCommand' || :"
imagen API · migrate deploy + readiness (ASR-09)	Post Run actions/checkout@v7	2026-09-19T01:13:45.4853392Z Removing HTTP extra header
imagen API · migrate deploy + readiness (ASR-09)	Post Run actions/checkout@v7	2026-09-19T01:13:45.4857462Z [command]/usr/bin/git config --local --name-only --get-regexp http\.https\:\/\/github\.com\/\.extraheader
imagen API · migrate deploy + readiness (ASR-09)	Post Run actions/checkout@v7	2026-09-19T01:13:45.4892117Z [command]/usr/bin/git submodule foreach --recursive sh -c "git config --local --name-only --get-regexp 'http\.https\:\/\/github\.com\/\.extraheader' && git config --local --unset-all 'http.https://github.com/.extraheader' || :"
imagen API · migrate deploy + readiness (ASR-09)	Post Run actions/checkout@v7	2026-09-19T01:13:45.5096475Z Removing includeIf entries pointing to credentials config files
imagen API · migrate deploy + readiness (ASR-09)	Post Run actions/checkout@v7	2026-09-19T01:13:45.5102309Z [command]/usr/bin/git config --local --name-only --get-regexp ^includeIf\.gitdir:
imagen API · migrate deploy + readiness (ASR-09)	Post Run actions/checkout@v7	2026-09-19T01:13:45.5130496Z includeif.gitdir:/home/runner/work/be/be/.git.path
imagen API · migrate deploy + readiness (ASR-09)	Post Run actions/checkout@v7	2026-09-19T01:13:45.5131210Z includeif.gitdir:/home/runner/work/be/be/.git/worktrees/*.path
imagen API · migrate deploy + readiness (ASR-09)	Post Run actions/checkout@v7	2026-09-19T01:13:45.5131841Z includeif.gitdir:/github/workspace/.git.path
imagen API · migrate deploy + readiness (ASR-09)	Post Run actions/checkout@v7	2026-09-19T01:13:45.5132451Z includeif.gitdir:/github/workspace/.git/worktrees/*.path
imagen API · migrate deploy + readiness (ASR-09)	Post Run actions/checkout@v7	2026-09-19T01:13:45.5138863Z [command]/usr/bin/git config --local --get-all includeif.gitdir:/home/runner/work/be/be/.git.path
imagen API · migrate deploy + readiness (ASR-09)	Post Run actions/checkout@v7	2026-09-19T01:13:45.5160716Z /home/runner/work/_temp/git-credentials-92210723-f89a-478f-8ad2-111ff389a2c3.config
imagen API · migrate deploy + readiness (ASR-09)	Post Run actions/checkout@v7	2026-09-19T01:13:45.5171581Z [command]/usr/bin/git config --local --unset includeif.gitdir:/home/runner/work/be/be/.git.path \/home\/runner\/work\/_temp\/git\-credentials\-92210723\-f89a\-478f\-8ad2\-111ff389a2c3\.config
imagen API · migrate deploy + readiness (ASR-09)	Post Run actions/checkout@v7	2026-09-19T01:13:45.5204696Z [command]/usr/bin/git config --local --get-all includeif.gitdir:/home/runner/work/be/be/.git/worktrees/*.path
imagen API · migrate deploy + readiness (ASR-09)	Post Run actions/checkout@v7	2026-09-19T01:13:45.5229170Z /home/runner/work/_temp/git-credentials-92210723-f89a-478f-8ad2-111ff389a2c3.config
imagen API · migrate deploy + readiness (ASR-09)	Post Run actions/checkout@v7	2026-09-19T01:13:45.5237333Z [command]/usr/bin/git config --local --unset includeif.gitdir:/home/runner/work/be/be/.git/worktrees/*.path \/home\/runner\/work\/_temp\/git\-credentials\-92210723\-f89a\-478f\-8ad2\-111ff389a2c3\.config
imagen API · migrate deploy + readiness (ASR-09)	Post Run actions/checkout@v7	2026-09-19T01:13:45.5278712Z [command]/usr/bin/git config --local --get-all includeif.gitdir:/github/workspace/.git.path
imagen API · migrate deploy + readiness (ASR-09)	Post Run actions/checkout@v7	2026-09-19T01:13:45.5303324Z /github/runner_temp/git-credentials-92210723-f89a-478f-8ad2-111ff389a2c3.config
imagen API · migrate deploy + readiness (ASR-09)	Post Run actions/checkout@v7	2026-09-19T01:13:45.5308693Z [command]/usr/bin/git config --local --unset includeif.gitdir:/github/workspace/.git.path \/github\/runner_temp\/git\-credentials\-92210723\-f89a\-478f\-8ad2\-111ff389a2c3\.config
imagen API · migrate deploy + readiness (ASR-09)	Post Run actions/checkout@v7	2026-09-19T01:13:45.5338106Z [command]/usr/bin/git config --local --get-all includeif.gitdir:/github/workspace/.git/worktrees/*.path
imagen API · migrate deploy + readiness (ASR-09)	Post Run actions/checkout@v7	2026-09-19T01:13:45.5359773Z /github/runner_temp/git-credentials-92210723-f89a-478f-8ad2-111ff389a2c3.config
imagen API · migrate deploy + readiness (ASR-09)	Post Run actions/checkout@v7	2026-09-19T01:13:45.5366482Z [command]/usr/bin/git config --local --unset includeif.gitdir:/github/workspace/.git/worktrees/*.path \/github\/runner_temp\/git\-credentials\-92210723\-f89a\-478f\-8ad2\-111ff389a2c3\.config
imagen API · migrate deploy + readiness (ASR-09)	Post Run actions/checkout@v7	2026-09-19T01:13:45.5398194Z [command]/usr/bin/git submodule foreach --recursive git config --local --show-origin --name-only --get-regexp remote.origin.url
imagen API · migrate deploy + readiness (ASR-09)	Post Run actions/checkout@v7	2026-09-19T01:13:45.5585125Z Removing credentials config '/home/runner/work/_temp/git-credentials-92210723-f89a-478f-8ad2-111ff389a2c3.config'
imagen API · migrate deploy + readiness (ASR-09)	Complete job	﻿2026-09-19T01:13:45.5711615Z Cleaning up orphan processes
legajo · hashes SHA-256	Set up job	﻿2026-09-19T01:12:55.7336402Z Current runner version: '2.337.0'
legajo · hashes SHA-256	Set up job	2026-09-19T01:12:55.7375184Z ##[group]Runner Image Provisioner
legajo · hashes SHA-256	Set up job	2026-09-19T01:12:55.7376580Z Hosted Compute Agent
legajo · hashes SHA-256	Set up job	2026-09-19T01:12:55.7377814Z Version: 20260828.587
legajo · hashes SHA-256	Set up job	2026-09-19T01:12:55.7378986Z Commit: abac92662cab4cc7352de4f9f9d2e2419aad9c29
legajo · hashes SHA-256	Set up job	2026-09-19T01:12:55.7380500Z Build Date: 2026-08-28T16:44:25Z
legajo · hashes SHA-256	Set up job	2026-09-19T01:12:55.7382010Z Worker ID: {4e292170-e2b8-4e67-9666-19179f52d72d}
legajo · hashes SHA-256	Set up job	2026-09-19T01:12:55.7383378Z Azure Region: eastus2
legajo · hashes SHA-256	Set up job	2026-09-19T01:12:55.7384682Z ##[endgroup]
legajo · hashes SHA-256	Set up job	2026-09-19T01:12:55.7387513Z ##[group]Operating System
legajo · hashes SHA-256	Set up job	2026-09-19T01:12:55.7388790Z Ubuntu
legajo · hashes SHA-256	Set up job	2026-09-19T01:12:55.7389758Z 24.04.5
legajo · hashes SHA-256	Set up job	2026-09-19T01:12:55.7390818Z LTS
legajo · hashes SHA-256	Set up job	2026-09-19T01:12:55.7391966Z ##[endgroup]
legajo · hashes SHA-256	Set up job	2026-09-19T01:12:55.7392914Z ##[group]Runner Image
legajo · hashes SHA-256	Set up job	2026-09-19T01:12:55.7394067Z Image: ubuntu-24.04
legajo · hashes SHA-256	Set up job	2026-09-19T01:12:55.7395034Z Version: 20260907.300.1
legajo · hashes SHA-256	Set up job	2026-09-19T01:12:55.7397090Z Included Software: https://github.com/actions/runner-images/blob/ubuntu24/20260907.300/images/ubuntu/Ubuntu2404-Readme.md
legajo · hashes SHA-256	Set up job	2026-09-19T01:12:55.7400527Z Image Release: https://github.com/actions/runner-images/releases/tag/ubuntu24%2F20260907.300
legajo · hashes SHA-256	Set up job	2026-09-19T01:12:55.7402709Z ##[endgroup]
legajo · hashes SHA-256	Set up job	2026-09-19T01:12:55.7404938Z ##[group]GITHUB_TOKEN Permissions
legajo · hashes SHA-256	Set up job	2026-09-19T01:12:55.7408018Z Contents: read
legajo · hashes SHA-256	Set up job	2026-09-19T01:12:55.7409205Z Metadata: read
legajo · hashes SHA-256	Set up job	2026-09-19T01:12:55.7410192Z ##[endgroup]
legajo · hashes SHA-256	Set up job	2026-09-19T01:12:55.7413671Z Secret source: Actions
legajo · hashes SHA-256	Set up job	2026-09-19T01:12:55.7415428Z Cache mode: write
legajo · hashes SHA-256	Set up job	2026-09-19T01:12:55.7416877Z Prepare workflow directory
legajo · hashes SHA-256	Set up job	2026-09-19T01:12:55.7917651Z Prepare all required actions
legajo · hashes SHA-256	Set up job	2026-09-19T01:12:55.7994060Z Getting action download info
legajo · hashes SHA-256	Set up job	2026-09-19T01:12:55.9784130Z Download action repository 'actions/checkout@v7' (SHA:3d3c42e5aac5ba805825da76410c181273ba90b1)
legajo · hashes SHA-256	Set up job	2026-09-19T01:12:56.1713726Z Complete job name: legajo · hashes SHA-256
legajo · hashes SHA-256	Run actions/checkout@v7	﻿2026-09-19T01:12:56.2709265Z ##[group]Run actions/checkout@v7
legajo · hashes SHA-256	Run actions/checkout@v7	2026-09-19T01:12:56.2710213Z with:
legajo · hashes SHA-256	Run actions/checkout@v7	2026-09-19T01:12:56.2710680Z   repository: Elian-Bufi/be
legajo · hashes SHA-256	Run actions/checkout@v7	2026-09-19T01:12:56.2715158Z   token: ***
legajo · hashes SHA-256	Run actions/checkout@v7	2026-09-19T01:12:56.2715692Z   ssh-strict: true
legajo · hashes SHA-256	Run actions/checkout@v7	2026-09-19T01:12:56.2716153Z   ssh-user: git
legajo · hashes SHA-256	Run actions/checkout@v7	2026-09-19T01:12:56.2716626Z   persist-credentials: true
legajo · hashes SHA-256	Run actions/checkout@v7	2026-09-19T01:12:56.2717146Z   clean: true
legajo · hashes SHA-256	Run actions/checkout@v7	2026-09-19T01:12:56.2717637Z   sparse-checkout-cone-mode: true
legajo · hashes SHA-256	Run actions/checkout@v7	2026-09-19T01:12:56.2718188Z   fetch-depth: 1
legajo · hashes SHA-256	Run actions/checkout@v7	2026-09-19T01:12:56.2718769Z   fetch-tags: false
legajo · hashes SHA-256	Run actions/checkout@v7	2026-09-19T01:12:56.2719231Z   show-progress: true
legajo · hashes SHA-256	Run actions/checkout@v7	2026-09-19T01:12:56.2719713Z   lfs: false
legajo · hashes SHA-256	Run actions/checkout@v7	2026-09-19T01:12:56.2720593Z   submodules: false
legajo · hashes SHA-256	Run actions/checkout@v7	2026-09-19T01:12:56.2721103Z   set-safe-directory: true
legajo · hashes SHA-256	Run actions/checkout@v7	2026-09-19T01:12:56.2722088Z   allow-unsafe-pr-checkout: false
legajo · hashes SHA-256	Run actions/checkout@v7	2026-09-19T01:12:56.2723151Z ##[endgroup]
legajo · hashes SHA-256	Run actions/checkout@v7	2026-09-19T01:12:56.3751184Z Syncing repository: Elian-Bufi/be
legajo · hashes SHA-256	Run actions/checkout@v7	2026-09-19T01:12:56.3754379Z ##[group]Getting Git version info
legajo · hashes SHA-256	Run actions/checkout@v7	2026-09-19T01:12:56.3755466Z Working directory is '/home/runner/work/be/be'
legajo · hashes SHA-256	Run actions/checkout@v7	2026-09-19T01:12:56.3757231Z [command]/usr/bin/git version
legajo · hashes SHA-256	Run actions/checkout@v7	2026-09-19T01:12:56.3865722Z git version 2.55.0
legajo · hashes SHA-256	Run actions/checkout@v7	2026-09-19T01:12:56.3899454Z ##[endgroup]
legajo · hashes SHA-256	Run actions/checkout@v7	2026-09-19T01:12:56.3907293Z Temporarily overriding HOME='/home/runner/work/_temp/074ac615-2824-4e32-8fbb-056ee008907d' before making global git config changes
legajo · hashes SHA-256	Run actions/checkout@v7	2026-09-19T01:12:56.3909412Z Adding repository directory to the temporary git global config as a safe directory
legajo · hashes SHA-256	Run actions/checkout@v7	2026-09-19T01:12:56.3912438Z [command]/usr/bin/git config --global --add safe.directory /home/runner/work/be/be
legajo · hashes SHA-256	Run actions/checkout@v7	2026-09-19T01:12:56.3966408Z Deleting the contents of '/home/runner/work/be/be'
legajo · hashes SHA-256	Run actions/checkout@v7	2026-09-19T01:12:56.3969642Z ##[group]Determining repository object format
legajo · hashes SHA-256	Run actions/checkout@v7	2026-09-19T01:12:56.3971868Z ##[endgroup]
legajo · hashes SHA-256	Run actions/checkout@v7	2026-09-19T01:12:56.3973181Z ##[group]Initializing the repository
legajo · hashes SHA-256	Run actions/checkout@v7	2026-09-19T01:12:56.3976900Z [command]/usr/bin/git init /home/runner/work/be/be
legajo · hashes SHA-256	Run actions/checkout@v7	2026-09-19T01:12:56.4090126Z hint: Using 'master' as the name for the initial branch. This default branch name
legajo · hashes SHA-256	Run actions/checkout@v7	2026-09-19T01:12:56.4093846Z hint: will change to "main" in Git 3.0. To configure the initial branch name
legajo · hashes SHA-256	Run actions/checkout@v7	2026-09-19T01:12:56.4095324Z hint: to use in all of your new repositories, which will suppress this warning,
legajo · hashes SHA-256	Run actions/checkout@v7	2026-09-19T01:12:56.4096459Z hint: call:
legajo · hashes SHA-256	Run actions/checkout@v7	2026-09-19T01:12:56.4096932Z hint:
legajo · hashes SHA-256	Run actions/checkout@v7	2026-09-19T01:12:56.4097505Z hint: 	git config --global init.defaultBranch <name>
legajo · hashes SHA-256	Run actions/checkout@v7	2026-09-19T01:12:56.4098186Z hint:
legajo · hashes SHA-256	Run actions/checkout@v7	2026-09-19T01:12:56.4098825Z hint: Names commonly chosen instead of 'master' are 'main', 'trunk' and
legajo · hashes SHA-256	Run actions/checkout@v7	2026-09-19T01:12:56.4099822Z hint: 'development'. The just-created branch can be renamed via this command:
legajo · hashes SHA-256	Run actions/checkout@v7	2026-09-19T01:12:56.4100626Z hint:
legajo · hashes SHA-256	Run actions/checkout@v7	2026-09-19T01:12:56.4101212Z hint: 	git branch -m <name>
legajo · hashes SHA-256	Run actions/checkout@v7	2026-09-19T01:12:56.4102059Z hint:
legajo · hashes SHA-256	Run actions/checkout@v7	2026-09-19T01:12:56.4102771Z hint: Disable this message with "git config set advice.defaultBranchName false"
legajo · hashes SHA-256	Run actions/checkout@v7	2026-09-19T01:12:56.4104240Z Initialized empty Git repository in /home/runner/work/be/be/.git/
legajo · hashes SHA-256	Run actions/checkout@v7	2026-09-19T01:12:56.4107983Z [command]/usr/bin/git remote add origin https://github.com/Elian-Bufi/be
legajo · hashes SHA-256	Run actions/checkout@v7	2026-09-19T01:12:56.4161909Z ##[endgroup]
legajo · hashes SHA-256	Run actions/checkout@v7	2026-09-19T01:12:56.4163301Z ##[group]Disabling automatic garbage collection
legajo · hashes SHA-256	Run actions/checkout@v7	2026-09-19T01:12:56.4168671Z [command]/usr/bin/git config --local gc.auto 0
legajo · hashes SHA-256	Run actions/checkout@v7	2026-09-19T01:12:56.4204400Z ##[endgroup]
legajo · hashes SHA-256	Run actions/checkout@v7	2026-09-19T01:12:56.4205403Z ##[group]Setting up auth
legajo · hashes SHA-256	Run actions/checkout@v7	2026-09-19T01:12:56.4206285Z Removing SSH command configuration
legajo · hashes SHA-256	Run actions/checkout@v7	2026-09-19T01:12:56.4212392Z [command]/usr/bin/git config --local --name-only --get-regexp core\.sshCommand
legajo · hashes SHA-256	Run actions/checkout@v7	2026-09-19T01:12:56.4248766Z [command]/usr/bin/git submodule foreach --recursive sh -c "git config --local --name-only --get-regexp 'core\.sshCommand' && git config --local --unset-all 'core.sshCommand' || :"
legajo · hashes SHA-256	Run actions/checkout@v7	2026-09-19T01:12:56.4647542Z Removing HTTP extra header
legajo · hashes SHA-256	Run actions/checkout@v7	2026-09-19T01:12:56.4654638Z [command]/usr/bin/git config --local --name-only --get-regexp http\.https\:\/\/github\.com\/\.extraheader
legajo · hashes SHA-256	Run actions/checkout@v7	2026-09-19T01:12:56.4693708Z [command]/usr/bin/git submodule foreach --recursive sh -c "git config --local --name-only --get-regexp 'http\.https\:\/\/github\.com\/\.extraheader' && git config --local --unset-all 'http.https://github.com/.extraheader' || :"
legajo · hashes SHA-256	Run actions/checkout@v7	2026-09-19T01:12:56.4925254Z Removing includeIf entries pointing to credentials config files
legajo · hashes SHA-256	Run actions/checkout@v7	2026-09-19T01:12:56.4930994Z [command]/usr/bin/git config --local --name-only --get-regexp ^includeIf\.gitdir:
legajo · hashes SHA-256	Run actions/checkout@v7	2026-09-19T01:12:56.4968881Z [command]/usr/bin/git submodule foreach --recursive git config --local --show-origin --name-only --get-regexp remote.origin.url
legajo · hashes SHA-256	Run actions/checkout@v7	2026-09-19T01:12:56.5200497Z [command]/usr/bin/git config --file /home/runner/work/_temp/git-credentials-96eae506-e8e2-49bc-8dbc-d382a5c57efc.config http.https://github.com/.extraheader AUTHORIZATION: basic ***
legajo · hashes SHA-256	Run actions/checkout@v7	2026-09-19T01:12:56.5244208Z [command]/usr/bin/git config --local includeIf.gitdir:/home/runner/work/be/be/.git.path /home/runner/work/_temp/git-credentials-96eae506-e8e2-49bc-8dbc-d382a5c57efc.config
legajo · hashes SHA-256	Run actions/checkout@v7	2026-09-19T01:12:56.5277901Z [command]/usr/bin/git config --local includeIf.gitdir:/home/runner/work/be/be/.git/worktrees/*.path /home/runner/work/_temp/git-credentials-96eae506-e8e2-49bc-8dbc-d382a5c57efc.config
legajo · hashes SHA-256	Run actions/checkout@v7	2026-09-19T01:12:56.5315024Z [command]/usr/bin/git config --local includeIf.gitdir:/github/workspace/.git.path /github/runner_temp/git-credentials-96eae506-e8e2-49bc-8dbc-d382a5c57efc.config
legajo · hashes SHA-256	Run actions/checkout@v7	2026-09-19T01:12:56.5351922Z [command]/usr/bin/git config --local includeIf.gitdir:/github/workspace/.git/worktrees/*.path /github/runner_temp/git-credentials-96eae506-e8e2-49bc-8dbc-d382a5c57efc.config
legajo · hashes SHA-256	Run actions/checkout@v7	2026-09-19T01:12:56.5384164Z ##[endgroup]
legajo · hashes SHA-256	Run actions/checkout@v7	2026-09-19T01:12:56.5385666Z ##[group]Fetching the repository
legajo · hashes SHA-256	Run actions/checkout@v7	2026-09-19T01:12:56.5392939Z [command]/usr/bin/git -c protocol.version=2 fetch --no-tags --prune --no-recurse-submodules --depth=1 origin +8256951ce875c3ecf1a0d57e8a60f68feee5deaa:refs/remotes/origin/main
legajo · hashes SHA-256	Run actions/checkout@v7	2026-09-19T01:12:57.4656093Z From https://github.com/Elian-Bufi/be
legajo · hashes SHA-256	Run actions/checkout@v7	2026-09-19T01:12:57.4657840Z  * [new ref]         8256951ce875c3ecf1a0d57e8a60f68feee5deaa -> origin/main
legajo · hashes SHA-256	Run actions/checkout@v7	2026-09-19T01:12:57.4665205Z [command]/usr/bin/git branch --list --remote origin/main
legajo · hashes SHA-256	Run actions/checkout@v7	2026-09-19T01:12:57.4695412Z   origin/main
legajo · hashes SHA-256	Run actions/checkout@v7	2026-09-19T01:12:57.4704661Z [command]/usr/bin/git rev-parse refs/remotes/origin/main
legajo · hashes SHA-256	Run actions/checkout@v7	2026-09-19T01:12:57.4733589Z 8256951ce875c3ecf1a0d57e8a60f68feee5deaa
legajo · hashes SHA-256	Run actions/checkout@v7	2026-09-19T01:12:57.4739392Z ##[endgroup]
legajo · hashes SHA-256	Run actions/checkout@v7	2026-09-19T01:12:57.4741094Z ##[group]Determining the checkout info
legajo · hashes SHA-256	Run actions/checkout@v7	2026-09-19T01:12:57.4743433Z ##[endgroup]
legajo · hashes SHA-256	Run actions/checkout@v7	2026-09-19T01:12:57.4744875Z [command]/usr/bin/git sparse-checkout disable
legajo · hashes SHA-256	Run actions/checkout@v7	2026-09-19T01:12:57.4800290Z [command]/usr/bin/git config --local --unset-all extensions.worktreeConfig
legajo · hashes SHA-256	Run actions/checkout@v7	2026-09-19T01:12:57.4837924Z ##[group]Checking out the ref
legajo · hashes SHA-256	Run actions/checkout@v7	2026-09-19T01:12:57.4839527Z [command]/usr/bin/git checkout --progress --force -B main refs/remotes/origin/main
legajo · hashes SHA-256	Run actions/checkout@v7	2026-09-19T01:12:57.5585230Z Switched to a new branch 'main'
legajo · hashes SHA-256	Run actions/checkout@v7	2026-09-19T01:12:57.5588512Z branch 'main' set up to track 'origin/main'.
legajo · hashes SHA-256	Run actions/checkout@v7	2026-09-19T01:12:57.5601821Z ##[endgroup]
legajo · hashes SHA-256	Run actions/checkout@v7	2026-09-19T01:12:57.5649364Z [command]/usr/bin/git log -1 --format=%H
legajo · hashes SHA-256	Run actions/checkout@v7	2026-09-19T01:12:57.5680920Z 8256951ce875c3ecf1a0d57e8a60f68feee5deaa
legajo · hashes SHA-256	Verificar docs/MANIFEST.sha256 (salvo lo no publicado por Dirección)	﻿2026-09-19T01:12:57.5950941Z ##[group]Run bash scripts/verificar-legajo.sh
legajo · hashes SHA-256	Verificar docs/MANIFEST.sha256 (salvo lo no publicado por Dirección)	2026-09-19T01:12:57.5952882Z ^[[36;1mbash scripts/verificar-legajo.sh^[[0m
legajo · hashes SHA-256	Verificar docs/MANIFEST.sha256 (salvo lo no publicado por Dirección)	2026-09-19T01:12:57.5995566Z shell: /usr/bin/bash -e {0}
legajo · hashes SHA-256	Verificar docs/MANIFEST.sha256 (salvo lo no publicado por Dirección)	2026-09-19T01:12:57.5996885Z ##[endgroup]
legajo · hashes SHA-256	Verificar docs/MANIFEST.sha256 (salvo lo no publicado por Dirección)	2026-09-19T01:12:57.6369607Z legajo íntegro - 207 de 208 entradas verificadas byte a byte; 1 no publicada(s) por decisión de Dirección
legajo · hashes SHA-256	Post Run actions/checkout@v7	﻿2026-09-19T01:12:57.6703643Z Post job cleanup.
legajo · hashes SHA-256	Post Run actions/checkout@v7	2026-09-19T01:12:57.7609797Z [command]/usr/bin/git version
legajo · hashes SHA-256	Post Run actions/checkout@v7	2026-09-19T01:12:57.7653745Z git version 2.55.0
legajo · hashes SHA-256	Post Run actions/checkout@v7	2026-09-19T01:12:57.7693114Z Temporarily overriding HOME='/home/runner/work/_temp/ebfe285b-a022-4727-ab15-75f81e850862' before making global git config changes
legajo · hashes SHA-256	Post Run actions/checkout@v7	2026-09-19T01:12:57.7698554Z Adding repository directory to the temporary git global config as a safe directory
legajo · hashes SHA-256	Post Run actions/checkout@v7	2026-09-19T01:12:57.7702798Z [command]/usr/bin/git config --global --add safe.directory /home/runner/work/be/be
legajo · hashes SHA-256	Post Run actions/checkout@v7	2026-09-19T01:12:57.7735749Z Removing SSH command configuration
legajo · hashes SHA-256	Post Run actions/checkout@v7	2026-09-19T01:12:57.7741445Z [command]/usr/bin/git config --local --name-only --get-regexp core\.sshCommand
legajo · hashes SHA-256	Post Run actions/checkout@v7	2026-09-19T01:12:57.7780888Z [command]/usr/bin/git submodule foreach --recursive sh -c "git config --local --name-only --get-regexp 'core\.sshCommand' && git config --local --unset-all 'core.sshCommand' || :"
legajo · hashes SHA-256	Post Run actions/checkout@v7	2026-09-19T01:12:57.8048922Z Removing HTTP extra header
legajo · hashes SHA-256	Post Run actions/checkout@v7	2026-09-19T01:12:57.8058216Z [command]/usr/bin/git config --local --name-only --get-regexp http\.https\:\/\/github\.com\/\.extraheader
legajo · hashes SHA-256	Post Run actions/checkout@v7	2026-09-19T01:12:57.8091479Z [command]/usr/bin/git submodule foreach --recursive sh -c "git config --local --name-only --get-regexp 'http\.https\:\/\/github\.com\/\.extraheader' && git config --local --unset-all 'http.https://github.com/.extraheader' || :"
legajo · hashes SHA-256	Post Run actions/checkout@v7	2026-09-19T01:12:57.8357895Z Removing includeIf entries pointing to credentials config files
legajo · hashes SHA-256	Post Run actions/checkout@v7	2026-09-19T01:12:57.8361257Z [command]/usr/bin/git config --local --name-only --get-regexp ^includeIf\.gitdir:
legajo · hashes SHA-256	Post Run actions/checkout@v7	2026-09-19T01:12:57.8396960Z includeif.gitdir:/home/runner/work/be/be/.git.path
legajo · hashes SHA-256	Post Run actions/checkout@v7	2026-09-19T01:12:57.8419455Z includeif.gitdir:/home/runner/work/be/be/.git/worktrees/*.path
legajo · hashes SHA-256	Post Run actions/checkout@v7	2026-09-19T01:12:57.8422516Z includeif.gitdir:/github/workspace/.git.path
legajo · hashes SHA-256	Post Run actions/checkout@v7	2026-09-19T01:12:57.8425031Z includeif.gitdir:/github/workspace/.git/worktrees/*.path
legajo · hashes SHA-256	Post Run actions/checkout@v7	2026-09-19T01:12:57.8430674Z [command]/usr/bin/git config --local --get-all includeif.gitdir:/home/runner/work/be/be/.git.path
legajo · hashes SHA-256	Post Run actions/checkout@v7	2026-09-19T01:12:57.8439844Z /home/runner/work/_temp/git-credentials-96eae506-e8e2-49bc-8dbc-d382a5c57efc.config
legajo · hashes SHA-256	Post Run actions/checkout@v7	2026-09-19T01:12:57.8459885Z [command]/usr/bin/git config --local --unset includeif.gitdir:/home/runner/work/be/be/.git.path \/home\/runner\/work\/_temp\/git\-credentials\-96eae506\-e8e2\-49bc\-8dbc\-d382a5c57efc\.config
legajo · hashes SHA-256	Post Run actions/checkout@v7	2026-09-19T01:12:57.8506653Z [command]/usr/bin/git config --local --get-all includeif.gitdir:/home/runner/work/be/be/.git/worktrees/*.path
legajo · hashes SHA-256	Post Run actions/checkout@v7	2026-09-19T01:12:57.8546637Z /home/runner/work/_temp/git-credentials-96eae506-e8e2-49bc-8dbc-d382a5c57efc.config
legajo · hashes SHA-256	Post Run actions/checkout@v7	2026-09-19T01:12:57.8562614Z [command]/usr/bin/git config --local --unset includeif.gitdir:/home/runner/work/be/be/.git/worktrees/*.path \/home\/runner\/work\/_temp\/git\-credentials\-96eae506\-e8e2\-49bc\-8dbc\-d382a5c57efc\.config
legajo · hashes SHA-256	Post Run actions/checkout@v7	2026-09-19T01:12:57.8693149Z [command]/usr/bin/git config --local --get-all includeif.gitdir:/github/workspace/.git.path
legajo · hashes SHA-256	Post Run actions/checkout@v7	2026-09-19T01:12:57.8697868Z /github/runner_temp/git-credentials-96eae506-e8e2-49bc-8dbc-d382a5c57efc.config
legajo · hashes SHA-256	Post Run actions/checkout@v7	2026-09-19T01:12:57.8708473Z [command]/usr/bin/git config --local --unset includeif.gitdir:/github/workspace/.git.path \/github\/runner_temp\/git\-credentials\-96eae506\-e8e2\-49bc\-8dbc\-d382a5c57efc\.config
legajo · hashes SHA-256	Post Run actions/checkout@v7	2026-09-19T01:12:57.8715607Z [command]/usr/bin/git config --local --get-all includeif.gitdir:/github/workspace/.git/worktrees/*.path
legajo · hashes SHA-256	Post Run actions/checkout@v7	2026-09-19T01:12:57.8729827Z /github/runner_temp/git-credentials-96eae506-e8e2-49bc-8dbc-d382a5c57efc.config
legajo · hashes SHA-256	Post Run actions/checkout@v7	2026-09-19T01:12:57.8739992Z [command]/usr/bin/git config --local --unset includeif.gitdir:/github/workspace/.git/worktrees/*.path \/github\/runner_temp\/git\-credentials\-96eae506\-e8e2\-49bc\-8dbc\-d382a5c57efc\.config
legajo · hashes SHA-256	Post Run actions/checkout@v7	2026-09-19T01:12:57.8779140Z [command]/usr/bin/git submodule foreach --recursive git config --local --show-origin --name-only --get-regexp remote.origin.url
legajo · hashes SHA-256	Post Run actions/checkout@v7	2026-09-19T01:12:57.9002614Z Removing credentials config '/home/runner/work/_temp/git-credentials-96eae506-e8e2-49bc-8dbc-d382a5c57efc.config'
legajo · hashes SHA-256	Complete job	﻿2026-09-19T01:12:57.9166479Z Cleaning up orphan processes
