imagen API · migrate deploy + readiness (ASR-09)	Set up job	﻿2026-09-19T01:25:41.4095393Z Current runner version: '2.337.0'
imagen API · migrate deploy + readiness (ASR-09)	Set up job	2026-09-19T01:25:41.4122072Z ##[group]Runner Image Provisioner
imagen API · migrate deploy + readiness (ASR-09)	Set up job	2026-09-19T01:25:41.4123009Z Hosted Compute Agent
imagen API · migrate deploy + readiness (ASR-09)	Set up job	2026-09-19T01:25:41.4123658Z Version: 20260828.587
imagen API · migrate deploy + readiness (ASR-09)	Set up job	2026-09-19T01:25:41.4124317Z Commit: abac92662cab4cc7352de4f9f9d2e2419aad9c29
imagen API · migrate deploy + readiness (ASR-09)	Set up job	2026-09-19T01:25:41.4125056Z Build Date: 2026-08-28T16:44:25Z
imagen API · migrate deploy + readiness (ASR-09)	Set up job	2026-09-19T01:25:41.4125867Z Worker ID: {aa137102-fc3e-420e-be15-615b3ff994fe}
imagen API · migrate deploy + readiness (ASR-09)	Set up job	2026-09-19T01:25:41.4126601Z Azure Region: westcentralus
imagen API · migrate deploy + readiness (ASR-09)	Set up job	2026-09-19T01:25:41.4127186Z ##[endgroup]
imagen API · migrate deploy + readiness (ASR-09)	Set up job	2026-09-19T01:25:41.4129129Z ##[group]Operating System
imagen API · migrate deploy + readiness (ASR-09)	Set up job	2026-09-19T01:25:41.4129806Z Ubuntu
imagen API · migrate deploy + readiness (ASR-09)	Set up job	2026-09-19T01:25:41.4130447Z 24.04.5
imagen API · migrate deploy + readiness (ASR-09)	Set up job	2026-09-19T01:25:41.4131020Z LTS
imagen API · migrate deploy + readiness (ASR-09)	Set up job	2026-09-19T01:25:41.4131518Z ##[endgroup]
imagen API · migrate deploy + readiness (ASR-09)	Set up job	2026-09-19T01:25:41.4132199Z ##[group]Runner Image
imagen API · migrate deploy + readiness (ASR-09)	Set up job	2026-09-19T01:25:41.4132809Z Image: ubuntu-24.04
imagen API · migrate deploy + readiness (ASR-09)	Set up job	2026-09-19T01:25:41.4133445Z Version: 20260907.300.1
imagen API · migrate deploy + readiness (ASR-09)	Set up job	2026-09-19T01:25:41.4134544Z Included Software: https://github.com/actions/runner-images/blob/ubuntu24/20260907.300/images/ubuntu/Ubuntu2404-Readme.md
imagen API · migrate deploy + readiness (ASR-09)	Set up job	2026-09-19T01:25:41.4136759Z Image Release: https://github.com/actions/runner-images/releases/tag/ubuntu24%2F20260907.300
imagen API · migrate deploy + readiness (ASR-09)	Set up job	2026-09-19T01:25:41.4137820Z ##[endgroup]
imagen API · migrate deploy + readiness (ASR-09)	Set up job	2026-09-19T01:25:41.4139544Z ##[group]GITHUB_TOKEN Permissions
imagen API · migrate deploy + readiness (ASR-09)	Set up job	2026-09-19T01:25:41.4141888Z Contents: read
imagen API · migrate deploy + readiness (ASR-09)	Set up job	2026-09-19T01:25:41.4142617Z Metadata: read
imagen API · migrate deploy + readiness (ASR-09)	Set up job	2026-09-19T01:25:41.4143201Z ##[endgroup]
imagen API · migrate deploy + readiness (ASR-09)	Set up job	2026-09-19T01:25:41.4145473Z Secret source: Actions
imagen API · migrate deploy + readiness (ASR-09)	Set up job	2026-09-19T01:25:41.4146607Z Cache mode: write
imagen API · migrate deploy + readiness (ASR-09)	Set up job	2026-09-19T01:25:41.4147306Z Prepare workflow directory
imagen API · migrate deploy + readiness (ASR-09)	Set up job	2026-09-19T01:25:41.4552741Z Prepare all required actions
imagen API · migrate deploy + readiness (ASR-09)	Set up job	2026-09-19T01:25:41.4601868Z Getting action download info
imagen API · migrate deploy + readiness (ASR-09)	Set up job	2026-09-19T01:25:41.7680254Z Download action repository 'actions/checkout@v7' (SHA:3d3c42e5aac5ba805825da76410c181273ba90b1)
imagen API · migrate deploy + readiness (ASR-09)	Set up job	2026-09-19T01:25:42.0079970Z Complete job name: imagen API · migrate deploy + readiness (ASR-09)
imagen API · migrate deploy + readiness (ASR-09)	Run actions/checkout@v7	﻿2026-09-19T01:25:42.1006848Z ##[group]Run actions/checkout@v7
imagen API · migrate deploy + readiness (ASR-09)	Run actions/checkout@v7	2026-09-19T01:25:42.1007747Z with:
imagen API · migrate deploy + readiness (ASR-09)	Run actions/checkout@v7	2026-09-19T01:25:42.1008209Z   repository: Elian-Bufi/be
imagen API · migrate deploy + readiness (ASR-09)	Run actions/checkout@v7	2026-09-19T01:25:42.1012315Z   token: ***
imagen API · migrate deploy + readiness (ASR-09)	Run actions/checkout@v7	2026-09-19T01:25:42.1012765Z   ssh-strict: true
imagen API · migrate deploy + readiness (ASR-09)	Run actions/checkout@v7	2026-09-19T01:25:42.1013223Z   ssh-user: git
imagen API · migrate deploy + readiness (ASR-09)	Run actions/checkout@v7	2026-09-19T01:25:42.1013671Z   persist-credentials: true
imagen API · migrate deploy + readiness (ASR-09)	Run actions/checkout@v7	2026-09-19T01:25:42.1014166Z   clean: true
imagen API · migrate deploy + readiness (ASR-09)	Run actions/checkout@v7	2026-09-19T01:25:42.1014621Z   sparse-checkout-cone-mode: true
imagen API · migrate deploy + readiness (ASR-09)	Run actions/checkout@v7	2026-09-19T01:25:42.1015142Z   fetch-depth: 1
imagen API · migrate deploy + readiness (ASR-09)	Run actions/checkout@v7	2026-09-19T01:25:42.1015573Z   fetch-tags: false
imagen API · migrate deploy + readiness (ASR-09)	Run actions/checkout@v7	2026-09-19T01:25:42.1016025Z   show-progress: true
imagen API · migrate deploy + readiness (ASR-09)	Run actions/checkout@v7	2026-09-19T01:25:42.1016471Z   lfs: false
imagen API · migrate deploy + readiness (ASR-09)	Run actions/checkout@v7	2026-09-19T01:25:42.1016883Z   submodules: false
imagen API · migrate deploy + readiness (ASR-09)	Run actions/checkout@v7	2026-09-19T01:25:42.1017343Z   set-safe-directory: true
imagen API · migrate deploy + readiness (ASR-09)	Run actions/checkout@v7	2026-09-19T01:25:42.1017895Z   allow-unsafe-pr-checkout: false
imagen API · migrate deploy + readiness (ASR-09)	Run actions/checkout@v7	2026-09-19T01:25:42.1019080Z ##[endgroup]
imagen API · migrate deploy + readiness (ASR-09)	Run actions/checkout@v7	2026-09-19T01:25:42.2115962Z Syncing repository: Elian-Bufi/be
imagen API · migrate deploy + readiness (ASR-09)	Run actions/checkout@v7	2026-09-19T01:25:42.2118087Z ##[group]Getting Git version info
imagen API · migrate deploy + readiness (ASR-09)	Run actions/checkout@v7	2026-09-19T01:25:42.2119329Z Working directory is '/home/runner/work/be/be'
imagen API · migrate deploy + readiness (ASR-09)	Run actions/checkout@v7	2026-09-19T01:25:42.2120456Z [command]/usr/bin/git version
imagen API · migrate deploy + readiness (ASR-09)	Run actions/checkout@v7	2026-09-19T01:25:42.2178184Z git version 2.55.0
imagen API · migrate deploy + readiness (ASR-09)	Run actions/checkout@v7	2026-09-19T01:25:42.2203425Z ##[endgroup]
imagen API · migrate deploy + readiness (ASR-09)	Run actions/checkout@v7	2026-09-19T01:25:42.2216543Z Temporarily overriding HOME='/home/runner/work/_temp/e4ea9049-1c88-4e48-a9ab-97a549bae47c' before making global git config changes
imagen API · migrate deploy + readiness (ASR-09)	Run actions/checkout@v7	2026-09-19T01:25:42.2219249Z Adding repository directory to the temporary git global config as a safe directory
imagen API · migrate deploy + readiness (ASR-09)	Run actions/checkout@v7	2026-09-19T01:25:42.2224375Z [command]/usr/bin/git config --global --add safe.directory /home/runner/work/be/be
imagen API · migrate deploy + readiness (ASR-09)	Run actions/checkout@v7	2026-09-19T01:25:42.2280019Z Deleting the contents of '/home/runner/work/be/be'
imagen API · migrate deploy + readiness (ASR-09)	Run actions/checkout@v7	2026-09-19T01:25:42.2284437Z ##[group]Determining repository object format
imagen API · migrate deploy + readiness (ASR-09)	Run actions/checkout@v7	2026-09-19T01:25:42.2286196Z ##[endgroup]
imagen API · migrate deploy + readiness (ASR-09)	Run actions/checkout@v7	2026-09-19T01:25:42.2287568Z ##[group]Initializing the repository
imagen API · migrate deploy + readiness (ASR-09)	Run actions/checkout@v7	2026-09-19T01:25:42.2291531Z [command]/usr/bin/git init /home/runner/work/be/be
imagen API · migrate deploy + readiness (ASR-09)	Run actions/checkout@v7	2026-09-19T01:25:42.2418067Z hint: Using 'master' as the name for the initial branch. This default branch name
imagen API · migrate deploy + readiness (ASR-09)	Run actions/checkout@v7	2026-09-19T01:25:42.2433946Z hint: will change to "main" in Git 3.0. To configure the initial branch name
imagen API · migrate deploy + readiness (ASR-09)	Run actions/checkout@v7	2026-09-19T01:25:42.2436132Z hint: to use in all of your new repositories, which will suppress this warning,
imagen API · migrate deploy + readiness (ASR-09)	Run actions/checkout@v7	2026-09-19T01:25:42.2438044Z hint: call:
imagen API · migrate deploy + readiness (ASR-09)	Run actions/checkout@v7	2026-09-19T01:25:42.2439194Z hint:
imagen API · migrate deploy + readiness (ASR-09)	Run actions/checkout@v7	2026-09-19T01:25:42.2440381Z hint: 	git config --global init.defaultBranch <name>
imagen API · migrate deploy + readiness (ASR-09)	Run actions/checkout@v7	2026-09-19T01:25:42.2441614Z hint:
imagen API · migrate deploy + readiness (ASR-09)	Run actions/checkout@v7	2026-09-19T01:25:42.2442789Z hint: Names commonly chosen instead of 'master' are 'main', 'trunk' and
imagen API · migrate deploy + readiness (ASR-09)	Run actions/checkout@v7	2026-09-19T01:25:42.2444485Z hint: 'development'. The just-created branch can be renamed via this command:
imagen API · migrate deploy + readiness (ASR-09)	Run actions/checkout@v7	2026-09-19T01:25:42.2446046Z hint:
imagen API · migrate deploy + readiness (ASR-09)	Run actions/checkout@v7	2026-09-19T01:25:42.2446999Z hint: 	git branch -m <name>
imagen API · migrate deploy + readiness (ASR-09)	Run actions/checkout@v7	2026-09-19T01:25:42.2448004Z hint:
imagen API · migrate deploy + readiness (ASR-09)	Run actions/checkout@v7	2026-09-19T01:25:42.2449473Z hint: Disable this message with "git config set advice.defaultBranchName false"
imagen API · migrate deploy + readiness (ASR-09)	Run actions/checkout@v7	2026-09-19T01:25:42.2451680Z Initialized empty Git repository in /home/runner/work/be/be/.git/
imagen API · migrate deploy + readiness (ASR-09)	Run actions/checkout@v7	2026-09-19T01:25:42.2455132Z [command]/usr/bin/git remote add origin https://github.com/Elian-Bufi/be
imagen API · migrate deploy + readiness (ASR-09)	Run actions/checkout@v7	2026-09-19T01:25:42.2508750Z ##[endgroup]
imagen API · migrate deploy + readiness (ASR-09)	Run actions/checkout@v7	2026-09-19T01:25:42.2510360Z ##[group]Disabling automatic garbage collection
imagen API · migrate deploy + readiness (ASR-09)	Run actions/checkout@v7	2026-09-19T01:25:42.2514430Z [command]/usr/bin/git config --local gc.auto 0
imagen API · migrate deploy + readiness (ASR-09)	Run actions/checkout@v7	2026-09-19T01:25:42.2554814Z ##[endgroup]
imagen API · migrate deploy + readiness (ASR-09)	Run actions/checkout@v7	2026-09-19T01:25:42.2556877Z ##[group]Setting up auth
imagen API · migrate deploy + readiness (ASR-09)	Run actions/checkout@v7	2026-09-19T01:25:42.2558295Z Removing SSH command configuration
imagen API · migrate deploy + readiness (ASR-09)	Run actions/checkout@v7	2026-09-19T01:25:42.2562121Z [command]/usr/bin/git config --local --name-only --get-regexp core\.sshCommand
imagen API · migrate deploy + readiness (ASR-09)	Run actions/checkout@v7	2026-09-19T01:25:42.2600324Z [command]/usr/bin/git submodule foreach --recursive sh -c "git config --local --name-only --get-regexp 'core\.sshCommand' && git config --local --unset-all 'core.sshCommand' || :"
imagen API · migrate deploy + readiness (ASR-09)	Run actions/checkout@v7	2026-09-19T01:25:42.2982776Z Removing HTTP extra header
imagen API · migrate deploy + readiness (ASR-09)	Run actions/checkout@v7	2026-09-19T01:25:42.2990158Z [command]/usr/bin/git config --local --name-only --get-regexp http\.https\:\/\/github\.com\/\.extraheader
imagen API · migrate deploy + readiness (ASR-09)	Run actions/checkout@v7	2026-09-19T01:25:42.3034313Z [command]/usr/bin/git submodule foreach --recursive sh -c "git config --local --name-only --get-regexp 'http\.https\:\/\/github\.com\/\.extraheader' && git config --local --unset-all 'http.https://github.com/.extraheader' || :"
imagen API · migrate deploy + readiness (ASR-09)	Run actions/checkout@v7	2026-09-19T01:25:42.3261152Z Removing includeIf entries pointing to credentials config files
imagen API · migrate deploy + readiness (ASR-09)	Run actions/checkout@v7	2026-09-19T01:25:42.3266485Z [command]/usr/bin/git config --local --name-only --get-regexp ^includeIf\.gitdir:
imagen API · migrate deploy + readiness (ASR-09)	Run actions/checkout@v7	2026-09-19T01:25:42.3336261Z [command]/usr/bin/git submodule foreach --recursive git config --local --show-origin --name-only --get-regexp remote.origin.url
imagen API · migrate deploy + readiness (ASR-09)	Run actions/checkout@v7	2026-09-19T01:25:42.3571859Z [command]/usr/bin/git config --file /home/runner/work/_temp/git-credentials-24b096ef-d41c-4ca8-a2a9-df0898680f61.config http.https://github.com/.extraheader AUTHORIZATION: basic ***
imagen API · migrate deploy + readiness (ASR-09)	Run actions/checkout@v7	2026-09-19T01:25:42.3616320Z [command]/usr/bin/git config --local includeIf.gitdir:/home/runner/work/be/be/.git.path /home/runner/work/_temp/git-credentials-24b096ef-d41c-4ca8-a2a9-df0898680f61.config
imagen API · migrate deploy + readiness (ASR-09)	Run actions/checkout@v7	2026-09-19T01:25:42.3651539Z [command]/usr/bin/git config --local includeIf.gitdir:/home/runner/work/be/be/.git/worktrees/*.path /home/runner/work/_temp/git-credentials-24b096ef-d41c-4ca8-a2a9-df0898680f61.config
imagen API · migrate deploy + readiness (ASR-09)	Run actions/checkout@v7	2026-09-19T01:25:42.3691371Z [command]/usr/bin/git config --local includeIf.gitdir:/github/workspace/.git.path /github/runner_temp/git-credentials-24b096ef-d41c-4ca8-a2a9-df0898680f61.config
imagen API · migrate deploy + readiness (ASR-09)	Run actions/checkout@v7	2026-09-19T01:25:42.3729664Z [command]/usr/bin/git config --local includeIf.gitdir:/github/workspace/.git/worktrees/*.path /github/runner_temp/git-credentials-24b096ef-d41c-4ca8-a2a9-df0898680f61.config
imagen API · migrate deploy + readiness (ASR-09)	Run actions/checkout@v7	2026-09-19T01:25:42.3785377Z ##[endgroup]
imagen API · migrate deploy + readiness (ASR-09)	Run actions/checkout@v7	2026-09-19T01:25:42.3787036Z ##[group]Fetching the repository
imagen API · migrate deploy + readiness (ASR-09)	Run actions/checkout@v7	2026-09-19T01:25:42.3789921Z [command]/usr/bin/git -c protocol.version=2 fetch --no-tags --prune --no-recurse-submodules --depth=1 origin +c09bfa046ccbdc9bdab018fe9005b00e0f5e6819:refs/remotes/origin/main
imagen API · migrate deploy + readiness (ASR-09)	Run actions/checkout@v7	2026-09-19T01:25:43.5871859Z From https://github.com/Elian-Bufi/be
imagen API · migrate deploy + readiness (ASR-09)	Run actions/checkout@v7	2026-09-19T01:25:43.5874876Z  * [new ref]         c09bfa046ccbdc9bdab018fe9005b00e0f5e6819 -> origin/main
imagen API · migrate deploy + readiness (ASR-09)	Run actions/checkout@v7	2026-09-19T01:25:43.5886355Z [command]/usr/bin/git branch --list --remote origin/main
imagen API · migrate deploy + readiness (ASR-09)	Run actions/checkout@v7	2026-09-19T01:25:43.5919712Z   origin/main
imagen API · migrate deploy + readiness (ASR-09)	Run actions/checkout@v7	2026-09-19T01:25:43.5927723Z [command]/usr/bin/git rev-parse refs/remotes/origin/main
imagen API · migrate deploy + readiness (ASR-09)	Run actions/checkout@v7	2026-09-19T01:25:43.5955505Z c09bfa046ccbdc9bdab018fe9005b00e0f5e6819
imagen API · migrate deploy + readiness (ASR-09)	Run actions/checkout@v7	2026-09-19T01:25:43.5960936Z ##[endgroup]
imagen API · migrate deploy + readiness (ASR-09)	Run actions/checkout@v7	2026-09-19T01:25:43.5962830Z ##[group]Determining the checkout info
imagen API · migrate deploy + readiness (ASR-09)	Run actions/checkout@v7	2026-09-19T01:25:43.5965129Z ##[endgroup]
imagen API · migrate deploy + readiness (ASR-09)	Run actions/checkout@v7	2026-09-19T01:25:43.5966460Z [command]/usr/bin/git sparse-checkout disable
imagen API · migrate deploy + readiness (ASR-09)	Run actions/checkout@v7	2026-09-19T01:25:43.6018331Z [command]/usr/bin/git config --local --unset-all extensions.worktreeConfig
imagen API · migrate deploy + readiness (ASR-09)	Run actions/checkout@v7	2026-09-19T01:25:43.6054721Z ##[group]Checking out the ref
imagen API · migrate deploy + readiness (ASR-09)	Run actions/checkout@v7	2026-09-19T01:25:43.6059568Z [command]/usr/bin/git checkout --progress --force -B main refs/remotes/origin/main
imagen API · migrate deploy + readiness (ASR-09)	Run actions/checkout@v7	2026-09-19T01:25:43.6805437Z Switched to a new branch 'main'
imagen API · migrate deploy + readiness (ASR-09)	Run actions/checkout@v7	2026-09-19T01:25:43.6811011Z branch 'main' set up to track 'origin/main'.
imagen API · migrate deploy + readiness (ASR-09)	Run actions/checkout@v7	2026-09-19T01:25:43.6824083Z ##[endgroup]
imagen API · migrate deploy + readiness (ASR-09)	Run actions/checkout@v7	2026-09-19T01:25:43.6872451Z [command]/usr/bin/git log -1 --format=%H
imagen API · migrate deploy + readiness (ASR-09)	Run actions/checkout@v7	2026-09-19T01:25:43.6903815Z c09bfa046ccbdc9bdab018fe9005b00e0f5e6819
imagen API · migrate deploy + readiness (ASR-09)	Build de la imagen OCI	﻿2026-09-19T01:25:43.7200511Z ##[group]Run docker build -f apps/api/Dockerfile --build-arg RENDER_GIT_COMMIT=c09bfa046ccbdc9bdab018fe9005b00e0f5e6819 -t be-api:c09bfa046ccbdc9bdab018fe9005b00e0f5e6819 .
imagen API · migrate deploy + readiness (ASR-09)	Build de la imagen OCI	2026-09-19T01:25:43.7206351Z ^[[36;1mdocker build -f apps/api/Dockerfile --build-arg RENDER_GIT_COMMIT=c09bfa046ccbdc9bdab018fe9005b00e0f5e6819 -t be-api:c09bfa046ccbdc9bdab018fe9005b00e0f5e6819 .^[[0m
imagen API · migrate deploy + readiness (ASR-09)	Build de la imagen OCI	2026-09-19T01:25:43.7252200Z shell: /usr/bin/bash -e {0}
imagen API · migrate deploy + readiness (ASR-09)	Build de la imagen OCI	2026-09-19T01:25:43.7253456Z ##[endgroup]
imagen API · migrate deploy + readiness (ASR-09)	Build de la imagen OCI	2026-09-19T01:25:44.2403828Z #0 building with "default" instance using docker driver
imagen API · migrate deploy + readiness (ASR-09)	Build de la imagen OCI	2026-09-19T01:25:44.2404431Z 
imagen API · migrate deploy + readiness (ASR-09)	Build de la imagen OCI	2026-09-19T01:25:44.2404672Z #1 [internal] load build definition from Dockerfile
imagen API · migrate deploy + readiness (ASR-09)	Build de la imagen OCI	2026-09-19T01:25:44.2405301Z #1 transferring dockerfile: 2.89kB done
imagen API · migrate deploy + readiness (ASR-09)	Build de la imagen OCI	2026-09-19T01:25:44.2405773Z #1 DONE 0.0s
imagen API · migrate deploy + readiness (ASR-09)	Build de la imagen OCI	2026-09-19T01:25:44.2405982Z 
imagen API · migrate deploy + readiness (ASR-09)	Build de la imagen OCI	2026-09-19T01:25:44.2406414Z #2 [internal] load metadata for docker.io/library/node:22.23.2-bookworm-slim
imagen API · migrate deploy + readiness (ASR-09)	Build de la imagen OCI	2026-09-19T01:25:44.4101130Z #2 ...
imagen API · migrate deploy + readiness (ASR-09)	Build de la imagen OCI	2026-09-19T01:25:44.4101601Z 
imagen API · migrate deploy + readiness (ASR-09)	Build de la imagen OCI	2026-09-19T01:25:44.4101989Z #3 [auth] library/node:pull token for registry-1.docker.io
imagen API · migrate deploy + readiness (ASR-09)	Build de la imagen OCI	2026-09-19T01:25:44.4102811Z #3 DONE 0.0s
imagen API · migrate deploy + readiness (ASR-09)	Build de la imagen OCI	2026-09-19T01:25:44.5599550Z 
imagen API · migrate deploy + readiness (ASR-09)	Build de la imagen OCI	2026-09-19T01:25:44.5600565Z #2 [internal] load metadata for docker.io/library/node:22.23.2-bookworm-slim
imagen API · migrate deploy + readiness (ASR-09)	Build de la imagen OCI	2026-09-19T01:25:44.8634813Z #2 DONE 0.8s
imagen API · migrate deploy + readiness (ASR-09)	Build de la imagen OCI	2026-09-19T01:25:44.9883409Z 
imagen API · migrate deploy + readiness (ASR-09)	Build de la imagen OCI	2026-09-19T01:25:44.9885116Z #4 [internal] load .dockerignore
imagen API · migrate deploy + readiness (ASR-09)	Build de la imagen OCI	2026-09-19T01:25:44.9885842Z #4 transferring context: 185B done
imagen API · migrate deploy + readiness (ASR-09)	Build de la imagen OCI	2026-09-19T01:25:44.9886251Z #4 DONE 0.0s
imagen API · migrate deploy + readiness (ASR-09)	Build de la imagen OCI	2026-09-19T01:25:44.9886420Z 
imagen API · migrate deploy + readiness (ASR-09)	Build de la imagen OCI	2026-09-19T01:25:44.9886561Z #5 [internal] load build context
imagen API · migrate deploy + readiness (ASR-09)	Build de la imagen OCI	2026-09-19T01:25:44.9886991Z #5 transferring context: 743.43kB 0.0s done
imagen API · migrate deploy + readiness (ASR-09)	Build de la imagen OCI	2026-09-19T01:25:44.9887391Z #5 DONE 0.0s
imagen API · migrate deploy + readiness (ASR-09)	Build de la imagen OCI	2026-09-19T01:25:44.9887551Z 
imagen API · migrate deploy + readiness (ASR-09)	Build de la imagen OCI	2026-09-19T01:25:44.9888202Z #6 [base 1/3] FROM docker.io/library/node:22.23.2-bookworm-slim@sha256:83f487e0a63425e5b4d146fb5e5be574bcbe1b7b843d3ebafdd95eaf7767a7e5
imagen API · migrate deploy + readiness (ASR-09)	Build de la imagen OCI	2026-09-19T01:25:44.9890185Z #6 resolve docker.io/library/node:22.23.2-bookworm-slim@sha256:83f487e0a63425e5b4d146fb5e5be574bcbe1b7b843d3ebafdd95eaf7767a7e5 done
imagen API · migrate deploy + readiness (ASR-09)	Build de la imagen OCI	2026-09-19T01:25:44.9891524Z #6 sha256:cea7eb9bbe80eabf8356efb28b3796ab904f36a32049aeb6b435920ca93f9285 0B / 3.31kB 0.1s
imagen API · migrate deploy + readiness (ASR-09)	Build de la imagen OCI	2026-09-19T01:25:44.9892704Z #6 sha256:51c53f95c2cae3d00dfc0350297c92dea913fe129ec38b8deb8313e5f3e0297d 0B / 49.94MB 0.1s
imagen API · migrate deploy + readiness (ASR-09)	Build de la imagen OCI	2026-09-19T01:25:44.9893965Z #6 sha256:83f487e0a63425e5b4d146fb5e5be574bcbe1b7b843d3ebafdd95eaf7767a7e5 5.22kB / 5.22kB done
imagen API · migrate deploy + readiness (ASR-09)	Build de la imagen OCI	2026-09-19T01:25:44.9894983Z #6 sha256:4d676821dff059fd00d277ee4261ef34ea712317fed0737c03941481b5760c96 1.93kB / 1.93kB done
imagen API · migrate deploy + readiness (ASR-09)	Build de la imagen OCI	2026-09-19T01:25:44.9895644Z #6 sha256:6e6261159fd399ebe5a3d556b7d89da9c85c873f3f270918aad6c8107da8b411 6.87kB / 6.87kB done
imagen API · migrate deploy + readiness (ASR-09)	Build de la imagen OCI	2026-09-19T01:25:44.9896307Z #6 sha256:a8ac7f6c67abc236e4c745052c404112b8fab6fe8ac3a329d1ef3b867ad67c71 0B / 28.23MB 0.1s
imagen API · migrate deploy + readiness (ASR-09)	Build de la imagen OCI	2026-09-19T01:25:45.1883467Z #6 sha256:cea7eb9bbe80eabf8356efb28b3796ab904f36a32049aeb6b435920ca93f9285 3.31kB / 3.31kB 0.2s done
imagen API · migrate deploy + readiness (ASR-09)	Build de la imagen OCI	2026-09-19T01:25:45.1885008Z #6 sha256:51c53f95c2cae3d00dfc0350297c92dea913fe129ec38b8deb8313e5f3e0297d 10.49MB / 49.94MB 0.3s
imagen API · migrate deploy + readiness (ASR-09)	Build de la imagen OCI	2026-09-19T01:25:45.1886495Z #6 sha256:3cddab114edadc7cf5a7b0b591e59f6312aade3dc4fb68e88aacca5eb1cc1c03 0B / 1.71MB 0.3s
imagen API · migrate deploy + readiness (ASR-09)	Build de la imagen OCI	2026-09-19T01:25:45.3853048Z #6 sha256:51c53f95c2cae3d00dfc0350297c92dea913fe129ec38b8deb8313e5f3e0297d 45.09MB / 49.94MB 0.4s
imagen API · migrate deploy + readiness (ASR-09)	Build de la imagen OCI	2026-09-19T01:25:45.3854997Z #6 sha256:a8ac7f6c67abc236e4c745052c404112b8fab6fe8ac3a329d1ef3b867ad67c71 9.44MB / 28.23MB 0.4s
imagen API · migrate deploy + readiness (ASR-09)	Build de la imagen OCI	2026-09-19T01:25:45.3856069Z #6 extracting sha256:a8ac7f6c67abc236e4c745052c404112b8fab6fe8ac3a329d1ef3b867ad67c71
imagen API · migrate deploy + readiness (ASR-09)	Build de la imagen OCI	2026-09-19T01:25:45.4875980Z #6 sha256:51c53f95c2cae3d00dfc0350297c92dea913fe129ec38b8deb8313e5f3e0297d 49.94MB / 49.94MB 0.4s done
imagen API · migrate deploy + readiness (ASR-09)	Build de la imagen OCI	2026-09-19T01:25:45.4877877Z #6 sha256:a8ac7f6c67abc236e4c745052c404112b8fab6fe8ac3a329d1ef3b867ad67c71 28.23MB / 28.23MB 0.5s done
imagen API · migrate deploy + readiness (ASR-09)	Build de la imagen OCI	2026-09-19T01:25:45.4879731Z #6 sha256:3cddab114edadc7cf5a7b0b591e59f6312aade3dc4fb68e88aacca5eb1cc1c03 1.71MB / 1.71MB 0.4s done
imagen API · migrate deploy + readiness (ASR-09)	Build de la imagen OCI	2026-09-19T01:25:45.4881343Z #6 sha256:0282d618b52cd2eb8fcf041e780cd66b15e7ebae519a4054c5d293eae6b6d34f 447B / 447B 0.5s done
imagen API · migrate deploy + readiness (ASR-09)	Build de la imagen OCI	2026-09-19T01:25:46.4803726Z #6 extracting sha256:a8ac7f6c67abc236e4c745052c404112b8fab6fe8ac3a329d1ef3b867ad67c71 1.1s done
imagen API · migrate deploy + readiness (ASR-09)	Build de la imagen OCI	2026-09-19T01:25:46.6593013Z #6 extracting sha256:cea7eb9bbe80eabf8356efb28b3796ab904f36a32049aeb6b435920ca93f9285 done
imagen API · migrate deploy + readiness (ASR-09)	Build de la imagen OCI	2026-09-19T01:25:48.9980806Z #6 extracting sha256:51c53f95c2cae3d00dfc0350297c92dea913fe129ec38b8deb8313e5f3e0297d
imagen API · migrate deploy + readiness (ASR-09)	Build de la imagen OCI	2026-09-19T01:25:50.3508659Z #6 extracting sha256:51c53f95c2cae3d00dfc0350297c92dea913fe129ec38b8deb8313e5f3e0297d 1.2s done
imagen API · migrate deploy + readiness (ASR-09)	Build de la imagen OCI	2026-09-19T01:25:50.3510826Z #6 extracting sha256:3cddab114edadc7cf5a7b0b591e59f6312aade3dc4fb68e88aacca5eb1cc1c03
imagen API · migrate deploy + readiness (ASR-09)	Build de la imagen OCI	2026-09-19T01:25:50.5847341Z #6 extracting sha256:3cddab114edadc7cf5a7b0b591e59f6312aade3dc4fb68e88aacca5eb1cc1c03 0.0s done
imagen API · migrate deploy + readiness (ASR-09)	Build de la imagen OCI	2026-09-19T01:25:50.5848851Z #6 extracting sha256:0282d618b52cd2eb8fcf041e780cd66b15e7ebae519a4054c5d293eae6b6d34f done
imagen API · migrate deploy + readiness (ASR-09)	Build de la imagen OCI	2026-09-19T01:25:50.5849546Z #6 DONE 5.6s
imagen API · migrate deploy + readiness (ASR-09)	Build de la imagen OCI	2026-09-19T01:25:50.5849728Z 
imagen API · migrate deploy + readiness (ASR-09)	Build de la imagen OCI	2026-09-19T01:25:50.5850412Z #7 [base 2/3] RUN apt-get update  && apt-get install -y --no-install-recommends openssl ca-certificates  && rm -rf /var/lib/apt/lists/*
imagen API · migrate deploy + readiness (ASR-09)	Build de la imagen OCI	2026-09-19T01:25:50.6199569Z #7 0.186 Get:1 http://deb.debian.org/debian bookworm InRelease [151 kB]
imagen API · migrate deploy + readiness (ASR-09)	Build de la imagen OCI	2026-09-19T01:25:50.7351834Z #7 0.243 Get:2 http://deb.debian.org/debian bookworm-updates InRelease [55.4 kB]
imagen API · migrate deploy + readiness (ASR-09)	Build de la imagen OCI	2026-09-19T01:25:50.7353098Z #7 0.263 Get:3 http://deb.debian.org/debian-security bookworm-security InRelease [34.8 kB]
imagen API · migrate deploy + readiness (ASR-09)	Build de la imagen OCI	2026-09-19T01:25:50.7354255Z #7 0.301 Get:4 http://deb.debian.org/debian bookworm/main amd64 Packages [8790 kB]
imagen API · migrate deploy + readiness (ASR-09)	Build de la imagen OCI	2026-09-19T01:25:50.9226471Z #7 0.488 Get:5 http://deb.debian.org/debian bookworm-updates/main amd64 Packages [6924 B]
imagen API · migrate deploy + readiness (ASR-09)	Build de la imagen OCI	2026-09-19T01:25:51.0735932Z #7 0.489 Get:6 http://deb.debian.org/debian-security bookworm-security/main amd64 Packages [340 kB]
imagen API · migrate deploy + readiness (ASR-09)	Build de la imagen OCI	2026-09-19T01:25:51.6572426Z #7 1.223 Fetched 9379 kB in 1s (8727 kB/s)
imagen API · migrate deploy + readiness (ASR-09)	Build de la imagen OCI	2026-09-19T01:25:52.0702302Z #7 1.223 Reading package lists...
imagen API · migrate deploy + readiness (ASR-09)	Build de la imagen OCI	2026-09-19T01:25:52.4927083Z #7 1.653 Reading package lists...
imagen API · migrate deploy + readiness (ASR-09)	Build de la imagen OCI	2026-09-19T01:25:52.6130275Z #7 2.069 Building dependency tree...
imagen API · migrate deploy + readiness (ASR-09)	Build de la imagen OCI	2026-09-19T01:25:52.7374640Z #7 2.179 Reading state information...
imagen API · migrate deploy + readiness (ASR-09)	Build de la imagen OCI	2026-09-19T01:25:52.7375532Z #7 2.275 The following additional packages will be installed:
imagen API · migrate deploy + readiness (ASR-09)	Build de la imagen OCI	2026-09-19T01:25:52.7376402Z #7 2.275   libssl3
imagen API · migrate deploy + readiness (ASR-09)	Build de la imagen OCI	2026-09-19T01:25:52.7376884Z #7 2.303 The following NEW packages will be installed:
imagen API · migrate deploy + readiness (ASR-09)	Build de la imagen OCI	2026-09-19T01:25:52.8889051Z #7 2.304   ca-certificates libssl3 openssl
imagen API · migrate deploy + readiness (ASR-09)	Build de la imagen OCI	2026-09-19T01:25:52.9703804Z #7 2.536 0 upgraded, 3 newly installed, 0 to remove and 2 not upgraded.
imagen API · migrate deploy + readiness (ASR-09)	Build de la imagen OCI	2026-09-19T01:25:52.9704430Z #7 2.536 Need to get 3637 kB of archives.
imagen API · migrate deploy + readiness (ASR-09)	Build de la imagen OCI	2026-09-19T01:25:52.9704973Z #7 2.536 After this operation, 8940 kB of additional disk space will be used.
imagen API · migrate deploy + readiness (ASR-09)	Build de la imagen OCI	2026-09-19T01:25:52.9705839Z #7 2.536 Get:1 http://deb.debian.org/debian bookworm/main amd64 libssl3 amd64 3.0.20-1~deb12u2 [2036 kB]
imagen API · migrate deploy + readiness (ASR-09)	Build de la imagen OCI	2026-09-19T01:25:53.1465347Z #7 2.712 Get:2 http://deb.debian.org/debian bookworm/main amd64 openssl amd64 3.0.20-1~deb12u2 [1439 kB]
imagen API · migrate deploy + readiness (ASR-09)	Build de la imagen OCI	2026-09-19T01:25:53.2499809Z #7 2.733 Get:3 http://deb.debian.org/debian-security bookworm-security/main amd64 ca-certificates all 20250419~deb12u1 [162 kB]
imagen API · migrate deploy + readiness (ASR-09)	Build de la imagen OCI	2026-09-19T01:25:53.2501641Z #7 2.816 debconf: delaying package configuration, since apt-utils is not installed
imagen API · migrate deploy + readiness (ASR-09)	Build de la imagen OCI	2026-09-19T01:25:53.4044651Z #7 2.835 Fetched 3637 kB in 0s (8546 kB/s)
imagen API · migrate deploy + readiness (ASR-09)	Build de la imagen OCI	2026-09-19T01:25:53.4045909Z #7 2.852 Selecting previously unselected package libssl3:amd64.
imagen API · migrate deploy + readiness (ASR-09)	Build de la imagen OCI	2026-09-19T01:25:53.4047129Z #7 2.852 (Reading database ... 
imagen API · migrate deploy + readiness (ASR-09)	Build de la imagen OCI	2026-09-19T01:25:53.4048175Z (Reading database ... 5%
imagen API · migrate deploy + readiness (ASR-09)	Build de la imagen OCI	2026-09-19T01:25:53.4048844Z (Reading database ... 10%
imagen API · migrate deploy + readiness (ASR-09)	Build de la imagen OCI	2026-09-19T01:25:53.4049234Z (Reading database ... 15%
imagen API · migrate deploy + readiness (ASR-09)	Build de la imagen OCI	2026-09-19T01:25:53.4049582Z (Reading database ... 20%
imagen API · migrate deploy + readiness (ASR-09)	Build de la imagen OCI	2026-09-19T01:25:53.4049944Z (Reading database ... 25%
imagen API · migrate deploy + readiness (ASR-09)	Build de la imagen OCI	2026-09-19T01:25:53.4050296Z (Reading database ... 30%
imagen API · migrate deploy + readiness (ASR-09)	Build de la imagen OCI	2026-09-19T01:25:53.4050637Z (Reading database ... 35%
imagen API · migrate deploy + readiness (ASR-09)	Build de la imagen OCI	2026-09-19T01:25:53.4050987Z (Reading database ... 40%
imagen API · migrate deploy + readiness (ASR-09)	Build de la imagen OCI	2026-09-19T01:25:53.4051337Z (Reading database ... 45%
imagen API · migrate deploy + readiness (ASR-09)	Build de la imagen OCI	2026-09-19T01:25:53.4051706Z (Reading database ... 50%
imagen API · migrate deploy + readiness (ASR-09)	Build de la imagen OCI	2026-09-19T01:25:53.4052040Z (Reading database ... 55%
imagen API · migrate deploy + readiness (ASR-09)	Build de la imagen OCI	2026-09-19T01:25:53.4052383Z (Reading database ... 60%
imagen API · migrate deploy + readiness (ASR-09)	Build de la imagen OCI	2026-09-19T01:25:53.4052731Z (Reading database ... 65%
imagen API · migrate deploy + readiness (ASR-09)	Build de la imagen OCI	2026-09-19T01:25:53.4053265Z (Reading database ... 70%
imagen API · migrate deploy + readiness (ASR-09)	Build de la imagen OCI	2026-09-19T01:25:53.4053668Z (Reading database ... 75%
imagen API · migrate deploy + readiness (ASR-09)	Build de la imagen OCI	2026-09-19T01:25:53.4054085Z (Reading database ... 80%
imagen API · migrate deploy + readiness (ASR-09)	Build de la imagen OCI	2026-09-19T01:25:53.4055003Z (Reading database ... 85%
imagen API · migrate deploy + readiness (ASR-09)	Build de la imagen OCI	2026-09-19T01:25:53.4055681Z (Reading database ... 90%
imagen API · migrate deploy + readiness (ASR-09)	Build de la imagen OCI	2026-09-19T01:25:53.4055981Z (Reading database ... 95%
imagen API · migrate deploy + readiness (ASR-09)	Build de la imagen OCI	2026-09-19T01:25:53.4056412Z (Reading database ... 100%
imagen API · migrate deploy + readiness (ASR-09)	Build de la imagen OCI	2026-09-19T01:25:53.4056913Z (Reading database ... 6096 files and directories currently installed.)
imagen API · migrate deploy + readiness (ASR-09)	Build de la imagen OCI	2026-09-19T01:25:53.4057399Z #7 2.857 Preparing to unpack .../libssl3_3.0.20-1~deb12u2_amd64.deb ...
imagen API · migrate deploy + readiness (ASR-09)	Build de la imagen OCI	2026-09-19T01:25:53.4057980Z #7 2.859 Unpacking libssl3:amd64 (3.0.20-1~deb12u2) ...
imagen API · migrate deploy + readiness (ASR-09)	Build de la imagen OCI	2026-09-19T01:25:53.4058733Z #7 2.970 Selecting previously unselected package openssl.
imagen API · migrate deploy + readiness (ASR-09)	Build de la imagen OCI	2026-09-19T01:25:53.5415563Z #7 2.972 Preparing to unpack .../openssl_3.0.20-1~deb12u2_amd64.deb ...
imagen API · migrate deploy + readiness (ASR-09)	Build de la imagen OCI	2026-09-19T01:25:53.5416201Z #7 2.973 Unpacking openssl (3.0.20-1~deb12u2) ...
imagen API · migrate deploy + readiness (ASR-09)	Build de la imagen OCI	2026-09-19T01:25:53.5416863Z #7 3.063 Selecting previously unselected package ca-certificates.
imagen API · migrate deploy + readiness (ASR-09)	Build de la imagen OCI	2026-09-19T01:25:53.5417565Z #7 3.064 Preparing to unpack .../ca-certificates_20250419~deb12u1_all.deb ...
imagen API · migrate deploy + readiness (ASR-09)	Build de la imagen OCI	2026-09-19T01:25:53.5418988Z #7 3.065 Unpacking ca-certificates (20250419~deb12u1) ...
imagen API · migrate deploy + readiness (ASR-09)	Build de la imagen OCI	2026-09-19T01:25:53.5419785Z #7 3.107 Setting up libssl3:amd64 (3.0.20-1~deb12u2) ...
imagen API · migrate deploy + readiness (ASR-09)	Build de la imagen OCI	2026-09-19T01:25:53.7627652Z #7 3.110 Setting up openssl (3.0.20-1~deb12u2) ...
imagen API · migrate deploy + readiness (ASR-09)	Build de la imagen OCI	2026-09-19T01:25:53.7628775Z #7 3.113 Setting up ca-certificates (20250419~deb12u1) ...
imagen API · migrate deploy + readiness (ASR-09)	Build de la imagen OCI	2026-09-19T01:25:53.7629556Z #7 3.178 debconf: unable to initialize frontend: Dialog
imagen API · migrate deploy + readiness (ASR-09)	Build de la imagen OCI	2026-09-19T01:25:53.7630387Z #7 3.178 debconf: (TERM is not set, so the dialog frontend is not usable.)
imagen API · migrate deploy + readiness (ASR-09)	Build de la imagen OCI	2026-09-19T01:25:53.7631241Z #7 3.178 debconf: falling back to frontend: Readline
imagen API · migrate deploy + readiness (ASR-09)	Build de la imagen OCI	2026-09-19T01:25:53.7631972Z #7 3.178 debconf: unable to initialize frontend: Readline
imagen API · migrate deploy + readiness (ASR-09)	Build de la imagen OCI	2026-09-19T01:25:53.7639316Z #7 3.178 debconf: (Can't locate Term/ReadLine.pm in @INC (you may need to install the Term::ReadLine module) (@INC contains: /etc/perl /usr/local/lib/x86_64-linux-gnu/perl/5.36.0 /usr/local/share/perl/5.36.0 /usr/lib/x86_64-linux-gnu/perl5/5.36 /usr/share/perl5 /usr/lib/x86_64-linux-gnu/perl-base /usr/lib/x86_64-linux-gnu/perl/5.36 /usr/share/perl/5.36 /usr/local/lib/site_perl) at /usr/share/perl5/Debconf/FrontEnd/Readline.pm line 7.)
imagen API · migrate deploy + readiness (ASR-09)	Build de la imagen OCI	2026-09-19T01:25:53.7642653Z #7 3.178 debconf: falling back to frontend: Teletype
imagen API · migrate deploy + readiness (ASR-09)	Build de la imagen OCI	2026-09-19T01:25:53.9952001Z #7 3.561 Updating certificates in /etc/ssl/certs...
imagen API · migrate deploy + readiness (ASR-09)	Build de la imagen OCI	2026-09-19T01:25:54.5317475Z #7 4.097 150 added, 0 removed; done.
imagen API · migrate deploy + readiness (ASR-09)	Build de la imagen OCI	2026-09-19T01:25:54.7079012Z #7 4.111 Processing triggers for libc-bin (2.36-9+deb12u14) ...
imagen API · migrate deploy + readiness (ASR-09)	Build de la imagen OCI	2026-09-19T01:25:54.7081076Z #7 4.120 Processing triggers for ca-certificates (20250419~deb12u1) ...
imagen API · migrate deploy + readiness (ASR-09)	Build de la imagen OCI	2026-09-19T01:25:54.7082161Z #7 4.123 Updating certificates in /etc/ssl/certs...
imagen API · migrate deploy + readiness (ASR-09)	Build de la imagen OCI	2026-09-19T01:25:54.9691573Z #7 4.535 0 added, 0 removed; done.
imagen API · migrate deploy + readiness (ASR-09)	Build de la imagen OCI	2026-09-19T01:25:54.9692240Z #7 4.535 Running hooks in /etc/ca-certificates/update.d...
imagen API · migrate deploy + readiness (ASR-09)	Build de la imagen OCI	2026-09-19T01:25:55.0694329Z #7 4.536 done.
imagen API · migrate deploy + readiness (ASR-09)	Build de la imagen OCI	2026-09-19T01:25:55.0694801Z #7 DONE 4.6s
imagen API · migrate deploy + readiness (ASR-09)	Build de la imagen OCI	2026-09-19T01:25:55.0695056Z 
imagen API · migrate deploy + readiness (ASR-09)	Build de la imagen OCI	2026-09-19T01:25:55.0695232Z #8 [base 3/3] WORKDIR /app
imagen API · migrate deploy + readiness (ASR-09)	Build de la imagen OCI	2026-09-19T01:25:55.0695642Z #8 DONE 0.0s
imagen API · migrate deploy + readiness (ASR-09)	Build de la imagen OCI	2026-09-19T01:25:55.0696210Z 
imagen API · migrate deploy + readiness (ASR-09)	Build de la imagen OCI	2026-09-19T01:25:55.0696489Z #9 [deps 1/6] COPY package.json package-lock.json .npmrc ./
imagen API · migrate deploy + readiness (ASR-09)	Build de la imagen OCI	2026-09-19T01:25:55.0697058Z #9 DONE 0.0s
imagen API · migrate deploy + readiness (ASR-09)	Build de la imagen OCI	2026-09-19T01:25:55.0697255Z 
imagen API · migrate deploy + readiness (ASR-09)	Build de la imagen OCI	2026-09-19T01:25:55.0697630Z #10 [build  1/11] COPY package.json package-lock.json .npmrc tsconfig.base.json ./
imagen API · migrate deploy + readiness (ASR-09)	Build de la imagen OCI	2026-09-19T01:25:55.0698579Z #10 DONE 0.0s
imagen API · migrate deploy + readiness (ASR-09)	Build de la imagen OCI	2026-09-19T01:25:55.0698807Z 
imagen API · migrate deploy + readiness (ASR-09)	Build de la imagen OCI	2026-09-19T01:25:55.0699080Z #11 [deps 2/6] COPY packages/domain/package.json packages/domain/
imagen API · migrate deploy + readiness (ASR-09)	Build de la imagen OCI	2026-09-19T01:25:55.0699507Z #11 DONE 0.0s
imagen API · migrate deploy + readiness (ASR-09)	Build de la imagen OCI	2026-09-19T01:25:55.0699728Z 
imagen API · migrate deploy + readiness (ASR-09)	Build de la imagen OCI	2026-09-19T01:25:55.0700076Z #12 [build  2/11] COPY packages/domain/package.json packages/domain/
imagen API · migrate deploy + readiness (ASR-09)	Build de la imagen OCI	2026-09-19T01:25:55.0700487Z #12 DONE 0.0s
imagen API · migrate deploy + readiness (ASR-09)	Build de la imagen OCI	2026-09-19T01:25:55.0700607Z 
imagen API · migrate deploy + readiness (ASR-09)	Build de la imagen OCI	2026-09-19T01:25:55.0700743Z #13 [deps 3/6] COPY apps/api/package.json apps/api/
imagen API · migrate deploy + readiness (ASR-09)	Build de la imagen OCI	2026-09-19T01:25:55.0701190Z #13 DONE 0.0s
imagen API · migrate deploy + readiness (ASR-09)	Build de la imagen OCI	2026-09-19T01:25:55.0701323Z 
imagen API · migrate deploy + readiness (ASR-09)	Build de la imagen OCI	2026-09-19T01:25:55.0701456Z #14 [deps 4/6] COPY apps/web/package.json apps/web/
imagen API · migrate deploy + readiness (ASR-09)	Build de la imagen OCI	2026-09-19T01:25:55.2432557Z #14 DONE 0.0s
imagen API · migrate deploy + readiness (ASR-09)	Build de la imagen OCI	2026-09-19T01:25:55.2432912Z 
imagen API · migrate deploy + readiness (ASR-09)	Build de la imagen OCI	2026-09-19T01:25:55.2433787Z #15 [build  3/11] COPY apps/api/package.json apps/api/
imagen API · migrate deploy + readiness (ASR-09)	Build de la imagen OCI	2026-09-19T01:25:55.2434764Z #15 DONE 0.0s
imagen API · migrate deploy + readiness (ASR-09)	Build de la imagen OCI	2026-09-19T01:25:55.2435212Z 
imagen API · migrate deploy + readiness (ASR-09)	Build de la imagen OCI	2026-09-19T01:25:55.2435609Z #16 [build  4/11] COPY apps/web/package.json apps/web/
imagen API · migrate deploy + readiness (ASR-09)	Build de la imagen OCI	2026-09-19T01:25:55.2517303Z #16 DONE 0.0s
imagen API · migrate deploy + readiness (ASR-09)	Build de la imagen OCI	2026-09-19T01:25:55.2517601Z 
imagen API · migrate deploy + readiness (ASR-09)	Build de la imagen OCI	2026-09-19T01:25:55.2535244Z #17 [deps 5/6] COPY apps/mobile/package.json apps/mobile/
imagen API · migrate deploy + readiness (ASR-09)	Build de la imagen OCI	2026-09-19T01:25:55.2535969Z #17 DONE 0.0s
imagen API · migrate deploy + readiness (ASR-09)	Build de la imagen OCI	2026-09-19T01:25:55.2536196Z 
imagen API · migrate deploy + readiness (ASR-09)	Build de la imagen OCI	2026-09-19T01:25:55.2536680Z #18 [build  5/11] COPY apps/mobile/package.json apps/mobile/
imagen API · migrate deploy + readiness (ASR-09)	Build de la imagen OCI	2026-09-19T01:25:55.2537197Z #18 DONE 0.0s
imagen API · migrate deploy + readiness (ASR-09)	Build de la imagen OCI	2026-09-19T01:25:55.2537391Z 
imagen API · migrate deploy + readiness (ASR-09)	Build de la imagen OCI	2026-09-19T01:25:55.2537937Z #19 [build  6/11] RUN npm ci -w @be/api -w @be/domain --include-workspace-root
imagen API · migrate deploy + readiness (ASR-09)	Build de la imagen OCI	2026-09-19T01:26:01.6732001Z #19 6.580 npm warn deprecated glob@10.5.0: Old versions of glob are not supported, and contain widely publicized security vulnerabilities, which have been fixed in the current version. Please update. Support for old versions may be purchased (at exorbitant rates) by contacting i@izs.me
imagen API · migrate deploy + readiness (ASR-09)	Build de la imagen OCI	2026-09-19T01:26:01.8442147Z #19 6.599 npm warn deprecated glob@10.5.0: Old versions of glob are not supported, and contain widely publicized security vulnerabilities, which have been fixed in the current version. Please update. Support for old versions may be purchased (at exorbitant rates) by contacting i@izs.me
imagen API · migrate deploy + readiness (ASR-09)	Build de la imagen OCI	2026-09-19T01:26:05.1423775Z #19 ...
imagen API · migrate deploy + readiness (ASR-09)	Build de la imagen OCI	2026-09-19T01:26:05.1424184Z 
imagen API · migrate deploy + readiness (ASR-09)	Build de la imagen OCI	2026-09-19T01:26:05.1424956Z #20 [deps 6/6] RUN npm ci -w @be/api -w @be/domain --include-workspace-root --omit=dev
imagen API · migrate deploy + readiness (ASR-09)	Build de la imagen OCI	2026-09-19T01:26:07.1331577Z #20 12.04 
imagen API · migrate deploy + readiness (ASR-09)	Build de la imagen OCI	2026-09-19T01:26:07.1332158Z #20 12.04 added 260 packages, and audited 263 packages in 12s
imagen API · migrate deploy + readiness (ASR-09)	Build de la imagen OCI	2026-09-19T01:26:07.2849978Z #20 12.04 
imagen API · migrate deploy + readiness (ASR-09)	Build de la imagen OCI	2026-09-19T01:26:07.2851830Z #20 12.04 found 0 vulnerabilities
imagen API · migrate deploy + readiness (ASR-09)	Build de la imagen OCI	2026-09-19T01:26:07.2852696Z #20 12.04 npm notice
imagen API · migrate deploy + readiness (ASR-09)	Build de la imagen OCI	2026-09-19T01:26:07.2857664Z #20 12.04 npm notice New major version of npm available! 10.9.8 -> 12.0.2
imagen API · migrate deploy + readiness (ASR-09)	Build de la imagen OCI	2026-09-19T01:26:07.2859040Z #20 12.04 npm notice Changelog: https://github.com/npm/cli/releases/tag/v12.0.2
imagen API · migrate deploy + readiness (ASR-09)	Build de la imagen OCI	2026-09-19T01:26:07.2860108Z #20 12.04 npm notice To update run: npm install -g npm@12.0.2
imagen API · migrate deploy + readiness (ASR-09)	Build de la imagen OCI	2026-09-19T01:26:07.2860770Z #20 12.04 npm notice
imagen API · migrate deploy + readiness (ASR-09)	Build de la imagen OCI	2026-09-19T01:26:09.0229426Z #20 DONE 13.9s
imagen API · migrate deploy + readiness (ASR-09)	Build de la imagen OCI	2026-09-19T01:26:09.0229720Z 
imagen API · migrate deploy + readiness (ASR-09)	Build de la imagen OCI	2026-09-19T01:26:09.0230110Z #19 [build  6/11] RUN npm ci -w @be/api -w @be/domain --include-workspace-root
imagen API · migrate deploy + readiness (ASR-09)	Build de la imagen OCI	2026-09-19T01:26:09.2224728Z #19 13.98 
imagen API · migrate deploy + readiness (ASR-09)	Build de la imagen OCI	2026-09-19T01:26:09.2225551Z #19 13.98 added 595 packages, and audited 598 packages in 14s
imagen API · migrate deploy + readiness (ASR-09)	Build de la imagen OCI	2026-09-19T01:26:09.2226289Z #19 13.98 
imagen API · migrate deploy + readiness (ASR-09)	Build de la imagen OCI	2026-09-19T01:26:09.2226772Z #19 13.98 found 0 vulnerabilities
imagen API · migrate deploy + readiness (ASR-09)	Build de la imagen OCI	2026-09-19T01:26:09.2227320Z #19 13.98 npm notice
imagen API · migrate deploy + readiness (ASR-09)	Build de la imagen OCI	2026-09-19T01:26:09.2227978Z #19 13.98 npm notice New major version of npm available! 10.9.8 -> 12.0.2
imagen API · migrate deploy + readiness (ASR-09)	Build de la imagen OCI	2026-09-19T01:26:09.2229461Z #19 13.98 npm notice Changelog: https://github.com/npm/cli/releases/tag/v12.0.2
imagen API · migrate deploy + readiness (ASR-09)	Build de la imagen OCI	2026-09-19T01:26:09.2230294Z #19 13.98 npm notice To update run: npm install -g npm@12.0.2
imagen API · migrate deploy + readiness (ASR-09)	Build de la imagen OCI	2026-09-19T01:26:09.2230884Z #19 13.98 npm notice
imagen API · migrate deploy + readiness (ASR-09)	Build de la imagen OCI	2026-09-19T01:26:09.2558855Z #19 DONE 14.2s
imagen API · migrate deploy + readiness (ASR-09)	Build de la imagen OCI	2026-09-19T01:26:09.4477760Z 
imagen API · migrate deploy + readiness (ASR-09)	Build de la imagen OCI	2026-09-19T01:26:09.4478756Z #21 [build  7/11] COPY prisma ./prisma
imagen API · migrate deploy + readiness (ASR-09)	Build de la imagen OCI	2026-09-19T01:26:09.4479535Z #21 DONE 0.0s
imagen API · migrate deploy + readiness (ASR-09)	Build de la imagen OCI	2026-09-19T01:26:09.4480038Z 
imagen API · migrate deploy + readiness (ASR-09)	Build de la imagen OCI	2026-09-19T01:26:09.4480524Z #22 [build  8/11] COPY packages/domain ./packages/domain
imagen API · migrate deploy + readiness (ASR-09)	Build de la imagen OCI	2026-09-19T01:26:09.4481211Z #22 DONE 0.0s
imagen API · migrate deploy + readiness (ASR-09)	Build de la imagen OCI	2026-09-19T01:26:09.4481568Z 
imagen API · migrate deploy + readiness (ASR-09)	Build de la imagen OCI	2026-09-19T01:26:09.4481906Z #23 [build  9/11] COPY apps/api ./apps/api
imagen API · migrate deploy + readiness (ASR-09)	Build de la imagen OCI	2026-09-19T01:26:09.4482538Z #23 DONE 0.0s
imagen API · migrate deploy + readiness (ASR-09)	Build de la imagen OCI	2026-09-19T01:26:09.4482885Z 
imagen API · migrate deploy + readiness (ASR-09)	Build de la imagen OCI	2026-09-19T01:26:09.4483517Z #24 [build 10/11] RUN npx prisma generate  && npm run build -w @be/domain  && npm run build -w @be/api
imagen API · migrate deploy + readiness (ASR-09)	Build de la imagen OCI	2026-09-19T01:26:10.5774208Z #24 1.280 warn The configuration property `package.json#prisma` is deprecated and will be removed in Prisma 7. Please migrate to a Prisma config file (e.g., `prisma.config.ts`).
imagen API · migrate deploy + readiness (ASR-09)	Build de la imagen OCI	2026-09-19T01:26:10.5776708Z #24 1.280 For more information, see: https://pris.ly/prisma-config
imagen API · migrate deploy + readiness (ASR-09)	Build de la imagen OCI	2026-09-19T01:26:10.5777981Z #24 1.280 
imagen API · migrate deploy + readiness (ASR-09)	Build de la imagen OCI	2026-09-19T01:26:10.7566668Z #24 1.460 Prisma schema loaded from prisma/schema.prisma
imagen API · migrate deploy + readiness (ASR-09)	Build de la imagen OCI	2026-09-19T01:26:11.1016455Z #24 1.804 
imagen API · migrate deploy + readiness (ASR-09)	Build de la imagen OCI	2026-09-19T01:26:11.1018687Z #24 1.804 ✔ Generated Prisma Client (v6.19.3) to ./node_modules/@prisma/client in 165ms
imagen API · migrate deploy + readiness (ASR-09)	Build de la imagen OCI	2026-09-19T01:26:11.1019802Z #24 1.804 
imagen API · migrate deploy + readiness (ASR-09)	Build de la imagen OCI	2026-09-19T01:26:11.1020672Z #24 1.804 Start by importing your Prisma Client (See: https://pris.ly/d/importing-client)
imagen API · migrate deploy + readiness (ASR-09)	Build de la imagen OCI	2026-09-19T01:26:11.1021672Z #24 1.804 
imagen API · migrate deploy + readiness (ASR-09)	Build de la imagen OCI	2026-09-19T01:26:11.1022522Z #24 1.804 Tip: Want to turn off tips and other hints? https://pris.ly/tip-4-nohints
imagen API · migrate deploy + readiness (ASR-09)	Build de la imagen OCI	2026-09-19T01:26:11.1023460Z #24 1.804 
imagen API · migrate deploy + readiness (ASR-09)	Build de la imagen OCI	2026-09-19T01:26:11.2506129Z #24 1.954 
imagen API · migrate deploy + readiness (ASR-09)	Build de la imagen OCI	2026-09-19T01:26:11.2507099Z #24 1.954 > @be/domain@0.1.0 build
imagen API · migrate deploy + readiness (ASR-09)	Build de la imagen OCI	2026-09-19T01:26:11.2508041Z #24 1.954 > tsc -p tsconfig.json
imagen API · migrate deploy + readiness (ASR-09)	Build de la imagen OCI	2026-09-19T01:26:11.2508827Z #24 1.954 
imagen API · migrate deploy + readiness (ASR-09)	Build de la imagen OCI	2026-09-19T01:26:12.4169230Z #24 ...
imagen API · migrate deploy + readiness (ASR-09)	Build de la imagen OCI	2026-09-19T01:26:12.4169811Z 
imagen API · migrate deploy + readiness (ASR-09)	Build de la imagen OCI	2026-09-19T01:26:12.4170339Z #25 [runtime  1/10] COPY --from=deps --chown=node:node /app/node_modules ./node_modules
imagen API · migrate deploy + readiness (ASR-09)	Build de la imagen OCI	2026-09-19T01:26:12.4171150Z #25 DONE 2.2s
imagen API · migrate deploy + readiness (ASR-09)	Build de la imagen OCI	2026-09-19T01:26:12.5672603Z 
imagen API · migrate deploy + readiness (ASR-09)	Build de la imagen OCI	2026-09-19T01:26:12.5673457Z #24 [build 10/11] RUN npx prisma generate  && npm run build -w @be/domain  && npm run build -w @be/api
imagen API · migrate deploy + readiness (ASR-09)	Build de la imagen OCI	2026-09-19T01:26:13.5302548Z #24 4.233 
imagen API · migrate deploy + readiness (ASR-09)	Build de la imagen OCI	2026-09-19T01:26:13.5303380Z #24 4.233 > @be/api@0.1.0 build
imagen API · migrate deploy + readiness (ASR-09)	Build de la imagen OCI	2026-09-19T01:26:13.5304055Z #24 4.233 > tsc -p tsconfig.build.json
imagen API · migrate deploy + readiness (ASR-09)	Build de la imagen OCI	2026-09-19T01:26:13.5304641Z #24 4.233 
imagen API · migrate deploy + readiness (ASR-09)	Build de la imagen OCI	2026-09-19T01:26:15.8335775Z #24 DONE 6.5s
imagen API · migrate deploy + readiness (ASR-09)	Build de la imagen OCI	2026-09-19T01:26:15.9845209Z 
imagen API · migrate deploy + readiness (ASR-09)	Build de la imagen OCI	2026-09-19T01:26:15.9847154Z #26 [build 11/11] RUN node -e "require('fs').writeFileSync('apps/api/dist/build-info.json', JSON.stringify({ commit: process.env.RENDER_GIT_COMMIT || null, construidoEn: new Date().toISOString() }))"
imagen API · migrate deploy + readiness (ASR-09)	Build de la imagen OCI	2026-09-19T01:26:15.9871765Z #26 DONE 0.2s
imagen API · migrate deploy + readiness (ASR-09)	Build de la imagen OCI	2026-09-19T01:26:16.3501203Z 
imagen API · migrate deploy + readiness (ASR-09)	Build de la imagen OCI	2026-09-19T01:26:16.3505065Z #27 [runtime  2/10] COPY --from=build --chown=node:node /app/node_modules/.prisma ./node_modules/.prisma
imagen API · migrate deploy + readiness (ASR-09)	Build de la imagen OCI	2026-09-19T01:26:16.4528780Z #27 DONE 0.0s
imagen API · migrate deploy + readiness (ASR-09)	Build de la imagen OCI	2026-09-19T01:26:16.4529136Z 
imagen API · migrate deploy + readiness (ASR-09)	Build de la imagen OCI	2026-09-19T01:26:16.4529435Z #28 [runtime  3/10] COPY --chown=node:node package.json ./
imagen API · migrate deploy + readiness (ASR-09)	Build de la imagen OCI	2026-09-19T01:26:16.4530027Z #28 DONE 0.0s
imagen API · migrate deploy + readiness (ASR-09)	Build de la imagen OCI	2026-09-19T01:26:16.4530240Z 
imagen API · migrate deploy + readiness (ASR-09)	Build de la imagen OCI	2026-09-19T01:26:16.4530509Z #29 [runtime  4/10] COPY --chown=node:node prisma ./prisma
imagen API · migrate deploy + readiness (ASR-09)	Build de la imagen OCI	2026-09-19T01:26:16.4531079Z #29 DONE 0.0s
imagen API · migrate deploy + readiness (ASR-09)	Build de la imagen OCI	2026-09-19T01:26:16.4531281Z 
imagen API · migrate deploy + readiness (ASR-09)	Build de la imagen OCI	2026-09-19T01:26:16.4531915Z #30 [runtime  5/10] COPY --from=build --chown=node:node /app/packages/domain/package.json ./packages/domain/package.json
imagen API · migrate deploy + readiness (ASR-09)	Build de la imagen OCI	2026-09-19T01:26:16.4532890Z #30 DONE 0.0s
imagen API · migrate deploy + readiness (ASR-09)	Build de la imagen OCI	2026-09-19T01:26:16.4533088Z 
imagen API · migrate deploy + readiness (ASR-09)	Build de la imagen OCI	2026-09-19T01:26:16.4533604Z #31 [runtime  6/10] COPY --from=build --chown=node:node /app/packages/domain/dist ./packages/domain/dist
imagen API · migrate deploy + readiness (ASR-09)	Build de la imagen OCI	2026-09-19T01:26:16.4534455Z #31 DONE 0.0s
imagen API · migrate deploy + readiness (ASR-09)	Build de la imagen OCI	2026-09-19T01:26:16.5743417Z 
imagen API · migrate deploy + readiness (ASR-09)	Build de la imagen OCI	2026-09-19T01:26:16.5744368Z #32 [runtime  7/10] COPY --from=deps --chown=node:node /app/packages/domain/node_modules ./packages/domain/node_modules
imagen API · migrate deploy + readiness (ASR-09)	Build de la imagen OCI	2026-09-19T01:26:16.5745209Z #32 DONE 0.1s
imagen API · migrate deploy + readiness (ASR-09)	Build de la imagen OCI	2026-09-19T01:26:16.7760071Z 
imagen API · migrate deploy + readiness (ASR-09)	Build de la imagen OCI	2026-09-19T01:26:16.7761258Z #33 [runtime  8/10] COPY --from=build --chown=node:node /app/apps/api/package.json ./apps/api/package.json
imagen API · migrate deploy + readiness (ASR-09)	Build de la imagen OCI	2026-09-19T01:26:16.7762183Z #33 DONE 0.0s
imagen API · migrate deploy + readiness (ASR-09)	Build de la imagen OCI	2026-09-19T01:26:16.7762381Z 
imagen API · migrate deploy + readiness (ASR-09)	Build de la imagen OCI	2026-09-19T01:26:16.7763274Z #34 [runtime  9/10] COPY --from=build --chown=node:node /app/apps/api/dist ./apps/api/dist
imagen API · migrate deploy + readiness (ASR-09)	Build de la imagen OCI	2026-09-19T01:26:16.7764013Z #34 DONE 0.0s
imagen API · migrate deploy + readiness (ASR-09)	Build de la imagen OCI	2026-09-19T01:26:16.7764204Z 
imagen API · migrate deploy + readiness (ASR-09)	Build de la imagen OCI	2026-09-19T01:26:16.7764692Z #35 [runtime 10/10] COPY --chown=node:node apps/api/scripts/iniciar.sh ./apps/api/scripts/iniciar.sh
imagen API · migrate deploy + readiness (ASR-09)	Build de la imagen OCI	2026-09-19T01:26:16.7765475Z #35 DONE 0.0s
imagen API · migrate deploy + readiness (ASR-09)	Build de la imagen OCI	2026-09-19T01:26:16.7765673Z 
imagen API · migrate deploy + readiness (ASR-09)	Build de la imagen OCI	2026-09-19T01:26:16.7765819Z #36 exporting to image
imagen API · migrate deploy + readiness (ASR-09)	Build de la imagen OCI	2026-09-19T01:26:16.7766194Z #36 exporting layers
imagen API · migrate deploy + readiness (ASR-09)	Build de la imagen OCI	2026-09-19T01:26:20.8047602Z #36 exporting layers 4.2s done
imagen API · migrate deploy + readiness (ASR-09)	Build de la imagen OCI	2026-09-19T01:26:20.8231200Z #36 writing image sha256:0065c4a5fcde572beb24474ec5616114a905ecc71ca31956b4543b87288124b0 done
imagen API · migrate deploy + readiness (ASR-09)	Build de la imagen OCI	2026-09-19T01:26:20.8232204Z #36 naming to docker.io/library/be-api:c09bfa046ccbdc9bdab018fe9005b00e0f5e6819 done
imagen API · migrate deploy + readiness (ASR-09)	Build de la imagen OCI	2026-09-19T01:26:20.8232639Z #36 DONE 4.2s
imagen API · migrate deploy + readiness (ASR-09)	PostgreSQL 16 efímero	﻿2026-09-19T01:26:20.8399412Z ##[group]Run docker network create be
imagen API · migrate deploy + readiness (ASR-09)	PostgreSQL 16 efímero	2026-09-19T01:26:20.8399812Z ^[[36;1mdocker network create be^[[0m
imagen API · migrate deploy + readiness (ASR-09)	PostgreSQL 16 efímero	2026-09-19T01:26:20.8400128Z ^[[36;1mdocker run -d --name pg --network be \^[[0m
imagen API · migrate deploy + readiness (ASR-09)	PostgreSQL 16 efímero	2026-09-19T01:26:20.8400648Z ^[[36;1m  -e POSTGRES_USER=be_test -e POSTGRES_PASSWORD=be_test_sintetico -e POSTGRES_DB=be_test \^[[0m
imagen API · migrate deploy + readiness (ASR-09)	PostgreSQL 16 efímero	2026-09-19T01:26:20.8401122Z ^[[36;1m  postgres:16-alpine^[[0m
imagen API · migrate deploy + readiness (ASR-09)	PostgreSQL 16 efímero	2026-09-19T01:26:20.8401553Z ^[[36;1mfor i in $(seq 1 30); do docker exec pg pg_isready -U be_test -d be_test && break; sleep 2; done^[[0m
imagen API · migrate deploy + readiness (ASR-09)	PostgreSQL 16 efímero	2026-09-19T01:26:20.8439787Z shell: /usr/bin/bash -e {0}
imagen API · migrate deploy + readiness (ASR-09)	PostgreSQL 16 efímero	2026-09-19T01:26:20.8440051Z ##[endgroup]
imagen API · migrate deploy + readiness (ASR-09)	PostgreSQL 16 efímero	2026-09-19T01:26:20.8963511Z 54a016b6a4fcd2141f63010eb391a818e27d1020496841a7dc08f6cf669f1684
imagen API · migrate deploy + readiness (ASR-09)	PostgreSQL 16 efímero	2026-09-19T01:26:20.9103543Z Unable to find image 'postgres:16-alpine' locally
imagen API · migrate deploy + readiness (ASR-09)	PostgreSQL 16 efímero	2026-09-19T01:26:21.6352045Z 16-alpine: Pulling from library/postgres
imagen API · migrate deploy + readiness (ASR-09)	PostgreSQL 16 efímero	2026-09-19T01:26:21.8295185Z e2de96513ba9: Pulling fs layer
imagen API · migrate deploy + readiness (ASR-09)	PostgreSQL 16 efímero	2026-09-19T01:26:21.8295941Z 1b7f9cd581ee: Pulling fs layer
imagen API · migrate deploy + readiness (ASR-09)	PostgreSQL 16 efímero	2026-09-19T01:26:21.8296493Z 210b280f9556: Pulling fs layer
imagen API · migrate deploy + readiness (ASR-09)	PostgreSQL 16 efímero	2026-09-19T01:26:21.8297165Z 81717818649a: Pulling fs layer
imagen API · migrate deploy + readiness (ASR-09)	PostgreSQL 16 efímero	2026-09-19T01:26:21.8297753Z 3ae6141cfd99: Pulling fs layer
imagen API · migrate deploy + readiness (ASR-09)	PostgreSQL 16 efímero	2026-09-19T01:26:21.8298780Z 25b77f59fd95: Pulling fs layer
imagen API · migrate deploy + readiness (ASR-09)	PostgreSQL 16 efímero	2026-09-19T01:26:21.8299497Z 6c25da34e03f: Pulling fs layer
imagen API · migrate deploy + readiness (ASR-09)	PostgreSQL 16 efímero	2026-09-19T01:26:21.8300139Z a88782f92806: Pulling fs layer
imagen API · migrate deploy + readiness (ASR-09)	PostgreSQL 16 efímero	2026-09-19T01:26:21.8300527Z d8d21be4bf02: Pulling fs layer
imagen API · migrate deploy + readiness (ASR-09)	PostgreSQL 16 efímero	2026-09-19T01:26:21.8300886Z 6117bd39f23f: Pulling fs layer
imagen API · migrate deploy + readiness (ASR-09)	PostgreSQL 16 efímero	2026-09-19T01:26:21.8301483Z 509688edf37b: Pulling fs layer
imagen API · migrate deploy + readiness (ASR-09)	PostgreSQL 16 efímero	2026-09-19T01:26:21.8301964Z 81717818649a: Waiting
imagen API · migrate deploy + readiness (ASR-09)	PostgreSQL 16 efímero	2026-09-19T01:26:21.8302416Z 3ae6141cfd99: Waiting
imagen API · migrate deploy + readiness (ASR-09)	PostgreSQL 16 efímero	2026-09-19T01:26:21.8302799Z d8d21be4bf02: Waiting
imagen API · migrate deploy + readiness (ASR-09)	PostgreSQL 16 efímero	2026-09-19T01:26:21.8303283Z 25b77f59fd95: Waiting
imagen API · migrate deploy + readiness (ASR-09)	PostgreSQL 16 efímero	2026-09-19T01:26:21.8303688Z 6117bd39f23f: Waiting
imagen API · migrate deploy + readiness (ASR-09)	PostgreSQL 16 efímero	2026-09-19T01:26:21.8304281Z 6c25da34e03f: Waiting
imagen API · migrate deploy + readiness (ASR-09)	PostgreSQL 16 efímero	2026-09-19T01:26:21.8304793Z a88782f92806: Waiting
imagen API · migrate deploy + readiness (ASR-09)	PostgreSQL 16 efímero	2026-09-19T01:26:21.8305212Z 509688edf37b: Waiting
imagen API · migrate deploy + readiness (ASR-09)	PostgreSQL 16 efímero	2026-09-19T01:26:22.0273701Z 1b7f9cd581ee: Verifying Checksum
imagen API · migrate deploy + readiness (ASR-09)	PostgreSQL 16 efímero	2026-09-19T01:26:22.0274364Z 1b7f9cd581ee: Download complete
imagen API · migrate deploy + readiness (ASR-09)	PostgreSQL 16 efímero	2026-09-19T01:26:22.1232630Z 210b280f9556: Verifying Checksum
imagen API · migrate deploy + readiness (ASR-09)	PostgreSQL 16 efímero	2026-09-19T01:26:22.1233309Z 210b280f9556: Download complete
imagen API · migrate deploy + readiness (ASR-09)	PostgreSQL 16 efímero	2026-09-19T01:26:22.2031620Z e2de96513ba9: Verifying Checksum
imagen API · migrate deploy + readiness (ASR-09)	PostgreSQL 16 efímero	2026-09-19T01:26:22.2032246Z e2de96513ba9: Download complete
imagen API · migrate deploy + readiness (ASR-09)	PostgreSQL 16 efímero	2026-09-19T01:26:22.2211122Z 81717818649a: Verifying Checksum
imagen API · migrate deploy + readiness (ASR-09)	PostgreSQL 16 efímero	2026-09-19T01:26:22.2211644Z 81717818649a: Download complete
imagen API · migrate deploy + readiness (ASR-09)	PostgreSQL 16 efímero	2026-09-19T01:26:22.3113027Z e2de96513ba9: Pull complete
imagen API · migrate deploy + readiness (ASR-09)	PostgreSQL 16 efímero	2026-09-19T01:26:22.3291787Z 1b7f9cd581ee: Pull complete
imagen API · migrate deploy + readiness (ASR-09)	PostgreSQL 16 efímero	2026-09-19T01:26:22.3339895Z 3ae6141cfd99: Verifying Checksum
imagen API · migrate deploy + readiness (ASR-09)	PostgreSQL 16 efímero	2026-09-19T01:26:22.3340927Z 3ae6141cfd99: Download complete
imagen API · migrate deploy + readiness (ASR-09)	PostgreSQL 16 efímero	2026-09-19T01:26:22.3574501Z 210b280f9556: Pull complete
imagen API · migrate deploy + readiness (ASR-09)	PostgreSQL 16 efímero	2026-09-19T01:26:22.3666656Z 81717818649a: Pull complete
imagen API · migrate deploy + readiness (ASR-09)	PostgreSQL 16 efímero	2026-09-19T01:26:22.3738006Z 3ae6141cfd99: Pull complete
imagen API · migrate deploy + readiness (ASR-09)	PostgreSQL 16 efímero	2026-09-19T01:26:22.4342490Z 6c25da34e03f: Download complete
imagen API · migrate deploy + readiness (ASR-09)	PostgreSQL 16 efímero	2026-09-19T01:26:22.5452080Z a88782f92806: Download complete
imagen API · migrate deploy + readiness (ASR-09)	PostgreSQL 16 efímero	2026-09-19T01:26:22.6240989Z d8d21be4bf02: Verifying Checksum
imagen API · migrate deploy + readiness (ASR-09)	PostgreSQL 16 efímero	2026-09-19T01:26:22.6241487Z d8d21be4bf02: Download complete
imagen API · migrate deploy + readiness (ASR-09)	PostgreSQL 16 efímero	2026-09-19T01:26:22.7378585Z 6117bd39f23f: Verifying Checksum
imagen API · migrate deploy + readiness (ASR-09)	PostgreSQL 16 efímero	2026-09-19T01:26:22.7379312Z 6117bd39f23f: Download complete
imagen API · migrate deploy + readiness (ASR-09)	PostgreSQL 16 efímero	2026-09-19T01:26:22.8239475Z 509688edf37b: Verifying Checksum
imagen API · migrate deploy + readiness (ASR-09)	PostgreSQL 16 efímero	2026-09-19T01:26:22.8240891Z 509688edf37b: Download complete
imagen API · migrate deploy + readiness (ASR-09)	PostgreSQL 16 efímero	2026-09-19T01:26:22.9390555Z 25b77f59fd95: Verifying Checksum
imagen API · migrate deploy + readiness (ASR-09)	PostgreSQL 16 efímero	2026-09-19T01:26:22.9391087Z 25b77f59fd95: Download complete
imagen API · migrate deploy + readiness (ASR-09)	PostgreSQL 16 efímero	2026-09-19T01:26:25.3757383Z 25b77f59fd95: Pull complete
imagen API · migrate deploy + readiness (ASR-09)	PostgreSQL 16 efímero	2026-09-19T01:26:25.3907864Z 6c25da34e03f: Pull complete
imagen API · migrate deploy + readiness (ASR-09)	PostgreSQL 16 efímero	2026-09-19T01:26:25.4000117Z a88782f92806: Pull complete
imagen API · migrate deploy + readiness (ASR-09)	PostgreSQL 16 efímero	2026-09-19T01:26:25.4080978Z d8d21be4bf02: Pull complete
imagen API · migrate deploy + readiness (ASR-09)	PostgreSQL 16 efímero	2026-09-19T01:26:25.4177558Z 6117bd39f23f: Pull complete
imagen API · migrate deploy + readiness (ASR-09)	PostgreSQL 16 efímero	2026-09-19T01:26:25.4260362Z 509688edf37b: Pull complete
imagen API · migrate deploy + readiness (ASR-09)	PostgreSQL 16 efímero	2026-09-19T01:26:25.4298516Z Digest: sha256:3c5c8892d184f738f4fe282d14ddaa613a38f00f4189d2d94725ebe6f2909ddb
imagen API · migrate deploy + readiness (ASR-09)	PostgreSQL 16 efímero	2026-09-19T01:26:25.4308532Z Status: Downloaded newer image for postgres:16-alpine
imagen API · migrate deploy + readiness (ASR-09)	PostgreSQL 16 efímero	2026-09-19T01:26:25.4443900Z 70c6b10e6c93e48d240278529f50873a711a0b5cedaab971fb1dd87c6b147125
imagen API · migrate deploy + readiness (ASR-09)	PostgreSQL 16 efímero	2026-09-19T01:26:25.6653376Z /var/run/postgresql:5432 - no response
imagen API · migrate deploy + readiness (ASR-09)	PostgreSQL 16 efímero	2026-09-19T01:26:27.7268655Z /var/run/postgresql:5432 - accepting connections
imagen API · migrate deploy + readiness (ASR-09)	Arranque del artefacto (migraciones como fase del deploy)	﻿2026-09-19T01:26:27.7335372Z ##[group]Run # Secreto efímero generado en el runner: nunca en el repositorio ni en el log (08 §32).
imagen API · migrate deploy + readiness (ASR-09)	Arranque del artefacto (migraciones como fase del deploy)	2026-09-19T01:26:27.7336104Z ^[[36;1m# Secreto efímero generado en el runner: nunca en el repositorio ni en el log (08 §32).^[[0m
imagen API · migrate deploy + readiness (ASR-09)	Arranque del artefacto (migraciones como fase del deploy)	2026-09-19T01:26:27.7336641Z ^[[36;1mdocker run -d --name api --network be -p 3000:3000 \^[[0m
imagen API · migrate deploy + readiness (ASR-09)	Arranque del artefacto (migraciones como fase del deploy)	2026-09-19T01:26:27.7336989Z ^[[36;1m  -e APP_ENV=test \^[[0m
imagen API · migrate deploy + readiness (ASR-09)	Arranque del artefacto (migraciones como fase del deploy)	2026-09-19T01:26:27.7337639Z ^[[36;1m  -e DATABASE_URL=***pg:5432/be_test \^[[0m
imagen API · migrate deploy + readiness (ASR-09)	Arranque del artefacto (migraciones como fase del deploy)	2026-09-19T01:26:27.7337985Z ^[[36;1m  -e JWT_SECRET="$(openssl rand -hex 32)" \^[[0m
imagen API · migrate deploy + readiness (ASR-09)	Arranque del artefacto (migraciones como fase del deploy)	2026-09-19T01:26:27.7338854Z ^[[36;1m  be-api:c09bfa046ccbdc9bdab018fe9005b00e0f5e6819^[[0m
imagen API · migrate deploy + readiness (ASR-09)	Arranque del artefacto (migraciones como fase del deploy)	2026-09-19T01:26:27.7374980Z shell: /usr/bin/bash -e {0}
imagen API · migrate deploy + readiness (ASR-09)	Arranque del artefacto (migraciones como fase del deploy)	2026-09-19T01:26:27.7375241Z ##[endgroup]
imagen API · migrate deploy + readiness (ASR-09)	Arranque del artefacto (migraciones como fase del deploy)	2026-09-19T01:26:27.7734487Z 35aece702948188a37019f1566ff7a3338822161c466b35c141027a01c19a821
imagen API · migrate deploy + readiness (ASR-09)	Smoke — /health/ready 200 con el SHA esperado (07 §37)	﻿2026-09-19T01:26:27.9219917Z ##[group]Run for i in $(seq 1 30); do
imagen API · migrate deploy + readiness (ASR-09)	Smoke — /health/ready 200 con el SHA esperado (07 §37)	2026-09-19T01:26:27.9220424Z ^[[36;1mfor i in $(seq 1 30); do^[[0m
imagen API · migrate deploy + readiness (ASR-09)	Smoke — /health/ready 200 con el SHA esperado (07 §37)	2026-09-19T01:26:27.9221098Z ^[[36;1m  if curl -fsS http://localhost:3000/health/ready -o ready.json; then break; fi^[[0m
imagen API · migrate deploy + readiness (ASR-09)	Smoke — /health/ready 200 con el SHA esperado (07 §37)	2026-09-19T01:26:27.9221808Z ^[[36;1m  sleep 2^[[0m
imagen API · migrate deploy + readiness (ASR-09)	Smoke — /health/ready 200 con el SHA esperado (07 §37)	2026-09-19T01:26:27.9222132Z ^[[36;1mdone^[[0m
imagen API · migrate deploy + readiness (ASR-09)	Smoke — /health/ready 200 con el SHA esperado (07 §37)	2026-09-19T01:26:27.9222448Z ^[[36;1mdocker logs api^[[0m
imagen API · migrate deploy + readiness (ASR-09)	Smoke — /health/ready 200 con el SHA esperado (07 §37)	2026-09-19T01:26:27.9222814Z ^[[36;1mcat ready.json^[[0m
imagen API · migrate deploy + readiness (ASR-09)	Smoke — /health/ready 200 con el SHA esperado (07 §37)	2026-09-19T01:26:27.9223247Z ^[[36;1mtest "$(jq -r .data.estado ready.json)" = "OK"^[[0m
imagen API · migrate deploy + readiness (ASR-09)	Smoke — /health/ready 200 con el SHA esperado (07 §37)	2026-09-19T01:26:27.9223910Z ^[[36;1mtest "$(jq -r .data.dependencias.migraciones ready.json)" = "OK"^[[0m
imagen API · migrate deploy + readiness (ASR-09)	Smoke — /health/ready 200 con el SHA esperado (07 §37)	2026-09-19T01:26:27.9224825Z ^[[36;1mtest "$(jq -r .data.version.commit ready.json)" = "c09bfa046ccbdc9bdab018fe9005b00e0f5e6819"^[[0m
imagen API · migrate deploy + readiness (ASR-09)	Smoke — /health/ready 200 con el SHA esperado (07 §37)	2026-09-19T01:26:27.9225658Z ^[[36;1mcurl -fsS http://localhost:3000/health/live^[[0m
imagen API · migrate deploy + readiness (ASR-09)	Smoke — /health/ready 200 con el SHA esperado (07 §37)	2026-09-19T01:26:27.9226463Z ^[[36;1mtest "$(curl -s -o /dev/null -w '%{http_code}' http://localhost:3000/api/v1/no-existe)" = "404"^[[0m
imagen API · migrate deploy + readiness (ASR-09)	Smoke — /health/ready 200 con el SHA esperado (07 §37)	2026-09-19T01:26:27.9277455Z shell: /usr/bin/bash -e {0}
imagen API · migrate deploy + readiness (ASR-09)	Smoke — /health/ready 200 con el SHA esperado (07 §37)	2026-09-19T01:26:27.9277916Z ##[endgroup]
imagen API · migrate deploy + readiness (ASR-09)	Smoke — /health/ready 200 con el SHA esperado (07 §37)	2026-09-19T01:26:27.9468552Z curl: (56) Recv failure: Connection reset by peer
imagen API · migrate deploy + readiness (ASR-09)	Smoke — /health/ready 200 con el SHA esperado (07 §37)	2026-09-19T01:26:29.9789576Z warn The configuration property `package.json#prisma` is deprecated and will be removed in Prisma 7. Please migrate to a Prisma config file (e.g., `prisma.config.ts`).
imagen API · migrate deploy + readiness (ASR-09)	Smoke — /health/ready 200 con el SHA esperado (07 §37)	2026-09-19T01:26:29.9790504Z For more information, see: https://pris.ly/prisma-config
imagen API · migrate deploy + readiness (ASR-09)	Smoke — /health/ready 200 con el SHA esperado (07 §37)	2026-09-19T01:26:29.9790770Z 
imagen API · migrate deploy + readiness (ASR-09)	Smoke — /health/ready 200 con el SHA esperado (07 §37)	2026-09-19T01:26:29.9790896Z {"nivel":"info","evento":"migraciones_inicio"}
imagen API · migrate deploy + readiness (ASR-09)	Smoke — /health/ready 200 con el SHA esperado (07 §37)	2026-09-19T01:26:29.9791242Z Prisma schema loaded from prisma/schema.prisma
imagen API · migrate deploy + readiness (ASR-09)	Smoke — /health/ready 200 con el SHA esperado (07 §37)	2026-09-19T01:26:29.9791653Z Datasource "db": PostgreSQL database "be_test", schema "public" at "pg:5432"
imagen API · migrate deploy + readiness (ASR-09)	Smoke — /health/ready 200 con el SHA esperado (07 §37)	2026-09-19T01:26:29.9791954Z 
imagen API · migrate deploy + readiness (ASR-09)	Smoke — /health/ready 200 con el SHA esperado (07 §37)	2026-09-19T01:26:29.9792066Z 2 migrations found in prisma/migrations
imagen API · migrate deploy + readiness (ASR-09)	Smoke — /health/ready 200 con el SHA esperado (07 §37)	2026-09-19T01:26:29.9792252Z 
imagen API · migrate deploy + readiness (ASR-09)	Smoke — /health/ready 200 con el SHA esperado (07 §37)	2026-09-19T01:26:29.9792368Z Applying migration `20260916180000_identidad`
imagen API · migrate deploy + readiness (ASR-09)	Smoke — /health/ready 200 con el SHA esperado (07 §37)	2026-09-19T01:26:29.9792703Z Applying migration `20260918200000_identidad_y_sesiones`
imagen API · migrate deploy + readiness (ASR-09)	Smoke — /health/ready 200 con el SHA esperado (07 §37)	2026-09-19T01:26:29.9792934Z 
imagen API · migrate deploy + readiness (ASR-09)	Smoke — /health/ready 200 con el SHA esperado (07 §37)	2026-09-19T01:26:29.9793059Z The following migration(s) have been applied:
imagen API · migrate deploy + readiness (ASR-09)	Smoke — /health/ready 200 con el SHA esperado (07 §37)	2026-09-19T01:26:29.9793265Z 
imagen API · migrate deploy + readiness (ASR-09)	Smoke — /health/ready 200 con el SHA esperado (07 §37)	2026-09-19T01:26:29.9793344Z migrations/
imagen API · migrate deploy + readiness (ASR-09)	Smoke — /health/ready 200 con el SHA esperado (07 §37)	2026-09-19T01:26:29.9793778Z   └─ 20260916180000_identidad/
imagen API · migrate deploy + readiness (ASR-09)	Smoke — /health/ready 200 con el SHA esperado (07 §37)	2026-09-19T01:26:29.9794301Z     └─ migration.sql
imagen API · migrate deploy + readiness (ASR-09)	Smoke — /health/ready 200 con el SHA esperado (07 §37)	2026-09-19T01:26:29.9794571Z   └─ 20260918200000_identidad_y_sesiones/
imagen API · migrate deploy + readiness (ASR-09)	Smoke — /health/ready 200 con el SHA esperado (07 §37)	2026-09-19T01:26:29.9794852Z     └─ migration.sql
imagen API · migrate deploy + readiness (ASR-09)	Smoke — /health/ready 200 con el SHA esperado (07 §37)	2026-09-19T01:26:29.9795046Z       
imagen API · migrate deploy + readiness (ASR-09)	Smoke — /health/ready 200 con el SHA esperado (07 §37)	2026-09-19T01:26:29.9795268Z All migrations have been successfully applied.
imagen API · migrate deploy + readiness (ASR-09)	Smoke — /health/ready 200 con el SHA esperado (07 §37)	2026-09-19T01:26:29.9795573Z {"nivel":"info","evento":"migraciones_fin"}
imagen API · migrate deploy + readiness (ASR-09)	Smoke — /health/ready 200 con el SHA esperado (07 §37)	2026-09-19T01:26:29.9796381Z {"nivel":"info","evento":"api_iniciada","ambiente":"test","version":{"aplicacion":"0.1.0","commit":"c09bfa046ccbdc9bdab018fe9005b00e0f5e6819","construidoEn":"2026-09-19T01:26:15.977Z"},"puerto":3000}
imagen API · migrate deploy + readiness (ASR-09)	Smoke — /health/ready 200 con el SHA esperado (07 §37)	2026-09-19T01:26:29.9797419Z {"nivel":"info","requestId":"752da94a-6ed5-4f35-a768-d20da084f738","metodo":"GET","ruta":"/health/ready","status":200,"duracionMs":7}
imagen API · migrate deploy + readiness (ASR-09)	Smoke — /health/ready 200 con el SHA esperado (07 §37)	2026-09-19T01:26:30.0034715Z {"data":{"estado":"OK","ambiente":"test","version":{"aplicacion":"0.1.0","commit":"c09bfa046ccbdc9bdab018fe9005b00e0f5e6819","construidoEn":"2026-09-19T01:26:15.977Z"},"dependencias":{"baseDeDatos":"OK","migraciones":"OK"}}}{"data":{"estado":"OK","ambiente":"test","version":{"aplicacion":"0.1.0","commit":"c09bfa046ccbdc9bdab018fe9005b00e0f5e6819","construidoEn":"2026-09-19T01:26:15.977Z"}}}
imagen API · migrate deploy + readiness (ASR-09)	Smoke e2e del artefacto — registro A1+A2 → login → /me → A3 no otorgado → logout (WP-02)	﻿2026-09-19T01:26:30.0065046Z ##[group]Run B=http://localhost:3000/api/v1
imagen API · migrate deploy + readiness (ASR-09)	Smoke e2e del artefacto — registro A1+A2 → login → /me → A3 no otorgado → logout (WP-02)	2026-09-19T01:26:30.0065448Z ^[[36;1mB=http://localhost:3000/api/v1^[[0m
imagen API · migrate deploy + readiness (ASR-09)	Smoke e2e del artefacto — registro A1+A2 → login → /me → A3 no otorgado → logout (WP-02)	2026-09-19T01:26:30.0065793Z ^[[36;1mCORREO="persona-ci-35412614860@example.invalid"^[[0m
imagen API · migrate deploy + readiness (ASR-09)	Smoke e2e del artefacto — registro A1+A2 → login → /me → A3 no otorgado → logout (WP-02)	2026-09-19T01:26:30.0066886Z ^[[36;1mjq -n --arg c "$CORREO" '{registrationIntent:"ADVISEE",identity:{localIdentifier:$c,localCredential:"clave-sintetica-de-ci-01"},termsAcceptance:{versionId:"terminos-2026-09-demo"},privacyAcknowledgement:{versionId:"privacidad-2026-09-demo"}}' > alta.json^[[0m
imagen API · migrate deploy + readiness (ASR-09)	Smoke e2e del artefacto — registro A1+A2 → login → /me → A3 no otorgado → logout (WP-02)	2026-09-19T01:26:30.0068594Z ^[[36;1mtest "$(curl -s -o /dev/null -w '%{http_code}' -H 'Content-Type: application/json' -H "Idempotency-Key: ci-35412614860" -d @alta.json $B/registrations)" = "201"^[[0m
imagen API · migrate deploy + readiness (ASR-09)	Smoke e2e del artefacto — registro A1+A2 → login → /me → A3 no otorgado → logout (WP-02)	2026-09-19T01:26:30.0069608Z ^[[36;1mjq -n --arg c "$CORREO" '{method:"LOCAL",identifier:$c,credential:"clave-sintetica-de-ci-01"}' > login.json^[[0m
imagen API · migrate deploy + readiness (ASR-09)	Smoke e2e del artefacto — registro A1+A2 → login → /me → A3 no otorgado → logout (WP-02)	2026-09-19T01:26:30.0070407Z ^[[36;1mTOKEN=$(curl -fsS -H 'Content-Type: application/json' -d @login.json $B/auth/sessions | jq -r .data.session.accessToken)^[[0m
imagen API · migrate deploy + readiness (ASR-09)	Smoke e2e del artefacto — registro A1+A2 → login → /me → A3 no otorgado → logout (WP-02)	2026-09-19T01:26:30.0071003Z ^[[36;1mecho "::add-mask::$TOKEN"^[[0m
imagen API · migrate deploy + readiness (ASR-09)	Smoke e2e del artefacto — registro A1+A2 → login → /me → A3 no otorgado → logout (WP-02)	2026-09-19T01:26:30.0071660Z ^[[36;1mtest "$(curl -fsS -H "Authorization: ***" $B/me | jq -r .data.accountOperationalState)" = "OPERATIVA"^[[0m
imagen API · migrate deploy + readiness (ASR-09)	Smoke e2e del artefacto — registro A1+A2 → login → /me → A3 no otorgado → logout (WP-02)	2026-09-19T01:26:30.0072477Z ^[[36;1mtest "$(curl -fsS -H "Authorization: ***" $B/me/health-data-consent-requirement | jq -c .data.currentConsent)" = "null"^[[0m
imagen API · migrate deploy + readiness (ASR-09)	Smoke e2e del artefacto — registro A1+A2 → login → /me → A3 no otorgado → logout (WP-02)	2026-09-19T01:26:30.0073317Z ^[[36;1mtest "$(curl -s -o /dev/null -w '%{http_code}' -X DELETE -H "Authorization: ***" $B/auth/sessions/current)" = "204"^[[0m
imagen API · migrate deploy + readiness (ASR-09)	Smoke e2e del artefacto — registro A1+A2 → login → /me → A3 no otorgado → logout (WP-02)	2026-09-19T01:26:30.0074003Z ^[[36;1mtest "$(curl -s -o /dev/null -w '%{http_code}' -H "Authorization: ***" $B/me)" = "401"^[[0m
imagen API · migrate deploy + readiness (ASR-09)	Smoke e2e del artefacto — registro A1+A2 → login → /me → A3 no otorgado → logout (WP-02)	2026-09-19T01:26:30.0074502Z ^[[36;1m# El log del contenedor no contiene la credencial ni el correo.^[[0m
imagen API · migrate deploy + readiness (ASR-09)	Smoke e2e del artefacto — registro A1+A2 → login → /me → A3 no otorgado → logout (WP-02)	2026-09-19T01:26:30.0074993Z ^[[36;1m! docker logs api 2>&1 | grep -q -e "clave-sintetica-de-ci-01" -e "$CORREO"^[[0m
imagen API · migrate deploy + readiness (ASR-09)	Smoke e2e del artefacto — registro A1+A2 → login → /me → A3 no otorgado → logout (WP-02)	2026-09-19T01:26:30.0110682Z shell: /usr/bin/bash -e {0}
imagen API · migrate deploy + readiness (ASR-09)	Smoke e2e del artefacto — registro A1+A2 → login → /me → A3 no otorgado → logout (WP-02)	2026-09-19T01:26:30.0110946Z ##[endgroup]
imagen API · migrate deploy + readiness (ASR-09)	Post Run actions/checkout@v7	﻿2026-09-19T01:26:30.3011351Z Post job cleanup.
imagen API · migrate deploy + readiness (ASR-09)	Post Run actions/checkout@v7	2026-09-19T01:26:30.3857308Z [command]/usr/bin/git version
imagen API · migrate deploy + readiness (ASR-09)	Post Run actions/checkout@v7	2026-09-19T01:26:30.3899513Z git version 2.55.0
imagen API · migrate deploy + readiness (ASR-09)	Post Run actions/checkout@v7	2026-09-19T01:26:30.3944939Z Temporarily overriding HOME='/home/runner/work/_temp/bf205e6d-5ba2-424a-a330-7c7922a8eec7' before making global git config changes
imagen API · migrate deploy + readiness (ASR-09)	Post Run actions/checkout@v7	2026-09-19T01:26:30.3946537Z Adding repository directory to the temporary git global config as a safe directory
imagen API · migrate deploy + readiness (ASR-09)	Post Run actions/checkout@v7	2026-09-19T01:26:30.3950212Z [command]/usr/bin/git config --global --add safe.directory /home/runner/work/be/be
imagen API · migrate deploy + readiness (ASR-09)	Post Run actions/checkout@v7	2026-09-19T01:26:30.3982636Z Removing SSH command configuration
imagen API · migrate deploy + readiness (ASR-09)	Post Run actions/checkout@v7	2026-09-19T01:26:30.3989340Z [command]/usr/bin/git config --local --name-only --get-regexp core\.sshCommand
imagen API · migrate deploy + readiness (ASR-09)	Post Run actions/checkout@v7	2026-09-19T01:26:30.4024774Z [command]/usr/bin/git submodule foreach --recursive sh -c "git config --local --name-only --get-regexp 'core\.sshCommand' && git config --local --unset-all 'core.sshCommand' || :"
imagen API · migrate deploy + readiness (ASR-09)	Post Run actions/checkout@v7	2026-09-19T01:26:30.4267120Z Removing HTTP extra header
imagen API · migrate deploy + readiness (ASR-09)	Post Run actions/checkout@v7	2026-09-19T01:26:30.4274125Z [command]/usr/bin/git config --local --name-only --get-regexp http\.https\:\/\/github\.com\/\.extraheader
imagen API · migrate deploy + readiness (ASR-09)	Post Run actions/checkout@v7	2026-09-19T01:26:30.4311909Z [command]/usr/bin/git submodule foreach --recursive sh -c "git config --local --name-only --get-regexp 'http\.https\:\/\/github\.com\/\.extraheader' && git config --local --unset-all 'http.https://github.com/.extraheader' || :"
imagen API · migrate deploy + readiness (ASR-09)	Post Run actions/checkout@v7	2026-09-19T01:26:30.4571453Z Removing includeIf entries pointing to credentials config files
imagen API · migrate deploy + readiness (ASR-09)	Post Run actions/checkout@v7	2026-09-19T01:26:30.4578304Z [command]/usr/bin/git config --local --name-only --get-regexp ^includeIf\.gitdir:
imagen API · migrate deploy + readiness (ASR-09)	Post Run actions/checkout@v7	2026-09-19T01:26:30.4609746Z includeif.gitdir:/home/runner/work/be/be/.git.path
imagen API · migrate deploy + readiness (ASR-09)	Post Run actions/checkout@v7	2026-09-19T01:26:30.4619138Z includeif.gitdir:/home/runner/work/be/be/.git/worktrees/*.path
imagen API · migrate deploy + readiness (ASR-09)	Post Run actions/checkout@v7	2026-09-19T01:26:30.4626511Z includeif.gitdir:/github/workspace/.git.path
imagen API · migrate deploy + readiness (ASR-09)	Post Run actions/checkout@v7	2026-09-19T01:26:30.4627466Z includeif.gitdir:/github/workspace/.git/worktrees/*.path
imagen API · migrate deploy + readiness (ASR-09)	Post Run actions/checkout@v7	2026-09-19T01:26:30.4630236Z [command]/usr/bin/git config --local --get-all includeif.gitdir:/home/runner/work/be/be/.git.path
imagen API · migrate deploy + readiness (ASR-09)	Post Run actions/checkout@v7	2026-09-19T01:26:30.4646821Z /home/runner/work/_temp/git-credentials-24b096ef-d41c-4ca8-a2a9-df0898680f61.config
imagen API · migrate deploy + readiness (ASR-09)	Post Run actions/checkout@v7	2026-09-19T01:26:30.4659549Z [command]/usr/bin/git config --local --unset includeif.gitdir:/home/runner/work/be/be/.git.path \/home\/runner\/work\/_temp\/git\-credentials\-24b096ef\-d41c\-4ca8\-a2a9\-df0898680f61\.config
imagen API · migrate deploy + readiness (ASR-09)	Post Run actions/checkout@v7	2026-09-19T01:26:30.4705836Z [command]/usr/bin/git config --local --get-all includeif.gitdir:/home/runner/work/be/be/.git/worktrees/*.path
imagen API · migrate deploy + readiness (ASR-09)	Post Run actions/checkout@v7	2026-09-19T01:26:30.4735870Z /home/runner/work/_temp/git-credentials-24b096ef-d41c-4ca8-a2a9-df0898680f61.config
imagen API · migrate deploy + readiness (ASR-09)	Post Run actions/checkout@v7	2026-09-19T01:26:30.4747852Z [command]/usr/bin/git config --local --unset includeif.gitdir:/home/runner/work/be/be/.git/worktrees/*.path \/home\/runner\/work\/_temp\/git\-credentials\-24b096ef\-d41c\-4ca8\-a2a9\-df0898680f61\.config
imagen API · migrate deploy + readiness (ASR-09)	Post Run actions/checkout@v7	2026-09-19T01:26:30.4793925Z [command]/usr/bin/git config --local --get-all includeif.gitdir:/github/workspace/.git.path
imagen API · migrate deploy + readiness (ASR-09)	Post Run actions/checkout@v7	2026-09-19T01:26:30.4820191Z /github/runner_temp/git-credentials-24b096ef-d41c-4ca8-a2a9-df0898680f61.config
imagen API · migrate deploy + readiness (ASR-09)	Post Run actions/checkout@v7	2026-09-19T01:26:30.4830394Z [command]/usr/bin/git config --local --unset includeif.gitdir:/github/workspace/.git.path \/github\/runner_temp\/git\-credentials\-24b096ef\-d41c\-4ca8\-a2a9\-df0898680f61\.config
imagen API · migrate deploy + readiness (ASR-09)	Post Run actions/checkout@v7	2026-09-19T01:26:30.4870354Z [command]/usr/bin/git config --local --get-all includeif.gitdir:/github/workspace/.git/worktrees/*.path
imagen API · migrate deploy + readiness (ASR-09)	Post Run actions/checkout@v7	2026-09-19T01:26:30.4898886Z /github/runner_temp/git-credentials-24b096ef-d41c-4ca8-a2a9-df0898680f61.config
imagen API · migrate deploy + readiness (ASR-09)	Post Run actions/checkout@v7	2026-09-19T01:26:30.4911252Z [command]/usr/bin/git config --local --unset includeif.gitdir:/github/workspace/.git/worktrees/*.path \/github\/runner_temp\/git\-credentials\-24b096ef\-d41c\-4ca8\-a2a9\-df0898680f61\.config
imagen API · migrate deploy + readiness (ASR-09)	Post Run actions/checkout@v7	2026-09-19T01:26:30.4952432Z [command]/usr/bin/git submodule foreach --recursive git config --local --show-origin --name-only --get-regexp remote.origin.url
imagen API · migrate deploy + readiness (ASR-09)	Post Run actions/checkout@v7	2026-09-19T01:26:30.5223154Z Removing credentials config '/home/runner/work/_temp/git-credentials-24b096ef-d41c-4ca8-a2a9-df0898680f61.config'
imagen API · migrate deploy + readiness (ASR-09)	Complete job	﻿2026-09-19T01:26:30.5367557Z Cleaning up orphan processes
integración · PostgreSQL 16 (Testcontainers)	Set up job	﻿2026-09-19T01:25:40.5006335Z Current runner version: '2.337.0'
integración · PostgreSQL 16 (Testcontainers)	Set up job	2026-09-19T01:25:40.5024319Z ##[group]Runner Image Provisioner
integración · PostgreSQL 16 (Testcontainers)	Set up job	2026-09-19T01:25:40.5025291Z Hosted Compute Agent
integración · PostgreSQL 16 (Testcontainers)	Set up job	2026-09-19T01:25:40.5025808Z Version: 20260828.587
integración · PostgreSQL 16 (Testcontainers)	Set up job	2026-09-19T01:25:40.5026378Z Commit: abac92662cab4cc7352de4f9f9d2e2419aad9c29
integración · PostgreSQL 16 (Testcontainers)	Set up job	2026-09-19T01:25:40.5026991Z Build Date: 2026-08-28T16:44:25Z
integración · PostgreSQL 16 (Testcontainers)	Set up job	2026-09-19T01:25:40.5027517Z Worker ID: {f159253a-d8e4-4292-8676-f17bf9e70fef}
integración · PostgreSQL 16 (Testcontainers)	Set up job	2026-09-19T01:25:40.5028118Z Azure Region: westus3
integración · PostgreSQL 16 (Testcontainers)	Set up job	2026-09-19T01:25:40.5028576Z ##[endgroup]
integración · PostgreSQL 16 (Testcontainers)	Set up job	2026-09-19T01:25:40.5029729Z ##[group]Operating System
integración · PostgreSQL 16 (Testcontainers)	Set up job	2026-09-19T01:25:40.5030255Z Ubuntu
integración · PostgreSQL 16 (Testcontainers)	Set up job	2026-09-19T01:25:40.5030679Z 24.04.5
integración · PostgreSQL 16 (Testcontainers)	Set up job	2026-09-19T01:25:40.5031112Z LTS
integración · PostgreSQL 16 (Testcontainers)	Set up job	2026-09-19T01:25:40.5031528Z ##[endgroup]
integración · PostgreSQL 16 (Testcontainers)	Set up job	2026-09-19T01:25:40.5032001Z ##[group]Runner Image
integración · PostgreSQL 16 (Testcontainers)	Set up job	2026-09-19T01:25:40.5032513Z Image: ubuntu-24.04
integración · PostgreSQL 16 (Testcontainers)	Set up job	2026-09-19T01:25:40.5033005Z Version: 20260907.300.1
integración · PostgreSQL 16 (Testcontainers)	Set up job	2026-09-19T01:25:40.5034165Z Included Software: https://github.com/actions/runner-images/blob/ubuntu24/20260907.300/images/ubuntu/Ubuntu2404-Readme.md
integración · PostgreSQL 16 (Testcontainers)	Set up job	2026-09-19T01:25:40.5035692Z Image Release: https://github.com/actions/runner-images/releases/tag/ubuntu24%2F20260907.300
integración · PostgreSQL 16 (Testcontainers)	Set up job	2026-09-19T01:25:40.5036505Z ##[endgroup]
integración · PostgreSQL 16 (Testcontainers)	Set up job	2026-09-19T01:25:40.5037354Z ##[group]GITHUB_TOKEN Permissions
integración · PostgreSQL 16 (Testcontainers)	Set up job	2026-09-19T01:25:40.5039169Z Contents: read
integración · PostgreSQL 16 (Testcontainers)	Set up job	2026-09-19T01:25:40.5039640Z Metadata: read
integración · PostgreSQL 16 (Testcontainers)	Set up job	2026-09-19T01:25:40.5040132Z ##[endgroup]
integración · PostgreSQL 16 (Testcontainers)	Set up job	2026-09-19T01:25:40.5041763Z Secret source: Actions
integración · PostgreSQL 16 (Testcontainers)	Set up job	2026-09-19T01:25:40.5042539Z Cache mode: write
integración · PostgreSQL 16 (Testcontainers)	Set up job	2026-09-19T01:25:40.5043069Z Prepare workflow directory
integración · PostgreSQL 16 (Testcontainers)	Set up job	2026-09-19T01:25:40.5296139Z Prepare all required actions
integración · PostgreSQL 16 (Testcontainers)	Set up job	2026-09-19T01:25:40.5335412Z Getting action download info
integración · PostgreSQL 16 (Testcontainers)	Set up job	2026-09-19T01:25:40.8556460Z Download action repository 'actions/checkout@v7' (SHA:3d3c42e5aac5ba805825da76410c181273ba90b1)
integración · PostgreSQL 16 (Testcontainers)	Set up job	2026-09-19T01:25:40.9920898Z Download action repository 'actions/setup-node@v7' (SHA:820762786026740c76f36085b0efc47a31fe5020)
integración · PostgreSQL 16 (Testcontainers)	Set up job	2026-09-19T01:25:41.1077480Z Download action repository 'actions/upload-artifact@v4' (SHA:ea165f8d65b6e75b540449e92b4886f43607fa02)
integración · PostgreSQL 16 (Testcontainers)	Set up job	2026-09-19T01:25:41.3541191Z Complete job name: integración · PostgreSQL 16 (Testcontainers)
integración · PostgreSQL 16 (Testcontainers)	Run actions/checkout@v7	﻿2026-09-19T01:25:41.4184514Z ##[group]Run actions/checkout@v7
integración · PostgreSQL 16 (Testcontainers)	Run actions/checkout@v7	2026-09-19T01:25:41.4185345Z with:
integración · PostgreSQL 16 (Testcontainers)	Run actions/checkout@v7	2026-09-19T01:25:41.4185868Z   repository: Elian-Bufi/be
integración · PostgreSQL 16 (Testcontainers)	Run actions/checkout@v7	2026-09-19T01:25:41.4188980Z   token: ***
integración · PostgreSQL 16 (Testcontainers)	Run actions/checkout@v7	2026-09-19T01:25:41.4189429Z   ssh-strict: true
integración · PostgreSQL 16 (Testcontainers)	Run actions/checkout@v7	2026-09-19T01:25:41.4189844Z   ssh-user: git
integración · PostgreSQL 16 (Testcontainers)	Run actions/checkout@v7	2026-09-19T01:25:41.4190250Z   persist-credentials: true
integración · PostgreSQL 16 (Testcontainers)	Run actions/checkout@v7	2026-09-19T01:25:41.4190724Z   clean: true
integración · PostgreSQL 16 (Testcontainers)	Run actions/checkout@v7	2026-09-19T01:25:41.4191152Z   sparse-checkout-cone-mode: true
integración · PostgreSQL 16 (Testcontainers)	Run actions/checkout@v7	2026-09-19T01:25:41.4191696Z   fetch-depth: 1
integración · PostgreSQL 16 (Testcontainers)	Run actions/checkout@v7	2026-09-19T01:25:41.4192098Z   fetch-tags: false
integración · PostgreSQL 16 (Testcontainers)	Run actions/checkout@v7	2026-09-19T01:25:41.4192500Z   show-progress: true
integración · PostgreSQL 16 (Testcontainers)	Run actions/checkout@v7	2026-09-19T01:25:41.4192939Z   lfs: false
integración · PostgreSQL 16 (Testcontainers)	Run actions/checkout@v7	2026-09-19T01:25:41.4193351Z   submodules: false
integración · PostgreSQL 16 (Testcontainers)	Run actions/checkout@v7	2026-09-19T01:25:41.4193771Z   set-safe-directory: true
integración · PostgreSQL 16 (Testcontainers)	Run actions/checkout@v7	2026-09-19T01:25:41.4194248Z   allow-unsafe-pr-checkout: false
integración · PostgreSQL 16 (Testcontainers)	Run actions/checkout@v7	2026-09-19T01:25:41.4194858Z ##[endgroup]
integración · PostgreSQL 16 (Testcontainers)	Run actions/checkout@v7	2026-09-19T01:25:41.5081807Z Syncing repository: Elian-Bufi/be
integración · PostgreSQL 16 (Testcontainers)	Run actions/checkout@v7	2026-09-19T01:25:41.5083404Z ##[group]Getting Git version info
integración · PostgreSQL 16 (Testcontainers)	Run actions/checkout@v7	2026-09-19T01:25:41.5084199Z Working directory is '/home/runner/work/be/be'
integración · PostgreSQL 16 (Testcontainers)	Run actions/checkout@v7	2026-09-19T01:25:41.5085661Z [command]/usr/bin/git version
integración · PostgreSQL 16 (Testcontainers)	Run actions/checkout@v7	2026-09-19T01:25:41.5130394Z git version 2.55.0
integración · PostgreSQL 16 (Testcontainers)	Run actions/checkout@v7	2026-09-19T01:25:41.5151671Z ##[endgroup]
integración · PostgreSQL 16 (Testcontainers)	Run actions/checkout@v7	2026-09-19T01:25:41.5156841Z Temporarily overriding HOME='/home/runner/work/_temp/85b5c6c8-002c-4a32-9348-cc70680ac066' before making global git config changes
integración · PostgreSQL 16 (Testcontainers)	Run actions/checkout@v7	2026-09-19T01:25:41.5162140Z Adding repository directory to the temporary git global config as a safe directory
integración · PostgreSQL 16 (Testcontainers)	Run actions/checkout@v7	2026-09-19T01:25:41.5163731Z [command]/usr/bin/git config --global --add safe.directory /home/runner/work/be/be
integración · PostgreSQL 16 (Testcontainers)	Run actions/checkout@v7	2026-09-19T01:25:41.5204069Z Deleting the contents of '/home/runner/work/be/be'
integración · PostgreSQL 16 (Testcontainers)	Run actions/checkout@v7	2026-09-19T01:25:41.5207032Z ##[group]Determining repository object format
integración · PostgreSQL 16 (Testcontainers)	Run actions/checkout@v7	2026-09-19T01:25:41.5209800Z ##[endgroup]
integración · PostgreSQL 16 (Testcontainers)	Run actions/checkout@v7	2026-09-19T01:25:41.5212030Z ##[group]Initializing the repository
integración · PostgreSQL 16 (Testcontainers)	Run actions/checkout@v7	2026-09-19T01:25:41.5223896Z [command]/usr/bin/git init /home/runner/work/be/be
integración · PostgreSQL 16 (Testcontainers)	Run actions/checkout@v7	2026-09-19T01:25:41.5286564Z hint: Using 'master' as the name for the initial branch. This default branch name
integración · PostgreSQL 16 (Testcontainers)	Run actions/checkout@v7	2026-09-19T01:25:41.5288589Z hint: will change to "main" in Git 3.0. To configure the initial branch name
integración · PostgreSQL 16 (Testcontainers)	Run actions/checkout@v7	2026-09-19T01:25:41.5289900Z hint: to use in all of your new repositories, which will suppress this warning,
integración · PostgreSQL 16 (Testcontainers)	Run actions/checkout@v7	2026-09-19T01:25:41.5290911Z hint: call:
integración · PostgreSQL 16 (Testcontainers)	Run actions/checkout@v7	2026-09-19T01:25:41.5291580Z hint:
integración · PostgreSQL 16 (Testcontainers)	Run actions/checkout@v7	2026-09-19T01:25:41.5292286Z hint: 	git config --global init.defaultBranch <name>
integración · PostgreSQL 16 (Testcontainers)	Run actions/checkout@v7	2026-09-19T01:25:41.5293109Z hint:
integración · PostgreSQL 16 (Testcontainers)	Run actions/checkout@v7	2026-09-19T01:25:41.5293996Z hint: Names commonly chosen instead of 'master' are 'main', 'trunk' and
integración · PostgreSQL 16 (Testcontainers)	Run actions/checkout@v7	2026-09-19T01:25:41.5295321Z hint: 'development'. The just-created branch can be renamed via this command:
integración · PostgreSQL 16 (Testcontainers)	Run actions/checkout@v7	2026-09-19T01:25:41.5296422Z hint:
integración · PostgreSQL 16 (Testcontainers)	Run actions/checkout@v7	2026-09-19T01:25:41.5297000Z hint: 	git branch -m <name>
integración · PostgreSQL 16 (Testcontainers)	Run actions/checkout@v7	2026-09-19T01:25:41.5297592Z hint:
integración · PostgreSQL 16 (Testcontainers)	Run actions/checkout@v7	2026-09-19T01:25:41.5298416Z hint: Disable this message with "git config set advice.defaultBranchName false"
integración · PostgreSQL 16 (Testcontainers)	Run actions/checkout@v7	2026-09-19T01:25:41.5299583Z Initialized empty Git repository in /home/runner/work/be/be/.git/
integración · PostgreSQL 16 (Testcontainers)	Run actions/checkout@v7	2026-09-19T01:25:41.5301884Z [command]/usr/bin/git remote add origin https://github.com/Elian-Bufi/be
integración · PostgreSQL 16 (Testcontainers)	Run actions/checkout@v7	2026-09-19T01:25:41.5330089Z ##[endgroup]
integración · PostgreSQL 16 (Testcontainers)	Run actions/checkout@v7	2026-09-19T01:25:41.5330814Z ##[group]Disabling automatic garbage collection
integración · PostgreSQL 16 (Testcontainers)	Run actions/checkout@v7	2026-09-19T01:25:41.5333830Z [command]/usr/bin/git config --local gc.auto 0
integración · PostgreSQL 16 (Testcontainers)	Run actions/checkout@v7	2026-09-19T01:25:41.5356879Z ##[endgroup]
integración · PostgreSQL 16 (Testcontainers)	Run actions/checkout@v7	2026-09-19T01:25:41.5357811Z ##[group]Setting up auth
integración · PostgreSQL 16 (Testcontainers)	Run actions/checkout@v7	2026-09-19T01:25:41.5358729Z Removing SSH command configuration
integración · PostgreSQL 16 (Testcontainers)	Run actions/checkout@v7	2026-09-19T01:25:41.5361809Z [command]/usr/bin/git config --local --name-only --get-regexp core\.sshCommand
integración · PostgreSQL 16 (Testcontainers)	Run actions/checkout@v7	2026-09-19T01:25:41.5391006Z [command]/usr/bin/git submodule foreach --recursive sh -c "git config --local --name-only --get-regexp 'core\.sshCommand' && git config --local --unset-all 'core.sshCommand' || :"
integración · PostgreSQL 16 (Testcontainers)	Run actions/checkout@v7	2026-09-19T01:25:41.5721155Z Removing HTTP extra header
integración · PostgreSQL 16 (Testcontainers)	Run actions/checkout@v7	2026-09-19T01:25:41.5729567Z [command]/usr/bin/git config --local --name-only --get-regexp http\.https\:\/\/github\.com\/\.extraheader
integración · PostgreSQL 16 (Testcontainers)	Run actions/checkout@v7	2026-09-19T01:25:41.5770051Z [command]/usr/bin/git submodule foreach --recursive sh -c "git config --local --name-only --get-regexp 'http\.https\:\/\/github\.com\/\.extraheader' && git config --local --unset-all 'http.https://github.com/.extraheader' || :"
integración · PostgreSQL 16 (Testcontainers)	Run actions/checkout@v7	2026-09-19T01:25:41.6021019Z Removing includeIf entries pointing to credentials config files
integración · PostgreSQL 16 (Testcontainers)	Run actions/checkout@v7	2026-09-19T01:25:41.6022084Z [command]/usr/bin/git config --local --name-only --get-regexp ^includeIf\.gitdir:
integración · PostgreSQL 16 (Testcontainers)	Run actions/checkout@v7	2026-09-19T01:25:41.6054673Z [command]/usr/bin/git submodule foreach --recursive git config --local --show-origin --name-only --get-regexp remote.origin.url
integración · PostgreSQL 16 (Testcontainers)	Run actions/checkout@v7	2026-09-19T01:25:41.6211788Z [command]/usr/bin/git config --file /home/runner/work/_temp/git-credentials-d7b4e45e-aad6-44a0-894e-fd27381e358b.config http.https://github.com/.extraheader AUTHORIZATION: basic ***
integración · PostgreSQL 16 (Testcontainers)	Run actions/checkout@v7	2026-09-19T01:25:41.6239364Z [command]/usr/bin/git config --local includeIf.gitdir:/home/runner/work/be/be/.git.path /home/runner/work/_temp/git-credentials-d7b4e45e-aad6-44a0-894e-fd27381e358b.config
integración · PostgreSQL 16 (Testcontainers)	Run actions/checkout@v7	2026-09-19T01:25:41.6261365Z [command]/usr/bin/git config --local includeIf.gitdir:/home/runner/work/be/be/.git/worktrees/*.path /home/runner/work/_temp/git-credentials-d7b4e45e-aad6-44a0-894e-fd27381e358b.config
integración · PostgreSQL 16 (Testcontainers)	Run actions/checkout@v7	2026-09-19T01:25:41.6285796Z [command]/usr/bin/git config --local includeIf.gitdir:/github/workspace/.git.path /github/runner_temp/git-credentials-d7b4e45e-aad6-44a0-894e-fd27381e358b.config
integración · PostgreSQL 16 (Testcontainers)	Run actions/checkout@v7	2026-09-19T01:25:41.6308774Z [command]/usr/bin/git config --local includeIf.gitdir:/github/workspace/.git/worktrees/*.path /github/runner_temp/git-credentials-d7b4e45e-aad6-44a0-894e-fd27381e358b.config
integración · PostgreSQL 16 (Testcontainers)	Run actions/checkout@v7	2026-09-19T01:25:41.6328111Z ##[endgroup]
integración · PostgreSQL 16 (Testcontainers)	Run actions/checkout@v7	2026-09-19T01:25:41.6329115Z ##[group]Fetching the repository
integración · PostgreSQL 16 (Testcontainers)	Run actions/checkout@v7	2026-09-19T01:25:41.6332924Z [command]/usr/bin/git -c protocol.version=2 fetch --no-tags --prune --no-recurse-submodules --depth=1 origin +c09bfa046ccbdc9bdab018fe9005b00e0f5e6819:refs/remotes/origin/main
integración · PostgreSQL 16 (Testcontainers)	Run actions/checkout@v7	2026-09-19T01:25:42.9511826Z From https://github.com/Elian-Bufi/be
integración · PostgreSQL 16 (Testcontainers)	Run actions/checkout@v7	2026-09-19T01:25:42.9513936Z  * [new ref]         c09bfa046ccbdc9bdab018fe9005b00e0f5e6819 -> origin/main
integración · PostgreSQL 16 (Testcontainers)	Run actions/checkout@v7	2026-09-19T01:25:42.9521184Z [command]/usr/bin/git branch --list --remote origin/main
integración · PostgreSQL 16 (Testcontainers)	Run actions/checkout@v7	2026-09-19T01:25:42.9544181Z   origin/main
integración · PostgreSQL 16 (Testcontainers)	Run actions/checkout@v7	2026-09-19T01:25:42.9550192Z [command]/usr/bin/git rev-parse refs/remotes/origin/main
integración · PostgreSQL 16 (Testcontainers)	Run actions/checkout@v7	2026-09-19T01:25:42.9569067Z c09bfa046ccbdc9bdab018fe9005b00e0f5e6819
integración · PostgreSQL 16 (Testcontainers)	Run actions/checkout@v7	2026-09-19T01:25:42.9573305Z ##[endgroup]
integración · PostgreSQL 16 (Testcontainers)	Run actions/checkout@v7	2026-09-19T01:25:42.9575785Z ##[group]Determining the checkout info
integración · PostgreSQL 16 (Testcontainers)	Run actions/checkout@v7	2026-09-19T01:25:42.9578485Z ##[endgroup]
integración · PostgreSQL 16 (Testcontainers)	Run actions/checkout@v7	2026-09-19T01:25:42.9579977Z [command]/usr/bin/git sparse-checkout disable
integración · PostgreSQL 16 (Testcontainers)	Run actions/checkout@v7	2026-09-19T01:25:42.9619759Z [command]/usr/bin/git config --local --unset-all extensions.worktreeConfig
integración · PostgreSQL 16 (Testcontainers)	Run actions/checkout@v7	2026-09-19T01:25:42.9644566Z ##[group]Checking out the ref
integración · PostgreSQL 16 (Testcontainers)	Run actions/checkout@v7	2026-09-19T01:25:42.9647347Z [command]/usr/bin/git checkout --progress --force -B main refs/remotes/origin/main
integración · PostgreSQL 16 (Testcontainers)	Run actions/checkout@v7	2026-09-19T01:25:43.0389565Z Switched to a new branch 'main'
integración · PostgreSQL 16 (Testcontainers)	Run actions/checkout@v7	2026-09-19T01:25:43.0393441Z branch 'main' set up to track 'origin/main'.
integración · PostgreSQL 16 (Testcontainers)	Run actions/checkout@v7	2026-09-19T01:25:43.0401601Z ##[endgroup]
integración · PostgreSQL 16 (Testcontainers)	Run actions/checkout@v7	2026-09-19T01:25:43.0439081Z [command]/usr/bin/git log -1 --format=%H
integración · PostgreSQL 16 (Testcontainers)	Run actions/checkout@v7	2026-09-19T01:25:43.0460242Z c09bfa046ccbdc9bdab018fe9005b00e0f5e6819
integración · PostgreSQL 16 (Testcontainers)	Run actions/setup-node@v7	﻿2026-09-19T01:25:43.0786429Z ##[group]Run actions/setup-node@v7
integración · PostgreSQL 16 (Testcontainers)	Run actions/setup-node@v7	2026-09-19T01:25:43.0787559Z with:
integración · PostgreSQL 16 (Testcontainers)	Run actions/setup-node@v7	2026-09-19T01:25:43.0788431Z   node-version-file: .nvmrc
integración · PostgreSQL 16 (Testcontainers)	Run actions/setup-node@v7	2026-09-19T01:25:43.0789407Z   cache: npm
integración · PostgreSQL 16 (Testcontainers)	Run actions/setup-node@v7	2026-09-19T01:25:43.0790238Z   check-latest: false
integración · PostgreSQL 16 (Testcontainers)	Run actions/setup-node@v7	2026-09-19T01:25:43.0798360Z   token: ***
integración · PostgreSQL 16 (Testcontainers)	Run actions/setup-node@v7	2026-09-19T01:25:43.0799284Z   package-manager-cache: true
integración · PostgreSQL 16 (Testcontainers)	Run actions/setup-node@v7	2026-09-19T01:25:43.0800289Z ##[endgroup]
integración · PostgreSQL 16 (Testcontainers)	Run actions/setup-node@v7	2026-09-19T01:25:43.1812758Z Node version file is not JSON file
integración · PostgreSQL 16 (Testcontainers)	Run actions/setup-node@v7	2026-09-19T01:25:43.1814383Z Resolved .nvmrc as 22.23.2
integración · PostgreSQL 16 (Testcontainers)	Run actions/setup-node@v7	2026-09-19T01:25:43.1833617Z Found in cache @ /opt/hostedtoolcache/node/22.23.2/x64
integración · PostgreSQL 16 (Testcontainers)	Run actions/setup-node@v7	2026-09-19T01:25:43.1835934Z ##[group]Environment details
integración · PostgreSQL 16 (Testcontainers)	Run actions/setup-node@v7	2026-09-19T01:25:43.4954347Z node: v22.23.2
integración · PostgreSQL 16 (Testcontainers)	Run actions/setup-node@v7	2026-09-19T01:25:43.4955632Z npm: 10.9.8
integración · PostgreSQL 16 (Testcontainers)	Run actions/setup-node@v7	2026-09-19T01:25:43.4956351Z yarn: 1.22.22
integración · PostgreSQL 16 (Testcontainers)	Run actions/setup-node@v7	2026-09-19T01:25:43.4957571Z ##[endgroup]
integración · PostgreSQL 16 (Testcontainers)	Run actions/setup-node@v7	2026-09-19T01:25:43.4972216Z [command]/opt/hostedtoolcache/node/22.23.2/x64/bin/npm config get cache
integración · PostgreSQL 16 (Testcontainers)	Run actions/setup-node@v7	2026-09-19T01:25:43.5870116Z /home/runner/.npm
integración · PostgreSQL 16 (Testcontainers)	Run actions/setup-node@v7	2026-09-19T01:25:43.7929539Z Cache hit for: node-cache-Linux-x64-npm-035442b6e162ca43476981c9c2b12aaf09857145993c221f83d7202f95647faa
integración · PostgreSQL 16 (Testcontainers)	Run actions/setup-node@v7	2026-09-19T01:25:45.0303487Z Received 29360128 of 334991070 (8.8%), 28.0 MBs/sec
integración · PostgreSQL 16 (Testcontainers)	Run actions/setup-node@v7	2026-09-19T01:25:46.0306970Z Received 134217728 of 334991070 (40.1%), 64.0 MBs/sec
integración · PostgreSQL 16 (Testcontainers)	Run actions/setup-node@v7	2026-09-19T01:25:47.0336773Z Received 301989888 of 334991070 (90.1%), 95.9 MBs/sec
integración · PostgreSQL 16 (Testcontainers)	Run actions/setup-node@v7	2026-09-19T01:25:47.2147821Z Received 334991070 of 334991070 (100.0%), 100.3 MBs/sec
integración · PostgreSQL 16 (Testcontainers)	Run actions/setup-node@v7	2026-09-19T01:25:47.2148879Z Cache Size: ~319 MB (334991070 B)
integración · PostgreSQL 16 (Testcontainers)	Run actions/setup-node@v7	2026-09-19T01:25:47.2258659Z [command]/usr/bin/tar -xf /home/runner/work/_temp/93ad0a26-670c-4e4f-b8dd-af2b436e10ea/cache.tzst -P -C /home/runner/work/be/be --use-compress-program unzstd
integración · PostgreSQL 16 (Testcontainers)	Run actions/setup-node@v7	2026-09-19T01:25:47.5546788Z Cache restored successfully
integración · PostgreSQL 16 (Testcontainers)	Run actions/setup-node@v7	2026-09-19T01:25:47.5655856Z Cache restored from key: node-cache-Linux-x64-npm-035442b6e162ca43476981c9c2b12aaf09857145993c221f83d7202f95647faa
integración · PostgreSQL 16 (Testcontainers)	Run npm ci	﻿2026-09-19T01:25:47.5788833Z ##[group]Run npm ci
integración · PostgreSQL 16 (Testcontainers)	Run npm ci	2026-09-19T01:25:47.5789299Z ^[[36;1mnpm ci^[[0m
integración · PostgreSQL 16 (Testcontainers)	Run npm ci	2026-09-19T01:25:47.5821187Z shell: /usr/bin/bash -e {0}
integración · PostgreSQL 16 (Testcontainers)	Run npm ci	2026-09-19T01:25:47.5821640Z ##[endgroup]
integración · PostgreSQL 16 (Testcontainers)	Run npm ci	2026-09-19T01:25:54.3401070Z npm warn deprecated uuid@7.0.3: uuid@10 and below is no longer supported.  For ESM codebases, update to uuid@latest.  For CommonJS codebases, use uuid@11 (but be aware this version will likely be deprecated in 2028).
integración · PostgreSQL 16 (Testcontainers)	Run npm ci	2026-09-19T01:25:54.7177398Z npm warn deprecated glob@10.5.0: Old versions of glob are not supported, and contain widely publicized security vulnerabilities, which have been fixed in the current version. Please update. Support for old versions may be purchased (at exorbitant rates) by contacting i@izs.me
integración · PostgreSQL 16 (Testcontainers)	Run npm ci	2026-09-19T01:25:54.7180274Z npm warn deprecated glob@10.5.0: Old versions of glob are not supported, and contain widely publicized security vulnerabilities, which have been fixed in the current version. Please update. Support for old versions may be purchased (at exorbitant rates) by contacting i@izs.me
integración · PostgreSQL 16 (Testcontainers)	Run npm ci	2026-09-19T01:26:11.1335847Z 
integración · PostgreSQL 16 (Testcontainers)	Run npm ci	2026-09-19T01:26:11.1337588Z added 978 packages, and audited 983 packages in 24s
integración · PostgreSQL 16 (Testcontainers)	Run npm ci	2026-09-19T01:26:11.1821196Z 
integración · PostgreSQL 16 (Testcontainers)	Run npm ci	2026-09-19T01:26:11.1822176Z 10 moderate severity vulnerabilities
integración · PostgreSQL 16 (Testcontainers)	Run npm ci	2026-09-19T01:26:11.1822475Z 
integración · PostgreSQL 16 (Testcontainers)	Run npm ci	2026-09-19T01:26:11.1822854Z To address issues that do not require attention, run:
integración · PostgreSQL 16 (Testcontainers)	Run npm ci	2026-09-19T01:26:11.1823280Z   npm audit fix
integración · PostgreSQL 16 (Testcontainers)	Run npm ci	2026-09-19T01:26:11.1823473Z 
integración · PostgreSQL 16 (Testcontainers)	Run npm ci	2026-09-19T01:26:11.1823753Z To address all issues (including breaking changes), run:
integración · PostgreSQL 16 (Testcontainers)	Run npm ci	2026-09-19T01:26:11.1824204Z   npm audit fix --force
integración · PostgreSQL 16 (Testcontainers)	Run npm ci	2026-09-19T01:26:11.1824405Z 
integración · PostgreSQL 16 (Testcontainers)	Run npm ci	2026-09-19T01:26:11.1824559Z Run `npm audit` for details.
integración · PostgreSQL 16 (Testcontainers)	Run npx prisma generate	﻿2026-09-19T01:26:11.2414292Z ##[group]Run npx prisma generate
integración · PostgreSQL 16 (Testcontainers)	Run npx prisma generate	2026-09-19T01:26:11.2414670Z ^[[36;1mnpx prisma generate^[[0m
integración · PostgreSQL 16 (Testcontainers)	Run npx prisma generate	2026-09-19T01:26:11.2438434Z shell: /usr/bin/bash -e {0}
integración · PostgreSQL 16 (Testcontainers)	Run npx prisma generate	2026-09-19T01:26:11.2438803Z ##[endgroup]
integración · PostgreSQL 16 (Testcontainers)	Run npx prisma generate	2026-09-19T01:26:11.9767153Z warn The configuration property `package.json#prisma` is deprecated and will be removed in Prisma 7. Please migrate to a Prisma config file (e.g., `prisma.config.ts`).
integración · PostgreSQL 16 (Testcontainers)	Run npx prisma generate	2026-09-19T01:26:11.9768101Z For more information, see: https://pris.ly/prisma-config
integración · PostgreSQL 16 (Testcontainers)	Run npx prisma generate	2026-09-19T01:26:11.9768370Z 
integración · PostgreSQL 16 (Testcontainers)	Run npx prisma generate	2026-09-19T01:26:12.0935626Z Prisma schema loaded from prisma/schema.prisma
integración · PostgreSQL 16 (Testcontainers)	Run npx prisma generate	2026-09-19T01:26:12.3002732Z ┌─────────────────────────────────────────────────────────┐
integración · PostgreSQL 16 (Testcontainers)	Run npx prisma generate	2026-09-19T01:26:12.3003558Z 
integración · PostgreSQL 16 (Testcontainers)	Run npx prisma generate	2026-09-19T01:26:12.3004171Z ✔ Generated Prisma Client (v6.19.3) to ./node_modules/@prisma/client in 96ms
integración · PostgreSQL 16 (Testcontainers)	Run npx prisma generate	2026-09-19T01:26:12.3004640Z 
integración · PostgreSQL 16 (Testcontainers)	Run npx prisma generate	2026-09-19T01:26:12.3007920Z Start by importing your Prisma Client (See: https://pris.ly/d/importing-client)
integración · PostgreSQL 16 (Testcontainers)	Run npx prisma generate	2026-09-19T01:26:12.3008598Z 
integración · PostgreSQL 16 (Testcontainers)	Run npx prisma generate	2026-09-19T01:26:12.3009234Z Tip: Want to turn off tips and other hints? https://pris.ly/tip-4-nohints
integración · PostgreSQL 16 (Testcontainers)	Run npx prisma generate	2026-09-19T01:26:12.3009890Z 
integración · PostgreSQL 16 (Testcontainers)	Run npx prisma generate	2026-09-19T01:26:12.3010563Z │  Update available 6.19.3 -> 8.0.0-rc.15                 │
integración · PostgreSQL 16 (Testcontainers)	Run npx prisma generate	2026-09-19T01:26:12.3011119Z │                                                         │
integración · PostgreSQL 16 (Testcontainers)	Run npx prisma generate	2026-09-19T01:26:12.3011594Z │  This is a major update - please follow the guide at    │
integración · PostgreSQL 16 (Testcontainers)	Run npx prisma generate	2026-09-19T01:26:12.3012097Z │  https://pris.ly/d/major-version-upgrade                │
integración · PostgreSQL 16 (Testcontainers)	Run npx prisma generate	2026-09-19T01:26:12.3012637Z │                                                         │
integración · PostgreSQL 16 (Testcontainers)	Run npx prisma generate	2026-09-19T01:26:12.3013079Z │  Run the following to update                            │
integración · PostgreSQL 16 (Testcontainers)	Run npx prisma generate	2026-09-19T01:26:12.3013589Z │    npm i --save-dev prisma@latest                       │
integración · PostgreSQL 16 (Testcontainers)	Run npx prisma generate	2026-09-19T01:26:12.3014077Z │    npm i @prisma/client@latest                          │
integración · PostgreSQL 16 (Testcontainers)	Run npx prisma generate	2026-09-19T01:26:12.3014567Z └─────────────────────────────────────────────────────────┘
integración · PostgreSQL 16 (Testcontainers)	Schema vs 06 · identidad y sesiones (TEST-AUTH-*) · readiness · migración fallida aborta	﻿2026-09-19T01:26:12.3262113Z ##[group]Run npm run build:domain && npm run test:integration -w @be/api -- --verbose --json --outputFile=/home/runner/work/be/be/resultados-integracion.json
integración · PostgreSQL 16 (Testcontainers)	Schema vs 06 · identidad y sesiones (TEST-AUTH-*) · readiness · migración fallida aborta	2026-09-19T01:26:12.3263051Z ^[[36;1mnpm run build:domain && npm run test:integration -w @be/api -- --verbose --json --outputFile=/home/runner/work/be/be/resultados-integracion.json^[[0m
integración · PostgreSQL 16 (Testcontainers)	Schema vs 06 · identidad y sesiones (TEST-AUTH-*) · readiness · migración fallida aborta	2026-09-19T01:26:12.3284392Z shell: /usr/bin/bash -e {0}
integración · PostgreSQL 16 (Testcontainers)	Schema vs 06 · identidad y sesiones (TEST-AUTH-*) · readiness · migración fallida aborta	2026-09-19T01:26:12.3284764Z ##[endgroup]
integración · PostgreSQL 16 (Testcontainers)	Schema vs 06 · identidad y sesiones (TEST-AUTH-*) · readiness · migración fallida aborta	2026-09-19T01:26:12.4058314Z 
integración · PostgreSQL 16 (Testcontainers)	Schema vs 06 · identidad y sesiones (TEST-AUTH-*) · readiness · migración fallida aborta	2026-09-19T01:26:12.4059049Z > be@0.1.0 build:domain
integración · PostgreSQL 16 (Testcontainers)	Schema vs 06 · identidad y sesiones (TEST-AUTH-*) · readiness · migración fallida aborta	2026-09-19T01:26:12.4059506Z > npm run build -w @be/domain
integración · PostgreSQL 16 (Testcontainers)	Schema vs 06 · identidad y sesiones (TEST-AUTH-*) · readiness · migración fallida aborta	2026-09-19T01:26:12.4059672Z 
integración · PostgreSQL 16 (Testcontainers)	Schema vs 06 · identidad y sesiones (TEST-AUTH-*) · readiness · migración fallida aborta	2026-09-19T01:26:12.4993042Z 
integración · PostgreSQL 16 (Testcontainers)	Schema vs 06 · identidad y sesiones (TEST-AUTH-*) · readiness · migración fallida aborta	2026-09-19T01:26:12.4993567Z > @be/domain@0.1.0 build
integración · PostgreSQL 16 (Testcontainers)	Schema vs 06 · identidad y sesiones (TEST-AUTH-*) · readiness · migración fallida aborta	2026-09-19T01:26:12.4994194Z > tsc -p tsconfig.json
integración · PostgreSQL 16 (Testcontainers)	Schema vs 06 · identidad y sesiones (TEST-AUTH-*) · readiness · migración fallida aborta	2026-09-19T01:26:12.4994496Z 
integración · PostgreSQL 16 (Testcontainers)	Schema vs 06 · identidad y sesiones (TEST-AUTH-*) · readiness · migración fallida aborta	2026-09-19T01:26:14.1963049Z 
integración · PostgreSQL 16 (Testcontainers)	Schema vs 06 · identidad y sesiones (TEST-AUTH-*) · readiness · migración fallida aborta	2026-09-19T01:26:14.1964264Z > @be/api@0.1.0 test:integration
integración · PostgreSQL 16 (Testcontainers)	Schema vs 06 · identidad y sesiones (TEST-AUTH-*) · readiness · migración fallida aborta	2026-09-19T01:26:14.1965711Z > jest --config jest.integration.config.js --runInBand --verbose --json --outputFile=/home/runner/work/be/be/resultados-integracion.json
integración · PostgreSQL 16 (Testcontainers)	Schema vs 06 · identidad y sesiones (TEST-AUTH-*) · readiness · migración fallida aborta	2026-09-19T01:26:14.1966384Z 
integración · PostgreSQL 16 (Testcontainers)	Schema vs 06 · identidad y sesiones (TEST-AUTH-*) · readiness · migración fallida aborta	2026-09-19T01:26:33.3163255Z {"nivel":"info","requestId":"77eb6b96-b5c8-4a84-b94e-12258c75b058","metodo":"POST","ruta":"/api/v1/registrations","status":201,"duracionMs":98}
integración · PostgreSQL 16 (Testcontainers)	Schema vs 06 · identidad y sesiones (TEST-AUTH-*) · readiness · migración fallida aborta	2026-09-19T01:26:33.3978576Z {"nivel":"info","requestId":"f6774070-1f4b-41f9-ad98-3eee6ac61bbf","metodo":"POST","ruta":"/api/v1/registrations","status":201,"duracionMs":78}
integración · PostgreSQL 16 (Testcontainers)	Schema vs 06 · identidad y sesiones (TEST-AUTH-*) · readiness · migración fallida aborta	2026-09-19T01:26:33.4855975Z {"nivel":"info","requestId":"5fcd8992-bd64-4661-a362-aacb8ed9d0fe","metodo":"POST","ruta":"/api/v1/registrations","status":201,"duracionMs":76}
integración · PostgreSQL 16 (Testcontainers)	Schema vs 06 · identidad y sesiones (TEST-AUTH-*) · readiness · migración fallida aborta	2026-09-19T01:26:33.5589438Z {"nivel":"info","requestId":"a0b8f80d-0667-42c6-a2fc-c2c878f4aa56","metodo":"POST","ruta":"/api/v1/auth/sessions","status":201,"duracionMs":71}
integración · PostgreSQL 16 (Testcontainers)	Schema vs 06 · identidad y sesiones (TEST-AUTH-*) · readiness · migración fallida aborta	2026-09-19T01:26:33.5875771Z {"nivel":"info","requestId":"2d3101ab-b0f7-4fcc-a275-2235ace9765d","metodo":"POST","ruta":"/api/v1/me/account-closure-requests","status":201,"duracionMs":26}
integración · PostgreSQL 16 (Testcontainers)	Schema vs 06 · identidad y sesiones (TEST-AUTH-*) · readiness · migración fallida aborta	2026-09-19T01:26:33.6975332Z {"nivel":"info","requestId":"c02dcbd0-9622-44d9-b1cc-148785e65549","metodo":"POST","ruta":"/api/v1/auth/sessions","status":401,"duracionMs":65}
integración · PostgreSQL 16 (Testcontainers)	Schema vs 06 · identidad y sesiones (TEST-AUTH-*) · readiness · migración fallida aborta	2026-09-19T01:26:33.7635838Z {"nivel":"info","requestId":"564d3cfd-582e-445e-9bf4-bd0316afc00f","metodo":"POST","ruta":"/api/v1/auth/sessions","status":401,"duracionMs":64}
integración · PostgreSQL 16 (Testcontainers)	Schema vs 06 · identidad y sesiones (TEST-AUTH-*) · readiness · migración fallida aborta	2026-09-19T01:26:33.8289214Z {"nivel":"info","requestId":"daacbf0a-15a9-4f28-9795-f854e16dd895","metodo":"POST","ruta":"/api/v1/auth/sessions","status":401,"duracionMs":63}
integración · PostgreSQL 16 (Testcontainers)	Schema vs 06 · identidad y sesiones (TEST-AUTH-*) · readiness · migración fallida aborta	2026-09-19T01:26:33.8954542Z {"nivel":"info","requestId":"4d764d5a-6b0e-498c-86be-22edea61a504","metodo":"POST","ruta":"/api/v1/auth/sessions","status":401,"duracionMs":64}
integración · PostgreSQL 16 (Testcontainers)	Schema vs 06 · identidad y sesiones (TEST-AUTH-*) · readiness · migración fallida aborta	2026-09-19T01:26:33.9689312Z {"nivel":"info","requestId":"c9e05e7e-3172-4cee-92eb-6137d06bca8c","metodo":"POST","ruta":"/api/v1/auth/sessions","status":401,"duracionMs":67}
integración · PostgreSQL 16 (Testcontainers)	Schema vs 06 · identidad y sesiones (TEST-AUTH-*) · readiness · migración fallida aborta	2026-09-19T01:26:34.0510139Z {"nivel":"info","requestId":"79ed5d55-48a9-464a-bdab-abdbc5b315d4","metodo":"POST","ruta":"/api/v1/registrations","status":201,"duracionMs":77}
integración · PostgreSQL 16 (Testcontainers)	Schema vs 06 · identidad y sesiones (TEST-AUTH-*) · readiness · migración fallida aborta	2026-09-19T01:26:34.2416605Z {"nivel":"info","requestId":"a4af6c4a-60ac-493c-b6e0-5442b4641a4d","metodo":"POST","ruta":"/api/v1/auth/sessions","status":401,"duracionMs":67}
integración · PostgreSQL 16 (Testcontainers)	Schema vs 06 · identidad y sesiones (TEST-AUTH-*) · readiness · migración fallida aborta	2026-09-19T01:26:34.3083362Z {"nivel":"info","requestId":"a23bb587-8656-43f7-a537-0809fb187a0f","metodo":"POST","ruta":"/api/v1/auth/sessions","status":401,"duracionMs":65}
integración · PostgreSQL 16 (Testcontainers)	Schema vs 06 · identidad y sesiones (TEST-AUTH-*) · readiness · migración fallida aborta	2026-09-19T01:26:34.3745670Z {"nivel":"info","requestId":"524e5b1d-de9d-4243-960e-74af45cb4b28","metodo":"POST","ruta":"/api/v1/auth/sessions","status":401,"duracionMs":64}
integración · PostgreSQL 16 (Testcontainers)	Schema vs 06 · identidad y sesiones (TEST-AUTH-*) · readiness · migración fallida aborta	2026-09-19T01:26:34.4391697Z {"nivel":"info","requestId":"9f712b2a-83c3-4751-a626-42d9ffa1835e","metodo":"POST","ruta":"/api/v1/auth/sessions","status":401,"duracionMs":63}
integración · PostgreSQL 16 (Testcontainers)	Schema vs 06 · identidad y sesiones (TEST-AUTH-*) · readiness · migración fallida aborta	2026-09-19T01:26:34.5086064Z {"nivel":"info","requestId":"c048f675-8b3a-4096-a25a-d6554e259486","metodo":"POST","ruta":"/api/v1/auth/sessions","status":401,"duracionMs":68}
integración · PostgreSQL 16 (Testcontainers)	Schema vs 06 · identidad y sesiones (TEST-AUTH-*) · readiness · migración fallida aborta	2026-09-19T01:26:34.5736262Z {"nivel":"info","requestId":"f87355e8-3923-40e8-923d-22081ae17d8c","metodo":"POST","ruta":"/api/v1/auth/sessions","status":401,"duracionMs":63}
integración · PostgreSQL 16 (Testcontainers)	Schema vs 06 · identidad y sesiones (TEST-AUTH-*) · readiness · migración fallida aborta	2026-09-19T01:26:34.6393907Z {"nivel":"info","requestId":"2d4bfdaa-163c-4082-8ba5-6de69dc041b8","metodo":"POST","ruta":"/api/v1/auth/sessions","status":401,"duracionMs":64}
integración · PostgreSQL 16 (Testcontainers)	Schema vs 06 · identidad y sesiones (TEST-AUTH-*) · readiness · migración fallida aborta	2026-09-19T01:26:34.7054358Z {"nivel":"info","requestId":"c6bcfc61-c941-4b34-bc8c-6adb5c4c1641","metodo":"POST","ruta":"/api/v1/auth/sessions","status":401,"duracionMs":64}
integración · PostgreSQL 16 (Testcontainers)	Schema vs 06 · identidad y sesiones (TEST-AUTH-*) · readiness · migración fallida aborta	2026-09-19T01:26:34.7724794Z {"nivel":"info","requestId":"0eadae1a-8f90-40f6-883a-80a3342e49b4","metodo":"POST","ruta":"/api/v1/auth/sessions","status":401,"duracionMs":65}
integración · PostgreSQL 16 (Testcontainers)	Schema vs 06 · identidad y sesiones (TEST-AUTH-*) · readiness · migración fallida aborta	2026-09-19T01:26:34.8374210Z {"nivel":"info","requestId":"716f34e9-d6ef-44ed-b3c8-78724e4b97dd","metodo":"POST","ruta":"/api/v1/auth/sessions","status":401,"duracionMs":64}
integración · PostgreSQL 16 (Testcontainers)	Schema vs 06 · identidad y sesiones (TEST-AUTH-*) · readiness · migración fallida aborta	2026-09-19T01:26:34.9031679Z {"nivel":"info","requestId":"fd90534f-ec7f-4541-bf71-85244f6b45b4","metodo":"POST","ruta":"/api/v1/auth/sessions","status":401,"duracionMs":64}
integración · PostgreSQL 16 (Testcontainers)	Schema vs 06 · identidad y sesiones (TEST-AUTH-*) · readiness · migración fallida aborta	2026-09-19T01:26:34.9716405Z {"nivel":"info","requestId":"ff5c7db1-64b0-4a28-9a38-642066854b6d","metodo":"POST","ruta":"/api/v1/auth/sessions","status":401,"duracionMs":67}
integración · PostgreSQL 16 (Testcontainers)	Schema vs 06 · identidad y sesiones (TEST-AUTH-*) · readiness · migración fallida aborta	2026-09-19T01:26:35.0400047Z {"nivel":"info","requestId":"6a706755-214c-4989-a2e3-1c154122deb9","metodo":"POST","ruta":"/api/v1/auth/sessions","status":401,"duracionMs":66}
integración · PostgreSQL 16 (Testcontainers)	Schema vs 06 · identidad y sesiones (TEST-AUTH-*) · readiness · migración fallida aborta	2026-09-19T01:26:35.1078983Z {"nivel":"info","requestId":"e139019b-0e87-49ee-b7e3-94ab566b459c","metodo":"POST","ruta":"/api/v1/auth/sessions","status":401,"duracionMs":66}
integración · PostgreSQL 16 (Testcontainers)	Schema vs 06 · identidad y sesiones (TEST-AUTH-*) · readiness · migración fallida aborta	2026-09-19T01:26:35.1727805Z {"nivel":"info","requestId":"405edf01-8cb8-4206-887b-ea3a74f755b0","metodo":"POST","ruta":"/api/v1/auth/sessions","status":401,"duracionMs":63}
integración · PostgreSQL 16 (Testcontainers)	Schema vs 06 · identidad y sesiones (TEST-AUTH-*) · readiness · migración fallida aborta	2026-09-19T01:26:35.2388337Z {"nivel":"info","requestId":"a0ca24bf-6f0c-4840-b61c-9429d73d1671","metodo":"POST","ruta":"/api/v1/auth/sessions","status":401,"duracionMs":64}
integración · PostgreSQL 16 (Testcontainers)	Schema vs 06 · identidad y sesiones (TEST-AUTH-*) · readiness · migración fallida aborta	2026-09-19T01:26:35.3050937Z {"nivel":"info","requestId":"43501cd8-355b-4d25-af8e-366e188fa51f","metodo":"POST","ruta":"/api/v1/auth/sessions","status":401,"duracionMs":64}
integración · PostgreSQL 16 (Testcontainers)	Schema vs 06 · identidad y sesiones (TEST-AUTH-*) · readiness · migración fallida aborta	2026-09-19T01:26:35.3730131Z {"nivel":"info","requestId":"2bddee40-aa41-4208-8162-ed45f763c38c","metodo":"POST","ruta":"/api/v1/auth/sessions","status":401,"duracionMs":66}
integración · PostgreSQL 16 (Testcontainers)	Schema vs 06 · identidad y sesiones (TEST-AUTH-*) · readiness · migración fallida aborta	2026-09-19T01:26:35.4376533Z {"nivel":"info","requestId":"3ab0757e-fbd2-4393-85f1-8528b8be79ce","metodo":"POST","ruta":"/api/v1/auth/sessions","status":401,"duracionMs":63}
integración · PostgreSQL 16 (Testcontainers)	Schema vs 06 · identidad y sesiones (TEST-AUTH-*) · readiness · migración fallida aborta	2026-09-19T01:26:35.5033995Z {"nivel":"info","requestId":"d705b728-49bc-4ded-81ef-543082d7f97e","metodo":"POST","ruta":"/api/v1/auth/sessions","status":401,"duracionMs":64}
integración · PostgreSQL 16 (Testcontainers)	Schema vs 06 · identidad y sesiones (TEST-AUTH-*) · readiness · migración fallida aborta	2026-09-19T01:26:35.5683646Z {"nivel":"info","requestId":"58cbd08f-3aaf-434f-bb32-2e8b437cb574","metodo":"POST","ruta":"/api/v1/auth/sessions","status":401,"duracionMs":63}
integración · PostgreSQL 16 (Testcontainers)	Schema vs 06 · identidad y sesiones (TEST-AUTH-*) · readiness · migración fallida aborta	2026-09-19T01:26:35.6347439Z {"nivel":"info","requestId":"29976ff7-ea6d-41d3-83b9-554dbae9685a","metodo":"POST","ruta":"/api/v1/auth/sessions","status":401,"duracionMs":65}
integración · PostgreSQL 16 (Testcontainers)	Schema vs 06 · identidad y sesiones (TEST-AUTH-*) · readiness · migración fallida aborta	2026-09-19T01:26:35.6991241Z {"nivel":"info","requestId":"11827ca1-3346-4f07-951a-c2ce6372e81c","metodo":"POST","ruta":"/api/v1/auth/sessions","status":401,"duracionMs":63}
integración · PostgreSQL 16 (Testcontainers)	Schema vs 06 · identidad y sesiones (TEST-AUTH-*) · readiness · migración fallida aborta	2026-09-19T01:26:35.7651576Z {"nivel":"info","requestId":"538926f3-3a9b-43bc-af0c-32573ec30ee8","metodo":"POST","ruta":"/api/v1/auth/sessions","status":401,"duracionMs":64}
integración · PostgreSQL 16 (Testcontainers)	Schema vs 06 · identidad y sesiones (TEST-AUTH-*) · readiness · migración fallida aborta	2026-09-19T01:26:35.8310608Z {"nivel":"info","requestId":"974b6dfe-01d8-4869-9b82-49ea66a384b7","metodo":"POST","ruta":"/api/v1/auth/sessions","status":401,"duracionMs":64}
integración · PostgreSQL 16 (Testcontainers)	Schema vs 06 · identidad y sesiones (TEST-AUTH-*) · readiness · migración fallida aborta	2026-09-19T01:26:35.8987389Z {"nivel":"info","requestId":"faaf11a4-a607-4a7d-85e8-a99b9935f0ab","metodo":"POST","ruta":"/api/v1/auth/sessions","status":401,"duracionMs":66}
integración · PostgreSQL 16 (Testcontainers)	Schema vs 06 · identidad y sesiones (TEST-AUTH-*) · readiness · migración fallida aborta	2026-09-19T01:26:35.9651471Z {"nivel":"info","requestId":"989c55e4-ab0b-4aae-9b4a-888a53a7d5ba","metodo":"POST","ruta":"/api/v1/auth/sessions","status":401,"duracionMs":64}
integración · PostgreSQL 16 (Testcontainers)	Schema vs 06 · identidad y sesiones (TEST-AUTH-*) · readiness · migración fallida aborta	2026-09-19T01:26:36.0307917Z {"nivel":"info","requestId":"07d1a32c-05cc-48c3-947f-315a20883376","metodo":"POST","ruta":"/api/v1/auth/sessions","status":401,"duracionMs":64}
integración · PostgreSQL 16 (Testcontainers)	Schema vs 06 · identidad y sesiones (TEST-AUTH-*) · readiness · migración fallida aborta	2026-09-19T01:26:36.0955717Z {"nivel":"info","requestId":"9c8b4bd7-73b7-4c9f-a21e-3e5414d96994","metodo":"POST","ruta":"/api/v1/auth/sessions","status":401,"duracionMs":63}
integración · PostgreSQL 16 (Testcontainers)	Schema vs 06 · identidad y sesiones (TEST-AUTH-*) · readiness · migración fallida aborta	2026-09-19T01:26:36.1619245Z {"nivel":"info","requestId":"5a1f16a3-cd92-49c7-80dd-0549fee6c576","metodo":"POST","ruta":"/api/v1/auth/sessions","status":401,"duracionMs":65}
integración · PostgreSQL 16 (Testcontainers)	Schema vs 06 · identidad y sesiones (TEST-AUTH-*) · readiness · migración fallida aborta	2026-09-19T01:26:36.2288095Z {"nivel":"info","requestId":"165181fd-bcc8-4e99-b9fb-025330a6dbd8","metodo":"POST","ruta":"/api/v1/auth/sessions","status":401,"duracionMs":65}
integración · PostgreSQL 16 (Testcontainers)	Schema vs 06 · identidad y sesiones (TEST-AUTH-*) · readiness · migración fallida aborta	2026-09-19T01:26:36.2931314Z {"nivel":"info","requestId":"811cab03-0feb-4f87-bcad-dd5eb1844fac","metodo":"POST","ruta":"/api/v1/auth/sessions","status":401,"duracionMs":63}
integración · PostgreSQL 16 (Testcontainers)	Schema vs 06 · identidad y sesiones (TEST-AUTH-*) · readiness · migración fallida aborta	2026-09-19T01:26:36.3639336Z {"nivel":"info","requestId":"76323ddc-ff39-43b7-9acb-3134eb7a4f6a","metodo":"POST","ruta":"/api/v1/auth/sessions","status":401,"duracionMs":69}
integración · PostgreSQL 16 (Testcontainers)	Schema vs 06 · identidad y sesiones (TEST-AUTH-*) · readiness · migración fallida aborta	2026-09-19T01:26:36.4287836Z {"nivel":"info","requestId":"43b9702b-2643-4741-8cc1-386ad09b28ea","metodo":"POST","ruta":"/api/v1/auth/sessions","status":401,"duracionMs":63}
integración · PostgreSQL 16 (Testcontainers)	Schema vs 06 · identidad y sesiones (TEST-AUTH-*) · readiness · migración fallida aborta	2026-09-19T01:26:36.4956009Z {"nivel":"info","requestId":"1b73e426-77b6-4012-98d5-4cbea5814c7f","metodo":"POST","ruta":"/api/v1/auth/sessions","status":401,"duracionMs":65}
integración · PostgreSQL 16 (Testcontainers)	Schema vs 06 · identidad y sesiones (TEST-AUTH-*) · readiness · migración fallida aborta	2026-09-19T01:26:36.5616512Z {"nivel":"info","requestId":"fdf826fe-6d00-491d-89c8-75931379e003","metodo":"POST","ruta":"/api/v1/auth/sessions","status":401,"duracionMs":64}
integración · PostgreSQL 16 (Testcontainers)	Schema vs 06 · identidad y sesiones (TEST-AUTH-*) · readiness · migración fallida aborta	2026-09-19T01:26:36.6259474Z {"nivel":"info","requestId":"b7408fdd-850d-4de3-8ade-0bbdd75c37b5","metodo":"POST","ruta":"/api/v1/auth/sessions","status":401,"duracionMs":63}
integración · PostgreSQL 16 (Testcontainers)	Schema vs 06 · identidad y sesiones (TEST-AUTH-*) · readiness · migración fallida aborta	2026-09-19T01:26:36.6917819Z {"nivel":"info","requestId":"99e9b884-50f3-4aa6-a28e-82810d8773ac","metodo":"POST","ruta":"/api/v1/auth/sessions","status":401,"duracionMs":64}
integración · PostgreSQL 16 (Testcontainers)	Schema vs 06 · identidad y sesiones (TEST-AUTH-*) · readiness · migración fallida aborta	2026-09-19T01:26:36.7586548Z {"nivel":"info","requestId":"4051857d-59f0-4778-ae55-1c75a443ce10","metodo":"POST","ruta":"/api/v1/auth/sessions","status":401,"duracionMs":65}
integración · PostgreSQL 16 (Testcontainers)	Schema vs 06 · identidad y sesiones (TEST-AUTH-*) · readiness · migración fallida aborta	2026-09-19T01:26:36.8275802Z {"nivel":"info","requestId":"1ab10fc3-3551-4d70-9ca1-b42f7a5aa651","metodo":"POST","ruta":"/api/v1/auth/sessions","status":401,"duracionMs":67}
integración · PostgreSQL 16 (Testcontainers)	Schema vs 06 · identidad y sesiones (TEST-AUTH-*) · readiness · migración fallida aborta	2026-09-19T01:26:36.8933388Z {"nivel":"info","requestId":"65a53597-1321-409a-8ec6-31bf2bd0a183","metodo":"POST","ruta":"/api/v1/auth/sessions","status":401,"duracionMs":64}
integración · PostgreSQL 16 (Testcontainers)	Schema vs 06 · identidad y sesiones (TEST-AUTH-*) · readiness · migración fallida aborta	2026-09-19T01:26:36.9589868Z {"nivel":"info","requestId":"65438a79-98e9-4152-91f2-d9b92f060724","metodo":"POST","ruta":"/api/v1/auth/sessions","status":401,"duracionMs":64}
integración · PostgreSQL 16 (Testcontainers)	Schema vs 06 · identidad y sesiones (TEST-AUTH-*) · readiness · migración fallida aborta	2026-09-19T01:26:37.0276509Z {"nivel":"info","requestId":"29ea5263-ea8b-47c5-94a7-d8d85f67177e","metodo":"POST","ruta":"/api/v1/auth/sessions","status":401,"duracionMs":67}
integración · PostgreSQL 16 (Testcontainers)	Schema vs 06 · identidad y sesiones (TEST-AUTH-*) · readiness · migración fallida aborta	2026-09-19T01:26:37.0947471Z {"nivel":"info","requestId":"50d122cb-6cc5-405c-9647-97711d664263","metodo":"POST","ruta":"/api/v1/auth/sessions","status":401,"duracionMs":65}
integración · PostgreSQL 16 (Testcontainers)	Schema vs 06 · identidad y sesiones (TEST-AUTH-*) · readiness · migración fallida aborta	2026-09-19T01:26:37.1593788Z {"nivel":"info","requestId":"1e87a8ed-3387-4a4c-98ee-299fc98a99af","metodo":"POST","ruta":"/api/v1/auth/sessions","status":401,"duracionMs":63}
integración · PostgreSQL 16 (Testcontainers)	Schema vs 06 · identidad y sesiones (TEST-AUTH-*) · readiness · migración fallida aborta	2026-09-19T01:26:37.2234349Z {"nivel":"info","requestId":"87ceacef-1f3a-4b91-b844-87fb4678c7ba","metodo":"POST","ruta":"/api/v1/auth/sessions","status":401,"duracionMs":62}
integración · PostgreSQL 16 (Testcontainers)	Schema vs 06 · identidad y sesiones (TEST-AUTH-*) · readiness · migración fallida aborta	2026-09-19T01:26:37.2918812Z {"nivel":"info","requestId":"143d7b3b-8a0f-46c1-bdf4-12d871c82ba8","metodo":"POST","ruta":"/api/v1/auth/sessions","status":401,"duracionMs":67}
integración · PostgreSQL 16 (Testcontainers)	Schema vs 06 · identidad y sesiones (TEST-AUTH-*) · readiness · migración fallida aborta	2026-09-19T01:26:37.3599519Z {"nivel":"info","requestId":"facaaa3e-42be-4bd1-995d-6e682d121992","metodo":"POST","ruta":"/api/v1/auth/sessions","status":401,"duracionMs":66}
integración · PostgreSQL 16 (Testcontainers)	Schema vs 06 · identidad y sesiones (TEST-AUTH-*) · readiness · migración fallida aborta	2026-09-19T01:26:37.4254447Z {"nivel":"info","requestId":"a13275e0-a4f2-4dbb-9bbf-a37810f3f401","metodo":"POST","ruta":"/api/v1/auth/sessions","status":401,"duracionMs":64}
integración · PostgreSQL 16 (Testcontainers)	Schema vs 06 · identidad y sesiones (TEST-AUTH-*) · readiness · migración fallida aborta	2026-09-19T01:26:37.4260744Z {"prueba":"TEST-AUTH-001","medianasMs":{"identificador inexistente":66.1,"contraseña incorrecta":66.3,"cuenta SUSPENDIDA con contraseña correcta":66,"cuenta CERRADA con contraseña correcta":65.9},"toleranciaMs":50}
integración · PostgreSQL 16 (Testcontainers)	Schema vs 06 · identidad y sesiones (TEST-AUTH-*) · readiness · migración fallida aborta	2026-09-19T01:26:37.5216331Z {"nivel":"info","requestId":"3224f921-5243-4d20-bb93-5927f682f1c7","metodo":"POST","ruta":"/api/v1/registrations","status":201,"duracionMs":92}
integración · PostgreSQL 16 (Testcontainers)	Schema vs 06 · identidad y sesiones (TEST-AUTH-*) · readiness · migración fallida aborta	2026-09-19T01:26:37.5924053Z {"nivel":"info","requestId":"a9dd8ec7-a4a5-41eb-9221-c6a3c1766627","metodo":"POST","ruta":"/api/v1/auth/sessions","status":201,"duracionMs":69}
integración · PostgreSQL 16 (Testcontainers)	Schema vs 06 · identidad y sesiones (TEST-AUTH-*) · readiness · migración fallida aborta	2026-09-19T01:26:37.6750539Z {"nivel":"info","requestId":"5604c373-85dd-43fe-9634-69b23c59c158","metodo":"POST","ruta":"/api/v1/registrations","status":201,"duracionMs":77}
integración · PostgreSQL 16 (Testcontainers)	Schema vs 06 · identidad y sesiones (TEST-AUTH-*) · readiness · migración fallida aborta	2026-09-19T01:26:37.7469224Z {"nivel":"info","requestId":"0d00183b-e122-40c4-8d13-573c06b118bf","metodo":"POST","ruta":"/api/v1/auth/sessions","status":201,"duracionMs":70}
integración · PostgreSQL 16 (Testcontainers)	Schema vs 06 · identidad y sesiones (TEST-AUTH-*) · readiness · migración fallida aborta	2026-09-19T01:26:37.7533361Z {"nivel":"info","requestId":"f45189d7-f743-4ca3-b04f-052c4548da4f","metodo":"GET","ruta":"/api/v1/me","status":200,"duracionMs":5}
integración · PostgreSQL 16 (Testcontainers)	Schema vs 06 · identidad y sesiones (TEST-AUTH-*) · readiness · migración fallida aborta	2026-09-19T01:26:37.7570035Z {"nivel":"info","requestId":"1648908b-51cf-4be5-8ea7-01d26c03143e","metodo":"GET","ruta":"/api/v1/me","status":401,"duracionMs":0}
integración · PostgreSQL 16 (Testcontainers)	Schema vs 06 · identidad y sesiones (TEST-AUTH-*) · readiness · migración fallida aborta	2026-09-19T01:26:37.7588832Z {"nivel":"info","requestId":"37772631-8c78-4e10-a9d5-e74c9d37e0ce","metodo":"GET","ruta":"/api/v1/me","status":401,"duracionMs":0}
integración · PostgreSQL 16 (Testcontainers)	Schema vs 06 · identidad y sesiones (TEST-AUTH-*) · readiness · migración fallida aborta	2026-09-19T01:26:37.7610366Z {"nivel":"info","requestId":"faf9ad25-e968-465e-948d-4f77a987b838","metodo":"GET","ruta":"/api/v1/me","status":401,"duracionMs":0}
integración · PostgreSQL 16 (Testcontainers)	Schema vs 06 · identidad y sesiones (TEST-AUTH-*) · readiness · migración fallida aborta	2026-09-19T01:26:37.8385843Z {"nivel":"info","requestId":"5d7d5bdb-bf7f-42d4-af23-c2bc54d118b7","metodo":"POST","ruta":"/api/v1/registrations","status":201,"duracionMs":75}
integración · PostgreSQL 16 (Testcontainers)	Schema vs 06 · identidad y sesiones (TEST-AUTH-*) · readiness · migración fallida aborta	2026-09-19T01:26:37.9086954Z {"nivel":"info","requestId":"8588f539-d34a-46f2-87b3-7633afffa366","metodo":"POST","ruta":"/api/v1/auth/sessions","status":201,"duracionMs":68}
integración · PostgreSQL 16 (Testcontainers)	Schema vs 06 · identidad y sesiones (TEST-AUTH-*) · readiness · migración fallida aborta	2026-09-19T01:26:37.9107880Z {"nivel":"info","requestId":"fabce8af-ae0e-4e6e-9614-1e892e83e3fb","metodo":"GET","ruta":"/api/v1/me","status":401,"duracionMs":0}
integración · PostgreSQL 16 (Testcontainers)	Schema vs 06 · identidad y sesiones (TEST-AUTH-*) · readiness · migración fallida aborta	2026-09-19T01:26:37.9123388Z {"nivel":"info","requestId":"5ea64ce0-f98f-40c6-9f28-2b2778b1044f","metodo":"GET","ruta":"/api/v1/me","status":401,"duracionMs":0}
integración · PostgreSQL 16 (Testcontainers)	Schema vs 06 · identidad y sesiones (TEST-AUTH-*) · readiness · migración fallida aborta	2026-09-19T01:26:37.9890920Z {"nivel":"info","requestId":"c3f4ac17-55e8-4657-b292-73b47abf5dd2","metodo":"POST","ruta":"/api/v1/registrations","status":201,"duracionMs":74}
integración · PostgreSQL 16 (Testcontainers)	Schema vs 06 · identidad y sesiones (TEST-AUTH-*) · readiness · migración fallida aborta	2026-09-19T01:26:38.0569845Z {"nivel":"info","requestId":"159103eb-97a5-422e-a173-9b078de5c43b","metodo":"POST","ruta":"/api/v1/auth/sessions","status":201,"duracionMs":66}
integración · PostgreSQL 16 (Testcontainers)	Schema vs 06 · identidad y sesiones (TEST-AUTH-*) · readiness · migración fallida aborta	2026-09-19T01:26:38.0617091Z {"nivel":"info","requestId":"1dbcba15-88eb-4db2-b14e-07e1b832ca6e","metodo":"DELETE","ruta":"/api/v1/auth/sessions/current","status":204,"duracionMs":3}
integración · PostgreSQL 16 (Testcontainers)	Schema vs 06 · identidad y sesiones (TEST-AUTH-*) · readiness · migración fallida aborta	2026-09-19T01:26:38.0647518Z {"nivel":"info","requestId":"98e77169-074e-4f36-8acc-48925d8d7663","metodo":"GET","ruta":"/api/v1/me","status":401,"duracionMs":1}
integración · PostgreSQL 16 (Testcontainers)	Schema vs 06 · identidad y sesiones (TEST-AUTH-*) · readiness · migración fallida aborta	2026-09-19T01:26:38.0689094Z {"nivel":"info","requestId":"503e8832-73b8-4610-a29c-7ba7d16b59a7","metodo":"DELETE","ruta":"/api/v1/auth/sessions/current","status":204,"duracionMs":3}
integración · PostgreSQL 16 (Testcontainers)	Schema vs 06 · identidad y sesiones (TEST-AUTH-*) · readiness · migración fallida aborta	2026-09-19T01:26:38.1450638Z {"nivel":"info","requestId":"888dfe3b-e429-4e6a-ad2e-37ab9e7f962b","metodo":"POST","ruta":"/api/v1/auth/sessions","status":201,"duracionMs":67}
integración · PostgreSQL 16 (Testcontainers)	Schema vs 06 · identidad y sesiones (TEST-AUTH-*) · readiness · migración fallida aborta	2026-09-19T01:26:38.2255991Z {"nivel":"info","requestId":"77d34c9e-4f2c-4145-aa8f-64a2b804a5ff","metodo":"POST","ruta":"/api/v1/registrations","status":201,"duracionMs":78}
integración · PostgreSQL 16 (Testcontainers)	Schema vs 06 · identidad y sesiones (TEST-AUTH-*) · readiness · migración fallida aborta	2026-09-19T01:26:38.2937139Z {"nivel":"info","requestId":"d4bdd168-a5a2-4791-ad8d-53b031ea5f84","metodo":"POST","ruta":"/api/v1/auth/sessions","status":201,"duracionMs":66}
integración · PostgreSQL 16 (Testcontainers)	Schema vs 06 · identidad y sesiones (TEST-AUTH-*) · readiness · migración fallida aborta	2026-09-19T01:26:38.3610754Z {"nivel":"info","requestId":"beb7db16-7bde-4ff1-add5-9983bc8d2db1","metodo":"POST","ruta":"/api/v1/auth/sessions","status":201,"duracionMs":66}
integración · PostgreSQL 16 (Testcontainers)	Schema vs 06 · identidad y sesiones (TEST-AUTH-*) · readiness · migración fallida aborta	2026-09-19T01:26:38.3655310Z {"nivel":"info","requestId":"e259121f-a3a1-4eaf-9a9c-2b8bfb09885d","metodo":"GET","ruta":"/api/v1/me","status":200,"duracionMs":3}
integración · PostgreSQL 16 (Testcontainers)	Schema vs 06 · identidad y sesiones (TEST-AUTH-*) · readiness · migración fallida aborta	2026-09-19T01:26:38.3719054Z {"nivel":"info","requestId":"4e4f55c0-6e22-4825-8b14-4431afb48034","metodo":"DELETE","ruta":"/api/v1/auth/sessions","status":204,"duracionMs":5}
integración · PostgreSQL 16 (Testcontainers)	Schema vs 06 · identidad y sesiones (TEST-AUTH-*) · readiness · migración fallida aborta	2026-09-19T01:26:38.3746616Z {"nivel":"info","requestId":"9332f516-3fd4-45c9-9217-8ab10d3e32a6","metodo":"GET","ruta":"/api/v1/me","status":401,"duracionMs":1}
integración · PostgreSQL 16 (Testcontainers)	Schema vs 06 · identidad y sesiones (TEST-AUTH-*) · readiness · migración fallida aborta	2026-09-19T01:26:38.3778089Z {"nivel":"info","requestId":"63b1b0e6-bef2-4d32-be83-0d52ddbb3b65","metodo":"GET","ruta":"/api/v1/me","status":401,"duracionMs":2}
integración · PostgreSQL 16 (Testcontainers)	Schema vs 06 · identidad y sesiones (TEST-AUTH-*) · readiness · migración fallida aborta	2026-09-19T01:26:38.4485672Z {"nivel":"info","requestId":"736091ed-d4c6-4192-877e-0a18e1e92e83","metodo":"POST","ruta":"/api/v1/auth/sessions","status":201,"duracionMs":69}
integración · PostgreSQL 16 (Testcontainers)	Schema vs 06 · identidad y sesiones (TEST-AUTH-*) · readiness · migración fallida aborta	2026-09-19T01:26:38.4542326Z {"nivel":"info","requestId":"19125c5f-f724-48a3-97f0-8f63711e4eab","metodo":"GET","ruta":"/api/v1/me","status":200,"duracionMs":4}
integración · PostgreSQL 16 (Testcontainers)	Schema vs 06 · identidad y sesiones (TEST-AUTH-*) · readiness · migración fallida aborta	2026-09-19T01:26:38.5305437Z {"nivel":"info","requestId":"26ed2dbc-faea-4aca-b7d8-49829078af88","metodo":"POST","ruta":"/api/v1/registrations","status":201,"duracionMs":74}
integración · PostgreSQL 16 (Testcontainers)	Schema vs 06 · identidad y sesiones (TEST-AUTH-*) · readiness · migración fallida aborta	2026-09-19T01:26:38.5989482Z {"nivel":"info","requestId":"e8b97561-bbb8-48f8-ac5a-576046913e7b","metodo":"POST","ruta":"/api/v1/auth/sessions","status":201,"duracionMs":67}
integración · PostgreSQL 16 (Testcontainers)	Schema vs 06 · identidad y sesiones (TEST-AUTH-*) · readiness · migración fallida aborta	2026-09-19T01:26:38.6019505Z {"nivel":"info","requestId":"df36ee8d-4864-4894-833f-8ac884028a47","metodo":"GET","ruta":"/api/v1/me","status":400,"duracionMs":1}
integración · PostgreSQL 16 (Testcontainers)	Schema vs 06 · identidad y sesiones (TEST-AUTH-*) · readiness · migración fallida aborta	2026-09-19T01:26:38.6776048Z {"nivel":"info","requestId":"495727f7-4106-40f0-a628-3360e1b0a526","metodo":"POST","ruta":"/api/v1/registrations","status":201,"duracionMs":73}
integración · PostgreSQL 16 (Testcontainers)	Schema vs 06 · identidad y sesiones (TEST-AUTH-*) · readiness · migración fallida aborta	2026-09-19T01:26:38.7484998Z {"nivel":"info","requestId":"2f2d2042-4785-4210-99d7-1edf9bc6d712","metodo":"POST","ruta":"/api/v1/auth/sessions","status":201,"duracionMs":69}
integración · PostgreSQL 16 (Testcontainers)	Schema vs 06 · identidad y sesiones (TEST-AUTH-*) · readiness · migración fallida aborta	2026-09-19T01:26:38.7525672Z {"nivel":"info","requestId":"110f98dc-efbf-4ce5-b944-dd26053471d5","metodo":"GET","ruta":"/api/v1/me","status":200,"duracionMs":3}
integración · PostgreSQL 16 (Testcontainers)	Schema vs 06 · identidad y sesiones (TEST-AUTH-*) · readiness · migración fallida aborta	2026-09-19T01:26:38.7598404Z {"nivel":"info","requestId":"6253a76f-dd05-4e96-89fa-b433c972a42b","metodo":"GET","ruta":"/api/v1/me","status":401,"duracionMs":1}
integración · PostgreSQL 16 (Testcontainers)	Schema vs 06 · identidad y sesiones (TEST-AUTH-*) · readiness · migración fallida aborta	2026-09-19T01:26:38.8266128Z {"nivel":"info","requestId":"8c882bcf-b2ce-4ba6-986c-a2fc2feb2afc","metodo":"POST","ruta":"/api/v1/auth/sessions","status":401,"duracionMs":64}
integración · PostgreSQL 16 (Testcontainers)	Schema vs 06 · identidad y sesiones (TEST-AUTH-*) · readiness · migración fallida aborta	2026-09-19T01:26:38.8343526Z {"nivel":"info","requestId":"1f705f2e-54a7-4a17-bff3-ba16d6561217","metodo":"GET","ruta":"/api/v1/me","status":401,"duracionMs":1}
integración · PostgreSQL 16 (Testcontainers)	Schema vs 06 · identidad y sesiones (TEST-AUTH-*) · readiness · migración fallida aborta	2026-09-19T01:26:38.9076254Z {"nivel":"info","requestId":"74aedc88-ce82-4d5d-a226-b39090731b7f","metodo":"POST","ruta":"/api/v1/auth/sessions","status":201,"duracionMs":72}
integración · PostgreSQL 16 (Testcontainers)	Schema vs 06 · identidad y sesiones (TEST-AUTH-*) · readiness · migración fallida aborta	2026-09-19T01:26:39.0959812Z {"nivel":"info","requestId":"a207c12e-7895-4c25-b619-948792d2f8e7","metodo":"POST","ruta":"/api/v1/registrations","status":201,"duracionMs":72}
integración · PostgreSQL 16 (Testcontainers)	Schema vs 06 · identidad y sesiones (TEST-AUTH-*) · readiness · migración fallida aborta	2026-09-19T01:26:39.1656471Z {"nivel":"info","requestId":"68743aef-d206-46b6-ae33-386262d31533","metodo":"POST","ruta":"/api/v1/auth/sessions","status":401,"duracionMs":68}
integración · PostgreSQL 16 (Testcontainers)	Schema vs 06 · identidad y sesiones (TEST-AUTH-*) · readiness · migración fallida aborta	2026-09-19T01:26:39.2305782Z {"nivel":"info","requestId":"3b38035a-f2bf-49ff-8aec-bc17abbd2123","metodo":"POST","ruta":"/api/v1/auth/sessions","status":401,"duracionMs":63}
integración · PostgreSQL 16 (Testcontainers)	Schema vs 06 · identidad y sesiones (TEST-AUTH-*) · readiness · migración fallida aborta	2026-09-19T01:26:39.2966749Z {"nivel":"info","requestId":"09cdbc24-1ae5-4c1a-bd8f-eccf735501f5","metodo":"POST","ruta":"/api/v1/auth/sessions","status":401,"duracionMs":64}
integración · PostgreSQL 16 (Testcontainers)	Schema vs 06 · identidad y sesiones (TEST-AUTH-*) · readiness · migración fallida aborta	2026-09-19T01:26:39.3696565Z {"nivel":"info","requestId":"5f0e5739-1c9b-4035-8d2f-295fd86808f7","metodo":"POST","ruta":"/api/v1/auth/sessions","status":401,"duracionMs":71}
integración · PostgreSQL 16 (Testcontainers)	Schema vs 06 · identidad y sesiones (TEST-AUTH-*) · readiness · migración fallida aborta	2026-09-19T01:26:39.4356401Z {"nivel":"info","requestId":"5038f104-445a-4e6a-8e28-3b3b7f6fe95c","metodo":"POST","ruta":"/api/v1/auth/sessions","status":401,"duracionMs":64}
integración · PostgreSQL 16 (Testcontainers)	Schema vs 06 · identidad y sesiones (TEST-AUTH-*) · readiness · migración fallida aborta	2026-09-19T01:26:39.4999273Z {"nivel":"info","requestId":"7fafa9dd-a36e-4be6-95e2-df9b83443251","metodo":"POST","ruta":"/api/v1/auth/sessions","status":401,"duracionMs":63}
integración · PostgreSQL 16 (Testcontainers)	Schema vs 06 · identidad y sesiones (TEST-AUTH-*) · readiness · migración fallida aborta	2026-09-19T01:26:39.5013901Z {"nivel":"info","requestId":"ff0920f3-48d9-4d81-a2ce-caeaf01d4c02","metodo":"POST","ruta":"/api/v1/auth/sessions","status":429,"duracionMs":0}
integración · PostgreSQL 16 (Testcontainers)	Schema vs 06 · identidad y sesiones (TEST-AUTH-*) · readiness · migración fallida aborta	2026-09-19T01:26:39.5028740Z {"nivel":"info","requestId":"52bbe0e6-e0af-4b6a-a6ca-4bc379b3f76e","metodo":"POST","ruta":"/api/v1/auth/sessions","status":429,"duracionMs":0}
integración · PostgreSQL 16 (Testcontainers)	Schema vs 06 · identidad y sesiones (TEST-AUTH-*) · readiness · migración fallida aborta	2026-09-19T01:26:39.5802358Z {"nivel":"info","requestId":"cc05d285-a1b7-46b5-9ec8-74b049dae660","metodo":"POST","ruta":"/api/v1/registrations","status":201,"duracionMs":76}
integración · PostgreSQL 16 (Testcontainers)	Schema vs 06 · identidad y sesiones (TEST-AUTH-*) · readiness · migración fallida aborta	2026-09-19T01:26:39.6538141Z {"nivel":"info","requestId":"77b9c756-26be-461f-a5ed-44d419e6b724","metodo":"POST","ruta":"/api/v1/auth/sessions","status":201,"duracionMs":72}
integración · PostgreSQL 16 (Testcontainers)	Schema vs 06 · identidad y sesiones (TEST-AUTH-*) · readiness · migración fallida aborta	2026-09-19T01:26:39.8355962Z {"nivel":"info","requestId":"a723514a-3d31-49fd-a755-f698648eac65","metodo":"POST","ruta":"/api/v1/auth/sessions","status":401,"duracionMs":71}
integración · PostgreSQL 16 (Testcontainers)	Schema vs 06 · identidad y sesiones (TEST-AUTH-*) · readiness · migración fallida aborta	2026-09-19T01:26:39.9028467Z {"nivel":"info","requestId":"02abb99c-12f0-4ff8-ada9-fe372813de0c","metodo":"POST","ruta":"/api/v1/auth/sessions","status":401,"duracionMs":66}
integración · PostgreSQL 16 (Testcontainers)	Schema vs 06 · identidad y sesiones (TEST-AUTH-*) · readiness · migración fallida aborta	2026-09-19T01:26:39.9682163Z {"nivel":"info","requestId":"8cf5a7af-2110-4ac4-8f8f-dc8dbcfb3567","metodo":"POST","ruta":"/api/v1/auth/sessions","status":401,"duracionMs":64}
integración · PostgreSQL 16 (Testcontainers)	Schema vs 06 · identidad y sesiones (TEST-AUTH-*) · readiness · migración fallida aborta	2026-09-19T01:26:40.0322048Z {"nivel":"info","requestId":"b753f3ca-dbe4-4257-a1d2-e9ee555dfcc8","metodo":"POST","ruta":"/api/v1/auth/sessions","status":401,"duracionMs":62}
integración · PostgreSQL 16 (Testcontainers)	Schema vs 06 · identidad y sesiones (TEST-AUTH-*) · readiness · migración fallida aborta	2026-09-19T01:26:40.0338835Z {"nivel":"info","requestId":"df7c400d-927a-4c98-882f-cc44ab92c2a3","metodo":"POST","ruta":"/api/v1/auth/sessions","status":429,"duracionMs":0}
integración · PostgreSQL 16 (Testcontainers)	Schema vs 06 · identidad y sesiones (TEST-AUTH-*) · readiness · migración fallida aborta	2026-09-19T01:26:40.2220398Z {"nivel":"info","requestId":"95b459b9-6dfb-4f3c-bd2f-0075f24f1663","metodo":"POST","ruta":"/api/v1/registrations","status":201,"duracionMs":74}
integración · PostgreSQL 16 (Testcontainers)	Schema vs 06 · identidad y sesiones (TEST-AUTH-*) · readiness · migración fallida aborta	2026-09-19T01:26:40.2996153Z {"nivel":"info","requestId":"a7b87676-28b7-483a-a8a4-9b6b5e207a19","metodo":"POST","ruta":"/api/v1/auth/sessions","status":401,"duracionMs":73}
integración · PostgreSQL 16 (Testcontainers)	Schema vs 06 · identidad y sesiones (TEST-AUTH-*) · readiness · migración fallida aborta	2026-09-19T01:26:40.3656593Z {"nivel":"info","requestId":"eaee982e-f919-43ce-9fe4-f58d5ef9d663","metodo":"POST","ruta":"/api/v1/auth/sessions","status":401,"duracionMs":64}
integración · PostgreSQL 16 (Testcontainers)	Schema vs 06 · identidad y sesiones (TEST-AUTH-*) · readiness · migración fallida aborta	2026-09-19T01:26:40.4310978Z {"nivel":"info","requestId":"0e173a37-204f-48a7-b836-644881ec7f85","metodo":"POST","ruta":"/api/v1/auth/sessions","status":401,"duracionMs":64}
integración · PostgreSQL 16 (Testcontainers)	Schema vs 06 · identidad y sesiones (TEST-AUTH-*) · readiness · migración fallida aborta	2026-09-19T01:26:40.4346526Z {"nivel":"info","requestId":"6af472a1-374d-48b9-9b71-8fd4838e9dcc","metodo":"POST","ruta":"/api/v1/auth/sessions","status":429,"duracionMs":1}
integración · PostgreSQL 16 (Testcontainers)	Schema vs 06 · identidad y sesiones (TEST-AUTH-*) · readiness · migración fallida aborta	2026-09-19T01:26:40.5003871Z {"nivel":"info","requestId":"4493c94d-71d5-435e-83ae-a5a11c6eccd7","metodo":"POST","ruta":"/api/v1/auth/sessions","status":401,"duracionMs":65}
integración · PostgreSQL 16 (Testcontainers)	Schema vs 06 · identidad y sesiones (TEST-AUTH-*) · readiness · migración fallida aborta	2026-09-19T01:26:40.5661235Z {"nivel":"info","requestId":"42329b9d-a6f3-4c5f-813b-f77c0a206afe","metodo":"POST","ruta":"/api/v1/auth/sessions","status":401,"duracionMs":64}
integración · PostgreSQL 16 (Testcontainers)	Schema vs 06 · identidad y sesiones (TEST-AUTH-*) · readiness · migración fallida aborta	2026-09-19T01:26:40.6303568Z {"nivel":"info","requestId":"7d4feef7-1f86-414e-9e24-fc202097d84c","metodo":"POST","ruta":"/api/v1/auth/sessions","status":401,"duracionMs":63}
integración · PostgreSQL 16 (Testcontainers)	Schema vs 06 · identidad y sesiones (TEST-AUTH-*) · readiness · migración fallida aborta	2026-09-19T01:26:40.6318064Z {"nivel":"info","requestId":"f04659d8-c4e0-412b-84cc-a4789b189cda","metodo":"POST","ruta":"/api/v1/auth/sessions","status":429,"duracionMs":0}
integración · PostgreSQL 16 (Testcontainers)	Schema vs 06 · identidad y sesiones (TEST-AUTH-*) · readiness · migración fallida aborta	2026-09-19T01:26:40.7215018Z {"nivel":"info","requestId":"025f6cd4-79e2-443d-866d-08857d57ea46","metodo":"POST","ruta":"/api/v1/registrations","status":201,"duracionMs":85}
integración · PostgreSQL 16 (Testcontainers)	Schema vs 06 · identidad y sesiones (TEST-AUTH-*) · readiness · migración fallida aborta	2026-09-19T01:26:40.7983044Z {"nivel":"info","requestId":"8ec8f932-2069-4caf-a77d-68e500100c09","metodo":"POST","ruta":"/api/v1/registrations","status":201,"duracionMs":75}
integración · PostgreSQL 16 (Testcontainers)	Schema vs 06 · identidad y sesiones (TEST-AUTH-*) · readiness · migración fallida aborta	2026-09-19T01:26:40.7997171Z {"nivel":"info","requestId":"1b7027fe-c011-44d6-99c1-8bec16e025b5","metodo":"POST","ruta":"/api/v1/registrations","status":429,"duracionMs":0}
integración · PostgreSQL 16 (Testcontainers)	Schema vs 06 · identidad y sesiones (TEST-AUTH-*) · readiness · migración fallida aborta	2026-09-19T01:26:40.8105985Z PASS ../../test/integration/sesiones.int-spec.ts (9.424 s)
integración · PostgreSQL 16 (Testcontainers)	Schema vs 06 · identidad y sesiones (TEST-AUTH-*) · readiness · migración fallida aborta	2026-09-19T01:26:40.8108495Z   TEST-AUTH-001 — login inválido neutral
integración · PostgreSQL 16 (Testcontainers)	Schema vs 06 · identidad y sesiones (TEST-AUTH-*) · readiness · migración fallida aborta	2026-09-19T01:26:40.8109717Z     ✓ TEST-AUTH-001: código, cuerpo y headers indistinguibles; sin details; ninguna sesión creada (310 ms)
integración · PostgreSQL 16 (Testcontainers)	Schema vs 06 · identidad y sesiones (TEST-AUTH-*) · readiness · migración fallida aborta	2026-09-19T01:26:40.8110978Z     ✓ TEST-AUTH-001: la causa real queda solo en la auditoría interna (09v7 T16) (72 ms)
integración · PostgreSQL 16 (Testcontainers)	Schema vs 06 · identidad y sesiones (TEST-AUTH-*) · readiness · migración fallida aborta	2026-09-19T01:26:40.8112171Z     ✓ TEST-AUTH-001: el hash señuelo usa el costo de los hashes guardados aunque BCRYPT_COST cambie (DL-014) (201 ms)
integración · PostgreSQL 16 (Testcontainers)	Schema vs 06 · identidad y sesiones (TEST-AUTH-*) · readiness · migración fallida aborta	2026-09-19T01:26:40.8113454Z     ✓ TEST-AUTH-001: tiempo indistinguible — medianas dentro de max(50 ms, 35 %) (DEUDA_LEGAJO DL-014) (3254 ms)
integración · PostgreSQL 16 (Testcontainers)	Schema vs 06 · identidad y sesiones (TEST-AUTH-*) · readiness · migración fallida aborta	2026-09-19T01:26:40.8114440Z   TEST-RF-002 / TEST-UC-P26 / TEST-CT-ACC-02…05 — sesión local
integración · PostgreSQL 16 (Testcontainers)	Schema vs 06 · identidad y sesiones (TEST-AUTH-*) · readiness · migración fallida aborta	2026-09-19T01:26:40.8116098Z     ✓ TEST-CT-ACC-02: login 201 con el contrato exacto; *** 12 h, sin renovación; fila de sesión con superficie (168 ms)
integración · PostgreSQL 16 (Testcontainers)	Schema vs 06 · identidad y sesiones (TEST-AUTH-*) · readiness · migración fallida aborta	2026-09-19T01:26:40.8117226Z     ✓ TEST-CT-ACC-05: /me devuelve identidad, estado y sesión propios; nunca hash, token ni A3 (159 ms)
integración · PostgreSQL 16 (Testcontainers)	Schema vs 06 · identidad y sesiones (TEST-AUTH-*) · readiness · migración fallida aborta	2026-09-19T01:26:40.8118198Z     ✓ TEST-CT-ACC-05: sin Authorization → 401 undefined (2 ms)
integración · PostgreSQL 16 (Testcontainers)	Schema vs 06 · identidad y sesiones (TEST-AUTH-*) · readiness · migración fallida aborta	2026-09-19T01:26:40.8118981Z     ✓ TEST-CT-ACC-05: esquema no *** 401 Basic abc (2 ms)
integración · PostgreSQL 16 (Testcontainers)	Schema vs 06 · identidad y sesiones (TEST-AUTH-*) · readiness · migración fallida aborta	2026-09-19T01:26:40.8119767Z     ✓ TEST-CT-ACC-05: token basura → 401 *** (2 ms)
integración · PostgreSQL 16 (Testcontainers)	Schema vs 06 · identidad y sesiones (TEST-AUTH-*) · readiness · migración fallida aborta	2026-09-19T01:26:40.8120598Z     ✓ TEST-CT-ACC-05: token firmado con otro secreto o con alg none → 401 SESSION_INVALID (151 ms)
integración · PostgreSQL 16 (Testcontainers)	Schema vs 06 · identidad y sesiones (TEST-AUTH-*) · readiness · migración fallida aborta	2026-09-19T01:26:40.8121783Z     ✓ TEST-UC-P26: logout (ACC-03) finaliza la sesión actual; la request siguiente da 401; repetir es idempotente; la cuenta sigue OPERATIVA (233 ms)
integración · PostgreSQL 16 (Testcontainers)	Schema vs 06 · identidad y sesiones (TEST-AUTH-*) · readiness · migración fallida aborta	2026-09-19T01:26:40.8123114Z     ✓ TEST-CT-ACC-04: revocar todas (ACC-04) invalida las sesiones de web y APK en la request siguiente (309 ms)
integración · PostgreSQL 16 (Testcontainers)	Schema vs 06 · identidad y sesiones (TEST-AUTH-*) · readiness · migración fallida aborta	2026-09-19T01:26:40.8124418Z     ✓ TEST-RF-002: parámetros de query no declarados en /me → 400 INVALID_REQUEST (09 §3.1) (148 ms)
integración · PostgreSQL 16 (Testcontainers)	Schema vs 06 · identidad y sesiones (TEST-AUTH-*) · readiness · migración fallida aborta	2026-09-19T01:26:40.8125414Z   Suspensión revoca sesiones — INV-06-28 · 09v8 «suspensión que exige revocación invalida sesión»
integración · PostgreSQL 16 (Testcontainers)	Schema vs 06 · identidad y sesiones (TEST-AUTH-*) · readiness · migración fallida aborta	2026-09-19T01:26:40.8126336Z     ✓ TEST-RF-002: SuspenderCuenta revoca las sesiones vigentes, bloquea el login y RestablecerCuenta no las revive (305 ms)
integración · PostgreSQL 16 (Testcontainers)	Schema vs 06 · identidad y sesiones (TEST-AUTH-*) · readiness · migración fallida aborta	2026-09-19T01:26:40.8126929Z   TEST-RNF-SEC-003 — límite de intentos neutral
integración · PostgreSQL 16 (Testcontainers)	Schema vs 06 · identidad y sesiones (TEST-AUTH-*) · readiness · migración fallida aborta	2026-09-19T01:26:40.8127645Z     ✓ TEST-RNF-SEC-003: login — 429 RATE_LIMITED idéntico exista o no la cuenta, aun con la contraseña correcta (633 ms)
integración · PostgreSQL 16 (Testcontainers)	Schema vs 06 · identidad y sesiones (TEST-AUTH-*) · readiness · migración fallida aborta	2026-09-19T01:26:40.8128494Z     ✓ TEST-RNF-SEC-003: login — cupo global por red (08:786): identificadores distintos desde la misma red también se frenan (381 ms)
integración · PostgreSQL 16 (Testcontainers)	Schema vs 06 · identidad y sesiones (TEST-AUTH-*) · readiness · migración fallida aborta	2026-09-19T01:26:40.8129453Z     ✓ TEST-RNF-SEC-003: login — cupo por identificador desde cualquier red (DL-030): un pool de IPs no multiplica los intentos contra una cuenta (597 ms)
integración · PostgreSQL 16 (Testcontainers)	Schema vs 06 · identidad y sesiones (TEST-AUTH-*) · readiness · migración fallida aborta	2026-09-19T01:26:40.8130240Z     ✓ TEST-RNF-SEC-003: registro — 429 al superar el límite por IP, sin crear identidad (167 ms)
integración · PostgreSQL 16 (Testcontainers)	Schema vs 06 · identidad y sesiones (TEST-AUTH-*) · readiness · migración fallida aborta	2026-09-19T01:26:40.8130595Z 
integración · PostgreSQL 16 (Testcontainers)	Schema vs 06 · identidad y sesiones (TEST-AUTH-*) · readiness · migración fallida aborta	2026-09-19T01:26:41.4829841Z {"nivel":"info","requestId":"94e86de7-d9a2-450d-96ee-309b52a927de","metodo":"POST","ruta":"/api/v1/registrations","status":201,"duracionMs":88}
integración · PostgreSQL 16 (Testcontainers)	Schema vs 06 · identidad y sesiones (TEST-AUTH-*) · readiness · migración fallida aborta	2026-09-19T01:26:41.6053971Z {"nivel":"info","requestId":"074dfa61-63d9-4921-b08d-1bfc830f1c2a","metodo":"POST","ruta":"/api/v1/registrations","status":201,"duracionMs":79}
integración · PostgreSQL 16 (Testcontainers)	Schema vs 06 · identidad y sesiones (TEST-AUTH-*) · readiness · migración fallida aborta	2026-09-19T01:26:41.6919049Z {"nivel":"info","requestId":"6624f4a0-fd13-42a0-b2e3-d41b86c4afc8","metodo":"POST","ruta":"/api/v1/auth/sessions","status":201,"duracionMs":85}
integración · PostgreSQL 16 (Testcontainers)	Schema vs 06 · identidad y sesiones (TEST-AUTH-*) · readiness · migración fallida aborta	2026-09-19T01:26:41.6997381Z {"nivel":"info","requestId":"520ebb71-c1c8-48a6-855c-eaf64a8caa8a","metodo":"GET","ruta":"/api/v1/me/health-data-consent-requirement","status":200,"duracionMs":6}
integración · PostgreSQL 16 (Testcontainers)	Schema vs 06 · identidad y sesiones (TEST-AUTH-*) · readiness · migración fallida aborta	2026-09-19T01:26:41.7034995Z {"nivel":"info","requestId":"65d35b2b-186d-4000-96fb-93c9445766c4","metodo":"POST","ruta":"/api/v1/registrations","status":400,"duracionMs":1}
integración · PostgreSQL 16 (Testcontainers)	Schema vs 06 · identidad y sesiones (TEST-AUTH-*) · readiness · migración fallida aborta	2026-09-19T01:26:41.8163004Z {"nivel":"info","requestId":"b096ef95-e72f-4a9b-9344-d51c51482456","metodo":"POST","ruta":"/api/v1/registrations","status":201,"duracionMs":106}
integración · PostgreSQL 16 (Testcontainers)	Schema vs 06 · identidad y sesiones (TEST-AUTH-*) · readiness · migración fallida aborta	2026-09-19T01:26:41.8772806Z {"nivel":"info","requestId":"25b7318a-7839-4622-b305-8b3c234ae416","metodo":"POST","ruta":"/api/v1/registrations","status":409,"duracionMs":168}
integración · PostgreSQL 16 (Testcontainers)	Schema vs 06 · identidad y sesiones (TEST-AUTH-*) · readiness · migración fallida aborta	2026-09-19T01:26:41.8799005Z {"nivel":"info","requestId":"c2b20526-4e71-4894-bdf2-84a9a073eafd","metodo":"POST","ruta":"/api/v1/registrations","status":409,"duracionMs":171}
integración · PostgreSQL 16 (Testcontainers)	Schema vs 06 · identidad y sesiones (TEST-AUTH-*) · readiness · migración fallida aborta	2026-09-19T01:26:41.8801089Z {"nivel":"info","requestId":"178ee2d6-58a0-4805-891c-e051d7aa9622","metodo":"POST","ruta":"/api/v1/registrations","status":409,"duracionMs":171}
integración · PostgreSQL 16 (Testcontainers)	Schema vs 06 · identidad y sesiones (TEST-AUTH-*) · readiness · migración fallida aborta	2026-09-19T01:26:41.8844919Z {"nivel":"info","requestId":"a8c28759-a236-411e-abbf-dbb5a3c7e7a0","metodo":"POST","ruta":"/api/v1/registrations","status":409,"duracionMs":175}
integración · PostgreSQL 16 (Testcontainers)	Schema vs 06 · identidad y sesiones (TEST-AUTH-*) · readiness · migración fallida aborta	2026-09-19T01:26:41.8879797Z {"nivel":"info","requestId":"2bf9fb6c-4911-4781-bf2f-a70f5151f96c","metodo":"POST","ruta":"/api/v1/registrations","status":409,"duracionMs":176}
integración · PostgreSQL 16 (Testcontainers)	Schema vs 06 · identidad y sesiones (TEST-AUTH-*) · readiness · migración fallida aborta	2026-09-19T01:26:41.8931996Z {"nivel":"info","requestId":"52f7d852-9c1b-4eb7-824f-94b7b6638b39","metodo":"POST","ruta":"/api/v1/registrations","status":409,"duracionMs":183}
integración · PostgreSQL 16 (Testcontainers)	Schema vs 06 · identidad y sesiones (TEST-AUTH-*) · readiness · migración fallida aborta	2026-09-19T01:26:41.8962300Z {"nivel":"info","requestId":"e0319cf8-4887-4dee-9770-64d05eb75c2b","metodo":"POST","ruta":"/api/v1/registrations","status":409,"duracionMs":186}
integración · PostgreSQL 16 (Testcontainers)	Schema vs 06 · identidad y sesiones (TEST-AUTH-*) · readiness · migración fallida aborta	2026-09-19T01:26:41.9785964Z {"nivel":"info","requestId":"6c54891b-cd3c-4419-8cc8-5202c5729995","metodo":"POST","ruta":"/api/v1/registrations","status":201,"duracionMs":77}
integración · PostgreSQL 16 (Testcontainers)	Schema vs 06 · identidad y sesiones (TEST-AUTH-*) · readiness · migración fallida aborta	2026-09-19T01:26:42.0457733Z {"nivel":"info","requestId":"72aca229-f9dd-435f-8909-a7a9602d0957","metodo":"POST","ruta":"/api/v1/registrations","status":409,"duracionMs":66}
integración · PostgreSQL 16 (Testcontainers)	Schema vs 06 · identidad y sesiones (TEST-AUTH-*) · readiness · migración fallida aborta	2026-09-19T01:26:42.1231096Z {"nivel":"info","requestId":"8894ebca-f6c8-434b-8a5b-28c478f1597e","metodo":"POST","ruta":"/api/v1/registrations","status":201,"duracionMs":75}
integración · PostgreSQL 16 (Testcontainers)	Schema vs 06 · identidad y sesiones (TEST-AUTH-*) · readiness · migración fallida aborta	2026-09-19T01:26:42.2074883Z {"nivel":"info","requestId":"d7a49dee-a9ad-40e4-8f54-776a90d6760c","metodo":"POST","ruta":"/api/v1/registrations","status":201,"duracionMs":76}
integración · PostgreSQL 16 (Testcontainers)	Schema vs 06 · identidad y sesiones (TEST-AUTH-*) · readiness · migración fallida aborta	2026-09-19T01:26:42.2904540Z {"nivel":"info","requestId":"619a8e2a-d45e-484f-9b76-2633b288db36","metodo":"POST","ruta":"/api/v1/registrations","status":201,"duracionMs":73}
integración · PostgreSQL 16 (Testcontainers)	Schema vs 06 · identidad y sesiones (TEST-AUTH-*) · readiness · migración fallida aborta	2026-09-19T01:26:42.3875035Z {"nivel":"info","requestId":"1130a324-2db5-4e27-869b-d06513f3f163","metodo":"POST","ruta":"/api/v1/registrations","status":201,"duracionMs":87}
integración · PostgreSQL 16 (Testcontainers)	Schema vs 06 · identidad y sesiones (TEST-AUTH-*) · readiness · migración fallida aborta	2026-09-19T01:26:42.3910317Z {"nivel":"info","requestId":"205fe984-726f-4b86-8c4f-e65196e1adc7","metodo":"POST","ruta":"/api/v1/registrations","status":400,"duracionMs":0}
integración · PostgreSQL 16 (Testcontainers)	Schema vs 06 · identidad y sesiones (TEST-AUTH-*) · readiness · migración fallida aborta	2026-09-19T01:26:42.3936451Z {"nivel":"info","requestId":"897fa40c-d37d-4eea-819e-d32558dc02e1","metodo":"POST","ruta":"/api/v1/registrations","status":400,"duracionMs":0}
integración · PostgreSQL 16 (Testcontainers)	Schema vs 06 · identidad y sesiones (TEST-AUTH-*) · readiness · migración fallida aborta	2026-09-19T01:26:42.3954836Z {"nivel":"info","requestId":"90fff6e0-b173-4997-a3cc-b312865ec85a","metodo":"POST","ruta":"/api/v1/registrations","status":422,"duracionMs":0}
integración · PostgreSQL 16 (Testcontainers)	Schema vs 06 · identidad y sesiones (TEST-AUTH-*) · readiness · migración fallida aborta	2026-09-19T01:26:42.3969785Z {"nivel":"info","requestId":"85877154-f80f-40e8-aed8-754dc659ad95","metodo":"POST","ruta":"/api/v1/registrations","status":422,"duracionMs":0}
integración · PostgreSQL 16 (Testcontainers)	Schema vs 06 · identidad y sesiones (TEST-AUTH-*) · readiness · migración fallida aborta	2026-09-19T01:26:42.3990533Z {"nivel":"info","requestId":"82cd3754-7c7d-4fff-b1f7-c19ccbf1c827","metodo":"POST","ruta":"/api/v1/registrations","status":400,"duracionMs":0}
integración · PostgreSQL 16 (Testcontainers)	Schema vs 06 · identidad y sesiones (TEST-AUTH-*) · readiness · migración fallida aborta	2026-09-19T01:26:42.4013397Z {"nivel":"info","requestId":"4e322f3f-04cc-4bb8-a50e-2a0f9748af50","metodo":"POST","ruta":"/api/v1/registrations","status":400,"duracionMs":0}
integración · PostgreSQL 16 (Testcontainers)	Schema vs 06 · identidad y sesiones (TEST-AUTH-*) · readiness · migración fallida aborta	2026-09-19T01:26:42.4030008Z {"nivel":"info","requestId":"200be31c-b0f3-49f2-b881-b79547695979","metodo":"POST","ruta":"/api/v1/registrations","status":400,"duracionMs":0}
integración · PostgreSQL 16 (Testcontainers)	Schema vs 06 · identidad y sesiones (TEST-AUTH-*) · readiness · migración fallida aborta	2026-09-19T01:26:42.4045061Z {"nivel":"info","requestId":"93f30607-66f4-4f1f-b523-67ba712a0c33","metodo":"POST","ruta":"/api/v1/registrations","status":400,"duracionMs":0}
integración · PostgreSQL 16 (Testcontainers)	Schema vs 06 · identidad y sesiones (TEST-AUTH-*) · readiness · migración fallida aborta	2026-09-19T01:26:42.4816530Z {"nivel":"info","requestId":"323c70f6-56dc-4097-975e-b870f444bb99","metodo":"POST","ruta":"/api/v1/registrations","status":201,"duracionMs":75}
integración · PostgreSQL 16 (Testcontainers)	Schema vs 06 · identidad y sesiones (TEST-AUTH-*) · readiness · migración fallida aborta	2026-09-19T01:26:42.5456965Z {"nivel":"info","requestId":"cd9e0720-1074-48c9-8cb5-ee0e4225ded7","metodo":"POST","ruta":"/api/v1/registrations","status":201,"duracionMs":62}
integración · PostgreSQL 16 (Testcontainers)	Schema vs 06 · identidad y sesiones (TEST-AUTH-*) · readiness · migración fallida aborta	2026-09-19T01:26:42.6276966Z {"nivel":"info","requestId":"248b2fca-fadd-4b33-aa87-4ab580a66114","metodo":"POST","ruta":"/api/v1/registrations","status":201,"duracionMs":78}
integración · PostgreSQL 16 (Testcontainers)	Schema vs 06 · identidad y sesiones (TEST-AUTH-*) · readiness · migración fallida aborta	2026-09-19T01:26:42.6301061Z {"nivel":"info","requestId":"939ec18f-1ead-461a-8240-dec57de45865","metodo":"POST","ruta":"/api/v1/registrations","status":201,"duracionMs":79}
integración · PostgreSQL 16 (Testcontainers)	Schema vs 06 · identidad y sesiones (TEST-AUTH-*) · readiness · migración fallida aborta	2026-09-19T01:26:42.6312803Z {"nivel":"info","requestId":"a39d2385-825a-4bf6-8f65-29febc166ccb","metodo":"POST","ruta":"/api/v1/registrations","status":201,"duracionMs":80}
integración · PostgreSQL 16 (Testcontainers)	Schema vs 06 · identidad y sesiones (TEST-AUTH-*) · readiness · migración fallida aborta	2026-09-19T01:26:42.6320920Z {"nivel":"info","requestId":"f4da2d22-9028-4ba0-a237-ff144267bbe7","metodo":"POST","ruta":"/api/v1/registrations","status":201,"duracionMs":81}
integración · PostgreSQL 16 (Testcontainers)	Schema vs 06 · identidad y sesiones (TEST-AUTH-*) · readiness · migración fallida aborta	2026-09-19T01:26:42.7158648Z {"nivel":"info","requestId":"ff1c7a41-6b06-4bd9-b732-f5cdb7cf4151","metodo":"POST","ruta":"/api/v1/registrations","status":201,"duracionMs":81}
integración · PostgreSQL 16 (Testcontainers)	Schema vs 06 · identidad y sesiones (TEST-AUTH-*) · readiness · migración fallida aborta	2026-09-19T01:26:42.7829303Z {"nivel":"info","requestId":"476e6bc1-251f-4995-ae62-8590bf7713c4","metodo":"POST","ruta":"/api/v1/registrations","status":409,"duracionMs":65}
integración · PostgreSQL 16 (Testcontainers)	Schema vs 06 · identidad y sesiones (TEST-AUTH-*) · readiness · migración fallida aborta	2026-09-19T01:26:42.8572326Z {"nivel":"error","evento":"error_no_clasificado","tipo":"Error","requestId":"b0be18e9-87ab-46d9-8972-e4c1a187d80f"}
integración · PostgreSQL 16 (Testcontainers)	Schema vs 06 · identidad y sesiones (TEST-AUTH-*) · readiness · migración fallida aborta	2026-09-19T01:26:42.8574409Z {"nivel":"info","requestId":"b0be18e9-87ab-46d9-8972-e4c1a187d80f","metodo":"POST","ruta":"/api/v1/registrations","status":500,"duracionMs":72}
integración · PostgreSQL 16 (Testcontainers)	Schema vs 06 · identidad y sesiones (TEST-AUTH-*) · readiness · migración fallida aborta	2026-09-19T01:26:42.9340466Z {"nivel":"info","requestId":"24933d14-eb32-4ee1-83de-f0d194c7a7fd","metodo":"POST","ruta":"/api/v1/registrations","status":201,"duracionMs":74}
integración · PostgreSQL 16 (Testcontainers)	Schema vs 06 · identidad y sesiones (TEST-AUTH-*) · readiness · migración fallida aborta	2026-09-19T01:26:43.0140039Z {"nivel":"info","requestId":"52d4320e-41cb-45dd-843d-9c745f5606ff","metodo":"POST","ruta":"/api/v1/registrations","status":201,"duracionMs":78}
integración · PostgreSQL 16 (Testcontainers)	Schema vs 06 · identidad y sesiones (TEST-AUTH-*) · readiness · migración fallida aborta	2026-09-19T01:26:43.0900469Z {"nivel":"info","requestId":"7c8af7f1-8387-4aea-b8d4-fac050e5203a","metodo":"POST","ruta":"/api/v1/registrations","status":201,"duracionMs":74}
integración · PostgreSQL 16 (Testcontainers)	Schema vs 06 · identidad y sesiones (TEST-AUTH-*) · readiness · migración fallida aborta	2026-09-19T01:26:43.0983641Z PASS ../../test/integration/registro.int-spec.ts
integración · PostgreSQL 16 (Testcontainers)	Schema vs 06 · identidad y sesiones (TEST-AUTH-*) · readiness · migración fallida aborta	2026-09-19T01:26:43.0984809Z   ✓ los identificadores de dominio son UUID opacos y no secuenciales (156 ms)
integración · PostgreSQL 16 (Testcontainers)	Schema vs 06 · identidad y sesiones (TEST-AUTH-*) · readiness · migración fallida aborta	2026-09-19T01:26:43.0986565Z   TEST-AUTH-002 — el registro no concede A3
integración · PostgreSQL 16 (Testcontainers)	Schema vs 06 · identidad y sesiones (TEST-AUTH-*) · readiness · migración fallida aborta	2026-09-19T01:26:43.0987361Z     ✓ TEST-AUTH-002: tras ACC-01 existen A1 y A2 separados con evidencia propia, cero A3, sin rol ni sesión (135 ms)
integración · PostgreSQL 16 (Testcontainers)	Schema vs 06 · identidad y sesiones (TEST-AUTH-*) · readiness · migración fallida aborta	2026-09-19T01:26:43.0988169Z     ✓ TEST-AUTH-002: CON-05 responde currentConsent null (A3 no otorgado) después del registro (176 ms)
integración · PostgreSQL 16 (Testcontainers)	Schema vs 06 · identidad y sesiones (TEST-AUTH-*) · readiness · migración fallida aborta	2026-09-19T01:26:43.0989025Z     ✓ TEST-AUTH-002: un campo de consentimiento A3 en el registro se rechaza con 400 UNKNOWN_FIELD y no crea nada (4 ms)
integración · PostgreSQL 16 (Testcontainers)	Schema vs 06 · identidad y sesiones (TEST-AUTH-*) · readiness · migración fallida aborta	2026-09-19T01:26:43.0989734Z   TEST-RF-001 — una identidad por identificador, garantizado por índice único
integración · PostgreSQL 16 (Testcontainers)	Schema vs 06 · identidad y sesiones (TEST-AUTH-*) · readiness · migración fallida aborta	2026-09-19T01:26:43.0990479Z     ✓ TEST-RF-001: 8 registros concurrentes con el mismo correo (keys distintas) crean exactamente 1 identidad (194 ms)
integración · PostgreSQL 16 (Testcontainers)	Schema vs 06 · identidad y sesiones (TEST-AUTH-*) · readiness · migración fallida aborta	2026-09-19T01:26:43.0991244Z     ✓ TEST-RF-001: mayúsculas y espacios no evaden la unicidad (identificador normalizado) (147 ms)
integración · PostgreSQL 16 (Testcontainers)	Schema vs 06 · identidad y sesiones (TEST-AUTH-*) · readiness · migración fallida aborta	2026-09-19T01:26:43.0992007Z     ✓ TEST-RF-001: la base rechaza por sí sola un segundo método LOCAL con la misma referencia (índice único) (83 ms)
integración · PostgreSQL 16 (Testcontainers)	Schema vs 06 · identidad y sesiones (TEST-AUTH-*) · readiness · migración fallida aborta	2026-09-19T01:26:43.0992563Z   TEST-UC-P25 / TEST-CT-ACC-01 — registro
integración · PostgreSQL 16 (Testcontainers)	Schema vs 06 · identidad y sesiones (TEST-AUTH-*) · readiness · migración fallida aborta	2026-09-19T01:26:43.0993131Z     ✓ TEST-CT-ACC-01: 201 con el contrato exacto, sin sesión ni datos sensibles (79 ms)
integración · PostgreSQL 16 (Testcontainers)	Schema vs 06 · identidad y sesiones (TEST-AUTH-*) · readiness · migración fallida aborta	2026-09-19T01:26:43.0993957Z     ✓ TEST-UC-P25: una sola transacción crea identidad OPERATIVA, perfil propio 1:1, método, credencial hasheada, eventos y auditoría (90 ms)
integración · PostgreSQL 16 (Testcontainers)	Schema vs 06 · identidad y sesiones (TEST-AUTH-*) · readiness · migración fallida aborta	2026-09-19T01:26:43.0994806Z     ✓ TEST-DOM-008: ocurrencia y registro se guardan por separado en todos los hechos del alta (91 ms)
integración · PostgreSQL 16 (Testcontainers)	Schema vs 06 · identidad y sesiones (TEST-AUTH-*) · readiness · migración fallida aborta	2026-09-19T01:26:43.0996013Z     ✓ TEST-CT-ACC-01: sin Idempotency-Key → 400 INVALID_REQUEST (3 ms)
integración · PostgreSQL 16 (Testcontainers)	Schema vs 06 · identidad y sesiones (TEST-AUTH-*) · readiness · migración fallida aborta	2026-09-19T01:26:43.0996565Z     ✓ TEST-CT-ACC-01: Idempotency-Key inválida → 400 INVALID_REQUEST (1 ms)
integración · PostgreSQL 16 (Testcontainers)	Schema vs 06 · identidad y sesiones (TEST-AUTH-*) · readiness · migración fallida aborta	2026-09-19T01:26:43.0997410Z     ✓ TEST-CT-ACC-01: versión de términos no vigente → 422 TERMS_VERSION_NOT_ACCEPTABLE; de privacidad → PRIVACY_VERSION_NOT_ACCEPTABLE (3 ms)
integración · PostgreSQL 16 (Testcontainers)	Schema vs 06 · identidad y sesiones (TEST-AUTH-*) · readiness · migración fallida aborta	2026-09-19T01:26:43.0998246Z     ✓ TEST-CT-ACC-01: credencial corta o correo inválido → 400 INVALID_REQUEST con issues {code, path} (2 ms)
integración · PostgreSQL 16 (Testcontainers)	Schema vs 06 · identidad y sesiones (TEST-AUTH-*) · readiness · migración fallida aborta	2026-09-19T01:26:43.0999041Z     ✓ TEST-AUTH-009: campos autoritativos del cliente (rol, estado, capacidades) → 400 UNKNOWN_FIELD (5 ms)
integración · PostgreSQL 16 (Testcontainers)	Schema vs 06 · identidad y sesiones (TEST-AUTH-*) · readiness · migración fallida aborta	2026-09-19T01:26:43.0999611Z   TEST-RNF-REC-002 — idempotencia del registro
integración · PostgreSQL 16 (Testcontainers)	Schema vs 06 · identidad y sesiones (TEST-AUTH-*) · readiness · migración fallida aborta	2026-09-19T01:26:43.1000174Z     ✓ TEST-RNF-REC-002: misma key + mismo payload → mismo resultado sin duplicar efectos (143 ms)
integración · PostgreSQL 16 (Testcontainers)	Schema vs 06 · identidad y sesiones (TEST-AUTH-*) · readiness · migración fallida aborta	2026-09-19T01:26:43.1000969Z     ✓ TEST-RNF-REC-002: requests concurrentes con la misma key → una identidad y respuestas idénticas (85 ms)
integración · PostgreSQL 16 (Testcontainers)	Schema vs 06 · identidad y sesiones (TEST-AUTH-*) · readiness · migración fallida aborta	2026-09-19T01:26:43.1001637Z     ✓ TEST-RNF-REC-002: misma key con otro payload → 409 IDEMPOTENCY_KEY_REUSED (151 ms)
integración · PostgreSQL 16 (Testcontainers)	Schema vs 06 · identidad y sesiones (TEST-AUTH-*) · readiness · migración fallida aborta	2026-09-19T01:26:43.1002213Z   TEST-RNF-SEC-005 — auditoría bloqueante (REQUIRED_SAME_TX)
integración · PostgreSQL 16 (Testcontainers)	Schema vs 06 · identidad y sesiones (TEST-AUTH-*) · readiness · migración fallida aborta	2026-09-19T01:26:43.1002955Z     ✓ TEST-RNF-SEC-005: si la auditoría del alta falla, no queda identidad ni efecto alguno (09v7 T18: no audit → no success) (151 ms)
integración · PostgreSQL 16 (Testcontainers)	Schema vs 06 · identidad y sesiones (TEST-AUTH-*) · readiness · migración fallida aborta	2026-09-19T01:26:43.1003388Z 
integración · PostgreSQL 16 (Testcontainers)	Schema vs 06 · identidad y sesiones (TEST-AUTH-*) · readiness · migración fallida aborta	2026-09-19T01:26:43.7021847Z {"nivel":"info","requestId":"7e15545b-529d-4928-844b-cbf5cc185dd2","metodo":"POST","ruta":"/api/v1/registrations","status":201,"duracionMs":87}
integración · PostgreSQL 16 (Testcontainers)	Schema vs 06 · identidad y sesiones (TEST-AUTH-*) · readiness · migración fallida aborta	2026-09-19T01:26:43.7750840Z {"nivel":"info","requestId":"f4e2aa48-538e-4a89-9faf-63cda64f7672","metodo":"POST","ruta":"/api/v1/auth/sessions","status":201,"duracionMs":71}
integración · PostgreSQL 16 (Testcontainers)	Schema vs 06 · identidad y sesiones (TEST-AUTH-*) · readiness · migración fallida aborta	2026-09-19T01:26:43.8429479Z {"nivel":"info","requestId":"ca4edcce-ce38-4e19-b29e-113d1067fb38","metodo":"POST","ruta":"/api/v1/auth/sessions","status":201,"duracionMs":66}
integración · PostgreSQL 16 (Testcontainers)	Schema vs 06 · identidad y sesiones (TEST-AUTH-*) · readiness · migración fallida aborta	2026-09-19T01:26:43.9140285Z {"nivel":"info","requestId":"33d0228f-c75d-4baa-a3c7-fd6ef0b6d869","metodo":"POST","ruta":"/api/v1/auth/sessions","status":201,"duracionMs":69}
integración · PostgreSQL 16 (Testcontainers)	Schema vs 06 · identidad y sesiones (TEST-AUTH-*) · readiness · migración fallida aborta	2026-09-19T01:26:43.9378756Z {"nivel":"info","requestId":"9d4b07cb-4824-45ad-aa28-36eae92a55d1","metodo":"POST","ruta":"/api/v1/me/account-closure-requests","status":201,"duracionMs":22}
integración · PostgreSQL 16 (Testcontainers)	Schema vs 06 · identidad y sesiones (TEST-AUTH-*) · readiness · migración fallida aborta	2026-09-19T01:26:44.0423180Z {"nivel":"info","requestId":"d7890312-cfb3-4808-aa77-4e77652652bc","metodo":"POST","ruta":"/api/v1/auth/sessions","status":401,"duracionMs":64}
integración · PostgreSQL 16 (Testcontainers)	Schema vs 06 · identidad y sesiones (TEST-AUTH-*) · readiness · migración fallida aborta	2026-09-19T01:26:44.1210192Z {"nivel":"info","requestId":"284691d6-bf4b-4522-9e34-b67daaa7dfb6","metodo":"POST","ruta":"/api/v1/registrations","status":201,"duracionMs":74}
integración · PostgreSQL 16 (Testcontainers)	Schema vs 06 · identidad y sesiones (TEST-AUTH-*) · readiness · migración fallida aborta	2026-09-19T01:26:44.1903354Z {"nivel":"info","requestId":"12761ce2-401b-42bb-b21d-89a428ab965b","metodo":"POST","ruta":"/api/v1/auth/sessions","status":201,"duracionMs":68}
integración · PostgreSQL 16 (Testcontainers)	Schema vs 06 · identidad y sesiones (TEST-AUTH-*) · readiness · migración fallida aborta	2026-09-19T01:26:44.2607965Z {"nivel":"info","requestId":"d09fbde8-a982-480d-9b81-d3082aff307e","metodo":"POST","ruta":"/api/v1/auth/sessions","status":201,"duracionMs":69}
integración · PostgreSQL 16 (Testcontainers)	Schema vs 06 · identidad y sesiones (TEST-AUTH-*) · readiness · migración fallida aborta	2026-09-19T01:26:44.3291730Z {"nivel":"info","requestId":"d84d5e22-ccfc-4fac-81af-fcc2c564eb0c","metodo":"POST","ruta":"/api/v1/auth/sessions","status":201,"duracionMs":67}
integración · PostgreSQL 16 (Testcontainers)	Schema vs 06 · identidad y sesiones (TEST-AUTH-*) · readiness · migración fallida aborta	2026-09-19T01:26:44.3467107Z {"nivel":"info","requestId":"9786d4f3-4b1d-41cd-9d11-f2817a3499f9","metodo":"POST","ruta":"/api/v1/me/account-closure-requests","status":201,"duracionMs":16}
integración · PostgreSQL 16 (Testcontainers)	Schema vs 06 · identidad y sesiones (TEST-AUTH-*) · readiness · migración fallida aborta	2026-09-19T01:26:44.3498180Z {"nivel":"info","requestId":"65c8f636-4bd7-49c0-a36e-9a29de6b8529","metodo":"GET","ruta":"/api/v1/me","status":401,"duracionMs":2}
integración · PostgreSQL 16 (Testcontainers)	Schema vs 06 · identidad y sesiones (TEST-AUTH-*) · readiness · migración fallida aborta	2026-09-19T01:26:44.3527676Z {"nivel":"info","requestId":"2872cfc9-5a65-4322-a738-3d605d739c51","metodo":"GET","ruta":"/api/v1/me/health-data-consent-requirement","status":401,"duracionMs":1}
integración · PostgreSQL 16 (Testcontainers)	Schema vs 06 · identidad y sesiones (TEST-AUTH-*) · readiness · migración fallida aborta	2026-09-19T01:26:44.3554187Z {"nivel":"info","requestId":"a819e90b-93c4-48a8-821e-3dc54d1c4b43","metodo":"DELETE","ruta":"/api/v1/auth/sessions","status":401,"duracionMs":1}
integración · PostgreSQL 16 (Testcontainers)	Schema vs 06 · identidad y sesiones (TEST-AUTH-*) · readiness · migración fallida aborta	2026-09-19T01:26:44.3581060Z {"nivel":"info","requestId":"32323fb7-1c8d-4b7d-be02-e4211da6d0f7","metodo":"GET","ruta":"/api/v1/me","status":401,"duracionMs":1}
integración · PostgreSQL 16 (Testcontainers)	Schema vs 06 · identidad y sesiones (TEST-AUTH-*) · readiness · migración fallida aborta	2026-09-19T01:26:44.3608157Z {"nivel":"info","requestId":"f3bcb645-5550-4822-a4d9-96d8dcae2192","metodo":"GET","ruta":"/api/v1/me/health-data-consent-requirement","status":401,"duracionMs":1}
integración · PostgreSQL 16 (Testcontainers)	Schema vs 06 · identidad y sesiones (TEST-AUTH-*) · readiness · migración fallida aborta	2026-09-19T01:26:44.3634087Z {"nivel":"info","requestId":"e7bd84c4-0d94-4f6b-8466-d2b5b2b6a48a","metodo":"DELETE","ruta":"/api/v1/auth/sessions","status":401,"duracionMs":1}
integración · PostgreSQL 16 (Testcontainers)	Schema vs 06 · identidad y sesiones (TEST-AUTH-*) · readiness · migración fallida aborta	2026-09-19T01:26:44.3660450Z {"nivel":"info","requestId":"0d7c2397-75a5-46ed-97ac-7d2698dd0159","metodo":"GET","ruta":"/api/v1/me","status":401,"duracionMs":1}
integración · PostgreSQL 16 (Testcontainers)	Schema vs 06 · identidad y sesiones (TEST-AUTH-*) · readiness · migración fallida aborta	2026-09-19T01:26:44.3688190Z {"nivel":"info","requestId":"df0b8d96-b9e2-4f12-add5-151e7b310312","metodo":"GET","ruta":"/api/v1/me/health-data-consent-requirement","status":401,"duracionMs":1}
integración · PostgreSQL 16 (Testcontainers)	Schema vs 06 · identidad y sesiones (TEST-AUTH-*) · readiness · migración fallida aborta	2026-09-19T01:26:44.3716276Z {"nivel":"info","requestId":"37e125cc-9855-49af-9181-8b7ad3c6d3eb","metodo":"DELETE","ruta":"/api/v1/auth/sessions","status":401,"duracionMs":1}
integración · PostgreSQL 16 (Testcontainers)	Schema vs 06 · identidad y sesiones (TEST-AUTH-*) · readiness · migración fallida aborta	2026-09-19T01:26:44.4674878Z {"nivel":"info","requestId":"014ffd58-0823-4be9-8e2d-b8418db443ad","metodo":"POST","ruta":"/api/v1/registrations","status":201,"duracionMs":92}
integración · PostgreSQL 16 (Testcontainers)	Schema vs 06 · identidad y sesiones (TEST-AUTH-*) · readiness · migración fallida aborta	2026-09-19T01:26:44.5356585Z {"nivel":"info","requestId":"94a9671a-7a33-4bb5-b7f9-1ecab919f637","metodo":"POST","ruta":"/api/v1/auth/sessions","status":201,"duracionMs":67}
integración · PostgreSQL 16 (Testcontainers)	Schema vs 06 · identidad y sesiones (TEST-AUTH-*) · readiness · migración fallida aborta	2026-09-19T01:26:44.6044825Z {"nivel":"info","requestId":"94d25af8-dc1e-4ac6-86ec-bb9a18e8a918","metodo":"POST","ruta":"/api/v1/auth/sessions","status":201,"duracionMs":67}
integración · PostgreSQL 16 (Testcontainers)	Schema vs 06 · identidad y sesiones (TEST-AUTH-*) · readiness · migración fallida aborta	2026-09-19T01:26:44.6713190Z {"nivel":"info","requestId":"78ca3cef-651d-45e3-9dc5-4d110db9ba57","metodo":"POST","ruta":"/api/v1/auth/sessions","status":201,"duracionMs":65}
integración · PostgreSQL 16 (Testcontainers)	Schema vs 06 · identidad y sesiones (TEST-AUTH-*) · readiness · migración fallida aborta	2026-09-19T01:26:44.6997600Z {"nivel":"info","requestId":"2d5150b9-084a-4893-bd4c-5aefca598a26","metodo":"POST","ruta":"/api/v1/me/account-closure-requests","status":201,"duracionMs":27}
integración · PostgreSQL 16 (Testcontainers)	Schema vs 06 · identidad y sesiones (TEST-AUTH-*) · readiness · migración fallida aborta	2026-09-19T01:26:44.7841117Z {"nivel":"info","requestId":"80f3b1eb-820b-4d63-a407-837b1f718050","metodo":"POST","ruta":"/api/v1/registrations","status":201,"duracionMs":74}
integración · PostgreSQL 16 (Testcontainers)	Schema vs 06 · identidad y sesiones (TEST-AUTH-*) · readiness · migración fallida aborta	2026-09-19T01:26:44.8525613Z {"nivel":"info","requestId":"87fa5861-63e0-45be-a7ab-0d686cc10f87","metodo":"POST","ruta":"/api/v1/auth/sessions","status":201,"duracionMs":67}
integración · PostgreSQL 16 (Testcontainers)	Schema vs 06 · identidad y sesiones (TEST-AUTH-*) · readiness · migración fallida aborta	2026-09-19T01:26:44.9297679Z {"nivel":"info","requestId":"05f6bdbc-81da-4eeb-ab2b-7e417bf547f1","metodo":"POST","ruta":"/api/v1/auth/sessions","status":201,"duracionMs":76}
integración · PostgreSQL 16 (Testcontainers)	Schema vs 06 · identidad y sesiones (TEST-AUTH-*) · readiness · migración fallida aborta	2026-09-19T01:26:44.9986659Z {"nivel":"info","requestId":"266ae261-9af7-4d52-9ede-ddcebb078ce8","metodo":"POST","ruta":"/api/v1/auth/sessions","status":201,"duracionMs":67}
integración · PostgreSQL 16 (Testcontainers)	Schema vs 06 · identidad y sesiones (TEST-AUTH-*) · readiness · migración fallida aborta	2026-09-19T01:26:45.0190678Z {"nivel":"info","requestId":"a7e0244f-f57a-4842-8247-b61c0a69f856","metodo":"POST","ruta":"/api/v1/me/account-closure-requests","status":201,"duracionMs":18}
integración · PostgreSQL 16 (Testcontainers)	Schema vs 06 · identidad y sesiones (TEST-AUTH-*) · readiness · migración fallida aborta	2026-09-19T01:26:45.1015453Z {"nivel":"info","requestId":"848b1575-3b99-4df7-a5cd-b2cea70d950a","metodo":"POST","ruta":"/api/v1/registrations","status":201,"duracionMs":76}
integración · PostgreSQL 16 (Testcontainers)	Schema vs 06 · identidad y sesiones (TEST-AUTH-*) · readiness · migración fallida aborta	2026-09-19T01:26:45.1696644Z {"nivel":"info","requestId":"f8cb28ac-e6ba-4319-896e-7f60d5c94624","metodo":"POST","ruta":"/api/v1/auth/sessions","status":201,"duracionMs":66}
integración · PostgreSQL 16 (Testcontainers)	Schema vs 06 · identidad y sesiones (TEST-AUTH-*) · readiness · migración fallida aborta	2026-09-19T01:26:45.2382007Z {"nivel":"info","requestId":"c86373c9-1447-4de8-8177-a239b3e10809","metodo":"POST","ruta":"/api/v1/auth/sessions","status":201,"duracionMs":67}
integración · PostgreSQL 16 (Testcontainers)	Schema vs 06 · identidad y sesiones (TEST-AUTH-*) · readiness · migración fallida aborta	2026-09-19T01:26:45.3114859Z {"nivel":"info","requestId":"7bc235ef-4e64-4e36-b069-bf009883bc02","metodo":"POST","ruta":"/api/v1/auth/sessions","status":201,"duracionMs":72}
integración · PostgreSQL 16 (Testcontainers)	Schema vs 06 · identidad y sesiones (TEST-AUTH-*) · readiness · migración fallida aborta	2026-09-19T01:26:45.3286210Z {"nivel":"info","requestId":"c900ed95-7874-4b05-ae40-ab914e9fa558","metodo":"POST","ruta":"/api/v1/me/account-closure-requests","status":201,"duracionMs":15}
integración · PostgreSQL 16 (Testcontainers)	Schema vs 06 · identidad y sesiones (TEST-AUTH-*) · readiness · migración fallida aborta	2026-09-19T01:26:45.4223081Z {"nivel":"info","requestId":"7702a0bc-2903-4d74-8777-81089b60bdbb","metodo":"POST","ruta":"/api/v1/registrations","status":201,"duracionMs":75}
integración · PostgreSQL 16 (Testcontainers)	Schema vs 06 · identidad y sesiones (TEST-AUTH-*) · readiness · migración fallida aborta	2026-09-19T01:26:45.4892814Z {"nivel":"info","requestId":"ab155dd8-26d0-45f9-a187-a019a8e17df3","metodo":"POST","ruta":"/api/v1/auth/sessions","status":201,"duracionMs":65}
integración · PostgreSQL 16 (Testcontainers)	Schema vs 06 · identidad y sesiones (TEST-AUTH-*) · readiness · migración fallida aborta	2026-09-19T01:26:45.5589667Z {"nivel":"info","requestId":"0c1f041c-344f-4c59-ba0c-e0e99fdf56e1","metodo":"POST","ruta":"/api/v1/auth/sessions","status":201,"duracionMs":68}
integración · PostgreSQL 16 (Testcontainers)	Schema vs 06 · identidad y sesiones (TEST-AUTH-*) · readiness · migración fallida aborta	2026-09-19T01:26:45.6287960Z {"nivel":"info","requestId":"5415f71d-279b-40ba-a2b0-32a97d2469b8","metodo":"POST","ruta":"/api/v1/auth/sessions","status":201,"duracionMs":68}
integración · PostgreSQL 16 (Testcontainers)	Schema vs 06 · identidad y sesiones (TEST-AUTH-*) · readiness · migración fallida aborta	2026-09-19T01:26:45.6455810Z {"nivel":"info","requestId":"0c46ea85-cfb0-45ad-853f-bd70ed804074","metodo":"POST","ruta":"/api/v1/me/account-closure-requests","status":201,"duracionMs":15}
integración · PostgreSQL 16 (Testcontainers)	Schema vs 06 · identidad y sesiones (TEST-AUTH-*) · readiness · migración fallida aborta	2026-09-19T01:26:45.7228754Z {"nivel":"info","requestId":"748e8d33-19b4-4bea-9135-b2102706c425","metodo":"POST","ruta":"/api/v1/registrations","status":201,"duracionMs":72}
integración · PostgreSQL 16 (Testcontainers)	Schema vs 06 · identidad y sesiones (TEST-AUTH-*) · readiness · migración fallida aborta	2026-09-19T01:26:45.7913524Z {"nivel":"info","requestId":"79914dd6-5154-46d2-9d95-9a4c0104da05","metodo":"POST","ruta":"/api/v1/auth/sessions","status":201,"duracionMs":67}
integración · PostgreSQL 16 (Testcontainers)	Schema vs 06 · identidad y sesiones (TEST-AUTH-*) · readiness · migración fallida aborta	2026-09-19T01:26:45.8625967Z {"nivel":"info","requestId":"67a04e32-02bc-4d2f-a7b1-0055cba4ba0a","metodo":"POST","ruta":"/api/v1/auth/sessions","status":201,"duracionMs":70}
integración · PostgreSQL 16 (Testcontainers)	Schema vs 06 · identidad y sesiones (TEST-AUTH-*) · readiness · migración fallida aborta	2026-09-19T01:26:45.9341090Z {"nivel":"info","requestId":"c5c3dfa5-5e24-4384-b7e3-29d83ac5ea70","metodo":"POST","ruta":"/api/v1/auth/sessions","status":201,"duracionMs":67}
integración · PostgreSQL 16 (Testcontainers)	Schema vs 06 · identidad y sesiones (TEST-AUTH-*) · readiness · migración fallida aborta	2026-09-19T01:26:45.9498685Z {"nivel":"info","requestId":"b76811b4-54fd-40a7-9043-192f7a587bc3","metodo":"POST","ruta":"/api/v1/me/account-closure-requests","status":201,"duracionMs":14}
integración · PostgreSQL 16 (Testcontainers)	Schema vs 06 · identidad y sesiones (TEST-AUTH-*) · readiness · migración fallida aborta	2026-09-19T01:26:45.9534955Z {"nivel":"info","requestId":"b9124a3a-428c-4038-ac45-3501f3f7b544","metodo":"POST","ruta":"/api/v1/me/account-closure-requests","status":201,"duracionMs":2}
integración · PostgreSQL 16 (Testcontainers)	Schema vs 06 · identidad y sesiones (TEST-AUTH-*) · readiness · migración fallida aborta	2026-09-19T01:26:45.9589188Z {"nivel":"info","requestId":"bb855132-3590-4692-a93b-633173a9660c","metodo":"POST","ruta":"/api/v1/me/account-closure-requests","status":409,"duracionMs":2}
integración · PostgreSQL 16 (Testcontainers)	Schema vs 06 · identidad y sesiones (TEST-AUTH-*) · readiness · migración fallida aborta	2026-09-19T01:26:45.9624923Z {"nivel":"info","requestId":"44ed58fe-3422-472a-80bf-0a6a90bbebe1","metodo":"POST","ruta":"/api/v1/me/account-closure-requests","status":401,"duracionMs":2}
integración · PostgreSQL 16 (Testcontainers)	Schema vs 06 · identidad y sesiones (TEST-AUTH-*) · readiness · migración fallida aborta	2026-09-19T01:26:46.0385258Z {"nivel":"info","requestId":"8356ea3e-5a1d-4ff5-ba99-9f1c4c5ebddb","metodo":"POST","ruta":"/api/v1/registrations","status":201,"duracionMs":74}
integración · PostgreSQL 16 (Testcontainers)	Schema vs 06 · identidad y sesiones (TEST-AUTH-*) · readiness · migración fallida aborta	2026-09-19T01:26:46.1070911Z {"nivel":"info","requestId":"d5fae4be-0c87-4e4e-865d-b064d0d71789","metodo":"POST","ruta":"/api/v1/auth/sessions","status":201,"duracionMs":67}
integración · PostgreSQL 16 (Testcontainers)	Schema vs 06 · identidad y sesiones (TEST-AUTH-*) · readiness · migración fallida aborta	2026-09-19T01:26:46.1158572Z {"nivel":"info","requestId":"0c55ec9e-1bf2-4fce-84b8-e6febfad149c","metodo":"POST","ruta":"/api/v1/me/account-closure-requests","status":422,"duracionMs":7}
integración · PostgreSQL 16 (Testcontainers)	Schema vs 06 · identidad y sesiones (TEST-AUTH-*) · readiness · migración fallida aborta	2026-09-19T01:26:46.1247753Z {"nivel":"info","requestId":"a39ee6d9-fbdd-406c-bb3c-ef0e445d02dd","metodo":"GET","ruta":"/api/v1/me","status":200,"duracionMs":6}
integración · PostgreSQL 16 (Testcontainers)	Schema vs 06 · identidad y sesiones (TEST-AUTH-*) · readiness · migración fallida aborta	2026-09-19T01:26:46.2025685Z {"nivel":"info","requestId":"8a5a421a-e824-4776-be76-866572446904","metodo":"POST","ruta":"/api/v1/registrations","status":201,"duracionMs":76}
integración · PostgreSQL 16 (Testcontainers)	Schema vs 06 · identidad y sesiones (TEST-AUTH-*) · readiness · migración fallida aborta	2026-09-19T01:26:46.2714683Z {"nivel":"info","requestId":"6e5ac9e7-3177-42bf-930e-3003dcc7351c","metodo":"POST","ruta":"/api/v1/auth/sessions","status":201,"duracionMs":67}
integración · PostgreSQL 16 (Testcontainers)	Schema vs 06 · identidad y sesiones (TEST-AUTH-*) · readiness · migración fallida aborta	2026-09-19T01:26:46.2782604Z {"nivel":"info","requestId":"7232137a-518b-4840-8f31-435e39be0efc","metodo":"POST","ruta":"/api/v1/me/account-closure-requests","status":422,"duracionMs":5}
integración · PostgreSQL 16 (Testcontainers)	Schema vs 06 · identidad y sesiones (TEST-AUTH-*) · readiness · migración fallida aborta	2026-09-19T01:26:46.2819715Z {"nivel":"info","requestId":"e9ee59cb-f1a8-43ae-9062-21fef2597a86","metodo":"POST","ruta":"/api/v1/me/account-closure-requests","status":401,"duracionMs":0}
integración · PostgreSQL 16 (Testcontainers)	Schema vs 06 · identidad y sesiones (TEST-AUTH-*) · readiness · migración fallida aborta	2026-09-19T01:26:46.3575733Z {"nivel":"info","requestId":"653a5f9d-2441-49de-8eea-d721058cd480","metodo":"POST","ruta":"/api/v1/registrations","status":201,"duracionMs":73}
integración · PostgreSQL 16 (Testcontainers)	Schema vs 06 · identidad y sesiones (TEST-AUTH-*) · readiness · migración fallida aborta	2026-09-19T01:26:46.3640857Z {"nivel":"info","requestId":"688a7da2-5b4b-416c-8a15-26b328628f9b","metodo":"GET","ruta":"/api/v1/me","status":200,"duracionMs":3}
integración · PostgreSQL 16 (Testcontainers)	Schema vs 06 · identidad y sesiones (TEST-AUTH-*) · readiness · migración fallida aborta	2026-09-19T01:26:46.3702412Z {"nivel":"info","requestId":"ef09a766-0898-4569-a6c6-e2e5b36cd733","metodo":"POST","ruta":"/api/v1/me/account-closure-requests","status":403,"duracionMs":5}
integración · PostgreSQL 16 (Testcontainers)	Schema vs 06 · identidad y sesiones (TEST-AUTH-*) · readiness · migración fallida aborta	2026-09-19T01:26:46.4410677Z {"nivel":"info","requestId":"dffd3939-7caf-41a9-b749-77563440fdaf","metodo":"POST","ruta":"/api/v1/auth/sessions","status":201,"duracionMs":68}
integración · PostgreSQL 16 (Testcontainers)	Schema vs 06 · identidad y sesiones (TEST-AUTH-*) · readiness · migración fallida aborta	2026-09-19T01:26:46.4560770Z {"nivel":"info","requestId":"8ab8c842-e5c8-4616-9866-14525122921d","metodo":"POST","ruta":"/api/v1/me/account-closure-requests","status":201,"duracionMs":13}
integración · PostgreSQL 16 (Testcontainers)	Schema vs 06 · identidad y sesiones (TEST-AUTH-*) · readiness · migración fallida aborta	2026-09-19T01:26:46.5354410Z {"nivel":"info","requestId":"eec2a30c-b99d-49ff-98c9-7d0ec987890d","metodo":"POST","ruta":"/api/v1/registrations","status":201,"duracionMs":77}
integración · PostgreSQL 16 (Testcontainers)	Schema vs 06 · identidad y sesiones (TEST-AUTH-*) · readiness · migración fallida aborta	2026-09-19T01:26:46.6038103Z {"nivel":"info","requestId":"209af581-bc0f-49e3-ba6c-448189e37987","metodo":"POST","ruta":"/api/v1/auth/sessions","status":201,"duracionMs":67}
integración · PostgreSQL 16 (Testcontainers)	Schema vs 06 · identidad y sesiones (TEST-AUTH-*) · readiness · migración fallida aborta	2026-09-19T01:26:46.6067308Z {"nivel":"info","requestId":"f8b15302-27d3-439e-9868-68894a08c2f2","metodo":"POST","ruta":"/api/v1/me/account-closure-requests","status":400,"duracionMs":1}
integración · PostgreSQL 16 (Testcontainers)	Schema vs 06 · identidad y sesiones (TEST-AUTH-*) · readiness · migración fallida aborta	2026-09-19T01:26:46.6850592Z {"nivel":"info","requestId":"4370b753-fbcf-4ec3-8788-8c18266ebc85","metodo":"POST","ruta":"/api/v1/registrations","status":201,"duracionMs":76}
integración · PostgreSQL 16 (Testcontainers)	Schema vs 06 · identidad y sesiones (TEST-AUTH-*) · readiness · migración fallida aborta	2026-09-19T01:26:46.7535489Z {"nivel":"info","requestId":"500f5dd1-c262-4b12-8bdd-baf43973eaa1","metodo":"POST","ruta":"/api/v1/auth/sessions","status":201,"duracionMs":67}
integración · PostgreSQL 16 (Testcontainers)	Schema vs 06 · identidad y sesiones (TEST-AUTH-*) · readiness · migración fallida aborta	2026-09-19T01:26:46.8222801Z {"nivel":"info","requestId":"502a2c22-e25a-4695-8f1f-1cd47bc0b69b","metodo":"POST","ruta":"/api/v1/auth/sessions","status":201,"duracionMs":67}
integración · PostgreSQL 16 (Testcontainers)	Schema vs 06 · identidad y sesiones (TEST-AUTH-*) · readiness · migración fallida aborta	2026-09-19T01:26:46.8903241Z {"nivel":"info","requestId":"d556e001-50f8-4830-be4f-52f809d4d2a7","metodo":"POST","ruta":"/api/v1/auth/sessions","status":201,"duracionMs":66}
integración · PostgreSQL 16 (Testcontainers)	Schema vs 06 · identidad y sesiones (TEST-AUTH-*) · readiness · migración fallida aborta	2026-09-19T01:26:46.9073259Z {"nivel":"info","requestId":"1854b83f-4f94-4b27-be5c-00590e6599bc","metodo":"POST","ruta":"/api/v1/me/account-closure-requests","status":201,"duracionMs":15}
integración · PostgreSQL 16 (Testcontainers)	Schema vs 06 · identidad y sesiones (TEST-AUTH-*) · readiness · migración fallida aborta	2026-09-19T01:26:46.9100156Z {"nivel":"info","requestId":"7899b213-90f6-4b95-9bfc-8b20a513fdf7","metodo":"GET","ruta":"/api/v1/me","status":401,"duracionMs":1}
integración · PostgreSQL 16 (Testcontainers)	Schema vs 06 · identidad y sesiones (TEST-AUTH-*) · readiness · migración fallida aborta	2026-09-19T01:26:46.9776546Z {"nivel":"info","requestId":"e9418c95-9331-4e27-b09f-7b4826b61ca5","metodo":"POST","ruta":"/api/v1/registrations","status":409,"duracionMs":66}
integración · PostgreSQL 16 (Testcontainers)	Schema vs 06 · identidad y sesiones (TEST-AUTH-*) · readiness · migración fallida aborta	2026-09-19T01:26:46.9846165Z PASS ../../test/integration/cierre.int-spec.ts
integración · PostgreSQL 16 (Testcontainers)	Schema vs 06 · identidad y sesiones (TEST-AUTH-*) · readiness · migración fallida aborta	2026-09-19T01:26:46.9866828Z   TEST-AUTH-011 — el cierre efectivo no permite una sesión nueva
integración · PostgreSQL 16 (Testcontainers)	Schema vs 06 · identidad y sesiones (TEST-AUTH-*) · readiness · migración fallida aborta	2026-09-19T01:26:46.9874372Z     ✓ TEST-AUTH-011: tras ACC-P1-03 el login con la credencial correcta da 401 neutral y no crea filas de sesión (435 ms)
integración · PostgreSQL 16 (Testcontainers)	Schema vs 06 · identidad y sesiones (TEST-AUTH-*) · readiness · migración fallida aborta	2026-09-19T01:26:46.9875680Z   TEST-AUTH-012 — el cierre invalida las sesiones actuales
integración · PostgreSQL 16 (Testcontainers)	Schema vs 06 · identidad y sesiones (TEST-AUTH-*) · readiness · migración fallida aborta	2026-09-19T01:26:46.9876871Z     ✓ TEST-AUTH-012: las sesiones previas de web y APK y la que ejecutó el cierre, con token aún vigente, dan 401 en la request siguiente (328 ms)
integración · PostgreSQL 16 (Testcontainers)	Schema vs 06 · identidad y sesiones (TEST-AUTH-*) · readiness · migración fallida aborta	2026-09-19T01:26:46.9877820Z   TEST-AUTH-013 — sin borrado silencioso
integración · PostgreSQL 16 (Testcontainers)	Schema vs 06 · identidad y sesiones (TEST-AUTH-*) · readiness · migración fallida aborta	2026-09-19T01:26:46.9878935Z     ✓ TEST-AUTH-013 (b): la identidad sigue presente en CERRADA con perfil, método, actos A1/A2 y eventos; el cierre queda asentado (335 ms)
integración · PostgreSQL 16 (Testcontainers)	Schema vs 06 · identidad y sesiones (TEST-AUTH-*) · readiness · migración fallida aborta	2026-09-19T01:26:46.9880250Z     ✓ TEST-AUTH-013 (b): lo único suprimido es el hash de la credencial (08 R-02), y la supresión queda registrada antes (315 ms)
integración · PostgreSQL 16 (Testcontainers)	Schema vs 06 · identidad y sesiones (TEST-AUTH-*) · readiness · migración fallida aborta	2026-09-19T01:26:46.9881863Z     ✓ TEST-AUTH-013 (b): la historia no se puede borrar después del cierre — la base rechaza DELETE de identidad, actos y eventos (322 ms)
integración · PostgreSQL 16 (Testcontainers)	Schema vs 06 · identidad y sesiones (TEST-AUTH-*) · readiness · migración fallida aborta	2026-09-19T01:26:46.9882795Z   TEST-UC-P27 / TEST-CT-P1-ACC-P1-03 — cierre de cuenta
integración · PostgreSQL 16 (Testcontainers)	Schema vs 06 · identidad y sesiones (TEST-AUTH-*) · readiness · migración fallida aborta	2026-09-19T01:26:46.9883707Z     ✓ TEST-CT-P1-ACC-P1-03: 201 con el contrato; identifica actor y fecha (RF-069) (302 ms)
integración · PostgreSQL 16 (Testcontainers)	Schema vs 06 · identidad y sesiones (TEST-AUTH-*) · readiness · migración fallida aborta	2026-09-19T01:26:46.9884875Z     ✓ TEST-RNF-REC-002: reintento con la misma key después del cierre → mismo resultado, sin duplicar el cierre (314 ms)
integración · PostgreSQL 16 (Testcontainers)	Schema vs 06 · identidad y sesiones (TEST-AUTH-*) · readiness · migración fallida aborta	2026-09-19T01:26:46.9886362Z     ✓ TEST-UC-P27 V03: sin consecuencias presentadas (versión no vigente) → 422 y la cuenta sigue OPERATIVA (162 ms)
integración · PostgreSQL 16 (Testcontainers)	Schema vs 06 · identidad y sesiones (TEST-AUTH-*) · readiness · migración fallida aborta	2026-09-19T01:26:46.9887727Z     ✓ TEST-UC-P27 V01: sin confirmación explícita → 422 y nada cambia (155 ms)
integración · PostgreSQL 16 (Testcontainers)	Schema vs 06 · identidad y sesiones (TEST-AUTH-*) · readiness · migración fallida aborta	2026-09-19T01:26:46.9889402Z     ✓ TEST-UC-P27 E01: sin sesión → 401 AUTHENTICATION_REQUIRED (2 ms)
integración · PostgreSQL 16 (Testcontainers)	Schema vs 06 · identidad y sesiones (TEST-AUTH-*) · readiness · migración fallida aborta	2026-09-19T01:26:46.9890575Z     ✓ TEST-UC-P27 step-up: sesión autenticada hace más de 10 minutos → 403 STEP_UP_REQUIRED y la cuenta sigue OPERATIVA (DL-017) (174 ms)
integración · PostgreSQL 16 (Testcontainers)	Schema vs 06 · identidad y sesiones (TEST-AUTH-*) · readiness · migración fallida aborta	2026-09-19T01:26:46.9891580Z     ✓ TEST-UC-P27: campo no declarado en el cuerpo → 400 UNKNOWN_FIELD (150 ms)
integración · PostgreSQL 16 (Testcontainers)	Schema vs 06 · identidad y sesiones (TEST-AUTH-*) · readiness · migración fallida aborta	2026-09-19T01:26:46.9892648Z     ✓ E2E-08: cierre → sesión inválida; el mismo correo no puede registrarse otra vez (identificador reservado, DL-011) (370 ms)
integración · PostgreSQL 16 (Testcontainers)	Schema vs 06 · identidad y sesiones (TEST-AUTH-*) · readiness · migración fallida aborta	2026-09-19T01:26:46.9893373Z 
integración · PostgreSQL 16 (Testcontainers)	Schema vs 06 · identidad y sesiones (TEST-AUTH-*) · readiness · migración fallida aborta	2026-09-19T01:26:47.3721070Z PASS ../../test/integration/schema.int-spec.ts
integración · PostgreSQL 16 (Testcontainers)	Schema vs 06 · identidad y sesiones (TEST-AUTH-*) · readiness · migración fallida aborta	2026-09-19T01:26:47.3722263Z   Schema vs 06 — TEST-RUN-003 migration deploy
integración · PostgreSQL 16 (Testcontainers)	Schema vs 06 · identidad y sesiones (TEST-AUTH-*) · readiness · migración fallida aborta	2026-09-19T01:26:47.3723530Z     ✓ TEST-RUN-003: las migraciones de WP-01 y WP-02 quedaron aplicadas por migrate deploy (43 ms)
integración · PostgreSQL 16 (Testcontainers)	Schema vs 06 · identidad y sesiones (TEST-AUTH-*) · readiness · migración fallida aborta	2026-09-19T01:26:47.3724543Z     ✓ T-06-02: el enum de la base es exactamente el conjunto cerrado de @be/domain (06 §5.7.2) (2 ms)
integración · PostgreSQL 16 (Testcontainers)	Schema vs 06 · identidad y sesiones (TEST-AUTH-*) · readiness · migración fallida aborta	2026-09-19T01:26:47.3725695Z     ✓ T-06-01/T-06-02/T-06-24: columnas de identidad del 06 §5.4.2 con nulabilidad y defaults (11 ms)
integración · PostgreSQL 16 (Testcontainers)	Schema vs 06 · identidad y sesiones (TEST-AUTH-*) · readiness · migración fallida aborta	2026-09-19T01:26:47.3726617Z     ✓ los estados son enums, nunca booleanos: no hay columnas boolean en el schema (4 ms)
integración · PostgreSQL 16 (Testcontainers)	Schema vs 06 · identidad y sesiones (TEST-AUTH-*) · readiness · migración fallida aborta	2026-09-19T01:26:47.3727881Z     ✓ REG-06-18: ocurrencia desconocida queda NULL; el registro no se copia en su lugar (4 ms)
integración · PostgreSQL 16 (Testcontainers)	Schema vs 06 · identidad y sesiones (TEST-AUTH-*) · readiness · migración fallida aborta	2026-09-19T01:26:47.3728712Z     ✓ T-06-02: un valor fuera del conjunto cerrado es rechazado por la base (12 ms)
integración · PostgreSQL 16 (Testcontainers)	Schema vs 06 · identidad y sesiones (TEST-AUTH-*) · readiness · migración fallida aborta	2026-09-19T01:26:47.3729552Z   INV-06-22 — exactamente un Perfil propio por Identidad
integración · PostgreSQL 16 (Testcontainers)	Schema vs 06 · identidad y sesiones (TEST-AUTH-*) · readiness · migración fallida aborta	2026-09-19T01:26:47.3730432Z     ✓ INV-06-22: una Identidad sin Perfil propio no puede confirmarse (constraint trigger diferido) (3 ms)
integración · PostgreSQL 16 (Testcontainers)	Schema vs 06 · identidad y sesiones (TEST-AUTH-*) · readiness · migración fallida aborta	2026-09-19T01:26:47.3731556Z     ✓ INV-06-22: un segundo Perfil propio para la misma Identidad viola el índice único (4 ms)
integración · PostgreSQL 16 (Testcontainers)	Schema vs 06 · identidad y sesiones (TEST-AUTH-*) · readiness · migración fallida aborta	2026-09-19T01:26:47.3732542Z   08 §12.2 — catálogo de textos versionados
integración · PostgreSQL 16 (Testcontainers)	Schema vs 06 · identidad y sesiones (TEST-AUTH-*) · readiness · migración fallida aborta	2026-09-19T01:26:47.3733181Z     ✓ el catálogo de la base es idéntico al de @be/domain, y cada hash es el SHA-256 del texto (4 ms)
integración · PostgreSQL 16 (Testcontainers)	Schema vs 06 · identidad y sesiones (TEST-AUTH-*) · readiness · migración fallida aborta	2026-09-19T01:26:47.3733769Z     ✓ una versión publicada no se reescribe ni se borra (4 ms)
integración · PostgreSQL 16 (Testcontainers)	Schema vs 06 · identidad y sesiones (TEST-AUTH-*) · readiness · migración fallida aborta	2026-09-19T01:26:47.3734190Z   08 §29 — historia por adición
integración · PostgreSQL 16 (Testcontainers)	Schema vs 06 · identidad y sesiones (TEST-AUTH-*) · readiness · migración fallida aborta	2026-09-19T01:26:47.3734659Z     ✓ registro_de_auditoria: UPDATE es rechazado por la base (3 ms)
integración · PostgreSQL 16 (Testcontainers)	Schema vs 06 · identidad y sesiones (TEST-AUTH-*) · readiness · migración fallida aborta	2026-09-19T01:26:47.3735770Z     ✓ registro_de_auditoria: DELETE es rechazado por la base (3 ms)
integración · PostgreSQL 16 (Testcontainers)	Schema vs 06 · identidad y sesiones (TEST-AUTH-*) · readiness · migración fallida aborta	2026-09-19T01:26:47.3736338Z     ✓ registro_de_supresion: UPDATE es rechazado por la base (3 ms)
integración · PostgreSQL 16 (Testcontainers)	Schema vs 06 · identidad y sesiones (TEST-AUTH-*) · readiness · migración fallida aborta	2026-09-19T01:26:47.3736880Z     ✓ registro_de_supresion: DELETE es rechazado por la base (2 ms)
integración · PostgreSQL 16 (Testcontainers)	Schema vs 06 · identidad y sesiones (TEST-AUTH-*) · readiness · migración fallida aborta	2026-09-19T01:26:47.3737412Z     ✓ registro_de_idempotencia: UPDATE es rechazado por la base (3 ms)
integración · PostgreSQL 16 (Testcontainers)	Schema vs 06 · identidad y sesiones (TEST-AUTH-*) · readiness · migración fallida aborta	2026-09-19T01:26:47.3737934Z     ✓ registro_de_idempotencia: DELETE es rechazado por la base (2 ms)
integración · PostgreSQL 16 (Testcontainers)	Schema vs 06 · identidad y sesiones (TEST-AUTH-*) · readiness · migración fallida aborta	2026-09-19T01:26:47.3738555Z     ✓ TRUNCATE evento_de_dominio es rechazado (esquivaría los triggers de fila) (3 ms)
integración · PostgreSQL 16 (Testcontainers)	Schema vs 06 · identidad y sesiones (TEST-AUTH-*) · readiness · migración fallida aborta	2026-09-19T01:26:47.3739195Z     ✓ TRUNCATE registro_de_auditoria es rechazado (esquivaría los triggers de fila) (1 ms)
integración · PostgreSQL 16 (Testcontainers)	Schema vs 06 · identidad y sesiones (TEST-AUTH-*) · readiness · migración fallida aborta	2026-09-19T01:26:47.3739881Z     ✓ TRUNCATE registro_de_supresion es rechazado (esquivaría los triggers de fila) (1 ms)
integración · PostgreSQL 16 (Testcontainers)	Schema vs 06 · identidad y sesiones (TEST-AUTH-*) · readiness · migración fallida aborta	2026-09-19T01:26:47.3740546Z     ✓ TRUNCATE solicitud_de_cierre_de_cuenta es rechazado (esquivaría los triggers de fila) (2 ms)
integración · PostgreSQL 16 (Testcontainers)	Schema vs 06 · identidad y sesiones (TEST-AUTH-*) · readiness · migración fallida aborta	2026-09-19T01:26:47.3741181Z     ✓ TRUNCATE acto_registrable es rechazado (esquivaría los triggers de fila) (1 ms)
integración · PostgreSQL 16 (Testcontainers)	Schema vs 06 · identidad y sesiones (TEST-AUTH-*) · readiness · migración fallida aborta	2026-09-19T01:26:47.3741999Z     ✓ TRUNCATE identidad es rechazado (esquivaría los triggers de fila) (3 ms)
integración · PostgreSQL 16 (Testcontainers)	Schema vs 06 · identidad y sesiones (TEST-AUTH-*) · readiness · migración fallida aborta	2026-09-19T01:26:47.3742601Z     ✓ TRUNCATE version_de_texto es rechazado (esquivaría los triggers de fila) (2 ms)
integración · PostgreSQL 16 (Testcontainers)	Schema vs 06 · identidad y sesiones (TEST-AUTH-*) · readiness · migración fallida aborta	2026-09-19T01:26:47.3743191Z     ✓ TRUNCATE perfil_propio es rechazado (esquivaría los triggers de fila) (2 ms)
integración · PostgreSQL 16 (Testcontainers)	Schema vs 06 · identidad y sesiones (TEST-AUTH-*) · readiness · migración fallida aborta	2026-09-19T01:26:47.3743880Z     ✓ TRUNCATE metodo_de_acceso es rechazado (esquivaría los triggers de fila) (2 ms)
integración · PostgreSQL 16 (Testcontainers)	Schema vs 06 · identidad y sesiones (TEST-AUTH-*) · readiness · migración fallida aborta	2026-09-19T01:26:47.3744501Z     ✓ TRUNCATE credencial_local es rechazado (esquivaría los triggers de fila) (1 ms)
integración · PostgreSQL 16 (Testcontainers)	Schema vs 06 · identidad y sesiones (TEST-AUTH-*) · readiness · migración fallida aborta	2026-09-19T01:26:47.3745418Z     ✓ TRUNCATE sesion es rechazado (esquivaría los triggers de fila) (4 ms)
integración · PostgreSQL 16 (Testcontainers)	Schema vs 06 · identidad y sesiones (TEST-AUTH-*) · readiness · migración fallida aborta	2026-09-19T01:26:47.3746058Z     ✓ TRUNCATE control_de_sesion es rechazado (esquivaría los triggers de fila) (2 ms)
integración · PostgreSQL 16 (Testcontainers)	Schema vs 06 · identidad y sesiones (TEST-AUTH-*) · readiness · migración fallida aborta	2026-09-19T01:26:47.3746739Z     ✓ TRUNCATE registro_de_idempotencia es rechazado (esquivaría los triggers de fila) (2 ms)
integración · PostgreSQL 16 (Testcontainers)	Schema vs 06 · identidad y sesiones (TEST-AUTH-*) · readiness · migración fallida aborta	2026-09-19T01:26:47.3747326Z   T-06-24 — una sesión no termina antes de empezar
integración · PostgreSQL 16 (Testcontainers)	Schema vs 06 · identidad y sesiones (TEST-AUTH-*) · readiness · migración fallida aborta	2026-09-19T01:26:47.3747929Z     ✓ CHECK sesion_cierre_coherente: la base rechaza una finalización anterior al inicio (7 ms)
integración · PostgreSQL 16 (Testcontainers)	Schema vs 06 · identidad y sesiones (TEST-AUTH-*) · readiness · migración fallida aborta	2026-09-19T01:26:47.3748326Z 
integración · PostgreSQL 16 (Testcontainers)	Schema vs 06 · identidad y sesiones (TEST-AUTH-*) · readiness · migración fallida aborta	2026-09-19T01:26:47.8534079Z {"nivel":"info","requestId":"677a297b-189b-4587-8c2b-83c8b9915419","metodo":"POST","ruta":"/api/v1/registrations","status":201,"duracionMs":89}
integración · PostgreSQL 16 (Testcontainers)	Schema vs 06 · identidad y sesiones (TEST-AUTH-*) · readiness · migración fallida aborta	2026-09-19T01:26:47.9831151Z {"nivel":"info","requestId":"11617a6b-3137-43f5-99c1-20fbb780bbad","metodo":"POST","ruta":"/api/v1/registrations","status":201,"duracionMs":75}
integración · PostgreSQL 16 (Testcontainers)	Schema vs 06 · identidad y sesiones (TEST-AUTH-*) · readiness · migración fallida aborta	2026-09-19T01:26:48.0687957Z {"nivel":"info","requestId":"33fb80b3-e76c-4877-9ac8-479a98d3c224","metodo":"POST","ruta":"/api/v1/registrations","status":201,"duracionMs":74}
integración · PostgreSQL 16 (Testcontainers)	Schema vs 06 · identidad y sesiones (TEST-AUTH-*) · readiness · migración fallida aborta	2026-09-19T01:26:48.1410059Z {"nivel":"info","requestId":"e886fc93-386c-4371-9f9b-37f07d48c212","metodo":"POST","ruta":"/api/v1/auth/sessions","status":201,"duracionMs":70}
integración · PostgreSQL 16 (Testcontainers)	Schema vs 06 · identidad y sesiones (TEST-AUTH-*) · readiness · migración fallida aborta	2026-09-19T01:26:48.1805887Z {"nivel":"info","requestId":"90f66584-35ad-4718-8bf3-3f535fe94426","metodo":"POST","ruta":"/api/v1/me/account-closure-requests","status":201,"duracionMs":38}
integración · PostgreSQL 16 (Testcontainers)	Schema vs 06 · identidad y sesiones (TEST-AUTH-*) · readiness · migración fallida aborta	2026-09-19T01:26:48.2577406Z {"nivel":"info","requestId":"345d324d-0d52-4b23-94fa-512e3f30be76","metodo":"POST","ruta":"/api/v1/registrations","status":201,"duracionMs":73}
integración · PostgreSQL 16 (Testcontainers)	Schema vs 06 · identidad y sesiones (TEST-AUTH-*) · readiness · migración fallida aborta	2026-09-19T01:26:48.3420321Z {"nivel":"info","requestId":"cf135977-3a43-4b0a-b819-815e58591c56","metodo":"POST","ruta":"/api/v1/registrations","status":201,"duracionMs":74}
integración · PostgreSQL 16 (Testcontainers)	Schema vs 06 · identidad y sesiones (TEST-AUTH-*) · readiness · migración fallida aborta	2026-09-19T01:26:48.4291290Z {"nivel":"info","requestId":"1280e43d-bcdf-4c0d-89a9-fca897a6ac88","metodo":"POST","ruta":"/api/v1/registrations","status":201,"duracionMs":76}
integración · PostgreSQL 16 (Testcontainers)	Schema vs 06 · identidad y sesiones (TEST-AUTH-*) · readiness · migración fallida aborta	2026-09-19T01:26:48.5280852Z {"nivel":"info","requestId":"bb685368-4e7f-4aa0-8b63-23f7488895e7","metodo":"POST","ruta":"/api/v1/registrations","status":201,"duracionMs":74}
integración · PostgreSQL 16 (Testcontainers)	Schema vs 06 · identidad y sesiones (TEST-AUTH-*) · readiness · migración fallida aborta	2026-09-19T01:26:48.5954326Z {"nivel":"info","requestId":"0763d6f7-f1ff-4db8-b45d-30e49c345f57","metodo":"POST","ruta":"/api/v1/auth/sessions","status":201,"duracionMs":66}
integración · PostgreSQL 16 (Testcontainers)	Schema vs 06 · identidad y sesiones (TEST-AUTH-*) · readiness · migración fallida aborta	2026-09-19T01:26:48.6031938Z {"nivel":"info","requestId":"cb9b703b-a951-49a6-8967-4bba9027ad49","metodo":"POST","ruta":"/api/v1/me/account-closure-requests","status":401,"duracionMs":1}
integración · PostgreSQL 16 (Testcontainers)	Schema vs 06 · identidad y sesiones (TEST-AUTH-*) · readiness · migración fallida aborta	2026-09-19T01:26:48.6806433Z {"nivel":"info","requestId":"29f393b5-a00e-45c1-a7bb-d7541e572573","metodo":"POST","ruta":"/api/v1/registrations","status":201,"duracionMs":74}
integración · PostgreSQL 16 (Testcontainers)	Schema vs 06 · identidad y sesiones (TEST-AUTH-*) · readiness · migración fallida aborta	2026-09-19T01:26:48.7705501Z {"nivel":"info","requestId":"1c3f63de-25bf-4e6a-bf1f-acbfaae1521f","metodo":"POST","ruta":"/api/v1/registrations","status":201,"duracionMs":75}
integración · PostgreSQL 16 (Testcontainers)	Schema vs 06 · identidad y sesiones (TEST-AUTH-*) · readiness · migración fallida aborta	2026-09-19T01:26:48.8580768Z {"nivel":"info","requestId":"96332901-b665-43d0-8d49-0748bff4d079","metodo":"POST","ruta":"/api/v1/registrations","status":201,"duracionMs":73}
integración · PostgreSQL 16 (Testcontainers)	Schema vs 06 · identidad y sesiones (TEST-AUTH-*) · readiness · migración fallida aborta	2026-09-19T01:26:48.8881240Z PASS ../../test/integration/maquina-de-estado.int-spec.ts
integración · PostgreSQL 16 (Testcontainers)	Schema vs 06 · identidad y sesiones (TEST-AUTH-*) · readiness · migración fallida aborta	2026-09-19T01:26:48.8882519Z   TEST-RNF-DAT-001 — transiciones declaradas
integración · PostgreSQL 16 (Testcontainers)	Schema vs 06 · identidad y sesiones (TEST-AUTH-*) · readiness · migración fallida aborta	2026-09-19T01:26:48.8883391Z     ✓ la lista blanca tiene exactamente las 3 transiciones del 06 §5.7.4 (1 ms)
integración · PostgreSQL 16 (Testcontainers)	Schema vs 06 · identidad y sesiones (TEST-AUTH-*) · readiness · migración fallida aborta	2026-09-19T01:26:48.8884881Z     ✓ TEST-RNF-DAT-001 SuspenderCuenta: OPERATIVA → SUSPENDIDA con evento CuentaSuspendida (anterior/resultante, actor servicio) (149 ms)
integración · PostgreSQL 16 (Testcontainers)	Schema vs 06 · identidad y sesiones (TEST-AUTH-*) · readiness · migración fallida aborta	2026-09-19T01:26:48.8886591Z     ✓ TEST-RNF-DAT-001 RestablecerCuenta: SUSPENDIDA → OPERATIVA con evento CuentaRestablecida (87 ms)
integración · PostgreSQL 16 (Testcontainers)	Schema vs 06 · identidad y sesiones (TEST-AUTH-*) · readiness · migración fallida aborta	2026-09-19T01:26:48.8887613Z     ✓ TEST-RNF-DAT-001 CerrarCuenta: OPERATIVA → CERRADA con evento CuentaCerrada (vía ACC-P1-03) (189 ms)
integración · PostgreSQL 16 (Testcontainers)	Schema vs 06 · identidad y sesiones (TEST-AUTH-*) · readiness · migración fallida aborta	2026-09-19T01:26:48.8888930Z     ✓ TEST-RNF-DAT-001: guardas explícitas — sin fundamento no se suspende; sin resolución no se restablece (84 ms)
integración · PostgreSQL 16 (Testcontainers)	Schema vs 06 · identidad y sesiones (TEST-AUTH-*) · readiness · migración fallida aborta	2026-09-19T01:26:48.8889793Z   TEST-RNF-DAT-001 — SUSPENDIDA → CERRADA no existe
integración · PostgreSQL 16 (Testcontainers)	Schema vs 06 · identidad y sesiones (TEST-AUTH-*) · readiness · migración fallida aborta	2026-09-19T01:26:48.8890937Z     ✓ TEST-RNF-DAT-001: el servicio rechaza CerrarCuenta sobre una cuenta SUSPENDIDA (TRANSICION_NO_DECLARADA) y no deja efectos (84 ms)
integración · PostgreSQL 16 (Testcontainers)	Schema vs 06 · identidad y sesiones (TEST-AUTH-*) · readiness · migración fallida aborta	2026-09-19T01:26:48.8892137Z     ✓ TEST-RNF-DAT-001: la base rechaza SUSPENDIDA → CERRADA aunque se saltee el servicio (101 ms)
integración · PostgreSQL 16 (Testcontainers)	Schema vs 06 · identidad y sesiones (TEST-AUTH-*) · readiness · migración fallida aborta	2026-09-19T01:26:48.8893232Z     ✓ TEST-RNF-DAT-001: por ACC-P1-03 tampoco — una cuenta SUSPENDIDA no tiene sesión que la cierre (152 ms)
integración · PostgreSQL 16 (Testcontainers)	Schema vs 06 · identidad y sesiones (TEST-AUTH-*) · readiness · migración fallida aborta	2026-09-19T01:26:48.8894030Z   TEST-RNF-DAT-001 — CERRADA es terminal
integración · PostgreSQL 16 (Testcontainers)	Schema vs 06 · identidad y sesiones (TEST-AUTH-*) · readiness · migración fallida aborta	2026-09-19T01:26:48.8894636Z     ✓ TEST-RNF-DAT-001: la base rechaza CERRADA → OPERATIVA (89 ms)
integración · PostgreSQL 16 (Testcontainers)	Schema vs 06 · identidad y sesiones (TEST-AUTH-*) · readiness · migración fallida aborta	2026-09-19T01:26:48.8895549Z     ✓ TEST-RNF-DAT-001: la base rechaza CERRADA → SUSPENDIDA (90 ms)
integración · PostgreSQL 16 (Testcontainers)	Schema vs 06 · identidad y sesiones (TEST-AUTH-*) · readiness · migración fallida aborta	2026-09-19T01:26:48.8896703Z     ✓ TEST-RNF-DAT-001: el servicio rechaza RestablecerCuenta, SuspenderCuenta y CerrarCuenta sobre CERRADA (96 ms)
integración · PostgreSQL 16 (Testcontainers)	Schema vs 06 · identidad y sesiones (TEST-AUTH-*) · readiness · migración fallida aborta	2026-09-19T01:26:48.8897977Z     ✓ TEST-RNF-DAT-001: la base rechaza nacer SUSPENDIDA o CERRADA (estado inicial OPERATIVA, 06 §5.7.2) (4 ms)
integración · PostgreSQL 16 (Testcontainers)	Schema vs 06 · identidad y sesiones (TEST-AUTH-*) · readiness · migración fallida aborta	2026-09-19T01:26:48.8898563Z 
integración · PostgreSQL 16 (Testcontainers)	Schema vs 06 · identidad y sesiones (TEST-AUTH-*) · readiness · migración fallida aborta	2026-09-19T01:26:50.0359381Z {"nivel":"info","requestId":"3ebc4acc-f54f-4036-9ab4-5c95e1c48d17","metodo":"POST","ruta":"/api/v1/registrations","status":201,"duracionMs":104}
integración · PostgreSQL 16 (Testcontainers)	Schema vs 06 · identidad y sesiones (TEST-AUTH-*) · readiness · migración fallida aborta	2026-09-19T01:26:50.1031685Z {"nivel":"info","requestId":"6b144058-2c97-4c17-bc15-4650a697d5a3","metodo":"POST","ruta":"/api/v1/registrations","status":409,"duracionMs":65}
integración · PostgreSQL 16 (Testcontainers)	Schema vs 06 · identidad y sesiones (TEST-AUTH-*) · readiness · migración fallida aborta	2026-09-19T01:26:50.1686488Z {"nivel":"info","requestId":"a7662dfc-81a2-434c-b4ab-c7acb1751420","metodo":"POST","ruta":"/api/v1/registrations","status":409,"duracionMs":64}
integración · PostgreSQL 16 (Testcontainers)	Schema vs 06 · identidad y sesiones (TEST-AUTH-*) · readiness · migración fallida aborta	2026-09-19T01:26:50.1700597Z {"nivel":"info","requestId":"b723e09d-1732-45a3-97f8-e84d9c847cf4","metodo":"POST","ruta":"/api/v1/registrations","status":400,"duracionMs":0}
integración · PostgreSQL 16 (Testcontainers)	Schema vs 06 · identidad y sesiones (TEST-AUTH-*) · readiness · migración fallida aborta	2026-09-19T01:26:50.1715193Z {"nivel":"info","requestId":"0fd00c63-974e-4d37-94c3-c906535264e0","metodo":"POST","ruta":"/api/v1/registrations","status":400,"duracionMs":0}
integración · PostgreSQL 16 (Testcontainers)	Schema vs 06 · identidad y sesiones (TEST-AUTH-*) · readiness · migración fallida aborta	2026-09-19T01:26:50.1732722Z {"nivel":"info","requestId":"3e3878a8-1487-4d47-beb5-9c7f7e3ff761","metodo":"POST","ruta":"/api/v1/registrations","status":400,"duracionMs":0}
integración · PostgreSQL 16 (Testcontainers)	Schema vs 06 · identidad y sesiones (TEST-AUTH-*) · readiness · migración fallida aborta	2026-09-19T01:26:50.1748939Z {"nivel":"info","requestId":"8f2989a9-2460-462a-a6ce-3d18c4e3bf2c","metodo":"POST","ruta":"/api/v1/registrations","status":422,"duracionMs":0}
integración · PostgreSQL 16 (Testcontainers)	Schema vs 06 · identidad y sesiones (TEST-AUTH-*) · readiness · migración fallida aborta	2026-09-19T01:26:50.1764073Z {"nivel":"info","requestId":"db02a40f-0805-427f-9aac-0052dbea1093","metodo":"POST","ruta":"/api/v1/registrations","status":422,"duracionMs":0}
integración · PostgreSQL 16 (Testcontainers)	Schema vs 06 · identidad y sesiones (TEST-AUTH-*) · readiness · migración fallida aborta	2026-09-19T01:26:50.2680394Z {"nivel":"info","requestId":"e0671f0d-40ae-47a0-8079-6581bbe309f4","metodo":"POST","ruta":"/api/v1/auth/sessions","status":201,"duracionMs":88}
integración · PostgreSQL 16 (Testcontainers)	Schema vs 06 · identidad y sesiones (TEST-AUTH-*) · readiness · migración fallida aborta	2026-09-19T01:26:50.3334992Z {"nivel":"info","requestId":"4e696d0f-5dcd-410b-ba21-d3376598db0c","metodo":"POST","ruta":"/api/v1/auth/sessions","status":401,"duracionMs":64}
integración · PostgreSQL 16 (Testcontainers)	Schema vs 06 · identidad y sesiones (TEST-AUTH-*) · readiness · migración fallida aborta	2026-09-19T01:26:50.3352064Z {"nivel":"info","requestId":"46c3db70-c9b3-4a83-a11f-f8f14b021947","metodo":"POST","ruta":"/api/v1/auth/sessions","status":400,"duracionMs":0}
integración · PostgreSQL 16 (Testcontainers)	Schema vs 06 · identidad y sesiones (TEST-AUTH-*) · readiness · migración fallida aborta	2026-09-19T01:26:50.3366883Z {"nivel":"info","requestId":"bccfd8cd-7466-41d7-8517-4d68aca9a05e","metodo":"POST","ruta":"/api/v1/auth/sessions","status":400,"duracionMs":0}
integración · PostgreSQL 16 (Testcontainers)	Schema vs 06 · identidad y sesiones (TEST-AUTH-*) · readiness · migración fallida aborta	2026-09-19T01:26:50.4046670Z {"nivel":"info","requestId":"240b4e80-302f-4696-814d-59d1f677ed12","metodo":"POST","ruta":"/api/v1/auth/sessions","status":201,"duracionMs":66}
integración · PostgreSQL 16 (Testcontainers)	Schema vs 06 · identidad y sesiones (TEST-AUTH-*) · readiness · migración fallida aborta	2026-09-19T01:26:50.4106536Z {"nivel":"info","requestId":"db308428-b01e-4f89-9688-19a7e135e4b2","metodo":"GET","ruta":"/api/v1/me","status":200,"duracionMs":4}
integración · PostgreSQL 16 (Testcontainers)	Schema vs 06 · identidad y sesiones (TEST-AUTH-*) · readiness · migración fallida aborta	2026-09-19T01:26:50.4135893Z {"nivel":"info","requestId":"8e97d5b0-d937-4a16-bdba-8a6f8acd7dbd","metodo":"GET","ruta":"/api/v1/me","status":400,"duracionMs":1}
integración · PostgreSQL 16 (Testcontainers)	Schema vs 06 · identidad y sesiones (TEST-AUTH-*) · readiness · migración fallida aborta	2026-09-19T01:26:50.4153194Z {"nivel":"info","requestId":"3eab2c8b-12c7-4f3c-a97b-b7617a8c64d6","metodo":"GET","ruta":"/api/v1/me","status":401,"duracionMs":0}
integración · PostgreSQL 16 (Testcontainers)	Schema vs 06 · identidad y sesiones (TEST-AUTH-*) · readiness · migración fallida aborta	2026-09-19T01:26:50.4171500Z {"nivel":"info","requestId":"66ea7d2c-738c-431c-85da-cc3ea7c5bd8e","metodo":"GET","ruta":"/api/v1/me","status":401,"duracionMs":0}
integración · PostgreSQL 16 (Testcontainers)	Schema vs 06 · identidad y sesiones (TEST-AUTH-*) · readiness · migración fallida aborta	2026-09-19T01:26:50.4254541Z {"nivel":"info","requestId":"81ae96b0-8065-4564-9f42-c5c2ed6ba46a","metodo":"GET","ruta":"/api/v1/me/health-data-consent-requirement","status":200,"duracionMs":7}
integración · PostgreSQL 16 (Testcontainers)	Schema vs 06 · identidad y sesiones (TEST-AUTH-*) · readiness · migración fallida aborta	2026-09-19T01:26:50.4288134Z {"nivel":"info","requestId":"32bdab02-a789-4e2a-a82d-736aa9b43cc3","metodo":"GET","ruta":"/api/v1/me/health-data-consent-requirement","status":400,"duracionMs":2}
integración · PostgreSQL 16 (Testcontainers)	Schema vs 06 · identidad y sesiones (TEST-AUTH-*) · readiness · migración fallida aborta	2026-09-19T01:26:50.4302911Z {"nivel":"info","requestId":"ca3d951a-690a-439c-bff7-094dbbe0aaf2","metodo":"GET","ruta":"/api/v1/me/health-data-consent-requirement","status":401,"duracionMs":0}
integración · PostgreSQL 16 (Testcontainers)	Schema vs 06 · identidad y sesiones (TEST-AUTH-*) · readiness · migración fallida aborta	2026-09-19T01:26:50.4335923Z {"nivel":"info","requestId":"93f6c074-533c-4bfd-a2e7-164cdc079106","metodo":"DELETE","ruta":"/api/v1/auth/sessions","status":400,"duracionMs":2}
integración · PostgreSQL 16 (Testcontainers)	Schema vs 06 · identidad y sesiones (TEST-AUTH-*) · readiness · migración fallida aborta	2026-09-19T01:26:50.4423190Z {"nivel":"info","requestId":"465f65c4-5d1c-4bb0-a1f0-f21c7112fa06","metodo":"DELETE","ruta":"/api/v1/auth/sessions","status":204,"duracionMs":7}
integración · PostgreSQL 16 (Testcontainers)	Schema vs 06 · identidad y sesiones (TEST-AUTH-*) · readiness · migración fallida aborta	2026-09-19T01:26:50.4474669Z {"nivel":"info","requestId":"b317366d-1cd7-453f-93fe-513ca03ba997","metodo":"DELETE","ruta":"/api/v1/auth/sessions","status":401,"duracionMs":2}
integración · PostgreSQL 16 (Testcontainers)	Schema vs 06 · identidad y sesiones (TEST-AUTH-*) · readiness · migración fallida aborta	2026-09-19T01:26:50.4486951Z {"nivel":"info","requestId":"5eb49635-b23c-4de0-8bf0-afdcc9caad84","metodo":"GET","ruta":"/api/v1/me","status":401,"duracionMs":1}
integración · PostgreSQL 16 (Testcontainers)	Schema vs 06 · identidad y sesiones (TEST-AUTH-*) · readiness · migración fallida aborta	2026-09-19T01:26:50.4499577Z {"nivel":"info","requestId":"7c4d40b8-1bd3-4bf9-9be2-0307df841e7e","metodo":"DELETE","ruta":"/api/v1/auth/sessions","status":401,"duracionMs":0}
integración · PostgreSQL 16 (Testcontainers)	Schema vs 06 · identidad y sesiones (TEST-AUTH-*) · readiness · migración fallida aborta	2026-09-19T01:26:50.5188854Z {"nivel":"info","requestId":"9a6ba46c-ede4-4e2e-a5c0-d1bb61462baf","metodo":"POST","ruta":"/api/v1/auth/sessions","status":201,"duracionMs":67}
integración · PostgreSQL 16 (Testcontainers)	Schema vs 06 · identidad y sesiones (TEST-AUTH-*) · readiness · migración fallida aborta	2026-09-19T01:26:50.5205320Z {"nivel":"info","requestId":"b50207fa-97c5-49ba-8638-6cc152de0929","metodo":"DELETE","ruta":"/api/v1/auth/sessions/current","status":400,"duracionMs":0}
integración · PostgreSQL 16 (Testcontainers)	Schema vs 06 · identidad y sesiones (TEST-AUTH-*) · readiness · migración fallida aborta	2026-09-19T01:26:50.5248697Z {"nivel":"info","requestId":"4b6006bc-286d-4df5-89e1-8f23ddd7836d","metodo":"DELETE","ruta":"/api/v1/auth/sessions/current","status":204,"duracionMs":3}
integración · PostgreSQL 16 (Testcontainers)	Schema vs 06 · identidad y sesiones (TEST-AUTH-*) · readiness · migración fallida aborta	2026-09-19T01:26:50.5289416Z {"nivel":"info","requestId":"bd0e8c4a-f114-4d4b-bf3c-73e8b0169bf9","metodo":"DELETE","ruta":"/api/v1/auth/sessions/current","status":204,"duracionMs":3}
integración · PostgreSQL 16 (Testcontainers)	Schema vs 06 · identidad y sesiones (TEST-AUTH-*) · readiness · migración fallida aborta	2026-09-19T01:26:50.5301538Z {"nivel":"info","requestId":"2206c47a-e317-4383-adf4-7c67a1788d14","metodo":"DELETE","ruta":"/api/v1/auth/sessions/current","status":401,"duracionMs":0}
integración · PostgreSQL 16 (Testcontainers)	Schema vs 06 · identidad y sesiones (TEST-AUTH-*) · readiness · migración fallida aborta	2026-09-19T01:26:50.5313918Z {"nivel":"info","requestId":"5c3b9a1e-571b-4e33-ab03-629aba6535c7","metodo":"DELETE","ruta":"/api/v1/auth/sessions/current","status":401,"duracionMs":0}
integración · PostgreSQL 16 (Testcontainers)	Schema vs 06 · identidad y sesiones (TEST-AUTH-*) · readiness · migración fallida aborta	2026-09-19T01:26:50.5998696Z {"nivel":"info","requestId":"117f23bf-ef57-44a9-bbc4-6e1f98106958","metodo":"POST","ruta":"/api/v1/auth/sessions","status":201,"duracionMs":67}
integración · PostgreSQL 16 (Testcontainers)	Schema vs 06 · identidad y sesiones (TEST-AUTH-*) · readiness · migración fallida aborta	2026-09-19T01:26:50.6012818Z {"nivel":"info","requestId":"b05cbf27-e7fc-4204-bd7e-e988addb8197","metodo":"POST","ruta":"/api/v1/me/account-closure-requests","status":400,"duracionMs":0}
integración · PostgreSQL 16 (Testcontainers)	Schema vs 06 · identidad y sesiones (TEST-AUTH-*) · readiness · migración fallida aborta	2026-09-19T01:26:50.6044912Z {"nivel":"info","requestId":"71e7095b-b727-4e98-b584-9a37a23c9da9","metodo":"POST","ruta":"/api/v1/me/account-closure-requests","status":400,"duracionMs":2}
integración · PostgreSQL 16 (Testcontainers)	Schema vs 06 · identidad y sesiones (TEST-AUTH-*) · readiness · migración fallida aborta	2026-09-19T01:26:50.6105214Z {"nivel":"info","requestId":"35c19b6c-276c-4c19-94a1-81d741ea38a4","metodo":"POST","ruta":"/api/v1/me/account-closure-requests","status":422,"duracionMs":4}
integración · PostgreSQL 16 (Testcontainers)	Schema vs 06 · identidad y sesiones (TEST-AUTH-*) · readiness · migración fallida aborta	2026-09-19T01:26:50.6118869Z {"nivel":"info","requestId":"7bd255c4-09e4-41a3-bdf4-0cb189ff1860","metodo":"POST","ruta":"/api/v1/me/account-closure-requests","status":401,"duracionMs":0}
integración · PostgreSQL 16 (Testcontainers)	Schema vs 06 · identidad y sesiones (TEST-AUTH-*) · readiness · migración fallida aborta	2026-09-19T01:26:50.6162547Z {"nivel":"info","requestId":"7f80f56e-a712-4e6d-9701-7fefb05288bf","metodo":"GET","ruta":"/api/v1/me","status":200,"duracionMs":3}
integración · PostgreSQL 16 (Testcontainers)	Schema vs 06 · identidad y sesiones (TEST-AUTH-*) · readiness · migración fallida aborta	2026-09-19T01:26:50.6635004Z {"nivel":"info","requestId":"f06aad51-75d8-414e-a407-a1ce3fa25752","metodo":"POST","ruta":"/api/v1/me/account-closure-requests","status":403,"duracionMs":4}
integración · PostgreSQL 16 (Testcontainers)	Schema vs 06 · identidad y sesiones (TEST-AUTH-*) · readiness · migración fallida aborta	2026-09-19T01:26:50.6833027Z {"nivel":"info","requestId":"c18a7477-1048-48dc-b92c-3eaa58c6f161","metodo":"POST","ruta":"/api/v1/me/account-closure-requests","status":201,"duracionMs":18}
integración · PostgreSQL 16 (Testcontainers)	Schema vs 06 · identidad y sesiones (TEST-AUTH-*) · readiness · migración fallida aborta	2026-09-19T01:26:50.6869453Z {"nivel":"info","requestId":"3fc2a01a-2d9d-43eb-9469-4d2f63b4652d","metodo":"POST","ruta":"/api/v1/me/account-closure-requests","status":409,"duracionMs":2}
integración · PostgreSQL 16 (Testcontainers)	Schema vs 06 · identidad y sesiones (TEST-AUTH-*) · readiness · migración fallida aborta	2026-09-19T01:26:50.6885911Z {"prueba":"TEST-CT","observadas":{"API-ACC-01":["201","400 INVALID_REQUEST","400 UNKNOWN_FIELD","409 IDEMPOTENCY_KEY_REUSED","409 REGISTRATION_NOT_AVAILABLE","422 PRIVACY_VERSION_NOT_ACCEPTABLE","422 TERMS_VERSION_NOT_ACCEPTABLE"],"API-ACC-02":["201","400 INVALID_REQUEST","400 UNKNOWN_FIELD","401 INVALID_CREDENTIALS"],"API-ACC-05":["200","400 INVALID_REQUEST","401 AUTHENTICATION_REQUIRED","401 SESSION_INVALID","401 SESSION_REVOKED"],"API-CON-05":["200","400 INVALID_REQUEST","401 AUTHENTICATION_REQUIRED"],"API-ACC-04":["204","400 INVALID_REQUEST","401 AUTHENTICATION_REQUIRED","401 SESSION_REVOKED"],"API-ACC-03":["204","400 INVALID_REQUEST","401 AUTHENTICATION_REQUIRED","401 SESSION_INVALID"],"API-ACC-P1-03":["201","400 INVALID_REQUEST","400 UNKNOWN_FIELD","401 AUTHENTICATION_REQUIRED","403 STEP_UP_REQUIRED","409 IDEMPOTENCY_KEY_REUSED","422 VALIDATION_FAILED"]}}
integración · PostgreSQL 16 (Testcontainers)	Schema vs 06 · identidad y sesiones (TEST-AUTH-*) · readiness · migración fallida aborta	2026-09-19T01:26:50.6968857Z PASS ../../test/integration/contrato.int-spec.ts
integración · PostgreSQL 16 (Testcontainers)	Schema vs 06 · identidad y sesiones (TEST-AUTH-*) · readiness · migración fallida aborta	2026-09-19T01:26:50.6987333Z   ✓ TEST-CT: se ejercitan éxitos y errores de las siete operaciones autorizadas (761 ms)
integración · PostgreSQL 16 (Testcontainers)	Schema vs 06 · identidad y sesiones (TEST-AUTH-*) · readiness · migración fallida aborta	2026-09-19T01:26:50.7005064Z   ✓ TEST-CT: todo (status, código) observado está declarado para su operación; los éxitos coinciden con el contrato (1 ms)
integración · PostgreSQL 16 (Testcontainers)	Schema vs 06 · identidad y sesiones (TEST-AUTH-*) · readiness · migración fallida aborta	2026-09-19T01:26:50.7006489Z 
integración · PostgreSQL 16 (Testcontainers)	Schema vs 06 · identidad y sesiones (TEST-AUTH-*) · readiness · migración fallida aborta	2026-09-19T01:26:51.1967600Z {"nivel":"info","requestId":"0b44e21e-dd1d-4c00-906f-bfcb7d3ddde0","metodo":"POST","ruta":"/api/v1/registrations","status":201,"duracionMs":91}
integración · PostgreSQL 16 (Testcontainers)	Schema vs 06 · identidad y sesiones (TEST-AUTH-*) · readiness · migración fallida aborta	2026-09-19T01:26:51.2699535Z {"nivel":"info","requestId":"af25a777-4d12-4bd2-af38-49c5404fa8d5","metodo":"POST","ruta":"/api/v1/auth/sessions","status":201,"duracionMs":71}
integración · PostgreSQL 16 (Testcontainers)	Schema vs 06 · identidad y sesiones (TEST-AUTH-*) · readiness · migración fallida aborta	2026-09-19T01:26:51.3405630Z {"nivel":"info","requestId":"c8c39154-b2c5-4910-81a3-a87368cce58c","metodo":"POST","ruta":"/api/v1/auth/sessions","status":201,"duracionMs":68}
integración · PostgreSQL 16 (Testcontainers)	Schema vs 06 · identidad y sesiones (TEST-AUTH-*) · readiness · migración fallida aborta	2026-09-19T01:26:51.4500759Z {"nivel":"info","requestId":"dbe51806-952d-4b4b-a67a-726b537e6b99","metodo":"POST","ruta":"/api/v1/me/account-closure-requests","status":201,"duracionMs":70}
integración · PostgreSQL 16 (Testcontainers)	Schema vs 06 · identidad y sesiones (TEST-AUTH-*) · readiness · migración fallida aborta	2026-09-19T01:26:51.4533200Z {"nivel":"info","requestId":"ff1aeb36-b718-4661-a6d6-c3233ed09f2e","metodo":"POST","ruta":"/api/v1/me/account-closure-requests","status":422,"duracionMs":72}
integración · PostgreSQL 16 (Testcontainers)	Schema vs 06 · identidad y sesiones (TEST-AUTH-*) · readiness · migración fallida aborta	2026-09-19T01:26:51.5437429Z {"nivel":"info","requestId":"8e7a3742-35cc-4907-864b-aa813703fc12","metodo":"POST","ruta":"/api/v1/registrations","status":201,"duracionMs":83}
integración · PostgreSQL 16 (Testcontainers)	Schema vs 06 · identidad y sesiones (TEST-AUTH-*) · readiness · migración fallida aborta	2026-09-19T01:26:51.6617846Z {"nivel":"info","requestId":"07af7270-9c12-46af-bc41-8ec160607ec1","metodo":"POST","ruta":"/api/v1/auth/sessions","status":401,"duracionMs":96}
integración · PostgreSQL 16 (Testcontainers)	Schema vs 06 · identidad y sesiones (TEST-AUTH-*) · readiness · migración fallida aborta	2026-09-19T01:26:51.7434621Z {"nivel":"info","requestId":"634fb997-0998-4935-9aaf-52e0a3f8d70d","metodo":"POST","ruta":"/api/v1/registrations","status":201,"duracionMs":76}
integración · PostgreSQL 16 (Testcontainers)	Schema vs 06 · identidad y sesiones (TEST-AUTH-*) · readiness · migración fallida aborta	2026-09-19T01:26:51.8111204Z {"nivel":"info","requestId":"71a7272e-69c8-4374-8dbf-eb01f6a67163","metodo":"POST","ruta":"/api/v1/auth/sessions","status":201,"duracionMs":66}
integración · PostgreSQL 16 (Testcontainers)	Schema vs 06 · identidad y sesiones (TEST-AUTH-*) · readiness · migración fallida aborta	2026-09-19T01:26:51.9175740Z {"nivel":"info","requestId":"0744c5b5-4a45-452b-8629-1157d29b73b0","metodo":"POST","ruta":"/api/v1/me/account-closure-requests","status":201,"duracionMs":103}
integración · PostgreSQL 16 (Testcontainers)	Schema vs 06 · identidad y sesiones (TEST-AUTH-*) · readiness · migración fallida aborta	2026-09-19T01:26:51.9198343Z {"nivel":"info","requestId":"4007d1e7-2311-44c3-bfb3-8f17e0b8ac33","metodo":"POST","ruta":"/api/v1/auth/sessions","status":401,"duracionMs":104}
integración · PostgreSQL 16 (Testcontainers)	Schema vs 06 · identidad y sesiones (TEST-AUTH-*) · readiness · migración fallida aborta	2026-09-19T01:26:51.9201334Z {"nivel":"info","requestId":"182cf0cb-fdcb-49ee-9e03-c6f177867f06","metodo":"POST","ruta":"/api/v1/auth/sessions","status":401,"duracionMs":105}
integración · PostgreSQL 16 (Testcontainers)	Schema vs 06 · identidad y sesiones (TEST-AUTH-*) · readiness · migración fallida aborta	2026-09-19T01:26:51.9280275Z PASS ../../test/integration/concurrencia.int-spec.ts
integración · PostgreSQL 16 (Testcontainers)	Schema vs 06 · identidad y sesiones (TEST-AUTH-*) · readiness · migración fallida aborta	2026-09-19T01:26:51.9282563Z   ✓ TEST-RF-069 / 06 §5.7.4: dos cierres simultáneos con keys distintas → exactamente un CuentaCerrada; el otro 422 INVALID_STATE_TRANSITION (357 ms)
integración · PostgreSQL 16 (Testcontainers)	Schema vs 06 · identidad y sesiones (TEST-AUTH-*) · readiness · migración fallida aborta	2026-09-19T01:26:51.9285295Z   ✓ TEST-AUTH-011 en carrera: un login con la contraseña correcta que llega mientras el cierre retiene la cuenta → 401, sin sesión ACTIVA, con auditoría del rechazo (207 ms)
integración · PostgreSQL 16 (Testcontainers)	Schema vs 06 · identidad y sesiones (TEST-AUTH-*) · readiness · migración fallida aborta	2026-09-19T01:26:51.9286917Z   ✓ 06 §5.8 en carrera: sesiones que llegan mientras el cierre espera el bloqueo quedan revocadas, con finalización ≥ inicio (256 ms)
integración · PostgreSQL 16 (Testcontainers)	Schema vs 06 · identidad y sesiones (TEST-AUTH-*) · readiness · migración fallida aborta	2026-09-19T01:26:51.9287407Z 
integración · PostgreSQL 16 (Testcontainers)	Schema vs 06 · identidad y sesiones (TEST-AUTH-*) · readiness · migración fallida aborta	2026-09-19T01:26:52.4022344Z {"nivel":"info","requestId":"292ff72c-123d-4375-9f41-fb33600c37a9","metodo":"POST","ruta":"/api/v1/registrations","status":201,"duracionMs":86}
integración · PostgreSQL 16 (Testcontainers)	Schema vs 06 · identidad y sesiones (TEST-AUTH-*) · readiness · migración fallida aborta	2026-09-19T01:26:52.4728339Z {"nivel":"info","requestId":"b194cd35-17c1-4922-bef4-db0ece93b368","metodo":"POST","ruta":"/api/v1/registrations","status":409,"duracionMs":69}
integración · PostgreSQL 16 (Testcontainers)	Schema vs 06 · identidad y sesiones (TEST-AUTH-*) · readiness · migración fallida aborta	2026-09-19T01:26:52.5382540Z {"nivel":"info","requestId":"97283e1f-0c11-4862-97e3-bd7a3c18e768","metodo":"POST","ruta":"/api/v1/auth/sessions","status":401,"duracionMs":64}
integración · PostgreSQL 16 (Testcontainers)	Schema vs 06 · identidad y sesiones (TEST-AUTH-*) · readiness · migración fallida aborta	2026-09-19T01:26:52.6031211Z {"nivel":"info","requestId":"b95652b7-ede5-4b1b-b143-943415a243f1","metodo":"POST","ruta":"/api/v1/auth/sessions","status":401,"duracionMs":63}
integración · PostgreSQL 16 (Testcontainers)	Schema vs 06 · identidad y sesiones (TEST-AUTH-*) · readiness · migración fallida aborta	2026-09-19T01:26:52.6740452Z {"nivel":"info","requestId":"4504a118-cf22-47a8-9103-f9f11485fba6","metodo":"POST","ruta":"/api/v1/auth/sessions","status":201,"duracionMs":69}
integración · PostgreSQL 16 (Testcontainers)	Schema vs 06 · identidad y sesiones (TEST-AUTH-*) · readiness · migración fallida aborta	2026-09-19T01:26:52.6800786Z {"nivel":"info","requestId":"8c79a738-65e5-410d-9e24-0e05bd13edc8","metodo":"GET","ruta":"/api/v1/me","status":200,"duracionMs":4}
integración · PostgreSQL 16 (Testcontainers)	Schema vs 06 · identidad y sesiones (TEST-AUTH-*) · readiness · migración fallida aborta	2026-09-19T01:26:52.6817432Z {"nivel":"info","requestId":"a8fe75c0-c3e7-48da-88e7-17c76867217c","metodo":"GET","ruta":"/api/v1/me","status":401,"duracionMs":0}
integración · PostgreSQL 16 (Testcontainers)	Schema vs 06 · identidad y sesiones (TEST-AUTH-*) · readiness · migración fallida aborta	2026-09-19T01:26:52.7086006Z {"nivel":"info","requestId":"e8be3cc6-6c8a-4f4a-b6f7-00cd9ca3e384","metodo":"POST","ruta":"/api/v1/me/account-closure-requests","status":201,"duracionMs":25}
integración · PostgreSQL 16 (Testcontainers)	Schema vs 06 · identidad y sesiones (TEST-AUTH-*) · readiness · migración fallida aborta	2026-09-19T01:26:52.8265337Z {"nivel":"info","requestId":"351b4c47-2e50-4655-b459-8a85cbd3e353","metodo":"POST","ruta":"/api/v1/registrations","status":201,"duracionMs":75}
integración · PostgreSQL 16 (Testcontainers)	Schema vs 06 · identidad y sesiones (TEST-AUTH-*) · readiness · migración fallida aborta	2026-09-19T01:26:52.8953779Z {"nivel":"info","requestId":"c1f7b0ce-6871-40a9-bb94-bdd0b258dd2a","metodo":"POST","ruta":"/api/v1/auth/sessions","status":201,"duracionMs":67}
integración · PostgreSQL 16 (Testcontainers)	Schema vs 06 · identidad y sesiones (TEST-AUTH-*) · readiness · migración fallida aborta	2026-09-19T01:26:52.8982091Z {"nivel":"error","evento":"error_no_clasificado","tipo":"Error","requestId":"fa7f0d72-3417-4855-b960-b1b9c8dd5c28"}
integración · PostgreSQL 16 (Testcontainers)	Schema vs 06 · identidad y sesiones (TEST-AUTH-*) · readiness · migración fallida aborta	2026-09-19T01:26:52.8984886Z {"nivel":"info","requestId":"fa7f0d72-3417-4855-b960-b1b9c8dd5c28","metodo":"GET","ruta":"/api/v1/me","status":500,"duracionMs":2}
integración · PostgreSQL 16 (Testcontainers)	Schema vs 06 · identidad y sesiones (TEST-AUTH-*) · readiness · migración fallida aborta	2026-09-19T01:26:52.9037666Z PASS ../../test/integration/sanitizacion.int-spec.ts
integración · PostgreSQL 16 (Testcontainers)	Schema vs 06 · identidad y sesiones (TEST-AUTH-*) · readiness · migración fallida aborta	2026-09-19T01:26:52.9038779Z   ✓ TEST-RNF-SEC-002 / TEST-RNF-OBS-001 / TEST-RUN-009: ni credenciales, ni tokens, ni hashes, ni correos, ni IP en logs, auditoría o respuestas (438 ms)
integración · PostgreSQL 16 (Testcontainers)	Schema vs 06 · identidad y sesiones (TEST-AUTH-*) · readiness · migración fallida aborta	2026-09-19T01:26:52.9039735Z   ✓ TEST-RUN-009: un error no clasificado deja en el log solo tipo y requestId, nunca el mensaje (150 ms)
integración · PostgreSQL 16 (Testcontainers)	Schema vs 06 · identidad y sesiones (TEST-AUTH-*) · readiness · migración fallida aborta	2026-09-19T01:26:52.9040220Z 
integración · PostgreSQL 16 (Testcontainers)	Schema vs 06 · identidad y sesiones (TEST-AUTH-*) · readiness · migración fallida aborta	2026-09-19T01:26:53.2514766Z {"nivel":"info","requestId":"3e5201c1-8940-409e-bb7d-0b16b2c54ad6","metodo":"GET","ruta":"/health/ready","status":200,"duracionMs":2}
integración · PostgreSQL 16 (Testcontainers)	Schema vs 06 · identidad y sesiones (TEST-AUTH-*) · readiness · migración fallida aborta	2026-09-19T01:26:53.3810313Z {"nivel":"info","requestId":"ab4b4641-2c3e-4c5f-ae14-0d1dba6d4b59","metodo":"GET","ruta":"/health/ready","status":503,"duracionMs":2}
integración · PostgreSQL 16 (Testcontainers)	Schema vs 06 · identidad y sesiones (TEST-AUTH-*) · readiness · migración fallida aborta	2026-09-19T01:26:54.3357800Z PASS ../../test/integration/despliegue.int-spec.ts
integración · PostgreSQL 16 (Testcontainers)	Schema vs 06 · identidad y sesiones (TEST-AUTH-*) · readiness · migración fallida aborta	2026-09-19T01:26:54.3358645Z   Despliegue reproducible — ASR-09
integración · PostgreSQL 16 (Testcontainers)	Schema vs 06 · identidad y sesiones (TEST-AUTH-*) · readiness · migración fallida aborta	2026-09-19T01:26:54.3359389Z     ✓ TEST-RUN-002: /health/ready 200 contra base real con migraciones al día (138 ms)
integración · PostgreSQL 16 (Testcontainers)	Schema vs 06 · identidad y sesiones (TEST-AUTH-*) · readiness · migración fallida aborta	2026-09-19T01:26:54.3360264Z     ✓ TEST-RUN-002: artefacto con migración no aplicada → 503 DB_UNAVAILABLE / PENDIENTES (129 ms)
integración · PostgreSQL 16 (Testcontainers)	Schema vs 06 · identidad y sesiones (TEST-AUTH-*) · readiness · migración fallida aborta	2026-09-19T01:26:54.3361157Z     ✓ TEST-RUN-003 / 07 §62: una migración fallida aborta el deploy y no queda registrada como aplicada (951 ms)
integración · PostgreSQL 16 (Testcontainers)	Schema vs 06 · identidad y sesiones (TEST-AUTH-*) · readiness · migración fallida aborta	2026-09-19T01:26:54.3361684Z 
integración · PostgreSQL 16 (Testcontainers)	Schema vs 06 · identidad y sesiones (TEST-AUTH-*) · readiness · migración fallida aborta	2026-09-19T01:26:54.3377774Z Test Suites: 9 passed, 9 total
integración · PostgreSQL 16 (Testcontainers)	Schema vs 06 · identidad y sesiones (TEST-AUTH-*) · readiness · migración fallida aborta	2026-09-19T01:26:54.3378184Z Tests:       102 passed, 102 total
integración · PostgreSQL 16 (Testcontainers)	Schema vs 06 · identidad y sesiones (TEST-AUTH-*) · readiness · migración fallida aborta	2026-09-19T01:26:54.3378763Z Snapshots:   0 total
integración · PostgreSQL 16 (Testcontainers)	Schema vs 06 · identidad y sesiones (TEST-AUTH-*) · readiness · migración fallida aborta	2026-09-19T01:26:54.3379098Z Time:        22.973 s
integración · PostgreSQL 16 (Testcontainers)	Schema vs 06 · identidad y sesiones (TEST-AUTH-*) · readiness · migración fallida aborta	2026-09-19T01:26:54.6294401Z Ran all test suites.
integración · PostgreSQL 16 (Testcontainers)	Schema vs 06 · identidad y sesiones (TEST-AUTH-*) · readiness · migración fallida aborta	2026-09-19T01:26:54.6295032Z Test results written to: ../../resultados-integracion.json
integración · PostgreSQL 16 (Testcontainers)	Resultados por ID de prueba (evidencia)	﻿2026-09-19T01:26:54.6898601Z Node 20 is being deprecated. This workflow is running with Node 24 by default. If you need to temporarily use Node 20, you can set the ACTIONS_ALLOW_USE_UNSECURE_NODE_VERSION=true environment variable. For more information see: https://github.blog/changelog/2025-09-19-deprecation-of-node-20-on-github-actions-runners/
integración · PostgreSQL 16 (Testcontainers)	Resultados por ID de prueba (evidencia)	2026-09-19T01:26:54.6899762Z ##[group]Run actions/upload-artifact@v4
integración · PostgreSQL 16 (Testcontainers)	Resultados por ID de prueba (evidencia)	2026-09-19T01:26:54.6900148Z with:
integración · PostgreSQL 16 (Testcontainers)	Resultados por ID de prueba (evidencia)	2026-09-19T01:26:54.6900419Z   name: resultados-integracion
integración · PostgreSQL 16 (Testcontainers)	Resultados por ID de prueba (evidencia)	2026-09-19T01:26:54.6900762Z   path: resultados-integracion.json
integración · PostgreSQL 16 (Testcontainers)	Resultados por ID de prueba (evidencia)	2026-09-19T01:26:54.6901089Z   if-no-files-found: error
integración · PostgreSQL 16 (Testcontainers)	Resultados por ID de prueba (evidencia)	2026-09-19T01:26:54.6901418Z   compression-level: 6
integración · PostgreSQL 16 (Testcontainers)	Resultados por ID de prueba (evidencia)	2026-09-19T01:26:54.6901720Z   overwrite: false
integración · PostgreSQL 16 (Testcontainers)	Resultados por ID de prueba (evidencia)	2026-09-19T01:26:54.6902001Z   include-hidden-files: false
integración · PostgreSQL 16 (Testcontainers)	Resultados por ID de prueba (evidencia)	2026-09-19T01:26:54.6902323Z ##[endgroup]
integración · PostgreSQL 16 (Testcontainers)	Resultados por ID de prueba (evidencia)	2026-09-19T01:26:54.8274394Z (node:5745) [DEP0040] DeprecationWarning: The `punycode` module is deprecated. Please use a userland alternative instead.
integración · PostgreSQL 16 (Testcontainers)	Resultados por ID de prueba (evidencia)	2026-09-19T01:26:54.8275442Z (Use `node --trace-deprecation ...` to show where the warning was created)
integración · PostgreSQL 16 (Testcontainers)	Resultados por ID de prueba (evidencia)	2026-09-19T01:26:54.8312033Z With the provided path, there will be 1 file uploaded
integración · PostgreSQL 16 (Testcontainers)	Resultados por ID de prueba (evidencia)	2026-09-19T01:26:54.8317713Z Artifact name is valid!
integración · PostgreSQL 16 (Testcontainers)	Resultados por ID de prueba (evidencia)	2026-09-19T01:26:54.8318617Z Root directory input is valid!
integración · PostgreSQL 16 (Testcontainers)	Resultados por ID de prueba (evidencia)	2026-09-19T01:26:55.1827014Z Beginning upload of artifact content to blob storage
integración · PostgreSQL 16 (Testcontainers)	Resultados por ID de prueba (evidencia)	2026-09-19T01:26:55.1976336Z (node:5745) [DEP0169] DeprecationWarning: `url.parse()` behavior is not standardized and prone to errors that have security implications. Use the WHATWG URL API instead. CVEs are not issued for `url.parse()` vulnerabilities.
integración · PostgreSQL 16 (Testcontainers)	Resultados por ID de prueba (evidencia)	2026-09-19T01:26:55.4299600Z Uploaded bytes 6699
integración · PostgreSQL 16 (Testcontainers)	Resultados por ID de prueba (evidencia)	2026-09-19T01:26:55.4924701Z Finished uploading artifact content to blob storage!
integración · PostgreSQL 16 (Testcontainers)	Resultados por ID de prueba (evidencia)	2026-09-19T01:26:55.4925879Z SHA256 digest of uploaded artifact zip is fcce842cb947d36c2906897efec74862a4ff48d14843cd32a9d428e62e9be9bf
integración · PostgreSQL 16 (Testcontainers)	Resultados por ID de prueba (evidencia)	2026-09-19T01:26:55.4926799Z Finalizing artifact upload
integración · PostgreSQL 16 (Testcontainers)	Resultados por ID de prueba (evidencia)	2026-09-19T01:26:55.7244837Z Artifact resultados-integracion.zip successfully finalized. Artifact ID 10574279962
integración · PostgreSQL 16 (Testcontainers)	Resultados por ID de prueba (evidencia)	2026-09-19T01:26:55.7246277Z Artifact resultados-integracion has been successfully uploaded! Final size is 6699 bytes. Artifact ID is 10574279962
integración · PostgreSQL 16 (Testcontainers)	Resultados por ID de prueba (evidencia)	2026-09-19T01:26:55.7250355Z Artifact download URL: https://github.com/Elian-Bufi/be/actions/runs/35412614860/artifacts/10574279962
integración · PostgreSQL 16 (Testcontainers)	Post Run actions/setup-node@v7	﻿2026-09-19T01:26:55.7394403Z Post job cleanup.
integración · PostgreSQL 16 (Testcontainers)	Post Run actions/setup-node@v7	2026-09-19T01:26:55.8300989Z Cache hit occurred on the primary key node-cache-Linux-x64-npm-035442b6e162ca43476981c9c2b12aaf09857145993c221f83d7202f95647faa, not saving cache.
integración · PostgreSQL 16 (Testcontainers)	Post Run actions/checkout@v7	﻿2026-09-19T01:26:55.8396927Z Post job cleanup.
integración · PostgreSQL 16 (Testcontainers)	Post Run actions/checkout@v7	2026-09-19T01:26:55.9064584Z [command]/usr/bin/git version
integración · PostgreSQL 16 (Testcontainers)	Post Run actions/checkout@v7	2026-09-19T01:26:55.9109761Z git version 2.55.0
integración · PostgreSQL 16 (Testcontainers)	Post Run actions/checkout@v7	2026-09-19T01:26:55.9142395Z Temporarily overriding HOME='/home/runner/work/_temp/02a7ba03-71df-4ca6-b01f-af5e610da933' before making global git config changes
integración · PostgreSQL 16 (Testcontainers)	Post Run actions/checkout@v7	2026-09-19T01:26:55.9143835Z Adding repository directory to the temporary git global config as a safe directory
integración · PostgreSQL 16 (Testcontainers)	Post Run actions/checkout@v7	2026-09-19T01:26:55.9147747Z [command]/usr/bin/git config --global --add safe.directory /home/runner/work/be/be
integración · PostgreSQL 16 (Testcontainers)	Post Run actions/checkout@v7	2026-09-19T01:26:55.9171067Z Removing SSH command configuration
integración · PostgreSQL 16 (Testcontainers)	Post Run actions/checkout@v7	2026-09-19T01:26:55.9177469Z [command]/usr/bin/git config --local --name-only --get-regexp core\.sshCommand
integración · PostgreSQL 16 (Testcontainers)	Post Run actions/checkout@v7	2026-09-19T01:26:55.9206890Z [command]/usr/bin/git submodule foreach --recursive sh -c "git config --local --name-only --get-regexp 'core\.sshCommand' && git config --local --unset-all 'core.sshCommand' || :"
integración · PostgreSQL 16 (Testcontainers)	Post Run actions/checkout@v7	2026-09-19T01:26:55.9426942Z Removing HTTP extra header
integración · PostgreSQL 16 (Testcontainers)	Post Run actions/checkout@v7	2026-09-19T01:26:55.9427860Z [command]/usr/bin/git config --local --name-only --get-regexp http\.https\:\/\/github\.com\/\.extraheader
integración · PostgreSQL 16 (Testcontainers)	Post Run actions/checkout@v7	2026-09-19T01:26:55.9447352Z [command]/usr/bin/git submodule foreach --recursive sh -c "git config --local --name-only --get-regexp 'http\.https\:\/\/github\.com\/\.extraheader' && git config --local --unset-all 'http.https://github.com/.extraheader' || :"
integración · PostgreSQL 16 (Testcontainers)	Post Run actions/checkout@v7	2026-09-19T01:26:55.9633406Z Removing includeIf entries pointing to credentials config files
integración · PostgreSQL 16 (Testcontainers)	Post Run actions/checkout@v7	2026-09-19T01:26:55.9634707Z [command]/usr/bin/git config --local --name-only --get-regexp ^includeIf\.gitdir:
integración · PostgreSQL 16 (Testcontainers)	Post Run actions/checkout@v7	2026-09-19T01:26:55.9649936Z includeif.gitdir:/home/runner/work/be/be/.git.path
integración · PostgreSQL 16 (Testcontainers)	Post Run actions/checkout@v7	2026-09-19T01:26:55.9662397Z includeif.gitdir:/home/runner/work/be/be/.git/worktrees/*.path
integración · PostgreSQL 16 (Testcontainers)	Post Run actions/checkout@v7	2026-09-19T01:26:55.9663146Z includeif.gitdir:/github/workspace/.git.path
integración · PostgreSQL 16 (Testcontainers)	Post Run actions/checkout@v7	2026-09-19T01:26:55.9664321Z includeif.gitdir:/github/workspace/.git/worktrees/*.path
integración · PostgreSQL 16 (Testcontainers)	Post Run actions/checkout@v7	2026-09-19T01:26:55.9666310Z [command]/usr/bin/git config --local --get-all includeif.gitdir:/home/runner/work/be/be/.git.path
integración · PostgreSQL 16 (Testcontainers)	Post Run actions/checkout@v7	2026-09-19T01:26:55.9675928Z /home/runner/work/_temp/git-credentials-d7b4e45e-aad6-44a0-894e-fd27381e358b.config
integración · PostgreSQL 16 (Testcontainers)	Post Run actions/checkout@v7	2026-09-19T01:26:55.9712845Z [command]/usr/bin/git config --local --unset includeif.gitdir:/home/runner/work/be/be/.git.path \/home\/runner\/work\/_temp\/git\-credentials\-d7b4e45e\-aad6\-44a0\-894e\-fd27381e358b\.config
integración · PostgreSQL 16 (Testcontainers)	Post Run actions/checkout@v7	2026-09-19T01:26:55.9719517Z [command]/usr/bin/git config --local --get-all includeif.gitdir:/home/runner/work/be/be/.git/worktrees/*.path
integración · PostgreSQL 16 (Testcontainers)	Post Run actions/checkout@v7	2026-09-19T01:26:55.9736687Z /home/runner/work/_temp/git-credentials-d7b4e45e-aad6-44a0-894e-fd27381e358b.config
integración · PostgreSQL 16 (Testcontainers)	Post Run actions/checkout@v7	2026-09-19T01:26:55.9746138Z [command]/usr/bin/git config --local --unset includeif.gitdir:/home/runner/work/be/be/.git/worktrees/*.path \/home\/runner\/work\/_temp\/git\-credentials\-d7b4e45e\-aad6\-44a0\-894e\-fd27381e358b\.config
integración · PostgreSQL 16 (Testcontainers)	Post Run actions/checkout@v7	2026-09-19T01:26:55.9778462Z [command]/usr/bin/git config --local --get-all includeif.gitdir:/github/workspace/.git.path
integración · PostgreSQL 16 (Testcontainers)	Post Run actions/checkout@v7	2026-09-19T01:26:55.9795994Z /github/runner_temp/git-credentials-d7b4e45e-aad6-44a0-894e-fd27381e358b.config
integración · PostgreSQL 16 (Testcontainers)	Post Run actions/checkout@v7	2026-09-19T01:26:55.9803453Z [command]/usr/bin/git config --local --unset includeif.gitdir:/github/workspace/.git.path \/github\/runner_temp\/git\-credentials\-d7b4e45e\-aad6\-44a0\-894e\-fd27381e358b\.config
integración · PostgreSQL 16 (Testcontainers)	Post Run actions/checkout@v7	2026-09-19T01:26:55.9828964Z [command]/usr/bin/git config --local --get-all includeif.gitdir:/github/workspace/.git/worktrees/*.path
integración · PostgreSQL 16 (Testcontainers)	Post Run actions/checkout@v7	2026-09-19T01:26:55.9845068Z /github/runner_temp/git-credentials-d7b4e45e-aad6-44a0-894e-fd27381e358b.config
integración · PostgreSQL 16 (Testcontainers)	Post Run actions/checkout@v7	2026-09-19T01:26:55.9852956Z [command]/usr/bin/git config --local --unset includeif.gitdir:/github/workspace/.git/worktrees/*.path \/github\/runner_temp\/git\-credentials\-d7b4e45e\-aad6\-44a0\-894e\-fd27381e358b\.config
integración · PostgreSQL 16 (Testcontainers)	Post Run actions/checkout@v7	2026-09-19T01:26:55.9879690Z [command]/usr/bin/git submodule foreach --recursive git config --local --show-origin --name-only --get-regexp remote.origin.url
integración · PostgreSQL 16 (Testcontainers)	Post Run actions/checkout@v7	2026-09-19T01:26:56.0068973Z Removing credentials config '/home/runner/work/_temp/git-credentials-d7b4e45e-aad6-44a0-894e-fd27381e358b.config'
integración · PostgreSQL 16 (Testcontainers)	Complete job	﻿2026-09-19T01:26:56.0183234Z Cleaning up orphan processes
integración · PostgreSQL 16 (Testcontainers)	Complete job	2026-09-19T01:26:56.0457066Z ##[warning]Node.js 20 is deprecated. The following actions target Node.js 20 but are being forced to run on Node.js 24: actions/upload-artifact@v4. For more information see: https://github.blog/changelog/2025-09-19-deprecation-of-node-20-on-github-actions-runners/
verificar · typecheck · unit · build · audit	Set up job	﻿2026-09-19T01:25:40.3518884Z Current runner version: '2.337.0'
verificar · typecheck · unit · build · audit	Set up job	2026-09-19T01:25:40.3547951Z ##[group]Runner Image Provisioner
verificar · typecheck · unit · build · audit	Set up job	2026-09-19T01:25:40.3548858Z Hosted Compute Agent
verificar · typecheck · unit · build · audit	Set up job	2026-09-19T01:25:40.3549615Z Version: 20260828.587
verificar · typecheck · unit · build · audit	Set up job	2026-09-19T01:25:40.3550282Z Commit: abac92662cab4cc7352de4f9f9d2e2419aad9c29
verificar · typecheck · unit · build · audit	Set up job	2026-09-19T01:25:40.3551062Z Build Date: 2026-08-28T16:44:25Z
verificar · typecheck · unit · build · audit	Set up job	2026-09-19T01:25:40.3551928Z Worker ID: {664eb6c3-851a-4c41-9d37-3872dc03235b}
verificar · typecheck · unit · build · audit	Set up job	2026-09-19T01:25:40.3552765Z Azure Region: eastus2
verificar · typecheck · unit · build · audit	Set up job	2026-09-19T01:25:40.3553508Z ##[endgroup]
verificar · typecheck · unit · build · audit	Set up job	2026-09-19T01:25:40.3555559Z ##[group]Operating System
verificar · typecheck · unit · build · audit	Set up job	2026-09-19T01:25:40.3556337Z Ubuntu
verificar · typecheck · unit · build · audit	Set up job	2026-09-19T01:25:40.3556907Z 24.04.5
verificar · typecheck · unit · build · audit	Set up job	2026-09-19T01:25:40.3557473Z LTS
verificar · typecheck · unit · build · audit	Set up job	2026-09-19T01:25:40.3558097Z ##[endgroup]
verificar · typecheck · unit · build · audit	Set up job	2026-09-19T01:25:40.3558668Z ##[group]Runner Image
verificar · typecheck · unit · build · audit	Set up job	2026-09-19T01:25:40.3559657Z Image: ubuntu-24.04
verificar · typecheck · unit · build · audit	Set up job	2026-09-19T01:25:40.3560363Z Version: 20260907.300.1
verificar · typecheck · unit · build · audit	Set up job	2026-09-19T01:25:40.3561499Z Included Software: https://github.com/actions/runner-images/blob/ubuntu24/20260907.300/images/ubuntu/Ubuntu2404-Readme.md
verificar · typecheck · unit · build · audit	Set up job	2026-09-19T01:25:40.3563361Z Image Release: https://github.com/actions/runner-images/releases/tag/ubuntu24%2F20260907.300
verificar · typecheck · unit · build · audit	Set up job	2026-09-19T01:25:40.3564567Z ##[endgroup]
verificar · typecheck · unit · build · audit	Set up job	2026-09-19T01:25:40.3565812Z ##[group]GITHUB_TOKEN Permissions
verificar · typecheck · unit · build · audit	Set up job	2026-09-19T01:25:40.3568150Z Contents: read
verificar · typecheck · unit · build · audit	Set up job	2026-09-19T01:25:40.3568858Z Metadata: read
verificar · typecheck · unit · build · audit	Set up job	2026-09-19T01:25:40.3569499Z ##[endgroup]
verificar · typecheck · unit · build · audit	Set up job	2026-09-19T01:25:40.3571772Z Secret source: Actions
verificar · typecheck · unit · build · audit	Set up job	2026-09-19T01:25:40.3572765Z Cache mode: write
verificar · typecheck · unit · build · audit	Set up job	2026-09-19T01:25:40.3573902Z Prepare workflow directory
verificar · typecheck · unit · build · audit	Set up job	2026-09-19T01:25:40.3917653Z Prepare all required actions
verificar · typecheck · unit · build · audit	Set up job	2026-09-19T01:25:40.3967046Z Getting action download info
verificar · typecheck · unit · build · audit	Set up job	2026-09-19T01:25:40.6186921Z Download action repository 'actions/checkout@v7' (SHA:3d3c42e5aac5ba805825da76410c181273ba90b1)
verificar · typecheck · unit · build · audit	Set up job	2026-09-19T01:25:40.7362065Z Download action repository 'actions/setup-node@v7' (SHA:820762786026740c76f36085b0efc47a31fe5020)
verificar · typecheck · unit · build · audit	Set up job	2026-09-19T01:25:40.9341758Z Complete job name: verificar · typecheck · unit · build · audit
verificar · typecheck · unit · build · audit	Run actions/checkout@v7	﻿2026-09-19T01:25:41.0140951Z ##[group]Run actions/checkout@v7
verificar · typecheck · unit · build · audit	Run actions/checkout@v7	2026-09-19T01:25:41.0141898Z with:
verificar · typecheck · unit · build · audit	Run actions/checkout@v7	2026-09-19T01:25:41.0142367Z   repository: Elian-Bufi/be
verificar · typecheck · unit · build · audit	Run actions/checkout@v7	2026-09-19T01:25:41.0146369Z   token: ***
verificar · typecheck · unit · build · audit	Run actions/checkout@v7	2026-09-19T01:25:41.0146894Z   ssh-strict: true
verificar · typecheck · unit · build · audit	Run actions/checkout@v7	2026-09-19T01:25:41.0147359Z   ssh-user: git
verificar · typecheck · unit · build · audit	Run actions/checkout@v7	2026-09-19T01:25:41.0147833Z   persist-credentials: true
verificar · typecheck · unit · build · audit	Run actions/checkout@v7	2026-09-19T01:25:41.0148346Z   clean: true
verificar · typecheck · unit · build · audit	Run actions/checkout@v7	2026-09-19T01:25:41.0148807Z   sparse-checkout-cone-mode: true
verificar · typecheck · unit · build · audit	Run actions/checkout@v7	2026-09-19T01:25:41.0149339Z   fetch-depth: 1
verificar · typecheck · unit · build · audit	Run actions/checkout@v7	2026-09-19T01:25:41.0149787Z   fetch-tags: false
verificar · typecheck · unit · build · audit	Run actions/checkout@v7	2026-09-19T01:25:41.0150248Z   show-progress: true
verificar · typecheck · unit · build · audit	Run actions/checkout@v7	2026-09-19T01:25:41.0150704Z   lfs: false
verificar · typecheck · unit · build · audit	Run actions/checkout@v7	2026-09-19T01:25:41.0151133Z   submodules: false
verificar · typecheck · unit · build · audit	Run actions/checkout@v7	2026-09-19T01:25:41.0151590Z   set-safe-directory: true
verificar · typecheck · unit · build · audit	Run actions/checkout@v7	2026-09-19T01:25:41.0152106Z   allow-unsafe-pr-checkout: false
verificar · typecheck · unit · build · audit	Run actions/checkout@v7	2026-09-19T01:25:41.0152908Z ##[endgroup]
verificar · typecheck · unit · build · audit	Run actions/checkout@v7	2026-09-19T01:25:41.1195048Z Syncing repository: Elian-Bufi/be
verificar · typecheck · unit · build · audit	Run actions/checkout@v7	2026-09-19T01:25:41.1197793Z ##[group]Getting Git version info
verificar · typecheck · unit · build · audit	Run actions/checkout@v7	2026-09-19T01:25:41.1198883Z Working directory is '/home/runner/work/be/be'
verificar · typecheck · unit · build · audit	Run actions/checkout@v7	2026-09-19T01:25:41.1200563Z [command]/usr/bin/git version
verificar · typecheck · unit · build · audit	Run actions/checkout@v7	2026-09-19T01:25:41.1326283Z git version 2.55.0
verificar · typecheck · unit · build · audit	Run actions/checkout@v7	2026-09-19T01:25:41.1346783Z ##[endgroup]
verificar · typecheck · unit · build · audit	Run actions/checkout@v7	2026-09-19T01:25:41.1354001Z Temporarily overriding HOME='/home/runner/work/_temp/43555525-afbb-4237-a02a-f853f85af2ff' before making global git config changes
verificar · typecheck · unit · build · audit	Run actions/checkout@v7	2026-09-19T01:25:41.1355820Z Adding repository directory to the temporary git global config as a safe directory
verificar · typecheck · unit · build · audit	Run actions/checkout@v7	2026-09-19T01:25:41.1359888Z [command]/usr/bin/git config --global --add safe.directory /home/runner/work/be/be
verificar · typecheck · unit · build · audit	Run actions/checkout@v7	2026-09-19T01:25:41.1415953Z Deleting the contents of '/home/runner/work/be/be'
verificar · typecheck · unit · build · audit	Run actions/checkout@v7	2026-09-19T01:25:41.1420686Z ##[group]Determining repository object format
verificar · typecheck · unit · build · audit	Run actions/checkout@v7	2026-09-19T01:25:41.1422164Z ##[endgroup]
verificar · typecheck · unit · build · audit	Run actions/checkout@v7	2026-09-19T01:25:41.1426356Z ##[group]Initializing the repository
verificar · typecheck · unit · build · audit	Run actions/checkout@v7	2026-09-19T01:25:41.1427417Z [command]/usr/bin/git init /home/runner/work/be/be
verificar · typecheck · unit · build · audit	Run actions/checkout@v7	2026-09-19T01:25:41.1576107Z hint: Using 'master' as the name for the initial branch. This default branch name
verificar · typecheck · unit · build · audit	Run actions/checkout@v7	2026-09-19T01:25:41.1578042Z hint: will change to "main" in Git 3.0. To configure the initial branch name
verificar · typecheck · unit · build · audit	Run actions/checkout@v7	2026-09-19T01:25:41.1580867Z hint: to use in all of your new repositories, which will suppress this warning,
verificar · typecheck · unit · build · audit	Run actions/checkout@v7	2026-09-19T01:25:41.1582271Z hint: call:
verificar · typecheck · unit · build · audit	Run actions/checkout@v7	2026-09-19T01:25:41.1582991Z hint:
verificar · typecheck · unit · build · audit	Run actions/checkout@v7	2026-09-19T01:25:41.1583790Z hint: 	git config --global init.defaultBranch <name>
verificar · typecheck · unit · build · audit	Run actions/checkout@v7	2026-09-19T01:25:41.1585017Z hint:
verificar · typecheck · unit · build · audit	Run actions/checkout@v7	2026-09-19T01:25:41.1585945Z hint: Names commonly chosen instead of 'master' are 'main', 'trunk' and
verificar · typecheck · unit · build · audit	Run actions/checkout@v7	2026-09-19T01:25:41.1587506Z hint: 'development'. The just-created branch can be renamed via this command:
verificar · typecheck · unit · build · audit	Run actions/checkout@v7	2026-09-19T01:25:41.1588706Z hint:
verificar · typecheck · unit · build · audit	Run actions/checkout@v7	2026-09-19T01:25:41.1589357Z hint: 	git branch -m <name>
verificar · typecheck · unit · build · audit	Run actions/checkout@v7	2026-09-19T01:25:41.1590104Z hint:
verificar · typecheck · unit · build · audit	Run actions/checkout@v7	2026-09-19T01:25:41.1591095Z hint: Disable this message with "git config set advice.defaultBranchName false"
verificar · typecheck · unit · build · audit	Run actions/checkout@v7	2026-09-19T01:25:41.1592863Z Initialized empty Git repository in /home/runner/work/be/be/.git/
verificar · typecheck · unit · build · audit	Run actions/checkout@v7	2026-09-19T01:25:41.1595737Z [command]/usr/bin/git remote add origin https://github.com/Elian-Bufi/be
verificar · typecheck · unit · build · audit	Run actions/checkout@v7	2026-09-19T01:25:41.1657659Z ##[endgroup]
verificar · typecheck · unit · build · audit	Run actions/checkout@v7	2026-09-19T01:25:41.1658972Z ##[group]Disabling automatic garbage collection
verificar · typecheck · unit · build · audit	Run actions/checkout@v7	2026-09-19T01:25:41.1661339Z [command]/usr/bin/git config --local gc.auto 0
verificar · typecheck · unit · build · audit	Run actions/checkout@v7	2026-09-19T01:25:41.1698297Z ##[endgroup]
verificar · typecheck · unit · build · audit	Run actions/checkout@v7	2026-09-19T01:25:41.1699924Z ##[group]Setting up auth
verificar · typecheck · unit · build · audit	Run actions/checkout@v7	2026-09-19T01:25:41.1700765Z Removing SSH command configuration
verificar · typecheck · unit · build · audit	Run actions/checkout@v7	2026-09-19T01:25:41.1705865Z [command]/usr/bin/git config --local --name-only --get-regexp core\.sshCommand
verificar · typecheck · unit · build · audit	Run actions/checkout@v7	2026-09-19T01:25:41.1747591Z [command]/usr/bin/git submodule foreach --recursive sh -c "git config --local --name-only --get-regexp 'core\.sshCommand' && git config --local --unset-all 'core.sshCommand' || :"
verificar · typecheck · unit · build · audit	Run actions/checkout@v7	2026-09-19T01:25:41.2169475Z Removing HTTP extra header
verificar · typecheck · unit · build · audit	Run actions/checkout@v7	2026-09-19T01:25:41.2176250Z [command]/usr/bin/git config --local --name-only --get-regexp http\.https\:\/\/github\.com\/\.extraheader
verificar · typecheck · unit · build · audit	Run actions/checkout@v7	2026-09-19T01:25:41.2213984Z [command]/usr/bin/git submodule foreach --recursive sh -c "git config --local --name-only --get-regexp 'http\.https\:\/\/github\.com\/\.extraheader' && git config --local --unset-all 'http.https://github.com/.extraheader' || :"
verificar · typecheck · unit · build · audit	Run actions/checkout@v7	2026-09-19T01:25:41.2436779Z Removing includeIf entries pointing to credentials config files
verificar · typecheck · unit · build · audit	Run actions/checkout@v7	2026-09-19T01:25:41.2443293Z [command]/usr/bin/git config --local --name-only --get-regexp ^includeIf\.gitdir:
verificar · typecheck · unit · build · audit	Run actions/checkout@v7	2026-09-19T01:25:41.2482672Z [command]/usr/bin/git submodule foreach --recursive git config --local --show-origin --name-only --get-regexp remote.origin.url
verificar · typecheck · unit · build · audit	Run actions/checkout@v7	2026-09-19T01:25:41.2715854Z [command]/usr/bin/git config --file /home/runner/work/_temp/git-credentials-81a11921-3ad8-4170-9cc9-c5e37b1f2c4c.config http.https://github.com/.extraheader AUTHORIZATION: basic ***
verificar · typecheck · unit · build · audit	Run actions/checkout@v7	2026-09-19T01:25:41.2760324Z [command]/usr/bin/git config --local includeIf.gitdir:/home/runner/work/be/be/.git.path /home/runner/work/_temp/git-credentials-81a11921-3ad8-4170-9cc9-c5e37b1f2c4c.config
verificar · typecheck · unit · build · audit	Run actions/checkout@v7	2026-09-19T01:25:41.2796618Z [command]/usr/bin/git config --local includeIf.gitdir:/home/runner/work/be/be/.git/worktrees/*.path /home/runner/work/_temp/git-credentials-81a11921-3ad8-4170-9cc9-c5e37b1f2c4c.config
verificar · typecheck · unit · build · audit	Run actions/checkout@v7	2026-09-19T01:25:41.2838112Z [command]/usr/bin/git config --local includeIf.gitdir:/github/workspace/.git.path /github/runner_temp/git-credentials-81a11921-3ad8-4170-9cc9-c5e37b1f2c4c.config
verificar · typecheck · unit · build · audit	Run actions/checkout@v7	2026-09-19T01:25:41.2875836Z [command]/usr/bin/git config --local includeIf.gitdir:/github/workspace/.git/worktrees/*.path /github/runner_temp/git-credentials-81a11921-3ad8-4170-9cc9-c5e37b1f2c4c.config
verificar · typecheck · unit · build · audit	Run actions/checkout@v7	2026-09-19T01:25:41.2906898Z ##[endgroup]
verificar · typecheck · unit · build · audit	Run actions/checkout@v7	2026-09-19T01:25:41.2908155Z ##[group]Fetching the repository
verificar · typecheck · unit · build · audit	Run actions/checkout@v7	2026-09-19T01:25:41.2913090Z [command]/usr/bin/git -c protocol.version=2 fetch --no-tags --prune --no-recurse-submodules --depth=1 origin +c09bfa046ccbdc9bdab018fe9005b00e0f5e6819:refs/remotes/origin/main
verificar · typecheck · unit · build · audit	Run actions/checkout@v7	2026-09-19T01:25:42.1567003Z From https://github.com/Elian-Bufi/be
verificar · typecheck · unit · build · audit	Run actions/checkout@v7	2026-09-19T01:25:42.1570026Z  * [new ref]         c09bfa046ccbdc9bdab018fe9005b00e0f5e6819 -> origin/main
verificar · typecheck · unit · build · audit	Run actions/checkout@v7	2026-09-19T01:25:42.1577258Z [command]/usr/bin/git branch --list --remote origin/main
verificar · typecheck · unit · build · audit	Run actions/checkout@v7	2026-09-19T01:25:42.1609269Z   origin/main
verificar · typecheck · unit · build · audit	Run actions/checkout@v7	2026-09-19T01:25:42.1618150Z [command]/usr/bin/git rev-parse refs/remotes/origin/main
verificar · typecheck · unit · build · audit	Run actions/checkout@v7	2026-09-19T01:25:42.1646138Z c09bfa046ccbdc9bdab018fe9005b00e0f5e6819
verificar · typecheck · unit · build · audit	Run actions/checkout@v7	2026-09-19T01:25:42.1651049Z ##[endgroup]
verificar · typecheck · unit · build · audit	Run actions/checkout@v7	2026-09-19T01:25:42.1652224Z ##[group]Determining the checkout info
verificar · typecheck · unit · build · audit	Run actions/checkout@v7	2026-09-19T01:25:42.1654079Z ##[endgroup]
verificar · typecheck · unit · build · audit	Run actions/checkout@v7	2026-09-19T01:25:42.1655995Z [command]/usr/bin/git sparse-checkout disable
verificar · typecheck · unit · build · audit	Run actions/checkout@v7	2026-09-19T01:25:42.1714688Z [command]/usr/bin/git config --local --unset-all extensions.worktreeConfig
verificar · typecheck · unit · build · audit	Run actions/checkout@v7	2026-09-19T01:25:42.1749033Z ##[group]Checking out the ref
verificar · typecheck · unit · build · audit	Run actions/checkout@v7	2026-09-19T01:25:42.1752952Z [command]/usr/bin/git checkout --progress --force -B main refs/remotes/origin/main
verificar · typecheck · unit · build · audit	Run actions/checkout@v7	2026-09-19T01:25:42.2512379Z Switched to a new branch 'main'
verificar · typecheck · unit · build · audit	Run actions/checkout@v7	2026-09-19T01:25:42.2519798Z branch 'main' set up to track 'origin/main'.
verificar · typecheck · unit · build · audit	Run actions/checkout@v7	2026-09-19T01:25:42.2532202Z ##[endgroup]
verificar · typecheck · unit · build · audit	Run actions/checkout@v7	2026-09-19T01:25:42.2582110Z [command]/usr/bin/git log -1 --format=%H
verificar · typecheck · unit · build · audit	Run actions/checkout@v7	2026-09-19T01:25:42.2612677Z c09bfa046ccbdc9bdab018fe9005b00e0f5e6819
verificar · typecheck · unit · build · audit	Run actions/setup-node@v7	﻿2026-09-19T01:25:42.3007912Z ##[group]Run actions/setup-node@v7
verificar · typecheck · unit · build · audit	Run actions/setup-node@v7	2026-09-19T01:25:42.3009237Z with:
verificar · typecheck · unit · build · audit	Run actions/setup-node@v7	2026-09-19T01:25:42.3010157Z   node-version-file: .nvmrc
verificar · typecheck · unit · build · audit	Run actions/setup-node@v7	2026-09-19T01:25:42.3011241Z   cache: npm
verificar · typecheck · unit · build · audit	Run actions/setup-node@v7	2026-09-19T01:25:42.3012154Z   check-latest: false
verificar · typecheck · unit · build · audit	Run actions/setup-node@v7	2026-09-19T01:25:42.3022389Z   token: ***
verificar · typecheck · unit · build · audit	Run actions/setup-node@v7	2026-09-19T01:25:42.3023609Z   package-manager-cache: true
verificar · typecheck · unit · build · audit	Run actions/setup-node@v7	2026-09-19T01:25:42.3024960Z ##[endgroup]
verificar · typecheck · unit · build · audit	Run actions/setup-node@v7	2026-09-19T01:25:42.4348860Z Node version file is not JSON file
verificar · typecheck · unit · build · audit	Run actions/setup-node@v7	2026-09-19T01:25:42.4351276Z Resolved .nvmrc as 22.23.2
verificar · typecheck · unit · build · audit	Run actions/setup-node@v7	2026-09-19T01:25:42.4490244Z Found in cache @ /opt/hostedtoolcache/node/22.23.2/x64
verificar · typecheck · unit · build · audit	Run actions/setup-node@v7	2026-09-19T01:25:42.4494528Z ##[group]Environment details
verificar · typecheck · unit · build · audit	Run actions/setup-node@v7	2026-09-19T01:25:42.9317205Z node: v22.23.2
verificar · typecheck · unit · build · audit	Run actions/setup-node@v7	2026-09-19T01:25:42.9319542Z npm: 10.9.8
verificar · typecheck · unit · build · audit	Run actions/setup-node@v7	2026-09-19T01:25:42.9320394Z yarn: 1.22.22
verificar · typecheck · unit · build · audit	Run actions/setup-node@v7	2026-09-19T01:25:42.9321820Z ##[endgroup]
verificar · typecheck · unit · build · audit	Run actions/setup-node@v7	2026-09-19T01:25:42.9339155Z [command]/opt/hostedtoolcache/node/22.23.2/x64/bin/npm config get cache
verificar · typecheck · unit · build · audit	Run actions/setup-node@v7	2026-09-19T01:25:43.0548946Z /home/runner/.npm
verificar · typecheck · unit · build · audit	Run actions/setup-node@v7	2026-09-19T01:25:43.1428072Z Cache hit for: node-cache-Linux-x64-npm-035442b6e162ca43476981c9c2b12aaf09857145993c221f83d7202f95647faa
verificar · typecheck · unit · build · audit	Run actions/setup-node@v7	2026-09-19T01:25:44.2060776Z Received 209715200 of 334991070 (62.6%), 199.6 MBs/sec
verificar · typecheck · unit · build · audit	Run actions/setup-node@v7	2026-09-19T01:25:44.6913304Z Received 334991070 of 334991070 (100.0%), 214.7 MBs/sec
verificar · typecheck · unit · build · audit	Run actions/setup-node@v7	2026-09-19T01:25:44.6915091Z Cache Size: ~319 MB (334991070 B)
verificar · typecheck · unit · build · audit	Run actions/setup-node@v7	2026-09-19T01:25:44.6950167Z [command]/usr/bin/tar -xf /home/runner/work/_temp/3d3e5189-5a59-4a92-934d-a7ee817ef5f2/cache.tzst -P -C /home/runner/work/be/be --use-compress-program unzstd
verificar · typecheck · unit · build · audit	Run actions/setup-node@v7	2026-09-19T01:25:45.3232775Z Cache restored successfully
verificar · typecheck · unit · build · audit	Run actions/setup-node@v7	2026-09-19T01:25:45.3390611Z Cache restored from key: node-cache-Linux-x64-npm-035442b6e162ca43476981c9c2b12aaf09857145993c221f83d7202f95647faa
verificar · typecheck · unit · build · audit	Run npm ci	﻿2026-09-19T01:25:45.3606482Z ##[group]Run npm ci
verificar · typecheck · unit · build · audit	Run npm ci	2026-09-19T01:25:45.3606834Z ^[[36;1mnpm ci^[[0m
verificar · typecheck · unit · build · audit	Run npm ci	2026-09-19T01:25:45.3659852Z shell: /usr/bin/bash -e {0}
verificar · typecheck · unit · build · audit	Run npm ci	2026-09-19T01:25:45.3660170Z ##[endgroup]
verificar · typecheck · unit · build · audit	Run npm ci	2026-09-19T01:25:53.5606133Z npm warn deprecated uuid@7.0.3: uuid@10 and below is no longer supported.  For ESM codebases, update to uuid@latest.  For CommonJS codebases, use uuid@11 (but be aware this version will likely be deprecated in 2028).
verificar · typecheck · unit · build · audit	Run npm ci	2026-09-19T01:25:54.1216405Z npm warn deprecated glob@10.5.0: Old versions of glob are not supported, and contain widely publicized security vulnerabilities, which have been fixed in the current version. Please update. Support for old versions may be purchased (at exorbitant rates) by contacting i@izs.me
verificar · typecheck · unit · build · audit	Run npm ci	2026-09-19T01:25:54.1221446Z npm warn deprecated glob@10.5.0: Old versions of glob are not supported, and contain widely publicized security vulnerabilities, which have been fixed in the current version. Please update. Support for old versions may be purchased (at exorbitant rates) by contacting i@izs.me
verificar · typecheck · unit · build · audit	Run npm ci	2026-09-19T01:26:14.6502622Z 
verificar · typecheck · unit · build · audit	Run npm ci	2026-09-19T01:26:14.6503931Z added 978 packages, and audited 983 packages in 29s
verificar · typecheck · unit · build · audit	Run npm ci	2026-09-19T01:26:14.7117422Z 
verificar · typecheck · unit · build · audit	Run npm ci	2026-09-19T01:26:14.7118307Z 10 moderate severity vulnerabilities
verificar · typecheck · unit · build · audit	Run npm ci	2026-09-19T01:26:14.7118800Z 
verificar · typecheck · unit · build · audit	Run npm ci	2026-09-19T01:26:14.7119404Z To address issues that do not require attention, run:
verificar · typecheck · unit · build · audit	Run npm ci	2026-09-19T01:26:14.7121154Z   npm audit fix
verificar · typecheck · unit · build · audit	Run npm ci	2026-09-19T01:26:14.7121537Z 
verificar · typecheck · unit · build · audit	Run npm ci	2026-09-19T01:26:14.7122250Z To address all issues (including breaking changes), run:
verificar · typecheck · unit · build · audit	Run npm ci	2026-09-19T01:26:14.7123102Z   npm audit fix --force
verificar · typecheck · unit · build · audit	Run npm ci	2026-09-19T01:26:14.7123442Z 
verificar · typecheck · unit · build · audit	Run npm ci	2026-09-19T01:26:14.7123785Z Run `npm audit` for details.
verificar · typecheck · unit · build · audit	Run npx prisma generate	﻿2026-09-19T01:26:14.8539742Z ##[group]Run npx prisma generate
verificar · typecheck · unit · build · audit	Run npx prisma generate	2026-09-19T01:26:14.8540124Z ^[[36;1mnpx prisma generate^[[0m
verificar · typecheck · unit · build · audit	Run npx prisma generate	2026-09-19T01:26:14.8593240Z shell: /usr/bin/bash -e {0}
verificar · typecheck · unit · build · audit	Run npx prisma generate	2026-09-19T01:26:14.8593559Z ##[endgroup]
verificar · typecheck · unit · build · audit	Run npx prisma generate	2026-09-19T01:26:15.8528938Z warn The configuration property `package.json#prisma` is deprecated and will be removed in Prisma 7. Please migrate to a Prisma config file (e.g., `prisma.config.ts`).
verificar · typecheck · unit · build · audit	Run npx prisma generate	2026-09-19T01:26:15.8530848Z For more information, see: https://pris.ly/prisma-config
verificar · typecheck · unit · build · audit	Run npx prisma generate	2026-09-19T01:26:15.8531373Z 
verificar · typecheck · unit · build · audit	Run npx prisma generate	2026-09-19T01:26:16.0154015Z Prisma schema loaded from prisma/schema.prisma
verificar · typecheck · unit · build · audit	Run npx prisma generate	2026-09-19T01:26:16.2862171Z ┌─────────────────────────────────────────────────────────┐
verificar · typecheck · unit · build · audit	Run npx prisma generate	2026-09-19T01:26:16.2863775Z │  Update available 6.19.3 -> 8.0.0-rc.15                 │
verificar · typecheck · unit · build · audit	Run npx prisma generate	2026-09-19T01:26:16.2865448Z │                                                         │
verificar · typecheck · unit · build · audit	Run npx prisma generate	2026-09-19T01:26:16.2866561Z │  This is a major update - please follow the guide at    │
verificar · typecheck · unit · build · audit	Run npx prisma generate	2026-09-19T01:26:16.2867999Z │  https://pris.ly/d/major-version-upgrade                │
verificar · typecheck · unit · build · audit	Run npx prisma generate	2026-09-19T01:26:16.2869582Z │                                                         │
verificar · typecheck · unit · build · audit	Run npx prisma generate	2026-09-19T01:26:16.2870822Z │  Run the following to update                            │
verificar · typecheck · unit · build · audit	Run npx prisma generate	2026-09-19T01:26:16.2872066Z │    npm i --save-dev prisma@latest                       │
verificar · typecheck · unit · build · audit	Run npx prisma generate	2026-09-19T01:26:16.2873357Z │    npm i @prisma/client@latest                          │
verificar · typecheck · unit · build · audit	Run npx prisma generate	2026-09-19T01:26:16.2874889Z └─────────────────────────────────────────────────────────┘
verificar · typecheck · unit · build · audit	Run npx prisma generate	2026-09-19T01:26:16.2875484Z 
verificar · typecheck · unit · build · audit	Run npx prisma generate	2026-09-19T01:26:16.2876408Z ✔ Generated Prisma Client (v6.19.3) to ./node_modules/@prisma/client in 139ms
verificar · typecheck · unit · build · audit	Run npx prisma generate	2026-09-19T01:26:16.2877169Z 
verificar · typecheck · unit · build · audit	Run npx prisma generate	2026-09-19T01:26:16.2877963Z Start by importing your Prisma Client (See: https://pris.ly/d/importing-client)
verificar · typecheck · unit · build · audit	Run npx prisma generate	2026-09-19T01:26:16.2878800Z 
verificar · typecheck · unit · build · audit	Run npx prisma generate	2026-09-19T01:26:16.2879478Z Tip: Want to turn off tips and other hints? https://pris.ly/tip-4-nohints
verificar · typecheck · unit · build · audit	Run npx prisma generate	2026-09-19T01:26:16.2880010Z 
verificar · typecheck · unit · build · audit	Typecheck (domain, api, web, mobile)	﻿2026-09-19T01:26:16.3229947Z ##[group]Run npm run typecheck
verificar · typecheck · unit · build · audit	Typecheck (domain, api, web, mobile)	2026-09-19T01:26:16.3230301Z ^[[36;1mnpm run typecheck^[[0m
verificar · typecheck · unit · build · audit	Typecheck (domain, api, web, mobile)	2026-09-19T01:26:16.3269226Z shell: /usr/bin/bash -e {0}
verificar · typecheck · unit · build · audit	Typecheck (domain, api, web, mobile)	2026-09-19T01:26:16.3269526Z ##[endgroup]
verificar · typecheck · unit · build · audit	Typecheck (domain, api, web, mobile)	2026-09-19T01:26:16.4329532Z 
verificar · typecheck · unit · build · audit	Typecheck (domain, api, web, mobile)	2026-09-19T01:26:16.4330130Z > be@0.1.0 typecheck
verificar · typecheck · unit · build · audit	Typecheck (domain, api, web, mobile)	2026-09-19T01:26:16.4331166Z > npm run build:domain && npm run typecheck --workspaces --if-present
verificar · typecheck · unit · build · audit	Typecheck (domain, api, web, mobile)	2026-09-19T01:26:16.4331839Z 
verificar · typecheck · unit · build · audit	Typecheck (domain, api, web, mobile)	2026-09-19T01:26:16.5380298Z 
verificar · typecheck · unit · build · audit	Typecheck (domain, api, web, mobile)	2026-09-19T01:26:16.5380783Z > be@0.1.0 build:domain
verificar · typecheck · unit · build · audit	Typecheck (domain, api, web, mobile)	2026-09-19T01:26:16.5381273Z > npm run build -w @be/domain
verificar · typecheck · unit · build · audit	Typecheck (domain, api, web, mobile)	2026-09-19T01:26:16.5381532Z 
verificar · typecheck · unit · build · audit	Typecheck (domain, api, web, mobile)	2026-09-19T01:26:16.6589648Z 
verificar · typecheck · unit · build · audit	Typecheck (domain, api, web, mobile)	2026-09-19T01:26:16.6590869Z > @be/domain@0.1.0 build
verificar · typecheck · unit · build · audit	Typecheck (domain, api, web, mobile)	2026-09-19T01:26:16.6591637Z > tsc -p tsconfig.json
verificar · typecheck · unit · build · audit	Typecheck (domain, api, web, mobile)	2026-09-19T01:26:16.6592022Z 
verificar · typecheck · unit · build · audit	Typecheck (domain, api, web, mobile)	2026-09-19T01:26:18.8587737Z 
verificar · typecheck · unit · build · audit	Typecheck (domain, api, web, mobile)	2026-09-19T01:26:18.8588736Z > @be/domain@0.1.0 typecheck
verificar · typecheck · unit · build · audit	Typecheck (domain, api, web, mobile)	2026-09-19T01:26:18.8589575Z > tsc -p tsconfig.json --noEmit
verificar · typecheck · unit · build · audit	Typecheck (domain, api, web, mobile)	2026-09-19T01:26:18.8589943Z 
verificar · typecheck · unit · build · audit	Typecheck (domain, api, web, mobile)	2026-09-19T01:26:20.7143088Z 
verificar · typecheck · unit · build · audit	Typecheck (domain, api, web, mobile)	2026-09-19T01:26:20.7143869Z > @be/api@0.1.0 typecheck
verificar · typecheck · unit · build · audit	Typecheck (domain, api, web, mobile)	2026-09-19T01:26:20.7144803Z > tsc -p tsconfig.json --noEmit
verificar · typecheck · unit · build · audit	Typecheck (domain, api, web, mobile)	2026-09-19T01:26:20.7145077Z 
verificar · typecheck · unit · build · audit	Typecheck (domain, api, web, mobile)	2026-09-19T01:26:23.0757372Z 
verificar · typecheck · unit · build · audit	Typecheck (domain, api, web, mobile)	2026-09-19T01:26:23.0758157Z > @be/web@0.2.0 typecheck
verificar · typecheck · unit · build · audit	Typecheck (domain, api, web, mobile)	2026-09-19T01:26:23.0758620Z > tsc --noEmit
verificar · typecheck · unit · build · audit	Typecheck (domain, api, web, mobile)	2026-09-19T01:26:23.0758813Z 
verificar · typecheck · unit · build · audit	Typecheck (domain, api, web, mobile)	2026-09-19T01:26:25.6609731Z 
verificar · typecheck · unit · build · audit	Typecheck (domain, api, web, mobile)	2026-09-19T01:26:25.6610481Z > @be/mobile@0.2.0 typecheck
verificar · typecheck · unit · build · audit	Typecheck (domain, api, web, mobile)	2026-09-19T01:26:25.6610944Z > tsc --noEmit
verificar · typecheck · unit · build · audit	Typecheck (domain, api, web, mobile)	2026-09-19T01:26:25.6611136Z 
verificar · typecheck · unit · build · audit	OpenAPI generado desde @be/domain sin drift (09v7 T21)	﻿2026-09-19T01:26:27.3247574Z ##[group]Run node scripts/generar-openapi.cjs --verificar
verificar · typecheck · unit · build · audit	OpenAPI generado desde @be/domain sin drift (09v7 T21)	2026-09-19T01:26:27.3248049Z ^[[36;1mnode scripts/generar-openapi.cjs --verificar^[[0m
verificar · typecheck · unit · build · audit	OpenAPI generado desde @be/domain sin drift (09v7 T21)	2026-09-19T01:26:27.3286088Z shell: /usr/bin/bash -e {0}
verificar · typecheck · unit · build · audit	OpenAPI generado desde @be/domain sin drift (09v7 T21)	2026-09-19T01:26:27.3286363Z ##[endgroup]
verificar · typecheck · unit · build · audit	OpenAPI generado desde @be/domain sin drift (09v7 T21)	2026-09-19T01:26:27.4282550Z OpenAPI al día con @be/domain.
verificar · typecheck · unit · build · audit	Pruebas unitarias (domain, api)	﻿2026-09-19T01:26:27.4368634Z ##[group]Run npm test
verificar · typecheck · unit · build · audit	Pruebas unitarias (domain, api)	2026-09-19T01:26:27.4368945Z ^[[36;1mnpm test^[[0m
verificar · typecheck · unit · build · audit	Pruebas unitarias (domain, api)	2026-09-19T01:26:27.4407735Z shell: /usr/bin/bash -e {0}
verificar · typecheck · unit · build · audit	Pruebas unitarias (domain, api)	2026-09-19T01:26:27.4408040Z ##[endgroup]
verificar · typecheck · unit · build · audit	Pruebas unitarias (domain, api)	2026-09-19T01:26:27.5727703Z 
verificar · typecheck · unit · build · audit	Pruebas unitarias (domain, api)	2026-09-19T01:26:27.5728260Z > be@0.1.0 test
verificar · typecheck · unit · build · audit	Pruebas unitarias (domain, api)	2026-09-19T01:26:27.5729278Z > npm run build:domain && npm run test -w @be/domain && npm run test -w @be/api
verificar · typecheck · unit · build · audit	Pruebas unitarias (domain, api)	2026-09-19T01:26:27.5729944Z 
verificar · typecheck · unit · build · audit	Pruebas unitarias (domain, api)	2026-09-19T01:26:27.6773503Z 
verificar · typecheck · unit · build · audit	Pruebas unitarias (domain, api)	2026-09-19T01:26:27.6773983Z > be@0.1.0 build:domain
verificar · typecheck · unit · build · audit	Pruebas unitarias (domain, api)	2026-09-19T01:26:27.6774812Z > npm run build -w @be/domain
verificar · typecheck · unit · build · audit	Pruebas unitarias (domain, api)	2026-09-19T01:26:27.6775150Z 
verificar · typecheck · unit · build · audit	Pruebas unitarias (domain, api)	2026-09-19T01:26:27.8028140Z 
verificar · typecheck · unit · build · audit	Pruebas unitarias (domain, api)	2026-09-19T01:26:27.8028833Z > @be/domain@0.1.0 build
verificar · typecheck · unit · build · audit	Pruebas unitarias (domain, api)	2026-09-19T01:26:27.8029433Z > tsc -p tsconfig.json
verificar · typecheck · unit · build · audit	Pruebas unitarias (domain, api)	2026-09-19T01:26:27.8029711Z 
verificar · typecheck · unit · build · audit	Pruebas unitarias (domain, api)	2026-09-19T01:26:29.8964113Z 
verificar · typecheck · unit · build · audit	Pruebas unitarias (domain, api)	2026-09-19T01:26:29.8965239Z > @be/domain@0.1.0 test
verificar · typecheck · unit · build · audit	Pruebas unitarias (domain, api)	2026-09-19T01:26:29.8965947Z > node --test dist/**/*.test.js
verificar · typecheck · unit · build · audit	Pruebas unitarias (domain, api)	2026-09-19T01:26:29.8966291Z 
verificar · typecheck · unit · build · audit	Pruebas unitarias (domain, api)	2026-09-19T01:26:29.9525454Z TAP version 13
verificar · typecheck · unit · build · audit	Pruebas unitarias (domain, api)	2026-09-19T01:26:30.1152873Z # Subtest: cliente: el registro envía A1 y A2 con la versión vigente, superficie e Idempotency-Key; nunca A3
verificar · typecheck · unit · build · audit	Pruebas unitarias (domain, api)	2026-09-19T01:26:30.1160097Z ok 1 - cliente: el registro envía A1 y A2 con la versión vigente, superficie e Idempotency-Key; nunca A3
verificar · typecheck · unit · build · audit	Pruebas unitarias (domain, api)	2026-09-19T01:26:30.1161094Z   ---
verificar · typecheck · unit · build · audit	Pruebas unitarias (domain, api)	2026-09-19T01:26:30.1161532Z   duration_ms: 34.06843
verificar · typecheck · unit · build · audit	Pruebas unitarias (domain, api)	2026-09-19T01:26:30.1161986Z   type: 'test'
verificar · typecheck · unit · build · audit	Pruebas unitarias (domain, api)	2026-09-19T01:26:30.1162345Z   ...
verificar · typecheck · unit · build · audit	Pruebas unitarias (domain, api)	2026-09-19T01:26:30.1182897Z # Subtest: cliente: una respuesta 2xx con otra forma no se interpreta (validación de contrato)
verificar · typecheck · unit · build · audit	Pruebas unitarias (domain, api)	2026-09-19T01:26:30.1185000Z ok 2 - cliente: una respuesta 2xx con otra forma no se interpreta (validación de contrato)
verificar · typecheck · unit · build · audit	Pruebas unitarias (domain, api)	2026-09-19T01:26:30.1186160Z   ---
verificar · typecheck · unit · build · audit	Pruebas unitarias (domain, api)	2026-09-19T01:26:30.1186738Z   duration_ms: 0.779437
verificar · typecheck · unit · build · audit	Pruebas unitarias (domain, api)	2026-09-19T01:26:30.1187344Z   type: 'test'
verificar · typecheck · unit · build · audit	Pruebas unitarias (domain, api)	2026-09-19T01:26:30.1187974Z   ...
verificar · typecheck · unit · build · audit	Pruebas unitarias (domain, api)	2026-09-19T01:26:30.1189456Z # Subtest: cliente: un ErrorEnvelope se traduce a su código e issues, sin exponer el mensaje del servidor
verificar · typecheck · unit · build · audit	Pruebas unitarias (domain, api)	2026-09-19T01:26:30.1191569Z ok 3 - cliente: un ErrorEnvelope se traduce a su código e issues, sin exponer el mensaje del servidor
verificar · typecheck · unit · build · audit	Pruebas unitarias (domain, api)	2026-09-19T01:26:30.1192890Z   ---
verificar · typecheck · unit · build · audit	Pruebas unitarias (domain, api)	2026-09-19T01:26:30.1193553Z   duration_ms: 1.758447
verificar · typecheck · unit · build · audit	Pruebas unitarias (domain, api)	2026-09-19T01:26:30.1194597Z   type: 'test'
verificar · typecheck · unit · build · audit	Pruebas unitarias (domain, api)	2026-09-19T01:26:30.1195265Z   ...
verificar · typecheck · unit · build · audit	Pruebas unitarias (domain, api)	2026-09-19T01:26:30.1196558Z # Subtest: cliente: sin respuesta de red el resultado es RED (incierto), nunca éxito
verificar · typecheck · unit · build · audit	Pruebas unitarias (domain, api)	2026-09-19T01:26:30.1198385Z ok 4 - cliente: sin respuesta de red el resultado es RED (incierto), nunca éxito
verificar · typecheck · unit · build · audit	Pruebas unitarias (domain, api)	2026-09-19T01:26:30.1199470Z   ---
verificar · typecheck · unit · build · audit	Pruebas unitarias (domain, api)	2026-09-19T01:26:30.1200055Z   duration_ms: 0.29417
verificar · typecheck · unit · build · audit	Pruebas unitarias (domain, api)	2026-09-19T01:26:30.1200722Z   type: 'test'
verificar · typecheck · unit · build · audit	Pruebas unitarias (domain, api)	2026-09-19T01:26:30.1201227Z   ...
verificar · typecheck · unit · build · audit	Pruebas unitarias (domain, api)	2026-09-19T01:26:30.1202560Z # Subtest: cliente: el cierre envía la versión de consecuencias mostrada y confirmación explícita, con Bearer
verificar · typecheck · unit · build · audit	Pruebas unitarias (domain, api)	2026-09-19T01:26:30.1204950Z ok 5 - cliente: el cierre envía la versión de consecuencias mostrada y confirmación explícita, con Bearer
verificar · typecheck · unit · build · audit	Pruebas unitarias (domain, api)	2026-09-19T01:26:30.1206155Z   ---
verificar · typecheck · unit · build · audit	Pruebas unitarias (domain, api)	2026-09-19T01:26:30.1206736Z   duration_ms: 1.664742
verificar · typecheck · unit · build · audit	Pruebas unitarias (domain, api)	2026-09-19T01:26:30.1207333Z   type: 'test'
verificar · typecheck · unit · build · audit	Pruebas unitarias (domain, api)	2026-09-19T01:26:30.1207894Z   ...
verificar · typecheck · unit · build · audit	Pruebas unitarias (domain, api)	2026-09-19T01:26:30.1208927Z # Subtest: copy: sin frases prohibidas por el 10 (10-B02, 10-ADD, 10-B10)
verificar · typecheck · unit · build · audit	Pruebas unitarias (domain, api)	2026-09-19T01:26:30.1210217Z ok 6 - copy: sin frases prohibidas por el 10 (10-B02, 10-ADD, 10-B10)
verificar · typecheck · unit · build · audit	Pruebas unitarias (domain, api)	2026-09-19T01:26:30.1210772Z   ---
verificar · typecheck · unit · build · audit	Pruebas unitarias (domain, api)	2026-09-19T01:26:30.1211120Z   duration_ms: 0.254295
verificar · typecheck · unit · build · audit	Pruebas unitarias (domain, api)	2026-09-19T01:26:30.1211519Z   type: 'test'
verificar · typecheck · unit · build · audit	Pruebas unitarias (domain, api)	2026-09-19T01:26:30.1211858Z   ...
verificar · typecheck · unit · build · audit	Pruebas unitarias (domain, api)	2026-09-19T01:26:30.1349749Z # Subtest: 08 §12.2 — cada versión de texto guarda el SHA-256 real de su contenido
verificar · typecheck · unit · build · audit	Pruebas unitarias (domain, api)	2026-09-19T01:26:30.1351462Z ok 7 - 08 §12.2 — cada versión de texto guarda el SHA-256 real de su contenido
verificar · typecheck · unit · build · audit	Pruebas unitarias (domain, api)	2026-09-19T01:26:30.1366057Z   ---
verificar · typecheck · unit · build · audit	Pruebas unitarias (domain, api)	2026-09-19T01:26:30.1366689Z   duration_ms: 1.536392
verificar · typecheck · unit · build · audit	Pruebas unitarias (domain, api)	2026-09-19T01:26:30.1367160Z   type: 'test'
verificar · typecheck · unit · build · audit	Pruebas unitarias (domain, api)	2026-09-19T01:26:30.1383463Z   ...
verificar · typecheck · unit · build · audit	Pruebas unitarias (domain, api)	2026-09-19T01:26:30.1385250Z # Subtest: Catálogo de textos: ids únicos, una versión vigente por tipo y marcados como demostración (DL-028)
verificar · typecheck · unit · build · audit	Pruebas unitarias (domain, api)	2026-09-19T01:26:30.1387149Z ok 8 - Catálogo de textos: ids únicos, una versión vigente por tipo y marcados como demostración (DL-028)
verificar · typecheck · unit · build · audit	Pruebas unitarias (domain, api)	2026-09-19T01:26:30.1388949Z   ---
verificar · typecheck · unit · build · audit	Pruebas unitarias (domain, api)	2026-09-19T01:26:30.1389337Z   duration_ms: 0.328865
verificar · typecheck · unit · build · audit	Pruebas unitarias (domain, api)	2026-09-19T01:26:30.1390017Z   type: 'test'
verificar · typecheck · unit · build · audit	Pruebas unitarias (domain, api)	2026-09-19T01:26:30.1390344Z   ...
verificar · typecheck · unit · build · audit	Pruebas unitarias (domain, api)	2026-09-19T01:26:30.1391408Z # Subtest: A2 contiene los contenidos mínimos del 08 §12.1 y aclara que no es consentimiento de salud
verificar · typecheck · unit · build · audit	Pruebas unitarias (domain, api)	2026-09-19T01:26:30.1392896Z ok 9 - A2 contiene los contenidos mínimos del 08 §12.1 y aclara que no es consentimiento de salud
verificar · typecheck · unit · build · audit	Pruebas unitarias (domain, api)	2026-09-19T01:26:30.1393619Z   ---
verificar · typecheck · unit · build · audit	Pruebas unitarias (domain, api)	2026-09-19T01:26:30.1393954Z   duration_ms: 0.207288
verificar · typecheck · unit · build · audit	Pruebas unitarias (domain, api)	2026-09-19T01:26:30.1394546Z   type: 'test'
verificar · typecheck · unit · build · audit	Pruebas unitarias (domain, api)	2026-09-19T01:26:30.1394876Z   ...
verificar · typecheck · unit · build · audit	Pruebas unitarias (domain, api)	2026-09-19T01:26:30.1395713Z # Subtest: Consecuencias del cierre: copy de 10-ADD + irreversibilidad (DL-024), sin prometer borrado
verificar · typecheck · unit · build · audit	Pruebas unitarias (domain, api)	2026-09-19T01:26:30.1397189Z ok 10 - Consecuencias del cierre: copy de 10-ADD + irreversibilidad (DL-024), sin prometer borrado
verificar · typecheck · unit · build · audit	Pruebas unitarias (domain, api)	2026-09-19T01:26:30.1398061Z   ---
verificar · typecheck · unit · build · audit	Pruebas unitarias (domain, api)	2026-09-19T01:26:30.1398436Z   duration_ms: 0.253414
verificar · typecheck · unit · build · audit	Pruebas unitarias (domain, api)	2026-09-19T01:26:30.1398875Z   type: 'test'
verificar · typecheck · unit · build · audit	Pruebas unitarias (domain, api)	2026-09-19T01:26:30.1399237Z   ...
verificar · typecheck · unit · build · audit	Pruebas unitarias (domain, api)	2026-09-19T01:26:30.1400392Z # Subtest: 08 §12.4 — el registro crea A1 y A2, nunca A3; solo TERMINOS y DATOS_SALUD_BE son revocables
verificar · typecheck · unit · build · audit	Pruebas unitarias (domain, api)	2026-09-19T01:26:30.1401936Z ok 11 - 08 §12.4 — el registro crea A1 y A2, nunca A3; solo TERMINOS y DATOS_SALUD_BE son revocables
verificar · typecheck · unit · build · audit	Pruebas unitarias (domain, api)	2026-09-19T01:26:30.1402743Z   ---
verificar · typecheck · unit · build · audit	Pruebas unitarias (domain, api)	2026-09-19T01:26:30.1403118Z   duration_ms: 0.754671
verificar · typecheck · unit · build · audit	Pruebas unitarias (domain, api)	2026-09-19T01:26:30.1403726Z   type: 'test'
verificar · typecheck · unit · build · audit	Pruebas unitarias (domain, api)	2026-09-19T01:26:30.1404811Z   ...
verificar · typecheck · unit · build · audit	Pruebas unitarias (domain, api)	2026-09-19T01:26:30.1405936Z # Subtest: Sesión: estados como enum con lista blanca; TTL ≤ 24 h (08 §26.2)
verificar · typecheck · unit · build · audit	Pruebas unitarias (domain, api)	2026-09-19T01:26:30.1407205Z ok 12 - Sesión: estados como enum con lista blanca; TTL ≤ 24 h (08 §26.2)
verificar · typecheck · unit · build · audit	Pruebas unitarias (domain, api)	2026-09-19T01:26:30.1407943Z   ---
verificar · typecheck · unit · build · audit	Pruebas unitarias (domain, api)	2026-09-19T01:26:30.1408320Z   duration_ms: 0.235149
verificar · typecheck · unit · build · audit	Pruebas unitarias (domain, api)	2026-09-19T01:26:30.1408766Z   type: 'test'
verificar · typecheck · unit · build · audit	Pruebas unitarias (domain, api)	2026-09-19T01:26:30.1409131Z   ...
verificar · typecheck · unit · build · audit	Pruebas unitarias (domain, api)	2026-09-19T01:26:30.1409969Z # Subtest: Identificador local: normalización y validación sintáctica
verificar · typecheck · unit · build · audit	Pruebas unitarias (domain, api)	2026-09-19T01:26:30.1411175Z ok 13 - Identificador local: normalización y validación sintáctica
verificar · typecheck · unit · build · audit	Pruebas unitarias (domain, api)	2026-09-19T01:26:30.1411871Z   ---
verificar · typecheck · unit · build · audit	Pruebas unitarias (domain, api)	2026-09-19T01:26:30.1412290Z   duration_ms: 0.31026
verificar · typecheck · unit · build · audit	Pruebas unitarias (domain, api)	2026-09-19T01:26:30.1412710Z   type: 'test'
verificar · typecheck · unit · build · audit	Pruebas unitarias (domain, api)	2026-09-19T01:26:30.1413098Z   ...
verificar · typecheck · unit · build · audit	Pruebas unitarias (domain, api)	2026-09-19T01:26:30.1413979Z # Subtest: Credencial: mínimo 12 caracteres, máximo 72 bytes (DL-013)
verificar · typecheck · unit · build · audit	Pruebas unitarias (domain, api)	2026-09-19T01:26:30.1415806Z ok 14 - Credencial: mínimo 12 caracteres, máximo 72 bytes (DL-013)
verificar · typecheck · unit · build · audit	Pruebas unitarias (domain, api)	2026-09-19T01:26:30.1416591Z   ---
verificar · typecheck · unit · build · audit	Pruebas unitarias (domain, api)	2026-09-19T01:26:30.1416919Z   duration_ms: 0.216425
verificar · typecheck · unit · build · audit	Pruebas unitarias (domain, api)	2026-09-19T01:26:30.1417287Z   type: 'test'
verificar · typecheck · unit · build · audit	Pruebas unitarias (domain, api)	2026-09-19T01:26:30.1417612Z   ...
verificar · typecheck · unit · build · audit	Pruebas unitarias (domain, api)	2026-09-19T01:26:30.1418445Z # Subtest: Superficie: solo WEB o APK; cualquier otro valor queda no declarado (null), nunca inventado
verificar · typecheck · unit · build · audit	Pruebas unitarias (domain, api)	2026-09-19T01:26:30.1419927Z ok 15 - Superficie: solo WEB o APK; cualquier otro valor queda no declarado (null), nunca inventado
verificar · typecheck · unit · build · audit	Pruebas unitarias (domain, api)	2026-09-19T01:26:30.1420782Z   ---
verificar · typecheck · unit · build · audit	Pruebas unitarias (domain, api)	2026-09-19T01:26:30.1421157Z   duration_ms: 0.421979
verificar · typecheck · unit · build · audit	Pruebas unitarias (domain, api)	2026-09-19T01:26:30.1421564Z   type: 'test'
verificar · typecheck · unit · build · audit	Pruebas unitarias (domain, api)	2026-09-19T01:26:30.1421896Z   ...
verificar · typecheck · unit · build · audit	Pruebas unitarias (domain, api)	2026-09-19T01:26:30.1422964Z # Subtest: 09v7 T12 — contratos estrictos: un campo no declarado se rechaza (UNKNOWN_FIELD)
verificar · typecheck · unit · build · audit	Pruebas unitarias (domain, api)	2026-09-19T01:26:30.1424644Z ok 16 - 09v7 T12 — contratos estrictos: un campo no declarado se rechaza (UNKNOWN_FIELD)
verificar · typecheck · unit · build · audit	Pruebas unitarias (domain, api)	2026-09-19T01:26:30.1425421Z   ---
verificar · typecheck · unit · build · audit	Pruebas unitarias (domain, api)	2026-09-19T01:26:30.1425797Z   duration_ms: 4.784624
verificar · typecheck · unit · build · audit	Pruebas unitarias (domain, api)	2026-09-19T01:26:30.1426229Z   type: 'test'
verificar · typecheck · unit · build · audit	Pruebas unitarias (domain, api)	2026-09-19T01:26:30.1454727Z   ...
verificar · typecheck · unit · build · audit	Pruebas unitarias (domain, api)	2026-09-19T01:26:30.1455595Z # Subtest: API-CON-05 — la forma «A3 no otorgado» es currentConsent: null
verificar · typecheck · unit · build · audit	Pruebas unitarias (domain, api)	2026-09-19T01:26:30.1456736Z ok 17 - API-CON-05 — la forma «A3 no otorgado» es currentConsent: null
verificar · typecheck · unit · build · audit	Pruebas unitarias (domain, api)	2026-09-19T01:26:30.1457397Z   ---
verificar · typecheck · unit · build · audit	Pruebas unitarias (domain, api)	2026-09-19T01:26:30.1457777Z   duration_ms: 1.525561
verificar · typecheck · unit · build · audit	Pruebas unitarias (domain, api)	2026-09-19T01:26:30.1458188Z   type: 'test'
verificar · typecheck · unit · build · audit	Pruebas unitarias (domain, api)	2026-09-19T01:26:30.1458580Z   ...
verificar · typecheck · unit · build · audit	Pruebas unitarias (domain, api)	2026-09-19T01:26:30.1459462Z # Subtest: 06 §5.7.2 — conjunto cerrado de tres estados, tokens CONV-06-02
verificar · typecheck · unit · build · audit	Pruebas unitarias (domain, api)	2026-09-19T01:26:30.1460671Z ok 18 - 06 §5.7.2 — conjunto cerrado de tres estados, tokens CONV-06-02
verificar · typecheck · unit · build · audit	Pruebas unitarias (domain, api)	2026-09-19T01:26:30.1461389Z   ---
verificar · typecheck · unit · build · audit	Pruebas unitarias (domain, api)	2026-09-19T01:26:30.1461764Z   duration_ms: 4.749187
verificar · typecheck · unit · build · audit	Pruebas unitarias (domain, api)	2026-09-19T01:26:30.1462203Z   type: 'test'
verificar · typecheck · unit · build · audit	Pruebas unitarias (domain, api)	2026-09-19T01:26:30.1463068Z   ...
verificar · typecheck · unit · build · audit	Pruebas unitarias (domain, api)	2026-09-19T01:26:30.1463758Z # Subtest: 06 §5.7.2 — inicial OPERATIVA, terminal CERRADA; solo OPERATIVA permite operar (INV-06-28)
verificar · typecheck · unit · build · audit	Pruebas unitarias (domain, api)	2026-09-19T01:26:30.1465339Z ok 19 - 06 §5.7.2 — inicial OPERATIVA, terminal CERRADA; solo OPERATIVA permite operar (INV-06-28)
verificar · typecheck · unit · build · audit	Pruebas unitarias (domain, api)	2026-09-19T01:26:30.1465827Z   ---
verificar · typecheck · unit · build · audit	Pruebas unitarias (domain, api)	2026-09-19T01:26:30.1466036Z   duration_ms: 0.397773
verificar · typecheck · unit · build · audit	Pruebas unitarias (domain, api)	2026-09-19T01:26:30.1466274Z   type: 'test'
verificar · typecheck · unit · build · audit	Pruebas unitarias (domain, api)	2026-09-19T01:26:30.1466693Z   ...
verificar · typecheck · unit · build · audit	Pruebas unitarias (domain, api)	2026-09-19T01:26:30.1467126Z # Subtest: 06 §5.7.4 — lista blanca exacta
verificar · typecheck · unit · build · audit	Pruebas unitarias (domain, api)	2026-09-19T01:26:30.1467526Z ok 20 - 06 §5.7.4 — lista blanca exacta
verificar · typecheck · unit · build · audit	Pruebas unitarias (domain, api)	2026-09-19T01:26:30.1467852Z   ---
verificar · typecheck · unit · build · audit	Pruebas unitarias (domain, api)	2026-09-19T01:26:30.1468056Z   duration_ms: 0.22486
verificar · typecheck · unit · build · audit	Pruebas unitarias (domain, api)	2026-09-19T01:26:30.1468282Z   type: 'test'
verificar · typecheck · unit · build · audit	Pruebas unitarias (domain, api)	2026-09-19T01:26:30.1468488Z   ...
verificar · typecheck · unit · build · audit	Pruebas unitarias (domain, api)	2026-09-19T01:26:30.1468991Z # Subtest: 06 §5.7.4 — toda transición no declarada está prohibida (matriz 3×3)
verificar · typecheck · unit · build · audit	Pruebas unitarias (domain, api)	2026-09-19T01:26:30.1469656Z ok 21 - 06 §5.7.4 — toda transición no declarada está prohibida (matriz 3×3)
verificar · typecheck · unit · build · audit	Pruebas unitarias (domain, api)	2026-09-19T01:26:30.1470049Z   ---
verificar · typecheck · unit · build · audit	Pruebas unitarias (domain, api)	2026-09-19T01:26:30.1470284Z   duration_ms: 0.453789
verificar · typecheck · unit · build · audit	Pruebas unitarias (domain, api)	2026-09-19T01:26:30.1470526Z   type: 'test'
verificar · typecheck · unit · build · audit	Pruebas unitarias (domain, api)	2026-09-19T01:26:30.1470742Z   ...
verificar · typecheck · unit · build · audit	Pruebas unitarias (domain, api)	2026-09-19T01:26:30.1471316Z # Subtest: SuspenderCuenta OPERATIVA → SUSPENDIDA: permitida con fundamento; revoca sesiones
verificar · typecheck · unit · build · audit	Pruebas unitarias (domain, api)	2026-09-19T01:26:30.1472112Z ok 22 - SuspenderCuenta OPERATIVA → SUSPENDIDA: permitida con fundamento; revoca sesiones
verificar · typecheck · unit · build · audit	Pruebas unitarias (domain, api)	2026-09-19T01:26:30.1472541Z   ---
verificar · typecheck · unit · build · audit	Pruebas unitarias (domain, api)	2026-09-19T01:26:30.1472745Z   duration_ms: 0.377605
verificar · typecheck · unit · build · audit	Pruebas unitarias (domain, api)	2026-09-19T01:26:30.1473008Z   type: 'test'
verificar · typecheck · unit · build · audit	Pruebas unitarias (domain, api)	2026-09-19T01:26:30.1473205Z   ...
verificar · typecheck · unit · build · audit	Pruebas unitarias (domain, api)	2026-09-19T01:26:30.1473711Z # Subtest: SuspenderCuenta: la guarda rechaza un fundamento vacío
verificar · typecheck · unit · build · audit	Pruebas unitarias (domain, api)	2026-09-19T01:26:30.1482294Z ok 23 - SuspenderCuenta: la guarda rechaza un fundamento vacío
verificar · typecheck · unit · build · audit	Pruebas unitarias (domain, api)	2026-09-19T01:26:30.1482905Z   ---
verificar · typecheck · unit · build · audit	Pruebas unitarias (domain, api)	2026-09-19T01:26:30.1483253Z   duration_ms: 0.228107
verificar · typecheck · unit · build · audit	Pruebas unitarias (domain, api)	2026-09-19T01:26:30.1483699Z   type: 'test'
verificar · typecheck · unit · build · audit	Pruebas unitarias (domain, api)	2026-09-19T01:26:30.1484029Z   ...
verificar · typecheck · unit · build · audit	Pruebas unitarias (domain, api)	2026-09-19T01:26:30.1485345Z # Subtest: RestablecerCuenta SUSPENDIDA → OPERATIVA: permitida con resolución; no concede nada más
verificar · typecheck · unit · build · audit	Pruebas unitarias (domain, api)	2026-09-19T01:26:30.1486946Z ok 24 - RestablecerCuenta SUSPENDIDA → OPERATIVA: permitida con resolución; no concede nada más
verificar · typecheck · unit · build · audit	Pruebas unitarias (domain, api)	2026-09-19T01:26:30.1487803Z   ---
verificar · typecheck · unit · build · audit	Pruebas unitarias (domain, api)	2026-09-19T01:26:30.1488137Z   duration_ms: 0.381473
verificar · typecheck · unit · build · audit	Pruebas unitarias (domain, api)	2026-09-19T01:26:30.1488546Z   type: 'test'
verificar · typecheck · unit · build · audit	Pruebas unitarias (domain, api)	2026-09-19T01:26:30.1488792Z   ...
verificar · typecheck · unit · build · audit	Pruebas unitarias (domain, api)	2026-09-19T01:26:30.1489243Z # Subtest: RestablecerCuenta: la guarda rechaza una resolución vacía
verificar · typecheck · unit · build · audit	Pruebas unitarias (domain, api)	2026-09-19T01:26:30.1489856Z ok 25 - RestablecerCuenta: la guarda rechaza una resolución vacía
verificar · typecheck · unit · build · audit	Pruebas unitarias (domain, api)	2026-09-19T01:26:30.1490400Z   ---
verificar · typecheck · unit · build · audit	Pruebas unitarias (domain, api)	2026-09-19T01:26:30.1490611Z   duration_ms: 0.207839
verificar · typecheck · unit · build · audit	Pruebas unitarias (domain, api)	2026-09-19T01:26:30.1490851Z   type: 'test'
verificar · typecheck · unit · build · audit	Pruebas unitarias (domain, api)	2026-09-19T01:26:30.1491055Z   ...
verificar · typecheck · unit · build · audit	Pruebas unitarias (domain, api)	2026-09-19T01:26:30.1491643Z # Subtest: CerrarCuenta OPERATIVA → CERRADA: permitida con las cuatro guardas; efectos del §5.8 y 08
verificar · typecheck · unit · build · audit	Pruebas unitarias (domain, api)	2026-09-19T01:26:30.1492674Z ok 26 - CerrarCuenta OPERATIVA → CERRADA: permitida con las cuatro guardas; efectos del §5.8 y 08
verificar · typecheck · unit · build · audit	Pruebas unitarias (domain, api)	2026-09-19T01:26:30.1493151Z   ---
verificar · typecheck · unit · build · audit	Pruebas unitarias (domain, api)	2026-09-19T01:26:30.1493352Z   duration_ms: 0.693727
verificar · typecheck · unit · build · audit	Pruebas unitarias (domain, api)	2026-09-19T01:26:30.1493717Z   type: 'test'
verificar · typecheck · unit · build · audit	Pruebas unitarias (domain, api)	2026-09-19T01:26:30.1493949Z   ...
verificar · typecheck · unit · build · audit	Pruebas unitarias (domain, api)	2026-09-19T01:26:30.1495218Z # Subtest: CerrarCuenta: cada guarda se evalúa como condición explícita
verificar · typecheck · unit · build · audit	Pruebas unitarias (domain, api)	2026-09-19T01:26:30.1496304Z ok 27 - CerrarCuenta: cada guarda se evalúa como condición explícita
verificar · typecheck · unit · build · audit	Pruebas unitarias (domain, api)	2026-09-19T01:26:30.1496866Z   ---
verificar · typecheck · unit · build · audit	Pruebas unitarias (domain, api)	2026-09-19T01:26:30.1497082Z   duration_ms: 0.706431
verificar · typecheck · unit · build · audit	Pruebas unitarias (domain, api)	2026-09-19T01:26:30.1497310Z   type: 'test'
verificar · typecheck · unit · build · audit	Pruebas unitarias (domain, api)	2026-09-19T01:26:30.1497512Z   ...
verificar · typecheck · unit · build · audit	Pruebas unitarias (domain, api)	2026-09-19T01:26:30.1498147Z # Subtest: SUSPENDIDA → CERRADA FALLA aunque todas las guardas del cierre se cumplan (06 §5.7.4)
verificar · typecheck · unit · build · audit	Pruebas unitarias (domain, api)	2026-09-19T01:26:30.1499094Z ok 28 - SUSPENDIDA → CERRADA FALLA aunque todas las guardas del cierre se cumplan (06 §5.7.4)
verificar · typecheck · unit · build · audit	Pruebas unitarias (domain, api)	2026-09-19T01:26:30.1499521Z   ---
verificar · typecheck · unit · build · audit	Pruebas unitarias (domain, api)	2026-09-19T01:26:30.1499723Z   duration_ms: 0.308447
verificar · typecheck · unit · build · audit	Pruebas unitarias (domain, api)	2026-09-19T01:26:30.1500104Z   type: 'test'
verificar · typecheck · unit · build · audit	Pruebas unitarias (domain, api)	2026-09-19T01:26:30.1500308Z   ...
verificar · typecheck · unit · build · audit	Pruebas unitarias (domain, api)	2026-09-19T01:26:30.1500865Z # Subtest: CERRADA no tiene salida: ninguna transición se evalúa como permitida desde CERRADA
verificar · typecheck · unit · build · audit	Pruebas unitarias (domain, api)	2026-09-19T01:26:30.1501782Z ok 29 - CERRADA no tiene salida: ninguna transición se evalúa como permitida desde CERRADA
verificar · typecheck · unit · build · audit	Pruebas unitarias (domain, api)	2026-09-19T01:26:30.1502490Z   ---
verificar · typecheck · unit · build · audit	Pruebas unitarias (domain, api)	2026-09-19T01:26:30.1502840Z   duration_ms: 0.222536
verificar · typecheck · unit · build · audit	Pruebas unitarias (domain, api)	2026-09-19T01:26:30.1503067Z   type: 'test'
verificar · typecheck · unit · build · audit	Pruebas unitarias (domain, api)	2026-09-19T01:26:30.1503377Z   ...
verificar · typecheck · unit · build · audit	Pruebas unitarias (domain, api)	2026-09-19T01:26:30.1504021Z # Subtest: Transiciones con origen equivocado se rechazan (Restablecer desde OPERATIVA, Suspender desde SUSPENDIDA)
verificar · typecheck · unit · build · audit	Pruebas unitarias (domain, api)	2026-09-19T01:26:30.1505784Z ok 30 - Transiciones con origen equivocado se rechazan (Restablecer desde OPERATIVA, Suspender desde SUSPENDIDA)
verificar · typecheck · unit · build · audit	Pruebas unitarias (domain, api)	2026-09-19T01:26:30.1506641Z   ---
verificar · typecheck · unit · build · audit	Pruebas unitarias (domain, api)	2026-09-19T01:26:30.1506948Z   duration_ms: 0.171491
verificar · typecheck · unit · build · audit	Pruebas unitarias (domain, api)	2026-09-19T01:26:30.1507292Z   type: 'test'
verificar · typecheck · unit · build · audit	Pruebas unitarias (domain, api)	2026-09-19T01:26:30.1507581Z   ...
verificar · typecheck · unit · build · audit	Pruebas unitarias (domain, api)	2026-09-19T01:26:30.1507838Z 1..30
verificar · typecheck · unit · build · audit	Pruebas unitarias (domain, api)	2026-09-19T01:26:30.1508043Z # tests 30
verificar · typecheck · unit · build · audit	Pruebas unitarias (domain, api)	2026-09-19T01:26:30.1508239Z # suites 0
verificar · typecheck · unit · build · audit	Pruebas unitarias (domain, api)	2026-09-19T01:26:30.1508431Z # pass 30
verificar · typecheck · unit · build · audit	Pruebas unitarias (domain, api)	2026-09-19T01:26:30.1508630Z # fail 0
verificar · typecheck · unit · build · audit	Pruebas unitarias (domain, api)	2026-09-19T01:26:30.1508827Z # cancelled 0
verificar · typecheck · unit · build · audit	Pruebas unitarias (domain, api)	2026-09-19T01:26:30.1509034Z # skipped 0
verificar · typecheck · unit · build · audit	Pruebas unitarias (domain, api)	2026-09-19T01:26:30.1509240Z # todo 0
verificar · typecheck · unit · build · audit	Pruebas unitarias (domain, api)	2026-09-19T01:26:30.1509470Z # duration_ms 204.087345
verificar · typecheck · unit · build · audit	Pruebas unitarias (domain, api)	2026-09-19T01:26:30.2724529Z 
verificar · typecheck · unit · build · audit	Pruebas unitarias (domain, api)	2026-09-19T01:26:30.2725320Z > @be/api@0.1.0 test
verificar · typecheck · unit · build · audit	Pruebas unitarias (domain, api)	2026-09-19T01:26:30.2726580Z > jest --config jest.config.js
verificar · typecheck · unit · build · audit	Pruebas unitarias (domain, api)	2026-09-19T01:26:30.2726985Z 
verificar · typecheck · unit · build · audit	Pruebas unitarias (domain, api)	2026-09-19T01:26:35.6712989Z PASS src/config/entorno.spec.ts
verificar · typecheck · unit · build · audit	Pruebas unitarias (domain, api)	2026-09-19T01:26:35.9377474Z PASS src/plataforma/limitador.spec.ts
verificar · typecheck · unit · build · audit	Pruebas unitarias (domain, api)	2026-09-19T01:26:37.3101241Z {"nivel":"info","requestId":"42e7b1bb-624e-45ad-b6f7-97b9519bb8c3","metodo":"GET","ruta":"/health/live","status":200,"duracionMs":4}
verificar · typecheck · unit · build · audit	Pruebas unitarias (domain, api)	2026-09-19T01:26:37.4101529Z {"nivel":"info","requestId":"872b9598-6f8a-44b9-843e-766621b9b3ca","metodo":"GET","ruta":"/health","status":200,"duracionMs":1}
verificar · typecheck · unit · build · audit	Pruebas unitarias (domain, api)	2026-09-19T01:26:37.4102651Z {"nivel":"info","requestId":"fca2cb6a-5cdb-4bc4-b6e3-3f630dc56f67","metodo":"GET","ruta":"/health/ready","status":200,"duracionMs":0}
verificar · typecheck · unit · build · audit	Pruebas unitarias (domain, api)	2026-09-19T01:26:37.5770668Z {"nivel":"info","requestId":"e0f9cbb7-8b93-4f35-b787-dd34e69bcd90","metodo":"GET","ruta":"/health/ready","status":503,"duracionMs":0}
verificar · typecheck · unit · build · audit	Pruebas unitarias (domain, api)	2026-09-19T01:26:37.5771786Z {"nivel":"info","requestId":"3e30fd9b-e060-4649-8528-09704567870f","metodo":"GET","ruta":"/health","status":503,"duracionMs":0}
verificar · typecheck · unit · build · audit	Pruebas unitarias (domain, api)	2026-09-19T01:26:37.7448032Z {"nivel":"info","requestId":"0d21d443-8a9e-4fda-b049-9fd83bb3c912","metodo":"GET","ruta":"/health/ready","status":503,"duracionMs":0}
verificar · typecheck · unit · build · audit	Pruebas unitarias (domain, api)	2026-09-19T01:26:37.7449250Z {"nivel":"info","requestId":"d6848d55-59f0-4388-a67e-e6c96ec8ea62","metodo":"GET","ruta":"/health/ready","status":200,"duracionMs":0}
verificar · typecheck · unit · build · audit	Pruebas unitarias (domain, api)	2026-09-19T01:26:37.8973839Z PASS src/health/health.spec.ts (6.721 s)
verificar · typecheck · unit · build · audit	Pruebas unitarias (domain, api)	2026-09-19T01:26:37.9075154Z {"nivel":"info","requestId":"c75bf0c2-23e4-4713-9102-37f387a2d971","metodo":"GET","ruta":"SIN_RUTA","status":404,"duracionMs":1}
verificar · typecheck · unit · build · audit	Pruebas unitarias (domain, api)	2026-09-19T01:26:37.9078018Z {"nivel":"info","requestId":"20d6829b-579a-4d1c-86d2-4515876eac72","metodo":"GET","ruta":"SIN_RUTA","status":404,"duracionMs":1}
verificar · typecheck · unit · build · audit	Pruebas unitarias (domain, api)	2026-09-19T01:26:37.9631078Z 
verificar · typecheck · unit · build · audit	Pruebas unitarias (domain, api)	2026-09-19T01:26:37.9639774Z Test Suites: 3 passed, 3 total
verificar · typecheck · unit · build · audit	Pruebas unitarias (domain, api)	2026-09-19T01:26:37.9640439Z Tests:       29 passed, 29 total
verificar · typecheck · unit · build · audit	Pruebas unitarias (domain, api)	2026-09-19T01:26:37.9640959Z Snapshots:   0 total
verificar · typecheck · unit · build · audit	Pruebas unitarias (domain, api)	2026-09-19T01:26:37.9641384Z Time:        7.426 s
verificar · typecheck · unit · build · audit	Pruebas unitarias (domain, api)	2026-09-19T01:26:37.9641804Z Ran all test suites.
verificar · typecheck · unit · build · audit	Build API	﻿2026-09-19T01:26:38.0186796Z ##[group]Run npm run build:api
verificar · typecheck · unit · build · audit	Build API	2026-09-19T01:26:38.0187133Z ^[[36;1mnpm run build:api^[[0m
verificar · typecheck · unit · build · audit	Build API	2026-09-19T01:26:38.0224640Z shell: /usr/bin/bash -e {0}
verificar · typecheck · unit · build · audit	Build API	2026-09-19T01:26:38.0224920Z ##[endgroup]
verificar · typecheck · unit · build · audit	Build API	2026-09-19T01:26:38.1223572Z 
verificar · typecheck · unit · build · audit	Build API	2026-09-19T01:26:38.1224023Z > be@0.1.0 build:api
verificar · typecheck · unit · build · audit	Build API	2026-09-19T01:26:38.1225180Z > npm run build:domain && npm run build -w @be/api
verificar · typecheck · unit · build · audit	Build API	2026-09-19T01:26:38.1225775Z 
verificar · typecheck · unit · build · audit	Build API	2026-09-19T01:26:38.2206268Z 
verificar · typecheck · unit · build · audit	Build API	2026-09-19T01:26:38.2206639Z > be@0.1.0 build:domain
verificar · typecheck · unit · build · audit	Build API	2026-09-19T01:26:38.2207203Z > npm run build -w @be/domain
verificar · typecheck · unit · build · audit	Build API	2026-09-19T01:26:38.2207499Z 
verificar · typecheck · unit · build · audit	Build API	2026-09-19T01:26:38.3361235Z 
verificar · typecheck · unit · build · audit	Build API	2026-09-19T01:26:38.3361591Z > @be/domain@0.1.0 build
verificar · typecheck · unit · build · audit	Build API	2026-09-19T01:26:38.3362148Z > tsc -p tsconfig.json
verificar · typecheck · unit · build · audit	Build API	2026-09-19T01:26:38.3362443Z 
verificar · typecheck · unit · build · audit	Build API	2026-09-19T01:26:40.4493062Z 
verificar · typecheck · unit · build · audit	Build API	2026-09-19T01:26:40.4493744Z > @be/api@0.1.0 build
verificar · typecheck · unit · build · audit	Build API	2026-09-19T01:26:40.4494476Z > tsc -p tsconfig.build.json
verificar · typecheck · unit · build · audit	Build API	2026-09-19T01:26:40.4494717Z 
verificar · typecheck · unit · build · audit	Build web (export estático)	﻿2026-09-19T01:26:42.7816633Z ##[group]Run npm run build:web
verificar · typecheck · unit · build · audit	Build web (export estático)	2026-09-19T01:26:42.7817197Z ^[[36;1mnpm run build:web^[[0m
verificar · typecheck · unit · build · audit	Build web (export estático)	2026-09-19T01:26:42.7871813Z shell: /usr/bin/bash -e {0}
verificar · typecheck · unit · build · audit	Build web (export estático)	2026-09-19T01:26:42.7872294Z ##[endgroup]
verificar · typecheck · unit · build · audit	Build web (export estático)	2026-09-19T01:26:42.8926720Z 
verificar · typecheck · unit · build · audit	Build web (export estático)	2026-09-19T01:26:42.8927398Z > be@0.1.0 build:web
verificar · typecheck · unit · build · audit	Build web (export estático)	2026-09-19T01:26:42.8927976Z > npm run build:domain && npm run build -w @be/web
verificar · typecheck · unit · build · audit	Build web (export estático)	2026-09-19T01:26:42.8928321Z 
verificar · typecheck · unit · build · audit	Build web (export estático)	2026-09-19T01:26:42.9915629Z 
verificar · typecheck · unit · build · audit	Build web (export estático)	2026-09-19T01:26:42.9916241Z > be@0.1.0 build:domain
verificar · typecheck · unit · build · audit	Build web (export estático)	2026-09-19T01:26:42.9916700Z > npm run build -w @be/domain
verificar · typecheck · unit · build · audit	Build web (export estático)	2026-09-19T01:26:42.9916956Z 
verificar · typecheck · unit · build · audit	Build web (export estático)	2026-09-19T01:26:43.1112085Z 
verificar · typecheck · unit · build · audit	Build web (export estático)	2026-09-19T01:26:43.1112510Z > @be/domain@0.1.0 build
verificar · typecheck · unit · build · audit	Build web (export estático)	2026-09-19T01:26:43.1113173Z > tsc -p tsconfig.json
verificar · typecheck · unit · build · audit	Build web (export estático)	2026-09-19T01:26:43.1113444Z 
verificar · typecheck · unit · build · audit	Build web (export estático)	2026-09-19T01:26:45.1915355Z 
verificar · typecheck · unit · build · audit	Build web (export estático)	2026-09-19T01:26:45.1916137Z > @be/web@0.2.0 build
verificar · typecheck · unit · build · audit	Build web (export estático)	2026-09-19T01:26:45.1916717Z > next build
verificar · typecheck · unit · build · audit	Build web (export estático)	2026-09-19T01:26:45.1916967Z 
verificar · typecheck · unit · build · audit	Build web (export estático)	2026-09-19T01:26:45.7153479Z ⚠ No build cache found. Please configure build caching for faster rebuilds. Read more: https://nextjs.org/docs/messages/no-cache
verificar · typecheck · unit · build · audit	Build web (export estático)	2026-09-19T01:26:45.7262875Z Attention: Next.js now collects completely anonymous telemetry regarding usage.
verificar · typecheck · unit · build · audit	Build web (export estático)	2026-09-19T01:26:45.7264514Z This information is used to shape Next.js' roadmap and prioritize features.
verificar · typecheck · unit · build · audit	Build web (export estático)	2026-09-19T01:26:45.7266272Z You can learn more, including how to opt-out if you'd not like to participate in this anonymous program, by visiting the following URL:
verificar · typecheck · unit · build · audit	Build web (export estático)	2026-09-19T01:26:45.7267532Z https://nextjs.org/telemetry
verificar · typecheck · unit · build · audit	Build web (export estático)	2026-09-19T01:26:45.7267876Z 
verificar · typecheck · unit · build · audit	Build web (export estático)	2026-09-19T01:26:45.8156348Z    ▲ Next.js 15.5.25
verificar · typecheck · unit · build · audit	Build web (export estático)	2026-09-19T01:26:45.8156742Z 
verificar · typecheck · unit · build · audit	Build web (export estático)	2026-09-19T01:26:45.8713899Z    Creating an optimized production build ...
verificar · typecheck · unit · build · audit	Build web (export estático)	2026-09-19T01:26:54.7658498Z  ✓ Compiled successfully in 6.6s
verificar · typecheck · unit · build · audit	Build web (export estático)	2026-09-19T01:26:54.7710135Z    Linting and checking validity of types ...
verificar · typecheck · unit · build · audit	Build web (export estático)	2026-09-19T01:26:57.6937320Z    Collecting page data ...
verificar · typecheck · unit · build · audit	Build web (export estático)	2026-09-19T01:26:59.6725092Z    Generating static pages (0/9) ...
verificar · typecheck · unit · build · audit	Build web (export estático)	2026-09-19T01:27:00.5751051Z    Generating static pages (2/9) 
verificar · typecheck · unit · build · audit	Build web (export estático)	2026-09-19T01:27:00.5752041Z    Generating static pages (4/9) 
verificar · typecheck · unit · build · audit	Build web (export estático)	2026-09-19T01:27:00.5752805Z    Generating static pages (6/9) 
verificar · typecheck · unit · build · audit	Build web (export estático)	2026-09-19T01:27:00.5753818Z  ✓ Generating static pages (9/9)
verificar · typecheck · unit · build · audit	Build web (export estático)	2026-09-19T01:27:01.0101844Z    Finalizing page optimization ...
verificar · typecheck · unit · build · audit	Build web (export estático)	2026-09-19T01:27:01.0102562Z    Collecting build traces ...
verificar · typecheck · unit · build · audit	Build web (export estático)	2026-09-19T01:27:06.4713864Z    Exporting (0/2) ...
verificar · typecheck · unit · build · audit	Build web (export estático)	2026-09-19T01:27:06.7126578Z  ✓ Exporting (2/2)
verificar · typecheck · unit · build · audit	Build web (export estático)	2026-09-19T01:27:06.7233867Z 
verificar · typecheck · unit · build · audit	Build web (export estático)	2026-09-19T01:27:06.7270886Z Route (app)                                 Size  First Load JS
verificar · typecheck · unit · build · audit	Build web (export estático)	2026-09-19T01:27:06.7271919Z ┌ ○ /                                      409 B         215 kB
verificar · typecheck · unit · build · audit	Build web (export estático)	2026-09-19T01:27:06.7272450Z ├ ○ /_not-found                            989 B         103 kB
verificar · typecheck · unit · build · audit	Build web (export estático)	2026-09-19T01:27:06.7272958Z ├ ○ /account                             3.15 kB         218 kB
verificar · typecheck · unit · build · audit	Build web (export estático)	2026-09-19T01:27:06.7273464Z ├ ○ /legal/privacidad                      164 B         106 kB
verificar · typecheck · unit · build · audit	Build web (export estático)	2026-09-19T01:27:06.7273967Z ├ ○ /legal/terminos                        164 B         106 kB
verificar · typecheck · unit · build · audit	Build web (export estático)	2026-09-19T01:27:06.7274957Z ├ ○ /login                               1.68 kB         216 kB
verificar · typecheck · unit · build · audit	Build web (export estático)	2026-09-19T01:27:06.7275833Z └ ○ /register                            2.41 kB         217 kB
verificar · typecheck · unit · build · audit	Build web (export estático)	2026-09-19T01:27:06.7276282Z + First Load JS shared by all             102 kB
verificar · typecheck · unit · build · audit	Build web (export estático)	2026-09-19T01:27:06.7276708Z   ├ chunks/18-322c3a0465595f76.js        46.4 kB
verificar · typecheck · unit · build · audit	Build web (export estático)	2026-09-19T01:27:06.7277092Z   ├ chunks/87c73c54-0375ba195de27293.js  54.2 kB
verificar · typecheck · unit · build · audit	Build web (export estático)	2026-09-19T01:27:06.7277492Z   └ other shared chunks (total)          1.87 kB
verificar · typecheck · unit · build · audit	Build web (export estático)	2026-09-19T01:27:06.7277700Z 
verificar · typecheck · unit · build · audit	Build web (export estático)	2026-09-19T01:27:06.7277708Z 
verificar · typecheck · unit · build · audit	Build web (export estático)	2026-09-19T01:27:06.7278334Z ○  (Static)  prerendered as static content
verificar · typecheck · unit · build · audit	Build web (export estático)	2026-09-19T01:27:06.7278712Z 
verificar · typecheck · unit · build · audit	npm audit --omit=dev — falla con altos o críticos (WP-01 §2)	﻿2026-09-19T01:27:06.7848178Z ##[group]Run npm run audit:prod
verificar · typecheck · unit · build · audit	npm audit --omit=dev — falla con altos o críticos (WP-01 §2)	2026-09-19T01:27:06.7848540Z ^[[36;1mnpm run audit:prod^[[0m
verificar · typecheck · unit · build · audit	npm audit --omit=dev — falla con altos o críticos (WP-01 §2)	2026-09-19T01:27:06.7886593Z shell: /usr/bin/bash -e {0}
verificar · typecheck · unit · build · audit	npm audit --omit=dev — falla con altos o críticos (WP-01 §2)	2026-09-19T01:27:06.7886877Z ##[endgroup]
verificar · typecheck · unit · build · audit	npm audit --omit=dev — falla con altos o críticos (WP-01 §2)	2026-09-19T01:27:06.8890786Z 
verificar · typecheck · unit · build · audit	npm audit --omit=dev — falla con altos o críticos (WP-01 §2)	2026-09-19T01:27:06.8891517Z > be@0.1.0 audit:prod
verificar · typecheck · unit · build · audit	npm audit --omit=dev — falla con altos o críticos (WP-01 §2)	2026-09-19T01:27:06.8892709Z > npm audit --omit=dev --audit-level=high -w @be/api && npm audit --omit=dev --audit-level=high -w @be/web && npm audit --omit=dev --audit-level=high -w @be/mobile
verificar · typecheck · unit · build · audit	npm audit --omit=dev — falla con altos o críticos (WP-01 §2)	2026-09-19T01:27:06.8893482Z 
verificar · typecheck · unit · build · audit	npm audit --omit=dev — falla con altos o críticos (WP-01 §2)	2026-09-19T01:27:07.5330031Z found 0 vulnerabilities
verificar · typecheck · unit · build · audit	npm audit --omit=dev — falla con altos o críticos (WP-01 §2)	2026-09-19T01:27:08.1633559Z found 0 vulnerabilities
verificar · typecheck · unit · build · audit	npm audit --omit=dev — falla con altos o críticos (WP-01 §2)	2026-09-19T01:27:09.1203566Z # npm audit report
verificar · typecheck · unit · build · audit	npm audit --omit=dev — falla con altos o críticos (WP-01 §2)	2026-09-19T01:27:09.1203932Z 
verificar · typecheck · unit · build · audit	npm audit --omit=dev — falla con altos o críticos (WP-01 §2)	2026-09-19T01:27:09.1204082Z uuid  <11.1.1
verificar · typecheck · unit · build · audit	npm audit --omit=dev — falla con altos o críticos (WP-01 §2)	2026-09-19T01:27:09.1204715Z Severity: moderate
verificar · typecheck · unit · build · audit	npm audit --omit=dev — falla con altos o críticos (WP-01 §2)	2026-09-19T01:27:09.1205797Z uuid: Missing buffer bounds check in v3/v5/v6 when buf is provided - https://github.com/advisories/GHSA-w5hq-g745-h8pq
verificar · typecheck · unit · build · audit	npm audit --omit=dev — falla con altos o críticos (WP-01 §2)	2026-09-19T01:27:09.1206828Z fix available via `npm audit fix --force`
verificar · typecheck · unit · build · audit	npm audit --omit=dev — falla con altos o críticos (WP-01 §2)	2026-09-19T01:27:09.1207504Z Will install expo@46.0.21, which is a breaking change
verificar · typecheck · unit · build · audit	npm audit --omit=dev — falla con altos o críticos (WP-01 §2)	2026-09-19T01:27:09.1208180Z node_modules/uuid
verificar · typecheck · unit · build · audit	npm audit --omit=dev — falla con altos o críticos (WP-01 §2)	2026-09-19T01:27:09.1208560Z   xcode  >=0.9.2
verificar · typecheck · unit · build · audit	npm audit --omit=dev — falla con altos o críticos (WP-01 §2)	2026-09-19T01:27:09.1209001Z   Depends on vulnerable versions of uuid
verificar · typecheck · unit · build · audit	npm audit --omit=dev — falla con altos o críticos (WP-01 §2)	2026-09-19T01:27:09.1209479Z   node_modules/xcode
verificar · typecheck · unit · build · audit	npm audit --omit=dev — falla con altos o críticos (WP-01 §2)	2026-09-19T01:27:09.1209882Z     @expo/config-plugins  *
verificar · typecheck · unit · build · audit	npm audit --omit=dev — falla con altos o críticos (WP-01 §2)	2026-09-19T01:27:09.1210372Z     Depends on vulnerable versions of xcode
verificar · typecheck · unit · build · audit	npm audit --omit=dev — falla con altos o críticos (WP-01 §2)	2026-09-19T01:27:09.1210916Z     node_modules/@expo/config-plugins
verificar · typecheck · unit · build · audit	npm audit --omit=dev — falla con altos o críticos (WP-01 §2)	2026-09-19T01:27:09.1211634Z       @expo/cli  <=0.0.0-canary-20231123-1b19f96-4 || >=0.0.1-canary-20231125-d600e44
verificar · typecheck · unit · build · audit	npm audit --omit=dev — falla con altos o críticos (WP-01 §2)	2026-09-19T01:27:09.1212536Z       Depends on vulnerable versions of @expo/config
verificar · typecheck · unit · build · audit	npm audit --omit=dev — falla con altos o críticos (WP-01 §2)	2026-09-19T01:27:09.1212977Z       Depends on vulnerable versions of @expo/config-plugins
verificar · typecheck · unit · build · audit	npm audit --omit=dev — falla con altos o críticos (WP-01 §2)	2026-09-19T01:27:09.1213424Z       Depends on vulnerable versions of @expo/inline-modules
verificar · typecheck · unit · build · audit	npm audit --omit=dev — falla con altos o críticos (WP-01 §2)	2026-09-19T01:27:09.1213843Z       Depends on vulnerable versions of @expo/metro-config
verificar · typecheck · unit · build · audit	npm audit --omit=dev — falla con altos o críticos (WP-01 §2)	2026-09-19T01:27:09.1214596Z       Depends on vulnerable versions of @expo/prebuild-config
verificar · typecheck · unit · build · audit	npm audit --omit=dev — falla con altos o críticos (WP-01 §2)	2026-09-19T01:27:09.1214988Z       node_modules/@expo/cli
verificar · typecheck · unit · build · audit	npm audit --omit=dev — falla con altos o críticos (WP-01 §2)	2026-09-19T01:27:09.1215343Z         expo  40.0.0-alpha.0 - 40.0.0-beta.5 || >=41.0.0-alpha.0
verificar · typecheck · unit · build · audit	npm audit --omit=dev — falla con altos o críticos (WP-01 §2)	2026-09-19T01:27:09.1215753Z         Depends on vulnerable versions of @expo/cli
verificar · typecheck · unit · build · audit	npm audit --omit=dev — falla con altos o críticos (WP-01 §2)	2026-09-19T01:27:09.1216131Z         Depends on vulnerable versions of @expo/config
verificar · typecheck · unit · build · audit	npm audit --omit=dev — falla con altos o críticos (WP-01 §2)	2026-09-19T01:27:09.1216548Z         Depends on vulnerable versions of @expo/config-plugins
verificar · typecheck · unit · build · audit	npm audit --omit=dev — falla con altos o críticos (WP-01 §2)	2026-09-19T01:27:09.1217039Z         Depends on vulnerable versions of @expo/local-build-cache-provider
verificar · typecheck · unit · build · audit	npm audit --omit=dev — falla con altos o críticos (WP-01 §2)	2026-09-19T01:27:09.1217514Z         Depends on vulnerable versions of @expo/metro-config
verificar · typecheck · unit · build · audit	npm audit --omit=dev — falla con altos o críticos (WP-01 §2)	2026-09-19T01:27:09.1217858Z         node_modules/expo
verificar · typecheck · unit · build · audit	npm audit --omit=dev — falla con altos o críticos (WP-01 §2)	2026-09-19T01:27:09.1218225Z       @expo/config  <=0.0.1-canary-20240418-8d74597 || >=3.3.23-alpha.0
verificar · typecheck · unit · build · audit	npm audit --omit=dev — falla con altos o críticos (WP-01 §2)	2026-09-19T01:27:09.1218920Z       Depends on vulnerable versions of @expo/config-plugins
verificar · typecheck · unit · build · audit	npm audit --omit=dev — falla con altos o críticos (WP-01 §2)	2026-09-19T01:27:09.1219603Z       node_modules/@expo/config
verificar · typecheck · unit · build · audit	npm audit --omit=dev — falla con altos o críticos (WP-01 §2)	2026-09-19T01:27:09.1220145Z         @expo/local-build-cache-provider  *
verificar · typecheck · unit · build · audit	npm audit --omit=dev — falla con altos o críticos (WP-01 §2)	2026-09-19T01:27:09.1220617Z         Depends on vulnerable versions of @expo/config
verificar · typecheck · unit · build · audit	npm audit --omit=dev — falla con altos o críticos (WP-01 §2)	2026-09-19T01:27:09.1221026Z         node_modules/@expo/local-build-cache-provider
verificar · typecheck · unit · build · audit	npm audit --omit=dev — falla con altos o críticos (WP-01 §2)	2026-09-19T01:27:09.1221492Z         @expo/metro-config  <=0.0.1-canary-20240418-8d74597 || >=0.1.49-alpha.0
verificar · typecheck · unit · build · audit	npm audit --omit=dev — falla con altos o críticos (WP-01 §2)	2026-09-19T01:27:09.1221941Z         Depends on vulnerable versions of @expo/config
verificar · typecheck · unit · build · audit	npm audit --omit=dev — falla con altos o críticos (WP-01 §2)	2026-09-19T01:27:09.1222290Z         node_modules/@expo/metro-config
verificar · typecheck · unit · build · audit	npm audit --omit=dev — falla con altos o críticos (WP-01 §2)	2026-09-19T01:27:09.1222659Z       @expo/inline-modules  >=0.0.2-canary-20260409-6fc2991
verificar · typecheck · unit · build · audit	npm audit --omit=dev — falla con altos o críticos (WP-01 §2)	2026-09-19T01:27:09.1223077Z       Depends on vulnerable versions of @expo/config-plugins
verificar · typecheck · unit · build · audit	npm audit --omit=dev — falla con altos o críticos (WP-01 §2)	2026-09-19T01:27:09.1223442Z       node_modules/@expo/inline-modules
verificar · typecheck · unit · build · audit	npm audit --omit=dev — falla con altos o críticos (WP-01 §2)	2026-09-19T01:27:09.1223753Z       @expo/prebuild-config  *
verificar · typecheck · unit · build · audit	npm audit --omit=dev — falla con altos o críticos (WP-01 §2)	2026-09-19T01:27:09.1224077Z       Depends on vulnerable versions of @expo/config
verificar · typecheck · unit · build · audit	npm audit --omit=dev — falla con altos o críticos (WP-01 §2)	2026-09-19T01:27:09.1225495Z       Depends on vulnerable versions of @expo/config-plugins
verificar · typecheck · unit · build · audit	npm audit --omit=dev — falla con altos o críticos (WP-01 §2)	2026-09-19T01:27:09.1225956Z       node_modules/@expo/prebuild-config
verificar · typecheck · unit · build · audit	npm audit --omit=dev — falla con altos o críticos (WP-01 §2)	2026-09-19T01:27:09.1226199Z 
verificar · typecheck · unit · build · audit	npm audit --omit=dev — falla con altos o críticos (WP-01 §2)	2026-09-19T01:27:09.1226401Z 10 moderate severity vulnerabilities
verificar · typecheck · unit · build · audit	npm audit --omit=dev — falla con altos o críticos (WP-01 §2)	2026-09-19T01:27:09.1227195Z 
verificar · typecheck · unit · build · audit	npm audit --omit=dev — falla con altos o críticos (WP-01 §2)	2026-09-19T01:27:09.1227475Z To address issues that do not require attention, run:
verificar · typecheck · unit · build · audit	npm audit --omit=dev — falla con altos o críticos (WP-01 §2)	2026-09-19T01:27:09.1227818Z   npm audit fix
verificar · typecheck · unit · build · audit	npm audit --omit=dev — falla con altos o críticos (WP-01 §2)	2026-09-19T01:27:09.1227943Z 
verificar · typecheck · unit · build · audit	npm audit --omit=dev — falla con altos o críticos (WP-01 §2)	2026-09-19T01:27:09.1228164Z To address all issues (including breaking changes), run:
verificar · typecheck · unit · build · audit	npm audit --omit=dev — falla con altos o críticos (WP-01 §2)	2026-09-19T01:27:09.1228512Z   npm audit fix --force
verificar · typecheck · unit · build · audit	Post Run actions/setup-node@v7	﻿2026-09-19T01:27:09.1513159Z Post job cleanup.
verificar · typecheck · unit · build · audit	Post Run actions/setup-node@v7	2026-09-19T01:27:09.2687488Z Cache hit occurred on the primary key node-cache-Linux-x64-npm-035442b6e162ca43476981c9c2b12aaf09857145993c221f83d7202f95647faa, not saving cache.
verificar · typecheck · unit · build · audit	Post Run actions/checkout@v7	﻿2026-09-19T01:27:09.2860337Z Post job cleanup.
verificar · typecheck · unit · build · audit	Post Run actions/checkout@v7	2026-09-19T01:27:09.3807255Z [command]/usr/bin/git version
verificar · typecheck · unit · build · audit	Post Run actions/checkout@v7	2026-09-19T01:27:09.3862902Z git version 2.55.0
verificar · typecheck · unit · build · audit	Post Run actions/checkout@v7	2026-09-19T01:27:09.3901257Z Temporarily overriding HOME='/home/runner/work/_temp/9e46328c-09b4-4afc-a243-dc857264e4f7' before making global git config changes
verificar · typecheck · unit · build · audit	Post Run actions/checkout@v7	2026-09-19T01:27:09.3902878Z Adding repository directory to the temporary git global config as a safe directory
verificar · typecheck · unit · build · audit	Post Run actions/checkout@v7	2026-09-19T01:27:09.3907215Z [command]/usr/bin/git config --global --add safe.directory /home/runner/work/be/be
verificar · typecheck · unit · build · audit	Post Run actions/checkout@v7	2026-09-19T01:27:09.3944676Z Removing SSH command configuration
verificar · typecheck · unit · build · audit	Post Run actions/checkout@v7	2026-09-19T01:27:09.3951627Z [command]/usr/bin/git config --local --name-only --get-regexp core\.sshCommand
verificar · typecheck · unit · build · audit	Post Run actions/checkout@v7	2026-09-19T01:27:09.3991340Z [command]/usr/bin/git submodule foreach --recursive sh -c "git config --local --name-only --get-regexp 'core\.sshCommand' && git config --local --unset-all 'core.sshCommand' || :"
verificar · typecheck · unit · build · audit	Post Run actions/checkout@v7	2026-09-19T01:27:09.4248593Z Removing HTTP extra header
verificar · typecheck · unit · build · audit	Post Run actions/checkout@v7	2026-09-19T01:27:09.4262257Z [command]/usr/bin/git config --local --name-only --get-regexp http\.https\:\/\/github\.com\/\.extraheader
verificar · typecheck · unit · build · audit	Post Run actions/checkout@v7	2026-09-19T01:27:09.4303448Z [command]/usr/bin/git submodule foreach --recursive sh -c "git config --local --name-only --get-regexp 'http\.https\:\/\/github\.com\/\.extraheader' && git config --local --unset-all 'http.https://github.com/.extraheader' || :"
verificar · typecheck · unit · build · audit	Post Run actions/checkout@v7	2026-09-19T01:27:09.4625878Z Removing includeIf entries pointing to credentials config files
verificar · typecheck · unit · build · audit	Post Run actions/checkout@v7	2026-09-19T01:27:09.4627122Z [command]/usr/bin/git config --local --name-only --get-regexp ^includeIf\.gitdir:
verificar · typecheck · unit · build · audit	Post Run actions/checkout@v7	2026-09-19T01:27:09.4655665Z includeif.gitdir:/home/runner/work/be/be/.git.path
verificar · typecheck · unit · build · audit	Post Run actions/checkout@v7	2026-09-19T01:27:09.4656943Z includeif.gitdir:/home/runner/work/be/be/.git/worktrees/*.path
verificar · typecheck · unit · build · audit	Post Run actions/checkout@v7	2026-09-19T01:27:09.4658206Z includeif.gitdir:/github/workspace/.git.path
verificar · typecheck · unit · build · audit	Post Run actions/checkout@v7	2026-09-19T01:27:09.4659222Z includeif.gitdir:/github/workspace/.git/worktrees/*.path
verificar · typecheck · unit · build · audit	Post Run actions/checkout@v7	2026-09-19T01:27:09.4668227Z [command]/usr/bin/git config --local --get-all includeif.gitdir:/home/runner/work/be/be/.git.path
verificar · typecheck · unit · build · audit	Post Run actions/checkout@v7	2026-09-19T01:27:09.4703466Z /home/runner/work/_temp/git-credentials-81a11921-3ad8-4170-9cc9-c5e37b1f2c4c.config
verificar · typecheck · unit · build · audit	Post Run actions/checkout@v7	2026-09-19T01:27:09.4716204Z [command]/usr/bin/git config --local --unset includeif.gitdir:/home/runner/work/be/be/.git.path \/home\/runner\/work\/_temp\/git\-credentials\-81a11921\-3ad8\-4170\-9cc9\-c5e37b1f2c4c\.config
verificar · typecheck · unit · build · audit	Post Run actions/checkout@v7	2026-09-19T01:27:09.4768085Z [command]/usr/bin/git config --local --get-all includeif.gitdir:/home/runner/work/be/be/.git/worktrees/*.path
verificar · typecheck · unit · build · audit	Post Run actions/checkout@v7	2026-09-19T01:27:09.4800737Z /home/runner/work/_temp/git-credentials-81a11921-3ad8-4170-9cc9-c5e37b1f2c4c.config
verificar · typecheck · unit · build · audit	Post Run actions/checkout@v7	2026-09-19T01:27:09.4816093Z [command]/usr/bin/git config --local --unset includeif.gitdir:/home/runner/work/be/be/.git/worktrees/*.path \/home\/runner\/work\/_temp\/git\-credentials\-81a11921\-3ad8\-4170\-9cc9\-c5e37b1f2c4c\.config
verificar · typecheck · unit · build · audit	Post Run actions/checkout@v7	2026-09-19T01:27:09.4880324Z [command]/usr/bin/git config --local --get-all includeif.gitdir:/github/workspace/.git.path
verificar · typecheck · unit · build · audit	Post Run actions/checkout@v7	2026-09-19T01:27:09.4919528Z /github/runner_temp/git-credentials-81a11921-3ad8-4170-9cc9-c5e37b1f2c4c.config
verificar · typecheck · unit · build · audit	Post Run actions/checkout@v7	2026-09-19T01:27:09.4937105Z [command]/usr/bin/git config --local --unset includeif.gitdir:/github/workspace/.git.path \/github\/runner_temp\/git\-credentials\-81a11921\-3ad8\-4170\-9cc9\-c5e37b1f2c4c\.config
verificar · typecheck · unit · build · audit	Post Run actions/checkout@v7	2026-09-19T01:27:09.4975304Z [command]/usr/bin/git config --local --get-all includeif.gitdir:/github/workspace/.git/worktrees/*.path
verificar · typecheck · unit · build · audit	Post Run actions/checkout@v7	2026-09-19T01:27:09.5005865Z /github/runner_temp/git-credentials-81a11921-3ad8-4170-9cc9-c5e37b1f2c4c.config
verificar · typecheck · unit · build · audit	Post Run actions/checkout@v7	2026-09-19T01:27:09.5030760Z [command]/usr/bin/git config --local --unset includeif.gitdir:/github/workspace/.git/worktrees/*.path \/github\/runner_temp\/git\-credentials\-81a11921\-3ad8\-4170\-9cc9\-c5e37b1f2c4c\.config
verificar · typecheck · unit · build · audit	Post Run actions/checkout@v7	2026-09-19T01:27:09.5097552Z [command]/usr/bin/git submodule foreach --recursive git config --local --show-origin --name-only --get-regexp remote.origin.url
verificar · typecheck · unit · build · audit	Post Run actions/checkout@v7	2026-09-19T01:27:09.5339287Z Removing credentials config '/home/runner/work/_temp/git-credentials-81a11921-3ad8-4170-9cc9-c5e37b1f2c4c.config'
verificar · typecheck · unit · build · audit	Complete job	﻿2026-09-19T01:27:09.5509777Z Cleaning up orphan processes
legajo · hashes SHA-256	Set up job	﻿2026-09-19T01:25:40.3916381Z Current runner version: '2.337.0'
legajo · hashes SHA-256	Set up job	2026-09-19T01:25:40.3943192Z ##[group]Runner Image Provisioner
legajo · hashes SHA-256	Set up job	2026-09-19T01:25:40.3944197Z Hosted Compute Agent
legajo · hashes SHA-256	Set up job	2026-09-19T01:25:40.3944829Z Version: 20260828.587
legajo · hashes SHA-256	Set up job	2026-09-19T01:25:40.3945572Z Commit: abac92662cab4cc7352de4f9f9d2e2419aad9c29
legajo · hashes SHA-256	Set up job	2026-09-19T01:25:40.3946358Z Build Date: 2026-08-28T16:44:25Z
legajo · hashes SHA-256	Set up job	2026-09-19T01:25:40.3947105Z Worker ID: {70925d1c-7ab2-42c3-9863-ea1bebf77212}
legajo · hashes SHA-256	Set up job	2026-09-19T01:25:40.3947917Z Azure Region: eastus
legajo · hashes SHA-256	Set up job	2026-09-19T01:25:40.3948522Z ##[endgroup]
legajo · hashes SHA-256	Set up job	2026-09-19T01:25:40.3950574Z ##[group]Operating System
legajo · hashes SHA-256	Set up job	2026-09-19T01:25:40.3951297Z Ubuntu
legajo · hashes SHA-256	Set up job	2026-09-19T01:25:40.3951847Z 24.04.5
legajo · hashes SHA-256	Set up job	2026-09-19T01:25:40.3952439Z LTS
legajo · hashes SHA-256	Set up job	2026-09-19T01:25:40.3953219Z ##[endgroup]
legajo · hashes SHA-256	Set up job	2026-09-19T01:25:40.3953828Z ##[group]Runner Image
legajo · hashes SHA-256	Set up job	2026-09-19T01:25:40.3954571Z Image: ubuntu-24.04
legajo · hashes SHA-256	Set up job	2026-09-19T01:25:40.3955168Z Version: 20260907.300.1
legajo · hashes SHA-256	Set up job	2026-09-19T01:25:40.3956269Z Included Software: https://github.com/actions/runner-images/blob/ubuntu24/20260907.300/images/ubuntu/Ubuntu2404-Readme.md
legajo · hashes SHA-256	Set up job	2026-09-19T01:25:40.3958141Z Image Release: https://github.com/actions/runner-images/releases/tag/ubuntu24%2F20260907.300
legajo · hashes SHA-256	Set up job	2026-09-19T01:25:40.3959206Z ##[endgroup]
legajo · hashes SHA-256	Set up job	2026-09-19T01:25:40.3960380Z ##[group]GITHUB_TOKEN Permissions
legajo · hashes SHA-256	Set up job	2026-09-19T01:25:40.3962340Z Contents: read
legajo · hashes SHA-256	Set up job	2026-09-19T01:25:40.3963226Z Metadata: read
legajo · hashes SHA-256	Set up job	2026-09-19T01:25:40.3964374Z ##[endgroup]
legajo · hashes SHA-256	Set up job	2026-09-19T01:25:40.3966532Z Secret source: Actions
legajo · hashes SHA-256	Set up job	2026-09-19T01:25:40.3967658Z Cache mode: write
legajo · hashes SHA-256	Set up job	2026-09-19T01:25:40.3968685Z Prepare workflow directory
legajo · hashes SHA-256	Set up job	2026-09-19T01:25:40.4303767Z Prepare all required actions
legajo · hashes SHA-256	Set up job	2026-09-19T01:25:40.4353944Z Getting action download info
legajo · hashes SHA-256	Set up job	2026-09-19T01:25:40.6395800Z Download action repository 'actions/checkout@v7' (SHA:3d3c42e5aac5ba805825da76410c181273ba90b1)
legajo · hashes SHA-256	Set up job	2026-09-19T01:25:40.8448369Z Complete job name: legajo · hashes SHA-256
legajo · hashes SHA-256	Run actions/checkout@v7	﻿2026-09-19T01:25:40.9428834Z ##[group]Run actions/checkout@v7
legajo · hashes SHA-256	Run actions/checkout@v7	2026-09-19T01:25:40.9429761Z with:
legajo · hashes SHA-256	Run actions/checkout@v7	2026-09-19T01:25:40.9430239Z   repository: Elian-Bufi/be
legajo · hashes SHA-256	Run actions/checkout@v7	2026-09-19T01:25:40.9434092Z   token: ***
legajo · hashes SHA-256	Run actions/checkout@v7	2026-09-19T01:25:40.9434604Z   ssh-strict: true
legajo · hashes SHA-256	Run actions/checkout@v7	2026-09-19T01:25:40.9435069Z   ssh-user: git
legajo · hashes SHA-256	Run actions/checkout@v7	2026-09-19T01:25:40.9435534Z   persist-credentials: true
legajo · hashes SHA-256	Run actions/checkout@v7	2026-09-19T01:25:40.9436051Z   clean: true
legajo · hashes SHA-256	Run actions/checkout@v7	2026-09-19T01:25:40.9436522Z   sparse-checkout-cone-mode: true
legajo · hashes SHA-256	Run actions/checkout@v7	2026-09-19T01:25:40.9437085Z   fetch-depth: 1
legajo · hashes SHA-256	Run actions/checkout@v7	2026-09-19T01:25:40.9437540Z   fetch-tags: false
legajo · hashes SHA-256	Run actions/checkout@v7	2026-09-19T01:25:40.9438010Z   show-progress: true
legajo · hashes SHA-256	Run actions/checkout@v7	2026-09-19T01:25:40.9438483Z   lfs: false
legajo · hashes SHA-256	Run actions/checkout@v7	2026-09-19T01:25:40.9438921Z   submodules: false
legajo · hashes SHA-256	Run actions/checkout@v7	2026-09-19T01:25:40.9439391Z   set-safe-directory: true
legajo · hashes SHA-256	Run actions/checkout@v7	2026-09-19T01:25:40.9439924Z   allow-unsafe-pr-checkout: false
legajo · hashes SHA-256	Run actions/checkout@v7	2026-09-19T01:25:40.9440754Z ##[endgroup]
legajo · hashes SHA-256	Run actions/checkout@v7	2026-09-19T01:25:41.0479809Z Syncing repository: Elian-Bufi/be
legajo · hashes SHA-256	Run actions/checkout@v7	2026-09-19T01:25:41.0481739Z ##[group]Getting Git version info
legajo · hashes SHA-256	Run actions/checkout@v7	2026-09-19T01:25:41.0482797Z Working directory is '/home/runner/work/be/be'
legajo · hashes SHA-256	Run actions/checkout@v7	2026-09-19T01:25:41.0483944Z [command]/usr/bin/git version
legajo · hashes SHA-256	Run actions/checkout@v7	2026-09-19T01:25:41.0566589Z git version 2.55.0
legajo · hashes SHA-256	Run actions/checkout@v7	2026-09-19T01:25:41.0597013Z ##[endgroup]
legajo · hashes SHA-256	Run actions/checkout@v7	2026-09-19T01:25:41.0611106Z Temporarily overriding HOME='/home/runner/work/_temp/0649ad82-982d-4590-834d-49c9b420f828' before making global git config changes
legajo · hashes SHA-256	Run actions/checkout@v7	2026-09-19T01:25:41.0614245Z Adding repository directory to the temporary git global config as a safe directory
legajo · hashes SHA-256	Run actions/checkout@v7	2026-09-19T01:25:41.0620577Z [command]/usr/bin/git config --global --add safe.directory /home/runner/work/be/be
legajo · hashes SHA-256	Run actions/checkout@v7	2026-09-19T01:25:41.0685759Z Deleting the contents of '/home/runner/work/be/be'
legajo · hashes SHA-256	Run actions/checkout@v7	2026-09-19T01:25:41.0690503Z ##[group]Determining repository object format
legajo · hashes SHA-256	Run actions/checkout@v7	2026-09-19T01:25:41.0692396Z ##[endgroup]
legajo · hashes SHA-256	Run actions/checkout@v7	2026-09-19T01:25:41.0694021Z ##[group]Initializing the repository
legajo · hashes SHA-256	Run actions/checkout@v7	2026-09-19T01:25:41.0698531Z [command]/usr/bin/git init /home/runner/work/be/be
legajo · hashes SHA-256	Run actions/checkout@v7	2026-09-19T01:25:41.0815873Z hint: Using 'master' as the name for the initial branch. This default branch name
legajo · hashes SHA-256	Run actions/checkout@v7	2026-09-19T01:25:41.0817949Z hint: will change to "main" in Git 3.0. To configure the initial branch name
legajo · hashes SHA-256	Run actions/checkout@v7	2026-09-19T01:25:41.0820176Z hint: to use in all of your new repositories, which will suppress this warning,
legajo · hashes SHA-256	Run actions/checkout@v7	2026-09-19T01:25:41.0821925Z hint: call:
legajo · hashes SHA-256	Run actions/checkout@v7	2026-09-19T01:25:41.0822871Z hint:
legajo · hashes SHA-256	Run actions/checkout@v7	2026-09-19T01:25:41.0823718Z hint: 	git config --global init.defaultBranch <name>
legajo · hashes SHA-256	Run actions/checkout@v7	2026-09-19T01:25:41.0824832Z hint:
legajo · hashes SHA-256	Run actions/checkout@v7	2026-09-19T01:25:41.0825886Z hint: Names commonly chosen instead of 'master' are 'main', 'trunk' and
legajo · hashes SHA-256	Run actions/checkout@v7	2026-09-19T01:25:41.0827577Z hint: 'development'. The just-created branch can be renamed via this command:
legajo · hashes SHA-256	Run actions/checkout@v7	2026-09-19T01:25:41.0828936Z hint:
legajo · hashes SHA-256	Run actions/checkout@v7	2026-09-19T01:25:41.0829689Z hint: 	git branch -m <name>
legajo · hashes SHA-256	Run actions/checkout@v7	2026-09-19T01:25:41.0830557Z hint:
legajo · hashes SHA-256	Run actions/checkout@v7	2026-09-19T01:25:41.0831594Z hint: Disable this message with "git config set advice.defaultBranchName false"
legajo · hashes SHA-256	Run actions/checkout@v7	2026-09-19T01:25:41.0833347Z Initialized empty Git repository in /home/runner/work/be/be/.git/
legajo · hashes SHA-256	Run actions/checkout@v7	2026-09-19T01:25:41.0836522Z [command]/usr/bin/git remote add origin https://github.com/Elian-Bufi/be
legajo · hashes SHA-256	Run actions/checkout@v7	2026-09-19T01:25:41.0889737Z ##[endgroup]
legajo · hashes SHA-256	Run actions/checkout@v7	2026-09-19T01:25:41.0891232Z ##[group]Disabling automatic garbage collection
legajo · hashes SHA-256	Run actions/checkout@v7	2026-09-19T01:25:41.0893349Z [command]/usr/bin/git config --local gc.auto 0
legajo · hashes SHA-256	Run actions/checkout@v7	2026-09-19T01:25:41.0932225Z ##[endgroup]
legajo · hashes SHA-256	Run actions/checkout@v7	2026-09-19T01:25:41.0934286Z ##[group]Setting up auth
legajo · hashes SHA-256	Run actions/checkout@v7	2026-09-19T01:25:41.0935445Z Removing SSH command configuration
legajo · hashes SHA-256	Run actions/checkout@v7	2026-09-19T01:25:41.0941324Z [command]/usr/bin/git config --local --name-only --get-regexp core\.sshCommand
legajo · hashes SHA-256	Run actions/checkout@v7	2026-09-19T01:25:41.0985252Z [command]/usr/bin/git submodule foreach --recursive sh -c "git config --local --name-only --get-regexp 'core\.sshCommand' && git config --local --unset-all 'core.sshCommand' || :"
legajo · hashes SHA-256	Run actions/checkout@v7	2026-09-19T01:25:41.1355244Z Removing HTTP extra header
legajo · hashes SHA-256	Run actions/checkout@v7	2026-09-19T01:25:41.1361627Z [command]/usr/bin/git config --local --name-only --get-regexp http\.https\:\/\/github\.com\/\.extraheader
legajo · hashes SHA-256	Run actions/checkout@v7	2026-09-19T01:25:41.1398809Z [command]/usr/bin/git submodule foreach --recursive sh -c "git config --local --name-only --get-regexp 'http\.https\:\/\/github\.com\/\.extraheader' && git config --local --unset-all 'http.https://github.com/.extraheader' || :"
legajo · hashes SHA-256	Run actions/checkout@v7	2026-09-19T01:25:41.1629255Z Removing includeIf entries pointing to credentials config files
legajo · hashes SHA-256	Run actions/checkout@v7	2026-09-19T01:25:41.1635371Z [command]/usr/bin/git config --local --name-only --get-regexp ^includeIf\.gitdir:
legajo · hashes SHA-256	Run actions/checkout@v7	2026-09-19T01:25:41.1672950Z [command]/usr/bin/git submodule foreach --recursive git config --local --show-origin --name-only --get-regexp remote.origin.url
legajo · hashes SHA-256	Run actions/checkout@v7	2026-09-19T01:25:41.1907818Z [command]/usr/bin/git config --file /home/runner/work/_temp/git-credentials-f0e73fb4-236c-48c9-81eb-e01888be33a1.config http.https://github.com/.extraheader AUTHORIZATION: basic ***
legajo · hashes SHA-256	Run actions/checkout@v7	2026-09-19T01:25:41.1952419Z [command]/usr/bin/git config --local includeIf.gitdir:/home/runner/work/be/be/.git.path /home/runner/work/_temp/git-credentials-f0e73fb4-236c-48c9-81eb-e01888be33a1.config
legajo · hashes SHA-256	Run actions/checkout@v7	2026-09-19T01:25:41.1987555Z [command]/usr/bin/git config --local includeIf.gitdir:/home/runner/work/be/be/.git/worktrees/*.path /home/runner/work/_temp/git-credentials-f0e73fb4-236c-48c9-81eb-e01888be33a1.config
legajo · hashes SHA-256	Run actions/checkout@v7	2026-09-19T01:25:41.2035780Z [command]/usr/bin/git config --local includeIf.gitdir:/github/workspace/.git.path /github/runner_temp/git-credentials-f0e73fb4-236c-48c9-81eb-e01888be33a1.config
legajo · hashes SHA-256	Run actions/checkout@v7	2026-09-19T01:25:41.2071879Z [command]/usr/bin/git config --local includeIf.gitdir:/github/workspace/.git/worktrees/*.path /github/runner_temp/git-credentials-f0e73fb4-236c-48c9-81eb-e01888be33a1.config
legajo · hashes SHA-256	Run actions/checkout@v7	2026-09-19T01:25:41.2104333Z ##[endgroup]
legajo · hashes SHA-256	Run actions/checkout@v7	2026-09-19T01:25:41.2105144Z ##[group]Fetching the repository
legajo · hashes SHA-256	Run actions/checkout@v7	2026-09-19T01:25:41.2111813Z [command]/usr/bin/git -c protocol.version=2 fetch --no-tags --prune --no-recurse-submodules --depth=1 origin +c09bfa046ccbdc9bdab018fe9005b00e0f5e6819:refs/remotes/origin/main
legajo · hashes SHA-256	Run actions/checkout@v7	2026-09-19T01:25:41.6093060Z From https://github.com/Elian-Bufi/be
legajo · hashes SHA-256	Run actions/checkout@v7	2026-09-19T01:25:41.6095328Z  * [new ref]         c09bfa046ccbdc9bdab018fe9005b00e0f5e6819 -> origin/main
legajo · hashes SHA-256	Run actions/checkout@v7	2026-09-19T01:25:41.6104590Z [command]/usr/bin/git branch --list --remote origin/main
legajo · hashes SHA-256	Run actions/checkout@v7	2026-09-19T01:25:41.6140260Z   origin/main
legajo · hashes SHA-256	Run actions/checkout@v7	2026-09-19T01:25:41.6149319Z [command]/usr/bin/git rev-parse refs/remotes/origin/main
legajo · hashes SHA-256	Run actions/checkout@v7	2026-09-19T01:25:41.6184535Z c09bfa046ccbdc9bdab018fe9005b00e0f5e6819
legajo · hashes SHA-256	Run actions/checkout@v7	2026-09-19T01:25:41.6189490Z ##[endgroup]
legajo · hashes SHA-256	Run actions/checkout@v7	2026-09-19T01:25:41.6191055Z ##[group]Determining the checkout info
legajo · hashes SHA-256	Run actions/checkout@v7	2026-09-19T01:25:41.6192301Z ##[endgroup]
legajo · hashes SHA-256	Run actions/checkout@v7	2026-09-19T01:25:41.6198957Z [command]/usr/bin/git sparse-checkout disable
legajo · hashes SHA-256	Run actions/checkout@v7	2026-09-19T01:25:41.6267706Z [command]/usr/bin/git config --local --unset-all extensions.worktreeConfig
legajo · hashes SHA-256	Run actions/checkout@v7	2026-09-19T01:25:41.6312835Z ##[group]Checking out the ref
legajo · hashes SHA-256	Run actions/checkout@v7	2026-09-19T01:25:41.6318955Z [command]/usr/bin/git checkout --progress --force -B main refs/remotes/origin/main
legajo · hashes SHA-256	Run actions/checkout@v7	2026-09-19T01:25:41.7080243Z Switched to a new branch 'main'
legajo · hashes SHA-256	Run actions/checkout@v7	2026-09-19T01:25:41.7084490Z branch 'main' set up to track 'origin/main'.
legajo · hashes SHA-256	Run actions/checkout@v7	2026-09-19T01:25:41.7097417Z ##[endgroup]
legajo · hashes SHA-256	Run actions/checkout@v7	2026-09-19T01:25:41.7149818Z [command]/usr/bin/git log -1 --format=%H
legajo · hashes SHA-256	Run actions/checkout@v7	2026-09-19T01:25:41.7181658Z c09bfa046ccbdc9bdab018fe9005b00e0f5e6819
legajo · hashes SHA-256	Verificar docs/MANIFEST.sha256 (salvo lo no publicado por Dirección)	﻿2026-09-19T01:25:41.7423259Z ##[group]Run bash scripts/verificar-legajo.sh
legajo · hashes SHA-256	Verificar docs/MANIFEST.sha256 (salvo lo no publicado por Dirección)	2026-09-19T01:25:41.7424201Z ^[[36;1mbash scripts/verificar-legajo.sh^[[0m
legajo · hashes SHA-256	Verificar docs/MANIFEST.sha256 (salvo lo no publicado por Dirección)	2026-09-19T01:25:41.7467063Z shell: /usr/bin/bash -e {0}
legajo · hashes SHA-256	Verificar docs/MANIFEST.sha256 (salvo lo no publicado por Dirección)	2026-09-19T01:25:41.7467763Z ##[endgroup]
legajo · hashes SHA-256	Verificar docs/MANIFEST.sha256 (salvo lo no publicado por Dirección)	2026-09-19T01:25:41.7841643Z legajo íntegro - 207 de 208 entradas verificadas byte a byte; 1 no publicada(s) por decisión de Dirección
legajo · hashes SHA-256	Post Run actions/checkout@v7	﻿2026-09-19T01:25:41.8036243Z Post job cleanup.
legajo · hashes SHA-256	Post Run actions/checkout@v7	2026-09-19T01:25:41.8971122Z [command]/usr/bin/git version
legajo · hashes SHA-256	Post Run actions/checkout@v7	2026-09-19T01:25:41.9028225Z git version 2.55.0
legajo · hashes SHA-256	Post Run actions/checkout@v7	2026-09-19T01:25:41.9078344Z Temporarily overriding HOME='/home/runner/work/_temp/4c741c9f-ac26-4837-a179-1b2bf2e03d37' before making global git config changes
legajo · hashes SHA-256	Post Run actions/checkout@v7	2026-09-19T01:25:41.9081425Z Adding repository directory to the temporary git global config as a safe directory
legajo · hashes SHA-256	Post Run actions/checkout@v7	2026-09-19T01:25:41.9103950Z [command]/usr/bin/git config --global --add safe.directory /home/runner/work/be/be
legajo · hashes SHA-256	Post Run actions/checkout@v7	2026-09-19T01:25:41.9125798Z Removing SSH command configuration
legajo · hashes SHA-256	Post Run actions/checkout@v7	2026-09-19T01:25:41.9127638Z [command]/usr/bin/git config --local --name-only --get-regexp core\.sshCommand
legajo · hashes SHA-256	Post Run actions/checkout@v7	2026-09-19T01:25:41.9171517Z [command]/usr/bin/git submodule foreach --recursive sh -c "git config --local --name-only --get-regexp 'core\.sshCommand' && git config --local --unset-all 'core.sshCommand' || :"
legajo · hashes SHA-256	Post Run actions/checkout@v7	2026-09-19T01:25:41.9430326Z Removing HTTP extra header
legajo · hashes SHA-256	Post Run actions/checkout@v7	2026-09-19T01:25:41.9437471Z [command]/usr/bin/git config --local --name-only --get-regexp http\.https\:\/\/github\.com\/\.extraheader
legajo · hashes SHA-256	Post Run actions/checkout@v7	2026-09-19T01:25:41.9483592Z [command]/usr/bin/git submodule foreach --recursive sh -c "git config --local --name-only --get-regexp 'http\.https\:\/\/github\.com\/\.extraheader' && git config --local --unset-all 'http.https://github.com/.extraheader' || :"
legajo · hashes SHA-256	Post Run actions/checkout@v7	2026-09-19T01:25:41.9750573Z Removing includeIf entries pointing to credentials config files
legajo · hashes SHA-256	Post Run actions/checkout@v7	2026-09-19T01:25:41.9757311Z [command]/usr/bin/git config --local --name-only --get-regexp ^includeIf\.gitdir:
legajo · hashes SHA-256	Post Run actions/checkout@v7	2026-09-19T01:25:41.9795139Z includeif.gitdir:/home/runner/work/be/be/.git.path
legajo · hashes SHA-256	Post Run actions/checkout@v7	2026-09-19T01:25:41.9796890Z includeif.gitdir:/home/runner/work/be/be/.git/worktrees/*.path
legajo · hashes SHA-256	Post Run actions/checkout@v7	2026-09-19T01:25:41.9798652Z includeif.gitdir:/github/workspace/.git.path
legajo · hashes SHA-256	Post Run actions/checkout@v7	2026-09-19T01:25:41.9800187Z includeif.gitdir:/github/workspace/.git/worktrees/*.path
legajo · hashes SHA-256	Post Run actions/checkout@v7	2026-09-19T01:25:41.9806566Z [command]/usr/bin/git config --local --get-all includeif.gitdir:/home/runner/work/be/be/.git.path
legajo · hashes SHA-256	Post Run actions/checkout@v7	2026-09-19T01:25:41.9842336Z /home/runner/work/_temp/git-credentials-f0e73fb4-236c-48c9-81eb-e01888be33a1.config
legajo · hashes SHA-256	Post Run actions/checkout@v7	2026-09-19T01:25:41.9858011Z [command]/usr/bin/git config --local --unset includeif.gitdir:/home/runner/work/be/be/.git.path \/home\/runner\/work\/_temp\/git\-credentials\-f0e73fb4\-236c\-48c9\-81eb\-e01888be33a1\.config
legajo · hashes SHA-256	Post Run actions/checkout@v7	2026-09-19T01:25:41.9906027Z [command]/usr/bin/git config --local --get-all includeif.gitdir:/home/runner/work/be/be/.git/worktrees/*.path
legajo · hashes SHA-256	Post Run actions/checkout@v7	2026-09-19T01:25:41.9937950Z /home/runner/work/_temp/git-credentials-f0e73fb4-236c-48c9-81eb-e01888be33a1.config
legajo · hashes SHA-256	Post Run actions/checkout@v7	2026-09-19T01:25:41.9964959Z [command]/usr/bin/git config --local --unset includeif.gitdir:/home/runner/work/be/be/.git/worktrees/*.path \/home\/runner\/work\/_temp\/git\-credentials\-f0e73fb4\-236c\-48c9\-81eb\-e01888be33a1\.config
legajo · hashes SHA-256	Post Run actions/checkout@v7	2026-09-19T01:25:42.0003841Z [command]/usr/bin/git config --local --get-all includeif.gitdir:/github/workspace/.git.path
legajo · hashes SHA-256	Post Run actions/checkout@v7	2026-09-19T01:25:42.0031809Z /github/runner_temp/git-credentials-f0e73fb4-236c-48c9-81eb-e01888be33a1.config
legajo · hashes SHA-256	Post Run actions/checkout@v7	2026-09-19T01:25:42.0040163Z [command]/usr/bin/git config --local --unset includeif.gitdir:/github/workspace/.git.path \/github\/runner_temp\/git\-credentials\-f0e73fb4\-236c\-48c9\-81eb\-e01888be33a1\.config
legajo · hashes SHA-256	Post Run actions/checkout@v7	2026-09-19T01:25:42.0075729Z [command]/usr/bin/git config --local --get-all includeif.gitdir:/github/workspace/.git/worktrees/*.path
legajo · hashes SHA-256	Post Run actions/checkout@v7	2026-09-19T01:25:42.0101417Z /github/runner_temp/git-credentials-f0e73fb4-236c-48c9-81eb-e01888be33a1.config
legajo · hashes SHA-256	Post Run actions/checkout@v7	2026-09-19T01:25:42.0109793Z [command]/usr/bin/git config --local --unset includeif.gitdir:/github/workspace/.git/worktrees/*.path \/github\/runner_temp\/git\-credentials\-f0e73fb4\-236c\-48c9\-81eb\-e01888be33a1\.config
legajo · hashes SHA-256	Post Run actions/checkout@v7	2026-09-19T01:25:42.0147013Z [command]/usr/bin/git submodule foreach --recursive git config --local --show-origin --name-only --get-regexp remote.origin.url
legajo · hashes SHA-256	Post Run actions/checkout@v7	2026-09-19T01:25:42.0374327Z Removing credentials config '/home/runner/work/_temp/git-credentials-f0e73fb4-236c-48c9-81eb-e01888be33a1.config'
legajo · hashes SHA-256	Complete job	﻿2026-09-19T01:25:42.0604836Z Cleaning up orphan processes
