imagen API · migrate deploy + readiness (ASR-09)	Set up job	﻿2026-09-19T04:14:32.1927469Z Current runner version: '2.337.0'
imagen API · migrate deploy + readiness (ASR-09)	Set up job	2026-09-19T04:14:32.1954339Z ##[group]Runner Image Provisioner
imagen API · migrate deploy + readiness (ASR-09)	Set up job	2026-09-19T04:14:32.1955284Z Hosted Compute Agent
imagen API · migrate deploy + readiness (ASR-09)	Set up job	2026-09-19T04:14:32.1955982Z Version: 20260828.587
imagen API · migrate deploy + readiness (ASR-09)	Set up job	2026-09-19T04:14:32.1956699Z Commit: abac92662cab4cc7352de4f9f9d2e2419aad9c29
imagen API · migrate deploy + readiness (ASR-09)	Set up job	2026-09-19T04:14:32.1957460Z Build Date: 2026-08-28T16:44:25Z
imagen API · migrate deploy + readiness (ASR-09)	Set up job	2026-09-19T04:14:32.1958191Z Worker ID: {2884401d-b0d6-41ec-b758-b42513fa7cfa}
imagen API · migrate deploy + readiness (ASR-09)	Set up job	2026-09-19T04:14:32.1959017Z Azure Region: westcentralus
imagen API · migrate deploy + readiness (ASR-09)	Set up job	2026-09-19T04:14:32.1959693Z ##[endgroup]
imagen API · migrate deploy + readiness (ASR-09)	Set up job	2026-09-19T04:14:32.1961808Z ##[group]Operating System
imagen API · migrate deploy + readiness (ASR-09)	Set up job	2026-09-19T04:14:32.1962564Z Ubuntu
imagen API · migrate deploy + readiness (ASR-09)	Set up job	2026-09-19T04:14:32.1963078Z 24.04.5
imagen API · migrate deploy + readiness (ASR-09)	Set up job	2026-09-19T04:14:32.1964135Z LTS
imagen API · migrate deploy + readiness (ASR-09)	Set up job	2026-09-19T04:14:32.1964704Z ##[endgroup]
imagen API · migrate deploy + readiness (ASR-09)	Set up job	2026-09-19T04:14:32.1965321Z ##[group]Runner Image
imagen API · migrate deploy + readiness (ASR-09)	Set up job	2026-09-19T04:14:32.1965983Z Image: ubuntu-24.04
imagen API · migrate deploy + readiness (ASR-09)	Set up job	2026-09-19T04:14:32.1966587Z Version: 20260907.300.1
imagen API · migrate deploy + readiness (ASR-09)	Set up job	2026-09-19T04:14:32.1967721Z Included Software: https://github.com/actions/runner-images/blob/ubuntu24/20260907.300/images/ubuntu/Ubuntu2404-Readme.md
imagen API · migrate deploy + readiness (ASR-09)	Set up job	2026-09-19T04:14:32.1969602Z Image Release: https://github.com/actions/runner-images/releases/tag/ubuntu24%2F20260907.300
imagen API · migrate deploy + readiness (ASR-09)	Set up job	2026-09-19T04:14:32.1970657Z ##[endgroup]
imagen API · migrate deploy + readiness (ASR-09)	Set up job	2026-09-19T04:14:32.1972408Z ##[group]GITHUB_TOKEN Permissions
imagen API · migrate deploy + readiness (ASR-09)	Set up job	2026-09-19T04:14:32.1974697Z Contents: read
imagen API · migrate deploy + readiness (ASR-09)	Set up job	2026-09-19T04:14:32.1975368Z Metadata: read
imagen API · migrate deploy + readiness (ASR-09)	Set up job	2026-09-19T04:14:32.1976080Z ##[endgroup]
imagen API · migrate deploy + readiness (ASR-09)	Set up job	2026-09-19T04:14:32.1978251Z Secret source: Actions
imagen API · migrate deploy + readiness (ASR-09)	Set up job	2026-09-19T04:14:32.1979350Z Cache mode: write
imagen API · migrate deploy + readiness (ASR-09)	Set up job	2026-09-19T04:14:32.1980103Z Prepare workflow directory
imagen API · migrate deploy + readiness (ASR-09)	Set up job	2026-09-19T04:14:32.2391885Z Prepare all required actions
imagen API · migrate deploy + readiness (ASR-09)	Set up job	2026-09-19T04:14:32.2440186Z Getting action download info
imagen API · migrate deploy + readiness (ASR-09)	Set up job	2026-09-19T04:14:32.5438628Z Download action repository 'actions/checkout@v7' (SHA:3d3c42e5aac5ba805825da76410c181273ba90b1)
imagen API · migrate deploy + readiness (ASR-09)	Set up job	2026-09-19T04:14:32.7686704Z Complete job name: imagen API · migrate deploy + readiness (ASR-09)
imagen API · migrate deploy + readiness (ASR-09)	Run actions/checkout@v7	﻿2026-09-19T04:14:32.8482455Z ##[group]Run actions/checkout@v7
imagen API · migrate deploy + readiness (ASR-09)	Run actions/checkout@v7	2026-09-19T04:14:32.8483393Z with:
imagen API · migrate deploy + readiness (ASR-09)	Run actions/checkout@v7	2026-09-19T04:14:32.8483870Z   repository: Elian-Bufi/be
imagen API · migrate deploy + readiness (ASR-09)	Run actions/checkout@v7	2026-09-19T04:14:32.8487611Z   token: ***
imagen API · migrate deploy + readiness (ASR-09)	Run actions/checkout@v7	2026-09-19T04:14:32.8488067Z   ssh-strict: true
imagen API · migrate deploy + readiness (ASR-09)	Run actions/checkout@v7	2026-09-19T04:14:32.8488537Z   ssh-user: git
imagen API · migrate deploy + readiness (ASR-09)	Run actions/checkout@v7	2026-09-19T04:14:32.8488996Z   persist-credentials: true
imagen API · migrate deploy + readiness (ASR-09)	Run actions/checkout@v7	2026-09-19T04:14:32.8489507Z   clean: true
imagen API · migrate deploy + readiness (ASR-09)	Run actions/checkout@v7	2026-09-19T04:14:32.8489967Z   sparse-checkout-cone-mode: true
imagen API · migrate deploy + readiness (ASR-09)	Run actions/checkout@v7	2026-09-19T04:14:32.8490505Z   fetch-depth: 1
imagen API · migrate deploy + readiness (ASR-09)	Run actions/checkout@v7	2026-09-19T04:14:32.8491412Z   fetch-tags: false
imagen API · migrate deploy + readiness (ASR-09)	Run actions/checkout@v7	2026-09-19T04:14:32.8491908Z   show-progress: true
imagen API · migrate deploy + readiness (ASR-09)	Run actions/checkout@v7	2026-09-19T04:14:32.8492375Z   lfs: false
imagen API · migrate deploy + readiness (ASR-09)	Run actions/checkout@v7	2026-09-19T04:14:32.8492807Z   submodules: false
imagen API · migrate deploy + readiness (ASR-09)	Run actions/checkout@v7	2026-09-19T04:14:32.8493277Z   set-safe-directory: true
imagen API · migrate deploy + readiness (ASR-09)	Run actions/checkout@v7	2026-09-19T04:14:32.8493808Z   allow-unsafe-pr-checkout: false
imagen API · migrate deploy + readiness (ASR-09)	Run actions/checkout@v7	2026-09-19T04:14:32.8494713Z ##[endgroup]
imagen API · migrate deploy + readiness (ASR-09)	Run actions/checkout@v7	2026-09-19T04:14:32.9524747Z Syncing repository: Elian-Bufi/be
imagen API · migrate deploy + readiness (ASR-09)	Run actions/checkout@v7	2026-09-19T04:14:32.9527654Z ##[group]Getting Git version info
imagen API · migrate deploy + readiness (ASR-09)	Run actions/checkout@v7	2026-09-19T04:14:32.9528710Z Working directory is '/home/runner/work/be/be'
imagen API · migrate deploy + readiness (ASR-09)	Run actions/checkout@v7	2026-09-19T04:14:32.9530339Z [command]/usr/bin/git version
imagen API · migrate deploy + readiness (ASR-09)	Run actions/checkout@v7	2026-09-19T04:14:32.9618022Z git version 2.55.0
imagen API · migrate deploy + readiness (ASR-09)	Run actions/checkout@v7	2026-09-19T04:14:32.9647326Z ##[endgroup]
imagen API · migrate deploy + readiness (ASR-09)	Run actions/checkout@v7	2026-09-19T04:14:32.9659561Z Temporarily overriding HOME='/home/runner/work/_temp/6d2c4e28-89d2-4378-98d8-ddfaa6234719' before making global git config changes
imagen API · migrate deploy + readiness (ASR-09)	Run actions/checkout@v7	2026-09-19T04:14:32.9662369Z Adding repository directory to the temporary git global config as a safe directory
imagen API · migrate deploy + readiness (ASR-09)	Run actions/checkout@v7	2026-09-19T04:14:32.9666626Z [command]/usr/bin/git config --global --add safe.directory /home/runner/work/be/be
imagen API · migrate deploy + readiness (ASR-09)	Run actions/checkout@v7	2026-09-19T04:14:32.9722072Z Deleting the contents of '/home/runner/work/be/be'
imagen API · migrate deploy + readiness (ASR-09)	Run actions/checkout@v7	2026-09-19T04:14:32.9725890Z ##[group]Determining repository object format
imagen API · migrate deploy + readiness (ASR-09)	Run actions/checkout@v7	2026-09-19T04:14:32.9727559Z ##[endgroup]
imagen API · migrate deploy + readiness (ASR-09)	Run actions/checkout@v7	2026-09-19T04:14:32.9728807Z ##[group]Initializing the repository
imagen API · migrate deploy + readiness (ASR-09)	Run actions/checkout@v7	2026-09-19T04:14:32.9732267Z [command]/usr/bin/git init /home/runner/work/be/be
imagen API · migrate deploy + readiness (ASR-09)	Run actions/checkout@v7	2026-09-19T04:14:32.9877917Z hint: Using 'master' as the name for the initial branch. This default branch name
imagen API · migrate deploy + readiness (ASR-09)	Run actions/checkout@v7	2026-09-19T04:14:32.9879695Z hint: will change to "main" in Git 3.0. To configure the initial branch name
imagen API · migrate deploy + readiness (ASR-09)	Run actions/checkout@v7	2026-09-19T04:14:32.9881508Z hint: to use in all of your new repositories, which will suppress this warning,
imagen API · migrate deploy + readiness (ASR-09)	Run actions/checkout@v7	2026-09-19T04:14:32.9883125Z hint: call:
imagen API · migrate deploy + readiness (ASR-09)	Run actions/checkout@v7	2026-09-19T04:14:32.9883884Z hint:
imagen API · migrate deploy + readiness (ASR-09)	Run actions/checkout@v7	2026-09-19T04:14:32.9884706Z hint: 	git config --global init.defaultBranch <name>
imagen API · migrate deploy + readiness (ASR-09)	Run actions/checkout@v7	2026-09-19T04:14:32.9885685Z hint:
imagen API · migrate deploy + readiness (ASR-09)	Run actions/checkout@v7	2026-09-19T04:14:32.9886597Z hint: Names commonly chosen instead of 'master' are 'main', 'trunk' and
imagen API · migrate deploy + readiness (ASR-09)	Run actions/checkout@v7	2026-09-19T04:14:32.9888176Z hint: 'development'. The just-created branch can be renamed via this command:
imagen API · migrate deploy + readiness (ASR-09)	Run actions/checkout@v7	2026-09-19T04:14:32.9889433Z hint:
imagen API · migrate deploy + readiness (ASR-09)	Run actions/checkout@v7	2026-09-19T04:14:32.9890091Z hint: 	git branch -m <name>
imagen API · migrate deploy + readiness (ASR-09)	Run actions/checkout@v7	2026-09-19T04:14:32.9891065Z hint:
imagen API · migrate deploy + readiness (ASR-09)	Run actions/checkout@v7	2026-09-19T04:14:32.9892080Z hint: Disable this message with "git config set advice.defaultBranchName false"
imagen API · migrate deploy + readiness (ASR-09)	Run actions/checkout@v7	2026-09-19T04:14:32.9894100Z Initialized empty Git repository in /home/runner/work/be/be/.git/
imagen API · migrate deploy + readiness (ASR-09)	Run actions/checkout@v7	2026-09-19T04:14:32.9897805Z [command]/usr/bin/git remote add origin https://github.com/Elian-Bufi/be
imagen API · migrate deploy + readiness (ASR-09)	Run actions/checkout@v7	2026-09-19T04:14:32.9955763Z ##[endgroup]
imagen API · migrate deploy + readiness (ASR-09)	Run actions/checkout@v7	2026-09-19T04:14:32.9957282Z ##[group]Disabling automatic garbage collection
imagen API · migrate deploy + readiness (ASR-09)	Run actions/checkout@v7	2026-09-19T04:14:32.9961485Z [command]/usr/bin/git config --local gc.auto 0
imagen API · migrate deploy + readiness (ASR-09)	Run actions/checkout@v7	2026-09-19T04:14:33.0001270Z ##[endgroup]
imagen API · migrate deploy + readiness (ASR-09)	Run actions/checkout@v7	2026-09-19T04:14:33.0002673Z ##[group]Setting up auth
imagen API · migrate deploy + readiness (ASR-09)	Run actions/checkout@v7	2026-09-19T04:14:33.0003647Z Removing SSH command configuration
imagen API · migrate deploy + readiness (ASR-09)	Run actions/checkout@v7	2026-09-19T04:14:33.0008738Z [command]/usr/bin/git config --local --name-only --get-regexp core\.sshCommand
imagen API · migrate deploy + readiness (ASR-09)	Run actions/checkout@v7	2026-09-19T04:14:33.0047959Z [command]/usr/bin/git submodule foreach --recursive sh -c "git config --local --name-only --get-regexp 'core\.sshCommand' && git config --local --unset-all 'core.sshCommand' || :"
imagen API · migrate deploy + readiness (ASR-09)	Run actions/checkout@v7	2026-09-19T04:14:33.0474567Z Removing HTTP extra header
imagen API · migrate deploy + readiness (ASR-09)	Run actions/checkout@v7	2026-09-19T04:14:33.0480127Z [command]/usr/bin/git config --local --name-only --get-regexp http\.https\:\/\/github\.com\/\.extraheader
imagen API · migrate deploy + readiness (ASR-09)	Run actions/checkout@v7	2026-09-19T04:14:33.0516928Z [command]/usr/bin/git submodule foreach --recursive sh -c "git config --local --name-only --get-regexp 'http\.https\:\/\/github\.com\/\.extraheader' && git config --local --unset-all 'http.https://github.com/.extraheader' || :"
imagen API · migrate deploy + readiness (ASR-09)	Run actions/checkout@v7	2026-09-19T04:14:33.0738963Z Removing includeIf entries pointing to credentials config files
imagen API · migrate deploy + readiness (ASR-09)	Run actions/checkout@v7	2026-09-19T04:14:33.0744871Z [command]/usr/bin/git config --local --name-only --get-regexp ^includeIf\.gitdir:
imagen API · migrate deploy + readiness (ASR-09)	Run actions/checkout@v7	2026-09-19T04:14:33.0790474Z [command]/usr/bin/git submodule foreach --recursive git config --local --show-origin --name-only --get-regexp remote.origin.url
imagen API · migrate deploy + readiness (ASR-09)	Run actions/checkout@v7	2026-09-19T04:14:33.1024369Z [command]/usr/bin/git config --file /home/runner/work/_temp/git-credentials-fa316c92-c0aa-4d42-b7db-347d2473679c.config http.https://github.com/.extraheader AUTHORIZATION: basic ***
imagen API · migrate deploy + readiness (ASR-09)	Run actions/checkout@v7	2026-09-19T04:14:33.1066603Z [command]/usr/bin/git config --local includeIf.gitdir:/home/runner/work/be/be/.git.path /home/runner/work/_temp/git-credentials-fa316c92-c0aa-4d42-b7db-347d2473679c.config
imagen API · migrate deploy + readiness (ASR-09)	Run actions/checkout@v7	2026-09-19T04:14:33.1101774Z [command]/usr/bin/git config --local includeIf.gitdir:/home/runner/work/be/be/.git/worktrees/*.path /home/runner/work/_temp/git-credentials-fa316c92-c0aa-4d42-b7db-347d2473679c.config
imagen API · migrate deploy + readiness (ASR-09)	Run actions/checkout@v7	2026-09-19T04:14:33.1142994Z [command]/usr/bin/git config --local includeIf.gitdir:/github/workspace/.git.path /github/runner_temp/git-credentials-fa316c92-c0aa-4d42-b7db-347d2473679c.config
imagen API · migrate deploy + readiness (ASR-09)	Run actions/checkout@v7	2026-09-19T04:14:33.1178940Z [command]/usr/bin/git config --local includeIf.gitdir:/github/workspace/.git/worktrees/*.path /github/runner_temp/git-credentials-fa316c92-c0aa-4d42-b7db-347d2473679c.config
imagen API · migrate deploy + readiness (ASR-09)	Run actions/checkout@v7	2026-09-19T04:14:33.1211051Z ##[endgroup]
imagen API · migrate deploy + readiness (ASR-09)	Run actions/checkout@v7	2026-09-19T04:14:33.1212307Z ##[group]Fetching the repository
imagen API · migrate deploy + readiness (ASR-09)	Run actions/checkout@v7	2026-09-19T04:14:33.1217646Z [command]/usr/bin/git -c protocol.version=2 fetch --no-tags --prune --no-recurse-submodules --depth=1 origin +9b1aeb1fd7774bf96a0bb6dc313b10141ee9256c:refs/remotes/origin/main
imagen API · migrate deploy + readiness (ASR-09)	Run actions/checkout@v7	2026-09-19T04:14:34.8277359Z From https://github.com/Elian-Bufi/be
imagen API · migrate deploy + readiness (ASR-09)	Run actions/checkout@v7	2026-09-19T04:14:34.8279649Z  * [new ref]         9b1aeb1fd7774bf96a0bb6dc313b10141ee9256c -> origin/main
imagen API · migrate deploy + readiness (ASR-09)	Run actions/checkout@v7	2026-09-19T04:14:34.8287450Z [command]/usr/bin/git branch --list --remote origin/main
imagen API · migrate deploy + readiness (ASR-09)	Run actions/checkout@v7	2026-09-19T04:14:34.8318119Z   origin/main
imagen API · migrate deploy + readiness (ASR-09)	Run actions/checkout@v7	2026-09-19T04:14:34.8327707Z [command]/usr/bin/git rev-parse refs/remotes/origin/main
imagen API · migrate deploy + readiness (ASR-09)	Run actions/checkout@v7	2026-09-19T04:14:34.8355242Z 9b1aeb1fd7774bf96a0bb6dc313b10141ee9256c
imagen API · migrate deploy + readiness (ASR-09)	Run actions/checkout@v7	2026-09-19T04:14:34.8360553Z ##[endgroup]
imagen API · migrate deploy + readiness (ASR-09)	Run actions/checkout@v7	2026-09-19T04:14:34.8362357Z ##[group]Determining the checkout info
imagen API · migrate deploy + readiness (ASR-09)	Run actions/checkout@v7	2026-09-19T04:14:34.8363826Z ##[endgroup]
imagen API · migrate deploy + readiness (ASR-09)	Run actions/checkout@v7	2026-09-19T04:14:34.8367397Z [command]/usr/bin/git sparse-checkout disable
imagen API · migrate deploy + readiness (ASR-09)	Run actions/checkout@v7	2026-09-19T04:14:34.8425793Z [command]/usr/bin/git config --local --unset-all extensions.worktreeConfig
imagen API · migrate deploy + readiness (ASR-09)	Run actions/checkout@v7	2026-09-19T04:14:34.8462096Z ##[group]Checking out the ref
imagen API · migrate deploy + readiness (ASR-09)	Run actions/checkout@v7	2026-09-19T04:14:34.8467420Z [command]/usr/bin/git checkout --progress --force -B main refs/remotes/origin/main
imagen API · migrate deploy + readiness (ASR-09)	Run actions/checkout@v7	2026-09-19T04:14:34.9287473Z Switched to a new branch 'main'
imagen API · migrate deploy + readiness (ASR-09)	Run actions/checkout@v7	2026-09-19T04:14:34.9293399Z branch 'main' set up to track 'origin/main'.
imagen API · migrate deploy + readiness (ASR-09)	Run actions/checkout@v7	2026-09-19T04:14:34.9307434Z ##[endgroup]
imagen API · migrate deploy + readiness (ASR-09)	Run actions/checkout@v7	2026-09-19T04:14:34.9358166Z [command]/usr/bin/git log -1 --format=%H
imagen API · migrate deploy + readiness (ASR-09)	Run actions/checkout@v7	2026-09-19T04:14:34.9388156Z 9b1aeb1fd7774bf96a0bb6dc313b10141ee9256c
imagen API · migrate deploy + readiness (ASR-09)	Build de la imagen OCI	﻿2026-09-19T04:14:34.9736993Z ##[group]Run docker build -f apps/api/Dockerfile --build-arg RENDER_GIT_COMMIT=9b1aeb1fd7774bf96a0bb6dc313b10141ee9256c -t be-api:9b1aeb1fd7774bf96a0bb6dc313b10141ee9256c .
imagen API · migrate deploy + readiness (ASR-09)	Build de la imagen OCI	2026-09-19T04:14:34.9743220Z ^[[36;1mdocker build -f apps/api/Dockerfile --build-arg RENDER_GIT_COMMIT=9b1aeb1fd7774bf96a0bb6dc313b10141ee9256c -t be-api:9b1aeb1fd7774bf96a0bb6dc313b10141ee9256c .^[[0m
imagen API · migrate deploy + readiness (ASR-09)	Build de la imagen OCI	2026-09-19T04:14:34.9787555Z shell: /usr/bin/bash -e {0}
imagen API · migrate deploy + readiness (ASR-09)	Build de la imagen OCI	2026-09-19T04:14:34.9788809Z ##[endgroup]
imagen API · migrate deploy + readiness (ASR-09)	Build de la imagen OCI	2026-09-19T04:14:35.6195239Z #0 building with "default" instance using docker driver
imagen API · migrate deploy + readiness (ASR-09)	Build de la imagen OCI	2026-09-19T04:14:35.6195874Z 
imagen API · migrate deploy + readiness (ASR-09)	Build de la imagen OCI	2026-09-19T04:14:35.6196086Z #1 [internal] load build definition from Dockerfile
imagen API · migrate deploy + readiness (ASR-09)	Build de la imagen OCI	2026-09-19T04:14:35.6196567Z #1 transferring dockerfile: 2.89kB done
imagen API · migrate deploy + readiness (ASR-09)	Build de la imagen OCI	2026-09-19T04:14:35.6196955Z #1 DONE 0.0s
imagen API · migrate deploy + readiness (ASR-09)	Build de la imagen OCI	2026-09-19T04:14:35.6197126Z 
imagen API · migrate deploy + readiness (ASR-09)	Build de la imagen OCI	2026-09-19T04:14:35.6197444Z #2 [internal] load metadata for docker.io/library/node:22.23.2-bookworm-slim
imagen API · migrate deploy + readiness (ASR-09)	Build de la imagen OCI	2026-09-19T04:14:35.7885386Z #2 ...
imagen API · migrate deploy + readiness (ASR-09)	Build de la imagen OCI	2026-09-19T04:14:35.7885759Z 
imagen API · migrate deploy + readiness (ASR-09)	Build de la imagen OCI	2026-09-19T04:14:35.7886130Z #3 [auth] library/node:pull token for registry-1.docker.io
imagen API · migrate deploy + readiness (ASR-09)	Build de la imagen OCI	2026-09-19T04:14:35.7886909Z #3 DONE 0.0s
imagen API · migrate deploy + readiness (ASR-09)	Build de la imagen OCI	2026-09-19T04:14:35.9389174Z 
imagen API · migrate deploy + readiness (ASR-09)	Build de la imagen OCI	2026-09-19T04:14:35.9389972Z #2 [internal] load metadata for docker.io/library/node:22.23.2-bookworm-slim
imagen API · migrate deploy + readiness (ASR-09)	Build de la imagen OCI	2026-09-19T04:14:36.2372153Z #2 DONE 0.8s
imagen API · migrate deploy + readiness (ASR-09)	Build de la imagen OCI	2026-09-19T04:14:36.3658162Z 
imagen API · migrate deploy + readiness (ASR-09)	Build de la imagen OCI	2026-09-19T04:14:36.3659305Z #4 [internal] load .dockerignore
imagen API · migrate deploy + readiness (ASR-09)	Build de la imagen OCI	2026-09-19T04:14:36.3659753Z #4 transferring context: 185B done
imagen API · migrate deploy + readiness (ASR-09)	Build de la imagen OCI	2026-09-19T04:14:36.3660062Z #4 DONE 0.0s
imagen API · migrate deploy + readiness (ASR-09)	Build de la imagen OCI	2026-09-19T04:14:36.3660212Z 
imagen API · migrate deploy + readiness (ASR-09)	Build de la imagen OCI	2026-09-19T04:14:36.3660332Z #5 [internal] load build context
imagen API · migrate deploy + readiness (ASR-09)	Build de la imagen OCI	2026-09-19T04:14:36.3660677Z #5 transferring context: 743.77kB 0.0s done
imagen API · migrate deploy + readiness (ASR-09)	Build de la imagen OCI	2026-09-19T04:14:36.3661232Z #5 DONE 0.0s
imagen API · migrate deploy + readiness (ASR-09)	Build de la imagen OCI	2026-09-19T04:14:36.3661397Z 
imagen API · migrate deploy + readiness (ASR-09)	Build de la imagen OCI	2026-09-19T04:14:36.3661910Z #6 [base 1/3] FROM docker.io/library/node:22.23.2-bookworm-slim@sha256:f1127b82781601ca2a57c96811cf6be9da3d1f77d58ec13bab49e5f79cf8c84c
imagen API · migrate deploy + readiness (ASR-09)	Build de la imagen OCI	2026-09-19T04:14:36.3662978Z #6 resolve docker.io/library/node:22.23.2-bookworm-slim@sha256:f1127b82781601ca2a57c96811cf6be9da3d1f77d58ec13bab49e5f79cf8c84c done
imagen API · migrate deploy + readiness (ASR-09)	Build de la imagen OCI	2026-09-19T04:14:36.3663936Z #6 sha256:f1127b82781601ca2a57c96811cf6be9da3d1f77d58ec13bab49e5f79cf8c84c 5.22kB / 5.22kB done
imagen API · migrate deploy + readiness (ASR-09)	Build de la imagen OCI	2026-09-19T04:14:36.3664712Z #6 sha256:43aeff40f4afc22e83f7589a2f37e111cff5ca84529571f1c8415bcc5fcc21b2 1.93kB / 1.93kB done
imagen API · migrate deploy + readiness (ASR-09)	Build de la imagen OCI	2026-09-19T04:14:36.3665474Z #6 sha256:c72861c6705868ed7f08e1cf22ef4f7ba07a82c19a54ba65d931c442d3575889 6.87kB / 6.87kB done
imagen API · migrate deploy + readiness (ASR-09)	Build de la imagen OCI	2026-09-19T04:14:36.3666197Z #6 sha256:774043ccc8ccd0d0833a9ee0792142ab7ad93df971e59dd248fbf82db16d0150 0B / 28.24MB 0.1s
imagen API · migrate deploy + readiness (ASR-09)	Build de la imagen OCI	2026-09-19T04:14:36.3666900Z #6 sha256:d456d1aa143e47912621240cd8e79286732dc069a35b0e02b03449f60df966df 0B / 3.31kB 0.1s
imagen API · migrate deploy + readiness (ASR-09)	Build de la imagen OCI	2026-09-19T04:14:36.3667715Z #6 sha256:60f37e2c93ec479af36bf1f7a41277e572d820f3b1abbea47d8073b1f01aa502 0B / 49.94MB 0.1s
imagen API · migrate deploy + readiness (ASR-09)	Build de la imagen OCI	2026-09-19T04:14:36.5652712Z #6 sha256:774043ccc8ccd0d0833a9ee0792142ab7ad93df971e59dd248fbf82db16d0150 12.58MB / 28.24MB 0.3s
imagen API · migrate deploy + readiness (ASR-09)	Build de la imagen OCI	2026-09-19T04:14:36.5654251Z #6 sha256:d456d1aa143e47912621240cd8e79286732dc069a35b0e02b03449f60df966df 3.31kB / 3.31kB 0.2s done
imagen API · migrate deploy + readiness (ASR-09)	Build de la imagen OCI	2026-09-19T04:14:36.5655659Z #6 sha256:e53f92c42dd657487b7f7f027b206c996cd3760cda60adda79e44449b2753a29 0B / 1.71MB 0.3s
imagen API · migrate deploy + readiness (ASR-09)	Build de la imagen OCI	2026-09-19T04:14:36.7559677Z #6 sha256:774043ccc8ccd0d0833a9ee0792142ab7ad93df971e59dd248fbf82db16d0150 28.24MB / 28.24MB 0.4s done
imagen API · migrate deploy + readiness (ASR-09)	Build de la imagen OCI	2026-09-19T04:14:36.7561612Z #6 sha256:60f37e2c93ec479af36bf1f7a41277e572d820f3b1abbea47d8073b1f01aa502 9.44MB / 49.94MB 0.4s
imagen API · migrate deploy + readiness (ASR-09)	Build de la imagen OCI	2026-09-19T04:14:36.7562807Z #6 sha256:e53f92c42dd657487b7f7f027b206c996cd3760cda60adda79e44449b2753a29 1.71MB / 1.71MB 0.4s done
imagen API · migrate deploy + readiness (ASR-09)	Build de la imagen OCI	2026-09-19T04:14:36.7563709Z #6 extracting sha256:774043ccc8ccd0d0833a9ee0792142ab7ad93df971e59dd248fbf82db16d0150 0.1s
imagen API · migrate deploy + readiness (ASR-09)	Build de la imagen OCI	2026-09-19T04:14:36.7564691Z #6 sha256:b571db164614a1290b74286b3e4f7ad934430b830515f81e922b39c75cf1dc7e 0B / 447B 0.4s
imagen API · migrate deploy + readiness (ASR-09)	Build de la imagen OCI	2026-09-19T04:14:36.8648571Z #6 sha256:60f37e2c93ec479af36bf1f7a41277e572d820f3b1abbea47d8073b1f01aa502 49.94MB / 49.94MB 0.5s done
imagen API · migrate deploy + readiness (ASR-09)	Build de la imagen OCI	2026-09-19T04:14:36.8650005Z #6 sha256:b571db164614a1290b74286b3e4f7ad934430b830515f81e922b39c75cf1dc7e 447B / 447B 0.4s done
imagen API · migrate deploy + readiness (ASR-09)	Build de la imagen OCI	2026-09-19T04:14:37.7716259Z #6 extracting sha256:774043ccc8ccd0d0833a9ee0792142ab7ad93df971e59dd248fbf82db16d0150 1.1s done
imagen API · migrate deploy + readiness (ASR-09)	Build de la imagen OCI	2026-09-19T04:14:37.8989142Z #6 extracting sha256:d456d1aa143e47912621240cd8e79286732dc069a35b0e02b03449f60df966df done
imagen API · migrate deploy + readiness (ASR-09)	Build de la imagen OCI	2026-09-19T04:14:37.8990608Z #6 extracting sha256:60f37e2c93ec479af36bf1f7a41277e572d820f3b1abbea47d8073b1f01aa502
imagen API · migrate deploy + readiness (ASR-09)	Build de la imagen OCI	2026-09-19T04:14:39.2933346Z #6 extracting sha256:60f37e2c93ec479af36bf1f7a41277e572d820f3b1abbea47d8073b1f01aa502 1.2s done
imagen API · migrate deploy + readiness (ASR-09)	Build de la imagen OCI	2026-09-19T04:14:39.2960882Z #6 extracting sha256:e53f92c42dd657487b7f7f027b206c996cd3760cda60adda79e44449b2753a29
imagen API · migrate deploy + readiness (ASR-09)	Build de la imagen OCI	2026-09-19T04:14:39.5343010Z #6 extracting sha256:e53f92c42dd657487b7f7f027b206c996cd3760cda60adda79e44449b2753a29 0.0s done
imagen API · migrate deploy + readiness (ASR-09)	Build de la imagen OCI	2026-09-19T04:14:39.5343950Z #6 extracting sha256:b571db164614a1290b74286b3e4f7ad934430b830515f81e922b39c75cf1dc7e done
imagen API · migrate deploy + readiness (ASR-09)	Build de la imagen OCI	2026-09-19T04:14:39.5344474Z #6 DONE 3.1s
imagen API · migrate deploy + readiness (ASR-09)	Build de la imagen OCI	2026-09-19T04:14:39.5344606Z 
imagen API · migrate deploy + readiness (ASR-09)	Build de la imagen OCI	2026-09-19T04:14:39.5345117Z #7 [base 2/3] RUN apt-get update  && apt-get install -y --no-install-recommends openssl ca-certificates  && rm -rf /var/lib/apt/lists/*
imagen API · migrate deploy + readiness (ASR-09)	Build de la imagen OCI	2026-09-19T04:14:39.5901301Z #7 0.207 Get:1 http://deb.debian.org/debian bookworm InRelease [151 kB]
imagen API · migrate deploy + readiness (ASR-09)	Build de la imagen OCI	2026-09-19T04:14:39.7037612Z #7 0.261 Get:2 http://deb.debian.org/debian bookworm-updates InRelease [55.4 kB]
imagen API · migrate deploy + readiness (ASR-09)	Build de la imagen OCI	2026-09-19T04:14:39.7038722Z #7 0.281 Get:3 http://deb.debian.org/debian-security bookworm-security InRelease [34.8 kB]
imagen API · migrate deploy + readiness (ASR-09)	Build de la imagen OCI	2026-09-19T04:14:39.7039769Z #7 0.320 Get:4 http://deb.debian.org/debian bookworm/main amd64 Packages [8790 kB]
imagen API · migrate deploy + readiness (ASR-09)	Build de la imagen OCI	2026-09-19T04:14:39.8847620Z #7 0.501 Get:5 http://deb.debian.org/debian bookworm-updates/main amd64 Packages [6924 B]
imagen API · migrate deploy + readiness (ASR-09)	Build de la imagen OCI	2026-09-19T04:14:40.0368416Z #7 0.503 Get:6 http://deb.debian.org/debian-security bookworm-security/main amd64 Packages [340 kB]
imagen API · migrate deploy + readiness (ASR-09)	Build de la imagen OCI	2026-09-19T04:14:40.6403684Z #7 1.257 Fetched 9379 kB in 1s (8474 kB/s)
imagen API · migrate deploy + readiness (ASR-09)	Build de la imagen OCI	2026-09-19T04:14:41.0408961Z #7 1.257 Reading package lists...
imagen API · migrate deploy + readiness (ASR-09)	Build de la imagen OCI	2026-09-19T04:14:41.4459063Z #7 1.675 Reading package lists...
imagen API · migrate deploy + readiness (ASR-09)	Build de la imagen OCI	2026-09-19T04:14:41.6305841Z #7 2.071 Building dependency tree...
imagen API · migrate deploy + readiness (ASR-09)	Build de la imagen OCI	2026-09-19T04:14:41.6306860Z #7 2.159 Reading state information...
imagen API · migrate deploy + readiness (ASR-09)	Build de la imagen OCI	2026-09-19T04:14:41.6307903Z #7 2.247 The following additional packages will be installed:
imagen API · migrate deploy + readiness (ASR-09)	Build de la imagen OCI	2026-09-19T04:14:41.8587225Z #7 2.247   libssl3
imagen API · migrate deploy + readiness (ASR-09)	Build de la imagen OCI	2026-09-19T04:14:41.8591968Z #7 2.275 The following NEW packages will be installed:
imagen API · migrate deploy + readiness (ASR-09)	Build de la imagen OCI	2026-09-19T04:14:41.8593313Z #7 2.276   ca-certificates libssl3 openssl
imagen API · migrate deploy + readiness (ASR-09)	Build de la imagen OCI	2026-09-19T04:14:41.8594332Z #7 2.325 0 upgraded, 3 newly installed, 0 to remove and 0 not upgraded.
imagen API · migrate deploy + readiness (ASR-09)	Build de la imagen OCI	2026-09-19T04:14:41.8595271Z #7 2.325 Need to get 3637 kB of archives.
imagen API · migrate deploy + readiness (ASR-09)	Build de la imagen OCI	2026-09-19T04:14:41.8596106Z #7 2.325 After this operation, 8940 kB of additional disk space will be used.
imagen API · migrate deploy + readiness (ASR-09)	Build de la imagen OCI	2026-09-19T04:14:41.8597407Z #7 2.325 Get:1 http://deb.debian.org/debian bookworm/main amd64 libssl3 amd64 3.0.20-1~deb12u2 [2036 kB]
imagen API · migrate deploy + readiness (ASR-09)	Build de la imagen OCI	2026-09-19T04:14:41.8598948Z #7 2.475 Get:2 http://deb.debian.org/debian bookworm/main amd64 openssl amd64 3.0.20-1~deb12u2 [1439 kB]
imagen API · migrate deploy + readiness (ASR-09)	Build de la imagen OCI	2026-09-19T04:14:41.9613810Z #7 2.495 Get:3 http://deb.debian.org/debian-security bookworm-security/main amd64 ca-certificates all 20250419~deb12u1 [162 kB]
imagen API · migrate deploy + readiness (ASR-09)	Build de la imagen OCI	2026-09-19T04:14:41.9615127Z #7 2.578 debconf: delaying package configuration, since apt-utils is not installed
imagen API · migrate deploy + readiness (ASR-09)	Build de la imagen OCI	2026-09-19T04:14:42.1173119Z #7 2.597 Fetched 3637 kB in 0s (16.9 MB/s)
imagen API · migrate deploy + readiness (ASR-09)	Build de la imagen OCI	2026-09-19T04:14:42.1174119Z #7 2.610 Selecting previously unselected package libssl3:amd64.
imagen API · migrate deploy + readiness (ASR-09)	Build de la imagen OCI	2026-09-19T04:14:42.1174664Z #7 2.610 (Reading database ... 
imagen API · migrate deploy + readiness (ASR-09)	Build de la imagen OCI	2026-09-19T04:14:42.1175035Z (Reading database ... 5%
imagen API · migrate deploy + readiness (ASR-09)	Build de la imagen OCI	2026-09-19T04:14:42.1175380Z (Reading database ... 10%
imagen API · migrate deploy + readiness (ASR-09)	Build de la imagen OCI	2026-09-19T04:14:42.1175715Z (Reading database ... 15%
imagen API · migrate deploy + readiness (ASR-09)	Build de la imagen OCI	2026-09-19T04:14:42.1176044Z (Reading database ... 20%
imagen API · migrate deploy + readiness (ASR-09)	Build de la imagen OCI	2026-09-19T04:14:42.1176372Z (Reading database ... 25%
imagen API · migrate deploy + readiness (ASR-09)	Build de la imagen OCI	2026-09-19T04:14:42.1176694Z (Reading database ... 30%
imagen API · migrate deploy + readiness (ASR-09)	Build de la imagen OCI	2026-09-19T04:14:42.1177021Z (Reading database ... 35%
imagen API · migrate deploy + readiness (ASR-09)	Build de la imagen OCI	2026-09-19T04:14:42.1177352Z (Reading database ... 40%
imagen API · migrate deploy + readiness (ASR-09)	Build de la imagen OCI	2026-09-19T04:14:42.1177690Z (Reading database ... 45%
imagen API · migrate deploy + readiness (ASR-09)	Build de la imagen OCI	2026-09-19T04:14:42.1178029Z (Reading database ... 50%
imagen API · migrate deploy + readiness (ASR-09)	Build de la imagen OCI	2026-09-19T04:14:42.1178366Z (Reading database ... 55%
imagen API · migrate deploy + readiness (ASR-09)	Build de la imagen OCI	2026-09-19T04:14:42.1178692Z (Reading database ... 60%
imagen API · migrate deploy + readiness (ASR-09)	Build de la imagen OCI	2026-09-19T04:14:42.1179027Z (Reading database ... 65%
imagen API · migrate deploy + readiness (ASR-09)	Build de la imagen OCI	2026-09-19T04:14:42.1179577Z (Reading database ... 70%
imagen API · migrate deploy + readiness (ASR-09)	Build de la imagen OCI	2026-09-19T04:14:42.1179904Z (Reading database ... 75%
imagen API · migrate deploy + readiness (ASR-09)	Build de la imagen OCI	2026-09-19T04:14:42.1180231Z (Reading database ... 80%
imagen API · migrate deploy + readiness (ASR-09)	Build de la imagen OCI	2026-09-19T04:14:42.1180558Z (Reading database ... 85%
imagen API · migrate deploy + readiness (ASR-09)	Build de la imagen OCI	2026-09-19T04:14:42.1181154Z (Reading database ... 90%
imagen API · migrate deploy + readiness (ASR-09)	Build de la imagen OCI	2026-09-19T04:14:42.1181492Z (Reading database ... 95%
imagen API · migrate deploy + readiness (ASR-09)	Build de la imagen OCI	2026-09-19T04:14:42.1181874Z (Reading database ... 100%
imagen API · migrate deploy + readiness (ASR-09)	Build de la imagen OCI	2026-09-19T04:14:42.1182461Z (Reading database ... 6096 files and directories currently installed.)
imagen API · migrate deploy + readiness (ASR-09)	Build de la imagen OCI	2026-09-19T04:14:42.1183303Z #7 2.617 Preparing to unpack .../libssl3_3.0.20-1~deb12u2_amd64.deb ...
imagen API · migrate deploy + readiness (ASR-09)	Build de la imagen OCI	2026-09-19T04:14:42.1183841Z #7 2.619 Unpacking libssl3:amd64 (3.0.20-1~deb12u2) ...
imagen API · migrate deploy + readiness (ASR-09)	Build de la imagen OCI	2026-09-19T04:14:42.1184232Z #7 2.734 Selecting previously unselected package openssl.
imagen API · migrate deploy + readiness (ASR-09)	Build de la imagen OCI	2026-09-19T04:14:42.2597371Z #7 2.736 Preparing to unpack .../openssl_3.0.20-1~deb12u2_amd64.deb ...
imagen API · migrate deploy + readiness (ASR-09)	Build de la imagen OCI	2026-09-19T04:14:42.2598360Z #7 2.736 Unpacking openssl (3.0.20-1~deb12u2) ...
imagen API · migrate deploy + readiness (ASR-09)	Build de la imagen OCI	2026-09-19T04:14:42.2598885Z #7 2.830 Selecting previously unselected package ca-certificates.
imagen API · migrate deploy + readiness (ASR-09)	Build de la imagen OCI	2026-09-19T04:14:42.2599730Z #7 2.831 Preparing to unpack .../ca-certificates_20250419~deb12u1_all.deb ...
imagen API · migrate deploy + readiness (ASR-09)	Build de la imagen OCI	2026-09-19T04:14:42.2600213Z #7 2.832 Unpacking ca-certificates (20250419~deb12u1) ...
imagen API · migrate deploy + readiness (ASR-09)	Build de la imagen OCI	2026-09-19T04:14:42.2600586Z #7 2.876 Setting up libssl3:amd64 (3.0.20-1~deb12u2) ...
imagen API · migrate deploy + readiness (ASR-09)	Build de la imagen OCI	2026-09-19T04:14:42.4829001Z #7 2.879 Setting up openssl (3.0.20-1~deb12u2) ...
imagen API · migrate deploy + readiness (ASR-09)	Build de la imagen OCI	2026-09-19T04:14:42.4829810Z #7 2.884 Setting up ca-certificates (20250419~deb12u1) ...
imagen API · migrate deploy + readiness (ASR-09)	Build de la imagen OCI	2026-09-19T04:14:42.4830540Z #7 2.949 debconf: unable to initialize frontend: Dialog
imagen API · migrate deploy + readiness (ASR-09)	Build de la imagen OCI	2026-09-19T04:14:42.4831624Z #7 2.949 debconf: (TERM is not set, so the dialog frontend is not usable.)
imagen API · migrate deploy + readiness (ASR-09)	Build de la imagen OCI	2026-09-19T04:14:42.4832295Z #7 2.949 debconf: falling back to frontend: Readline
imagen API · migrate deploy + readiness (ASR-09)	Build de la imagen OCI	2026-09-19T04:14:42.4832936Z #7 2.949 debconf: unable to initialize frontend: Readline
imagen API · migrate deploy + readiness (ASR-09)	Build de la imagen OCI	2026-09-19T04:14:42.4839827Z #7 2.949 debconf: (Can't locate Term/ReadLine.pm in @INC (you may need to install the Term::ReadLine module) (@INC contains: /etc/perl /usr/local/lib/x86_64-linux-gnu/perl/5.36.0 /usr/local/share/perl/5.36.0 /usr/lib/x86_64-linux-gnu/perl5/5.36 /usr/share/perl5 /usr/lib/x86_64-linux-gnu/perl-base /usr/lib/x86_64-linux-gnu/perl/5.36 /usr/share/perl/5.36 /usr/local/lib/site_perl) at /usr/share/perl5/Debconf/FrontEnd/Readline.pm line 7.)
imagen API · migrate deploy + readiness (ASR-09)	Build de la imagen OCI	2026-09-19T04:14:42.4843982Z #7 2.949 debconf: falling back to frontend: Teletype
imagen API · migrate deploy + readiness (ASR-09)	Build de la imagen OCI	2026-09-19T04:14:42.7039944Z #7 3.320 Updating certificates in /etc/ssl/certs...
imagen API · migrate deploy + readiness (ASR-09)	Build de la imagen OCI	2026-09-19T04:14:43.2400609Z #7 3.857 150 added, 0 removed; done.
imagen API · migrate deploy + readiness (ASR-09)	Build de la imagen OCI	2026-09-19T04:14:43.4172188Z #7 3.871 Processing triggers for libc-bin (2.36-9+deb12u14) ...
imagen API · migrate deploy + readiness (ASR-09)	Build de la imagen OCI	2026-09-19T04:14:43.4173315Z #7 3.879 Processing triggers for ca-certificates (20250419~deb12u1) ...
imagen API · migrate deploy + readiness (ASR-09)	Build de la imagen OCI	2026-09-19T04:14:43.4174283Z #7 3.883 Updating certificates in /etc/ssl/certs...
imagen API · migrate deploy + readiness (ASR-09)	Build de la imagen OCI	2026-09-19T04:14:43.6839393Z #7 4.300 0 added, 0 removed; done.
imagen API · migrate deploy + readiness (ASR-09)	Build de la imagen OCI	2026-09-19T04:14:43.6840242Z #7 4.300 Running hooks in /etc/ca-certificates/update.d...
imagen API · migrate deploy + readiness (ASR-09)	Build de la imagen OCI	2026-09-19T04:14:43.7844007Z #7 4.301 done.
imagen API · migrate deploy + readiness (ASR-09)	Build de la imagen OCI	2026-09-19T04:14:43.7844744Z #7 DONE 4.3s
imagen API · migrate deploy + readiness (ASR-09)	Build de la imagen OCI	2026-09-19T04:14:43.7845193Z 
imagen API · migrate deploy + readiness (ASR-09)	Build de la imagen OCI	2026-09-19T04:14:43.7845383Z #8 [base 3/3] WORKDIR /app
imagen API · migrate deploy + readiness (ASR-09)	Build de la imagen OCI	2026-09-19T04:14:43.7845792Z #8 DONE 0.0s
imagen API · migrate deploy + readiness (ASR-09)	Build de la imagen OCI	2026-09-19T04:14:43.7846268Z 
imagen API · migrate deploy + readiness (ASR-09)	Build de la imagen OCI	2026-09-19T04:14:43.7846507Z #9 [deps 1/6] COPY package.json package-lock.json .npmrc ./
imagen API · migrate deploy + readiness (ASR-09)	Build de la imagen OCI	2026-09-19T04:14:43.7846864Z #9 DONE 0.0s
imagen API · migrate deploy + readiness (ASR-09)	Build de la imagen OCI	2026-09-19T04:14:43.7846975Z 
imagen API · migrate deploy + readiness (ASR-09)	Build de la imagen OCI	2026-09-19T04:14:43.7847209Z #10 [build  1/11] COPY package.json package-lock.json .npmrc tsconfig.base.json ./
imagen API · migrate deploy + readiness (ASR-09)	Build de la imagen OCI	2026-09-19T04:14:43.7847603Z #10 DONE 0.0s
imagen API · migrate deploy + readiness (ASR-09)	Build de la imagen OCI	2026-09-19T04:14:43.7847717Z 
imagen API · migrate deploy + readiness (ASR-09)	Build de la imagen OCI	2026-09-19T04:14:43.7848035Z #11 [deps 2/6] COPY packages/domain/package.json packages/domain/
imagen API · migrate deploy + readiness (ASR-09)	Build de la imagen OCI	2026-09-19T04:14:43.7848404Z #11 DONE 0.0s
imagen API · migrate deploy + readiness (ASR-09)	Build de la imagen OCI	2026-09-19T04:14:43.7848536Z 
imagen API · migrate deploy + readiness (ASR-09)	Build de la imagen OCI	2026-09-19T04:14:43.7925455Z #12 [build  2/11] COPY packages/domain/package.json packages/domain/
imagen API · migrate deploy + readiness (ASR-09)	Build de la imagen OCI	2026-09-19T04:14:43.7926092Z #12 DONE 0.0s
imagen API · migrate deploy + readiness (ASR-09)	Build de la imagen OCI	2026-09-19T04:14:43.7926298Z 
imagen API · migrate deploy + readiness (ASR-09)	Build de la imagen OCI	2026-09-19T04:14:43.7926561Z #13 [deps 3/6] COPY apps/api/package.json apps/api/
imagen API · migrate deploy + readiness (ASR-09)	Build de la imagen OCI	2026-09-19T04:14:43.9752893Z #13 DONE 0.0s
imagen API · migrate deploy + readiness (ASR-09)	Build de la imagen OCI	2026-09-19T04:14:43.9757729Z 
imagen API · migrate deploy + readiness (ASR-09)	Build de la imagen OCI	2026-09-19T04:14:43.9758325Z #14 [build  3/11] COPY apps/api/package.json apps/api/
imagen API · migrate deploy + readiness (ASR-09)	Build de la imagen OCI	2026-09-19T04:14:43.9759538Z #14 DONE 0.0s
imagen API · migrate deploy + readiness (ASR-09)	Build de la imagen OCI	2026-09-19T04:14:43.9759944Z 
imagen API · migrate deploy + readiness (ASR-09)	Build de la imagen OCI	2026-09-19T04:14:43.9760375Z #15 [deps 4/6] COPY apps/web/package.json apps/web/
imagen API · migrate deploy + readiness (ASR-09)	Build de la imagen OCI	2026-09-19T04:14:43.9761423Z #15 DONE 0.0s
imagen API · migrate deploy + readiness (ASR-09)	Build de la imagen OCI	2026-09-19T04:14:43.9761841Z 
imagen API · migrate deploy + readiness (ASR-09)	Build de la imagen OCI	2026-09-19T04:14:43.9762270Z #16 [build  4/11] COPY apps/web/package.json apps/web/
imagen API · migrate deploy + readiness (ASR-09)	Build de la imagen OCI	2026-09-19T04:14:43.9763001Z #16 DONE 0.0s
imagen API · migrate deploy + readiness (ASR-09)	Build de la imagen OCI	2026-09-19T04:14:43.9763398Z 
imagen API · migrate deploy + readiness (ASR-09)	Build de la imagen OCI	2026-09-19T04:14:43.9763856Z #17 [deps 5/6] COPY apps/mobile/package.json apps/mobile/
imagen API · migrate deploy + readiness (ASR-09)	Build de la imagen OCI	2026-09-19T04:14:43.9764690Z #17 DONE 0.0s
imagen API · migrate deploy + readiness (ASR-09)	Build de la imagen OCI	2026-09-19T04:14:43.9765112Z 
imagen API · migrate deploy + readiness (ASR-09)	Build de la imagen OCI	2026-09-19T04:14:43.9765485Z #18 [build  5/11] COPY apps/mobile/package.json apps/mobile/
imagen API · migrate deploy + readiness (ASR-09)	Build de la imagen OCI	2026-09-19T04:14:43.9766338Z #18 DONE 0.0s
imagen API · migrate deploy + readiness (ASR-09)	Build de la imagen OCI	2026-09-19T04:14:43.9766792Z 
imagen API · migrate deploy + readiness (ASR-09)	Build de la imagen OCI	2026-09-19T04:14:43.9767374Z #19 [build  6/11] RUN npm ci -w @be/api -w @be/domain --include-workspace-root
imagen API · migrate deploy + readiness (ASR-09)	Build de la imagen OCI	2026-09-19T04:14:50.1278557Z #19 6.303 npm warn deprecated glob@10.5.0: Old versions of glob are not supported, and contain widely publicized security vulnerabilities, which have been fixed in the current version. Please update. Support for old versions may be purchased (at exorbitant rates) by contacting i@izs.me
imagen API · migrate deploy + readiness (ASR-09)	Build de la imagen OCI	2026-09-19T04:14:50.2944740Z #19 6.319 npm warn deprecated glob@10.5.0: Old versions of glob are not supported, and contain widely publicized security vulnerabilities, which have been fixed in the current version. Please update. Support for old versions may be purchased (at exorbitant rates) by contacting i@izs.me
imagen API · migrate deploy + readiness (ASR-09)	Build de la imagen OCI	2026-09-19T04:14:53.8942305Z #19 ...
imagen API · migrate deploy + readiness (ASR-09)	Build de la imagen OCI	2026-09-19T04:14:53.8942785Z 
imagen API · migrate deploy + readiness (ASR-09)	Build de la imagen OCI	2026-09-19T04:14:53.8944286Z #20 [deps 6/6] RUN npm ci -w @be/api -w @be/domain --include-workspace-root --omit=dev
imagen API · migrate deploy + readiness (ASR-09)	Build de la imagen OCI	2026-09-19T04:14:55.5951332Z #20 11.78 
imagen API · migrate deploy + readiness (ASR-09)	Build de la imagen OCI	2026-09-19T04:14:55.5952556Z #20 11.78 added 260 packages, and audited 263 packages in 12s
imagen API · migrate deploy + readiness (ASR-09)	Build de la imagen OCI	2026-09-19T04:14:55.5953697Z #20 11.78 
imagen API · migrate deploy + readiness (ASR-09)	Build de la imagen OCI	2026-09-19T04:14:55.5954570Z #20 11.78 found 0 vulnerabilities
imagen API · migrate deploy + readiness (ASR-09)	Build de la imagen OCI	2026-09-19T04:14:55.7520344Z #20 11.78 npm notice
imagen API · migrate deploy + readiness (ASR-09)	Build de la imagen OCI	2026-09-19T04:14:55.7522588Z #20 11.78 npm notice New major version of npm available! 10.9.8 -> 12.0.2
imagen API · migrate deploy + readiness (ASR-09)	Build de la imagen OCI	2026-09-19T04:14:55.7529175Z #20 11.78 npm notice Changelog: https://github.com/npm/cli/releases/tag/v12.0.2
imagen API · migrate deploy + readiness (ASR-09)	Build de la imagen OCI	2026-09-19T04:14:55.7530284Z #20 11.78 npm notice To update run: npm install -g npm@12.0.2
imagen API · migrate deploy + readiness (ASR-09)	Build de la imagen OCI	2026-09-19T04:14:55.7532003Z #20 11.78 npm notice
imagen API · migrate deploy + readiness (ASR-09)	Build de la imagen OCI	2026-09-19T04:14:55.7532535Z #20 DONE 11.9s
imagen API · migrate deploy + readiness (ASR-09)	Build de la imagen OCI	2026-09-19T04:14:55.7532895Z 
imagen API · migrate deploy + readiness (ASR-09)	Build de la imagen OCI	2026-09-19T04:14:55.7533412Z #19 [build  6/11] RUN npm ci -w @be/api -w @be/domain --include-workspace-root
imagen API · migrate deploy + readiness (ASR-09)	Build de la imagen OCI	2026-09-19T04:14:58.0936446Z #19 14.27 
imagen API · migrate deploy + readiness (ASR-09)	Build de la imagen OCI	2026-09-19T04:14:58.0937257Z #19 14.27 added 595 packages, and audited 598 packages in 14s
imagen API · migrate deploy + readiness (ASR-09)	Build de la imagen OCI	2026-09-19T04:14:58.2915598Z #19 14.27 
imagen API · migrate deploy + readiness (ASR-09)	Build de la imagen OCI	2026-09-19T04:14:58.2916422Z #19 14.27 found 0 vulnerabilities
imagen API · migrate deploy + readiness (ASR-09)	Build de la imagen OCI	2026-09-19T04:14:58.2926179Z #19 14.27 npm notice
imagen API · migrate deploy + readiness (ASR-09)	Build de la imagen OCI	2026-09-19T04:14:58.2927165Z #19 14.27 npm notice New major version of npm available! 10.9.8 -> 12.0.2
imagen API · migrate deploy + readiness (ASR-09)	Build de la imagen OCI	2026-09-19T04:14:58.2928170Z #19 14.27 npm notice Changelog: https://github.com/npm/cli/releases/tag/v12.0.2
imagen API · migrate deploy + readiness (ASR-09)	Build de la imagen OCI	2026-09-19T04:14:58.2929071Z #19 14.27 npm notice To update run: npm install -g npm@12.0.2
imagen API · migrate deploy + readiness (ASR-09)	Build de la imagen OCI	2026-09-19T04:14:58.2929755Z #19 14.27 npm notice
imagen API · migrate deploy + readiness (ASR-09)	Build de la imagen OCI	2026-09-19T04:14:58.3527048Z #19 DONE 14.5s
imagen API · migrate deploy + readiness (ASR-09)	Build de la imagen OCI	2026-09-19T04:14:58.3528038Z 
imagen API · migrate deploy + readiness (ASR-09)	Build de la imagen OCI	2026-09-19T04:14:58.3529136Z #21 [runtime  1/10] COPY --from=deps --chown=node:node /app/node_modules ./node_modules
imagen API · migrate deploy + readiness (ASR-09)	Build de la imagen OCI	2026-09-19T04:14:58.5603098Z #21 ...
imagen API · migrate deploy + readiness (ASR-09)	Build de la imagen OCI	2026-09-19T04:14:58.5604250Z 
imagen API · migrate deploy + readiness (ASR-09)	Build de la imagen OCI	2026-09-19T04:14:58.5604653Z #22 [build  7/11] COPY prisma ./prisma
imagen API · migrate deploy + readiness (ASR-09)	Build de la imagen OCI	2026-09-19T04:14:58.5605288Z #22 DONE 0.0s
imagen API · migrate deploy + readiness (ASR-09)	Build de la imagen OCI	2026-09-19T04:14:58.5605580Z 
imagen API · migrate deploy + readiness (ASR-09)	Build de la imagen OCI	2026-09-19T04:14:58.5605901Z #23 [build  8/11] COPY packages/domain ./packages/domain
imagen API · migrate deploy + readiness (ASR-09)	Build de la imagen OCI	2026-09-19T04:14:58.5609432Z #23 DONE 0.0s
imagen API · migrate deploy + readiness (ASR-09)	Build de la imagen OCI	2026-09-19T04:14:58.5613676Z 
imagen API · migrate deploy + readiness (ASR-09)	Build de la imagen OCI	2026-09-19T04:14:58.5613924Z #24 [build  9/11] COPY apps/api ./apps/api
imagen API · migrate deploy + readiness (ASR-09)	Build de la imagen OCI	2026-09-19T04:14:58.5614411Z #24 DONE 0.0s
imagen API · migrate deploy + readiness (ASR-09)	Build de la imagen OCI	2026-09-19T04:14:58.7111303Z 
imagen API · migrate deploy + readiness (ASR-09)	Build de la imagen OCI	2026-09-19T04:14:58.7112176Z #25 [build 10/11] RUN npx prisma generate  && npm run build -w @be/domain  && npm run build -w @be/api
imagen API · migrate deploy + readiness (ASR-09)	Build de la imagen OCI	2026-09-19T04:14:59.8950076Z #25 1.485 warn The configuration property `package.json#prisma` is deprecated and will be removed in Prisma 7. Please migrate to a Prisma config file (e.g., `prisma.config.ts`).
imagen API · migrate deploy + readiness (ASR-09)	Build de la imagen OCI	2026-09-19T04:14:59.8972686Z #25 1.485 For more information, see: https://pris.ly/prisma-config
imagen API · migrate deploy + readiness (ASR-09)	Build de la imagen OCI	2026-09-19T04:14:59.8973354Z #25 1.485 
imagen API · migrate deploy + readiness (ASR-09)	Build de la imagen OCI	2026-09-19T04:15:00.0439195Z #25 1.634 Prisma schema loaded from prisma/schema.prisma
imagen API · migrate deploy + readiness (ASR-09)	Build de la imagen OCI	2026-09-19T04:15:00.2696252Z #25 ...
imagen API · migrate deploy + readiness (ASR-09)	Build de la imagen OCI	2026-09-19T04:15:00.2696791Z 
imagen API · migrate deploy + readiness (ASR-09)	Build de la imagen OCI	2026-09-19T04:15:00.2697452Z #21 [runtime  1/10] COPY --from=deps --chown=node:node /app/node_modules ./node_modules
imagen API · migrate deploy + readiness (ASR-09)	Build de la imagen OCI	2026-09-19T04:15:00.2701741Z #21 DONE 2.1s
imagen API · migrate deploy + readiness (ASR-09)	Build de la imagen OCI	2026-09-19T04:15:00.3928074Z 
imagen API · migrate deploy + readiness (ASR-09)	Build de la imagen OCI	2026-09-19T04:15:00.3929313Z #25 [build 10/11] RUN npx prisma generate  && npm run build -w @be/domain  && npm run build -w @be/api
imagen API · migrate deploy + readiness (ASR-09)	Build de la imagen OCI	2026-09-19T04:15:00.3930394Z #25 1.983 
imagen API · migrate deploy + readiness (ASR-09)	Build de la imagen OCI	2026-09-19T04:15:00.3931606Z #25 1.983 ✔ Generated Prisma Client (v6.19.3) to ./node_modules/@prisma/client in 145ms
imagen API · migrate deploy + readiness (ASR-09)	Build de la imagen OCI	2026-09-19T04:15:00.3932312Z #25 1.983 
imagen API · migrate deploy + readiness (ASR-09)	Build de la imagen OCI	2026-09-19T04:15:00.3932832Z #25 1.983 Start by importing your Prisma Client (See: https://pris.ly/d/importing-client)
imagen API · migrate deploy + readiness (ASR-09)	Build de la imagen OCI	2026-09-19T04:15:00.3933404Z #25 1.983 
imagen API · migrate deploy + readiness (ASR-09)	Build de la imagen OCI	2026-09-19T04:15:00.3933790Z #25 1.983 Tip: Want to turn off tips and other hints? https://pris.ly/tip-4-nohints
imagen API · migrate deploy + readiness (ASR-09)	Build de la imagen OCI	2026-09-19T04:15:00.3934198Z #25 1.983 
imagen API · migrate deploy + readiness (ASR-09)	Build de la imagen OCI	2026-09-19T04:15:00.5399847Z #25 2.130 
imagen API · migrate deploy + readiness (ASR-09)	Build de la imagen OCI	2026-09-19T04:15:00.5400633Z #25 2.130 > @be/domain@0.1.0 build
imagen API · migrate deploy + readiness (ASR-09)	Build de la imagen OCI	2026-09-19T04:15:00.5401814Z #25 2.130 > tsc -p tsconfig.json
imagen API · migrate deploy + readiness (ASR-09)	Build de la imagen OCI	2026-09-19T04:15:00.5402368Z #25 2.130 
imagen API · migrate deploy + readiness (ASR-09)	Build de la imagen OCI	2026-09-19T04:15:02.6891527Z #25 4.280 
imagen API · migrate deploy + readiness (ASR-09)	Build de la imagen OCI	2026-09-19T04:15:02.6892150Z #25 4.280 > @be/api@0.1.0 build
imagen API · migrate deploy + readiness (ASR-09)	Build de la imagen OCI	2026-09-19T04:15:02.6892494Z #25 4.280 > tsc -p tsconfig.build.json
imagen API · migrate deploy + readiness (ASR-09)	Build de la imagen OCI	2026-09-19T04:15:02.6892884Z #25 4.280 
imagen API · migrate deploy + readiness (ASR-09)	Build de la imagen OCI	2026-09-19T04:15:05.0327585Z #25 DONE 6.6s
imagen API · migrate deploy + readiness (ASR-09)	Build de la imagen OCI	2026-09-19T04:15:05.1844732Z 
imagen API · migrate deploy + readiness (ASR-09)	Build de la imagen OCI	2026-09-19T04:15:05.1845920Z #26 [build 11/11] RUN node -e "require('fs').writeFileSync('apps/api/dist/build-info.json', JSON.stringify({ commit: process.env.RENDER_GIT_COMMIT || null, construidoEn: new Date().toISOString() }))"
imagen API · migrate deploy + readiness (ASR-09)	Build de la imagen OCI	2026-09-19T04:15:05.2077421Z #26 DONE 0.2s
imagen API · migrate deploy + readiness (ASR-09)	Build de la imagen OCI	2026-09-19T04:15:05.6061223Z 
imagen API · migrate deploy + readiness (ASR-09)	Build de la imagen OCI	2026-09-19T04:15:05.6062117Z #27 [runtime  2/10] COPY --from=build --chown=node:node /app/node_modules/.prisma ./node_modules/.prisma
imagen API · migrate deploy + readiness (ASR-09)	Build de la imagen OCI	2026-09-19T04:15:05.8246965Z #27 DONE 0.0s
imagen API · migrate deploy + readiness (ASR-09)	Build de la imagen OCI	2026-09-19T04:15:05.8247637Z 
imagen API · migrate deploy + readiness (ASR-09)	Build de la imagen OCI	2026-09-19T04:15:05.8248341Z #28 [runtime  3/10] COPY --chown=node:node package.json ./
imagen API · migrate deploy + readiness (ASR-09)	Build de la imagen OCI	2026-09-19T04:15:05.8249075Z #28 DONE 0.0s
imagen API · migrate deploy + readiness (ASR-09)	Build de la imagen OCI	2026-09-19T04:15:05.8249267Z 
imagen API · migrate deploy + readiness (ASR-09)	Build de la imagen OCI	2026-09-19T04:15:05.8249519Z #29 [runtime  4/10] COPY --chown=node:node prisma ./prisma
imagen API · migrate deploy + readiness (ASR-09)	Build de la imagen OCI	2026-09-19T04:15:05.8250041Z #29 DONE 0.0s
imagen API · migrate deploy + readiness (ASR-09)	Build de la imagen OCI	2026-09-19T04:15:05.8250233Z 
imagen API · migrate deploy + readiness (ASR-09)	Build de la imagen OCI	2026-09-19T04:15:05.8251028Z #30 [runtime  5/10] COPY --from=build --chown=node:node /app/packages/domain/package.json ./packages/domain/package.json
imagen API · migrate deploy + readiness (ASR-09)	Build de la imagen OCI	2026-09-19T04:15:05.8251949Z #30 DONE 0.0s
imagen API · migrate deploy + readiness (ASR-09)	Build de la imagen OCI	2026-09-19T04:15:05.8252429Z 
imagen API · migrate deploy + readiness (ASR-09)	Build de la imagen OCI	2026-09-19T04:15:05.8252736Z #31 [runtime  6/10] COPY --from=build --chown=node:node /app/packages/domain/dist ./packages/domain/dist
imagen API · migrate deploy + readiness (ASR-09)	Build de la imagen OCI	2026-09-19T04:15:05.8253222Z #31 DONE 0.0s
imagen API · migrate deploy + readiness (ASR-09)	Build de la imagen OCI	2026-09-19T04:15:05.8253723Z 
imagen API · migrate deploy + readiness (ASR-09)	Build de la imagen OCI	2026-09-19T04:15:05.8254332Z #32 [runtime  7/10] COPY --from=deps --chown=node:node /app/packages/domain/node_modules ./packages/domain/node_modules
imagen API · migrate deploy + readiness (ASR-09)	Build de la imagen OCI	2026-09-19T04:15:05.8255197Z #32 DONE 0.1s
imagen API · migrate deploy + readiness (ASR-09)	Build de la imagen OCI	2026-09-19T04:15:06.0371455Z 
imagen API · migrate deploy + readiness (ASR-09)	Build de la imagen OCI	2026-09-19T04:15:06.0372438Z #33 [runtime  8/10] COPY --from=build --chown=node:node /app/apps/api/package.json ./apps/api/package.json
imagen API · migrate deploy + readiness (ASR-09)	Build de la imagen OCI	2026-09-19T04:15:06.0373973Z #33 DONE 0.0s
imagen API · migrate deploy + readiness (ASR-09)	Build de la imagen OCI	2026-09-19T04:15:06.0374339Z 
imagen API · migrate deploy + readiness (ASR-09)	Build de la imagen OCI	2026-09-19T04:15:06.0375064Z #34 [runtime  9/10] COPY --from=build --chown=node:node /app/apps/api/dist ./apps/api/dist
imagen API · migrate deploy + readiness (ASR-09)	Build de la imagen OCI	2026-09-19T04:15:06.0375881Z #34 DONE 0.0s
imagen API · migrate deploy + readiness (ASR-09)	Build de la imagen OCI	2026-09-19T04:15:06.0376086Z 
imagen API · migrate deploy + readiness (ASR-09)	Build de la imagen OCI	2026-09-19T04:15:06.0376570Z #35 [runtime 10/10] COPY --chown=node:node apps/api/scripts/iniciar.sh ./apps/api/scripts/iniciar.sh
imagen API · migrate deploy + readiness (ASR-09)	Build de la imagen OCI	2026-09-19T04:15:06.0377357Z #35 DONE 0.0s
imagen API · migrate deploy + readiness (ASR-09)	Build de la imagen OCI	2026-09-19T04:15:06.0377568Z 
imagen API · migrate deploy + readiness (ASR-09)	Build de la imagen OCI	2026-09-19T04:15:06.0377733Z #36 exporting to image
imagen API · migrate deploy + readiness (ASR-09)	Build de la imagen OCI	2026-09-19T04:15:06.0378116Z #36 exporting layers
imagen API · migrate deploy + readiness (ASR-09)	Build de la imagen OCI	2026-09-19T04:15:10.1680007Z #36 exporting layers 4.3s done
imagen API · migrate deploy + readiness (ASR-09)	Build de la imagen OCI	2026-09-19T04:15:10.1882692Z #36 writing image sha256:8406f83e9091249580172be5699c8f7324eee40082d6ab891c612ede65d3075e done
imagen API · migrate deploy + readiness (ASR-09)	Build de la imagen OCI	2026-09-19T04:15:10.1884650Z #36 naming to docker.io/library/be-api:9b1aeb1fd7774bf96a0bb6dc313b10141ee9256c done
imagen API · migrate deploy + readiness (ASR-09)	Build de la imagen OCI	2026-09-19T04:15:10.1885817Z #36 DONE 4.3s
imagen API · migrate deploy + readiness (ASR-09)	PostgreSQL 16 efímero	﻿2026-09-19T04:15:10.1989050Z ##[group]Run docker network create be
imagen API · migrate deploy + readiness (ASR-09)	PostgreSQL 16 efímero	2026-09-19T04:15:10.1989413Z ^[[36;1mdocker network create be^[[0m
imagen API · migrate deploy + readiness (ASR-09)	PostgreSQL 16 efímero	2026-09-19T04:15:10.1989721Z ^[[36;1mdocker run -d --name pg --network be \^[[0m
imagen API · migrate deploy + readiness (ASR-09)	PostgreSQL 16 efímero	2026-09-19T04:15:10.1990222Z ^[[36;1m  -e POSTGRES_USER=be_test -e POSTGRES_PASSWORD=be_test_sintetico -e POSTGRES_DB=be_test \^[[0m
imagen API · migrate deploy + readiness (ASR-09)	PostgreSQL 16 efímero	2026-09-19T04:15:10.1990686Z ^[[36;1m  postgres:16-alpine^[[0m
imagen API · migrate deploy + readiness (ASR-09)	PostgreSQL 16 efímero	2026-09-19T04:15:10.1991467Z ^[[36;1mfor i in $(seq 1 30); do docker exec pg pg_isready -U be_test -d be_test && break; sleep 2; done^[[0m
imagen API · migrate deploy + readiness (ASR-09)	PostgreSQL 16 efímero	2026-09-19T04:15:10.2029613Z shell: /usr/bin/bash -e {0}
imagen API · migrate deploy + readiness (ASR-09)	PostgreSQL 16 efímero	2026-09-19T04:15:10.2029877Z ##[endgroup]
imagen API · migrate deploy + readiness (ASR-09)	PostgreSQL 16 efímero	2026-09-19T04:15:10.2575236Z 7dfcb4d5928f363e31d8a2fc47181645a236c809d24c18bc08993fa110a948ca
imagen API · migrate deploy + readiness (ASR-09)	PostgreSQL 16 efímero	2026-09-19T04:15:10.2728230Z Unable to find image 'postgres:16-alpine' locally
imagen API · migrate deploy + readiness (ASR-09)	PostgreSQL 16 efímero	2026-09-19T04:15:10.9445343Z 16-alpine: Pulling from library/postgres
imagen API · migrate deploy + readiness (ASR-09)	PostgreSQL 16 efímero	2026-09-19T04:15:11.1553366Z e2de96513ba9: Pulling fs layer
imagen API · migrate deploy + readiness (ASR-09)	PostgreSQL 16 efímero	2026-09-19T04:15:11.1554090Z 1b7f9cd581ee: Pulling fs layer
imagen API · migrate deploy + readiness (ASR-09)	PostgreSQL 16 efímero	2026-09-19T04:15:11.1554544Z 210b280f9556: Pulling fs layer
imagen API · migrate deploy + readiness (ASR-09)	PostgreSQL 16 efímero	2026-09-19T04:15:11.1555064Z 81717818649a: Pulling fs layer
imagen API · migrate deploy + readiness (ASR-09)	PostgreSQL 16 efímero	2026-09-19T04:15:11.1555496Z 3ae6141cfd99: Pulling fs layer
imagen API · migrate deploy + readiness (ASR-09)	PostgreSQL 16 efímero	2026-09-19T04:15:11.1555928Z 25b77f59fd95: Pulling fs layer
imagen API · migrate deploy + readiness (ASR-09)	PostgreSQL 16 efímero	2026-09-19T04:15:11.1556364Z 6c25da34e03f: Pulling fs layer
imagen API · migrate deploy + readiness (ASR-09)	PostgreSQL 16 efímero	2026-09-19T04:15:11.1556806Z a88782f92806: Pulling fs layer
imagen API · migrate deploy + readiness (ASR-09)	PostgreSQL 16 efímero	2026-09-19T04:15:11.1557240Z d8d21be4bf02: Pulling fs layer
imagen API · migrate deploy + readiness (ASR-09)	PostgreSQL 16 efímero	2026-09-19T04:15:11.1557669Z 6117bd39f23f: Pulling fs layer
imagen API · migrate deploy + readiness (ASR-09)	PostgreSQL 16 efímero	2026-09-19T04:15:11.1558153Z 509688edf37b: Pulling fs layer
imagen API · migrate deploy + readiness (ASR-09)	PostgreSQL 16 efímero	2026-09-19T04:15:11.1558415Z 6c25da34e03f: Waiting
imagen API · migrate deploy + readiness (ASR-09)	PostgreSQL 16 efímero	2026-09-19T04:15:11.1558628Z a88782f92806: Waiting
imagen API · migrate deploy + readiness (ASR-09)	PostgreSQL 16 efímero	2026-09-19T04:15:11.1558829Z d8d21be4bf02: Waiting
imagen API · migrate deploy + readiness (ASR-09)	PostgreSQL 16 efímero	2026-09-19T04:15:11.1559030Z 6117bd39f23f: Waiting
imagen API · migrate deploy + readiness (ASR-09)	PostgreSQL 16 efímero	2026-09-19T04:15:11.1559225Z 509688edf37b: Waiting
imagen API · migrate deploy + readiness (ASR-09)	PostgreSQL 16 efímero	2026-09-19T04:15:11.1559610Z 81717818649a: Waiting
imagen API · migrate deploy + readiness (ASR-09)	PostgreSQL 16 efímero	2026-09-19T04:15:11.1559973Z 3ae6141cfd99: Waiting
imagen API · migrate deploy + readiness (ASR-09)	PostgreSQL 16 efímero	2026-09-19T04:15:11.1560363Z 25b77f59fd95: Waiting
imagen API · migrate deploy + readiness (ASR-09)	PostgreSQL 16 efímero	2026-09-19T04:15:11.4120798Z 1b7f9cd581ee: Verifying Checksum
imagen API · migrate deploy + readiness (ASR-09)	PostgreSQL 16 efímero	2026-09-19T04:15:11.4122143Z 1b7f9cd581ee: Download complete
imagen API · migrate deploy + readiness (ASR-09)	PostgreSQL 16 efímero	2026-09-19T04:15:11.5107909Z 210b280f9556: Verifying Checksum
imagen API · migrate deploy + readiness (ASR-09)	PostgreSQL 16 efímero	2026-09-19T04:15:11.5108612Z 210b280f9556: Download complete
imagen API · migrate deploy + readiness (ASR-09)	PostgreSQL 16 efímero	2026-09-19T04:15:11.5737205Z e2de96513ba9: Verifying Checksum
imagen API · migrate deploy + readiness (ASR-09)	PostgreSQL 16 efímero	2026-09-19T04:15:11.5738111Z e2de96513ba9: Download complete
imagen API · migrate deploy + readiness (ASR-09)	PostgreSQL 16 efímero	2026-09-19T04:15:11.6222975Z 81717818649a: Verifying Checksum
imagen API · migrate deploy + readiness (ASR-09)	PostgreSQL 16 efímero	2026-09-19T04:15:11.6223728Z 81717818649a: Download complete
imagen API · migrate deploy + readiness (ASR-09)	PostgreSQL 16 efímero	2026-09-19T04:15:11.6851654Z e2de96513ba9: Pull complete
imagen API · migrate deploy + readiness (ASR-09)	PostgreSQL 16 efímero	2026-09-19T04:15:11.7034936Z 1b7f9cd581ee: Pull complete
imagen API · migrate deploy + readiness (ASR-09)	PostgreSQL 16 efímero	2026-09-19T04:15:11.7139140Z 3ae6141cfd99: Verifying Checksum
imagen API · migrate deploy + readiness (ASR-09)	PostgreSQL 16 efímero	2026-09-19T04:15:11.7144550Z 3ae6141cfd99: Download complete
imagen API · migrate deploy + readiness (ASR-09)	PostgreSQL 16 efímero	2026-09-19T04:15:11.7329545Z 210b280f9556: Pull complete
imagen API · migrate deploy + readiness (ASR-09)	PostgreSQL 16 efímero	2026-09-19T04:15:11.7435103Z 81717818649a: Pull complete
imagen API · migrate deploy + readiness (ASR-09)	PostgreSQL 16 efímero	2026-09-19T04:15:11.7553198Z 3ae6141cfd99: Pull complete
imagen API · migrate deploy + readiness (ASR-09)	PostgreSQL 16 efímero	2026-09-19T04:15:11.8313131Z 6c25da34e03f: Verifying Checksum
imagen API · migrate deploy + readiness (ASR-09)	PostgreSQL 16 efímero	2026-09-19T04:15:11.8313713Z 6c25da34e03f: Download complete
imagen API · migrate deploy + readiness (ASR-09)	PostgreSQL 16 efímero	2026-09-19T04:15:11.9188276Z a88782f92806: Download complete
imagen API · migrate deploy + readiness (ASR-09)	PostgreSQL 16 efímero	2026-09-19T04:15:12.0345222Z d8d21be4bf02: Download complete
imagen API · migrate deploy + readiness (ASR-09)	PostgreSQL 16 efímero	2026-09-19T04:15:12.1322432Z 6117bd39f23f: Verifying Checksum
imagen API · migrate deploy + readiness (ASR-09)	PostgreSQL 16 efímero	2026-09-19T04:15:12.1323003Z 6117bd39f23f: Download complete
imagen API · migrate deploy + readiness (ASR-09)	PostgreSQL 16 efímero	2026-09-19T04:15:12.2360532Z 509688edf37b: Verifying Checksum
imagen API · migrate deploy + readiness (ASR-09)	PostgreSQL 16 efímero	2026-09-19T04:15:12.2361102Z 509688edf37b: Download complete
imagen API · migrate deploy + readiness (ASR-09)	PostgreSQL 16 efímero	2026-09-19T04:15:12.2951588Z 25b77f59fd95: Verifying Checksum
imagen API · migrate deploy + readiness (ASR-09)	PostgreSQL 16 efímero	2026-09-19T04:15:12.2952158Z 25b77f59fd95: Download complete
imagen API · migrate deploy + readiness (ASR-09)	PostgreSQL 16 efímero	2026-09-19T04:15:14.7777671Z 25b77f59fd95: Pull complete
imagen API · migrate deploy + readiness (ASR-09)	PostgreSQL 16 efímero	2026-09-19T04:15:14.7942070Z 6c25da34e03f: Pull complete
imagen API · migrate deploy + readiness (ASR-09)	PostgreSQL 16 efímero	2026-09-19T04:15:14.8029432Z a88782f92806: Pull complete
imagen API · migrate deploy + readiness (ASR-09)	PostgreSQL 16 efímero	2026-09-19T04:15:14.8124201Z d8d21be4bf02: Pull complete
imagen API · migrate deploy + readiness (ASR-09)	PostgreSQL 16 efímero	2026-09-19T04:15:14.8218765Z 6117bd39f23f: Pull complete
imagen API · migrate deploy + readiness (ASR-09)	PostgreSQL 16 efímero	2026-09-19T04:15:14.8308571Z 509688edf37b: Pull complete
imagen API · migrate deploy + readiness (ASR-09)	PostgreSQL 16 efímero	2026-09-19T04:15:14.8362154Z Digest: sha256:3c5c8892d184f738f4fe282d14ddaa613a38f00f4189d2d94725ebe6f2909ddb
imagen API · migrate deploy + readiness (ASR-09)	PostgreSQL 16 efímero	2026-09-19T04:15:14.8372877Z Status: Downloaded newer image for postgres:16-alpine
imagen API · migrate deploy + readiness (ASR-09)	PostgreSQL 16 efímero	2026-09-19T04:15:14.8572256Z 0273c045d1813529539ef5d56a9e282a536e0564d4d882cc61a462d8d2f3f899
imagen API · migrate deploy + readiness (ASR-09)	PostgreSQL 16 efímero	2026-09-19T04:15:15.0792791Z /var/run/postgresql:5432 - no response
imagen API · migrate deploy + readiness (ASR-09)	PostgreSQL 16 efímero	2026-09-19T04:15:17.1422808Z /var/run/postgresql:5432 - accepting connections
imagen API · migrate deploy + readiness (ASR-09)	Arranque del artefacto (migraciones como fase del deploy)	﻿2026-09-19T04:15:17.1484476Z ##[group]Run # Secreto efímero generado en el runner: nunca en el repositorio ni en el log (08 §32).
imagen API · migrate deploy + readiness (ASR-09)	Arranque del artefacto (migraciones como fase del deploy)	2026-09-19T04:15:17.1485187Z ^[[36;1m# Secreto efímero generado en el runner: nunca en el repositorio ni en el log (08 §32).^[[0m
imagen API · migrate deploy + readiness (ASR-09)	Arranque del artefacto (migraciones como fase del deploy)	2026-09-19T04:15:17.1485769Z ^[[36;1mdocker run -d --name api --network be -p 3000:3000 \^[[0m
imagen API · migrate deploy + readiness (ASR-09)	Arranque del artefacto (migraciones como fase del deploy)	2026-09-19T04:15:17.1486119Z ^[[36;1m  -e APP_ENV=test \^[[0m
imagen API · migrate deploy + readiness (ASR-09)	Arranque del artefacto (migraciones como fase del deploy)	2026-09-19T04:15:17.1486763Z ^[[36;1m  -e DATABASE_URL=***pg:5432/be_test \^[[0m
imagen API · migrate deploy + readiness (ASR-09)	Arranque del artefacto (migraciones como fase del deploy)	2026-09-19T04:15:17.1487108Z ^[[36;1m  -e JWT_SECRET="$(openssl rand -hex 32)" \^[[0m
imagen API · migrate deploy + readiness (ASR-09)	Arranque del artefacto (migraciones como fase del deploy)	2026-09-19T04:15:17.1487465Z ^[[36;1m  be-api:9b1aeb1fd7774bf96a0bb6dc313b10141ee9256c^[[0m
imagen API · migrate deploy + readiness (ASR-09)	Arranque del artefacto (migraciones como fase del deploy)	2026-09-19T04:15:17.1523634Z shell: /usr/bin/bash -e {0}
imagen API · migrate deploy + readiness (ASR-09)	Arranque del artefacto (migraciones como fase del deploy)	2026-09-19T04:15:17.1523896Z ##[endgroup]
imagen API · migrate deploy + readiness (ASR-09)	Arranque del artefacto (migraciones como fase del deploy)	2026-09-19T04:15:17.1941777Z 132b765575d26a23eb7f47b64e7b05a885f75149adf558b91d89882e3f4e9629
imagen API · migrate deploy + readiness (ASR-09)	Smoke — /health/ready 200 con el SHA esperado (07 §37)	﻿2026-09-19T04:15:17.3375130Z ##[group]Run for i in $(seq 1 30); do
imagen API · migrate deploy + readiness (ASR-09)	Smoke — /health/ready 200 con el SHA esperado (07 §37)	2026-09-19T04:15:17.3375708Z ^[[36;1mfor i in $(seq 1 30); do^[[0m
imagen API · migrate deploy + readiness (ASR-09)	Smoke — /health/ready 200 con el SHA esperado (07 §37)	2026-09-19T04:15:17.3376415Z ^[[36;1m  if curl -fsS http://localhost:3000/health/ready -o ready.json; then break; fi^[[0m
imagen API · migrate deploy + readiness (ASR-09)	Smoke — /health/ready 200 con el SHA esperado (07 §37)	2026-09-19T04:15:17.3377115Z ^[[36;1m  sleep 2^[[0m
imagen API · migrate deploy + readiness (ASR-09)	Smoke — /health/ready 200 con el SHA esperado (07 §37)	2026-09-19T04:15:17.3377461Z ^[[36;1mdone^[[0m
imagen API · migrate deploy + readiness (ASR-09)	Smoke — /health/ready 200 con el SHA esperado (07 §37)	2026-09-19T04:15:17.3377794Z ^[[36;1mdocker logs api^[[0m
imagen API · migrate deploy + readiness (ASR-09)	Smoke — /health/ready 200 con el SHA esperado (07 §37)	2026-09-19T04:15:17.3378180Z ^[[36;1mcat ready.json^[[0m
imagen API · migrate deploy + readiness (ASR-09)	Smoke — /health/ready 200 con el SHA esperado (07 §37)	2026-09-19T04:15:17.3378630Z ^[[36;1mtest "$(jq -r .data.estado ready.json)" = "OK"^[[0m
imagen API · migrate deploy + readiness (ASR-09)	Smoke — /health/ready 200 con el SHA esperado (07 §37)	2026-09-19T04:15:17.3379337Z ^[[36;1mtest "$(jq -r .data.dependencias.migraciones ready.json)" = "OK"^[[0m
imagen API · migrate deploy + readiness (ASR-09)	Smoke — /health/ready 200 con el SHA esperado (07 §37)	2026-09-19T04:15:17.3380261Z ^[[36;1mtest "$(jq -r .data.version.commit ready.json)" = "9b1aeb1fd7774bf96a0bb6dc313b10141ee9256c"^[[0m
imagen API · migrate deploy + readiness (ASR-09)	Smoke — /health/ready 200 con el SHA esperado (07 §37)	2026-09-19T04:15:17.3381535Z ^[[36;1mcurl -fsS http://localhost:3000/health/live^[[0m
imagen API · migrate deploy + readiness (ASR-09)	Smoke — /health/ready 200 con el SHA esperado (07 §37)	2026-09-19T04:15:17.3382322Z ^[[36;1mtest "$(curl -s -o /dev/null -w '%{http_code}' http://localhost:3000/api/v1/no-existe)" = "404"^[[0m
imagen API · migrate deploy + readiness (ASR-09)	Smoke — /health/ready 200 con el SHA esperado (07 §37)	2026-09-19T04:15:17.3430476Z shell: /usr/bin/bash -e {0}
imagen API · migrate deploy + readiness (ASR-09)	Smoke — /health/ready 200 con el SHA esperado (07 §37)	2026-09-19T04:15:17.3431185Z ##[endgroup]
imagen API · migrate deploy + readiness (ASR-09)	Smoke — /health/ready 200 con el SHA esperado (07 §37)	2026-09-19T04:15:17.3674341Z curl: (56) Recv failure: Connection reset by peer
imagen API · migrate deploy + readiness (ASR-09)	Smoke — /health/ready 200 con el SHA esperado (07 §37)	2026-09-19T04:15:19.3991874Z {"nivel":"info","evento":"migraciones_inicio"}
imagen API · migrate deploy + readiness (ASR-09)	Smoke — /health/ready 200 con el SHA esperado (07 §37)	2026-09-19T04:15:19.3992866Z Prisma schema loaded from prisma/schema.prisma
imagen API · migrate deploy + readiness (ASR-09)	Smoke — /health/ready 200 con el SHA esperado (07 §37)	2026-09-19T04:15:19.3993618Z Datasource "db": PostgreSQL database "be_test", schema "public" at "pg:5432"
imagen API · migrate deploy + readiness (ASR-09)	Smoke — /health/ready 200 con el SHA esperado (07 §37)	2026-09-19T04:15:19.3994144Z 
imagen API · migrate deploy + readiness (ASR-09)	Smoke — /health/ready 200 con el SHA esperado (07 §37)	2026-09-19T04:15:19.3994325Z 2 migrations found in prisma/migrations
imagen API · migrate deploy + readiness (ASR-09)	Smoke — /health/ready 200 con el SHA esperado (07 §37)	2026-09-19T04:15:19.3994639Z 
imagen API · migrate deploy + readiness (ASR-09)	Smoke — /health/ready 200 con el SHA esperado (07 §37)	2026-09-19T04:15:19.3994824Z Applying migration `20260916180000_identidad`
imagen API · migrate deploy + readiness (ASR-09)	Smoke — /health/ready 200 con el SHA esperado (07 §37)	2026-09-19T04:15:19.3995181Z Applying migration `20260918200000_identidad_y_sesiones`
imagen API · migrate deploy + readiness (ASR-09)	Smoke — /health/ready 200 con el SHA esperado (07 §37)	2026-09-19T04:15:19.3995431Z 
imagen API · migrate deploy + readiness (ASR-09)	Smoke — /health/ready 200 con el SHA esperado (07 §37)	2026-09-19T04:15:19.3995546Z The following migration(s) have been applied:
imagen API · migrate deploy + readiness (ASR-09)	Smoke — /health/ready 200 con el SHA esperado (07 §37)	2026-09-19T04:15:19.3995749Z 
imagen API · migrate deploy + readiness (ASR-09)	Smoke — /health/ready 200 con el SHA esperado (07 §37)	2026-09-19T04:15:19.3995828Z migrations/
imagen API · migrate deploy + readiness (ASR-09)	Smoke — /health/ready 200 con el SHA esperado (07 §37)	2026-09-19T04:15:19.3996258Z   └─ 20260916180000_identidad/
imagen API · migrate deploy + readiness (ASR-09)	Smoke — /health/ready 200 con el SHA esperado (07 §37)	2026-09-19T04:15:19.3996520Z     └─ migration.sql
imagen API · migrate deploy + readiness (ASR-09)	Smoke — /health/ready 200 con el SHA esperado (07 §37)	2026-09-19T04:15:19.3996796Z   └─ 20260918200000_identidad_y_sesiones/
imagen API · migrate deploy + readiness (ASR-09)	Smoke — /health/ready 200 con el SHA esperado (07 §37)	2026-09-19T04:15:19.3997422Z     └─ migration.sql
imagen API · migrate deploy + readiness (ASR-09)	Smoke — /health/ready 200 con el SHA esperado (07 §37)	2026-09-19T04:15:19.3997617Z       
imagen API · migrate deploy + readiness (ASR-09)	Smoke — /health/ready 200 con el SHA esperado (07 §37)	2026-09-19T04:15:19.3997832Z All migrations have been successfully applied.
imagen API · migrate deploy + readiness (ASR-09)	Smoke — /health/ready 200 con el SHA esperado (07 §37)	2026-09-19T04:15:19.3998156Z {"nivel":"info","evento":"migraciones_fin"}
imagen API · migrate deploy + readiness (ASR-09)	Smoke — /health/ready 200 con el SHA esperado (07 §37)	2026-09-19T04:15:19.3998890Z warn The configuration property `package.json#prisma` is deprecated and will be removed in Prisma 7. Please migrate to a Prisma config file (e.g., `prisma.config.ts`).
imagen API · migrate deploy + readiness (ASR-09)	Smoke — /health/ready 200 con el SHA esperado (07 §37)	2026-09-19T04:15:19.3999673Z For more information, see: https://pris.ly/prisma-config
imagen API · migrate deploy + readiness (ASR-09)	Smoke — /health/ready 200 con el SHA esperado (07 §37)	2026-09-19T04:15:19.3999928Z 
imagen API · migrate deploy + readiness (ASR-09)	Smoke — /health/ready 200 con el SHA esperado (07 §37)	2026-09-19T04:15:19.4000511Z {"nivel":"info","evento":"api_iniciada","ambiente":"test","version":{"aplicacion":"0.1.0","commit":"9b1aeb1fd7774bf96a0bb6dc313b10141ee9256c","construidoEn":"2026-09-19T04:15:05.197Z"},"puerto":3000}
imagen API · migrate deploy + readiness (ASR-09)	Smoke — /health/ready 200 con el SHA esperado (07 §37)	2026-09-19T04:15:19.4002477Z {"nivel":"info","requestId":"f9018bb5-661a-4ef9-b17d-2453a18696b0","metodo":"GET","ruta":"/health/ready","status":200,"duracionMs":7}
imagen API · migrate deploy + readiness (ASR-09)	Smoke — /health/ready 200 con el SHA esperado (07 §37)	2026-09-19T04:15:19.4258596Z {"data":{"estado":"OK","ambiente":"test","version":{"aplicacion":"0.1.0","commit":"9b1aeb1fd7774bf96a0bb6dc313b10141ee9256c","construidoEn":"2026-09-19T04:15:05.197Z"},"dependencias":{"baseDeDatos":"OK","migraciones":"OK"}}}{"data":{"estado":"OK","ambiente":"test","version":{"aplicacion":"0.1.0","commit":"9b1aeb1fd7774bf96a0bb6dc313b10141ee9256c","construidoEn":"2026-09-19T04:15:05.197Z"}}}
imagen API · migrate deploy + readiness (ASR-09)	Smoke e2e del artefacto — registro A1+A2 → login → /me → A3 no otorgado → logout (WP-02)	﻿2026-09-19T04:15:19.4289985Z ##[group]Run B=http://localhost:3000/api/v1
imagen API · migrate deploy + readiness (ASR-09)	Smoke e2e del artefacto — registro A1+A2 → login → /me → A3 no otorgado → logout (WP-02)	2026-09-19T04:15:19.4290386Z ^[[36;1mB=http://localhost:3000/api/v1^[[0m
imagen API · migrate deploy + readiness (ASR-09)	Smoke e2e del artefacto — registro A1+A2 → login → /me → A3 no otorgado → logout (WP-02)	2026-09-19T04:15:19.4290730Z ^[[36;1mCORREO="persona-ci-35420749794@example.invalid"^[[0m
imagen API · migrate deploy + readiness (ASR-09)	Smoke e2e del artefacto — registro A1+A2 → login → /me → A3 no otorgado → logout (WP-02)	2026-09-19T04:15:19.4292145Z ^[[36;1mjq -n --arg c "$CORREO" '{registrationIntent:"ADVISEE",identity:{localIdentifier:$c,localCredential:"clave-sintetica-de-ci-01"},termsAcceptance:{versionId:"terminos-2026-09-demo"},privacyAcknowledgement:{versionId:"privacidad-2026-09-demo"}}' > alta.json^[[0m
imagen API · migrate deploy + readiness (ASR-09)	Smoke e2e del artefacto — registro A1+A2 → login → /me → A3 no otorgado → logout (WP-02)	2026-09-19T04:15:19.4293584Z ^[[36;1mtest "$(curl -s -o /dev/null -w '%{http_code}' -H 'Content-Type: application/json' -H "Idempotency-Key: ci-35420749794" -d @alta.json $B/registrations)" = "201"^[[0m
imagen API · migrate deploy + readiness (ASR-09)	Smoke e2e del artefacto — registro A1+A2 → login → /me → A3 no otorgado → logout (WP-02)	2026-09-19T04:15:19.4294499Z ^[[36;1mjq -n --arg c "$CORREO" '{method:"LOCAL",identifier:$c,credential:"clave-sintetica-de-ci-01"}' > login.json^[[0m
imagen API · migrate deploy + readiness (ASR-09)	Smoke e2e del artefacto — registro A1+A2 → login → /me → A3 no otorgado → logout (WP-02)	2026-09-19T04:15:19.4295284Z ^[[36;1mTOKEN=$(curl -fsS -H 'Content-Type: application/json' -d @login.json $B/auth/sessions | jq -r .data.session.accessToken)^[[0m
imagen API · migrate deploy + readiness (ASR-09)	Smoke e2e del artefacto — registro A1+A2 → login → /me → A3 no otorgado → logout (WP-02)	2026-09-19T04:15:19.4295883Z ^[[36;1mecho "::add-mask::$TOKEN"^[[0m
imagen API · migrate deploy + readiness (ASR-09)	Smoke e2e del artefacto — registro A1+A2 → login → /me → A3 no otorgado → logout (WP-02)	2026-09-19T04:15:19.4296528Z ^[[36;1mtest "$(curl -fsS -H "Authorization: ***" $B/me | jq -r .data.accountOperationalState)" = "OPERATIVA"^[[0m
imagen API · migrate deploy + readiness (ASR-09)	Smoke e2e del artefacto — registro A1+A2 → login → /me → A3 no otorgado → logout (WP-02)	2026-09-19T04:15:19.4297341Z ^[[36;1mtest "$(curl -fsS -H "Authorization: ***" $B/me/health-data-consent-requirement | jq -c .data.currentConsent)" = "null"^[[0m
imagen API · migrate deploy + readiness (ASR-09)	Smoke e2e del artefacto — registro A1+A2 → login → /me → A3 no otorgado → logout (WP-02)	2026-09-19T04:15:19.4298178Z ^[[36;1mtest "$(curl -s -o /dev/null -w '%{http_code}' -X DELETE -H "Authorization: ***" $B/auth/sessions/current)" = "204"^[[0m
imagen API · migrate deploy + readiness (ASR-09)	Smoke e2e del artefacto — registro A1+A2 → login → /me → A3 no otorgado → logout (WP-02)	2026-09-19T04:15:19.4298886Z ^[[36;1mtest "$(curl -s -o /dev/null -w '%{http_code}' -H "Authorization: ***" $B/me)" = "401"^[[0m
imagen API · migrate deploy + readiness (ASR-09)	Smoke e2e del artefacto — registro A1+A2 → login → /me → A3 no otorgado → logout (WP-02)	2026-09-19T04:15:19.4299422Z ^[[36;1m# El log del contenedor no contiene la credencial ni el correo.^[[0m
imagen API · migrate deploy + readiness (ASR-09)	Smoke e2e del artefacto — registro A1+A2 → login → /me → A3 no otorgado → logout (WP-02)	2026-09-19T04:15:19.4299915Z ^[[36;1m! docker logs api 2>&1 | grep -q -e "clave-sintetica-de-ci-01" -e "$CORREO"^[[0m
imagen API · migrate deploy + readiness (ASR-09)	Smoke e2e del artefacto — registro A1+A2 → login → /me → A3 no otorgado → logout (WP-02)	2026-09-19T04:15:19.4335537Z shell: /usr/bin/bash -e {0}
imagen API · migrate deploy + readiness (ASR-09)	Smoke e2e del artefacto — registro A1+A2 → login → /me → A3 no otorgado → logout (WP-02)	2026-09-19T04:15:19.4335799Z ##[endgroup]
imagen API · migrate deploy + readiness (ASR-09)	Post Run actions/checkout@v7	﻿2026-09-19T04:15:19.7326110Z Post job cleanup.
imagen API · migrate deploy + readiness (ASR-09)	Post Run actions/checkout@v7	2026-09-19T04:15:19.8207426Z [command]/usr/bin/git version
imagen API · migrate deploy + readiness (ASR-09)	Post Run actions/checkout@v7	2026-09-19T04:15:19.8263925Z git version 2.55.0
imagen API · migrate deploy + readiness (ASR-09)	Post Run actions/checkout@v7	2026-09-19T04:15:19.8306466Z Temporarily overriding HOME='/home/runner/work/_temp/9dc0c28d-8a0e-4e79-b28b-ef6a1df36f0b' before making global git config changes
imagen API · migrate deploy + readiness (ASR-09)	Post Run actions/checkout@v7	2026-09-19T04:15:19.8307845Z Adding repository directory to the temporary git global config as a safe directory
imagen API · migrate deploy + readiness (ASR-09)	Post Run actions/checkout@v7	2026-09-19T04:15:19.8314271Z [command]/usr/bin/git config --global --add safe.directory /home/runner/work/be/be
imagen API · migrate deploy + readiness (ASR-09)	Post Run actions/checkout@v7	2026-09-19T04:15:19.8349138Z Removing SSH command configuration
imagen API · migrate deploy + readiness (ASR-09)	Post Run actions/checkout@v7	2026-09-19T04:15:19.8357248Z [command]/usr/bin/git config --local --name-only --get-regexp core\.sshCommand
imagen API · migrate deploy + readiness (ASR-09)	Post Run actions/checkout@v7	2026-09-19T04:15:19.8397939Z [command]/usr/bin/git submodule foreach --recursive sh -c "git config --local --name-only --get-regexp 'core\.sshCommand' && git config --local --unset-all 'core.sshCommand' || :"
imagen API · migrate deploy + readiness (ASR-09)	Post Run actions/checkout@v7	2026-09-19T04:15:19.8649062Z Removing HTTP extra header
imagen API · migrate deploy + readiness (ASR-09)	Post Run actions/checkout@v7	2026-09-19T04:15:19.8654739Z [command]/usr/bin/git config --local --name-only --get-regexp http\.https\:\/\/github\.com\/\.extraheader
imagen API · migrate deploy + readiness (ASR-09)	Post Run actions/checkout@v7	2026-09-19T04:15:19.8704307Z [command]/usr/bin/git submodule foreach --recursive sh -c "git config --local --name-only --get-regexp 'http\.https\:\/\/github\.com\/\.extraheader' && git config --local --unset-all 'http.https://github.com/.extraheader' || :"
imagen API · migrate deploy + readiness (ASR-09)	Post Run actions/checkout@v7	2026-09-19T04:15:19.8951283Z Removing includeIf entries pointing to credentials config files
imagen API · migrate deploy + readiness (ASR-09)	Post Run actions/checkout@v7	2026-09-19T04:15:19.8957571Z [command]/usr/bin/git config --local --name-only --get-regexp ^includeIf\.gitdir:
imagen API · migrate deploy + readiness (ASR-09)	Post Run actions/checkout@v7	2026-09-19T04:15:19.8994800Z includeif.gitdir:/home/runner/work/be/be/.git.path
imagen API · migrate deploy + readiness (ASR-09)	Post Run actions/checkout@v7	2026-09-19T04:15:19.8996223Z includeif.gitdir:/home/runner/work/be/be/.git/worktrees/*.path
imagen API · migrate deploy + readiness (ASR-09)	Post Run actions/checkout@v7	2026-09-19T04:15:19.8996950Z includeif.gitdir:/github/workspace/.git.path
imagen API · migrate deploy + readiness (ASR-09)	Post Run actions/checkout@v7	2026-09-19T04:15:19.8997543Z includeif.gitdir:/github/workspace/.git/worktrees/*.path
imagen API · migrate deploy + readiness (ASR-09)	Post Run actions/checkout@v7	2026-09-19T04:15:19.9006285Z [command]/usr/bin/git config --local --get-all includeif.gitdir:/home/runner/work/be/be/.git.path
imagen API · migrate deploy + readiness (ASR-09)	Post Run actions/checkout@v7	2026-09-19T04:15:19.9036424Z /home/runner/work/_temp/git-credentials-fa316c92-c0aa-4d42-b7db-347d2473679c.config
imagen API · migrate deploy + readiness (ASR-09)	Post Run actions/checkout@v7	2026-09-19T04:15:19.9048163Z [command]/usr/bin/git config --local --unset includeif.gitdir:/home/runner/work/be/be/.git.path \/home\/runner\/work\/_temp\/git\-credentials\-fa316c92\-c0aa\-4d42\-b7db\-347d2473679c\.config
imagen API · migrate deploy + readiness (ASR-09)	Post Run actions/checkout@v7	2026-09-19T04:15:19.9096075Z [command]/usr/bin/git config --local --get-all includeif.gitdir:/home/runner/work/be/be/.git/worktrees/*.path
imagen API · migrate deploy + readiness (ASR-09)	Post Run actions/checkout@v7	2026-09-19T04:15:19.9129908Z /home/runner/work/_temp/git-credentials-fa316c92-c0aa-4d42-b7db-347d2473679c.config
imagen API · migrate deploy + readiness (ASR-09)	Post Run actions/checkout@v7	2026-09-19T04:15:19.9149682Z [command]/usr/bin/git config --local --unset includeif.gitdir:/home/runner/work/be/be/.git/worktrees/*.path \/home\/runner\/work\/_temp\/git\-credentials\-fa316c92\-c0aa\-4d42\-b7db\-347d2473679c\.config
imagen API · migrate deploy + readiness (ASR-09)	Post Run actions/checkout@v7	2026-09-19T04:15:19.9191569Z [command]/usr/bin/git config --local --get-all includeif.gitdir:/github/workspace/.git.path
imagen API · migrate deploy + readiness (ASR-09)	Post Run actions/checkout@v7	2026-09-19T04:15:19.9220688Z /github/runner_temp/git-credentials-fa316c92-c0aa-4d42-b7db-347d2473679c.config
imagen API · migrate deploy + readiness (ASR-09)	Post Run actions/checkout@v7	2026-09-19T04:15:19.9228354Z [command]/usr/bin/git config --local --unset includeif.gitdir:/github/workspace/.git.path \/github\/runner_temp\/git\-credentials\-fa316c92\-c0aa\-4d42\-b7db\-347d2473679c\.config
imagen API · migrate deploy + readiness (ASR-09)	Post Run actions/checkout@v7	2026-09-19T04:15:19.9266363Z [command]/usr/bin/git config --local --get-all includeif.gitdir:/github/workspace/.git/worktrees/*.path
imagen API · migrate deploy + readiness (ASR-09)	Post Run actions/checkout@v7	2026-09-19T04:15:19.9293216Z /github/runner_temp/git-credentials-fa316c92-c0aa-4d42-b7db-347d2473679c.config
imagen API · migrate deploy + readiness (ASR-09)	Post Run actions/checkout@v7	2026-09-19T04:15:19.9302913Z [command]/usr/bin/git config --local --unset includeif.gitdir:/github/workspace/.git/worktrees/*.path \/github\/runner_temp\/git\-credentials\-fa316c92\-c0aa\-4d42\-b7db\-347d2473679c\.config
imagen API · migrate deploy + readiness (ASR-09)	Post Run actions/checkout@v7	2026-09-19T04:15:19.9342684Z [command]/usr/bin/git submodule foreach --recursive git config --local --show-origin --name-only --get-regexp remote.origin.url
imagen API · migrate deploy + readiness (ASR-09)	Post Run actions/checkout@v7	2026-09-19T04:15:19.9565663Z Removing credentials config '/home/runner/work/_temp/git-credentials-fa316c92-c0aa-4d42-b7db-347d2473679c.config'
imagen API · migrate deploy + readiness (ASR-09)	Complete job	﻿2026-09-19T04:15:19.9707024Z Cleaning up orphan processes
integración · PostgreSQL 16 (Testcontainers)	Set up job	﻿2026-09-19T04:14:32.0181850Z Current runner version: '2.337.0'
integración · PostgreSQL 16 (Testcontainers)	Set up job	2026-09-19T04:14:32.0219352Z ##[group]Runner Image Provisioner
integración · PostgreSQL 16 (Testcontainers)	Set up job	2026-09-19T04:14:32.0220970Z Hosted Compute Agent
integración · PostgreSQL 16 (Testcontainers)	Set up job	2026-09-19T04:14:32.0222043Z Version: 20260828.587
integración · PostgreSQL 16 (Testcontainers)	Set up job	2026-09-19T04:14:32.0223356Z Commit: abac92662cab4cc7352de4f9f9d2e2419aad9c29
integración · PostgreSQL 16 (Testcontainers)	Set up job	2026-09-19T04:14:32.0224669Z Build Date: 2026-08-28T16:44:25Z
integración · PostgreSQL 16 (Testcontainers)	Set up job	2026-09-19T04:14:32.0225914Z Worker ID: {598edf3c-ca96-4899-ba39-24e523d4aa51}
integración · PostgreSQL 16 (Testcontainers)	Set up job	2026-09-19T04:14:32.0227602Z Azure Region: eastus
integración · PostgreSQL 16 (Testcontainers)	Set up job	2026-09-19T04:14:32.0228583Z ##[endgroup]
integración · PostgreSQL 16 (Testcontainers)	Set up job	2026-09-19T04:14:32.0230865Z ##[group]Operating System
integración · PostgreSQL 16 (Testcontainers)	Set up job	2026-09-19T04:14:32.0231931Z Ubuntu
integración · PostgreSQL 16 (Testcontainers)	Set up job	2026-09-19T04:14:32.0232865Z 24.04.5
integración · PostgreSQL 16 (Testcontainers)	Set up job	2026-09-19T04:14:32.0233757Z LTS
integración · PostgreSQL 16 (Testcontainers)	Set up job	2026-09-19T04:14:32.0234669Z ##[endgroup]
integración · PostgreSQL 16 (Testcontainers)	Set up job	2026-09-19T04:14:32.0235719Z ##[group]Runner Image
integración · PostgreSQL 16 (Testcontainers)	Set up job	2026-09-19T04:14:32.0237095Z Image: ubuntu-24.04
integración · PostgreSQL 16 (Testcontainers)	Set up job	2026-09-19T04:14:32.0238327Z Version: 20260907.300.1
integración · PostgreSQL 16 (Testcontainers)	Set up job	2026-09-19T04:14:32.0240299Z Included Software: https://github.com/actions/runner-images/blob/ubuntu24/20260907.300/images/ubuntu/Ubuntu2404-Readme.md
integración · PostgreSQL 16 (Testcontainers)	Set up job	2026-09-19T04:14:32.0243547Z Image Release: https://github.com/actions/runner-images/releases/tag/ubuntu24%2F20260907.300
integración · PostgreSQL 16 (Testcontainers)	Set up job	2026-09-19T04:14:32.0245392Z ##[endgroup]
integración · PostgreSQL 16 (Testcontainers)	Set up job	2026-09-19T04:14:32.0247538Z ##[group]GITHUB_TOKEN Permissions
integración · PostgreSQL 16 (Testcontainers)	Set up job	2026-09-19T04:14:32.0250277Z Contents: read
integración · PostgreSQL 16 (Testcontainers)	Set up job	2026-09-19T04:14:32.0251329Z Metadata: read
integración · PostgreSQL 16 (Testcontainers)	Set up job	2026-09-19T04:14:32.0252403Z ##[endgroup]
integración · PostgreSQL 16 (Testcontainers)	Set up job	2026-09-19T04:14:32.0255524Z Secret source: Actions
integración · PostgreSQL 16 (Testcontainers)	Set up job	2026-09-19T04:14:32.0257519Z Cache mode: write
integración · PostgreSQL 16 (Testcontainers)	Set up job	2026-09-19T04:14:32.0258745Z Prepare workflow directory
integración · PostgreSQL 16 (Testcontainers)	Set up job	2026-09-19T04:14:32.0755103Z Prepare all required actions
integración · PostgreSQL 16 (Testcontainers)	Set up job	2026-09-19T04:14:32.0827773Z Getting action download info
integración · PostgreSQL 16 (Testcontainers)	Set up job	2026-09-19T04:14:32.2851784Z Download action repository 'actions/checkout@v7' (SHA:3d3c42e5aac5ba805825da76410c181273ba90b1)
integración · PostgreSQL 16 (Testcontainers)	Set up job	2026-09-19T04:14:32.3922559Z Download action repository 'actions/setup-node@v7' (SHA:820762786026740c76f36085b0efc47a31fe5020)
integración · PostgreSQL 16 (Testcontainers)	Set up job	2026-09-19T04:14:32.5193581Z Download action repository 'actions/upload-artifact@v4' (SHA:ea165f8d65b6e75b540449e92b4886f43607fa02)
integración · PostgreSQL 16 (Testcontainers)	Set up job	2026-09-19T04:14:32.7316153Z Complete job name: integración · PostgreSQL 16 (Testcontainers)
integración · PostgreSQL 16 (Testcontainers)	Run actions/checkout@v7	﻿2026-09-19T04:14:32.8080177Z ##[group]Run actions/checkout@v7
integración · PostgreSQL 16 (Testcontainers)	Run actions/checkout@v7	2026-09-19T04:14:32.8081258Z with:
integración · PostgreSQL 16 (Testcontainers)	Run actions/checkout@v7	2026-09-19T04:14:32.8081722Z   repository: Elian-Bufi/be
integración · PostgreSQL 16 (Testcontainers)	Run actions/checkout@v7	2026-09-19T04:14:32.8085520Z   token: ***
integración · PostgreSQL 16 (Testcontainers)	Run actions/checkout@v7	2026-09-19T04:14:32.8085957Z   ssh-strict: true
integración · PostgreSQL 16 (Testcontainers)	Run actions/checkout@v7	2026-09-19T04:14:32.8086399Z   ssh-user: git
integración · PostgreSQL 16 (Testcontainers)	Run actions/checkout@v7	2026-09-19T04:14:32.8087047Z   persist-credentials: true
integración · PostgreSQL 16 (Testcontainers)	Run actions/checkout@v7	2026-09-19T04:14:32.8087546Z   clean: true
integración · PostgreSQL 16 (Testcontainers)	Run actions/checkout@v7	2026-09-19T04:14:32.8087986Z   sparse-checkout-cone-mode: true
integración · PostgreSQL 16 (Testcontainers)	Run actions/checkout@v7	2026-09-19T04:14:32.8088506Z   fetch-depth: 1
integración · PostgreSQL 16 (Testcontainers)	Run actions/checkout@v7	2026-09-19T04:14:32.8088928Z   fetch-tags: false
integración · PostgreSQL 16 (Testcontainers)	Run actions/checkout@v7	2026-09-19T04:14:32.8089384Z   show-progress: true
integración · PostgreSQL 16 (Testcontainers)	Run actions/checkout@v7	2026-09-19T04:14:32.8089825Z   lfs: false
integración · PostgreSQL 16 (Testcontainers)	Run actions/checkout@v7	2026-09-19T04:14:32.8090230Z   submodules: false
integración · PostgreSQL 16 (Testcontainers)	Run actions/checkout@v7	2026-09-19T04:14:32.8090681Z   set-safe-directory: true
integración · PostgreSQL 16 (Testcontainers)	Run actions/checkout@v7	2026-09-19T04:14:32.8091182Z   allow-unsafe-pr-checkout: false
integración · PostgreSQL 16 (Testcontainers)	Run actions/checkout@v7	2026-09-19T04:14:32.8091976Z ##[endgroup]
integración · PostgreSQL 16 (Testcontainers)	Run actions/checkout@v7	2026-09-19T04:14:32.9083003Z Syncing repository: Elian-Bufi/be
integración · PostgreSQL 16 (Testcontainers)	Run actions/checkout@v7	2026-09-19T04:14:32.9085648Z ##[group]Getting Git version info
integración · PostgreSQL 16 (Testcontainers)	Run actions/checkout@v7	2026-09-19T04:14:32.9086738Z Working directory is '/home/runner/work/be/be'
integración · PostgreSQL 16 (Testcontainers)	Run actions/checkout@v7	2026-09-19T04:14:32.9088582Z [command]/usr/bin/git version
integración · PostgreSQL 16 (Testcontainers)	Run actions/checkout@v7	2026-09-19T04:14:32.9164963Z git version 2.55.0
integración · PostgreSQL 16 (Testcontainers)	Run actions/checkout@v7	2026-09-19T04:14:32.9188050Z ##[endgroup]
integración · PostgreSQL 16 (Testcontainers)	Run actions/checkout@v7	2026-09-19T04:14:32.9199371Z Temporarily overriding HOME='/home/runner/work/_temp/15c5419b-b3d7-446f-990d-9aee7314acc1' before making global git config changes
integración · PostgreSQL 16 (Testcontainers)	Run actions/checkout@v7	2026-09-19T04:14:32.9202035Z Adding repository directory to the temporary git global config as a safe directory
integración · PostgreSQL 16 (Testcontainers)	Run actions/checkout@v7	2026-09-19T04:14:32.9205704Z [command]/usr/bin/git config --global --add safe.directory /home/runner/work/be/be
integración · PostgreSQL 16 (Testcontainers)	Run actions/checkout@v7	2026-09-19T04:14:32.9262191Z Deleting the contents of '/home/runner/work/be/be'
integración · PostgreSQL 16 (Testcontainers)	Run actions/checkout@v7	2026-09-19T04:14:32.9265868Z ##[group]Determining repository object format
integración · PostgreSQL 16 (Testcontainers)	Run actions/checkout@v7	2026-09-19T04:14:32.9267997Z ##[endgroup]
integración · PostgreSQL 16 (Testcontainers)	Run actions/checkout@v7	2026-09-19T04:14:32.9269409Z ##[group]Initializing the repository
integración · PostgreSQL 16 (Testcontainers)	Run actions/checkout@v7	2026-09-19T04:14:32.9273167Z [command]/usr/bin/git init /home/runner/work/be/be
integración · PostgreSQL 16 (Testcontainers)	Run actions/checkout@v7	2026-09-19T04:14:32.9417506Z hint: Using 'master' as the name for the initial branch. This default branch name
integración · PostgreSQL 16 (Testcontainers)	Run actions/checkout@v7	2026-09-19T04:14:32.9419251Z hint: will change to "main" in Git 3.0. To configure the initial branch name
integración · PostgreSQL 16 (Testcontainers)	Run actions/checkout@v7	2026-09-19T04:14:32.9420241Z hint: to use in all of your new repositories, which will suppress this warning,
integración · PostgreSQL 16 (Testcontainers)	Run actions/checkout@v7	2026-09-19T04:14:32.9420986Z hint: call:
integración · PostgreSQL 16 (Testcontainers)	Run actions/checkout@v7	2026-09-19T04:14:32.9421394Z hint:
integración · PostgreSQL 16 (Testcontainers)	Run actions/checkout@v7	2026-09-19T04:14:32.9421909Z hint: 	git config --global init.defaultBranch <name>
integración · PostgreSQL 16 (Testcontainers)	Run actions/checkout@v7	2026-09-19T04:14:32.9422530Z hint:
integración · PostgreSQL 16 (Testcontainers)	Run actions/checkout@v7	2026-09-19T04:14:32.9423111Z hint: Names commonly chosen instead of 'master' are 'main', 'trunk' and
integración · PostgreSQL 16 (Testcontainers)	Run actions/checkout@v7	2026-09-19T04:14:32.9424050Z hint: 'development'. The just-created branch can be renamed via this command:
integración · PostgreSQL 16 (Testcontainers)	Run actions/checkout@v7	2026-09-19T04:14:32.9424787Z hint:
integración · PostgreSQL 16 (Testcontainers)	Run actions/checkout@v7	2026-09-19T04:14:32.9425206Z hint: 	git branch -m <name>
integración · PostgreSQL 16 (Testcontainers)	Run actions/checkout@v7	2026-09-19T04:14:32.9425681Z hint:
integración · PostgreSQL 16 (Testcontainers)	Run actions/checkout@v7	2026-09-19T04:14:32.9426352Z hint: Disable this message with "git config set advice.defaultBranchName false"
integración · PostgreSQL 16 (Testcontainers)	Run actions/checkout@v7	2026-09-19T04:14:32.9432487Z Initialized empty Git repository in /home/runner/work/be/be/.git/
integración · PostgreSQL 16 (Testcontainers)	Run actions/checkout@v7	2026-09-19T04:14:32.9443029Z [command]/usr/bin/git remote add origin https://github.com/Elian-Bufi/be
integración · PostgreSQL 16 (Testcontainers)	Run actions/checkout@v7	2026-09-19T04:14:32.9499324Z ##[endgroup]
integración · PostgreSQL 16 (Testcontainers)	Run actions/checkout@v7	2026-09-19T04:14:32.9500623Z ##[group]Disabling automatic garbage collection
integración · PostgreSQL 16 (Testcontainers)	Run actions/checkout@v7	2026-09-19T04:14:32.9503073Z [command]/usr/bin/git config --local gc.auto 0
integración · PostgreSQL 16 (Testcontainers)	Run actions/checkout@v7	2026-09-19T04:14:32.9542408Z ##[endgroup]
integración · PostgreSQL 16 (Testcontainers)	Run actions/checkout@v7	2026-09-19T04:14:32.9543276Z ##[group]Setting up auth
integración · PostgreSQL 16 (Testcontainers)	Run actions/checkout@v7	2026-09-19T04:14:32.9549733Z Removing SSH command configuration
integración · PostgreSQL 16 (Testcontainers)	Run actions/checkout@v7	2026-09-19T04:14:32.9550787Z [command]/usr/bin/git config --local --name-only --get-regexp core\.sshCommand
integración · PostgreSQL 16 (Testcontainers)	Run actions/checkout@v7	2026-09-19T04:14:32.9584442Z [command]/usr/bin/git submodule foreach --recursive sh -c "git config --local --name-only --get-regexp 'core\.sshCommand' && git config --local --unset-all 'core.sshCommand' || :"
integración · PostgreSQL 16 (Testcontainers)	Run actions/checkout@v7	2026-09-19T04:14:33.0017529Z Removing HTTP extra header
integración · PostgreSQL 16 (Testcontainers)	Run actions/checkout@v7	2026-09-19T04:14:33.0025679Z [command]/usr/bin/git config --local --name-only --get-regexp http\.https\:\/\/github\.com\/\.extraheader
integración · PostgreSQL 16 (Testcontainers)	Run actions/checkout@v7	2026-09-19T04:14:33.0063483Z [command]/usr/bin/git submodule foreach --recursive sh -c "git config --local --name-only --get-regexp 'http\.https\:\/\/github\.com\/\.extraheader' && git config --local --unset-all 'http.https://github.com/.extraheader' || :"
integración · PostgreSQL 16 (Testcontainers)	Run actions/checkout@v7	2026-09-19T04:14:33.0331434Z Removing includeIf entries pointing to credentials config files
integración · PostgreSQL 16 (Testcontainers)	Run actions/checkout@v7	2026-09-19T04:14:33.0333111Z [command]/usr/bin/git config --local --name-only --get-regexp ^includeIf\.gitdir:
integración · PostgreSQL 16 (Testcontainers)	Run actions/checkout@v7	2026-09-19T04:14:33.0367252Z [command]/usr/bin/git submodule foreach --recursive git config --local --show-origin --name-only --get-regexp remote.origin.url
integración · PostgreSQL 16 (Testcontainers)	Run actions/checkout@v7	2026-09-19T04:14:33.0624421Z [command]/usr/bin/git config --file /home/runner/work/_temp/git-credentials-14d82378-2302-4b8e-9c03-989a54b663d5.config http.https://github.com/.extraheader AUTHORIZATION: basic ***
integración · PostgreSQL 16 (Testcontainers)	Run actions/checkout@v7	2026-09-19T04:14:33.0667149Z [command]/usr/bin/git config --local includeIf.gitdir:/home/runner/work/be/be/.git.path /home/runner/work/_temp/git-credentials-14d82378-2302-4b8e-9c03-989a54b663d5.config
integración · PostgreSQL 16 (Testcontainers)	Run actions/checkout@v7	2026-09-19T04:14:33.0703325Z [command]/usr/bin/git config --local includeIf.gitdir:/home/runner/work/be/be/.git/worktrees/*.path /home/runner/work/_temp/git-credentials-14d82378-2302-4b8e-9c03-989a54b663d5.config
integración · PostgreSQL 16 (Testcontainers)	Run actions/checkout@v7	2026-09-19T04:14:33.0742929Z [command]/usr/bin/git config --local includeIf.gitdir:/github/workspace/.git.path /github/runner_temp/git-credentials-14d82378-2302-4b8e-9c03-989a54b663d5.config
integración · PostgreSQL 16 (Testcontainers)	Run actions/checkout@v7	2026-09-19T04:14:33.0778789Z [command]/usr/bin/git config --local includeIf.gitdir:/github/workspace/.git/worktrees/*.path /github/runner_temp/git-credentials-14d82378-2302-4b8e-9c03-989a54b663d5.config
integración · PostgreSQL 16 (Testcontainers)	Run actions/checkout@v7	2026-09-19T04:14:33.0812286Z ##[endgroup]
integración · PostgreSQL 16 (Testcontainers)	Run actions/checkout@v7	2026-09-19T04:14:33.0813958Z ##[group]Fetching the repository
integración · PostgreSQL 16 (Testcontainers)	Run actions/checkout@v7	2026-09-19T04:14:33.0820039Z [command]/usr/bin/git -c protocol.version=2 fetch --no-tags --prune --no-recurse-submodules --depth=1 origin +9b1aeb1fd7774bf96a0bb6dc313b10141ee9256c:refs/remotes/origin/main
integración · PostgreSQL 16 (Testcontainers)	Run actions/checkout@v7	2026-09-19T04:14:33.5369583Z From https://github.com/Elian-Bufi/be
integración · PostgreSQL 16 (Testcontainers)	Run actions/checkout@v7	2026-09-19T04:14:33.5371579Z  * [new ref]         9b1aeb1fd7774bf96a0bb6dc313b10141ee9256c -> origin/main
integración · PostgreSQL 16 (Testcontainers)	Run actions/checkout@v7	2026-09-19T04:14:33.5399508Z [command]/usr/bin/git branch --list --remote origin/main
integración · PostgreSQL 16 (Testcontainers)	Run actions/checkout@v7	2026-09-19T04:14:33.5410561Z   origin/main
integración · PostgreSQL 16 (Testcontainers)	Run actions/checkout@v7	2026-09-19T04:14:33.5428067Z [command]/usr/bin/git rev-parse refs/remotes/origin/main
integración · PostgreSQL 16 (Testcontainers)	Run actions/checkout@v7	2026-09-19T04:14:33.5450568Z 9b1aeb1fd7774bf96a0bb6dc313b10141ee9256c
integración · PostgreSQL 16 (Testcontainers)	Run actions/checkout@v7	2026-09-19T04:14:33.5461168Z ##[endgroup]
integración · PostgreSQL 16 (Testcontainers)	Run actions/checkout@v7	2026-09-19T04:14:33.5462799Z ##[group]Determining the checkout info
integración · PostgreSQL 16 (Testcontainers)	Run actions/checkout@v7	2026-09-19T04:14:33.5464579Z ##[endgroup]
integración · PostgreSQL 16 (Testcontainers)	Run actions/checkout@v7	2026-09-19T04:14:33.5465556Z [command]/usr/bin/git sparse-checkout disable
integración · PostgreSQL 16 (Testcontainers)	Run actions/checkout@v7	2026-09-19T04:14:33.5522650Z [command]/usr/bin/git config --local --unset-all extensions.worktreeConfig
integración · PostgreSQL 16 (Testcontainers)	Run actions/checkout@v7	2026-09-19T04:14:33.5561917Z ##[group]Checking out the ref
integración · PostgreSQL 16 (Testcontainers)	Run actions/checkout@v7	2026-09-19T04:14:33.5566034Z [command]/usr/bin/git checkout --progress --force -B main refs/remotes/origin/main
integración · PostgreSQL 16 (Testcontainers)	Run actions/checkout@v7	2026-09-19T04:14:33.6389895Z Switched to a new branch 'main'
integración · PostgreSQL 16 (Testcontainers)	Run actions/checkout@v7	2026-09-19T04:14:33.6395097Z branch 'main' set up to track 'origin/main'.
integración · PostgreSQL 16 (Testcontainers)	Run actions/checkout@v7	2026-09-19T04:14:33.6405930Z ##[endgroup]
integración · PostgreSQL 16 (Testcontainers)	Run actions/checkout@v7	2026-09-19T04:14:33.6457950Z [command]/usr/bin/git log -1 --format=%H
integración · PostgreSQL 16 (Testcontainers)	Run actions/checkout@v7	2026-09-19T04:14:33.6488319Z 9b1aeb1fd7774bf96a0bb6dc313b10141ee9256c
integración · PostgreSQL 16 (Testcontainers)	Run actions/setup-node@v7	﻿2026-09-19T04:14:33.6892501Z ##[group]Run actions/setup-node@v7
integración · PostgreSQL 16 (Testcontainers)	Run actions/setup-node@v7	2026-09-19T04:14:33.6893255Z with:
integración · PostgreSQL 16 (Testcontainers)	Run actions/setup-node@v7	2026-09-19T04:14:33.6893785Z   node-version-file: .nvmrc
integración · PostgreSQL 16 (Testcontainers)	Run actions/setup-node@v7	2026-09-19T04:14:33.6894376Z   cache: npm
integración · PostgreSQL 16 (Testcontainers)	Run actions/setup-node@v7	2026-09-19T04:14:33.6894837Z   check-latest: false
integración · PostgreSQL 16 (Testcontainers)	Run actions/setup-node@v7	2026-09-19T04:14:33.6903302Z   token: ***
integración · PostgreSQL 16 (Testcontainers)	Run actions/setup-node@v7	2026-09-19T04:14:33.6903837Z   package-manager-cache: true
integración · PostgreSQL 16 (Testcontainers)	Run actions/setup-node@v7	2026-09-19T04:14:33.6904467Z ##[endgroup]
integración · PostgreSQL 16 (Testcontainers)	Run actions/setup-node@v7	2026-09-19T04:14:33.8151572Z Node version file is not JSON file
integración · PostgreSQL 16 (Testcontainers)	Run actions/setup-node@v7	2026-09-19T04:14:33.8153107Z Resolved .nvmrc as 22.23.2
integración · PostgreSQL 16 (Testcontainers)	Run actions/setup-node@v7	2026-09-19T04:14:33.8189540Z Found in cache @ /opt/hostedtoolcache/node/22.23.2/x64
integración · PostgreSQL 16 (Testcontainers)	Run actions/setup-node@v7	2026-09-19T04:14:33.8192491Z ##[group]Environment details
integración · PostgreSQL 16 (Testcontainers)	Run actions/setup-node@v7	2026-09-19T04:14:34.2379335Z node: v22.23.2
integración · PostgreSQL 16 (Testcontainers)	Run actions/setup-node@v7	2026-09-19T04:14:34.2380333Z npm: 10.9.8
integración · PostgreSQL 16 (Testcontainers)	Run actions/setup-node@v7	2026-09-19T04:14:34.2380774Z yarn: 1.22.22
integración · PostgreSQL 16 (Testcontainers)	Run actions/setup-node@v7	2026-09-19T04:14:34.2381762Z ##[endgroup]
integración · PostgreSQL 16 (Testcontainers)	Run actions/setup-node@v7	2026-09-19T04:14:34.2401129Z [command]/opt/hostedtoolcache/node/22.23.2/x64/bin/npm config get cache
integración · PostgreSQL 16 (Testcontainers)	Run actions/setup-node@v7	2026-09-19T04:14:34.3576432Z /home/runner/.npm
integración · PostgreSQL 16 (Testcontainers)	Run actions/setup-node@v7	2026-09-19T04:14:34.4264735Z Cache hit for: node-cache-Linux-x64-npm-035442b6e162ca43476981c9c2b12aaf09857145993c221f83d7202f95647faa
integración · PostgreSQL 16 (Testcontainers)	Run actions/setup-node@v7	2026-09-19T04:14:35.4818370Z Received 176160768 of 334991070 (52.6%), 167.2 MBs/sec
integración · PostgreSQL 16 (Testcontainers)	Run actions/setup-node@v7	2026-09-19T04:14:36.2711264Z Received 334991070 of 334991070 (100.0%), 178.1 MBs/sec
integración · PostgreSQL 16 (Testcontainers)	Run actions/setup-node@v7	2026-09-19T04:14:36.2717847Z Cache Size: ~319 MB (334991070 B)
integración · PostgreSQL 16 (Testcontainers)	Run actions/setup-node@v7	2026-09-19T04:14:36.2840052Z [command]/usr/bin/tar -xf /home/runner/work/_temp/c194c13e-061c-46ef-8f0c-f009f8cbe94e/cache.tzst -P -C /home/runner/work/be/be --use-compress-program unzstd
integración · PostgreSQL 16 (Testcontainers)	Run actions/setup-node@v7	2026-09-19T04:14:36.9062524Z Cache restored successfully
integración · PostgreSQL 16 (Testcontainers)	Run actions/setup-node@v7	2026-09-19T04:14:36.9210375Z Cache restored from key: node-cache-Linux-x64-npm-035442b6e162ca43476981c9c2b12aaf09857145993c221f83d7202f95647faa
integración · PostgreSQL 16 (Testcontainers)	Run npm ci	﻿2026-09-19T04:14:36.9401043Z ##[group]Run npm ci
integración · PostgreSQL 16 (Testcontainers)	Run npm ci	2026-09-19T04:14:36.9401402Z ^[[36;1mnpm ci^[[0m
integración · PostgreSQL 16 (Testcontainers)	Run npm ci	2026-09-19T04:14:36.9449899Z shell: /usr/bin/bash -e {0}
integración · PostgreSQL 16 (Testcontainers)	Run npm ci	2026-09-19T04:14:36.9450208Z ##[endgroup]
integración · PostgreSQL 16 (Testcontainers)	Run npm ci	2026-09-19T04:14:44.9140954Z npm warn deprecated uuid@7.0.3: uuid@10 and below is no longer supported.  For ESM codebases, update to uuid@latest.  For CommonJS codebases, use uuid@11 (but be aware this version will likely be deprecated in 2028).
integración · PostgreSQL 16 (Testcontainers)	Run npm ci	2026-09-19T04:14:45.4574079Z npm warn deprecated glob@10.5.0: Old versions of glob are not supported, and contain widely publicized security vulnerabilities, which have been fixed in the current version. Please update. Support for old versions may be purchased (at exorbitant rates) by contacting i@izs.me
integración · PostgreSQL 16 (Testcontainers)	Run npm ci	2026-09-19T04:14:45.4585774Z npm warn deprecated glob@10.5.0: Old versions of glob are not supported, and contain widely publicized security vulnerabilities, which have been fixed in the current version. Please update. Support for old versions may be purchased (at exorbitant rates) by contacting i@izs.me
integración · PostgreSQL 16 (Testcontainers)	Run npm ci	2026-09-19T04:15:06.0509013Z 
integración · PostgreSQL 16 (Testcontainers)	Run npm ci	2026-09-19T04:15:06.0510234Z added 978 packages, and audited 983 packages in 29s
integración · PostgreSQL 16 (Testcontainers)	Run npm ci	2026-09-19T04:15:06.1117650Z 
integración · PostgreSQL 16 (Testcontainers)	Run npm ci	2026-09-19T04:15:06.1118809Z 10 moderate severity vulnerabilities
integración · PostgreSQL 16 (Testcontainers)	Run npm ci	2026-09-19T04:15:06.1122482Z 
integración · PostgreSQL 16 (Testcontainers)	Run npm ci	2026-09-19T04:15:06.1123098Z To address issues that do not require attention, run:
integración · PostgreSQL 16 (Testcontainers)	Run npm ci	2026-09-19T04:15:06.1123794Z   npm audit fix
integración · PostgreSQL 16 (Testcontainers)	Run npm ci	2026-09-19T04:15:06.1124070Z 
integración · PostgreSQL 16 (Testcontainers)	Run npm ci	2026-09-19T04:15:06.1124521Z To address all issues (including breaking changes), run:
integración · PostgreSQL 16 (Testcontainers)	Run npm ci	2026-09-19T04:15:06.1125195Z   npm audit fix --force
integración · PostgreSQL 16 (Testcontainers)	Run npm ci	2026-09-19T04:15:06.1125508Z 
integración · PostgreSQL 16 (Testcontainers)	Run npm ci	2026-09-19T04:15:06.1125771Z Run `npm audit` for details.
integración · PostgreSQL 16 (Testcontainers)	Run npx prisma generate	﻿2026-09-19T04:15:06.2502412Z ##[group]Run npx prisma generate
integración · PostgreSQL 16 (Testcontainers)	Run npx prisma generate	2026-09-19T04:15:06.2502925Z ^[[36;1mnpx prisma generate^[[0m
integración · PostgreSQL 16 (Testcontainers)	Run npx prisma generate	2026-09-19T04:15:06.2542399Z shell: /usr/bin/bash -e {0}
integración · PostgreSQL 16 (Testcontainers)	Run npx prisma generate	2026-09-19T04:15:06.2542686Z ##[endgroup]
integración · PostgreSQL 16 (Testcontainers)	Run npx prisma generate	2026-09-19T04:15:07.2306698Z warn The configuration property `package.json#prisma` is deprecated and will be removed in Prisma 7. Please migrate to a Prisma config file (e.g., `prisma.config.ts`).
integración · PostgreSQL 16 (Testcontainers)	Run npx prisma generate	2026-09-19T04:15:07.2308802Z For more information, see: https://pris.ly/prisma-config
integración · PostgreSQL 16 (Testcontainers)	Run npx prisma generate	2026-09-19T04:15:07.2309313Z 
integración · PostgreSQL 16 (Testcontainers)	Run npx prisma generate	2026-09-19T04:15:07.3829365Z Prisma schema loaded from prisma/schema.prisma
integración · PostgreSQL 16 (Testcontainers)	Run npx prisma generate	2026-09-19T04:15:07.6416088Z ┌─────────────────────────────────────────────────────────┐
integración · PostgreSQL 16 (Testcontainers)	Run npx prisma generate	2026-09-19T04:15:07.6417685Z │  Update available 6.19.3 -> 8.0.0-rc.15                 │
integración · PostgreSQL 16 (Testcontainers)	Run npx prisma generate	2026-09-19T04:15:07.6418717Z │                                                         │
integración · PostgreSQL 16 (Testcontainers)	Run npx prisma generate	2026-09-19T04:15:07.6419781Z │  This is a major update - please follow the guide at    │
integración · PostgreSQL 16 (Testcontainers)	Run npx prisma generate	2026-09-19T04:15:07.6421059Z │  https://pris.ly/d/major-version-upgrade                │
integración · PostgreSQL 16 (Testcontainers)	Run npx prisma generate	2026-09-19T04:15:07.6422378Z │                                                         │
integración · PostgreSQL 16 (Testcontainers)	Run npx prisma generate	2026-09-19T04:15:07.6423672Z │  Run the following to update                            │
integración · PostgreSQL 16 (Testcontainers)	Run npx prisma generate	2026-09-19T04:15:07.6425120Z │    npm i --save-dev prisma@latest                       │
integración · PostgreSQL 16 (Testcontainers)	Run npx prisma generate	2026-09-19T04:15:07.6426263Z │    npm i @prisma/client@latest                          │
integración · PostgreSQL 16 (Testcontainers)	Run npx prisma generate	2026-09-19T04:15:07.6427727Z └─────────────────────────────────────────────────────────┘
integración · PostgreSQL 16 (Testcontainers)	Run npx prisma generate	2026-09-19T04:15:07.6428273Z 
integración · PostgreSQL 16 (Testcontainers)	Run npx prisma generate	2026-09-19T04:15:07.6429144Z ✔ Generated Prisma Client (v6.19.3) to ./node_modules/@prisma/client in 126ms
integración · PostgreSQL 16 (Testcontainers)	Run npx prisma generate	2026-09-19T04:15:07.6429934Z 
integración · PostgreSQL 16 (Testcontainers)	Run npx prisma generate	2026-09-19T04:15:07.6430711Z Start by importing your Prisma Client (See: https://pris.ly/d/importing-client)
integración · PostgreSQL 16 (Testcontainers)	Run npx prisma generate	2026-09-19T04:15:07.6431502Z 
integración · PostgreSQL 16 (Testcontainers)	Run npx prisma generate	2026-09-19T04:15:07.6432677Z Tip: Interested in query caching in just a few lines of code? Try Accelerate today! https://pris.ly/tip-3-accelerate
integración · PostgreSQL 16 (Testcontainers)	Run npx prisma generate	2026-09-19T04:15:07.6433757Z 
integración · PostgreSQL 16 (Testcontainers)	Schema vs 06 · identidad y sesiones (TEST-AUTH-*) · readiness · migración fallida aborta	﻿2026-09-19T04:15:07.6766136Z ##[group]Run npm run build:domain && npm run test:integration -w @be/api -- --verbose --json --outputFile=/home/runner/work/be/be/resultados-integracion.json
integración · PostgreSQL 16 (Testcontainers)	Schema vs 06 · identidad y sesiones (TEST-AUTH-*) · readiness · migración fallida aborta	2026-09-19T04:15:07.6767591Z ^[[36;1mnpm run build:domain && npm run test:integration -w @be/api -- --verbose --json --outputFile=/home/runner/work/be/be/resultados-integracion.json^[[0m
integración · PostgreSQL 16 (Testcontainers)	Schema vs 06 · identidad y sesiones (TEST-AUTH-*) · readiness · migración fallida aborta	2026-09-19T04:15:07.6804327Z shell: /usr/bin/bash -e {0}
integración · PostgreSQL 16 (Testcontainers)	Schema vs 06 · identidad y sesiones (TEST-AUTH-*) · readiness · migración fallida aborta	2026-09-19T04:15:07.6804593Z ##[endgroup]
integración · PostgreSQL 16 (Testcontainers)	Schema vs 06 · identidad y sesiones (TEST-AUTH-*) · readiness · migración fallida aborta	2026-09-19T04:15:07.7848012Z 
integración · PostgreSQL 16 (Testcontainers)	Schema vs 06 · identidad y sesiones (TEST-AUTH-*) · readiness · migración fallida aborta	2026-09-19T04:15:07.7848361Z > be@0.1.0 build:domain
integración · PostgreSQL 16 (Testcontainers)	Schema vs 06 · identidad y sesiones (TEST-AUTH-*) · readiness · migración fallida aborta	2026-09-19T04:15:07.7848744Z > npm run build -w @be/domain
integración · PostgreSQL 16 (Testcontainers)	Schema vs 06 · identidad y sesiones (TEST-AUTH-*) · readiness · migración fallida aborta	2026-09-19T04:15:07.7848953Z 
integración · PostgreSQL 16 (Testcontainers)	Schema vs 06 · identidad y sesiones (TEST-AUTH-*) · readiness · migración fallida aborta	2026-09-19T04:15:07.9128361Z 
integración · PostgreSQL 16 (Testcontainers)	Schema vs 06 · identidad y sesiones (TEST-AUTH-*) · readiness · migración fallida aborta	2026-09-19T04:15:07.9129165Z > @be/domain@0.1.0 build
integración · PostgreSQL 16 (Testcontainers)	Schema vs 06 · identidad y sesiones (TEST-AUTH-*) · readiness · migración fallida aborta	2026-09-19T04:15:07.9129975Z > tsc -p tsconfig.json
integración · PostgreSQL 16 (Testcontainers)	Schema vs 06 · identidad y sesiones (TEST-AUTH-*) · readiness · migración fallida aborta	2026-09-19T04:15:07.9130679Z 
integración · PostgreSQL 16 (Testcontainers)	Schema vs 06 · identidad y sesiones (TEST-AUTH-*) · readiness · migración fallida aborta	2026-09-19T04:15:10.0653381Z 
integración · PostgreSQL 16 (Testcontainers)	Schema vs 06 · identidad y sesiones (TEST-AUTH-*) · readiness · migración fallida aborta	2026-09-19T04:15:10.0654231Z > @be/api@0.1.0 test:integration
integración · PostgreSQL 16 (Testcontainers)	Schema vs 06 · identidad y sesiones (TEST-AUTH-*) · readiness · migración fallida aborta	2026-09-19T04:15:10.0655772Z > jest --config jest.integration.config.js --runInBand --verbose --json --outputFile=/home/runner/work/be/be/resultados-integracion.json
integración · PostgreSQL 16 (Testcontainers)	Schema vs 06 · identidad y sesiones (TEST-AUTH-*) · readiness · migración fallida aborta	2026-09-19T04:15:10.0657170Z 
integración · PostgreSQL 16 (Testcontainers)	Schema vs 06 · identidad y sesiones (TEST-AUTH-*) · readiness · migración fallida aborta	2026-09-19T04:15:23.6335493Z {"nivel":"info","requestId":"4635d9d7-a30b-4da9-a4f6-e4f0425e9087","metodo":"POST","ruta":"/api/v1/registrations","status":201,"duracionMs":121}
integración · PostgreSQL 16 (Testcontainers)	Schema vs 06 · identidad y sesiones (TEST-AUTH-*) · readiness · migración fallida aborta	2026-09-19T04:15:23.7200806Z {"nivel":"info","requestId":"082d63f2-32f5-4089-9a93-618299735881","metodo":"POST","ruta":"/api/v1/registrations","status":201,"duracionMs":82}
integración · PostgreSQL 16 (Testcontainers)	Schema vs 06 · identidad y sesiones (TEST-AUTH-*) · readiness · migración fallida aborta	2026-09-19T04:15:23.8145893Z {"nivel":"info","requestId":"6413b892-20b1-4830-8291-1b8f53a6b746","metodo":"POST","ruta":"/api/v1/registrations","status":201,"duracionMs":81}
integración · PostgreSQL 16 (Testcontainers)	Schema vs 06 · identidad y sesiones (TEST-AUTH-*) · readiness · migración fallida aborta	2026-09-19T04:15:23.8978419Z {"nivel":"info","requestId":"842b2bec-3387-45cc-953c-dee8194df3e7","metodo":"POST","ruta":"/api/v1/auth/sessions","status":201,"duracionMs":81}
integración · PostgreSQL 16 (Testcontainers)	Schema vs 06 · identidad y sesiones (TEST-AUTH-*) · readiness · migración fallida aborta	2026-09-19T04:15:23.9289602Z {"nivel":"info","requestId":"a36b1a3c-339b-4b88-a3ed-662b40b55afd","metodo":"POST","ruta":"/api/v1/me/account-closure-requests","status":201,"duracionMs":28}
integración · PostgreSQL 16 (Testcontainers)	Schema vs 06 · identidad y sesiones (TEST-AUTH-*) · readiness · migración fallida aborta	2026-09-19T04:15:24.0509779Z {"nivel":"info","requestId":"e3cf26a3-dd1b-4c3d-b206-c5e811dd6b65","metodo":"POST","ruta":"/api/v1/auth/sessions","status":401,"duracionMs":71}
integración · PostgreSQL 16 (Testcontainers)	Schema vs 06 · identidad y sesiones (TEST-AUTH-*) · readiness · migración fallida aborta	2026-09-19T04:15:24.1237839Z {"nivel":"info","requestId":"98385049-87ea-418a-9375-3427f7d50bef","metodo":"POST","ruta":"/api/v1/auth/sessions","status":401,"duracionMs":70}
integración · PostgreSQL 16 (Testcontainers)	Schema vs 06 · identidad y sesiones (TEST-AUTH-*) · readiness · migración fallida aborta	2026-09-19T04:15:24.1984064Z {"nivel":"info","requestId":"79373d3f-fea5-498a-8947-e6af706fef0c","metodo":"POST","ruta":"/api/v1/auth/sessions","status":401,"duracionMs":72}
integración · PostgreSQL 16 (Testcontainers)	Schema vs 06 · identidad y sesiones (TEST-AUTH-*) · readiness · migración fallida aborta	2026-09-19T04:15:24.2718162Z {"nivel":"info","requestId":"e601f1ed-7541-4e61-853f-a3db2a52b3e9","metodo":"POST","ruta":"/api/v1/auth/sessions","status":401,"duracionMs":71}
integración · PostgreSQL 16 (Testcontainers)	Schema vs 06 · identidad y sesiones (TEST-AUTH-*) · readiness · migración fallida aborta	2026-09-19T04:15:24.3496332Z {"nivel":"info","requestId":"27d8f463-1035-4d01-9c02-4c51e46a4487","metodo":"POST","ruta":"/api/v1/auth/sessions","status":401,"duracionMs":70}
integración · PostgreSQL 16 (Testcontainers)	Schema vs 06 · identidad y sesiones (TEST-AUTH-*) · readiness · migración fallida aborta	2026-09-19T04:15:24.4418296Z {"nivel":"info","requestId":"76e77abe-3664-441f-bbeb-2fb1cde42a2d","metodo":"POST","ruta":"/api/v1/registrations","status":201,"duracionMs":86}
integración · PostgreSQL 16 (Testcontainers)	Schema vs 06 · identidad y sesiones (TEST-AUTH-*) · readiness · migración fallida aborta	2026-09-19T04:15:24.6584671Z {"nivel":"info","requestId":"56fd23dd-e0c8-4469-aab9-413200afeef0","metodo":"POST","ruta":"/api/v1/auth/sessions","status":401,"duracionMs":71}
integración · PostgreSQL 16 (Testcontainers)	Schema vs 06 · identidad y sesiones (TEST-AUTH-*) · readiness · migración fallida aborta	2026-09-19T04:15:24.7303648Z {"nivel":"info","requestId":"6ccaf918-289f-4ddc-ab9f-eaa639afb984","metodo":"POST","ruta":"/api/v1/auth/sessions","status":401,"duracionMs":70}
integración · PostgreSQL 16 (Testcontainers)	Schema vs 06 · identidad y sesiones (TEST-AUTH-*) · readiness · migración fallida aborta	2026-09-19T04:15:24.8049253Z {"nivel":"info","requestId":"1136e5f4-8f72-4807-9eab-c5b396edda96","metodo":"POST","ruta":"/api/v1/auth/sessions","status":401,"duracionMs":72}
integración · PostgreSQL 16 (Testcontainers)	Schema vs 06 · identidad y sesiones (TEST-AUTH-*) · readiness · migración fallida aborta	2026-09-19T04:15:24.8770323Z {"nivel":"info","requestId":"5247fd03-06b7-48b8-98f1-aad7e46d89eb","metodo":"POST","ruta":"/api/v1/auth/sessions","status":401,"duracionMs":70}
integración · PostgreSQL 16 (Testcontainers)	Schema vs 06 · identidad y sesiones (TEST-AUTH-*) · readiness · migración fallida aborta	2026-09-19T04:15:24.9490757Z {"nivel":"info","requestId":"ce6386bb-42f0-43c8-83ea-24b3a23ba70a","metodo":"POST","ruta":"/api/v1/auth/sessions","status":401,"duracionMs":70}
integración · PostgreSQL 16 (Testcontainers)	Schema vs 06 · identidad y sesiones (TEST-AUTH-*) · readiness · migración fallida aborta	2026-09-19T04:15:25.0217270Z {"nivel":"info","requestId":"b9a33f0d-fa19-4781-8ce4-29be5082c8a7","metodo":"POST","ruta":"/api/v1/auth/sessions","status":401,"duracionMs":71}
integración · PostgreSQL 16 (Testcontainers)	Schema vs 06 · identidad y sesiones (TEST-AUTH-*) · readiness · migración fallida aborta	2026-09-19T04:15:25.0978145Z {"nivel":"info","requestId":"0e9f85fb-224e-4e19-93a7-8e3149c07941","metodo":"POST","ruta":"/api/v1/auth/sessions","status":401,"duracionMs":73}
integración · PostgreSQL 16 (Testcontainers)	Schema vs 06 · identidad y sesiones (TEST-AUTH-*) · readiness · migración fallida aborta	2026-09-19T04:15:25.1700452Z {"nivel":"info","requestId":"f53cb095-f323-4e6f-a8be-743489d12173","metodo":"POST","ruta":"/api/v1/auth/sessions","status":401,"duracionMs":70}
integración · PostgreSQL 16 (Testcontainers)	Schema vs 06 · identidad y sesiones (TEST-AUTH-*) · readiness · migración fallida aborta	2026-09-19T04:15:25.2425553Z {"nivel":"info","requestId":"81f50e1b-e201-4655-bd45-f73e3197b96e","metodo":"POST","ruta":"/api/v1/auth/sessions","status":401,"duracionMs":70}
integración · PostgreSQL 16 (Testcontainers)	Schema vs 06 · identidad y sesiones (TEST-AUTH-*) · readiness · migración fallida aborta	2026-09-19T04:15:25.3161123Z {"nivel":"info","requestId":"61800ead-1fb9-4c72-86f1-0f5c85ff211a","metodo":"POST","ruta":"/api/v1/auth/sessions","status":401,"duracionMs":71}
integración · PostgreSQL 16 (Testcontainers)	Schema vs 06 · identidad y sesiones (TEST-AUTH-*) · readiness · migración fallida aborta	2026-09-19T04:15:25.3896132Z {"nivel":"info","requestId":"8885f27c-818e-4f5b-bc07-77c3b91f6904","metodo":"POST","ruta":"/api/v1/auth/sessions","status":401,"duracionMs":71}
integración · PostgreSQL 16 (Testcontainers)	Schema vs 06 · identidad y sesiones (TEST-AUTH-*) · readiness · migración fallida aborta	2026-09-19T04:15:25.4613398Z {"nivel":"info","requestId":"86ba69eb-c665-43b4-b78e-229d4248f038","metodo":"POST","ruta":"/api/v1/auth/sessions","status":401,"duracionMs":70}
integración · PostgreSQL 16 (Testcontainers)	Schema vs 06 · identidad y sesiones (TEST-AUTH-*) · readiness · migración fallida aborta	2026-09-19T04:15:25.5329328Z {"nivel":"info","requestId":"a41e5ba7-be96-4405-8754-d7a6d966b03f","metodo":"POST","ruta":"/api/v1/auth/sessions","status":401,"duracionMs":70}
integración · PostgreSQL 16 (Testcontainers)	Schema vs 06 · identidad y sesiones (TEST-AUTH-*) · readiness · migración fallida aborta	2026-09-19T04:15:25.6052518Z {"nivel":"info","requestId":"29d74ba2-6132-476d-bf1e-8660f64f68ce","metodo":"POST","ruta":"/api/v1/auth/sessions","status":401,"duracionMs":70}
integración · PostgreSQL 16 (Testcontainers)	Schema vs 06 · identidad y sesiones (TEST-AUTH-*) · readiness · migración fallida aborta	2026-09-19T04:15:25.6804832Z {"nivel":"info","requestId":"66ed94ba-7dc8-4e8c-b7c6-6519439127ff","metodo":"POST","ruta":"/api/v1/auth/sessions","status":401,"duracionMs":73}
integración · PostgreSQL 16 (Testcontainers)	Schema vs 06 · identidad y sesiones (TEST-AUTH-*) · readiness · migración fallida aborta	2026-09-19T04:15:25.7522592Z {"nivel":"info","requestId":"50ed881e-fc7a-4fa2-a290-5c4a912ce820","metodo":"POST","ruta":"/api/v1/auth/sessions","status":401,"duracionMs":70}
integración · PostgreSQL 16 (Testcontainers)	Schema vs 06 · identidad y sesiones (TEST-AUTH-*) · readiness · migración fallida aborta	2026-09-19T04:15:25.8241175Z {"nivel":"info","requestId":"beb14af8-77ed-4b0e-b657-d30f91a0ef73","metodo":"POST","ruta":"/api/v1/auth/sessions","status":401,"duracionMs":70}
integración · PostgreSQL 16 (Testcontainers)	Schema vs 06 · identidad y sesiones (TEST-AUTH-*) · readiness · migración fallida aborta	2026-09-19T04:15:25.8973016Z {"nivel":"info","requestId":"afcd1322-94b1-48bf-a251-adbadccc03f5","metodo":"POST","ruta":"/api/v1/auth/sessions","status":401,"duracionMs":71}
integración · PostgreSQL 16 (Testcontainers)	Schema vs 06 · identidad y sesiones (TEST-AUTH-*) · readiness · migración fallida aborta	2026-09-19T04:15:25.9742902Z {"nivel":"info","requestId":"406df080-3ffa-4e2b-910c-29f8ba2f5b5d","metodo":"POST","ruta":"/api/v1/auth/sessions","status":401,"duracionMs":75}
integración · PostgreSQL 16 (Testcontainers)	Schema vs 06 · identidad y sesiones (TEST-AUTH-*) · readiness · migración fallida aborta	2026-09-19T04:15:26.0467328Z {"nivel":"info","requestId":"4ac96b63-1ca1-49c9-84a0-3e024c5b67bd","metodo":"POST","ruta":"/api/v1/auth/sessions","status":401,"duracionMs":70}
integración · PostgreSQL 16 (Testcontainers)	Schema vs 06 · identidad y sesiones (TEST-AUTH-*) · readiness · migración fallida aborta	2026-09-19T04:15:26.1187096Z {"nivel":"info","requestId":"0e99dd31-e29c-4eb0-855e-d7ee02c68305","metodo":"POST","ruta":"/api/v1/auth/sessions","status":401,"duracionMs":70}
integración · PostgreSQL 16 (Testcontainers)	Schema vs 06 · identidad y sesiones (TEST-AUTH-*) · readiness · migración fallida aborta	2026-09-19T04:15:26.1906058Z {"nivel":"info","requestId":"9ece0be2-1736-448a-ae1f-d23d5e5af06a","metodo":"POST","ruta":"/api/v1/auth/sessions","status":401,"duracionMs":70}
integración · PostgreSQL 16 (Testcontainers)	Schema vs 06 · identidad y sesiones (TEST-AUTH-*) · readiness · migración fallida aborta	2026-09-19T04:15:26.2656196Z {"nivel":"info","requestId":"d357150e-6bb4-47a5-82fb-5229e75006eb","metodo":"POST","ruta":"/api/v1/auth/sessions","status":401,"duracionMs":72}
integración · PostgreSQL 16 (Testcontainers)	Schema vs 06 · identidad y sesiones (TEST-AUTH-*) · readiness · migración fallida aborta	2026-09-19T04:15:26.3374132Z {"nivel":"info","requestId":"5365717e-634d-4862-b824-2c1e1298aa7e","metodo":"POST","ruta":"/api/v1/auth/sessions","status":401,"duracionMs":70}
integración · PostgreSQL 16 (Testcontainers)	Schema vs 06 · identidad y sesiones (TEST-AUTH-*) · readiness · migración fallida aborta	2026-09-19T04:15:26.4095771Z {"nivel":"info","requestId":"54cfc811-dc6c-486b-9b0c-d597af0ecd4d","metodo":"POST","ruta":"/api/v1/auth/sessions","status":401,"duracionMs":70}
integración · PostgreSQL 16 (Testcontainers)	Schema vs 06 · identidad y sesiones (TEST-AUTH-*) · readiness · migración fallida aborta	2026-09-19T04:15:26.4812976Z {"nivel":"info","requestId":"90d698c8-5e2b-4f83-9f8c-f5014ba6eba5","metodo":"POST","ruta":"/api/v1/auth/sessions","status":401,"duracionMs":70}
integración · PostgreSQL 16 (Testcontainers)	Schema vs 06 · identidad y sesiones (TEST-AUTH-*) · readiness · migración fallida aborta	2026-09-19T04:15:26.5573775Z {"nivel":"info","requestId":"d80ce44b-9788-4596-ba72-3618f90508df","metodo":"POST","ruta":"/api/v1/auth/sessions","status":401,"duracionMs":74}
integración · PostgreSQL 16 (Testcontainers)	Schema vs 06 · identidad y sesiones (TEST-AUTH-*) · readiness · migración fallida aborta	2026-09-19T04:15:26.6288714Z {"nivel":"info","requestId":"1f08b390-ccb1-4229-93e9-67b60bc95a2a","metodo":"POST","ruta":"/api/v1/auth/sessions","status":401,"duracionMs":70}
integración · PostgreSQL 16 (Testcontainers)	Schema vs 06 · identidad y sesiones (TEST-AUTH-*) · readiness · migración fallida aborta	2026-09-19T04:15:26.7005136Z {"nivel":"info","requestId":"7cf0a892-9d1e-44c3-a221-11116b358909","metodo":"POST","ruta":"/api/v1/auth/sessions","status":401,"duracionMs":70}
integración · PostgreSQL 16 (Testcontainers)	Schema vs 06 · identidad y sesiones (TEST-AUTH-*) · readiness · migración fallida aborta	2026-09-19T04:15:26.7729308Z {"nivel":"info","requestId":"880265e8-5efe-4e4b-b09e-48d9cb002ff4","metodo":"POST","ruta":"/api/v1/auth/sessions","status":401,"duracionMs":70}
integración · PostgreSQL 16 (Testcontainers)	Schema vs 06 · identidad y sesiones (TEST-AUTH-*) · readiness · migración fallida aborta	2026-09-19T04:15:26.8494143Z {"nivel":"info","requestId":"ad157ab7-ebd6-46f6-8a05-a0fc98670110","metodo":"POST","ruta":"/api/v1/auth/sessions","status":401,"duracionMs":74}
integración · PostgreSQL 16 (Testcontainers)	Schema vs 06 · identidad y sesiones (TEST-AUTH-*) · readiness · migración fallida aborta	2026-09-19T04:15:26.9211734Z {"nivel":"info","requestId":"1811164b-b066-49b3-8fad-63abd7b60a3e","metodo":"POST","ruta":"/api/v1/auth/sessions","status":401,"duracionMs":70}
integración · PostgreSQL 16 (Testcontainers)	Schema vs 06 · identidad y sesiones (TEST-AUTH-*) · readiness · migración fallida aborta	2026-09-19T04:15:26.9927846Z {"nivel":"info","requestId":"0334edc9-6d58-4591-a034-1125c4b9a279","metodo":"POST","ruta":"/api/v1/auth/sessions","status":401,"duracionMs":70}
integración · PostgreSQL 16 (Testcontainers)	Schema vs 06 · identidad y sesiones (TEST-AUTH-*) · readiness · migración fallida aborta	2026-09-19T04:15:27.0643141Z {"nivel":"info","requestId":"23191d00-a5ff-44b9-aba1-5e639283c24f","metodo":"POST","ruta":"/api/v1/auth/sessions","status":401,"duracionMs":70}
integración · PostgreSQL 16 (Testcontainers)	Schema vs 06 · identidad y sesiones (TEST-AUTH-*) · readiness · migración fallida aborta	2026-09-19T04:15:27.1393398Z {"nivel":"info","requestId":"571d97f9-67e5-4153-a42a-971027985ce7","metodo":"POST","ruta":"/api/v1/auth/sessions","status":401,"duracionMs":73}
integración · PostgreSQL 16 (Testcontainers)	Schema vs 06 · identidad y sesiones (TEST-AUTH-*) · readiness · migración fallida aborta	2026-09-19T04:15:27.2109334Z {"nivel":"info","requestId":"c4fbdeca-25b9-4bd5-a420-8875eee59207","metodo":"POST","ruta":"/api/v1/auth/sessions","status":401,"duracionMs":70}
integración · PostgreSQL 16 (Testcontainers)	Schema vs 06 · identidad y sesiones (TEST-AUTH-*) · readiness · migración fallida aborta	2026-09-19T04:15:27.2827302Z {"nivel":"info","requestId":"e7b50c3d-fc67-4e7a-96af-fcdf550f6c3f","metodo":"POST","ruta":"/api/v1/auth/sessions","status":401,"duracionMs":70}
integración · PostgreSQL 16 (Testcontainers)	Schema vs 06 · identidad y sesiones (TEST-AUTH-*) · readiness · migración fallida aborta	2026-09-19T04:15:27.3556417Z {"nivel":"info","requestId":"12102fec-c22e-4d6d-a664-bbdf87ea65af","metodo":"POST","ruta":"/api/v1/auth/sessions","status":401,"duracionMs":71}
integración · PostgreSQL 16 (Testcontainers)	Schema vs 06 · identidad y sesiones (TEST-AUTH-*) · readiness · migración fallida aborta	2026-09-19T04:15:27.4319742Z {"nivel":"info","requestId":"17bc261f-1613-403e-851e-782802f4997f","metodo":"POST","ruta":"/api/v1/auth/sessions","status":401,"duracionMs":74}
integración · PostgreSQL 16 (Testcontainers)	Schema vs 06 · identidad y sesiones (TEST-AUTH-*) · readiness · migración fallida aborta	2026-09-19T04:15:27.5046240Z {"nivel":"info","requestId":"e9e80b76-a94e-4c49-8c3b-722d3b1e152d","metodo":"POST","ruta":"/api/v1/auth/sessions","status":401,"duracionMs":71}
integración · PostgreSQL 16 (Testcontainers)	Schema vs 06 · identidad y sesiones (TEST-AUTH-*) · readiness · migración fallida aborta	2026-09-19T04:15:27.5770578Z {"nivel":"info","requestId":"e01965ea-5c39-4010-92c3-661480ff3eda","metodo":"POST","ruta":"/api/v1/auth/sessions","status":401,"duracionMs":70}
integración · PostgreSQL 16 (Testcontainers)	Schema vs 06 · identidad y sesiones (TEST-AUTH-*) · readiness · migración fallida aborta	2026-09-19T04:15:27.6542211Z {"nivel":"info","requestId":"e3686506-3623-4339-b9d5-db42513d447d","metodo":"POST","ruta":"/api/v1/auth/sessions","status":401,"duracionMs":75}
integración · PostgreSQL 16 (Testcontainers)	Schema vs 06 · identidad y sesiones (TEST-AUTH-*) · readiness · migración fallida aborta	2026-09-19T04:15:27.7305051Z {"nivel":"info","requestId":"56227361-3e9f-405e-b213-261b3f0c08e0","metodo":"POST","ruta":"/api/v1/auth/sessions","status":401,"duracionMs":74}
integración · PostgreSQL 16 (Testcontainers)	Schema vs 06 · identidad y sesiones (TEST-AUTH-*) · readiness · migración fallida aborta	2026-09-19T04:15:27.8023959Z {"nivel":"info","requestId":"cac5a7f3-376e-49e1-ad42-bc3b25fd80f1","metodo":"POST","ruta":"/api/v1/auth/sessions","status":401,"duracionMs":70}
integración · PostgreSQL 16 (Testcontainers)	Schema vs 06 · identidad y sesiones (TEST-AUTH-*) · readiness · migración fallida aborta	2026-09-19T04:15:27.8738466Z {"nivel":"info","requestId":"255202b4-3f97-41ee-a4cc-e56e369a4acc","metodo":"POST","ruta":"/api/v1/auth/sessions","status":401,"duracionMs":70}
integración · PostgreSQL 16 (Testcontainers)	Schema vs 06 · identidad y sesiones (TEST-AUTH-*) · readiness · migración fallida aborta	2026-09-19T04:15:27.9449927Z {"nivel":"info","requestId":"00cd4d81-17f9-4b3a-9c7b-60af5a8cfa3b","metodo":"POST","ruta":"/api/v1/auth/sessions","status":401,"duracionMs":69}
integración · PostgreSQL 16 (Testcontainers)	Schema vs 06 · identidad y sesiones (TEST-AUTH-*) · readiness · migración fallida aborta	2026-09-19T04:15:28.0191763Z {"nivel":"info","requestId":"4bf7d2d5-47d1-404f-a91a-63f28ee5d8b0","metodo":"POST","ruta":"/api/v1/auth/sessions","status":401,"duracionMs":72}
integración · PostgreSQL 16 (Testcontainers)	Schema vs 06 · identidad y sesiones (TEST-AUTH-*) · readiness · migración fallida aborta	2026-09-19T04:15:28.0910220Z {"nivel":"info","requestId":"371133b4-2168-43eb-ba70-f6ce586bf082","metodo":"POST","ruta":"/api/v1/auth/sessions","status":401,"duracionMs":70}
integración · PostgreSQL 16 (Testcontainers)	Schema vs 06 · identidad y sesiones (TEST-AUTH-*) · readiness · migración fallida aborta	2026-09-19T04:15:28.1624674Z {"nivel":"info","requestId":"f86a58ee-3a7e-4f2b-8913-cd87cf6cdc99","metodo":"POST","ruta":"/api/v1/auth/sessions","status":401,"duracionMs":70}
integración · PostgreSQL 16 (Testcontainers)	Schema vs 06 · identidad y sesiones (TEST-AUTH-*) · readiness · migración fallida aborta	2026-09-19T04:15:28.1631389Z {"prueba":"TEST-AUTH-001","medianasMs":{"identificador inexistente":72.4,"contraseña incorrecta":75.6,"cuenta SUSPENDIDA con contraseña correcta":71.8,"cuenta CERRADA con contraseña correcta":71.9},"toleranciaMs":50}
integración · PostgreSQL 16 (Testcontainers)	Schema vs 06 · identidad y sesiones (TEST-AUTH-*) · readiness · migración fallida aborta	2026-09-19T04:15:28.2523254Z {"nivel":"info","requestId":"c2238171-fad6-4d4b-97ff-adba171819cb","metodo":"POST","ruta":"/api/v1/registrations","status":201,"duracionMs":86}
integración · PostgreSQL 16 (Testcontainers)	Schema vs 06 · identidad y sesiones (TEST-AUTH-*) · readiness · migración fallida aborta	2026-09-19T04:15:28.3308514Z {"nivel":"info","requestId":"92c40888-7310-400c-b8ea-aee877570246","metodo":"POST","ruta":"/api/v1/auth/sessions","status":201,"duracionMs":76}
integración · PostgreSQL 16 (Testcontainers)	Schema vs 06 · identidad y sesiones (TEST-AUTH-*) · readiness · migración fallida aborta	2026-09-19T04:15:28.4184788Z {"nivel":"info","requestId":"d4139473-1ffc-48ea-b168-b9779f6bda91","metodo":"POST","ruta":"/api/v1/registrations","status":201,"duracionMs":81}
integración · PostgreSQL 16 (Testcontainers)	Schema vs 06 · identidad y sesiones (TEST-AUTH-*) · readiness · migración fallida aborta	2026-09-19T04:15:28.4931775Z {"nivel":"info","requestId":"f5df7253-ca00-4b99-bb4c-f31b897d847f","metodo":"POST","ruta":"/api/v1/auth/sessions","status":201,"duracionMs":73}
integración · PostgreSQL 16 (Testcontainers)	Schema vs 06 · identidad y sesiones (TEST-AUTH-*) · readiness · migración fallida aborta	2026-09-19T04:15:28.5007704Z {"nivel":"info","requestId":"5f7c141a-2c32-497d-b803-a92380bdd2d5","metodo":"GET","ruta":"/api/v1/me","status":200,"duracionMs":6}
integración · PostgreSQL 16 (Testcontainers)	Schema vs 06 · identidad y sesiones (TEST-AUTH-*) · readiness · migración fallida aborta	2026-09-19T04:15:28.5051021Z {"nivel":"info","requestId":"35c4403c-3996-4837-a1c9-f06b17bf3752","metodo":"GET","ruta":"/api/v1/me","status":401,"duracionMs":0}
integración · PostgreSQL 16 (Testcontainers)	Schema vs 06 · identidad y sesiones (TEST-AUTH-*) · readiness · migración fallida aborta	2026-09-19T04:15:28.5072170Z {"nivel":"info","requestId":"d04f076f-0f8a-4f8f-89b1-8f4fa55bbbf0","metodo":"GET","ruta":"/api/v1/me","status":401,"duracionMs":0}
integración · PostgreSQL 16 (Testcontainers)	Schema vs 06 · identidad y sesiones (TEST-AUTH-*) · readiness · migración fallida aborta	2026-09-19T04:15:28.5095339Z {"nivel":"info","requestId":"9be26d99-6fd1-48ac-aecf-9f0ecd609fcb","metodo":"GET","ruta":"/api/v1/me","status":401,"duracionMs":0}
integración · PostgreSQL 16 (Testcontainers)	Schema vs 06 · identidad y sesiones (TEST-AUTH-*) · readiness · migración fallida aborta	2026-09-19T04:15:28.5948757Z {"nivel":"info","requestId":"7a94ebf8-dccc-4b9b-a759-e324351913f4","metodo":"POST","ruta":"/api/v1/registrations","status":201,"duracionMs":83}
integración · PostgreSQL 16 (Testcontainers)	Schema vs 06 · identidad y sesiones (TEST-AUTH-*) · readiness · migración fallida aborta	2026-09-19T04:15:28.6694709Z {"nivel":"info","requestId":"dcb85a24-b096-428e-993d-93636e2a7c95","metodo":"POST","ruta":"/api/v1/auth/sessions","status":201,"duracionMs":73}
integración · PostgreSQL 16 (Testcontainers)	Schema vs 06 · identidad y sesiones (TEST-AUTH-*) · readiness · migración fallida aborta	2026-09-19T04:15:28.6720409Z {"nivel":"info","requestId":"33ec48c4-3df7-4017-a066-5aa4bec2ccd7","metodo":"GET","ruta":"/api/v1/me","status":401,"duracionMs":0}
integración · PostgreSQL 16 (Testcontainers)	Schema vs 06 · identidad y sesiones (TEST-AUTH-*) · readiness · migración fallida aborta	2026-09-19T04:15:28.6738335Z {"nivel":"info","requestId":"494c9a96-d432-4066-a7a7-cd7d369e129b","metodo":"GET","ruta":"/api/v1/me","status":401,"duracionMs":0}
integración · PostgreSQL 16 (Testcontainers)	Schema vs 06 · identidad y sesiones (TEST-AUTH-*) · readiness · migración fallida aborta	2026-09-19T04:15:28.7574438Z {"nivel":"info","requestId":"8ebc7a39-63db-4259-9efe-da0364c17899","metodo":"POST","ruta":"/api/v1/registrations","status":201,"duracionMs":81}
integración · PostgreSQL 16 (Testcontainers)	Schema vs 06 · identidad y sesiones (TEST-AUTH-*) · readiness · migración fallida aborta	2026-09-19T04:15:28.8346314Z {"nivel":"info","requestId":"9bc775b4-0940-4afb-bb83-3b8601395a2b","metodo":"POST","ruta":"/api/v1/auth/sessions","status":201,"duracionMs":75}
integración · PostgreSQL 16 (Testcontainers)	Schema vs 06 · identidad y sesiones (TEST-AUTH-*) · readiness · migración fallida aborta	2026-09-19T04:15:28.8409162Z {"nivel":"info","requestId":"beb007be-bf28-49b9-8198-60a65092c1d4","metodo":"DELETE","ruta":"/api/v1/auth/sessions/current","status":204,"duracionMs":4}
integración · PostgreSQL 16 (Testcontainers)	Schema vs 06 · identidad y sesiones (TEST-AUTH-*) · readiness · migración fallida aborta	2026-09-19T04:15:28.8445870Z {"nivel":"info","requestId":"315fab31-c62a-45b8-87f8-dc3b938c0cff","metodo":"GET","ruta":"/api/v1/me","status":401,"duracionMs":2}
integración · PostgreSQL 16 (Testcontainers)	Schema vs 06 · identidad y sesiones (TEST-AUTH-*) · readiness · migración fallida aborta	2026-09-19T04:15:28.8552088Z {"nivel":"info","requestId":"f9ce01be-b4f3-458d-9b92-a11565008de9","metodo":"DELETE","ruta":"/api/v1/auth/sessions/current","status":204,"duracionMs":8}
integración · PostgreSQL 16 (Testcontainers)	Schema vs 06 · identidad y sesiones (TEST-AUTH-*) · readiness · migración fallida aborta	2026-09-19T04:15:28.9363498Z {"nivel":"info","requestId":"604d11f0-efef-4c60-a3bb-efd7a6aefb24","metodo":"POST","ruta":"/api/v1/auth/sessions","status":201,"duracionMs":74}
integración · PostgreSQL 16 (Testcontainers)	Schema vs 06 · identidad y sesiones (TEST-AUTH-*) · readiness · migración fallida aborta	2026-09-19T04:15:29.0203756Z {"nivel":"info","requestId":"21fd0933-1a29-4f7e-a7c1-6c51f21f3139","metodo":"POST","ruta":"/api/v1/registrations","status":201,"duracionMs":81}
integración · PostgreSQL 16 (Testcontainers)	Schema vs 06 · identidad y sesiones (TEST-AUTH-*) · readiness · migración fallida aborta	2026-09-19T04:15:29.0957953Z {"nivel":"info","requestId":"bd11d5b7-e6cb-4ea7-96cd-caeda8ebe643","metodo":"POST","ruta":"/api/v1/auth/sessions","status":201,"duracionMs":73}
integración · PostgreSQL 16 (Testcontainers)	Schema vs 06 · identidad y sesiones (TEST-AUTH-*) · readiness · migración fallida aborta	2026-09-19T04:15:29.1725705Z {"nivel":"info","requestId":"84d7eb87-7c26-47ce-8be0-9ddfc49009d6","metodo":"POST","ruta":"/api/v1/auth/sessions","status":201,"duracionMs":75}
integración · PostgreSQL 16 (Testcontainers)	Schema vs 06 · identidad y sesiones (TEST-AUTH-*) · readiness · migración fallida aborta	2026-09-19T04:15:29.1777061Z {"nivel":"info","requestId":"a13c3c1b-1fe5-4b51-836c-fd3d2f62d48a","metodo":"GET","ruta":"/api/v1/me","status":200,"duracionMs":3}
integración · PostgreSQL 16 (Testcontainers)	Schema vs 06 · identidad y sesiones (TEST-AUTH-*) · readiness · migración fallida aborta	2026-09-19T04:15:29.1842138Z {"nivel":"info","requestId":"b18d6c49-1672-40cd-822b-61da8e253f36","metodo":"DELETE","ruta":"/api/v1/auth/sessions","status":204,"duracionMs":5}
integración · PostgreSQL 16 (Testcontainers)	Schema vs 06 · identidad y sesiones (TEST-AUTH-*) · readiness · migración fallida aborta	2026-09-19T04:15:29.1873261Z {"nivel":"info","requestId":"a6583ca4-fc15-4d04-b189-5244b4cd518c","metodo":"GET","ruta":"/api/v1/me","status":401,"duracionMs":2}
integración · PostgreSQL 16 (Testcontainers)	Schema vs 06 · identidad y sesiones (TEST-AUTH-*) · readiness · migración fallida aborta	2026-09-19T04:15:29.1909366Z {"nivel":"info","requestId":"c4372410-13ab-437e-ac0d-e2cc95c6eb22","metodo":"GET","ruta":"/api/v1/me","status":401,"duracionMs":2}
integración · PostgreSQL 16 (Testcontainers)	Schema vs 06 · identidad y sesiones (TEST-AUTH-*) · readiness · migración fallida aborta	2026-09-19T04:15:29.2652920Z {"nivel":"info","requestId":"4d8428f5-846f-4053-8655-6f334a90d0f8","metodo":"POST","ruta":"/api/v1/auth/sessions","status":201,"duracionMs":73}
integración · PostgreSQL 16 (Testcontainers)	Schema vs 06 · identidad y sesiones (TEST-AUTH-*) · readiness · migración fallida aborta	2026-09-19T04:15:29.2698675Z {"nivel":"info","requestId":"93d7cec4-12d0-440b-9b0b-eeffc227a4ab","metodo":"GET","ruta":"/api/v1/me","status":200,"duracionMs":3}
integración · PostgreSQL 16 (Testcontainers)	Schema vs 06 · identidad y sesiones (TEST-AUTH-*) · readiness · migración fallida aborta	2026-09-19T04:15:29.3536611Z {"nivel":"info","requestId":"aed6d081-378f-423d-b4b4-08709568cc48","metodo":"POST","ruta":"/api/v1/registrations","status":201,"duracionMs":82}
integración · PostgreSQL 16 (Testcontainers)	Schema vs 06 · identidad y sesiones (TEST-AUTH-*) · readiness · migración fallida aborta	2026-09-19T04:15:29.4303168Z {"nivel":"info","requestId":"b09baae0-6e11-4dd0-ac26-d9f38c8fc9e5","metodo":"POST","ruta":"/api/v1/auth/sessions","status":201,"duracionMs":75}
integración · PostgreSQL 16 (Testcontainers)	Schema vs 06 · identidad y sesiones (TEST-AUTH-*) · readiness · migración fallida aborta	2026-09-19T04:15:29.4343172Z {"nivel":"info","requestId":"bf659114-6b0d-477d-8a2d-5aed2c68d3fb","metodo":"GET","ruta":"/api/v1/me","status":400,"duracionMs":2}
integración · PostgreSQL 16 (Testcontainers)	Schema vs 06 · identidad y sesiones (TEST-AUTH-*) · readiness · migración fallida aborta	2026-09-19T04:15:29.5195031Z {"nivel":"info","requestId":"4e7eac45-7df8-4345-a0bc-704ba4759f77","metodo":"POST","ruta":"/api/v1/registrations","status":201,"duracionMs":83}
integración · PostgreSQL 16 (Testcontainers)	Schema vs 06 · identidad y sesiones (TEST-AUTH-*) · readiness · migración fallida aborta	2026-09-19T04:15:29.5942235Z {"nivel":"info","requestId":"de4af802-2024-45be-b8fa-36e244723085","metodo":"POST","ruta":"/api/v1/auth/sessions","status":201,"duracionMs":73}
integración · PostgreSQL 16 (Testcontainers)	Schema vs 06 · identidad y sesiones (TEST-AUTH-*) · readiness · migración fallida aborta	2026-09-19T04:15:29.5988170Z {"nivel":"info","requestId":"5f446310-5912-48ee-9e93-920977d2a475","metodo":"GET","ruta":"/api/v1/me","status":200,"duracionMs":3}
integración · PostgreSQL 16 (Testcontainers)	Schema vs 06 · identidad y sesiones (TEST-AUTH-*) · readiness · migración fallida aborta	2026-09-19T04:15:29.6065843Z {"nivel":"info","requestId":"59767d1f-2605-4b2b-843b-30d016e57d1d","metodo":"GET","ruta":"/api/v1/me","status":401,"duracionMs":1}
integración · PostgreSQL 16 (Testcontainers)	Schema vs 06 · identidad y sesiones (TEST-AUTH-*) · readiness · migración fallida aborta	2026-09-19T04:15:29.6786302Z {"nivel":"info","requestId":"37ef5acb-3577-4f2a-b3dd-2755103e2175","metodo":"POST","ruta":"/api/v1/auth/sessions","status":401,"duracionMs":69}
integración · PostgreSQL 16 (Testcontainers)	Schema vs 06 · identidad y sesiones (TEST-AUTH-*) · readiness · migración fallida aborta	2026-09-19T04:15:29.6868314Z {"nivel":"info","requestId":"f64ce884-9450-4e50-86c6-b146a7941ff8","metodo":"GET","ruta":"/api/v1/me","status":401,"duracionMs":1}
integración · PostgreSQL 16 (Testcontainers)	Schema vs 06 · identidad y sesiones (TEST-AUTH-*) · readiness · migración fallida aborta	2026-09-19T04:15:29.7641128Z {"nivel":"info","requestId":"b644309a-54d9-4109-8c15-da2fd21a0170","metodo":"POST","ruta":"/api/v1/auth/sessions","status":201,"duracionMs":76}
integración · PostgreSQL 16 (Testcontainers)	Schema vs 06 · identidad y sesiones (TEST-AUTH-*) · readiness · migración fallida aborta	2026-09-19T04:15:29.9744558Z {"nivel":"info","requestId":"8728b441-1ec4-47a6-8d04-c71ed721d94f","metodo":"POST","ruta":"/api/v1/registrations","status":201,"duracionMs":81}
integración · PostgreSQL 16 (Testcontainers)	Schema vs 06 · identidad y sesiones (TEST-AUTH-*) · readiness · migración fallida aborta	2026-09-19T04:15:30.0557943Z {"nivel":"info","requestId":"fa244a64-5742-4b55-8029-0c1282f1bd09","metodo":"POST","ruta":"/api/v1/auth/sessions","status":401,"duracionMs":79}
integración · PostgreSQL 16 (Testcontainers)	Schema vs 06 · identidad y sesiones (TEST-AUTH-*) · readiness · migración fallida aborta	2026-09-19T04:15:30.1272211Z {"nivel":"info","requestId":"4c4db141-b708-4f7a-94e4-4a06f9b2af82","metodo":"POST","ruta":"/api/v1/auth/sessions","status":401,"duracionMs":69}
integración · PostgreSQL 16 (Testcontainers)	Schema vs 06 · identidad y sesiones (TEST-AUTH-*) · readiness · migración fallida aborta	2026-09-19T04:15:30.1990628Z {"nivel":"info","requestId":"bc5962e5-9f71-438d-a69e-cc3a45aed522","metodo":"POST","ruta":"/api/v1/auth/sessions","status":401,"duracionMs":70}
integración · PostgreSQL 16 (Testcontainers)	Schema vs 06 · identidad y sesiones (TEST-AUTH-*) · readiness · migración fallida aborta	2026-09-19T04:15:30.2701165Z {"nivel":"info","requestId":"150a5610-a1b0-423b-b68b-0cc10fd60f5c","metodo":"POST","ruta":"/api/v1/auth/sessions","status":401,"duracionMs":69}
integración · PostgreSQL 16 (Testcontainers)	Schema vs 06 · identidad y sesiones (TEST-AUTH-*) · readiness · migración fallida aborta	2026-09-19T04:15:30.3438265Z {"nivel":"info","requestId":"5ca0cd48-01df-4a57-a1e5-e81966faf94a","metodo":"POST","ruta":"/api/v1/auth/sessions","status":401,"duracionMs":72}
integración · PostgreSQL 16 (Testcontainers)	Schema vs 06 · identidad y sesiones (TEST-AUTH-*) · readiness · migración fallida aborta	2026-09-19T04:15:30.4153592Z {"nivel":"info","requestId":"9e6cedea-aa00-4f59-8fd1-13a19378b60f","metodo":"POST","ruta":"/api/v1/auth/sessions","status":401,"duracionMs":70}
integración · PostgreSQL 16 (Testcontainers)	Schema vs 06 · identidad y sesiones (TEST-AUTH-*) · readiness · migración fallida aborta	2026-09-19T04:15:30.4173391Z {"nivel":"info","requestId":"c0098667-1e6f-478b-8811-a5c571e7263a","metodo":"POST","ruta":"/api/v1/auth/sessions","status":429,"duracionMs":0}
integración · PostgreSQL 16 (Testcontainers)	Schema vs 06 · identidad y sesiones (TEST-AUTH-*) · readiness · migración fallida aborta	2026-09-19T04:15:30.4193519Z {"nivel":"info","requestId":"59d7a0f0-771d-4a91-9f40-43dbf306ccf9","metodo":"POST","ruta":"/api/v1/auth/sessions","status":429,"duracionMs":0}
integración · PostgreSQL 16 (Testcontainers)	Schema vs 06 · identidad y sesiones (TEST-AUTH-*) · readiness · migración fallida aborta	2026-09-19T04:15:30.5016668Z {"nivel":"info","requestId":"006f25ca-b26e-4e4c-8b4d-fef7a4863918","metodo":"POST","ruta":"/api/v1/registrations","status":201,"duracionMs":80}
integración · PostgreSQL 16 (Testcontainers)	Schema vs 06 · identidad y sesiones (TEST-AUTH-*) · readiness · migración fallida aborta	2026-09-19T04:15:30.5824955Z {"nivel":"info","requestId":"1c86388b-8f5d-4072-8c9b-3f03f4f3c22a","metodo":"POST","ruta":"/api/v1/auth/sessions","status":201,"duracionMs":79}
integración · PostgreSQL 16 (Testcontainers)	Schema vs 06 · identidad y sesiones (TEST-AUTH-*) · readiness · migración fallida aborta	2026-09-19T04:15:30.7952010Z {"nivel":"info","requestId":"e70e7b4b-022c-4aed-92dc-0eeaeeb42e5d","metodo":"POST","ruta":"/api/v1/auth/sessions","status":401,"duracionMs":75}
integración · PostgreSQL 16 (Testcontainers)	Schema vs 06 · identidad y sesiones (TEST-AUTH-*) · readiness · migración fallida aborta	2026-09-19T04:15:30.8662822Z {"nivel":"info","requestId":"159fc927-3cf6-42f5-8967-922e8d0d445d","metodo":"POST","ruta":"/api/v1/auth/sessions","status":401,"duracionMs":69}
integración · PostgreSQL 16 (Testcontainers)	Schema vs 06 · identidad y sesiones (TEST-AUTH-*) · readiness · migración fallida aborta	2026-09-19T04:15:30.9403418Z {"nivel":"info","requestId":"54b35fd4-3765-4b33-8362-e5f55357a0f8","metodo":"POST","ruta":"/api/v1/auth/sessions","status":401,"duracionMs":72}
integración · PostgreSQL 16 (Testcontainers)	Schema vs 06 · identidad y sesiones (TEST-AUTH-*) · readiness · migración fallida aborta	2026-09-19T04:15:31.0116213Z {"nivel":"info","requestId":"30f97c79-3680-4c71-9e8f-6da133bb5bb4","metodo":"POST","ruta":"/api/v1/auth/sessions","status":401,"duracionMs":69}
integración · PostgreSQL 16 (Testcontainers)	Schema vs 06 · identidad y sesiones (TEST-AUTH-*) · readiness · migración fallida aborta	2026-09-19T04:15:31.0134733Z {"nivel":"info","requestId":"e49d8345-851f-4ea9-8fc3-bb55dcfabd96","metodo":"POST","ruta":"/api/v1/auth/sessions","status":429,"duracionMs":0}
integración · PostgreSQL 16 (Testcontainers)	Schema vs 06 · identidad y sesiones (TEST-AUTH-*) · readiness · migración fallida aborta	2026-09-19T04:15:31.2274955Z {"nivel":"info","requestId":"431d787f-9009-4181-89ed-fe94debba2b3","metodo":"POST","ruta":"/api/v1/registrations","status":201,"duracionMs":83}
integración · PostgreSQL 16 (Testcontainers)	Schema vs 06 · identidad y sesiones (TEST-AUTH-*) · readiness · migración fallida aborta	2026-09-19T04:15:31.3084705Z {"nivel":"info","requestId":"7bfea517-a2ab-4943-a3bd-9a615bc32f84","metodo":"POST","ruta":"/api/v1/auth/sessions","status":401,"duracionMs":76}
integración · PostgreSQL 16 (Testcontainers)	Schema vs 06 · identidad y sesiones (TEST-AUTH-*) · readiness · migración fallida aborta	2026-09-19T04:15:31.3800865Z {"nivel":"info","requestId":"efc31321-1211-4cba-ba80-9c8adee85646","metodo":"POST","ruta":"/api/v1/auth/sessions","status":401,"duracionMs":70}
integración · PostgreSQL 16 (Testcontainers)	Schema vs 06 · identidad y sesiones (TEST-AUTH-*) · readiness · migración fallida aborta	2026-09-19T04:15:31.4525010Z {"nivel":"info","requestId":"30c44dd6-b735-481c-8cd0-d7ddb394fc2b","metodo":"POST","ruta":"/api/v1/auth/sessions","status":401,"duracionMs":70}
integración · PostgreSQL 16 (Testcontainers)	Schema vs 06 · identidad y sesiones (TEST-AUTH-*) · readiness · migración fallida aborta	2026-09-19T04:15:31.4552300Z {"nivel":"info","requestId":"2871e378-3a4b-43cd-b426-8ddab6eefd31","metodo":"POST","ruta":"/api/v1/auth/sessions","status":429,"duracionMs":1}
integración · PostgreSQL 16 (Testcontainers)	Schema vs 06 · identidad y sesiones (TEST-AUTH-*) · readiness · migración fallida aborta	2026-09-19T04:15:31.5291206Z {"nivel":"info","requestId":"db325640-f05b-4501-b70e-f1362ed27bce","metodo":"POST","ruta":"/api/v1/auth/sessions","status":401,"duracionMs":72}
integración · PostgreSQL 16 (Testcontainers)	Schema vs 06 · identidad y sesiones (TEST-AUTH-*) · readiness · migración fallida aborta	2026-09-19T04:15:31.6004976Z {"nivel":"info","requestId":"71d0f74a-7186-4255-a73f-6d93baae3442","metodo":"POST","ruta":"/api/v1/auth/sessions","status":401,"duracionMs":69}
integración · PostgreSQL 16 (Testcontainers)	Schema vs 06 · identidad y sesiones (TEST-AUTH-*) · readiness · migración fallida aborta	2026-09-19T04:15:31.6725513Z {"nivel":"info","requestId":"14d8f0cf-1cce-481b-be9a-d77f95cf3d32","metodo":"POST","ruta":"/api/v1/auth/sessions","status":401,"duracionMs":70}
integración · PostgreSQL 16 (Testcontainers)	Schema vs 06 · identidad y sesiones (TEST-AUTH-*) · readiness · migración fallida aborta	2026-09-19T04:15:31.6743932Z {"nivel":"info","requestId":"0a0d4adf-c61f-439c-8ba0-b0e3184ee1f1","metodo":"POST","ruta":"/api/v1/auth/sessions","status":429,"duracionMs":0}
integración · PostgreSQL 16 (Testcontainers)	Schema vs 06 · identidad y sesiones (TEST-AUTH-*) · readiness · migración fallida aborta	2026-09-19T04:15:31.7783536Z {"nivel":"info","requestId":"6c340605-dd24-427b-ac64-1883e0ef9d09","metodo":"POST","ruta":"/api/v1/registrations","status":201,"duracionMs":99}
integración · PostgreSQL 16 (Testcontainers)	Schema vs 06 · identidad y sesiones (TEST-AUTH-*) · readiness · migración fallida aborta	2026-09-19T04:15:31.8653202Z {"nivel":"info","requestId":"4eb5d059-88fa-4b17-8ada-884e419282b6","metodo":"POST","ruta":"/api/v1/registrations","status":201,"duracionMs":85}
integración · PostgreSQL 16 (Testcontainers)	Schema vs 06 · identidad y sesiones (TEST-AUTH-*) · readiness · migración fallida aborta	2026-09-19T04:15:31.8674355Z {"nivel":"info","requestId":"607a722f-d971-4519-82d5-88dcf6ddeaca","metodo":"POST","ruta":"/api/v1/registrations","status":429,"duracionMs":0}
integración · PostgreSQL 16 (Testcontainers)	Schema vs 06 · identidad y sesiones (TEST-AUTH-*) · readiness · migración fallida aborta	2026-09-19T04:15:31.8821003Z PASS ../../test/integration/sesiones.int-spec.ts (10.722 s)
integración · PostgreSQL 16 (Testcontainers)	Schema vs 06 · identidad y sesiones (TEST-AUTH-*) · readiness · migración fallida aborta	2026-09-19T04:15:31.8824232Z   TEST-AUTH-001 — login inválido neutral
integración · PostgreSQL 16 (Testcontainers)	Schema vs 06 · identidad y sesiones (TEST-AUTH-*) · readiness · migración fallida aborta	2026-09-19T04:15:31.8826423Z     ✓ TEST-AUTH-001: código, cuerpo y headers indistinguibles; sin details; ninguna sesión creada (347 ms)
integración · PostgreSQL 16 (Testcontainers)	Schema vs 06 · identidad y sesiones (TEST-AUTH-*) · readiness · migración fallida aborta	2026-09-19T04:15:31.8828030Z     ✓ TEST-AUTH-001: la causa real queda solo en la auditoría interna (09v7 T16) (77 ms)
integración · PostgreSQL 16 (Testcontainers)	Schema vs 06 · identidad y sesiones (TEST-AUTH-*) · readiness · migración fallida aborta	2026-09-19T04:15:31.8829636Z     ✓ TEST-AUTH-001: el hash señuelo usa el costo de los hashes guardados aunque BCRYPT_COST cambie (DL-014) (232 ms)
integración · PostgreSQL 16 (Testcontainers)	Schema vs 06 · identidad y sesiones (TEST-AUTH-*) · readiness · migración fallida aborta	2026-09-19T04:15:31.8830730Z     ✓ TEST-AUTH-001: tiempo indistinguible — medianas dentro de max(50 ms, 35 %) (DEUDA_LEGAJO DL-014) (3578 ms)
integración · PostgreSQL 16 (Testcontainers)	Schema vs 06 · identidad y sesiones (TEST-AUTH-*) · readiness · migración fallida aborta	2026-09-19T04:15:31.8831477Z   TEST-RF-002 / TEST-UC-P26 / TEST-CT-ACC-02…05 — sesión local
integración · PostgreSQL 16 (Testcontainers)	Schema vs 06 · identidad y sesiones (TEST-AUTH-*) · readiness · migración fallida aborta	2026-09-19T04:15:31.8832548Z     ✓ TEST-CT-ACC-02: login 201 con el contrato exacto; *** 12 h, sin renovación; fila de sesión con superficie (172 ms)
integración · PostgreSQL 16 (Testcontainers)	Schema vs 06 · identidad y sesiones (TEST-AUTH-*) · readiness · migración fallida aborta	2026-09-19T04:15:31.8833443Z     ✓ TEST-CT-ACC-05: /me devuelve identidad, estado y sesión propios; nunca hash, token ni A3 (167 ms)
integración · PostgreSQL 16 (Testcontainers)	Schema vs 06 · identidad y sesiones (TEST-AUTH-*) · readiness · migración fallida aborta	2026-09-19T04:15:31.8834118Z     ✓ TEST-CT-ACC-05: sin Authorization → 401 undefined (2 ms)
integración · PostgreSQL 16 (Testcontainers)	Schema vs 06 · identidad y sesiones (TEST-AUTH-*) · readiness · migración fallida aborta	2026-09-19T04:15:31.8834750Z     ✓ TEST-CT-ACC-05: esquema no *** 401 Basic abc (2 ms)
integración · PostgreSQL 16 (Testcontainers)	Schema vs 06 · identidad y sesiones (TEST-AUTH-*) · readiness · migración fallida aborta	2026-09-19T04:15:31.8835348Z     ✓ TEST-CT-ACC-05: token basura → 401 *** (2 ms)
integración · PostgreSQL 16 (Testcontainers)	Schema vs 06 · identidad y sesiones (TEST-AUTH-*) · readiness · migración fallida aborta	2026-09-19T04:15:31.8835973Z     ✓ TEST-CT-ACC-05: token firmado con otro secreto o con alg none → 401 SESSION_INVALID (164 ms)
integración · PostgreSQL 16 (Testcontainers)	Schema vs 06 · identidad y sesiones (TEST-AUTH-*) · readiness · migración fallida aborta	2026-09-19T04:15:31.8837351Z     ✓ TEST-UC-P26: logout (ACC-03) finaliza la sesión actual; la request siguiente da 401; repetir es idempotente; la cuenta sigue OPERATIVA (262 ms)
integración · PostgreSQL 16 (Testcontainers)	Schema vs 06 · identidad y sesiones (TEST-AUTH-*) · readiness · migración fallida aborta	2026-09-19T04:15:31.8838378Z     ✓ TEST-CT-ACC-04: revocar todas (ACC-04) invalida las sesiones de web y APK en la request siguiente (334 ms)
integración · PostgreSQL 16 (Testcontainers)	Schema vs 06 · identidad y sesiones (TEST-AUTH-*) · readiness · migración fallida aborta	2026-09-19T04:15:31.8839535Z     ✓ TEST-RF-002: parámetros de query no declarados en /me → 400 INVALID_REQUEST (09 §3.1) (164 ms)
integración · PostgreSQL 16 (Testcontainers)	Schema vs 06 · identidad y sesiones (TEST-AUTH-*) · readiness · migración fallida aborta	2026-09-19T04:15:31.8840349Z   Suspensión revoca sesiones — INV-06-28 · 09v8 «suspensión que exige revocación invalida sesión»
integración · PostgreSQL 16 (Testcontainers)	Schema vs 06 · identidad y sesiones (TEST-AUTH-*) · readiness · migración fallida aborta	2026-09-19T04:15:31.8841254Z     ✓ TEST-RF-002: SuspenderCuenta revoca las sesiones vigentes, bloquea el login y RestablecerCuenta no las revive (330 ms)
integración · PostgreSQL 16 (Testcontainers)	Schema vs 06 · identidad y sesiones (TEST-AUTH-*) · readiness · migración fallida aborta	2026-09-19T04:15:31.8842875Z   TEST-RNF-SEC-003 — límite de intentos neutral
integración · PostgreSQL 16 (Testcontainers)	Schema vs 06 · identidad y sesiones (TEST-AUTH-*) · readiness · migración fallida aborta	2026-09-19T04:15:31.8843910Z     ✓ TEST-RNF-SEC-003: login — 429 RATE_LIMITED idéntico exista o no la cuenta, aun con la contraseña correcta (691 ms)
integración · PostgreSQL 16 (Testcontainers)	Schema vs 06 · identidad y sesiones (TEST-AUTH-*) · readiness · migración fallida aborta	2026-09-19T04:15:31.8844908Z     ✓ TEST-RNF-SEC-003: login — cupo global por red (08:786): identificadores distintos desde la misma red también se frenan (433 ms)
integración · PostgreSQL 16 (Testcontainers)	Schema vs 06 · identidad y sesiones (TEST-AUTH-*) · readiness · migración fallida aborta	2026-09-19T04:15:31.8846041Z     ✓ TEST-RNF-SEC-003: login — cupo por identificador desde cualquier red (DL-030): un pool de IPs no multiplica los intentos contra una cuenta (660 ms)
integración · PostgreSQL 16 (Testcontainers)	Schema vs 06 · identidad y sesiones (TEST-AUTH-*) · readiness · migración fallida aborta	2026-09-19T04:15:31.8847422Z     ✓ TEST-RNF-SEC-003: registro — 429 al superar el límite por IP, sin crear identidad (192 ms)
integración · PostgreSQL 16 (Testcontainers)	Schema vs 06 · identidad y sesiones (TEST-AUTH-*) · readiness · migración fallida aborta	2026-09-19T04:15:31.8847824Z 
integración · PostgreSQL 16 (Testcontainers)	Schema vs 06 · identidad y sesiones (TEST-AUTH-*) · readiness · migración fallida aborta	2026-09-19T04:15:32.7528178Z {"nivel":"info","requestId":"2bd743c9-4e59-416c-b5da-ff2bbb5ab462","metodo":"POST","ruta":"/api/v1/registrations","status":201,"duracionMs":104}
integración · PostgreSQL 16 (Testcontainers)	Schema vs 06 · identidad y sesiones (TEST-AUTH-*) · readiness · migración fallida aborta	2026-09-19T04:15:32.8887122Z {"nivel":"info","requestId":"2111f875-6ba7-44c8-ab55-07ad95aae463","metodo":"POST","ruta":"/api/v1/registrations","status":201,"duracionMs":82}
integración · PostgreSQL 16 (Testcontainers)	Schema vs 06 · identidad y sesiones (TEST-AUTH-*) · readiness · migración fallida aborta	2026-09-19T04:15:32.9699305Z {"nivel":"info","requestId":"cc515121-9210-4d33-996a-4862cd93fb23","metodo":"POST","ruta":"/api/v1/auth/sessions","status":201,"duracionMs":79}
integración · PostgreSQL 16 (Testcontainers)	Schema vs 06 · identidad y sesiones (TEST-AUTH-*) · readiness · migración fallida aborta	2026-09-19T04:15:32.9831569Z {"nivel":"info","requestId":"2709d45a-a1cd-407e-a980-1d822430d822","metodo":"GET","ruta":"/api/v1/me/health-data-consent-requirement","status":200,"duracionMs":11}
integración · PostgreSQL 16 (Testcontainers)	Schema vs 06 · identidad y sesiones (TEST-AUTH-*) · readiness · migración fallida aborta	2026-09-19T04:15:32.9882702Z {"nivel":"info","requestId":"81bbabd4-a759-4d1e-af5a-c611db69a9fa","metodo":"POST","ruta":"/api/v1/registrations","status":400,"duracionMs":1}
integración · PostgreSQL 16 (Testcontainers)	Schema vs 06 · identidad y sesiones (TEST-AUTH-*) · readiness · migración fallida aborta	2026-09-19T04:15:33.1148843Z {"nivel":"info","requestId":"232dd179-e3c8-4563-8401-6b4d5a704ae6","metodo":"POST","ruta":"/api/v1/registrations","status":201,"duracionMs":118}
integración · PostgreSQL 16 (Testcontainers)	Schema vs 06 · identidad y sesiones (TEST-AUTH-*) · readiness · migración fallida aborta	2026-09-19T04:15:33.1358194Z {"nivel":"info","requestId":"306df52a-7153-4de2-9467-89a4a1dc69ac","metodo":"POST","ruta":"/api/v1/registrations","status":409,"duracionMs":139}
integración · PostgreSQL 16 (Testcontainers)	Schema vs 06 · identidad y sesiones (TEST-AUTH-*) · readiness · migración fallida aborta	2026-09-19T04:15:33.1415314Z {"nivel":"info","requestId":"e8e8c22d-7022-466e-8840-66f943de3af0","metodo":"POST","ruta":"/api/v1/registrations","status":409,"duracionMs":144}
integración · PostgreSQL 16 (Testcontainers)	Schema vs 06 · identidad y sesiones (TEST-AUTH-*) · readiness · migración fallida aborta	2026-09-19T04:15:33.1478164Z {"nivel":"info","requestId":"12cc6231-afe8-4fcd-9756-b1d35efa4296","metodo":"POST","ruta":"/api/v1/registrations","status":409,"duracionMs":150}
integración · PostgreSQL 16 (Testcontainers)	Schema vs 06 · identidad y sesiones (TEST-AUTH-*) · readiness · migración fallida aborta	2026-09-19T04:15:33.1588151Z {"nivel":"info","requestId":"6b7c3e5d-baf7-4f0c-8c6d-50d00a22aca2","metodo":"POST","ruta":"/api/v1/registrations","status":409,"duracionMs":159}
integración · PostgreSQL 16 (Testcontainers)	Schema vs 06 · identidad y sesiones (TEST-AUTH-*) · readiness · migración fallida aborta	2026-09-19T04:15:33.1658171Z {"nivel":"info","requestId":"cd34ca7b-4edb-490d-9f33-95971e3da824","metodo":"POST","ruta":"/api/v1/registrations","status":409,"duracionMs":165}
integración · PostgreSQL 16 (Testcontainers)	Schema vs 06 · identidad y sesiones (TEST-AUTH-*) · readiness · migración fallida aborta	2026-09-19T04:15:33.1768850Z {"nivel":"info","requestId":"8449db68-708b-42b6-80b7-32ca80a90768","metodo":"POST","ruta":"/api/v1/registrations","status":409,"duracionMs":176}
integración · PostgreSQL 16 (Testcontainers)	Schema vs 06 · identidad y sesiones (TEST-AUTH-*) · readiness · migración fallida aborta	2026-09-19T04:15:33.1988315Z {"nivel":"info","requestId":"ec461abb-ceb5-46cb-b870-79ff9e831ee8","metodo":"POST","ruta":"/api/v1/registrations","status":409,"duracionMs":198}
integración · PostgreSQL 16 (Testcontainers)	Schema vs 06 · identidad y sesiones (TEST-AUTH-*) · readiness · migración fallida aborta	2026-09-19T04:15:33.2986643Z {"nivel":"info","requestId":"2e0cf044-0f42-4a41-8c2f-e0d13b57610e","metodo":"POST","ruta":"/api/v1/registrations","status":201,"duracionMs":94}
integración · PostgreSQL 16 (Testcontainers)	Schema vs 06 · identidad y sesiones (TEST-AUTH-*) · readiness · migración fallida aborta	2026-09-19T04:15:33.3717227Z {"nivel":"info","requestId":"b09560da-2438-4cc2-b587-6b447d295824","metodo":"POST","ruta":"/api/v1/registrations","status":409,"duracionMs":71}
integración · PostgreSQL 16 (Testcontainers)	Schema vs 06 · identidad y sesiones (TEST-AUTH-*) · readiness · migración fallida aborta	2026-09-19T04:15:33.4553286Z {"nivel":"info","requestId":"ac0fceb3-ff13-4151-8c43-97648c9778bc","metodo":"POST","ruta":"/api/v1/registrations","status":201,"duracionMs":81}
integración · PostgreSQL 16 (Testcontainers)	Schema vs 06 · identidad y sesiones (TEST-AUTH-*) · readiness · migración fallida aborta	2026-09-19T04:15:33.5797207Z {"nivel":"info","requestId":"c1d23044-0acd-4ecb-ac25-bbbda17cc116","metodo":"POST","ruta":"/api/v1/registrations","status":201,"duracionMs":86}
integración · PostgreSQL 16 (Testcontainers)	Schema vs 06 · identidad y sesiones (TEST-AUTH-*) · readiness · migración fallida aborta	2026-09-19T04:15:33.6645158Z {"nivel":"info","requestId":"99080c51-52cc-4b76-851a-9bf0b0726c9d","metodo":"POST","ruta":"/api/v1/registrations","status":201,"duracionMs":81}
integración · PostgreSQL 16 (Testcontainers)	Schema vs 06 · identidad y sesiones (TEST-AUTH-*) · readiness · migración fallida aborta	2026-09-19T04:15:33.7596469Z {"nivel":"info","requestId":"cd31a288-e623-4b8b-abdb-cd8b1b4c005e","metodo":"POST","ruta":"/api/v1/registrations","status":201,"duracionMs":81}
integración · PostgreSQL 16 (Testcontainers)	Schema vs 06 · identidad y sesiones (TEST-AUTH-*) · readiness · migración fallida aborta	2026-09-19T04:15:33.7715202Z {"nivel":"info","requestId":"94a62211-65a4-4b79-aa0e-384b6f10158b","metodo":"POST","ruta":"/api/v1/registrations","status":400,"duracionMs":0}
integración · PostgreSQL 16 (Testcontainers)	Schema vs 06 · identidad y sesiones (TEST-AUTH-*) · readiness · migración fallida aborta	2026-09-19T04:15:33.7750663Z {"nivel":"info","requestId":"5b78124e-433e-41dd-be53-d9e0d4624035","metodo":"POST","ruta":"/api/v1/registrations","status":400,"duracionMs":0}
integración · PostgreSQL 16 (Testcontainers)	Schema vs 06 · identidad y sesiones (TEST-AUTH-*) · readiness · migración fallida aborta	2026-09-19T04:15:33.7772887Z {"nivel":"info","requestId":"478b4467-df6f-4816-9890-d7cb1b994bf2","metodo":"POST","ruta":"/api/v1/registrations","status":422,"duracionMs":0}
integración · PostgreSQL 16 (Testcontainers)	Schema vs 06 · identidad y sesiones (TEST-AUTH-*) · readiness · migración fallida aborta	2026-09-19T04:15:33.7789550Z {"nivel":"info","requestId":"72ad5226-c91c-4066-8f10-986b9db6ceda","metodo":"POST","ruta":"/api/v1/registrations","status":422,"duracionMs":0}
integración · PostgreSQL 16 (Testcontainers)	Schema vs 06 · identidad y sesiones (TEST-AUTH-*) · readiness · migración fallida aborta	2026-09-19T04:15:33.7812393Z {"nivel":"info","requestId":"2c903ddc-5218-4de6-856e-e693fc1281e5","metodo":"POST","ruta":"/api/v1/registrations","status":400,"duracionMs":0}
integración · PostgreSQL 16 (Testcontainers)	Schema vs 06 · identidad y sesiones (TEST-AUTH-*) · readiness · migración fallida aborta	2026-09-19T04:15:33.7839329Z {"nivel":"info","requestId":"f100ae5a-3ab0-466c-bdf2-17f0f3b85caa","metodo":"POST","ruta":"/api/v1/registrations","status":400,"duracionMs":0}
integración · PostgreSQL 16 (Testcontainers)	Schema vs 06 · identidad y sesiones (TEST-AUTH-*) · readiness · migración fallida aborta	2026-09-19T04:15:33.7856053Z {"nivel":"info","requestId":"11137648-4e1f-4f19-8655-6f3f92742106","metodo":"POST","ruta":"/api/v1/registrations","status":400,"duracionMs":0}
integración · PostgreSQL 16 (Testcontainers)	Schema vs 06 · identidad y sesiones (TEST-AUTH-*) · readiness · migración fallida aborta	2026-09-19T04:15:33.7873595Z {"nivel":"info","requestId":"9c47a142-db71-457c-bf2b-7c52642723a9","metodo":"POST","ruta":"/api/v1/registrations","status":400,"duracionMs":0}
integración · PostgreSQL 16 (Testcontainers)	Schema vs 06 · identidad y sesiones (TEST-AUTH-*) · readiness · migración fallida aborta	2026-09-19T04:15:33.8727777Z {"nivel":"info","requestId":"099efa92-7518-4d07-b6e6-be8cc06749e6","metodo":"POST","ruta":"/api/v1/registrations","status":201,"duracionMs":83}
integración · PostgreSQL 16 (Testcontainers)	Schema vs 06 · identidad y sesiones (TEST-AUTH-*) · readiness · migración fallida aborta	2026-09-19T04:15:33.9447968Z {"nivel":"info","requestId":"1340ea00-d36d-4079-aef1-d568b714ae42","metodo":"POST","ruta":"/api/v1/registrations","status":201,"duracionMs":70}
integración · PostgreSQL 16 (Testcontainers)	Schema vs 06 · identidad y sesiones (TEST-AUTH-*) · readiness · migración fallida aborta	2026-09-19T04:15:34.0479898Z {"nivel":"info","requestId":"1dad417c-e28b-4a4a-aa54-631e34790d0d","metodo":"POST","ruta":"/api/v1/registrations","status":201,"duracionMs":96}
integración · PostgreSQL 16 (Testcontainers)	Schema vs 06 · identidad y sesiones (TEST-AUTH-*) · readiness · migración fallida aborta	2026-09-19T04:15:34.0494791Z {"nivel":"info","requestId":"c8ea0a2b-c475-4bdb-a906-921187f21c1b","metodo":"POST","ruta":"/api/v1/registrations","status":201,"duracionMs":98}
integración · PostgreSQL 16 (Testcontainers)	Schema vs 06 · identidad y sesiones (TEST-AUTH-*) · readiness · migración fallida aborta	2026-09-19T04:15:34.0523417Z {"nivel":"info","requestId":"1f71b263-e81e-4f4f-8e12-55782f685219","metodo":"POST","ruta":"/api/v1/registrations","status":201,"duracionMs":101}
integración · PostgreSQL 16 (Testcontainers)	Schema vs 06 · identidad y sesiones (TEST-AUTH-*) · readiness · migración fallida aborta	2026-09-19T04:15:34.0530290Z {"nivel":"info","requestId":"cd9fa268-3612-4b8c-bb95-c4cad0fa84fe","metodo":"POST","ruta":"/api/v1/registrations","status":201,"duracionMs":100}
integración · PostgreSQL 16 (Testcontainers)	Schema vs 06 · identidad y sesiones (TEST-AUTH-*) · readiness · migración fallida aborta	2026-09-19T04:15:34.1407591Z {"nivel":"info","requestId":"54db04f7-cbb7-4056-8e9d-cede60148c74","metodo":"POST","ruta":"/api/v1/registrations","status":201,"duracionMs":85}
integración · PostgreSQL 16 (Testcontainers)	Schema vs 06 · identidad y sesiones (TEST-AUTH-*) · readiness · migración fallida aborta	2026-09-19T04:15:34.2143718Z {"nivel":"info","requestId":"c74909c0-d9f6-4280-8822-4b9d3a781fca","metodo":"POST","ruta":"/api/v1/registrations","status":409,"duracionMs":72}
integración · PostgreSQL 16 (Testcontainers)	Schema vs 06 · identidad y sesiones (TEST-AUTH-*) · readiness · migración fallida aborta	2026-09-19T04:15:34.2970880Z {"nivel":"error","evento":"error_no_clasificado","tipo":"Error","requestId":"71d9d494-02aa-466f-bb61-742f9b4710fc"}
integración · PostgreSQL 16 (Testcontainers)	Schema vs 06 · identidad y sesiones (TEST-AUTH-*) · readiness · migración fallida aborta	2026-09-19T04:15:34.2974434Z {"nivel":"info","requestId":"71d9d494-02aa-466f-bb61-742f9b4710fc","metodo":"POST","ruta":"/api/v1/registrations","status":500,"duracionMs":80}
integración · PostgreSQL 16 (Testcontainers)	Schema vs 06 · identidad y sesiones (TEST-AUTH-*) · readiness · migración fallida aborta	2026-09-19T04:15:34.3808072Z {"nivel":"info","requestId":"f9c1008b-c1d7-472a-bff7-23a8f33c4a7b","metodo":"POST","ruta":"/api/v1/registrations","status":201,"duracionMs":80}
integración · PostgreSQL 16 (Testcontainers)	Schema vs 06 · identidad y sesiones (TEST-AUTH-*) · readiness · migración fallida aborta	2026-09-19T04:15:34.4650452Z {"nivel":"info","requestId":"6a72552c-6d87-4c5e-b3b5-8fd6542a6fb4","metodo":"POST","ruta":"/api/v1/registrations","status":201,"duracionMs":82}
integración · PostgreSQL 16 (Testcontainers)	Schema vs 06 · identidad y sesiones (TEST-AUTH-*) · readiness · migración fallida aborta	2026-09-19T04:15:34.5468041Z {"nivel":"info","requestId":"64acd77a-4500-42a4-a101-abc00394a828","metodo":"POST","ruta":"/api/v1/registrations","status":201,"duracionMs":80}
integración · PostgreSQL 16 (Testcontainers)	Schema vs 06 · identidad y sesiones (TEST-AUTH-*) · readiness · migración fallida aborta	2026-09-19T04:15:34.5571689Z PASS ../../test/integration/registro.int-spec.ts
integración · PostgreSQL 16 (Testcontainers)	Schema vs 06 · identidad y sesiones (TEST-AUTH-*) · readiness · migración fallida aborta	2026-09-19T04:15:34.5573428Z   ✓ los identificadores de dominio son UUID opacos y no secuenciales (166 ms)
integración · PostgreSQL 16 (Testcontainers)	Schema vs 06 · identidad y sesiones (TEST-AUTH-*) · readiness · migración fallida aborta	2026-09-19T04:15:34.5575321Z   TEST-AUTH-002 — el registro no concede A3
integración · PostgreSQL 16 (Testcontainers)	Schema vs 06 · identidad y sesiones (TEST-AUTH-*) · readiness · migración fallida aborta	2026-09-19T04:15:34.5577223Z     ✓ TEST-AUTH-002: tras ACC-01 existen A1 y A2 separados con evidencia propia, cero A3, sin rol ni sesión (162 ms)
integración · PostgreSQL 16 (Testcontainers)	Schema vs 06 · identidad y sesiones (TEST-AUTH-*) · readiness · migración fallida aborta	2026-09-19T04:15:34.5579291Z     ✓ TEST-AUTH-002: CON-05 responde currentConsent null (A3 no otorgado) después del registro (181 ms)
integración · PostgreSQL 16 (Testcontainers)	Schema vs 06 · identidad y sesiones (TEST-AUTH-*) · readiness · migración fallida aborta	2026-09-19T04:15:34.5581307Z     ✓ TEST-AUTH-002: un campo de consentimiento A3 en el registro se rechaza con 400 UNKNOWN_FIELD y no crea nada (5 ms)
integración · PostgreSQL 16 (Testcontainers)	Schema vs 06 · identidad y sesiones (TEST-AUTH-*) · readiness · migración fallida aborta	2026-09-19T04:15:34.5583060Z   TEST-RF-001 — una identidad por identificador, garantizado por índice único
integración · PostgreSQL 16 (Testcontainers)	Schema vs 06 · identidad y sesiones (TEST-AUTH-*) · readiness · migración fallida aborta	2026-09-19T04:15:34.5584921Z     ✓ TEST-RF-001: 8 registros concurrentes con el mismo correo (keys distintas) crean exactamente 1 identidad (212 ms)
integración · PostgreSQL 16 (Testcontainers)	Schema vs 06 · identidad y sesiones (TEST-AUTH-*) · readiness · migración fallida aborta	2026-09-19T04:15:34.5586701Z     ✓ TEST-RF-001: mayúsculas y espacios no evaden la unicidad (identificador normalizado) (170 ms)
integración · PostgreSQL 16 (Testcontainers)	Schema vs 06 · identidad y sesiones (TEST-AUTH-*) · readiness · migración fallida aborta	2026-09-19T04:15:34.5588840Z     ✓ TEST-RF-001: la base rechaza por sí sola un segundo método LOCAL con la misma referencia (índice único) (119 ms)
integración · PostgreSQL 16 (Testcontainers)	Schema vs 06 · identidad y sesiones (TEST-AUTH-*) · readiness · migración fallida aborta	2026-09-19T04:15:34.5590205Z   TEST-UC-P25 / TEST-CT-ACC-01 — registro
integración · PostgreSQL 16 (Testcontainers)	Schema vs 06 · identidad y sesiones (TEST-AUTH-*) · readiness · migración fallida aborta	2026-09-19T04:15:34.5591524Z     ✓ TEST-CT-ACC-01: 201 con el contrato exacto, sin sesión ni datos sensibles (90 ms)
integración · PostgreSQL 16 (Testcontainers)	Schema vs 06 · identidad y sesiones (TEST-AUTH-*) · readiness · migración fallida aborta	2026-09-19T04:15:34.5593639Z     ✓ TEST-UC-P25: una sola transacción crea identidad OPERATIVA, perfil propio 1:1, método, credencial hasheada, eventos y auditoría (95 ms)
integración · PostgreSQL 16 (Testcontainers)	Schema vs 06 · identidad y sesiones (TEST-AUTH-*) · readiness · migración fallida aborta	2026-09-19T04:15:34.5595691Z     ✓ TEST-DOM-008: ocurrencia y registro se guardan por separado en todos los hechos del alta (86 ms)
integración · PostgreSQL 16 (Testcontainers)	Schema vs 06 · identidad y sesiones (TEST-AUTH-*) · readiness · migración fallida aborta	2026-09-19T04:15:34.5597599Z     ✓ TEST-CT-ACC-01: sin Idempotency-Key → 400 INVALID_REQUEST (10 ms)
integración · PostgreSQL 16 (Testcontainers)	Schema vs 06 · identidad y sesiones (TEST-AUTH-*) · readiness · migración fallida aborta	2026-09-19T04:15:34.5599323Z     ✓ TEST-CT-ACC-01: Idempotency-Key inválida → 400 INVALID_REQUEST (2 ms)
integración · PostgreSQL 16 (Testcontainers)	Schema vs 06 · identidad y sesiones (TEST-AUTH-*) · readiness · migración fallida aborta	2026-09-19T04:15:34.5601270Z     ✓ TEST-CT-ACC-01: versión de términos no vigente → 422 TERMS_VERSION_NOT_ACCEPTABLE; de privacidad → PRIVACY_VERSION_NOT_ACCEPTABLE (4 ms)
integración · PostgreSQL 16 (Testcontainers)	Schema vs 06 · identidad y sesiones (TEST-AUTH-*) · readiness · migración fallida aborta	2026-09-19T04:15:34.5603378Z     ✓ TEST-CT-ACC-01: credencial corta o correo inválido → 400 INVALID_REQUEST con issues {code, path} (2 ms)
integración · PostgreSQL 16 (Testcontainers)	Schema vs 06 · identidad y sesiones (TEST-AUTH-*) · readiness · migración fallida aborta	2026-09-19T04:15:34.5605214Z     ✓ TEST-AUTH-009: campos autoritativos del cliente (rol, estado, capacidades) → 400 UNKNOWN_FIELD (6 ms)
integración · PostgreSQL 16 (Testcontainers)	Schema vs 06 · identidad y sesiones (TEST-AUTH-*) · readiness · migración fallida aborta	2026-09-19T04:15:34.5606567Z   TEST-RNF-REC-002 — idempotencia del registro
integración · PostgreSQL 16 (Testcontainers)	Schema vs 06 · identidad y sesiones (TEST-AUTH-*) · readiness · migración fallida aborta	2026-09-19T04:15:34.5608151Z     ✓ TEST-RNF-REC-002: misma key + mismo payload → mismo resultado sin duplicar efectos (160 ms)
integración · PostgreSQL 16 (Testcontainers)	Schema vs 06 · identidad y sesiones (TEST-AUTH-*) · readiness · migración fallida aborta	2026-09-19T04:15:34.5609946Z     ✓ TEST-RNF-REC-002: requests concurrentes con la misma key → una identidad y respuestas idénticas (106 ms)
integración · PostgreSQL 16 (Testcontainers)	Schema vs 06 · identidad y sesiones (TEST-AUTH-*) · readiness · migración fallida aborta	2026-09-19T04:15:34.5611613Z     ✓ TEST-RNF-REC-002: misma key con otro payload → 409 IDEMPOTENCY_KEY_REUSED (161 ms)
integración · PostgreSQL 16 (Testcontainers)	Schema vs 06 · identidad y sesiones (TEST-AUTH-*) · readiness · migración fallida aborta	2026-09-19T04:15:34.5612949Z   TEST-RNF-SEC-005 — auditoría bloqueante (REQUIRED_SAME_TX)
integración · PostgreSQL 16 (Testcontainers)	Schema vs 06 · identidad y sesiones (TEST-AUTH-*) · readiness · migración fallida aborta	2026-09-19T04:15:34.5614718Z     ✓ TEST-RNF-SEC-005: si la auditoría del alta falla, no queda identidad ni efecto alguno (09v7 T18: no audit → no success) (166 ms)
integración · PostgreSQL 16 (Testcontainers)	Schema vs 06 · identidad y sesiones (TEST-AUTH-*) · readiness · migración fallida aborta	2026-09-19T04:15:34.5615811Z 
integración · PostgreSQL 16 (Testcontainers)	Schema vs 06 · identidad y sesiones (TEST-AUTH-*) · readiness · migración fallida aborta	2026-09-19T04:15:35.4483312Z {"nivel":"info","requestId":"2f0b1cf4-9914-43a6-a09b-0ed064a551c4","metodo":"POST","ruta":"/api/v1/registrations","status":201,"duracionMs":99}
integración · PostgreSQL 16 (Testcontainers)	Schema vs 06 · identidad y sesiones (TEST-AUTH-*) · readiness · migración fallida aborta	2026-09-19T04:15:35.5274437Z {"nivel":"info","requestId":"5f9d5d1f-f0d0-4062-8130-b2f45fa033a8","metodo":"POST","ruta":"/api/v1/auth/sessions","status":201,"duracionMs":77}
integración · PostgreSQL 16 (Testcontainers)	Schema vs 06 · identidad y sesiones (TEST-AUTH-*) · readiness · migración fallida aborta	2026-09-19T04:15:35.6037456Z {"nivel":"info","requestId":"a1d67b4a-ef4d-4fe7-9af9-48fbfb4daddf","metodo":"POST","ruta":"/api/v1/auth/sessions","status":201,"duracionMs":74}
integración · PostgreSQL 16 (Testcontainers)	Schema vs 06 · identidad y sesiones (TEST-AUTH-*) · readiness · migración fallida aborta	2026-09-19T04:15:35.6797497Z {"nivel":"info","requestId":"967abccf-2b25-4616-856e-06cfe2ffa455","metodo":"POST","ruta":"/api/v1/auth/sessions","status":201,"duracionMs":74}
integración · PostgreSQL 16 (Testcontainers)	Schema vs 06 · identidad y sesiones (TEST-AUTH-*) · readiness · migración fallida aborta	2026-09-19T04:15:35.7094547Z {"nivel":"info","requestId":"14468642-7504-4f1d-a1b0-6947899d1403","metodo":"POST","ruta":"/api/v1/me/account-closure-requests","status":201,"duracionMs":28}
integración · PostgreSQL 16 (Testcontainers)	Schema vs 06 · identidad y sesiones (TEST-AUTH-*) · readiness · migración fallida aborta	2026-09-19T04:15:35.8267869Z {"nivel":"info","requestId":"52de5477-bcc5-4892-82ed-8b96a23b7d60","metodo":"POST","ruta":"/api/v1/auth/sessions","status":401,"duracionMs":70}
integración · PostgreSQL 16 (Testcontainers)	Schema vs 06 · identidad y sesiones (TEST-AUTH-*) · readiness · migración fallida aborta	2026-09-19T04:15:35.9179727Z {"nivel":"info","requestId":"d0918740-f10a-459e-aa22-4fdae4e2f101","metodo":"POST","ruta":"/api/v1/registrations","status":201,"duracionMs":85}
integración · PostgreSQL 16 (Testcontainers)	Schema vs 06 · identidad y sesiones (TEST-AUTH-*) · readiness · migración fallida aborta	2026-09-19T04:15:35.9930422Z {"nivel":"info","requestId":"2e6ed08e-e721-4794-81b1-aae32b47b5cc","metodo":"POST","ruta":"/api/v1/auth/sessions","status":201,"duracionMs":73}
integración · PostgreSQL 16 (Testcontainers)	Schema vs 06 · identidad y sesiones (TEST-AUTH-*) · readiness · migración fallida aborta	2026-09-19T04:15:36.0686254Z {"nivel":"info","requestId":"41e8d946-33bf-4812-b036-f8fef2a02bee","metodo":"POST","ruta":"/api/v1/auth/sessions","status":201,"duracionMs":74}
integración · PostgreSQL 16 (Testcontainers)	Schema vs 06 · identidad y sesiones (TEST-AUTH-*) · readiness · migración fallida aborta	2026-09-19T04:15:36.1431617Z {"nivel":"info","requestId":"afa33631-e075-4e8d-88ea-b425f4b8560c","metodo":"POST","ruta":"/api/v1/auth/sessions","status":201,"duracionMs":73}
integración · PostgreSQL 16 (Testcontainers)	Schema vs 06 · identidad y sesiones (TEST-AUTH-*) · readiness · migración fallida aborta	2026-09-19T04:15:36.1616662Z {"nivel":"info","requestId":"bb854389-3b1f-404b-bab9-d265353c9e7f","metodo":"POST","ruta":"/api/v1/me/account-closure-requests","status":201,"duracionMs":17}
integración · PostgreSQL 16 (Testcontainers)	Schema vs 06 · identidad y sesiones (TEST-AUTH-*) · readiness · migración fallida aborta	2026-09-19T04:15:36.1680186Z {"nivel":"info","requestId":"12924949-a3cc-4db6-aa94-bf95ee39b0dc","metodo":"GET","ruta":"/api/v1/me","status":401,"duracionMs":3}
integración · PostgreSQL 16 (Testcontainers)	Schema vs 06 · identidad y sesiones (TEST-AUTH-*) · readiness · migración fallida aborta	2026-09-19T04:15:36.1706749Z {"nivel":"info","requestId":"76aea9a0-d6c2-47f1-843c-528f53b0e91d","metodo":"GET","ruta":"/api/v1/me/health-data-consent-requirement","status":401,"duracionMs":2}
integración · PostgreSQL 16 (Testcontainers)	Schema vs 06 · identidad y sesiones (TEST-AUTH-*) · readiness · migración fallida aborta	2026-09-19T04:15:36.1743541Z {"nivel":"info","requestId":"bbbfb0d2-945e-4ede-9dca-f655360070b9","metodo":"DELETE","ruta":"/api/v1/auth/sessions","status":401,"duracionMs":2}
integración · PostgreSQL 16 (Testcontainers)	Schema vs 06 · identidad y sesiones (TEST-AUTH-*) · readiness · migración fallida aborta	2026-09-19T04:15:36.1777851Z {"nivel":"info","requestId":"7ff3afdd-6556-4887-86e7-4a6a07151d79","metodo":"GET","ruta":"/api/v1/me","status":401,"duracionMs":2}
integración · PostgreSQL 16 (Testcontainers)	Schema vs 06 · identidad y sesiones (TEST-AUTH-*) · readiness · migración fallida aborta	2026-09-19T04:15:36.1812868Z {"nivel":"info","requestId":"123d3467-4e45-45d8-9c6a-32a9907378a0","metodo":"GET","ruta":"/api/v1/me/health-data-consent-requirement","status":401,"duracionMs":2}
integración · PostgreSQL 16 (Testcontainers)	Schema vs 06 · identidad y sesiones (TEST-AUTH-*) · readiness · migración fallida aborta	2026-09-19T04:15:36.1846602Z {"nivel":"info","requestId":"be7d5de2-14db-45ba-a68a-37a7e919702d","metodo":"DELETE","ruta":"/api/v1/auth/sessions","status":401,"duracionMs":2}
integración · PostgreSQL 16 (Testcontainers)	Schema vs 06 · identidad y sesiones (TEST-AUTH-*) · readiness · migración fallida aborta	2026-09-19T04:15:36.1877632Z {"nivel":"info","requestId":"ba7fe81f-d330-4ad9-978c-9d32e95abdd9","metodo":"GET","ruta":"/api/v1/me","status":401,"duracionMs":1}
integración · PostgreSQL 16 (Testcontainers)	Schema vs 06 · identidad y sesiones (TEST-AUTH-*) · readiness · migración fallida aborta	2026-09-19T04:15:36.1908842Z {"nivel":"info","requestId":"7a3da58b-f652-42cf-822c-e1974747b50c","metodo":"GET","ruta":"/api/v1/me/health-data-consent-requirement","status":401,"duracionMs":1}
integración · PostgreSQL 16 (Testcontainers)	Schema vs 06 · identidad y sesiones (TEST-AUTH-*) · readiness · migración fallida aborta	2026-09-19T04:15:36.1939204Z {"nivel":"info","requestId":"cc5d4d3c-1fa8-40f7-ae3e-a78571c736bf","metodo":"DELETE","ruta":"/api/v1/auth/sessions","status":401,"duracionMs":1}
integración · PostgreSQL 16 (Testcontainers)	Schema vs 06 · identidad y sesiones (TEST-AUTH-*) · readiness · migración fallida aborta	2026-09-19T04:15:36.2805802Z {"nivel":"info","requestId":"9cd16f4e-a480-4ab3-8d78-8ec140562f14","metodo":"POST","ruta":"/api/v1/registrations","status":201,"duracionMs":82}
integración · PostgreSQL 16 (Testcontainers)	Schema vs 06 · identidad y sesiones (TEST-AUTH-*) · readiness · migración fallida aborta	2026-09-19T04:15:36.3550105Z {"nivel":"info","requestId":"3c6e405f-a074-4669-8eb7-c3fb908fc2d7","metodo":"POST","ruta":"/api/v1/auth/sessions","status":201,"duracionMs":72}
integración · PostgreSQL 16 (Testcontainers)	Schema vs 06 · identidad y sesiones (TEST-AUTH-*) · readiness · migración fallida aborta	2026-09-19T04:15:36.4293540Z {"nivel":"info","requestId":"7aa4c389-3431-4402-a40b-6e216e7c0b8d","metodo":"POST","ruta":"/api/v1/auth/sessions","status":201,"duracionMs":72}
integración · PostgreSQL 16 (Testcontainers)	Schema vs 06 · identidad y sesiones (TEST-AUTH-*) · readiness · migración fallida aborta	2026-09-19T04:15:36.5072566Z {"nivel":"info","requestId":"71f618b2-3156-4282-b243-e9c96a85d3ac","metodo":"POST","ruta":"/api/v1/auth/sessions","status":201,"duracionMs":76}
integración · PostgreSQL 16 (Testcontainers)	Schema vs 06 · identidad y sesiones (TEST-AUTH-*) · readiness · migración fallida aborta	2026-09-19T04:15:36.5277327Z {"nivel":"info","requestId":"84c579ab-1bdd-4c68-a5b8-3341be64bea1","metodo":"POST","ruta":"/api/v1/me/account-closure-requests","status":201,"duracionMs":18}
integración · PostgreSQL 16 (Testcontainers)	Schema vs 06 · identidad y sesiones (TEST-AUTH-*) · readiness · migración fallida aborta	2026-09-19T04:15:36.6199303Z {"nivel":"info","requestId":"e8dfd363-5f8f-4c7c-b70e-f8dc0f24bc98","metodo":"POST","ruta":"/api/v1/registrations","status":201,"duracionMs":81}
integración · PostgreSQL 16 (Testcontainers)	Schema vs 06 · identidad y sesiones (TEST-AUTH-*) · readiness · migración fallida aborta	2026-09-19T04:15:36.6940830Z {"nivel":"info","requestId":"63afe98a-d64c-42a0-84b9-80b4240b77be","metodo":"POST","ruta":"/api/v1/auth/sessions","status":201,"duracionMs":72}
integración · PostgreSQL 16 (Testcontainers)	Schema vs 06 · identidad y sesiones (TEST-AUTH-*) · readiness · migración fallida aborta	2026-09-19T04:15:36.7704786Z {"nivel":"info","requestId":"83a0a855-f8fc-48b6-aca8-2d685cccb6e8","metodo":"POST","ruta":"/api/v1/auth/sessions","status":201,"duracionMs":75}
integración · PostgreSQL 16 (Testcontainers)	Schema vs 06 · identidad y sesiones (TEST-AUTH-*) · readiness · migración fallida aborta	2026-09-19T04:15:36.8465249Z {"nivel":"info","requestId":"70e63c4e-83ad-4935-bf06-2fded655ebd3","metodo":"POST","ruta":"/api/v1/auth/sessions","status":201,"duracionMs":74}
integración · PostgreSQL 16 (Testcontainers)	Schema vs 06 · identidad y sesiones (TEST-AUTH-*) · readiness · migración fallida aborta	2026-09-19T04:15:36.8653451Z {"nivel":"info","requestId":"b1b9d95d-8f30-4065-8989-1ebde8b0bc2f","metodo":"POST","ruta":"/api/v1/me/account-closure-requests","status":201,"duracionMs":17}
integración · PostgreSQL 16 (Testcontainers)	Schema vs 06 · identidad y sesiones (TEST-AUTH-*) · readiness · migración fallida aborta	2026-09-19T04:15:36.9531344Z {"nivel":"info","requestId":"c059f8c9-ec8c-452c-8552-0e29cd4554cb","metodo":"POST","ruta":"/api/v1/registrations","status":201,"duracionMs":81}
integración · PostgreSQL 16 (Testcontainers)	Schema vs 06 · identidad y sesiones (TEST-AUTH-*) · readiness · migración fallida aborta	2026-09-19T04:15:37.0273620Z {"nivel":"info","requestId":"a302beb4-d314-4a08-b8fb-7e3fd690d15d","metodo":"POST","ruta":"/api/v1/auth/sessions","status":201,"duracionMs":72}
integración · PostgreSQL 16 (Testcontainers)	Schema vs 06 · identidad y sesiones (TEST-AUTH-*) · readiness · migración fallida aborta	2026-09-19T04:15:37.1064456Z {"nivel":"info","requestId":"b2df7a2d-3cb4-46ba-9722-3a1de774ea7f","metodo":"POST","ruta":"/api/v1/auth/sessions","status":201,"duracionMs":77}
integración · PostgreSQL 16 (Testcontainers)	Schema vs 06 · identidad y sesiones (TEST-AUTH-*) · readiness · migración fallida aborta	2026-09-19T04:15:37.1806458Z {"nivel":"info","requestId":"ada78674-057a-464b-b1a4-cd8537a16544","metodo":"POST","ruta":"/api/v1/auth/sessions","status":201,"duracionMs":72}
integración · PostgreSQL 16 (Testcontainers)	Schema vs 06 · identidad y sesiones (TEST-AUTH-*) · readiness · migración fallida aborta	2026-09-19T04:15:37.1982666Z {"nivel":"info","requestId":"073245e1-85f1-4799-b4d6-f4d2821ce7d0","metodo":"POST","ruta":"/api/v1/me/account-closure-requests","status":201,"duracionMs":16}
integración · PostgreSQL 16 (Testcontainers)	Schema vs 06 · identidad y sesiones (TEST-AUTH-*) · readiness · migración fallida aborta	2026-09-19T04:15:37.3015591Z {"nivel":"info","requestId":"1563d93e-59b0-479e-b14a-5011d441b1a3","metodo":"POST","ruta":"/api/v1/registrations","status":201,"duracionMs":81}
integración · PostgreSQL 16 (Testcontainers)	Schema vs 06 · identidad y sesiones (TEST-AUTH-*) · readiness · migración fallida aborta	2026-09-19T04:15:37.3789446Z {"nivel":"info","requestId":"d988b414-22f0-47d1-81c8-90bacc390ca5","metodo":"POST","ruta":"/api/v1/auth/sessions","status":201,"duracionMs":75}
integración · PostgreSQL 16 (Testcontainers)	Schema vs 06 · identidad y sesiones (TEST-AUTH-*) · readiness · migración fallida aborta	2026-09-19T04:15:37.4535331Z {"nivel":"info","requestId":"9b1d22c7-215d-4bce-8829-2253c3784a90","metodo":"POST","ruta":"/api/v1/auth/sessions","status":201,"duracionMs":73}
integración · PostgreSQL 16 (Testcontainers)	Schema vs 06 · identidad y sesiones (TEST-AUTH-*) · readiness · migración fallida aborta	2026-09-19T04:15:37.5277477Z {"nivel":"info","requestId":"efb2714c-d5cf-416c-a64c-36031feed6bd","metodo":"POST","ruta":"/api/v1/auth/sessions","status":201,"duracionMs":72}
integración · PostgreSQL 16 (Testcontainers)	Schema vs 06 · identidad y sesiones (TEST-AUTH-*) · readiness · migración fallida aborta	2026-09-19T04:15:37.5459350Z {"nivel":"info","requestId":"3c3f6ddb-404a-4ebf-969f-88badbb17b90","metodo":"POST","ruta":"/api/v1/me/account-closure-requests","status":201,"duracionMs":16}
integración · PostgreSQL 16 (Testcontainers)	Schema vs 06 · identidad y sesiones (TEST-AUTH-*) · readiness · migración fallida aborta	2026-09-19T04:15:37.6352998Z {"nivel":"info","requestId":"2e323b12-b3f5-41b2-993f-c488c9405f2b","metodo":"POST","ruta":"/api/v1/registrations","status":201,"duracionMs":83}
integración · PostgreSQL 16 (Testcontainers)	Schema vs 06 · identidad y sesiones (TEST-AUTH-*) · readiness · migración fallida aborta	2026-09-19T04:15:37.7133761Z {"nivel":"info","requestId":"da6455cc-6566-4527-8893-f7f8b43beca3","metodo":"POST","ruta":"/api/v1/auth/sessions","status":201,"duracionMs":76}
integración · PostgreSQL 16 (Testcontainers)	Schema vs 06 · identidad y sesiones (TEST-AUTH-*) · readiness · migración fallida aborta	2026-09-19T04:15:37.7877964Z {"nivel":"info","requestId":"8f072b23-3ea8-4342-95fa-913ebd55e764","metodo":"POST","ruta":"/api/v1/auth/sessions","status":201,"duracionMs":72}
integración · PostgreSQL 16 (Testcontainers)	Schema vs 06 · identidad y sesiones (TEST-AUTH-*) · readiness · migración fallida aborta	2026-09-19T04:15:37.8618454Z {"nivel":"info","requestId":"448609a9-a372-4350-b220-e6cdeb5c8cc0","metodo":"POST","ruta":"/api/v1/auth/sessions","status":201,"duracionMs":72}
integración · PostgreSQL 16 (Testcontainers)	Schema vs 06 · identidad y sesiones (TEST-AUTH-*) · readiness · migración fallida aborta	2026-09-19T04:15:37.8789899Z {"nivel":"info","requestId":"b1635271-e8e0-429a-9e77-ad6a10af7045","metodo":"POST","ruta":"/api/v1/me/account-closure-requests","status":201,"duracionMs":15}
integración · PostgreSQL 16 (Testcontainers)	Schema vs 06 · identidad y sesiones (TEST-AUTH-*) · readiness · migración fallida aborta	2026-09-19T04:15:37.8831354Z {"nivel":"info","requestId":"4323543b-1c5e-4eb4-bea9-20246b2c0594","metodo":"POST","ruta":"/api/v1/me/account-closure-requests","status":201,"duracionMs":2}
integración · PostgreSQL 16 (Testcontainers)	Schema vs 06 · identidad y sesiones (TEST-AUTH-*) · readiness · migración fallida aborta	2026-09-19T04:15:37.8893171Z {"nivel":"info","requestId":"907f2538-75e3-4508-885f-0aa7f7cfb9cd","metodo":"POST","ruta":"/api/v1/me/account-closure-requests","status":409,"duracionMs":2}
integración · PostgreSQL 16 (Testcontainers)	Schema vs 06 · identidad y sesiones (TEST-AUTH-*) · readiness · migración fallida aborta	2026-09-19T04:15:37.8934206Z {"nivel":"info","requestId":"bfed7c00-aa7c-4f39-88c2-c61e91fb98ab","metodo":"POST","ruta":"/api/v1/me/account-closure-requests","status":401,"duracionMs":2}
integración · PostgreSQL 16 (Testcontainers)	Schema vs 06 · identidad y sesiones (TEST-AUTH-*) · readiness · migración fallida aborta	2026-09-19T04:15:37.9789256Z {"nivel":"info","requestId":"3703af71-5c37-4e6c-a188-f616c0058dda","metodo":"POST","ruta":"/api/v1/registrations","status":201,"duracionMs":83}
integración · PostgreSQL 16 (Testcontainers)	Schema vs 06 · identidad y sesiones (TEST-AUTH-*) · readiness · migración fallida aborta	2026-09-19T04:15:38.0556657Z {"nivel":"info","requestId":"e1f3da9d-9c91-4339-a541-95abe78a8aad","metodo":"POST","ruta":"/api/v1/auth/sessions","status":201,"duracionMs":75}
integración · PostgreSQL 16 (Testcontainers)	Schema vs 06 · identidad y sesiones (TEST-AUTH-*) · readiness · migración fallida aborta	2026-09-19T04:15:38.0630724Z {"nivel":"info","requestId":"6635f55c-6f39-4067-99da-cba5de03a708","metodo":"POST","ruta":"/api/v1/me/account-closure-requests","status":422,"duracionMs":5}
integración · PostgreSQL 16 (Testcontainers)	Schema vs 06 · identidad y sesiones (TEST-AUTH-*) · readiness · migración fallida aborta	2026-09-19T04:15:38.0702978Z {"nivel":"info","requestId":"bd0f3f3e-8b3b-4922-8a89-bb259bdd913f","metodo":"GET","ruta":"/api/v1/me","status":200,"duracionMs":5}
integración · PostgreSQL 16 (Testcontainers)	Schema vs 06 · identidad y sesiones (TEST-AUTH-*) · readiness · migración fallida aborta	2026-09-19T04:15:38.1560502Z {"nivel":"info","requestId":"2e79cd42-e7b0-45bf-8186-17f29bebb468","metodo":"POST","ruta":"/api/v1/registrations","status":201,"duracionMs":83}
integración · PostgreSQL 16 (Testcontainers)	Schema vs 06 · identidad y sesiones (TEST-AUTH-*) · readiness · migración fallida aborta	2026-09-19T04:15:38.2321354Z {"nivel":"info","requestId":"c32bfefa-8c16-4ee6-8235-e58ffc7f8d6a","metodo":"POST","ruta":"/api/v1/auth/sessions","status":201,"duracionMs":74}
integración · PostgreSQL 16 (Testcontainers)	Schema vs 06 · identidad y sesiones (TEST-AUTH-*) · readiness · migración fallida aborta	2026-09-19T04:15:38.2403375Z {"nivel":"info","requestId":"3bac2199-1aa2-40db-bc55-2fbd73e5f48c","metodo":"POST","ruta":"/api/v1/me/account-closure-requests","status":422,"duracionMs":6}
integración · PostgreSQL 16 (Testcontainers)	Schema vs 06 · identidad y sesiones (TEST-AUTH-*) · readiness · migración fallida aborta	2026-09-19T04:15:38.2461949Z {"nivel":"info","requestId":"a1f6f366-f172-4bc5-b85c-f6403b442326","metodo":"POST","ruta":"/api/v1/me/account-closure-requests","status":401,"duracionMs":0}
integración · PostgreSQL 16 (Testcontainers)	Schema vs 06 · identidad y sesiones (TEST-AUTH-*) · readiness · migración fallida aborta	2026-09-19T04:15:38.3301747Z {"nivel":"info","requestId":"47382997-a2c1-4c01-b96b-29aaa5160519","metodo":"POST","ruta":"/api/v1/registrations","status":201,"duracionMs":82}
integración · PostgreSQL 16 (Testcontainers)	Schema vs 06 · identidad y sesiones (TEST-AUTH-*) · readiness · migración fallida aborta	2026-09-19T04:15:38.3378758Z {"nivel":"info","requestId":"ee8a2f6b-a590-46c7-b4af-25e73cf24506","metodo":"GET","ruta":"/api/v1/me","status":200,"duracionMs":3}
integración · PostgreSQL 16 (Testcontainers)	Schema vs 06 · identidad y sesiones (TEST-AUTH-*) · readiness · migración fallida aborta	2026-09-19T04:15:38.3443782Z {"nivel":"info","requestId":"c9e3cecf-1a18-4b04-b0c0-569b65d30a3c","metodo":"POST","ruta":"/api/v1/me/account-closure-requests","status":403,"duracionMs":5}
integración · PostgreSQL 16 (Testcontainers)	Schema vs 06 · identidad y sesiones (TEST-AUTH-*) · readiness · migración fallida aborta	2026-09-19T04:15:38.4192279Z {"nivel":"info","requestId":"f02a67e4-6d65-4f5c-9034-aa1803eae22b","metodo":"POST","ruta":"/api/v1/auth/sessions","status":201,"duracionMs":72}
integración · PostgreSQL 16 (Testcontainers)	Schema vs 06 · identidad y sesiones (TEST-AUTH-*) · readiness · migración fallida aborta	2026-09-19T04:15:38.4361984Z {"nivel":"info","requestId":"a76bc6a8-cf99-4e62-a469-b170b3dd25ca","metodo":"POST","ruta":"/api/v1/me/account-closure-requests","status":201,"duracionMs":15}
integración · PostgreSQL 16 (Testcontainers)	Schema vs 06 · identidad y sesiones (TEST-AUTH-*) · readiness · migración fallida aborta	2026-09-19T04:15:38.5219833Z {"nivel":"info","requestId":"7fda7049-7452-4d2e-82c6-b4023dc99b19","metodo":"POST","ruta":"/api/v1/registrations","status":201,"duracionMs":83}
integración · PostgreSQL 16 (Testcontainers)	Schema vs 06 · identidad y sesiones (TEST-AUTH-*) · readiness · migración fallida aborta	2026-09-19T04:15:38.5985964Z {"nivel":"info","requestId":"6352639e-5eb9-4b57-b580-083ff0a174b3","metodo":"POST","ruta":"/api/v1/auth/sessions","status":201,"duracionMs":74}
integración · PostgreSQL 16 (Testcontainers)	Schema vs 06 · identidad y sesiones (TEST-AUTH-*) · readiness · migración fallida aborta	2026-09-19T04:15:38.6022534Z {"nivel":"info","requestId":"6556e5b4-4fb4-4f60-8daf-32dff832fd8d","metodo":"POST","ruta":"/api/v1/me/account-closure-requests","status":400,"duracionMs":2}
integración · PostgreSQL 16 (Testcontainers)	Schema vs 06 · identidad y sesiones (TEST-AUTH-*) · readiness · migración fallida aborta	2026-09-19T04:15:38.6842748Z {"nivel":"info","requestId":"515eacca-c6b8-449a-8844-af8959eaa673","metodo":"POST","ruta":"/api/v1/registrations","status":201,"duracionMs":80}
integración · PostgreSQL 16 (Testcontainers)	Schema vs 06 · identidad y sesiones (TEST-AUTH-*) · readiness · migración fallida aborta	2026-09-19T04:15:38.7584309Z {"nivel":"info","requestId":"591e8c6c-d107-4071-a967-bf6f77088cd0","metodo":"POST","ruta":"/api/v1/auth/sessions","status":201,"duracionMs":72}
integración · PostgreSQL 16 (Testcontainers)	Schema vs 06 · identidad y sesiones (TEST-AUTH-*) · readiness · migración fallida aborta	2026-09-19T04:15:38.8370148Z {"nivel":"info","requestId":"20522157-8f7d-489c-b86f-2a26325e4925","metodo":"POST","ruta":"/api/v1/auth/sessions","status":201,"duracionMs":77}
integración · PostgreSQL 16 (Testcontainers)	Schema vs 06 · identidad y sesiones (TEST-AUTH-*) · readiness · migración fallida aborta	2026-09-19T04:15:38.9119485Z {"nivel":"info","requestId":"5b7f3454-13c0-4659-b7ef-a5acfc901394","metodo":"POST","ruta":"/api/v1/auth/sessions","status":201,"duracionMs":73}
integración · PostgreSQL 16 (Testcontainers)	Schema vs 06 · identidad y sesiones (TEST-AUTH-*) · readiness · migración fallida aborta	2026-09-19T04:15:38.9286689Z {"nivel":"info","requestId":"904720c9-f7ca-41bc-a137-576358711ec1","metodo":"POST","ruta":"/api/v1/me/account-closure-requests","status":201,"duracionMs":15}
integración · PostgreSQL 16 (Testcontainers)	Schema vs 06 · identidad y sesiones (TEST-AUTH-*) · readiness · migración fallida aborta	2026-09-19T04:15:38.9318207Z {"nivel":"info","requestId":"fcb969ba-d50e-43bc-9ec3-bf896bad9200","metodo":"GET","ruta":"/api/v1/me","status":401,"duracionMs":1}
integración · PostgreSQL 16 (Testcontainers)	Schema vs 06 · identidad y sesiones (TEST-AUTH-*) · readiness · migración fallida aborta	2026-09-19T04:15:39.0050784Z {"nivel":"info","requestId":"2794408e-3346-4c37-a65c-471b73fabea5","metodo":"POST","ruta":"/api/v1/registrations","status":409,"duracionMs":72}
integración · PostgreSQL 16 (Testcontainers)	Schema vs 06 · identidad y sesiones (TEST-AUTH-*) · readiness · migración fallida aborta	2026-09-19T04:15:39.0112982Z PASS ../../test/integration/cierre.int-spec.ts
integración · PostgreSQL 16 (Testcontainers)	Schema vs 06 · identidad y sesiones (TEST-AUTH-*) · readiness · migración fallida aborta	2026-09-19T04:15:39.0114376Z   TEST-AUTH-011 — el cierre efectivo no permite una sesión nueva
integración · PostgreSQL 16 (Testcontainers)	Schema vs 06 · identidad y sesiones (TEST-AUTH-*) · readiness · migración fallida aborta	2026-09-19T04:15:39.0115841Z     ✓ TEST-AUTH-011: tras ACC-P1-03 el login con la credencial correcta da 401 neutral y no crea filas de sesión (487 ms)
integración · PostgreSQL 16 (Testcontainers)	Schema vs 06 · identidad y sesiones (TEST-AUTH-*) · readiness · migración fallida aborta	2026-09-19T04:15:39.0117887Z   TEST-AUTH-012 — el cierre invalida las sesiones actuales
integración · PostgreSQL 16 (Testcontainers)	Schema vs 06 · identidad y sesiones (TEST-AUTH-*) · readiness · migración fallida aborta	2026-09-19T04:15:39.0119464Z     ✓ TEST-AUTH-012: las sesiones previas de web y APK y la que ejecutó el cierre, con token aún vigente, dan 401 en la request siguiente (364 ms)
integración · PostgreSQL 16 (Testcontainers)	Schema vs 06 · identidad y sesiones (TEST-AUTH-*) · readiness · migración fallida aborta	2026-09-19T04:15:39.0120743Z   TEST-AUTH-013 — sin borrado silencioso
integración · PostgreSQL 16 (Testcontainers)	Schema vs 06 · identidad y sesiones (TEST-AUTH-*) · readiness · migración fallida aborta	2026-09-19T04:15:39.0122206Z     ✓ TEST-AUTH-013 (b): la identidad sigue presente en CERRADA con perfil, método, actos A1/A2 y eventos; el cierre queda asentado (340 ms)
integración · PostgreSQL 16 (Testcontainers)	Schema vs 06 · identidad y sesiones (TEST-AUTH-*) · readiness · migración fallida aborta	2026-09-19T04:15:39.0124147Z     ✓ TEST-AUTH-013 (b): lo único suprimido es el hash de la credencial (08 R-02), y la supresión queda registrada antes (333 ms)
integración · PostgreSQL 16 (Testcontainers)	Schema vs 06 · identidad y sesiones (TEST-AUTH-*) · readiness · migración fallida aborta	2026-09-19T04:15:39.0126304Z     ✓ TEST-AUTH-013 (b): la historia no se puede borrar después del cierre — la base rechaza DELETE de identidad, actos y eventos (348 ms)
integración · PostgreSQL 16 (Testcontainers)	Schema vs 06 · identidad y sesiones (TEST-AUTH-*) · readiness · migración fallida aborta	2026-09-19T04:15:39.0127704Z   TEST-UC-P27 / TEST-CT-P1-ACC-P1-03 — cierre de cuenta
integración · PostgreSQL 16 (Testcontainers)	Schema vs 06 · identidad y sesiones (TEST-AUTH-*) · readiness · migración fallida aborta	2026-09-19T04:15:39.0128773Z     ✓ TEST-CT-P1-ACC-P1-03: 201 con el contrato; identifica actor y fecha (RF-069) (331 ms)
integración · PostgreSQL 16 (Testcontainers)	Schema vs 06 · identidad y sesiones (TEST-AUTH-*) · readiness · migración fallida aborta	2026-09-19T04:15:39.0130187Z     ✓ TEST-RNF-REC-002: reintento con la misma key después del cierre → mismo resultado, sin duplicar el cierre (343 ms)
integración · PostgreSQL 16 (Testcontainers)	Schema vs 06 · identidad y sesiones (TEST-AUTH-*) · readiness · migración fallida aborta	2026-09-19T04:15:39.0131487Z     ✓ TEST-UC-P27 V03: sin consecuencias presentadas (versión no vigente) → 422 y la cuenta sigue OPERATIVA (177 ms)
integración · PostgreSQL 16 (Testcontainers)	Schema vs 06 · identidad y sesiones (TEST-AUTH-*) · readiness · migración fallida aborta	2026-09-19T04:15:39.0132309Z     ✓ TEST-UC-P27 V01: sin confirmación explícita → 422 y nada cambia (173 ms)
integración · PostgreSQL 16 (Testcontainers)	Schema vs 06 · identidad y sesiones (TEST-AUTH-*) · readiness · migración fallida aborta	2026-09-19T04:15:39.0132911Z     ✓ TEST-UC-P27 E01: sin sesión → 401 AUTHENTICATION_REQUIRED (3 ms)
integración · PostgreSQL 16 (Testcontainers)	Schema vs 06 · identidad y sesiones (TEST-AUTH-*) · readiness · migración fallida aborta	2026-09-19T04:15:39.0133778Z     ✓ TEST-UC-P27 step-up: sesión autenticada hace más de 10 minutos → 403 STEP_UP_REQUIRED y la cuenta sigue OPERATIVA (DL-017) (190 ms)
integración · PostgreSQL 16 (Testcontainers)	Schema vs 06 · identidad y sesiones (TEST-AUTH-*) · readiness · migración fallida aborta	2026-09-19T04:15:39.0134597Z     ✓ TEST-UC-P27: campo no declarado en el cuerpo → 400 UNKNOWN_FIELD (166 ms)
integración · PostgreSQL 16 (Testcontainers)	Schema vs 06 · identidad y sesiones (TEST-AUTH-*) · readiness · migración fallida aborta	2026-09-19T04:15:39.0135430Z     ✓ E2E-08: cierre → sesión inválida; el mismo correo no puede registrarse otra vez (identificador reservado, DL-011) (403 ms)
integración · PostgreSQL 16 (Testcontainers)	Schema vs 06 · identidad y sesiones (TEST-AUTH-*) · readiness · migración fallida aborta	2026-09-19T04:15:39.0135890Z 
integración · PostgreSQL 16 (Testcontainers)	Schema vs 06 · identidad y sesiones (TEST-AUTH-*) · readiness · migración fallida aborta	2026-09-19T04:15:39.6309676Z PASS ../../test/integration/schema.int-spec.ts
integración · PostgreSQL 16 (Testcontainers)	Schema vs 06 · identidad y sesiones (TEST-AUTH-*) · readiness · migración fallida aborta	2026-09-19T04:15:39.6338488Z   Schema vs 06 — TEST-RUN-003 migration deploy
integración · PostgreSQL 16 (Testcontainers)	Schema vs 06 · identidad y sesiones (TEST-AUTH-*) · readiness · migración fallida aborta	2026-09-19T04:15:39.6339379Z     ✓ TEST-RUN-003: las migraciones de WP-01 y WP-02 quedaron aplicadas por migrate deploy (51 ms)
integración · PostgreSQL 16 (Testcontainers)	Schema vs 06 · identidad y sesiones (TEST-AUTH-*) · readiness · migración fallida aborta	2026-09-19T04:15:39.6340921Z     ✓ T-06-02: el enum de la base es exactamente el conjunto cerrado de @be/domain (06 §5.7.2) (5 ms)
integración · PostgreSQL 16 (Testcontainers)	Schema vs 06 · identidad y sesiones (TEST-AUTH-*) · readiness · migración fallida aborta	2026-09-19T04:15:39.6341723Z     ✓ T-06-01/T-06-02/T-06-24: columnas de identidad del 06 §5.4.2 con nulabilidad y defaults (18 ms)
integración · PostgreSQL 16 (Testcontainers)	Schema vs 06 · identidad y sesiones (TEST-AUTH-*) · readiness · migración fallida aborta	2026-09-19T04:15:39.6342446Z     ✓ los estados son enums, nunca booleanos: no hay columnas boolean en el schema (30 ms)
integración · PostgreSQL 16 (Testcontainers)	Schema vs 06 · identidad y sesiones (TEST-AUTH-*) · readiness · migración fallida aborta	2026-09-19T04:15:39.6343200Z     ✓ REG-06-18: ocurrencia desconocida queda NULL; el registro no se copia en su lugar (5 ms)
integración · PostgreSQL 16 (Testcontainers)	Schema vs 06 · identidad y sesiones (TEST-AUTH-*) · readiness · migración fallida aborta	2026-09-19T04:15:39.6343873Z     ✓ T-06-02: un valor fuera del conjunto cerrado es rechazado por la base (13 ms)
integración · PostgreSQL 16 (Testcontainers)	Schema vs 06 · identidad y sesiones (TEST-AUTH-*) · readiness · migración fallida aborta	2026-09-19T04:15:39.6344421Z   INV-06-22 — exactamente un Perfil propio por Identidad
integración · PostgreSQL 16 (Testcontainers)	Schema vs 06 · identidad y sesiones (TEST-AUTH-*) · readiness · migración fallida aborta	2026-09-19T04:15:39.6345091Z     ✓ INV-06-22: una Identidad sin Perfil propio no puede confirmarse (constraint trigger diferido) (11 ms)
integración · PostgreSQL 16 (Testcontainers)	Schema vs 06 · identidad y sesiones (TEST-AUTH-*) · readiness · migración fallida aborta	2026-09-19T04:15:39.6345864Z     ✓ INV-06-22: un segundo Perfil propio para la misma Identidad viola el índice único (10 ms)
integración · PostgreSQL 16 (Testcontainers)	Schema vs 06 · identidad y sesiones (TEST-AUTH-*) · readiness · migración fallida aborta	2026-09-19T04:15:39.6346393Z   08 §12.2 — catálogo de textos versionados
integración · PostgreSQL 16 (Testcontainers)	Schema vs 06 · identidad y sesiones (TEST-AUTH-*) · readiness · migración fallida aborta	2026-09-19T04:15:39.6347258Z     ✓ el catálogo de la base es idéntico al de @be/domain, y cada hash es el SHA-256 del texto (12 ms)
integración · PostgreSQL 16 (Testcontainers)	Schema vs 06 · identidad y sesiones (TEST-AUTH-*) · readiness · migración fallida aborta	2026-09-19T04:15:39.6347906Z     ✓ una versión publicada no se reescribe ni se borra (14 ms)
integración · PostgreSQL 16 (Testcontainers)	Schema vs 06 · identidad y sesiones (TEST-AUTH-*) · readiness · migración fallida aborta	2026-09-19T04:15:39.6348315Z   08 §29 — historia por adición
integración · PostgreSQL 16 (Testcontainers)	Schema vs 06 · identidad y sesiones (TEST-AUTH-*) · readiness · migración fallida aborta	2026-09-19T04:15:39.6348755Z     ✓ registro_de_auditoria: UPDATE es rechazado por la base (10 ms)
integración · PostgreSQL 16 (Testcontainers)	Schema vs 06 · identidad y sesiones (TEST-AUTH-*) · readiness · migración fallida aborta	2026-09-19T04:15:39.6349303Z     ✓ registro_de_auditoria: DELETE es rechazado por la base (6 ms)
integración · PostgreSQL 16 (Testcontainers)	Schema vs 06 · identidad y sesiones (TEST-AUTH-*) · readiness · migración fallida aborta	2026-09-19T04:15:39.6349821Z     ✓ registro_de_supresion: UPDATE es rechazado por la base (12 ms)
integración · PostgreSQL 16 (Testcontainers)	Schema vs 06 · identidad y sesiones (TEST-AUTH-*) · readiness · migración fallida aborta	2026-09-19T04:15:39.6350337Z     ✓ registro_de_supresion: DELETE es rechazado por la base (7 ms)
integración · PostgreSQL 16 (Testcontainers)	Schema vs 06 · identidad y sesiones (TEST-AUTH-*) · readiness · migración fallida aborta	2026-09-19T04:15:39.6350878Z     ✓ registro_de_idempotencia: UPDATE es rechazado por la base (13 ms)
integración · PostgreSQL 16 (Testcontainers)	Schema vs 06 · identidad y sesiones (TEST-AUTH-*) · readiness · migración fallida aborta	2026-09-19T04:15:39.6351422Z     ✓ registro_de_idempotencia: DELETE es rechazado por la base (12 ms)
integración · PostgreSQL 16 (Testcontainers)	Schema vs 06 · identidad y sesiones (TEST-AUTH-*) · readiness · migración fallida aborta	2026-09-19T04:15:39.6352055Z     ✓ TRUNCATE evento_de_dominio es rechazado (esquivaría los triggers de fila) (5 ms)
integración · PostgreSQL 16 (Testcontainers)	Schema vs 06 · identidad y sesiones (TEST-AUTH-*) · readiness · migración fallida aborta	2026-09-19T04:15:39.6352756Z     ✓ TRUNCATE registro_de_auditoria es rechazado (esquivaría los triggers de fila) (11 ms)
integración · PostgreSQL 16 (Testcontainers)	Schema vs 06 · identidad y sesiones (TEST-AUTH-*) · readiness · migración fallida aborta	2026-09-19T04:15:39.6353447Z     ✓ TRUNCATE registro_de_supresion es rechazado (esquivaría los triggers de fila) (5 ms)
integración · PostgreSQL 16 (Testcontainers)	Schema vs 06 · identidad y sesiones (TEST-AUTH-*) · readiness · migración fallida aborta	2026-09-19T04:15:39.6354171Z     ✓ TRUNCATE solicitud_de_cierre_de_cuenta es rechazado (esquivaría los triggers de fila) (5 ms)
integración · PostgreSQL 16 (Testcontainers)	Schema vs 06 · identidad y sesiones (TEST-AUTH-*) · readiness · migración fallida aborta	2026-09-19T04:15:39.6355052Z     ✓ TRUNCATE acto_registrable es rechazado (esquivaría los triggers de fila) (4 ms)
integración · PostgreSQL 16 (Testcontainers)	Schema vs 06 · identidad y sesiones (TEST-AUTH-*) · readiness · migración fallida aborta	2026-09-19T04:15:39.6355671Z     ✓ TRUNCATE identidad es rechazado (esquivaría los triggers de fila) (4 ms)
integración · PostgreSQL 16 (Testcontainers)	Schema vs 06 · identidad y sesiones (TEST-AUTH-*) · readiness · migración fallida aborta	2026-09-19T04:15:39.6356288Z     ✓ TRUNCATE version_de_texto es rechazado (esquivaría los triggers de fila) (2 ms)
integración · PostgreSQL 16 (Testcontainers)	Schema vs 06 · identidad y sesiones (TEST-AUTH-*) · readiness · migración fallida aborta	2026-09-19T04:15:39.6357233Z     ✓ TRUNCATE perfil_propio es rechazado (esquivaría los triggers de fila) (2 ms)
integración · PostgreSQL 16 (Testcontainers)	Schema vs 06 · identidad y sesiones (TEST-AUTH-*) · readiness · migración fallida aborta	2026-09-19T04:15:39.6358220Z     ✓ TRUNCATE metodo_de_acceso es rechazado (esquivaría los triggers de fila) (2 ms)
integración · PostgreSQL 16 (Testcontainers)	Schema vs 06 · identidad y sesiones (TEST-AUTH-*) · readiness · migración fallida aborta	2026-09-19T04:15:39.6358890Z     ✓ TRUNCATE credencial_local es rechazado (esquivaría los triggers de fila) (2 ms)
integración · PostgreSQL 16 (Testcontainers)	Schema vs 06 · identidad y sesiones (TEST-AUTH-*) · readiness · migración fallida aborta	2026-09-19T04:15:39.6359508Z     ✓ TRUNCATE sesion es rechazado (esquivaría los triggers de fila) (2 ms)
integración · PostgreSQL 16 (Testcontainers)	Schema vs 06 · identidad y sesiones (TEST-AUTH-*) · readiness · migración fallida aborta	2026-09-19T04:15:39.6360116Z     ✓ TRUNCATE control_de_sesion es rechazado (esquivaría los triggers de fila) (2 ms)
integración · PostgreSQL 16 (Testcontainers)	Schema vs 06 · identidad y sesiones (TEST-AUTH-*) · readiness · migración fallida aborta	2026-09-19T04:15:39.6360807Z     ✓ TRUNCATE registro_de_idempotencia es rechazado (esquivaría los triggers de fila) (1 ms)
integración · PostgreSQL 16 (Testcontainers)	Schema vs 06 · identidad y sesiones (TEST-AUTH-*) · readiness · migración fallida aborta	2026-09-19T04:15:39.6361374Z   T-06-24 — una sesión no termina antes de empezar
integración · PostgreSQL 16 (Testcontainers)	Schema vs 06 · identidad y sesiones (TEST-AUTH-*) · readiness · migración fallida aborta	2026-09-19T04:15:39.6361962Z     ✓ CHECK sesion_cierre_coherente: la base rechaza una finalización anterior al inicio (8 ms)
integración · PostgreSQL 16 (Testcontainers)	Schema vs 06 · identidad y sesiones (TEST-AUTH-*) · readiness · migración fallida aborta	2026-09-19T04:15:39.6362324Z 
integración · PostgreSQL 16 (Testcontainers)	Schema vs 06 · identidad y sesiones (TEST-AUTH-*) · readiness · migración fallida aborta	2026-09-19T04:15:40.3866155Z {"nivel":"info","requestId":"2a66a1d6-0737-496d-9373-8755097bfa5c","metodo":"POST","ruta":"/api/v1/registrations","status":201,"duracionMs":103}
integración · PostgreSQL 16 (Testcontainers)	Schema vs 06 · identidad y sesiones (TEST-AUTH-*) · readiness · migración fallida aborta	2026-09-19T04:15:40.5295391Z {"nivel":"info","requestId":"e79bafd6-4301-41cb-a771-044b3741fc02","metodo":"POST","ruta":"/api/v1/registrations","status":201,"duracionMs":82}
integración · PostgreSQL 16 (Testcontainers)	Schema vs 06 · identidad y sesiones (TEST-AUTH-*) · readiness · migración fallida aborta	2026-09-19T04:15:40.6249194Z {"nivel":"info","requestId":"2c482193-91c6-4159-a1c8-85f2eac23d66","metodo":"POST","ruta":"/api/v1/registrations","status":201,"duracionMs":83}
integración · PostgreSQL 16 (Testcontainers)	Schema vs 06 · identidad y sesiones (TEST-AUTH-*) · readiness · migración fallida aborta	2026-09-19T04:15:40.7028262Z {"nivel":"info","requestId":"c0a4411c-1b6b-41ea-a702-fc4af04e04cc","metodo":"POST","ruta":"/api/v1/auth/sessions","status":201,"duracionMs":76}
integración · PostgreSQL 16 (Testcontainers)	Schema vs 06 · identidad y sesiones (TEST-AUTH-*) · readiness · migración fallida aborta	2026-09-19T04:15:40.7292581Z {"nivel":"info","requestId":"ba6d4e27-a570-413e-9569-73393dd3e113","metodo":"POST","ruta":"/api/v1/me/account-closure-requests","status":201,"duracionMs":25}
integración · PostgreSQL 16 (Testcontainers)	Schema vs 06 · identidad y sesiones (TEST-AUTH-*) · readiness · migración fallida aborta	2026-09-19T04:15:40.8145522Z {"nivel":"info","requestId":"2f1cd752-6e59-4224-882d-5187650a5f1f","metodo":"POST","ruta":"/api/v1/registrations","status":201,"duracionMs":81}
integración · PostgreSQL 16 (Testcontainers)	Schema vs 06 · identidad y sesiones (TEST-AUTH-*) · readiness · migración fallida aborta	2026-09-19T04:15:40.9092519Z {"nivel":"info","requestId":"df10bc47-4b28-4e8f-ad07-8c5f78049e80","metodo":"POST","ruta":"/api/v1/registrations","status":201,"duracionMs":83}
integración · PostgreSQL 16 (Testcontainers)	Schema vs 06 · identidad y sesiones (TEST-AUTH-*) · readiness · migración fallida aborta	2026-09-19T04:15:41.0032168Z {"nivel":"info","requestId":"179a5722-31da-4e8d-9e94-49b69de5aaaa","metodo":"POST","ruta":"/api/v1/registrations","status":201,"duracionMs":81}
integración · PostgreSQL 16 (Testcontainers)	Schema vs 06 · identidad y sesiones (TEST-AUTH-*) · readiness · migración fallida aborta	2026-09-19T04:15:41.1062508Z {"nivel":"info","requestId":"e03c9ea6-e91b-4b9a-9101-e449bdd3a79a","metodo":"POST","ruta":"/api/v1/registrations","status":201,"duracionMs":80}
integración · PostgreSQL 16 (Testcontainers)	Schema vs 06 · identidad y sesiones (TEST-AUTH-*) · readiness · migración fallida aborta	2026-09-19T04:15:41.1841464Z {"nivel":"info","requestId":"e28e8dc4-5faa-4452-aa77-71e0e8cb39c4","metodo":"POST","ruta":"/api/v1/auth/sessions","status":201,"duracionMs":76}
integración · PostgreSQL 16 (Testcontainers)	Schema vs 06 · identidad y sesiones (TEST-AUTH-*) · readiness · migración fallida aborta	2026-09-19T04:15:41.1929448Z {"nivel":"info","requestId":"0262fbaf-cfe3-4a2b-a954-fdaaafb3063a","metodo":"POST","ruta":"/api/v1/me/account-closure-requests","status":401,"duracionMs":2}
integración · PostgreSQL 16 (Testcontainers)	Schema vs 06 · identidad y sesiones (TEST-AUTH-*) · readiness · migración fallida aborta	2026-09-19T04:15:41.2765592Z {"nivel":"info","requestId":"4cc24794-5215-40d6-9351-c046bdc1fd4a","metodo":"POST","ruta":"/api/v1/registrations","status":201,"duracionMs":80}
integración · PostgreSQL 16 (Testcontainers)	Schema vs 06 · identidad y sesiones (TEST-AUTH-*) · readiness · migración fallida aborta	2026-09-19T04:15:41.3717494Z {"nivel":"info","requestId":"b5631989-1903-4cca-97f6-5570cc8683e5","metodo":"POST","ruta":"/api/v1/registrations","status":201,"duracionMs":80}
integración · PostgreSQL 16 (Testcontainers)	Schema vs 06 · identidad y sesiones (TEST-AUTH-*) · readiness · migración fallida aborta	2026-09-19T04:15:41.4731713Z {"nivel":"info","requestId":"a0c2baf9-eaad-4e1b-9d39-2b5ef6482e63","metodo":"POST","ruta":"/api/v1/registrations","status":201,"duracionMs":85}
integración · PostgreSQL 16 (Testcontainers)	Schema vs 06 · identidad y sesiones (TEST-AUTH-*) · readiness · migración fallida aborta	2026-09-19T04:15:41.5008328Z PASS ../../test/integration/maquina-de-estado.int-spec.ts
integración · PostgreSQL 16 (Testcontainers)	Schema vs 06 · identidad y sesiones (TEST-AUTH-*) · readiness · migración fallida aborta	2026-09-19T04:15:41.5009497Z   TEST-RNF-DAT-001 — transiciones declaradas
integración · PostgreSQL 16 (Testcontainers)	Schema vs 06 · identidad y sesiones (TEST-AUTH-*) · readiness · migración fallida aborta	2026-09-19T04:15:41.5010529Z     ✓ la lista blanca tiene exactamente las 3 transiciones del 06 §5.7.4 (1 ms)
integración · PostgreSQL 16 (Testcontainers)	Schema vs 06 · identidad y sesiones (TEST-AUTH-*) · readiness · migración fallida aborta	2026-09-19T04:15:41.5012196Z     ✓ TEST-RNF-DAT-001 SuspenderCuenta: OPERATIVA → SUSPENDIDA con evento CuentaSuspendida (anterior/resultante, actor servicio) (166 ms)
integración · PostgreSQL 16 (Testcontainers)	Schema vs 06 · identidad y sesiones (TEST-AUTH-*) · readiness · migración fallida aborta	2026-09-19T04:15:41.5014377Z     ✓ TEST-RNF-DAT-001 RestablecerCuenta: SUSPENDIDA → OPERATIVA con evento CuentaRestablecida (94 ms)
integración · PostgreSQL 16 (Testcontainers)	Schema vs 06 · identidad y sesiones (TEST-AUTH-*) · readiness · migración fallida aborta	2026-09-19T04:15:41.5015889Z     ✓ TEST-RNF-DAT-001 CerrarCuenta: OPERATIVA → CERRADA con evento CuentaCerrada (vía ACC-P1-03) (192 ms)
integración · PostgreSQL 16 (Testcontainers)	Schema vs 06 · identidad y sesiones (TEST-AUTH-*) · readiness · migración fallida aborta	2026-09-19T04:15:41.5017835Z     ✓ TEST-RNF-DAT-001: guardas explícitas — sin fundamento no se suspende; sin resolución no se restablece (93 ms)
integración · PostgreSQL 16 (Testcontainers)	Schema vs 06 · identidad y sesiones (TEST-AUTH-*) · readiness · migración fallida aborta	2026-09-19T04:15:41.5019057Z   TEST-RNF-DAT-001 — SUSPENDIDA → CERRADA no existe
integración · PostgreSQL 16 (Testcontainers)	Schema vs 06 · identidad y sesiones (TEST-AUTH-*) · readiness · migración fallida aborta	2026-09-19T04:15:41.5020544Z     ✓ TEST-RNF-DAT-001: el servicio rechaza CerrarCuenta sobre una cuenta SUSPENDIDA (TRANSICION_NO_DECLARADA) y no deja efectos (95 ms)
integración · PostgreSQL 16 (Testcontainers)	Schema vs 06 · identidad y sesiones (TEST-AUTH-*) · readiness · migración fallida aborta	2026-09-19T04:15:41.5022255Z     ✓ TEST-RNF-DAT-001: la base rechaza SUSPENDIDA → CERRADA aunque se saltee el servicio (104 ms)
integración · PostgreSQL 16 (Testcontainers)	Schema vs 06 · identidad y sesiones (TEST-AUTH-*) · readiness · migración fallida aborta	2026-09-19T04:15:41.5023753Z     ✓ TEST-RNF-DAT-001: por ACC-P1-03 tampoco — una cuenta SUSPENDIDA no tiene sesión que la cierre (171 ms)
integración · PostgreSQL 16 (Testcontainers)	Schema vs 06 · identidad y sesiones (TEST-AUTH-*) · readiness · migración fallida aborta	2026-09-19T04:15:41.5024800Z   TEST-RNF-DAT-001 — CERRADA es terminal
integración · PostgreSQL 16 (Testcontainers)	Schema vs 06 · identidad y sesiones (TEST-AUTH-*) · readiness · migración fallida aborta	2026-09-19T04:15:41.5025693Z     ✓ TEST-RNF-DAT-001: la base rechaza CERRADA → OPERATIVA (95 ms)
integración · PostgreSQL 16 (Testcontainers)	Schema vs 06 · identidad y sesiones (TEST-AUTH-*) · readiness · migración fallida aborta	2026-09-19T04:15:41.5026670Z     ✓ TEST-RNF-DAT-001: la base rechaza CERRADA → SUSPENDIDA (94 ms)
integración · PostgreSQL 16 (Testcontainers)	Schema vs 06 · identidad y sesiones (TEST-AUTH-*) · readiness · migración fallida aborta	2026-09-19T04:15:41.5030359Z     ✓ TEST-RNF-DAT-001: el servicio rechaza RestablecerCuenta, SuspenderCuenta y CerrarCuenta sobre CERRADA (103 ms)
integración · PostgreSQL 16 (Testcontainers)	Schema vs 06 · identidad y sesiones (TEST-AUTH-*) · readiness · migración fallida aborta	2026-09-19T04:15:41.5032019Z     ✓ TEST-RNF-DAT-001: la base rechaza nacer SUSPENDIDA o CERRADA (estado inicial OPERATIVA, 06 §5.7.2) (5 ms)
integración · PostgreSQL 16 (Testcontainers)	Schema vs 06 · identidad y sesiones (TEST-AUTH-*) · readiness · migración fallida aborta	2026-09-19T04:15:41.5032764Z 
integración · PostgreSQL 16 (Testcontainers)	Schema vs 06 · identidad y sesiones (TEST-AUTH-*) · readiness · migración fallida aborta	2026-09-19T04:15:42.9042912Z {"nivel":"info","requestId":"974758cb-8d77-42bc-b04c-67f8cf47415e","metodo":"POST","ruta":"/api/v1/registrations","status":201,"duracionMs":99}
integración · PostgreSQL 16 (Testcontainers)	Schema vs 06 · identidad y sesiones (TEST-AUTH-*) · readiness · migración fallida aborta	2026-09-19T04:15:42.9833625Z {"nivel":"info","requestId":"be9ca651-9c2e-43ee-8765-645f65aa3699","metodo":"POST","ruta":"/api/v1/registrations","status":409,"duracionMs":77}
integración · PostgreSQL 16 (Testcontainers)	Schema vs 06 · identidad y sesiones (TEST-AUTH-*) · readiness · migración fallida aborta	2026-09-19T04:15:43.0553192Z {"nivel":"info","requestId":"8407e23f-e99f-4be9-bac1-21206dfe7d0c","metodo":"POST","ruta":"/api/v1/registrations","status":409,"duracionMs":70}
integración · PostgreSQL 16 (Testcontainers)	Schema vs 06 · identidad y sesiones (TEST-AUTH-*) · readiness · migración fallida aborta	2026-09-19T04:15:43.0573632Z {"nivel":"info","requestId":"ffa4fd3f-649b-45ab-830a-ab76cabd8604","metodo":"POST","ruta":"/api/v1/registrations","status":400,"duracionMs":0}
integración · PostgreSQL 16 (Testcontainers)	Schema vs 06 · identidad y sesiones (TEST-AUTH-*) · readiness · migración fallida aborta	2026-09-19T04:15:43.0591929Z {"nivel":"info","requestId":"17b2f56a-407b-47bf-87d2-426513590182","metodo":"POST","ruta":"/api/v1/registrations","status":400,"duracionMs":0}
integración · PostgreSQL 16 (Testcontainers)	Schema vs 06 · identidad y sesiones (TEST-AUTH-*) · readiness · migración fallida aborta	2026-09-19T04:15:43.0610936Z {"nivel":"info","requestId":"c765973e-ff28-4adb-89cd-6ebef6bfd664","metodo":"POST","ruta":"/api/v1/registrations","status":400,"duracionMs":0}
integración · PostgreSQL 16 (Testcontainers)	Schema vs 06 · identidad y sesiones (TEST-AUTH-*) · readiness · migración fallida aborta	2026-09-19T04:15:43.0627883Z {"nivel":"info","requestId":"abe2a662-4ff3-4caf-aa55-6d5ab144e47a","metodo":"POST","ruta":"/api/v1/registrations","status":422,"duracionMs":0}
integración · PostgreSQL 16 (Testcontainers)	Schema vs 06 · identidad y sesiones (TEST-AUTH-*) · readiness · migración fallida aborta	2026-09-19T04:15:43.0644739Z {"nivel":"info","requestId":"ec2802e0-8a35-46e2-8d37-d41d56fe878c","metodo":"POST","ruta":"/api/v1/registrations","status":422,"duracionMs":0}
integración · PostgreSQL 16 (Testcontainers)	Schema vs 06 · identidad y sesiones (TEST-AUTH-*) · readiness · migración fallida aborta	2026-09-19T04:15:43.0671511Z {"nivel":"info","requestId":"45766b13-d505-4152-a7de-d7e3a624a2af","metodo":"POST","ruta":"SIN_RUTA","status":400,"duracionMs":1}
integración · PostgreSQL 16 (Testcontainers)	Schema vs 06 · identidad y sesiones (TEST-AUTH-*) · readiness · migración fallida aborta	2026-09-19T04:15:43.1467019Z {"nivel":"info","requestId":"a2ec3e91-cdca-45ab-a78b-f84bf2e75109","metodo":"POST","ruta":"/api/v1/auth/sessions","status":201,"duracionMs":78}
integración · PostgreSQL 16 (Testcontainers)	Schema vs 06 · identidad y sesiones (TEST-AUTH-*) · readiness · migración fallida aborta	2026-09-19T04:15:43.2183214Z {"nivel":"info","requestId":"81dea325-f514-4cee-b1eb-75ae36334120","metodo":"POST","ruta":"/api/v1/auth/sessions","status":401,"duracionMs":70}
integración · PostgreSQL 16 (Testcontainers)	Schema vs 06 · identidad y sesiones (TEST-AUTH-*) · readiness · migración fallida aborta	2026-09-19T04:15:43.2202502Z {"nivel":"info","requestId":"d0f22bd1-a845-44c4-a778-d11540d78d4c","metodo":"POST","ruta":"/api/v1/auth/sessions","status":400,"duracionMs":0}
integración · PostgreSQL 16 (Testcontainers)	Schema vs 06 · identidad y sesiones (TEST-AUTH-*) · readiness · migración fallida aborta	2026-09-19T04:15:43.2318929Z {"nivel":"info","requestId":"e45a7c04-ad1e-4720-b464-d95f9e1e4cec","metodo":"POST","ruta":"/api/v1/auth/sessions","status":400,"duracionMs":0}
integración · PostgreSQL 16 (Testcontainers)	Schema vs 06 · identidad y sesiones (TEST-AUTH-*) · readiness · migración fallida aborta	2026-09-19T04:15:43.4038954Z {"nivel":"info","requestId":"76b6855e-10bf-407f-972c-6c9bbc0147ee","metodo":"POST","ruta":"/api/v1/auth/sessions","status":201,"duracionMs":169}
integración · PostgreSQL 16 (Testcontainers)	Schema vs 06 · identidad y sesiones (TEST-AUTH-*) · readiness · migración fallida aborta	2026-09-19T04:15:43.4125713Z {"nivel":"info","requestId":"3aa34a45-f81c-43e0-982a-7ecf9e960828","metodo":"GET","ruta":"/api/v1/me","status":200,"duracionMs":8}
integración · PostgreSQL 16 (Testcontainers)	Schema vs 06 · identidad y sesiones (TEST-AUTH-*) · readiness · migración fallida aborta	2026-09-19T04:15:43.4188387Z {"nivel":"info","requestId":"3f808145-d0c2-40cf-80f9-b9f071f78b06","metodo":"GET","ruta":"/api/v1/me","status":400,"duracionMs":2}
integración · PostgreSQL 16 (Testcontainers)	Schema vs 06 · identidad y sesiones (TEST-AUTH-*) · readiness · migración fallida aborta	2026-09-19T04:15:43.4210861Z {"nivel":"info","requestId":"88ba66ac-7401-4dae-86e6-45c983fcf367","metodo":"GET","ruta":"/api/v1/me","status":401,"duracionMs":0}
integración · PostgreSQL 16 (Testcontainers)	Schema vs 06 · identidad y sesiones (TEST-AUTH-*) · readiness · migración fallida aborta	2026-09-19T04:15:43.4213104Z {"nivel":"info","requestId":"5633a2a9-4cc3-490e-b0f8-773202b0bd32","metodo":"GET","ruta":"/api/v1/me","status":401,"duracionMs":0}
integración · PostgreSQL 16 (Testcontainers)	Schema vs 06 · identidad y sesiones (TEST-AUTH-*) · readiness · migración fallida aborta	2026-09-19T04:15:43.4290698Z {"nivel":"info","requestId":"395e2519-b1f4-45d7-ad03-448b3ca6687e","metodo":"GET","ruta":"/api/v1/me/health-data-consent-requirement","status":200,"duracionMs":6}
integración · PostgreSQL 16 (Testcontainers)	Schema vs 06 · identidad y sesiones (TEST-AUTH-*) · readiness · migración fallida aborta	2026-09-19T04:15:43.4321859Z {"nivel":"info","requestId":"0b859db2-46d1-464e-9963-ea3d293de6d5","metodo":"GET","ruta":"/api/v1/me/health-data-consent-requirement","status":400,"duracionMs":2}
integración · PostgreSQL 16 (Testcontainers)	Schema vs 06 · identidad y sesiones (TEST-AUTH-*) · readiness · migración fallida aborta	2026-09-19T04:15:43.4339914Z {"nivel":"info","requestId":"430016fa-5734-4b6f-9b1d-b224970a8486","metodo":"GET","ruta":"/api/v1/me/health-data-consent-requirement","status":401,"duracionMs":0}
integración · PostgreSQL 16 (Testcontainers)	Schema vs 06 · identidad y sesiones (TEST-AUTH-*) · readiness · migración fallida aborta	2026-09-19T04:15:43.4373158Z {"nivel":"info","requestId":"c3b735c0-b556-4fb4-bb32-5b386ca9fb77","metodo":"DELETE","ruta":"/api/v1/auth/sessions","status":400,"duracionMs":2}
integración · PostgreSQL 16 (Testcontainers)	Schema vs 06 · identidad y sesiones (TEST-AUTH-*) · readiness · migración fallida aborta	2026-09-19T04:15:43.4461044Z {"nivel":"info","requestId":"62bfdfe1-5455-44b8-a008-35cc781224f0","metodo":"DELETE","ruta":"/api/v1/auth/sessions","status":204,"duracionMs":7}
integración · PostgreSQL 16 (Testcontainers)	Schema vs 06 · identidad y sesiones (TEST-AUTH-*) · readiness · migración fallida aborta	2026-09-19T04:15:43.4491579Z {"nivel":"info","requestId":"a4630b15-60d8-4345-bc88-33baf280ee19","metodo":"DELETE","ruta":"/api/v1/auth/sessions","status":401,"duracionMs":1}
integración · PostgreSQL 16 (Testcontainers)	Schema vs 06 · identidad y sesiones (TEST-AUTH-*) · readiness · migración fallida aborta	2026-09-19T04:15:43.4521661Z {"nivel":"info","requestId":"a8d262d1-4e3e-42e0-bce2-bf9457a1c1eb","metodo":"GET","ruta":"/api/v1/me","status":401,"duracionMs":1}
integración · PostgreSQL 16 (Testcontainers)	Schema vs 06 · identidad y sesiones (TEST-AUTH-*) · readiness · migración fallida aborta	2026-09-19T04:15:43.4536623Z {"nivel":"info","requestId":"be68893f-c3d8-4812-9fc5-359fe366acdd","metodo":"DELETE","ruta":"/api/v1/auth/sessions","status":401,"duracionMs":0}
integración · PostgreSQL 16 (Testcontainers)	Schema vs 06 · identidad y sesiones (TEST-AUTH-*) · readiness · migración fallida aborta	2026-09-19T04:15:43.5286712Z {"nivel":"info","requestId":"65f672ca-1b51-4688-b66f-b98dbc765183","metodo":"POST","ruta":"/api/v1/auth/sessions","status":201,"duracionMs":73}
integración · PostgreSQL 16 (Testcontainers)	Schema vs 06 · identidad y sesiones (TEST-AUTH-*) · readiness · migración fallida aborta	2026-09-19T04:15:43.5305047Z {"nivel":"info","requestId":"e721e989-9b25-4221-aaeb-c8a0431d686e","metodo":"DELETE","ruta":"/api/v1/auth/sessions/current","status":400,"duracionMs":0}
integración · PostgreSQL 16 (Testcontainers)	Schema vs 06 · identidad y sesiones (TEST-AUTH-*) · readiness · migración fallida aborta	2026-09-19T04:15:43.5356481Z {"nivel":"info","requestId":"dbb0cd56-d10c-428a-b06a-533fb92487ab","metodo":"DELETE","ruta":"/api/v1/auth/sessions/current","status":204,"duracionMs":3}
integración · PostgreSQL 16 (Testcontainers)	Schema vs 06 · identidad y sesiones (TEST-AUTH-*) · readiness · migración fallida aborta	2026-09-19T04:15:43.5400809Z {"nivel":"info","requestId":"70565c8b-6753-45da-8cfc-e8e4a4545176","metodo":"DELETE","ruta":"/api/v1/auth/sessions/current","status":204,"duracionMs":3}
integración · PostgreSQL 16 (Testcontainers)	Schema vs 06 · identidad y sesiones (TEST-AUTH-*) · readiness · migración fallida aborta	2026-09-19T04:15:43.5415425Z {"nivel":"info","requestId":"f18f6734-f7b2-4dc1-ad52-38a8629853be","metodo":"DELETE","ruta":"/api/v1/auth/sessions/current","status":401,"duracionMs":0}
integración · PostgreSQL 16 (Testcontainers)	Schema vs 06 · identidad y sesiones (TEST-AUTH-*) · readiness · migración fallida aborta	2026-09-19T04:15:43.5430940Z {"nivel":"info","requestId":"27fadcf6-a2b1-4095-ae3a-6a1b98fa0f4f","metodo":"DELETE","ruta":"/api/v1/auth/sessions/current","status":401,"duracionMs":0}
integración · PostgreSQL 16 (Testcontainers)	Schema vs 06 · identidad y sesiones (TEST-AUTH-*) · readiness · migración fallida aborta	2026-09-19T04:15:43.6204688Z {"nivel":"info","requestId":"e7814084-b02a-43f6-88b2-f6adf6f997f2","metodo":"POST","ruta":"/api/v1/auth/sessions","status":201,"duracionMs":76}
integración · PostgreSQL 16 (Testcontainers)	Schema vs 06 · identidad y sesiones (TEST-AUTH-*) · readiness · migración fallida aborta	2026-09-19T04:15:43.6230049Z {"nivel":"info","requestId":"c01bacb5-752c-4575-aa20-76335a3f2df6","metodo":"POST","ruta":"/api/v1/me/account-closure-requests","status":400,"duracionMs":0}
integración · PostgreSQL 16 (Testcontainers)	Schema vs 06 · identidad y sesiones (TEST-AUTH-*) · readiness · migración fallida aborta	2026-09-19T04:15:43.6301747Z {"nivel":"info","requestId":"030a294d-920e-4ed3-93c8-db388a797991","metodo":"POST","ruta":"/api/v1/me/account-closure-requests","status":400,"duracionMs":4}
integración · PostgreSQL 16 (Testcontainers)	Schema vs 06 · identidad y sesiones (TEST-AUTH-*) · readiness · migración fallida aborta	2026-09-19T04:15:43.6393244Z {"nivel":"info","requestId":"ec45c2f6-790d-4c55-8a5c-82435882871e","metodo":"POST","ruta":"/api/v1/me/account-closure-requests","status":422,"duracionMs":7}
integración · PostgreSQL 16 (Testcontainers)	Schema vs 06 · identidad y sesiones (TEST-AUTH-*) · readiness · migración fallida aborta	2026-09-19T04:15:43.6410632Z {"nivel":"info","requestId":"a86ceb47-0889-4f37-abe9-362a1613ebc7","metodo":"POST","ruta":"/api/v1/me/account-closure-requests","status":401,"duracionMs":0}
integración · PostgreSQL 16 (Testcontainers)	Schema vs 06 · identidad y sesiones (TEST-AUTH-*) · readiness · migración fallida aborta	2026-09-19T04:15:43.6455672Z {"nivel":"info","requestId":"4ab42fba-7353-4a58-b5c6-82f9df478b75","metodo":"GET","ruta":"/api/v1/me","status":200,"duracionMs":3}
integración · PostgreSQL 16 (Testcontainers)	Schema vs 06 · identidad y sesiones (TEST-AUTH-*) · readiness · migración fallida aborta	2026-09-19T04:15:43.7035192Z {"nivel":"info","requestId":"7ebf3d61-b933-48c0-aba3-fb66ce41c0c3","metodo":"POST","ruta":"/api/v1/me/account-closure-requests","status":403,"duracionMs":5}
integración · PostgreSQL 16 (Testcontainers)	Schema vs 06 · identidad y sesiones (TEST-AUTH-*) · readiness · migración fallida aborta	2026-09-19T04:15:43.7270362Z {"nivel":"info","requestId":"942ca058-2165-4214-86ac-7a3a5801ba01","metodo":"POST","ruta":"/api/v1/me/account-closure-requests","status":201,"duracionMs":22}
integración · PostgreSQL 16 (Testcontainers)	Schema vs 06 · identidad y sesiones (TEST-AUTH-*) · readiness · migración fallida aborta	2026-09-19T04:15:43.7310700Z {"nivel":"info","requestId":"d95ec6fa-5010-4111-b073-44023cb58028","metodo":"POST","ruta":"/api/v1/me/account-closure-requests","status":409,"duracionMs":2}
integración · PostgreSQL 16 (Testcontainers)	Schema vs 06 · identidad y sesiones (TEST-AUTH-*) · readiness · migración fallida aborta	2026-09-19T04:15:43.7332318Z {"prueba":"TEST-CT","observadas":{"API-ACC-01":["201","400 INVALID_REQUEST","400 UNKNOWN_FIELD","409 IDEMPOTENCY_KEY_REUSED","409 REGISTRATION_NOT_AVAILABLE","422 PRIVACY_VERSION_NOT_ACCEPTABLE","422 TERMS_VERSION_NOT_ACCEPTABLE"],"API-ACC-02":["201","400 INVALID_REQUEST","400 UNKNOWN_FIELD","401 INVALID_CREDENTIALS"],"API-ACC-05":["200","400 INVALID_REQUEST","401 AUTHENTICATION_REQUIRED","401 SESSION_INVALID","401 SESSION_REVOKED"],"API-CON-05":["200","400 INVALID_REQUEST","401 AUTHENTICATION_REQUIRED"],"API-ACC-04":["204","400 INVALID_REQUEST","401 AUTHENTICATION_REQUIRED","401 SESSION_REVOKED"],"API-ACC-03":["204","400 INVALID_REQUEST","401 AUTHENTICATION_REQUIRED","401 SESSION_INVALID"],"API-ACC-P1-03":["201","400 INVALID_REQUEST","400 UNKNOWN_FIELD","401 AUTHENTICATION_REQUIRED","403 STEP_UP_REQUIRED","409 IDEMPOTENCY_KEY_REUSED","422 VALIDATION_FAILED"]}}
integración · PostgreSQL 16 (Testcontainers)	Schema vs 06 · identidad y sesiones (TEST-AUTH-*) · readiness · migración fallida aborta	2026-09-19T04:15:43.7398011Z PASS ../../test/integration/contrato.int-spec.ts
integración · PostgreSQL 16 (Testcontainers)	Schema vs 06 · identidad y sesiones (TEST-AUTH-*) · readiness · migración fallida aborta	2026-09-19T04:15:43.7405884Z   ✓ TEST-CT: se ejercitan éxitos y errores de las siete operaciones autorizadas (930 ms)
integración · PostgreSQL 16 (Testcontainers)	Schema vs 06 · identidad y sesiones (TEST-AUTH-*) · readiness · migración fallida aborta	2026-09-19T04:15:43.7407740Z   ✓ TEST-CT: todo (status, código) observado está declarado para su operación; los éxitos coinciden con el contrato (2 ms)
integración · PostgreSQL 16 (Testcontainers)	Schema vs 06 · identidad y sesiones (TEST-AUTH-*) · readiness · migración fallida aborta	2026-09-19T04:15:43.7408844Z 
integración · PostgreSQL 16 (Testcontainers)	Schema vs 06 · identidad y sesiones (TEST-AUTH-*) · readiness · migración fallida aborta	2026-09-19T04:15:44.3930578Z {"nivel":"info","requestId":"7c9a9d35-556a-4518-85f0-7c72f3243b94","metodo":"POST","ruta":"/api/v1/registrations","status":201,"duracionMs":100}
integración · PostgreSQL 16 (Testcontainers)	Schema vs 06 · identidad y sesiones (TEST-AUTH-*) · readiness · migración fallida aborta	2026-09-19T04:15:44.4723111Z {"nivel":"info","requestId":"a8140ce0-d137-4748-84b6-435d127f4eef","metodo":"POST","ruta":"/api/v1/auth/sessions","status":201,"duracionMs":77}
integración · PostgreSQL 16 (Testcontainers)	Schema vs 06 · identidad y sesiones (TEST-AUTH-*) · readiness · migración fallida aborta	2026-09-19T04:15:44.5502183Z {"nivel":"info","requestId":"2df4c442-97d7-4deb-b633-b9500201a2d7","metodo":"POST","ruta":"/api/v1/auth/sessions","status":201,"duracionMs":76}
integración · PostgreSQL 16 (Testcontainers)	Schema vs 06 · identidad y sesiones (TEST-AUTH-*) · readiness · migración fallida aborta	2026-09-19T04:15:44.6561279Z {"nivel":"info","requestId":"22236333-c113-4dd3-80e9-1a1591e9489e","metodo":"POST","ruta":"/api/v1/me/account-closure-requests","status":201,"duracionMs":58}
integración · PostgreSQL 16 (Testcontainers)	Schema vs 06 · identidad y sesiones (TEST-AUTH-*) · readiness · migración fallida aborta	2026-09-19T04:15:44.6594933Z {"nivel":"info","requestId":"3c311369-ef4a-4733-b6d5-ad3cd03b1ef0","metodo":"POST","ruta":"/api/v1/me/account-closure-requests","status":422,"duracionMs":60}
integración · PostgreSQL 16 (Testcontainers)	Schema vs 06 · identidad y sesiones (TEST-AUTH-*) · readiness · migración fallida aborta	2026-09-19T04:15:44.7612587Z {"nivel":"info","requestId":"abaf457d-db05-45f3-b995-4ac42334cb91","metodo":"POST","ruta":"/api/v1/registrations","status":201,"duracionMs":92}
integración · PostgreSQL 16 (Testcontainers)	Schema vs 06 · identidad y sesiones (TEST-AUTH-*) · readiness · migración fallida aborta	2026-09-19T04:15:44.8686075Z {"nivel":"info","requestId":"a3a29d8e-a857-4df1-922a-8e532a2717f9","metodo":"POST","ruta":"/api/v1/auth/sessions","status":401,"duracionMs":81}
integración · PostgreSQL 16 (Testcontainers)	Schema vs 06 · identidad y sesiones (TEST-AUTH-*) · readiness · migración fallida aborta	2026-09-19T04:15:44.9582156Z {"nivel":"info","requestId":"9cd395c1-5301-4355-a5cc-5b0b571b9d1a","metodo":"POST","ruta":"/api/v1/registrations","status":201,"duracionMs":82}
integración · PostgreSQL 16 (Testcontainers)	Schema vs 06 · identidad y sesiones (TEST-AUTH-*) · readiness · migración fallida aborta	2026-09-19T04:15:45.0341928Z {"nivel":"info","requestId":"76b29065-6f2a-43ac-9899-6d0347711612","metodo":"POST","ruta":"/api/v1/auth/sessions","status":201,"duracionMs":74}
integración · PostgreSQL 16 (Testcontainers)	Schema vs 06 · identidad y sesiones (TEST-AUTH-*) · readiness · migración fallida aborta	2026-09-19T04:15:45.1774267Z {"nivel":"info","requestId":"25a9d071-deef-4d67-a939-3a569477a16a","metodo":"POST","ruta":"/api/v1/me/account-closure-requests","status":201,"duracionMs":139}
integración · PostgreSQL 16 (Testcontainers)	Schema vs 06 · identidad y sesiones (TEST-AUTH-*) · readiness · migración fallida aborta	2026-09-19T04:15:45.1792246Z {"nivel":"info","requestId":"2b047007-09cc-4893-ad54-31a9e802d230","metodo":"POST","ruta":"/api/v1/auth/sessions","status":401,"duracionMs":139}
integración · PostgreSQL 16 (Testcontainers)	Schema vs 06 · identidad y sesiones (TEST-AUTH-*) · readiness · migración fallida aborta	2026-09-19T04:15:45.1800136Z {"nivel":"info","requestId":"480f3c58-8247-4cdb-89f4-7fbbc2ac7147","metodo":"POST","ruta":"/api/v1/auth/sessions","status":401,"duracionMs":141}
integración · PostgreSQL 16 (Testcontainers)	Schema vs 06 · identidad y sesiones (TEST-AUTH-*) · readiness · migración fallida aborta	2026-09-19T04:15:45.1939662Z PASS ../../test/integration/concurrencia.int-spec.ts
integración · PostgreSQL 16 (Testcontainers)	Schema vs 06 · identidad y sesiones (TEST-AUTH-*) · readiness · migración fallida aborta	2026-09-19T04:15:45.1941782Z   ✓ TEST-RF-069 / 06 §5.7.4: dos cierres simultáneos con keys distintas → exactamente un CuentaCerrada; el otro 422 INVALID_STATE_TRANSITION (377 ms)
integración · PostgreSQL 16 (Testcontainers)	Schema vs 06 · identidad y sesiones (TEST-AUTH-*) · readiness · migración fallida aborta	2026-09-19T04:15:45.1944754Z   ✓ TEST-AUTH-011 en carrera: un login con la contraseña correcta que llega mientras el cierre retiene la cuenta → 401, sin sesión ACTIVA, con auditoría del rechazo (206 ms)
integración · PostgreSQL 16 (Testcontainers)	Schema vs 06 · identidad y sesiones (TEST-AUTH-*) · readiness · migración fallida aborta	2026-09-19T04:15:45.1947600Z   ✓ 06 §5.8 en carrera: sesiones que llegan mientras el cierre espera el bloqueo quedan revocadas, con finalización ≥ inicio (307 ms)
integración · PostgreSQL 16 (Testcontainers)	Schema vs 06 · identidad y sesiones (TEST-AUTH-*) · readiness · migración fallida aborta	2026-09-19T04:15:45.1948768Z 
integración · PostgreSQL 16 (Testcontainers)	Schema vs 06 · identidad y sesiones (TEST-AUTH-*) · readiness · migración fallida aborta	2026-09-19T04:15:45.8337204Z {"nivel":"info","requestId":"0ae2c1a7-c69e-45f4-9707-f0ab508aa4bc","metodo":"POST","ruta":"/api/v1/registrations","status":201,"duracionMs":101}
integración · PostgreSQL 16 (Testcontainers)	Schema vs 06 · identidad y sesiones (TEST-AUTH-*) · readiness · migración fallida aborta	2026-09-19T04:15:45.9084571Z {"nivel":"info","requestId":"47fcb080-ae51-4acf-bb14-38efc12fba12","metodo":"POST","ruta":"/api/v1/registrations","status":409,"duracionMs":73}
integración · PostgreSQL 16 (Testcontainers)	Schema vs 06 · identidad y sesiones (TEST-AUTH-*) · readiness · migración fallida aborta	2026-09-19T04:15:45.9834677Z {"nivel":"info","requestId":"3274b7ee-dccc-44ba-9c77-5c3739de9866","metodo":"POST","ruta":"/api/v1/auth/sessions","status":401,"duracionMs":73}
integración · PostgreSQL 16 (Testcontainers)	Schema vs 06 · identidad y sesiones (TEST-AUTH-*) · readiness · migración fallida aborta	2026-09-19T04:15:46.0591877Z {"nivel":"info","requestId":"031b1544-6567-46b9-9549-631b5b4d954d","metodo":"POST","ruta":"/api/v1/auth/sessions","status":401,"duracionMs":73}
integración · PostgreSQL 16 (Testcontainers)	Schema vs 06 · identidad y sesiones (TEST-AUTH-*) · readiness · migración fallida aborta	2026-09-19T04:15:46.1378658Z {"nivel":"info","requestId":"46cb8646-694b-45e7-bffc-5bd0d57243af","metodo":"POST","ruta":"/api/v1/auth/sessions","status":201,"duracionMs":77}
integración · PostgreSQL 16 (Testcontainers)	Schema vs 06 · identidad y sesiones (TEST-AUTH-*) · readiness · migración fallida aborta	2026-09-19T04:15:46.1481004Z {"nivel":"info","requestId":"0e341175-8f2c-4c89-a86b-5079468e866d","metodo":"GET","ruta":"/api/v1/me","status":200,"duracionMs":8}
integración · PostgreSQL 16 (Testcontainers)	Schema vs 06 · identidad y sesiones (TEST-AUTH-*) · readiness · migración fallida aborta	2026-09-19T04:15:46.1502125Z {"nivel":"info","requestId":"6cc43761-6ca0-414b-83c4-05c9801c1e2f","metodo":"GET","ruta":"/api/v1/me","status":401,"duracionMs":0}
integración · PostgreSQL 16 (Testcontainers)	Schema vs 06 · identidad y sesiones (TEST-AUTH-*) · readiness · migración fallida aborta	2026-09-19T04:15:46.1788746Z {"nivel":"info","requestId":"41f58279-b362-469f-9e1b-ec0d75c51523","metodo":"POST","ruta":"/api/v1/me/account-closure-requests","status":201,"duracionMs":27}
integración · PostgreSQL 16 (Testcontainers)	Schema vs 06 · identidad y sesiones (TEST-AUTH-*) · readiness · migración fallida aborta	2026-09-19T04:15:46.3142093Z {"nivel":"info","requestId":"42c30511-d75f-45f8-9064-dfb806be2abb","metodo":"POST","ruta":"/api/v1/registrations","status":201,"duracionMs":85}
integración · PostgreSQL 16 (Testcontainers)	Schema vs 06 · identidad y sesiones (TEST-AUTH-*) · readiness · migración fallida aborta	2026-09-19T04:15:46.3892936Z {"nivel":"info","requestId":"d6feab14-b5e8-42f9-ade6-77897b069b0e","metodo":"POST","ruta":"/api/v1/auth/sessions","status":201,"duracionMs":73}
integración · PostgreSQL 16 (Testcontainers)	Schema vs 06 · identidad y sesiones (TEST-AUTH-*) · readiness · migración fallida aborta	2026-09-19T04:15:46.3932139Z {"nivel":"error","evento":"error_no_clasificado","tipo":"Error","requestId":"fa70e71a-d5d2-4b1d-834e-0811ba10651c"}
integración · PostgreSQL 16 (Testcontainers)	Schema vs 06 · identidad y sesiones (TEST-AUTH-*) · readiness · migración fallida aborta	2026-09-19T04:15:46.3935689Z {"nivel":"info","requestId":"fa70e71a-d5d2-4b1d-834e-0811ba10651c","metodo":"GET","ruta":"/api/v1/me","status":500,"duracionMs":2}
integración · PostgreSQL 16 (Testcontainers)	Schema vs 06 · identidad y sesiones (TEST-AUTH-*) · readiness · migración fallida aborta	2026-09-19T04:15:46.3999945Z PASS ../../test/integration/sanitizacion.int-spec.ts
integración · PostgreSQL 16 (Testcontainers)	Schema vs 06 · identidad y sesiones (TEST-AUTH-*) · readiness · migración fallida aborta	2026-09-19T04:15:46.4001774Z   ✓ TEST-RNF-SEC-002 / TEST-RNF-OBS-001 / TEST-RUN-009: ni credenciales, ni tokens, ni hashes, ni correos, ni IP en logs, auditoría o respuestas (499 ms)
integración · PostgreSQL 16 (Testcontainers)	Schema vs 06 · identidad y sesiones (TEST-AUTH-*) · readiness · migración fallida aborta	2026-09-19T04:15:46.4003749Z   ✓ TEST-RUN-009: un error no clasificado deja en el log solo tipo y requestId, nunca el mensaje (168 ms)
integración · PostgreSQL 16 (Testcontainers)	Schema vs 06 · identidad y sesiones (TEST-AUTH-*) · readiness · migración fallida aborta	2026-09-19T04:15:46.4004533Z 
integración · PostgreSQL 16 (Testcontainers)	Schema vs 06 · identidad y sesiones (TEST-AUTH-*) · readiness · migración fallida aborta	2026-09-19T04:15:46.8661159Z {"nivel":"info","requestId":"16e871b9-e889-47a2-a965-290b538d2a60","metodo":"OPTIONS","ruta":"SIN_RUTA","status":204,"duracionMs":1}
integración · PostgreSQL 16 (Testcontainers)	Schema vs 06 · identidad y sesiones (TEST-AUTH-*) · readiness · migración fallida aborta	2026-09-19T04:15:46.8698289Z {"nivel":"info","requestId":"583e8220-24dd-4907-a1c7-093130dfb777","metodo":"OPTIONS","ruta":"SIN_RUTA","status":204,"duracionMs":0}
integración · PostgreSQL 16 (Testcontainers)	Schema vs 06 · identidad y sesiones (TEST-AUTH-*) · readiness · migración fallida aborta	2026-09-19T04:15:46.8721237Z {"nivel":"info","requestId":"766646b1-4543-4cba-b9ec-783b3078d10b","metodo":"OPTIONS","ruta":"SIN_RUTA","status":204,"duracionMs":0}
integración · PostgreSQL 16 (Testcontainers)	Schema vs 06 · identidad y sesiones (TEST-AUTH-*) · readiness · migración fallida aborta	2026-09-19T04:15:46.9757285Z {"nivel":"info","requestId":"3d1f7ca6-d3bd-430a-8767-72098c0e3d2b","metodo":"POST","ruta":"/api/v1/registrations","status":201,"duracionMs":101}
integración · PostgreSQL 16 (Testcontainers)	Schema vs 06 · identidad y sesiones (TEST-AUTH-*) · readiness · migración fallida aborta	2026-09-19T04:15:46.9788578Z {"nivel":"info","requestId":"ae33e4b4-c29b-433d-b480-a315302ca47b","metodo":"POST","ruta":"SIN_RUTA","status":400,"duracionMs":1}
integración · PostgreSQL 16 (Testcontainers)	Schema vs 06 · identidad y sesiones (TEST-AUTH-*) · readiness · migración fallida aborta	2026-09-19T04:15:46.9818776Z {"nivel":"info","requestId":"5149f1ed-82fe-4158-ba4b-987d6117e407","metodo":"POST","ruta":"SIN_RUTA","status":400,"duracionMs":1}
integración · PostgreSQL 16 (Testcontainers)	Schema vs 06 · identidad y sesiones (TEST-AUTH-*) · readiness · migración fallida aborta	2026-09-19T04:15:46.9865282Z PASS ../../test/integration/cors.int-spec.ts
integración · PostgreSQL 16 (Testcontainers)	Schema vs 06 · identidad y sesiones (TEST-AUTH-*) · readiness · migración fallida aborta	2026-09-19T04:15:46.9866631Z   ✓ preflight del registro desde el website: 204 con el origen y los headers del contrato (7 ms)
integración · PostgreSQL 16 (Testcontainers)	Schema vs 06 · identidad y sesiones (TEST-AUTH-*) · readiness · migración fallida aborta	2026-09-19T04:15:46.9868608Z   ✓ preflight de un DELETE con Authorization (cerrar sesión): permitido desde el website (3 ms)
integración · PostgreSQL 16 (Testcontainers)	Schema vs 06 · identidad y sesiones (TEST-AUTH-*) · readiness · migración fallida aborta	2026-09-19T04:15:46.9869854Z   ✓ otro origen no recibe Access-Control-Allow-Origin (allowlist, nunca `*`) (2 ms)
integración · PostgreSQL 16 (Testcontainers)	Schema vs 06 · identidad y sesiones (TEST-AUTH-*) · readiness · migración fallida aborta	2026-09-19T04:15:46.9870853Z   ✓ una respuesta real al website expone X-Request-Id (104 ms)
integración · PostgreSQL 16 (Testcontainers)	Schema vs 06 · identidad y sesiones (TEST-AUTH-*) · readiness · migración fallida aborta	2026-09-19T04:15:46.9871873Z   ✓ error del body parser (JSON inválido): ErrorEnvelope con CORS y X-Request-Id, no un error de red (3 ms)
integración · PostgreSQL 16 (Testcontainers)	Schema vs 06 · identidad y sesiones (TEST-AUTH-*) · readiness · migración fallida aborta	2026-09-19T04:15:46.9872848Z   ✓ error del body parser (cuerpo mayor a 16 kB): ErrorEnvelope con CORS y X-Request-Id, no un error de red (3 ms)
integración · PostgreSQL 16 (Testcontainers)	Schema vs 06 · identidad y sesiones (TEST-AUTH-*) · readiness · migración fallida aborta	2026-09-19T04:15:46.9873323Z 
integración · PostgreSQL 16 (Testcontainers)	Schema vs 06 · identidad y sesiones (TEST-AUTH-*) · readiness · migración fallida aborta	2026-09-19T04:15:47.5714925Z {"nivel":"info","requestId":"f2fb679f-c06b-4dfe-a756-81a27ec8ebf9","metodo":"GET","ruta":"/health/ready","status":200,"duracionMs":3}
integración · PostgreSQL 16 (Testcontainers)	Schema vs 06 · identidad y sesiones (TEST-AUTH-*) · readiness · migración fallida aborta	2026-09-19T04:15:47.7078055Z {"nivel":"info","requestId":"533fb698-a6c5-48ba-8fa5-154f7a3f4875","metodo":"GET","ruta":"/health/ready","status":503,"duracionMs":2}
integración · PostgreSQL 16 (Testcontainers)	Schema vs 06 · identidad y sesiones (TEST-AUTH-*) · readiness · migración fallida aborta	2026-09-19T04:15:48.9743121Z PASS ../../test/integration/despliegue.int-spec.ts
integración · PostgreSQL 16 (Testcontainers)	Schema vs 06 · identidad y sesiones (TEST-AUTH-*) · readiness · migración fallida aborta	2026-09-19T04:15:48.9745122Z   Despliegue reproducible — ASR-09
integración · PostgreSQL 16 (Testcontainers)	Schema vs 06 · identidad y sesiones (TEST-AUTH-*) · readiness · migración fallida aborta	2026-09-19T04:15:48.9746545Z     ✓ TEST-RUN-002: /health/ready 200 contra base real con migraciones al día (281 ms)
integración · PostgreSQL 16 (Testcontainers)	Schema vs 06 · identidad y sesiones (TEST-AUTH-*) · readiness · migración fallida aborta	2026-09-19T04:15:48.9748188Z     ✓ TEST-RUN-002: artefacto con migración no aplicada → 503 DB_UNAVAILABLE / PENDIENTES (135 ms)
integración · PostgreSQL 16 (Testcontainers)	Schema vs 06 · identidad y sesiones (TEST-AUTH-*) · readiness · migración fallida aborta	2026-09-19T04:15:48.9749125Z     ✓ TEST-RUN-003 / 07 §62: una migración fallida aborta el deploy y no queda registrada como aplicada (1261 ms)
integración · PostgreSQL 16 (Testcontainers)	Schema vs 06 · identidad y sesiones (TEST-AUTH-*) · readiness · migración fallida aborta	2026-09-19T04:15:48.9749570Z 
integración · PostgreSQL 16 (Testcontainers)	Schema vs 06 · identidad y sesiones (TEST-AUTH-*) · readiness · migración fallida aborta	2026-09-19T04:15:48.9783329Z Test Suites: 10 passed, 10 total
integración · PostgreSQL 16 (Testcontainers)	Schema vs 06 · identidad y sesiones (TEST-AUTH-*) · readiness · migración fallida aborta	2026-09-19T04:15:48.9783708Z Tests:       108 passed, 108 total
integración · PostgreSQL 16 (Testcontainers)	Schema vs 06 · identidad y sesiones (TEST-AUTH-*) · readiness · migración fallida aborta	2026-09-19T04:15:48.9784316Z Snapshots:   0 total
integración · PostgreSQL 16 (Testcontainers)	Schema vs 06 · identidad y sesiones (TEST-AUTH-*) · readiness · migración fallida aborta	2026-09-19T04:15:48.9784561Z Time:        27.848 s
integración · PostgreSQL 16 (Testcontainers)	Schema vs 06 · identidad y sesiones (TEST-AUTH-*) · readiness · migración fallida aborta	2026-09-19T04:15:48.9784798Z Ran all test suites.
integración · PostgreSQL 16 (Testcontainers)	Schema vs 06 · identidad y sesiones (TEST-AUTH-*) · readiness · migración fallida aborta	2026-09-19T04:15:49.3356363Z Test results written to: ../../resultados-integracion.json
integración · PostgreSQL 16 (Testcontainers)	Resultados por ID de prueba (evidencia)	﻿2026-09-19T04:15:49.4223646Z Node 20 is being deprecated. This workflow is running with Node 24 by default. If you need to temporarily use Node 20, you can set the ACTIONS_ALLOW_USE_UNSECURE_NODE_VERSION=true environment variable. For more information see: https://github.blog/changelog/2025-09-19-deprecation-of-node-20-on-github-actions-runners/
integración · PostgreSQL 16 (Testcontainers)	Resultados por ID de prueba (evidencia)	2026-09-19T04:15:49.4224972Z ##[group]Run actions/upload-artifact@v4
integración · PostgreSQL 16 (Testcontainers)	Resultados por ID de prueba (evidencia)	2026-09-19T04:15:49.4225249Z with:
integración · PostgreSQL 16 (Testcontainers)	Resultados por ID de prueba (evidencia)	2026-09-19T04:15:49.4225468Z   name: resultados-integracion
integración · PostgreSQL 16 (Testcontainers)	Resultados por ID de prueba (evidencia)	2026-09-19T04:15:49.4225741Z   path: resultados-integracion.json
integración · PostgreSQL 16 (Testcontainers)	Resultados por ID de prueba (evidencia)	2026-09-19T04:15:49.4226023Z   if-no-files-found: error
integración · PostgreSQL 16 (Testcontainers)	Resultados por ID de prueba (evidencia)	2026-09-19T04:15:49.4226263Z   compression-level: 6
integración · PostgreSQL 16 (Testcontainers)	Resultados por ID de prueba (evidencia)	2026-09-19T04:15:49.4226494Z   overwrite: false
integración · PostgreSQL 16 (Testcontainers)	Resultados por ID de prueba (evidencia)	2026-09-19T04:15:49.4226711Z   include-hidden-files: false
integración · PostgreSQL 16 (Testcontainers)	Resultados por ID de prueba (evidencia)	2026-09-19T04:15:49.4227408Z ##[endgroup]
integración · PostgreSQL 16 (Testcontainers)	Resultados por ID de prueba (evidencia)	2026-09-19T04:15:49.5863649Z (node:6082) [DEP0040] DeprecationWarning: The `punycode` module is deprecated. Please use a userland alternative instead.
integración · PostgreSQL 16 (Testcontainers)	Resultados por ID de prueba (evidencia)	2026-09-19T04:15:49.5864523Z (Use `node --trace-deprecation ...` to show where the warning was created)
integración · PostgreSQL 16 (Testcontainers)	Resultados por ID de prueba (evidencia)	2026-09-19T04:15:49.5910261Z With the provided path, there will be 1 file uploaded
integración · PostgreSQL 16 (Testcontainers)	Resultados por ID de prueba (evidencia)	2026-09-19T04:15:49.5917051Z Artifact name is valid!
integración · PostgreSQL 16 (Testcontainers)	Resultados por ID de prueba (evidencia)	2026-09-19T04:15:49.5918102Z Root directory input is valid!
integración · PostgreSQL 16 (Testcontainers)	Resultados por ID de prueba (evidencia)	2026-09-19T04:15:49.8283800Z Beginning upload of artifact content to blob storage
integración · PostgreSQL 16 (Testcontainers)	Resultados por ID de prueba (evidencia)	2026-09-19T04:15:49.8513938Z (node:6082) [DEP0169] DeprecationWarning: `url.parse()` behavior is not standardized and prone to errors that have security implications. Use the WHATWG URL API instead. CVEs are not issued for `url.parse()` vulnerabilities.
integración · PostgreSQL 16 (Testcontainers)	Resultados por ID de prueba (evidencia)	2026-09-19T04:15:49.8961780Z Uploaded bytes 7062
integración · PostgreSQL 16 (Testcontainers)	Resultados por ID de prueba (evidencia)	2026-09-19T04:15:49.9137112Z Finished uploading artifact content to blob storage!
integración · PostgreSQL 16 (Testcontainers)	Resultados por ID de prueba (evidencia)	2026-09-19T04:15:49.9138601Z SHA256 digest of uploaded artifact zip is 7169514dc92394b98f7be6bb2430655c53a09dff8d5f38bd7f6ac4fbf1bdd75d
integración · PostgreSQL 16 (Testcontainers)	Resultados por ID de prueba (evidencia)	2026-09-19T04:15:49.9140101Z Finalizing artifact upload
integración · PostgreSQL 16 (Testcontainers)	Resultados por ID de prueba (evidencia)	2026-09-19T04:15:50.1344263Z Artifact resultados-integracion.zip successfully finalized. Artifact ID 10577452515
integración · PostgreSQL 16 (Testcontainers)	Resultados por ID de prueba (evidencia)	2026-09-19T04:15:50.1346044Z Artifact resultados-integracion has been successfully uploaded! Final size is 7062 bytes. Artifact ID is 10577452515
integración · PostgreSQL 16 (Testcontainers)	Resultados por ID de prueba (evidencia)	2026-09-19T04:15:50.1352097Z Artifact download URL: https://github.com/Elian-Bufi/be/actions/runs/35420749794/artifacts/10577452515
integración · PostgreSQL 16 (Testcontainers)	Post Run actions/setup-node@v7	﻿2026-09-19T04:15:50.1524516Z Post job cleanup.
integración · PostgreSQL 16 (Testcontainers)	Post Run actions/setup-node@v7	2026-09-19T04:15:50.2606002Z Cache hit occurred on the primary key node-cache-Linux-x64-npm-035442b6e162ca43476981c9c2b12aaf09857145993c221f83d7202f95647faa, not saving cache.
integración · PostgreSQL 16 (Testcontainers)	Post Run actions/checkout@v7	﻿2026-09-19T04:15:50.2735636Z Post job cleanup.
integración · PostgreSQL 16 (Testcontainers)	Post Run actions/checkout@v7	2026-09-19T04:15:50.3624169Z [command]/usr/bin/git version
integración · PostgreSQL 16 (Testcontainers)	Post Run actions/checkout@v7	2026-09-19T04:15:50.3682862Z git version 2.55.0
integración · PostgreSQL 16 (Testcontainers)	Post Run actions/checkout@v7	2026-09-19T04:15:50.3728077Z Temporarily overriding HOME='/home/runner/work/_temp/53e28a62-a278-41d3-bfd2-f617c7cfd4c5' before making global git config changes
integración · PostgreSQL 16 (Testcontainers)	Post Run actions/checkout@v7	2026-09-19T04:15:50.3729998Z Adding repository directory to the temporary git global config as a safe directory
integración · PostgreSQL 16 (Testcontainers)	Post Run actions/checkout@v7	2026-09-19T04:15:50.3732268Z [command]/usr/bin/git config --global --add safe.directory /home/runner/work/be/be
integración · PostgreSQL 16 (Testcontainers)	Post Run actions/checkout@v7	2026-09-19T04:15:50.3778038Z Removing SSH command configuration
integración · PostgreSQL 16 (Testcontainers)	Post Run actions/checkout@v7	2026-09-19T04:15:50.3785394Z [command]/usr/bin/git config --local --name-only --get-regexp core\.sshCommand
integración · PostgreSQL 16 (Testcontainers)	Post Run actions/checkout@v7	2026-09-19T04:15:50.3832540Z [command]/usr/bin/git submodule foreach --recursive sh -c "git config --local --name-only --get-regexp 'core\.sshCommand' && git config --local --unset-all 'core.sshCommand' || :"
integración · PostgreSQL 16 (Testcontainers)	Post Run actions/checkout@v7	2026-09-19T04:15:50.4154914Z Removing HTTP extra header
integración · PostgreSQL 16 (Testcontainers)	Post Run actions/checkout@v7	2026-09-19T04:15:50.4160653Z [command]/usr/bin/git config --local --name-only --get-regexp http\.https\:\/\/github\.com\/\.extraheader
integración · PostgreSQL 16 (Testcontainers)	Post Run actions/checkout@v7	2026-09-19T04:15:50.4227240Z [command]/usr/bin/git submodule foreach --recursive sh -c "git config --local --name-only --get-regexp 'http\.https\:\/\/github\.com\/\.extraheader' && git config --local --unset-all 'http.https://github.com/.extraheader' || :"
integración · PostgreSQL 16 (Testcontainers)	Post Run actions/checkout@v7	2026-09-19T04:15:50.4527837Z Removing includeIf entries pointing to credentials config files
integración · PostgreSQL 16 (Testcontainers)	Post Run actions/checkout@v7	2026-09-19T04:15:50.4540008Z [command]/usr/bin/git config --local --name-only --get-regexp ^includeIf\.gitdir:
integración · PostgreSQL 16 (Testcontainers)	Post Run actions/checkout@v7	2026-09-19T04:15:50.4584220Z includeif.gitdir:/home/runner/work/be/be/.git.path
integración · PostgreSQL 16 (Testcontainers)	Post Run actions/checkout@v7	2026-09-19T04:15:50.4585391Z includeif.gitdir:/home/runner/work/be/be/.git/worktrees/*.path
integración · PostgreSQL 16 (Testcontainers)	Post Run actions/checkout@v7	2026-09-19T04:15:50.4586404Z includeif.gitdir:/github/workspace/.git.path
integración · PostgreSQL 16 (Testcontainers)	Post Run actions/checkout@v7	2026-09-19T04:15:50.4587763Z includeif.gitdir:/github/workspace/.git/worktrees/*.path
integración · PostgreSQL 16 (Testcontainers)	Post Run actions/checkout@v7	2026-09-19T04:15:50.4596942Z [command]/usr/bin/git config --local --get-all includeif.gitdir:/home/runner/work/be/be/.git.path
integración · PostgreSQL 16 (Testcontainers)	Post Run actions/checkout@v7	2026-09-19T04:15:50.4634559Z /home/runner/work/_temp/git-credentials-14d82378-2302-4b8e-9c03-989a54b663d5.config
integración · PostgreSQL 16 (Testcontainers)	Post Run actions/checkout@v7	2026-09-19T04:15:50.4654866Z [command]/usr/bin/git config --local --unset includeif.gitdir:/home/runner/work/be/be/.git.path \/home\/runner\/work\/_temp\/git\-credentials\-14d82378\-2302\-4b8e\-9c03\-989a54b663d5\.config
integración · PostgreSQL 16 (Testcontainers)	Post Run actions/checkout@v7	2026-09-19T04:15:50.4705560Z [command]/usr/bin/git config --local --get-all includeif.gitdir:/home/runner/work/be/be/.git/worktrees/*.path
integración · PostgreSQL 16 (Testcontainers)	Post Run actions/checkout@v7	2026-09-19T04:15:50.4758327Z /home/runner/work/_temp/git-credentials-14d82378-2302-4b8e-9c03-989a54b663d5.config
integración · PostgreSQL 16 (Testcontainers)	Post Run actions/checkout@v7	2026-09-19T04:15:50.4802602Z [command]/usr/bin/git config --local --unset includeif.gitdir:/home/runner/work/be/be/.git/worktrees/*.path \/home\/runner\/work\/_temp\/git\-credentials\-14d82378\-2302\-4b8e\-9c03\-989a54b663d5\.config
integración · PostgreSQL 16 (Testcontainers)	Post Run actions/checkout@v7	2026-09-19T04:15:50.4859763Z [command]/usr/bin/git config --local --get-all includeif.gitdir:/github/workspace/.git.path
integración · PostgreSQL 16 (Testcontainers)	Post Run actions/checkout@v7	2026-09-19T04:15:50.4882659Z /github/runner_temp/git-credentials-14d82378-2302-4b8e-9c03-989a54b663d5.config
integración · PostgreSQL 16 (Testcontainers)	Post Run actions/checkout@v7	2026-09-19T04:15:50.4907507Z [command]/usr/bin/git config --local --unset includeif.gitdir:/github/workspace/.git.path \/github\/runner_temp\/git\-credentials\-14d82378\-2302\-4b8e\-9c03\-989a54b663d5\.config
integración · PostgreSQL 16 (Testcontainers)	Post Run actions/checkout@v7	2026-09-19T04:15:50.4940700Z [command]/usr/bin/git config --local --get-all includeif.gitdir:/github/workspace/.git/worktrees/*.path
integración · PostgreSQL 16 (Testcontainers)	Post Run actions/checkout@v7	2026-09-19T04:15:50.4969238Z /github/runner_temp/git-credentials-14d82378-2302-4b8e-9c03-989a54b663d5.config
integración · PostgreSQL 16 (Testcontainers)	Post Run actions/checkout@v7	2026-09-19T04:15:50.4978751Z [command]/usr/bin/git config --local --unset includeif.gitdir:/github/workspace/.git/worktrees/*.path \/github\/runner_temp\/git\-credentials\-14d82378\-2302\-4b8e\-9c03\-989a54b663d5\.config
integración · PostgreSQL 16 (Testcontainers)	Post Run actions/checkout@v7	2026-09-19T04:15:50.5014225Z [command]/usr/bin/git submodule foreach --recursive git config --local --show-origin --name-only --get-regexp remote.origin.url
integración · PostgreSQL 16 (Testcontainers)	Post Run actions/checkout@v7	2026-09-19T04:15:50.5231731Z Removing credentials config '/home/runner/work/_temp/git-credentials-14d82378-2302-4b8e-9c03-989a54b663d5.config'
integración · PostgreSQL 16 (Testcontainers)	Complete job	﻿2026-09-19T04:15:50.5373672Z Cleaning up orphan processes
integración · PostgreSQL 16 (Testcontainers)	Complete job	2026-09-19T04:15:50.5787708Z ##[warning]Node.js 20 is deprecated. The following actions target Node.js 20 but are being forced to run on Node.js 24: actions/upload-artifact@v4. For more information see: https://github.blog/changelog/2025-09-19-deprecation-of-node-20-on-github-actions-runners/
verificar · typecheck · unit · build · audit	Set up job	﻿2026-09-19T04:14:32.4187697Z Current runner version: '2.337.0'
verificar · typecheck · unit · build · audit	Set up job	2026-09-19T04:14:32.4214256Z ##[group]Runner Image Provisioner
verificar · typecheck · unit · build · audit	Set up job	2026-09-19T04:14:32.4215200Z Hosted Compute Agent
verificar · typecheck · unit · build · audit	Set up job	2026-09-19T04:14:32.4215873Z Version: 20260828.587
verificar · typecheck · unit · build · audit	Set up job	2026-09-19T04:14:32.4216533Z Commit: abac92662cab4cc7352de4f9f9d2e2419aad9c29
verificar · typecheck · unit · build · audit	Set up job	2026-09-19T04:14:32.4217391Z Build Date: 2026-08-28T16:44:25Z
verificar · typecheck · unit · build · audit	Set up job	2026-09-19T04:14:32.4218260Z Worker ID: {bce0f92c-a5bc-45f8-8a32-d2904e55d2d6}
verificar · typecheck · unit · build · audit	Set up job	2026-09-19T04:14:32.4219046Z Azure Region: centralus
verificar · typecheck · unit · build · audit	Set up job	2026-09-19T04:14:32.4219706Z ##[endgroup]
verificar · typecheck · unit · build · audit	Set up job	2026-09-19T04:14:32.4221082Z ##[group]Operating System
verificar · typecheck · unit · build · audit	Set up job	2026-09-19T04:14:32.4222182Z Ubuntu
verificar · typecheck · unit · build · audit	Set up job	2026-09-19T04:14:32.4222739Z 24.04.5
verificar · typecheck · unit · build · audit	Set up job	2026-09-19T04:14:32.4223255Z LTS
verificar · typecheck · unit · build · audit	Set up job	2026-09-19T04:14:32.4223899Z ##[endgroup]
verificar · typecheck · unit · build · audit	Set up job	2026-09-19T04:14:32.4224471Z ##[group]Runner Image
verificar · typecheck · unit · build · audit	Set up job	2026-09-19T04:14:32.4225188Z Image: ubuntu-24.04
verificar · typecheck · unit · build · audit	Set up job	2026-09-19T04:14:32.4225781Z Version: 20260907.300.1
verificar · typecheck · unit · build · audit	Set up job	2026-09-19T04:14:32.4226880Z Included Software: https://github.com/actions/runner-images/blob/ubuntu24/20260907.300/images/ubuntu/Ubuntu2404-Readme.md
verificar · typecheck · unit · build · audit	Set up job	2026-09-19T04:14:32.4229172Z Image Release: https://github.com/actions/runner-images/releases/tag/ubuntu24%2F20260907.300
verificar · typecheck · unit · build · audit	Set up job	2026-09-19T04:14:32.4230272Z ##[endgroup]
verificar · typecheck · unit · build · audit	Set up job	2026-09-19T04:14:32.4231413Z ##[group]GITHUB_TOKEN Permissions
verificar · typecheck · unit · build · audit	Set up job	2026-09-19T04:14:32.4233823Z Contents: read
verificar · typecheck · unit · build · audit	Set up job	2026-09-19T04:14:32.4234466Z Metadata: read
verificar · typecheck · unit · build · audit	Set up job	2026-09-19T04:14:32.4235044Z ##[endgroup]
verificar · typecheck · unit · build · audit	Set up job	2026-09-19T04:14:32.4237209Z Secret source: Actions
verificar · typecheck · unit · build · audit	Set up job	2026-09-19T04:14:32.4238557Z Cache mode: write
verificar · typecheck · unit · build · audit	Set up job	2026-09-19T04:14:32.4239762Z Prepare workflow directory
verificar · typecheck · unit · build · audit	Set up job	2026-09-19T04:14:32.4583212Z Prepare all required actions
verificar · typecheck · unit · build · audit	Set up job	2026-09-19T04:14:32.4633165Z Getting action download info
verificar · typecheck · unit · build · audit	Set up job	2026-09-19T04:14:32.7350953Z Download action repository 'actions/checkout@v7' (SHA:3d3c42e5aac5ba805825da76410c181273ba90b1)
verificar · typecheck · unit · build · audit	Set up job	2026-09-19T04:14:32.8512922Z Download action repository 'actions/setup-node@v7' (SHA:820762786026740c76f36085b0efc47a31fe5020)
verificar · typecheck · unit · build · audit	Set up job	2026-09-19T04:14:33.0453001Z Complete job name: verificar · typecheck · unit · build · audit
verificar · typecheck · unit · build · audit	Run actions/checkout@v7	﻿2026-09-19T04:14:33.1212537Z ##[group]Run actions/checkout@v7
verificar · typecheck · unit · build · audit	Run actions/checkout@v7	2026-09-19T04:14:33.1213399Z with:
verificar · typecheck · unit · build · audit	Run actions/checkout@v7	2026-09-19T04:14:33.1213851Z   repository: Elian-Bufi/be
verificar · typecheck · unit · build · audit	Run actions/checkout@v7	2026-09-19T04:14:33.1217673Z   token: ***
verificar · typecheck · unit · build · audit	Run actions/checkout@v7	2026-09-19T04:14:33.1218305Z   ssh-strict: true
verificar · typecheck · unit · build · audit	Run actions/checkout@v7	2026-09-19T04:14:33.1218752Z   ssh-user: git
verificar · typecheck · unit · build · audit	Run actions/checkout@v7	2026-09-19T04:14:33.1219207Z   persist-credentials: true
verificar · typecheck · unit · build · audit	Run actions/checkout@v7	2026-09-19T04:14:33.1219716Z   clean: true
verificar · typecheck · unit · build · audit	Run actions/checkout@v7	2026-09-19T04:14:33.1220169Z   sparse-checkout-cone-mode: true
verificar · typecheck · unit · build · audit	Run actions/checkout@v7	2026-09-19T04:14:33.1220703Z   fetch-depth: 1
verificar · typecheck · unit · build · audit	Run actions/checkout@v7	2026-09-19T04:14:33.1221139Z   fetch-tags: false
verificar · typecheck · unit · build · audit	Run actions/checkout@v7	2026-09-19T04:14:33.1221591Z   show-progress: true
verificar · typecheck · unit · build · audit	Run actions/checkout@v7	2026-09-19T04:14:33.1222040Z   lfs: false
verificar · typecheck · unit · build · audit	Run actions/checkout@v7	2026-09-19T04:14:33.1222458Z   submodules: false
verificar · typecheck · unit · build · audit	Run actions/checkout@v7	2026-09-19T04:14:33.1222914Z   set-safe-directory: true
verificar · typecheck · unit · build · audit	Run actions/checkout@v7	2026-09-19T04:14:33.1223428Z   allow-unsafe-pr-checkout: false
verificar · typecheck · unit · build · audit	Run actions/checkout@v7	2026-09-19T04:14:33.1224139Z ##[endgroup]
verificar · typecheck · unit · build · audit	Run actions/checkout@v7	2026-09-19T04:14:33.2239305Z Syncing repository: Elian-Bufi/be
verificar · typecheck · unit · build · audit	Run actions/checkout@v7	2026-09-19T04:14:33.2242045Z ##[group]Getting Git version info
verificar · typecheck · unit · build · audit	Run actions/checkout@v7	2026-09-19T04:14:33.2243044Z Working directory is '/home/runner/work/be/be'
verificar · typecheck · unit · build · audit	Run actions/checkout@v7	2026-09-19T04:14:33.2244681Z [command]/usr/bin/git version
verificar · typecheck · unit · build · audit	Run actions/checkout@v7	2026-09-19T04:14:33.2292676Z git version 2.55.0
verificar · typecheck · unit · build · audit	Run actions/checkout@v7	2026-09-19T04:14:33.2314199Z ##[endgroup]
verificar · typecheck · unit · build · audit	Run actions/checkout@v7	2026-09-19T04:14:33.2329152Z Temporarily overriding HOME='/home/runner/work/_temp/25c8ad77-4278-4fe9-9138-d8c7dabe4653' before making global git config changes
verificar · typecheck · unit · build · audit	Run actions/checkout@v7	2026-09-19T04:14:33.2331875Z Adding repository directory to the temporary git global config as a safe directory
verificar · typecheck · unit · build · audit	Run actions/checkout@v7	2026-09-19T04:14:33.2336734Z [command]/usr/bin/git config --global --add safe.directory /home/runner/work/be/be
verificar · typecheck · unit · build · audit	Run actions/checkout@v7	2026-09-19T04:14:33.2394054Z Deleting the contents of '/home/runner/work/be/be'
verificar · typecheck · unit · build · audit	Run actions/checkout@v7	2026-09-19T04:14:33.2398242Z ##[group]Determining repository object format
verificar · typecheck · unit · build · audit	Run actions/checkout@v7	2026-09-19T04:14:33.2400037Z ##[endgroup]
verificar · typecheck · unit · build · audit	Run actions/checkout@v7	2026-09-19T04:14:33.2401145Z ##[group]Initializing the repository
verificar · typecheck · unit · build · audit	Run actions/checkout@v7	2026-09-19T04:14:33.2405248Z [command]/usr/bin/git init /home/runner/work/be/be
verificar · typecheck · unit · build · audit	Run actions/checkout@v7	2026-09-19T04:14:33.2513683Z hint: Using 'master' as the name for the initial branch. This default branch name
verificar · typecheck · unit · build · audit	Run actions/checkout@v7	2026-09-19T04:14:33.2518121Z hint: will change to "main" in Git 3.0. To configure the initial branch name
verificar · typecheck · unit · build · audit	Run actions/checkout@v7	2026-09-19T04:14:33.2520146Z hint: to use in all of your new repositories, which will suppress this warning,
verificar · typecheck · unit · build · audit	Run actions/checkout@v7	2026-09-19T04:14:33.2521318Z hint: call:
verificar · typecheck · unit · build · audit	Run actions/checkout@v7	2026-09-19T04:14:33.2521947Z hint:
verificar · typecheck · unit · build · audit	Run actions/checkout@v7	2026-09-19T04:14:33.2522711Z hint: 	git config --global init.defaultBranch <name>
verificar · typecheck · unit · build · audit	Run actions/checkout@v7	2026-09-19T04:14:33.2523657Z hint:
verificar · typecheck · unit · build · audit	Run actions/checkout@v7	2026-09-19T04:14:33.2524516Z hint: Names commonly chosen instead of 'master' are 'main', 'trunk' and
verificar · typecheck · unit · build · audit	Run actions/checkout@v7	2026-09-19T04:14:33.2525921Z hint: 'development'. The just-created branch can be renamed via this command:
verificar · typecheck · unit · build · audit	Run actions/checkout@v7	2026-09-19T04:14:33.2527103Z hint:
verificar · typecheck · unit · build · audit	Run actions/checkout@v7	2026-09-19T04:14:33.2527731Z hint: 	git branch -m <name>
verificar · typecheck · unit · build · audit	Run actions/checkout@v7	2026-09-19T04:14:33.2528683Z hint:
verificar · typecheck · unit · build · audit	Run actions/checkout@v7	2026-09-19T04:14:33.2529712Z hint: Disable this message with "git config set advice.defaultBranchName false"
verificar · typecheck · unit · build · audit	Run actions/checkout@v7	2026-09-19T04:14:33.2530922Z Initialized empty Git repository in /home/runner/work/be/be/.git/
verificar · typecheck · unit · build · audit	Run actions/checkout@v7	2026-09-19T04:14:33.2532596Z [command]/usr/bin/git remote add origin https://github.com/Elian-Bufi/be
verificar · typecheck · unit · build · audit	Run actions/checkout@v7	2026-09-19T04:14:33.2576739Z ##[endgroup]
verificar · typecheck · unit · build · audit	Run actions/checkout@v7	2026-09-19T04:14:33.2578097Z ##[group]Disabling automatic garbage collection
verificar · typecheck · unit · build · audit	Run actions/checkout@v7	2026-09-19T04:14:33.2580850Z [command]/usr/bin/git config --local gc.auto 0
verificar · typecheck · unit · build · audit	Run actions/checkout@v7	2026-09-19T04:14:33.2614589Z ##[endgroup]
verificar · typecheck · unit · build · audit	Run actions/checkout@v7	2026-09-19T04:14:33.2616051Z ##[group]Setting up auth
verificar · typecheck · unit · build · audit	Run actions/checkout@v7	2026-09-19T04:14:33.2616874Z Removing SSH command configuration
verificar · typecheck · unit · build · audit	Run actions/checkout@v7	2026-09-19T04:14:33.2620735Z [command]/usr/bin/git config --local --name-only --get-regexp core\.sshCommand
verificar · typecheck · unit · build · audit	Run actions/checkout@v7	2026-09-19T04:14:33.2656657Z [command]/usr/bin/git submodule foreach --recursive sh -c "git config --local --name-only --get-regexp 'core\.sshCommand' && git config --local --unset-all 'core.sshCommand' || :"
verificar · typecheck · unit · build · audit	Run actions/checkout@v7	2026-09-19T04:14:33.3029679Z Removing HTTP extra header
verificar · typecheck · unit · build · audit	Run actions/checkout@v7	2026-09-19T04:14:33.3035927Z [command]/usr/bin/git config --local --name-only --get-regexp http\.https\:\/\/github\.com\/\.extraheader
verificar · typecheck · unit · build · audit	Run actions/checkout@v7	2026-09-19T04:14:33.3076959Z [command]/usr/bin/git submodule foreach --recursive sh -c "git config --local --name-only --get-regexp 'http\.https\:\/\/github\.com\/\.extraheader' && git config --local --unset-all 'http.https://github.com/.extraheader' || :"
verificar · typecheck · unit · build · audit	Run actions/checkout@v7	2026-09-19T04:14:33.3323549Z Removing includeIf entries pointing to credentials config files
verificar · typecheck · unit · build · audit	Run actions/checkout@v7	2026-09-19T04:14:33.3329826Z [command]/usr/bin/git config --local --name-only --get-regexp ^includeIf\.gitdir:
verificar · typecheck · unit · build · audit	Run actions/checkout@v7	2026-09-19T04:14:33.3375433Z [command]/usr/bin/git submodule foreach --recursive git config --local --show-origin --name-only --get-regexp remote.origin.url
verificar · typecheck · unit · build · audit	Run actions/checkout@v7	2026-09-19T04:14:33.3621637Z [command]/usr/bin/git config --file /home/runner/work/_temp/git-credentials-2937c1f0-5307-4a82-b0a3-279f45e96bdc.config http.https://github.com/.extraheader AUTHORIZATION: basic ***
verificar · typecheck · unit · build · audit	Run actions/checkout@v7	2026-09-19T04:14:33.3664165Z [command]/usr/bin/git config --local includeIf.gitdir:/home/runner/work/be/be/.git.path /home/runner/work/_temp/git-credentials-2937c1f0-5307-4a82-b0a3-279f45e96bdc.config
verificar · typecheck · unit · build · audit	Run actions/checkout@v7	2026-09-19T04:14:33.3699549Z [command]/usr/bin/git config --local includeIf.gitdir:/home/runner/work/be/be/.git/worktrees/*.path /home/runner/work/_temp/git-credentials-2937c1f0-5307-4a82-b0a3-279f45e96bdc.config
verificar · typecheck · unit · build · audit	Run actions/checkout@v7	2026-09-19T04:14:33.3738838Z [command]/usr/bin/git config --local includeIf.gitdir:/github/workspace/.git.path /github/runner_temp/git-credentials-2937c1f0-5307-4a82-b0a3-279f45e96bdc.config
verificar · typecheck · unit · build · audit	Run actions/checkout@v7	2026-09-19T04:14:33.3774918Z [command]/usr/bin/git config --local includeIf.gitdir:/github/workspace/.git/worktrees/*.path /github/runner_temp/git-credentials-2937c1f0-5307-4a82-b0a3-279f45e96bdc.config
verificar · typecheck · unit · build · audit	Run actions/checkout@v7	2026-09-19T04:14:33.3807600Z ##[endgroup]
verificar · typecheck · unit · build · audit	Run actions/checkout@v7	2026-09-19T04:14:33.3808583Z ##[group]Fetching the repository
verificar · typecheck · unit · build · audit	Run actions/checkout@v7	2026-09-19T04:14:33.3814950Z [command]/usr/bin/git -c protocol.version=2 fetch --no-tags --prune --no-recurse-submodules --depth=1 origin +9b1aeb1fd7774bf96a0bb6dc313b10141ee9256c:refs/remotes/origin/main
verificar · typecheck · unit · build · audit	Run actions/checkout@v7	2026-09-19T04:14:34.4161345Z From https://github.com/Elian-Bufi/be
verificar · typecheck · unit · build · audit	Run actions/checkout@v7	2026-09-19T04:14:34.4163139Z  * [new ref]         9b1aeb1fd7774bf96a0bb6dc313b10141ee9256c -> origin/main
verificar · typecheck · unit · build · audit	Run actions/checkout@v7	2026-09-19T04:14:34.4170657Z [command]/usr/bin/git branch --list --remote origin/main
verificar · typecheck · unit · build · audit	Run actions/checkout@v7	2026-09-19T04:14:34.4204727Z   origin/main
verificar · typecheck · unit · build · audit	Run actions/checkout@v7	2026-09-19T04:14:34.4214497Z [command]/usr/bin/git rev-parse refs/remotes/origin/main
verificar · typecheck · unit · build · audit	Run actions/checkout@v7	2026-09-19T04:14:34.4243859Z 9b1aeb1fd7774bf96a0bb6dc313b10141ee9256c
verificar · typecheck · unit · build · audit	Run actions/checkout@v7	2026-09-19T04:14:34.4250811Z ##[endgroup]
verificar · typecheck · unit · build · audit	Run actions/checkout@v7	2026-09-19T04:14:34.4252099Z ##[group]Determining the checkout info
verificar · typecheck · unit · build · audit	Run actions/checkout@v7	2026-09-19T04:14:34.4253560Z ##[endgroup]
verificar · typecheck · unit · build · audit	Run actions/checkout@v7	2026-09-19T04:14:34.4255027Z [command]/usr/bin/git sparse-checkout disable
verificar · typecheck · unit · build · audit	Run actions/checkout@v7	2026-09-19T04:14:34.4314879Z [command]/usr/bin/git config --local --unset-all extensions.worktreeConfig
verificar · typecheck · unit · build · audit	Run actions/checkout@v7	2026-09-19T04:14:34.4351783Z ##[group]Checking out the ref
verificar · typecheck · unit · build · audit	Run actions/checkout@v7	2026-09-19T04:14:34.4356284Z [command]/usr/bin/git checkout --progress --force -B main refs/remotes/origin/main
verificar · typecheck · unit · build · audit	Run actions/checkout@v7	2026-09-19T04:14:34.5221745Z Switched to a new branch 'main'
verificar · typecheck · unit · build · audit	Run actions/checkout@v7	2026-09-19T04:14:34.5224558Z branch 'main' set up to track 'origin/main'.
verificar · typecheck · unit · build · audit	Run actions/checkout@v7	2026-09-19T04:14:34.5235356Z ##[endgroup]
verificar · typecheck · unit · build · audit	Run actions/checkout@v7	2026-09-19T04:14:34.5286432Z [command]/usr/bin/git log -1 --format=%H
verificar · typecheck · unit · build · audit	Run actions/checkout@v7	2026-09-19T04:14:34.5318075Z 9b1aeb1fd7774bf96a0bb6dc313b10141ee9256c
verificar · typecheck · unit · build · audit	Run actions/setup-node@v7	﻿2026-09-19T04:14:34.5641294Z ##[group]Run actions/setup-node@v7
verificar · typecheck · unit · build · audit	Run actions/setup-node@v7	2026-09-19T04:14:34.5642057Z with:
verificar · typecheck · unit · build · audit	Run actions/setup-node@v7	2026-09-19T04:14:34.5642532Z   node-version-file: .nvmrc
verificar · typecheck · unit · build · audit	Run actions/setup-node@v7	2026-09-19T04:14:34.5643126Z   cache: npm
verificar · typecheck · unit · build · audit	Run actions/setup-node@v7	2026-09-19T04:14:34.5643601Z   check-latest: false
verificar · typecheck · unit · build · audit	Run actions/setup-node@v7	2026-09-19T04:14:34.5650660Z   token: ***
verificar · typecheck · unit · build · audit	Run actions/setup-node@v7	2026-09-19T04:14:34.5651199Z   package-manager-cache: true
verificar · typecheck · unit · build · audit	Run actions/setup-node@v7	2026-09-19T04:14:34.5651841Z ##[endgroup]
verificar · typecheck · unit · build · audit	Run actions/setup-node@v7	2026-09-19T04:14:34.6903129Z Node version file is not JSON file
verificar · typecheck · unit · build · audit	Run actions/setup-node@v7	2026-09-19T04:14:34.6904481Z Resolved .nvmrc as 22.23.2
verificar · typecheck · unit · build · audit	Run actions/setup-node@v7	2026-09-19T04:14:34.6937232Z Found in cache @ /opt/hostedtoolcache/node/22.23.2/x64
verificar · typecheck · unit · build · audit	Run actions/setup-node@v7	2026-09-19T04:14:34.6940244Z ##[group]Environment details
verificar · typecheck · unit · build · audit	Run actions/setup-node@v7	2026-09-19T04:14:35.0814507Z node: v22.23.2
verificar · typecheck · unit · build · audit	Run actions/setup-node@v7	2026-09-19T04:14:35.0816517Z npm: 10.9.8
verificar · typecheck · unit · build · audit	Run actions/setup-node@v7	2026-09-19T04:14:35.0817224Z yarn: 1.22.22
verificar · typecheck · unit · build · audit	Run actions/setup-node@v7	2026-09-19T04:14:35.0819434Z ##[endgroup]
verificar · typecheck · unit · build · audit	Run actions/setup-node@v7	2026-09-19T04:14:35.0836270Z [command]/opt/hostedtoolcache/node/22.23.2/x64/bin/npm config get cache
verificar · typecheck · unit · build · audit	Run actions/setup-node@v7	2026-09-19T04:14:35.1935336Z /home/runner/.npm
verificar · typecheck · unit · build · audit	Run actions/setup-node@v7	2026-09-19T04:14:35.3628370Z Cache hit for: node-cache-Linux-x64-npm-035442b6e162ca43476981c9c2b12aaf09857145993c221f83d7202f95647faa
verificar · typecheck · unit · build · audit	Run actions/setup-node@v7	2026-09-19T04:14:36.5580493Z Received 71303168 of 334991070 (21.3%), 67.9 MBs/sec
verificar · typecheck · unit · build · audit	Run actions/setup-node@v7	2026-09-19T04:14:37.5612442Z Received 251658240 of 334991070 (75.1%), 119.9 MBs/sec
verificar · typecheck · unit · build · audit	Run actions/setup-node@v7	2026-09-19T04:14:37.9952241Z Received 334991070 of 334991070 (100.0%), 131.0 MBs/sec
verificar · typecheck · unit · build · audit	Run actions/setup-node@v7	2026-09-19T04:14:37.9953007Z Cache Size: ~319 MB (334991070 B)
verificar · typecheck · unit · build · audit	Run actions/setup-node@v7	2026-09-19T04:14:38.0062183Z [command]/usr/bin/tar -xf /home/runner/work/_temp/15d048c3-7aeb-45ad-b7be-7a6fc9244d13/cache.tzst -P -C /home/runner/work/be/be --use-compress-program unzstd
verificar · typecheck · unit · build · audit	Run actions/setup-node@v7	2026-09-19T04:14:38.5634175Z Cache restored successfully
verificar · typecheck · unit · build · audit	Run actions/setup-node@v7	2026-09-19T04:14:38.5799949Z Cache restored from key: node-cache-Linux-x64-npm-035442b6e162ca43476981c9c2b12aaf09857145993c221f83d7202f95647faa
verificar · typecheck · unit · build · audit	Run npm ci	﻿2026-09-19T04:14:38.5992610Z ##[group]Run npm ci
verificar · typecheck · unit · build · audit	Run npm ci	2026-09-19T04:14:38.5993008Z ^[[36;1mnpm ci^[[0m
verificar · typecheck · unit · build · audit	Run npm ci	2026-09-19T04:14:38.6043258Z shell: /usr/bin/bash -e {0}
verificar · typecheck · unit · build · audit	Run npm ci	2026-09-19T04:14:38.6043592Z ##[endgroup]
verificar · typecheck · unit · build · audit	Run npm ci	2026-09-19T04:14:46.1427204Z npm warn deprecated uuid@7.0.3: uuid@10 and below is no longer supported.  For ESM codebases, update to uuid@latest.  For CommonJS codebases, use uuid@11 (but be aware this version will likely be deprecated in 2028).
verificar · typecheck · unit · build · audit	Run npm ci	2026-09-19T04:14:46.6163076Z npm warn deprecated glob@10.5.0: Old versions of glob are not supported, and contain widely publicized security vulnerabilities, which have been fixed in the current version. Please update. Support for old versions may be purchased (at exorbitant rates) by contacting i@izs.me
verificar · typecheck · unit · build · audit	Run npm ci	2026-09-19T04:14:46.6174105Z npm warn deprecated glob@10.5.0: Old versions of glob are not supported, and contain widely publicized security vulnerabilities, which have been fixed in the current version. Please update. Support for old versions may be purchased (at exorbitant rates) by contacting i@izs.me
verificar · typecheck · unit · build · audit	Run npm ci	2026-09-19T04:15:03.6423197Z 
verificar · typecheck · unit · build · audit	Run npm ci	2026-09-19T04:15:03.6424339Z added 978 packages, and audited 983 packages in 25s
verificar · typecheck · unit · build · audit	Run npm ci	2026-09-19T04:15:03.7029748Z 
verificar · typecheck · unit · build · audit	Run npm ci	2026-09-19T04:15:03.7030448Z 10 moderate severity vulnerabilities
verificar · typecheck · unit · build · audit	Run npm ci	2026-09-19T04:15:03.7030854Z 
verificar · typecheck · unit · build · audit	Run npm ci	2026-09-19T04:15:03.7031859Z To address issues that do not require attention, run:
verificar · typecheck · unit · build · audit	Run npm ci	2026-09-19T04:15:03.7032455Z   npm audit fix
verificar · typecheck · unit · build · audit	Run npm ci	2026-09-19T04:15:03.7032658Z 
verificar · typecheck · unit · build · audit	Run npm ci	2026-09-19T04:15:03.7033049Z To address all issues (including breaking changes), run:
verificar · typecheck · unit · build · audit	Run npm ci	2026-09-19T04:15:03.7033633Z   npm audit fix --force
verificar · typecheck · unit · build · audit	Run npm ci	2026-09-19T04:15:03.7033903Z 
verificar · typecheck · unit · build · audit	Run npm ci	2026-09-19T04:15:03.7034138Z Run `npm audit` for details.
verificar · typecheck · unit · build · audit	Run npx prisma generate	﻿2026-09-19T04:15:03.8462162Z ##[group]Run npx prisma generate
verificar · typecheck · unit · build · audit	Run npx prisma generate	2026-09-19T04:15:03.8462540Z ^[[36;1mnpx prisma generate^[[0m
verificar · typecheck · unit · build · audit	Run npx prisma generate	2026-09-19T04:15:03.8505310Z shell: /usr/bin/bash -e {0}
verificar · typecheck · unit · build · audit	Run npx prisma generate	2026-09-19T04:15:03.8505608Z ##[endgroup]
verificar · typecheck · unit · build · audit	Run npx prisma generate	2026-09-19T04:15:04.7970980Z warn The configuration property `package.json#prisma` is deprecated and will be removed in Prisma 7. Please migrate to a Prisma config file (e.g., `prisma.config.ts`).
verificar · typecheck · unit · build · audit	Run npx prisma generate	2026-09-19T04:15:04.7972596Z For more information, see: https://pris.ly/prisma-config
verificar · typecheck · unit · build · audit	Run npx prisma generate	2026-09-19T04:15:04.7973053Z 
verificar · typecheck · unit · build · audit	Run npx prisma generate	2026-09-19T04:15:04.9390778Z Prisma schema loaded from prisma/schema.prisma
verificar · typecheck · unit · build · audit	Run npx prisma generate	2026-09-19T04:15:05.1985063Z ┌─────────────────────────────────────────────────────────┐
verificar · typecheck · unit · build · audit	Run npx prisma generate	2026-09-19T04:15:05.1985869Z │  Update available 6.19.3 -> 8.0.0-rc.15                 │
verificar · typecheck · unit · build · audit	Run npx prisma generate	2026-09-19T04:15:05.1986373Z │                                                         │
verificar · typecheck · unit · build · audit	Run npx prisma generate	2026-09-19T04:15:05.1986846Z │  This is a major update - please follow the guide at    │
verificar · typecheck · unit · build · audit	Run npx prisma generate	2026-09-19T04:15:05.1987446Z │  https://pris.ly/d/major-version-upgrade                │
verificar · typecheck · unit · build · audit	Run npx prisma generate	2026-09-19T04:15:05.1988455Z │                                                         │
verificar · typecheck · unit · build · audit	Run npx prisma generate	2026-09-19T04:15:05.1989173Z │  Run the following to update                            │
verificar · typecheck · unit · build · audit	Run npx prisma generate	2026-09-19T04:15:05.1989970Z │    npm i --save-dev prisma@latest                       │
verificar · typecheck · unit · build · audit	Run npx prisma generate	2026-09-19T04:15:05.1990753Z │    npm i @prisma/client@latest                          │
verificar · typecheck · unit · build · audit	Run npx prisma generate	2026-09-19T04:15:05.1991570Z └─────────────────────────────────────────────────────────┘
verificar · typecheck · unit · build · audit	Run npx prisma generate	2026-09-19T04:15:05.1991986Z 
verificar · typecheck · unit · build · audit	Run npx prisma generate	2026-09-19T04:15:05.2009323Z ✔ Generated Prisma Client (v6.19.3) to ./node_modules/@prisma/client in 125ms
verificar · typecheck · unit · build · audit	Run npx prisma generate	2026-09-19T04:15:05.2027296Z 
verificar · typecheck · unit · build · audit	Run npx prisma generate	2026-09-19T04:15:05.2035020Z Start by importing your Prisma Client (See: https://pris.ly/d/importing-client)
verificar · typecheck · unit · build · audit	Run npx prisma generate	2026-09-19T04:15:05.2035626Z 
verificar · typecheck · unit · build · audit	Run npx prisma generate	2026-09-19T04:15:05.2036090Z Tip: Want to turn off tips and other hints? https://pris.ly/tip-4-nohints
verificar · typecheck · unit · build · audit	Run npx prisma generate	2026-09-19T04:15:05.2036424Z 
verificar · typecheck · unit · build · audit	Typecheck (domain, api, web, mobile)	﻿2026-09-19T04:15:05.2350775Z ##[group]Run npm run typecheck
verificar · typecheck · unit · build · audit	Typecheck (domain, api, web, mobile)	2026-09-19T04:15:05.2351090Z ^[[36;1mnpm run typecheck^[[0m
verificar · typecheck · unit · build · audit	Typecheck (domain, api, web, mobile)	2026-09-19T04:15:05.2390304Z shell: /usr/bin/bash -e {0}
verificar · typecheck · unit · build · audit	Typecheck (domain, api, web, mobile)	2026-09-19T04:15:05.2390574Z ##[endgroup]
verificar · typecheck · unit · build · audit	Typecheck (domain, api, web, mobile)	2026-09-19T04:15:05.3381644Z 
verificar · typecheck · unit · build · audit	Typecheck (domain, api, web, mobile)	2026-09-19T04:15:05.3382088Z > be@0.1.0 typecheck
verificar · typecheck · unit · build · audit	Typecheck (domain, api, web, mobile)	2026-09-19T04:15:05.3382858Z > npm run build:domain && npm run typecheck --workspaces --if-present
verificar · typecheck · unit · build · audit	Typecheck (domain, api, web, mobile)	2026-09-19T04:15:05.3383322Z 
verificar · typecheck · unit · build · audit	Typecheck (domain, api, web, mobile)	2026-09-19T04:15:05.4352190Z 
verificar · typecheck · unit · build · audit	Typecheck (domain, api, web, mobile)	2026-09-19T04:15:05.4352840Z > be@0.1.0 build:domain
verificar · typecheck · unit · build · audit	Typecheck (domain, api, web, mobile)	2026-09-19T04:15:05.4353692Z > npm run build -w @be/domain
verificar · typecheck · unit · build · audit	Typecheck (domain, api, web, mobile)	2026-09-19T04:15:05.4354046Z 
verificar · typecheck · unit · build · audit	Typecheck (domain, api, web, mobile)	2026-09-19T04:15:05.5562127Z 
verificar · typecheck · unit · build · audit	Typecheck (domain, api, web, mobile)	2026-09-19T04:15:05.5562954Z > @be/domain@0.1.0 build
verificar · typecheck · unit · build · audit	Typecheck (domain, api, web, mobile)	2026-09-19T04:15:05.5563399Z > tsc -p tsconfig.json
verificar · typecheck · unit · build · audit	Typecheck (domain, api, web, mobile)	2026-09-19T04:15:05.5563579Z 
verificar · typecheck · unit · build · audit	Typecheck (domain, api, web, mobile)	2026-09-19T04:15:07.5860269Z 
verificar · typecheck · unit · build · audit	Typecheck (domain, api, web, mobile)	2026-09-19T04:15:07.5861051Z > @be/domain@0.1.0 typecheck
verificar · typecheck · unit · build · audit	Typecheck (domain, api, web, mobile)	2026-09-19T04:15:07.5861702Z > tsc -p tsconfig.json --noEmit
verificar · typecheck · unit · build · audit	Typecheck (domain, api, web, mobile)	2026-09-19T04:15:07.5862016Z 
verificar · typecheck · unit · build · audit	Typecheck (domain, api, web, mobile)	2026-09-19T04:15:09.2698955Z 
verificar · typecheck · unit · build · audit	Typecheck (domain, api, web, mobile)	2026-09-19T04:15:09.2699694Z > @be/api@0.1.0 typecheck
verificar · typecheck · unit · build · audit	Typecheck (domain, api, web, mobile)	2026-09-19T04:15:09.2700385Z > tsc -p tsconfig.json --noEmit
verificar · typecheck · unit · build · audit	Typecheck (domain, api, web, mobile)	2026-09-19T04:15:09.2700676Z 
verificar · typecheck · unit · build · audit	Typecheck (domain, api, web, mobile)	2026-09-19T04:15:11.4350223Z 
verificar · typecheck · unit · build · audit	Typecheck (domain, api, web, mobile)	2026-09-19T04:15:11.4350796Z > @be/web@0.2.0 typecheck
verificar · typecheck · unit · build · audit	Typecheck (domain, api, web, mobile)	2026-09-19T04:15:11.4351148Z > tsc --noEmit
verificar · typecheck · unit · build · audit	Typecheck (domain, api, web, mobile)	2026-09-19T04:15:11.4351301Z 
verificar · typecheck · unit · build · audit	Typecheck (domain, api, web, mobile)	2026-09-19T04:15:13.8064939Z 
verificar · typecheck · unit · build · audit	Typecheck (domain, api, web, mobile)	2026-09-19T04:15:13.8065646Z > @be/mobile@0.2.0 typecheck
verificar · typecheck · unit · build · audit	Typecheck (domain, api, web, mobile)	2026-09-19T04:15:13.8066133Z > tsc --noEmit
verificar · typecheck · unit · build · audit	Typecheck (domain, api, web, mobile)	2026-09-19T04:15:13.8066351Z 
verificar · typecheck · unit · build · audit	OpenAPI generado desde @be/domain sin drift (09v7 T21)	﻿2026-09-19T04:15:15.3437402Z ##[group]Run node scripts/generar-openapi.cjs --verificar
verificar · typecheck · unit · build · audit	OpenAPI generado desde @be/domain sin drift (09v7 T21)	2026-09-19T04:15:15.3437874Z ^[[36;1mnode scripts/generar-openapi.cjs --verificar^[[0m
verificar · typecheck · unit · build · audit	OpenAPI generado desde @be/domain sin drift (09v7 T21)	2026-09-19T04:15:15.3478455Z shell: /usr/bin/bash -e {0}
verificar · typecheck · unit · build · audit	OpenAPI generado desde @be/domain sin drift (09v7 T21)	2026-09-19T04:15:15.3478733Z ##[endgroup]
verificar · typecheck · unit · build · audit	OpenAPI generado desde @be/domain sin drift (09v7 T21)	2026-09-19T04:15:15.4496215Z OpenAPI al día con @be/domain.
verificar · typecheck · unit · build · audit	Pruebas unitarias (domain, api)	﻿2026-09-19T04:15:15.4574499Z ##[group]Run npm test
verificar · typecheck · unit · build · audit	Pruebas unitarias (domain, api)	2026-09-19T04:15:15.4574765Z ^[[36;1mnpm test^[[0m
verificar · typecheck · unit · build · audit	Pruebas unitarias (domain, api)	2026-09-19T04:15:15.4613525Z shell: /usr/bin/bash -e {0}
verificar · typecheck · unit · build · audit	Pruebas unitarias (domain, api)	2026-09-19T04:15:15.4613801Z ##[endgroup]
verificar · typecheck · unit · build · audit	Pruebas unitarias (domain, api)	2026-09-19T04:15:15.5632671Z 
verificar · typecheck · unit · build · audit	Pruebas unitarias (domain, api)	2026-09-19T04:15:15.5633125Z > be@0.1.0 test
verificar · typecheck · unit · build · audit	Pruebas unitarias (domain, api)	2026-09-19T04:15:15.5633860Z > npm run build:domain && npm run test -w @be/domain && npm run test -w @be/api
verificar · typecheck · unit · build · audit	Pruebas unitarias (domain, api)	2026-09-19T04:15:15.5634179Z 
verificar · typecheck · unit · build · audit	Pruebas unitarias (domain, api)	2026-09-19T04:15:15.6629645Z 
verificar · typecheck · unit · build · audit	Pruebas unitarias (domain, api)	2026-09-19T04:15:15.6630363Z > be@0.1.0 build:domain
verificar · typecheck · unit · build · audit	Pruebas unitarias (domain, api)	2026-09-19T04:15:15.6630888Z > npm run build -w @be/domain
verificar · typecheck · unit · build · audit	Pruebas unitarias (domain, api)	2026-09-19T04:15:15.6631319Z 
verificar · typecheck · unit · build · audit	Pruebas unitarias (domain, api)	2026-09-19T04:15:15.7808466Z 
verificar · typecheck · unit · build · audit	Pruebas unitarias (domain, api)	2026-09-19T04:15:15.7808953Z > @be/domain@0.1.0 build
verificar · typecheck · unit · build · audit	Pruebas unitarias (domain, api)	2026-09-19T04:15:15.7809325Z > tsc -p tsconfig.json
verificar · typecheck · unit · build · audit	Pruebas unitarias (domain, api)	2026-09-19T04:15:15.7809502Z 
verificar · typecheck · unit · build · audit	Pruebas unitarias (domain, api)	2026-09-19T04:15:17.7219356Z 
verificar · typecheck · unit · build · audit	Pruebas unitarias (domain, api)	2026-09-19T04:15:17.7220006Z > @be/domain@0.1.0 test
verificar · typecheck · unit · build · audit	Pruebas unitarias (domain, api)	2026-09-19T04:15:17.7220424Z > node --test dist/**/*.test.js
verificar · typecheck · unit · build · audit	Pruebas unitarias (domain, api)	2026-09-19T04:15:17.7220619Z 
verificar · typecheck · unit · build · audit	Pruebas unitarias (domain, api)	2026-09-19T04:15:17.7749185Z TAP version 13
verificar · typecheck · unit · build · audit	Pruebas unitarias (domain, api)	2026-09-19T04:15:17.9290758Z # Subtest: cliente: el registro envía A1 y A2 con la versión vigente, superficie e Idempotency-Key; nunca A3
verificar · typecheck · unit · build · audit	Pruebas unitarias (domain, api)	2026-09-19T04:15:17.9325916Z ok 1 - cliente: el registro envía A1 y A2 con la versión vigente, superficie e Idempotency-Key; nunca A3
verificar · typecheck · unit · build · audit	Pruebas unitarias (domain, api)	2026-09-19T04:15:17.9330477Z   ---
verificar · typecheck · unit · build · audit	Pruebas unitarias (domain, api)	2026-09-19T04:15:17.9349060Z   duration_ms: 33.567392
verificar · typecheck · unit · build · audit	Pruebas unitarias (domain, api)	2026-09-19T04:15:17.9349906Z   type: 'test'
verificar · typecheck · unit · build · audit	Pruebas unitarias (domain, api)	2026-09-19T04:15:17.9350474Z   ...
verificar · typecheck · unit · build · audit	Pruebas unitarias (domain, api)	2026-09-19T04:15:17.9351673Z # Subtest: cliente: una respuesta 2xx con otra forma no se interpreta (validación de contrato)
verificar · typecheck · unit · build · audit	Pruebas unitarias (domain, api)	2026-09-19T04:15:17.9353144Z ok 2 - cliente: una respuesta 2xx con otra forma no se interpreta (validación de contrato)
verificar · typecheck · unit · build · audit	Pruebas unitarias (domain, api)	2026-09-19T04:15:17.9353967Z   ---
verificar · typecheck · unit · build · audit	Pruebas unitarias (domain, api)	2026-09-19T04:15:17.9354507Z   duration_ms: 0.980555
verificar · typecheck · unit · build · audit	Pruebas unitarias (domain, api)	2026-09-19T04:15:17.9355031Z   type: 'test'
verificar · typecheck · unit · build · audit	Pruebas unitarias (domain, api)	2026-09-19T04:15:17.9355540Z   ...
verificar · typecheck · unit · build · audit	Pruebas unitarias (domain, api)	2026-09-19T04:15:17.9356724Z # Subtest: cliente: un ErrorEnvelope se traduce a su código e issues, sin exponer el mensaje del servidor
verificar · typecheck · unit · build · audit	Pruebas unitarias (domain, api)	2026-09-19T04:15:17.9358874Z ok 3 - cliente: un ErrorEnvelope se traduce a su código e issues, sin exponer el mensaje del servidor
verificar · typecheck · unit · build · audit	Pruebas unitarias (domain, api)	2026-09-19T04:15:17.9359917Z   ---
verificar · typecheck · unit · build · audit	Pruebas unitarias (domain, api)	2026-09-19T04:15:17.9360476Z   duration_ms: 2.036703
verificar · typecheck · unit · build · audit	Pruebas unitarias (domain, api)	2026-09-19T04:15:17.9361224Z   type: 'test'
verificar · typecheck · unit · build · audit	Pruebas unitarias (domain, api)	2026-09-19T04:15:17.9361561Z   ...
verificar · typecheck · unit · build · audit	Pruebas unitarias (domain, api)	2026-09-19T04:15:17.9362511Z # Subtest: cliente: sin respuesta de red el resultado es RED (incierto), nunca éxito
verificar · typecheck · unit · build · audit	Pruebas unitarias (domain, api)	2026-09-19T04:15:17.9363683Z ok 4 - cliente: sin respuesta de red el resultado es RED (incierto), nunca éxito
verificar · typecheck · unit · build · audit	Pruebas unitarias (domain, api)	2026-09-19T04:15:17.9364347Z   ---
verificar · typecheck · unit · build · audit	Pruebas unitarias (domain, api)	2026-09-19T04:15:17.9364655Z   duration_ms: 0.35279
verificar · typecheck · unit · build · audit	Pruebas unitarias (domain, api)	2026-09-19T04:15:17.9365038Z   type: 'test'
verificar · typecheck · unit · build · audit	Pruebas unitarias (domain, api)	2026-09-19T04:15:17.9365336Z   ...
verificar · typecheck · unit · build · audit	Pruebas unitarias (domain, api)	2026-09-19T04:15:17.9366356Z # Subtest: cliente: el cierre envía la versión de consecuencias mostrada y confirmación explícita, con Bearer
verificar · typecheck · unit · build · audit	Pruebas unitarias (domain, api)	2026-09-19T04:15:17.9367427Z ok 5 - cliente: el cierre envía la versión de consecuencias mostrada y confirmación explícita, con Bearer
verificar · typecheck · unit · build · audit	Pruebas unitarias (domain, api)	2026-09-19T04:15:17.9368362Z   ---
verificar · typecheck · unit · build · audit	Pruebas unitarias (domain, api)	2026-09-19T04:15:17.9368685Z   duration_ms: 1.726457
verificar · typecheck · unit · build · audit	Pruebas unitarias (domain, api)	2026-09-19T04:15:17.9369033Z   type: 'test'
verificar · typecheck · unit · build · audit	Pruebas unitarias (domain, api)	2026-09-19T04:15:17.9369339Z   ...
verificar · typecheck · unit · build · audit	Pruebas unitarias (domain, api)	2026-09-19T04:15:17.9369998Z # Subtest: copy: sin frases prohibidas por el 10 (10-B02, 10-ADD, 10-B10)
verificar · typecheck · unit · build · audit	Pruebas unitarias (domain, api)	2026-09-19T04:15:17.9370887Z ok 6 - copy: sin frases prohibidas por el 10 (10-B02, 10-ADD, 10-B10)
verificar · typecheck · unit · build · audit	Pruebas unitarias (domain, api)	2026-09-19T04:15:17.9371451Z   ---
verificar · typecheck · unit · build · audit	Pruebas unitarias (domain, api)	2026-09-19T04:15:17.9371770Z   duration_ms: 0.227362
verificar · typecheck · unit · build · audit	Pruebas unitarias (domain, api)	2026-09-19T04:15:17.9372136Z   type: 'test'
verificar · typecheck · unit · build · audit	Pruebas unitarias (domain, api)	2026-09-19T04:15:17.9372445Z   ...
verificar · typecheck · unit · build · audit	Pruebas unitarias (domain, api)	2026-09-19T04:15:17.9479795Z # Subtest: 08 §12.2 — cada versión de texto guarda el SHA-256 real de su contenido
verificar · typecheck · unit · build · audit	Pruebas unitarias (domain, api)	2026-09-19T04:15:17.9481005Z ok 7 - 08 §12.2 — cada versión de texto guarda el SHA-256 real de su contenido
verificar · typecheck · unit · build · audit	Pruebas unitarias (domain, api)	2026-09-19T04:15:17.9481625Z   ---
verificar · typecheck · unit · build · audit	Pruebas unitarias (domain, api)	2026-09-19T04:15:17.9481955Z   duration_ms: 1.851715
verificar · typecheck · unit · build · audit	Pruebas unitarias (domain, api)	2026-09-19T04:15:17.9482334Z   type: 'test'
verificar · typecheck · unit · build · audit	Pruebas unitarias (domain, api)	2026-09-19T04:15:17.9482654Z   ...
verificar · typecheck · unit · build · audit	Pruebas unitarias (domain, api)	2026-09-19T04:15:17.9483864Z # Subtest: Catálogo de textos: ids únicos, una versión vigente por tipo y marcados como demostración (DL-028)
verificar · typecheck · unit · build · audit	Pruebas unitarias (domain, api)	2026-09-19T04:15:17.9488952Z ok 8 - Catálogo de textos: ids únicos, una versión vigente por tipo y marcados como demostración (DL-028)
verificar · typecheck · unit · build · audit	Pruebas unitarias (domain, api)	2026-09-19T04:15:17.9490484Z   ---
verificar · typecheck · unit · build · audit	Pruebas unitarias (domain, api)	2026-09-19T04:15:17.9490803Z   duration_ms: 0.45903
verificar · typecheck · unit · build · audit	Pruebas unitarias (domain, api)	2026-09-19T04:15:17.9491175Z   type: 'test'
verificar · typecheck · unit · build · audit	Pruebas unitarias (domain, api)	2026-09-19T04:15:17.9491490Z   ...
verificar · typecheck · unit · build · audit	Pruebas unitarias (domain, api)	2026-09-19T04:15:17.9492496Z # Subtest: A2 contiene los contenidos mínimos del 08 §12.1 y aclara que no es consentimiento de salud
verificar · typecheck · unit · build · audit	Pruebas unitarias (domain, api)	2026-09-19T04:15:17.9493944Z ok 9 - A2 contiene los contenidos mínimos del 08 §12.1 y aclara que no es consentimiento de salud
verificar · typecheck · unit · build · audit	Pruebas unitarias (domain, api)	2026-09-19T04:15:17.9494674Z   ---
verificar · typecheck · unit · build · audit	Pruebas unitarias (domain, api)	2026-09-19T04:15:17.9494986Z   duration_ms: 0.275374
verificar · typecheck · unit · build · audit	Pruebas unitarias (domain, api)	2026-09-19T04:15:17.9495354Z   type: 'test'
verificar · typecheck · unit · build · audit	Pruebas unitarias (domain, api)	2026-09-19T04:15:17.9495667Z   ...
verificar · typecheck · unit · build · audit	Pruebas unitarias (domain, api)	2026-09-19T04:15:17.9496510Z # Subtest: Consecuencias del cierre: copy de 10-ADD + irreversibilidad (DL-024), sin prometer borrado
verificar · typecheck · unit · build · audit	Pruebas unitarias (domain, api)	2026-09-19T04:15:17.9497776Z ok 10 - Consecuencias del cierre: copy de 10-ADD + irreversibilidad (DL-024), sin prometer borrado
verificar · typecheck · unit · build · audit	Pruebas unitarias (domain, api)	2026-09-19T04:15:17.9498721Z   ---
verificar · typecheck · unit · build · audit	Pruebas unitarias (domain, api)	2026-09-19T04:15:17.9499027Z   duration_ms: 0.29891
verificar · typecheck · unit · build · audit	Pruebas unitarias (domain, api)	2026-09-19T04:15:17.9499381Z   type: 'test'
verificar · typecheck · unit · build · audit	Pruebas unitarias (domain, api)	2026-09-19T04:15:17.9499702Z   ...
verificar · typecheck · unit · build · audit	Pruebas unitarias (domain, api)	2026-09-19T04:15:17.9500694Z # Subtest: 08 §12.4 — el registro crea A1 y A2, nunca A3; solo TERMINOS y DATOS_SALUD_BE son revocables
verificar · typecheck · unit · build · audit	Pruebas unitarias (domain, api)	2026-09-19T04:15:17.9502027Z ok 11 - 08 §12.4 — el registro crea A1 y A2, nunca A3; solo TERMINOS y DATOS_SALUD_BE son revocables
verificar · typecheck · unit · build · audit	Pruebas unitarias (domain, api)	2026-09-19T04:15:17.9502727Z   ---
verificar · typecheck · unit · build · audit	Pruebas unitarias (domain, api)	2026-09-19T04:15:17.9503035Z   duration_ms: 0.979142
verificar · typecheck · unit · build · audit	Pruebas unitarias (domain, api)	2026-09-19T04:15:17.9503427Z   type: 'test'
verificar · typecheck · unit · build · audit	Pruebas unitarias (domain, api)	2026-09-19T04:15:17.9503826Z   ...
verificar · typecheck · unit · build · audit	Pruebas unitarias (domain, api)	2026-09-19T04:15:17.9504612Z # Subtest: Sesión: estados como enum con lista blanca; TTL ≤ 24 h (08 §26.2)
verificar · typecheck · unit · build · audit	Pruebas unitarias (domain, api)	2026-09-19T04:15:17.9505649Z ok 12 - Sesión: estados como enum con lista blanca; TTL ≤ 24 h (08 §26.2)
verificar · typecheck · unit · build · audit	Pruebas unitarias (domain, api)	2026-09-19T04:15:17.9506242Z   ---
verificar · typecheck · unit · build · audit	Pruebas unitarias (domain, api)	2026-09-19T04:15:17.9506545Z   duration_ms: 0.35907
verificar · typecheck · unit · build · audit	Pruebas unitarias (domain, api)	2026-09-19T04:15:17.9506895Z   type: 'test'
verificar · typecheck · unit · build · audit	Pruebas unitarias (domain, api)	2026-09-19T04:15:17.9507207Z   ...
verificar · typecheck · unit · build · audit	Pruebas unitarias (domain, api)	2026-09-19T04:15:17.9508735Z # Subtest: Identificador local: normalización y validación sintáctica
verificar · typecheck · unit · build · audit	Pruebas unitarias (domain, api)	2026-09-19T04:15:17.9509742Z ok 13 - Identificador local: normalización y validación sintáctica
verificar · typecheck · unit · build · audit	Pruebas unitarias (domain, api)	2026-09-19T04:15:17.9510309Z   ---
verificar · typecheck · unit · build · audit	Pruebas unitarias (domain, api)	2026-09-19T04:15:17.9510642Z   duration_ms: 0.423628
verificar · typecheck · unit · build · audit	Pruebas unitarias (domain, api)	2026-09-19T04:15:17.9510995Z   type: 'test'
verificar · typecheck · unit · build · audit	Pruebas unitarias (domain, api)	2026-09-19T04:15:17.9511308Z   ...
verificar · typecheck · unit · build · audit	Pruebas unitarias (domain, api)	2026-09-19T04:15:17.9512000Z # Subtest: Credencial: mínimo 12 caracteres, máximo 72 bytes (DL-013)
verificar · typecheck · unit · build · audit	Pruebas unitarias (domain, api)	2026-09-19T04:15:17.9512968Z ok 14 - Credencial: mínimo 12 caracteres, máximo 72 bytes (DL-013)
verificar · typecheck · unit · build · audit	Pruebas unitarias (domain, api)	2026-09-19T04:15:17.9513517Z   ---
verificar · typecheck · unit · build · audit	Pruebas unitarias (domain, api)	2026-09-19T04:15:17.9539095Z   duration_ms: 0.347032
verificar · typecheck · unit · build · audit	Pruebas unitarias (domain, api)	2026-09-19T04:15:17.9539503Z   type: 'test'
verificar · typecheck · unit · build · audit	Pruebas unitarias (domain, api)	2026-09-19T04:15:17.9539833Z   ...
verificar · typecheck · unit · build · audit	Pruebas unitarias (domain, api)	2026-09-19T04:15:17.9540762Z # Subtest: Superficie: solo WEB o APK; cualquier otro valor queda no declarado (null), nunca inventado
verificar · typecheck · unit · build · audit	Pruebas unitarias (domain, api)	2026-09-19T04:15:17.9542094Z ok 15 - Superficie: solo WEB o APK; cualquier otro valor queda no declarado (null), nunca inventado
verificar · typecheck · unit · build · audit	Pruebas unitarias (domain, api)	2026-09-19T04:15:17.9542828Z   ---
verificar · typecheck · unit · build · audit	Pruebas unitarias (domain, api)	2026-09-19T04:15:17.9543156Z   duration_ms: 0.550949
verificar · typecheck · unit · build · audit	Pruebas unitarias (domain, api)	2026-09-19T04:15:17.9543518Z   type: 'test'
verificar · typecheck · unit · build · audit	Pruebas unitarias (domain, api)	2026-09-19T04:15:17.9543834Z   ...
verificar · typecheck · unit · build · audit	Pruebas unitarias (domain, api)	2026-09-19T04:15:17.9544783Z # Subtest: 09v7 T12 — contratos estrictos: un campo no declarado se rechaza (UNKNOWN_FIELD)
verificar · typecheck · unit · build · audit	Pruebas unitarias (domain, api)	2026-09-19T04:15:17.9546090Z ok 16 - 09v7 T12 — contratos estrictos: un campo no declarado se rechaza (UNKNOWN_FIELD)
verificar · typecheck · unit · build · audit	Pruebas unitarias (domain, api)	2026-09-19T04:15:17.9546769Z   ---
verificar · typecheck · unit · build · audit	Pruebas unitarias (domain, api)	2026-09-19T04:15:17.9547090Z   duration_ms: 6.294548
verificar · typecheck · unit · build · audit	Pruebas unitarias (domain, api)	2026-09-19T04:15:17.9547442Z   type: 'test'
verificar · typecheck · unit · build · audit	Pruebas unitarias (domain, api)	2026-09-19T04:15:17.9547743Z   ...
verificar · typecheck · unit · build · audit	Pruebas unitarias (domain, api)	2026-09-19T04:15:17.9548821Z # Subtest: API-CON-05 — la forma «A3 no otorgado» es currentConsent: null
verificar · typecheck · unit · build · audit	Pruebas unitarias (domain, api)	2026-09-19T04:15:17.9549849Z ok 17 - API-CON-05 — la forma «A3 no otorgado» es currentConsent: null
verificar · typecheck · unit · build · audit	Pruebas unitarias (domain, api)	2026-09-19T04:15:17.9550457Z   ---
verificar · typecheck · unit · build · audit	Pruebas unitarias (domain, api)	2026-09-19T04:15:17.9550788Z   duration_ms: 2.208151
verificar · typecheck · unit · build · audit	Pruebas unitarias (domain, api)	2026-09-19T04:15:17.9551182Z   type: 'test'
verificar · typecheck · unit · build · audit	Pruebas unitarias (domain, api)	2026-09-19T04:15:17.9551540Z   ...
verificar · typecheck · unit · build · audit	Pruebas unitarias (domain, api)	2026-09-19T04:15:17.9552345Z # Subtest: 06 §5.7.2 — conjunto cerrado de tres estados, tokens CONV-06-02
verificar · typecheck · unit · build · audit	Pruebas unitarias (domain, api)	2026-09-19T04:15:17.9553418Z ok 18 - 06 §5.7.2 — conjunto cerrado de tres estados, tokens CONV-06-02
verificar · typecheck · unit · build · audit	Pruebas unitarias (domain, api)	2026-09-19T04:15:17.9554054Z   ---
verificar · typecheck · unit · build · audit	Pruebas unitarias (domain, api)	2026-09-19T04:15:17.9554398Z   duration_ms: 1.584854
verificar · typecheck · unit · build · audit	Pruebas unitarias (domain, api)	2026-09-19T04:15:17.9554802Z   type: 'test'
verificar · typecheck · unit · build · audit	Pruebas unitarias (domain, api)	2026-09-19T04:15:17.9555791Z   ...
verificar · typecheck · unit · build · audit	Pruebas unitarias (domain, api)	2026-09-19T04:15:17.9556924Z # Subtest: 06 §5.7.2 — inicial OPERATIVA, terminal CERRADA; solo OPERATIVA permite operar (INV-06-28)
verificar · typecheck · unit · build · audit	Pruebas unitarias (domain, api)	2026-09-19T04:15:17.9558651Z ok 19 - 06 §5.7.2 — inicial OPERATIVA, terminal CERRADA; solo OPERATIVA permite operar (INV-06-28)
verificar · typecheck · unit · build · audit	Pruebas unitarias (domain, api)	2026-09-19T04:15:17.9559480Z   ---
verificar · typecheck · unit · build · audit	Pruebas unitarias (domain, api)	2026-09-19T04:15:17.9559845Z   duration_ms: 0.244197
verificar · typecheck · unit · build · audit	Pruebas unitarias (domain, api)	2026-09-19T04:15:17.9560290Z   type: 'test'
verificar · typecheck · unit · build · audit	Pruebas unitarias (domain, api)	2026-09-19T04:15:17.9560636Z   ...
verificar · typecheck · unit · build · audit	Pruebas unitarias (domain, api)	2026-09-19T04:15:17.9561158Z # Subtest: 06 §5.7.4 — lista blanca exacta
verificar · typecheck · unit · build · audit	Pruebas unitarias (domain, api)	2026-09-19T04:15:17.9561901Z ok 20 - 06 §5.7.4 — lista blanca exacta
verificar · typecheck · unit · build · audit	Pruebas unitarias (domain, api)	2026-09-19T04:15:17.9562334Z   ---
verificar · typecheck · unit · build · audit	Pruebas unitarias (domain, api)	2026-09-19T04:15:17.9562688Z   duration_ms: 0.149745
verificar · typecheck · unit · build · audit	Pruebas unitarias (domain, api)	2026-09-19T04:15:17.9563040Z   type: 'test'
verificar · typecheck · unit · build · audit	Pruebas unitarias (domain, api)	2026-09-19T04:15:17.9563377Z   ...
verificar · typecheck · unit · build · audit	Pruebas unitarias (domain, api)	2026-09-19T04:15:17.9564151Z # Subtest: 06 §5.7.4 — toda transición no declarada está prohibida (matriz 3×3)
verificar · typecheck · unit · build · audit	Pruebas unitarias (domain, api)	2026-09-19T04:15:17.9565202Z ok 21 - 06 §5.7.4 — toda transición no declarada está prohibida (matriz 3×3)
verificar · typecheck · unit · build · audit	Pruebas unitarias (domain, api)	2026-09-19T04:15:17.9565879Z   ---
verificar · typecheck · unit · build · audit	Pruebas unitarias (domain, api)	2026-09-19T04:15:17.9566203Z   duration_ms: 0.41233
verificar · typecheck · unit · build · audit	Pruebas unitarias (domain, api)	2026-09-19T04:15:17.9566625Z   type: 'test'
verificar · typecheck · unit · build · audit	Pruebas unitarias (domain, api)	2026-09-19T04:15:17.9566974Z   ...
verificar · typecheck · unit · build · audit	Pruebas unitarias (domain, api)	2026-09-19T04:15:17.9568082Z # Subtest: SuspenderCuenta OPERATIVA → SUSPENDIDA: permitida con fundamento; revoca sesiones
verificar · typecheck · unit · build · audit	Pruebas unitarias (domain, api)	2026-09-19T04:15:17.9569432Z ok 22 - SuspenderCuenta OPERATIVA → SUSPENDIDA: permitida con fundamento; revoca sesiones
verificar · typecheck · unit · build · audit	Pruebas unitarias (domain, api)	2026-09-19T04:15:17.9570156Z   ---
verificar · typecheck · unit · build · audit	Pruebas unitarias (domain, api)	2026-09-19T04:15:17.9570454Z   duration_ms: 0.34569
verificar · typecheck · unit · build · audit	Pruebas unitarias (domain, api)	2026-09-19T04:15:17.9570798Z   type: 'test'
verificar · typecheck · unit · build · audit	Pruebas unitarias (domain, api)	2026-09-19T04:15:17.9571108Z   ...
verificar · typecheck · unit · build · audit	Pruebas unitarias (domain, api)	2026-09-19T04:15:17.9571774Z # Subtest: SuspenderCuenta: la guarda rechaza un fundamento vacío
verificar · typecheck · unit · build · audit	Pruebas unitarias (domain, api)	2026-09-19T04:15:17.9572684Z ok 23 - SuspenderCuenta: la guarda rechaza un fundamento vacío
verificar · typecheck · unit · build · audit	Pruebas unitarias (domain, api)	2026-09-19T04:15:17.9573222Z   ---
verificar · typecheck · unit · build · audit	Pruebas unitarias (domain, api)	2026-09-19T04:15:17.9573522Z   duration_ms: 0.205479
verificar · typecheck · unit · build · audit	Pruebas unitarias (domain, api)	2026-09-19T04:15:17.9573872Z   type: 'test'
verificar · typecheck · unit · build · audit	Pruebas unitarias (domain, api)	2026-09-19T04:15:17.9574169Z   ...
verificar · typecheck · unit · build · audit	Pruebas unitarias (domain, api)	2026-09-19T04:15:17.9575135Z # Subtest: RestablecerCuenta SUSPENDIDA → OPERATIVA: permitida con resolución; no concede nada más
verificar · typecheck · unit · build · audit	Pruebas unitarias (domain, api)	2026-09-19T04:15:17.9576560Z ok 24 - RestablecerCuenta SUSPENDIDA → OPERATIVA: permitida con resolución; no concede nada más
verificar · typecheck · unit · build · audit	Pruebas unitarias (domain, api)	2026-09-19T04:15:17.9577320Z   ---
verificar · typecheck · unit · build · audit	Pruebas unitarias (domain, api)	2026-09-19T04:15:17.9577629Z   duration_ms: 0.323387
verificar · typecheck · unit · build · audit	Pruebas unitarias (domain, api)	2026-09-19T04:15:17.9578122Z   type: 'test'
verificar · typecheck · unit · build · audit	Pruebas unitarias (domain, api)	2026-09-19T04:15:17.9578431Z   ...
verificar · typecheck · unit · build · audit	Pruebas unitarias (domain, api)	2026-09-19T04:15:17.9579144Z # Subtest: RestablecerCuenta: la guarda rechaza una resolución vacía
verificar · typecheck · unit · build · audit	Pruebas unitarias (domain, api)	2026-09-19T04:15:17.9580109Z ok 25 - RestablecerCuenta: la guarda rechaza una resolución vacía
verificar · typecheck · unit · build · audit	Pruebas unitarias (domain, api)	2026-09-19T04:15:17.9580666Z   ---
verificar · typecheck · unit · build · audit	Pruebas unitarias (domain, api)	2026-09-19T04:15:17.9580967Z   duration_ms: 0.183296
verificar · typecheck · unit · build · audit	Pruebas unitarias (domain, api)	2026-09-19T04:15:17.9581320Z   type: 'test'
verificar · typecheck · unit · build · audit	Pruebas unitarias (domain, api)	2026-09-19T04:15:17.9581628Z   ...
verificar · typecheck · unit · build · audit	Pruebas unitarias (domain, api)	2026-09-19T04:15:17.9582602Z # Subtest: CerrarCuenta OPERATIVA → CERRADA: permitida con las cuatro guardas; efectos del §5.8 y 08
verificar · typecheck · unit · build · audit	Pruebas unitarias (domain, api)	2026-09-19T04:15:17.9584016Z ok 26 - CerrarCuenta OPERATIVA → CERRADA: permitida con las cuatro guardas; efectos del §5.8 y 08
verificar · typecheck · unit · build · audit	Pruebas unitarias (domain, api)	2026-09-19T04:15:17.9584744Z   ---
verificar · typecheck · unit · build · audit	Pruebas unitarias (domain, api)	2026-09-19T04:15:17.9585038Z   duration_ms: 0.656437
verificar · typecheck · unit · build · audit	Pruebas unitarias (domain, api)	2026-09-19T04:15:17.9585391Z   type: 'test'
verificar · typecheck · unit · build · audit	Pruebas unitarias (domain, api)	2026-09-19T04:15:17.9585745Z   ...
verificar · typecheck · unit · build · audit	Pruebas unitarias (domain, api)	2026-09-19T04:15:17.9586463Z # Subtest: CerrarCuenta: cada guarda se evalúa como condición explícita
verificar · typecheck · unit · build · audit	Pruebas unitarias (domain, api)	2026-09-19T04:15:17.9587452Z ok 27 - CerrarCuenta: cada guarda se evalúa como condición explícita
verificar · typecheck · unit · build · audit	Pruebas unitarias (domain, api)	2026-09-19T04:15:17.9588193Z   ---
verificar · typecheck · unit · build · audit	Pruebas unitarias (domain, api)	2026-09-19T04:15:17.9588529Z   duration_ms: 0.600704
verificar · typecheck · unit · build · audit	Pruebas unitarias (domain, api)	2026-09-19T04:15:17.9588882Z   type: 'test'
verificar · typecheck · unit · build · audit	Pruebas unitarias (domain, api)	2026-09-19T04:15:17.9589199Z   ...
verificar · typecheck · unit · build · audit	Pruebas unitarias (domain, api)	2026-09-19T04:15:17.9590130Z # Subtest: SUSPENDIDA → CERRADA FALLA aunque todas las guardas del cierre se cumplan (06 §5.7.4)
verificar · typecheck · unit · build · audit	Pruebas unitarias (domain, api)	2026-09-19T04:15:17.9591484Z ok 28 - SUSPENDIDA → CERRADA FALLA aunque todas las guardas del cierre se cumplan (06 §5.7.4)
verificar · typecheck · unit · build · audit	Pruebas unitarias (domain, api)	2026-09-19T04:15:17.9592197Z   ---
verificar · typecheck · unit · build · audit	Pruebas unitarias (domain, api)	2026-09-19T04:15:17.9592508Z   duration_ms: 0.268003
verificar · typecheck · unit · build · audit	Pruebas unitarias (domain, api)	2026-09-19T04:15:17.9592849Z   type: 'test'
verificar · typecheck · unit · build · audit	Pruebas unitarias (domain, api)	2026-09-19T04:15:17.9593154Z   ...
verificar · typecheck · unit · build · audit	Pruebas unitarias (domain, api)	2026-09-19T04:15:17.9594040Z # Subtest: CERRADA no tiene salida: ninguna transición se evalúa como permitida desde CERRADA
verificar · typecheck · unit · build · audit	Pruebas unitarias (domain, api)	2026-09-19T04:15:17.9595307Z ok 29 - CERRADA no tiene salida: ninguna transición se evalúa como permitida desde CERRADA
verificar · typecheck · unit · build · audit	Pruebas unitarias (domain, api)	2026-09-19T04:15:17.9596393Z   ---
verificar · typecheck · unit · build · audit	Pruebas unitarias (domain, api)	2026-09-19T04:15:17.9596703Z   duration_ms: 0.202415
verificar · typecheck · unit · build · audit	Pruebas unitarias (domain, api)	2026-09-19T04:15:17.9597052Z   type: 'test'
verificar · typecheck · unit · build · audit	Pruebas unitarias (domain, api)	2026-09-19T04:15:17.9597358Z   ...
verificar · typecheck · unit · build · audit	Pruebas unitarias (domain, api)	2026-09-19T04:15:17.9598468Z # Subtest: Transiciones con origen equivocado se rechazan (Restablecer desde OPERATIVA, Suspender desde SUSPENDIDA)
verificar · typecheck · unit · build · audit	Pruebas unitarias (domain, api)	2026-09-19T04:15:17.9599992Z ok 30 - Transiciones con origen equivocado se rechazan (Restablecer desde OPERATIVA, Suspender desde SUSPENDIDA)
verificar · typecheck · unit · build · audit	Pruebas unitarias (domain, api)	2026-09-19T04:15:17.9600819Z   ---
verificar · typecheck · unit · build · audit	Pruebas unitarias (domain, api)	2026-09-19T04:15:17.9601123Z   duration_ms: 0.137878
verificar · typecheck · unit · build · audit	Pruebas unitarias (domain, api)	2026-09-19T04:15:17.9601468Z   type: 'test'
verificar · typecheck · unit · build · audit	Pruebas unitarias (domain, api)	2026-09-19T04:15:17.9601762Z   ...
verificar · typecheck · unit · build · audit	Pruebas unitarias (domain, api)	2026-09-19T04:15:17.9602052Z 1..30
verificar · typecheck · unit · build · audit	Pruebas unitarias (domain, api)	2026-09-19T04:15:17.9602339Z # tests 30
verificar · typecheck · unit · build · audit	Pruebas unitarias (domain, api)	2026-09-19T04:15:17.9602639Z # suites 0
verificar · typecheck · unit · build · audit	Pruebas unitarias (domain, api)	2026-09-19T04:15:17.9602934Z # pass 30
verificar · typecheck · unit · build · audit	Pruebas unitarias (domain, api)	2026-09-19T04:15:17.9603237Z # fail 0
verificar · typecheck · unit · build · audit	Pruebas unitarias (domain, api)	2026-09-19T04:15:17.9603530Z # cancelled 0
verificar · typecheck · unit · build · audit	Pruebas unitarias (domain, api)	2026-09-19T04:15:17.9603842Z # skipped 0
verificar · typecheck · unit · build · audit	Pruebas unitarias (domain, api)	2026-09-19T04:15:17.9604149Z # todo 0
verificar · typecheck · unit · build · audit	Pruebas unitarias (domain, api)	2026-09-19T04:15:17.9604481Z # duration_ms 192.60218
verificar · typecheck · unit · build · audit	Pruebas unitarias (domain, api)	2026-09-19T04:15:18.0833153Z 
verificar · typecheck · unit · build · audit	Pruebas unitarias (domain, api)	2026-09-19T04:15:18.0833705Z > @be/api@0.1.0 test
verificar · typecheck · unit · build · audit	Pruebas unitarias (domain, api)	2026-09-19T04:15:18.0834220Z > jest --config jest.config.js
verificar · typecheck · unit · build · audit	Pruebas unitarias (domain, api)	2026-09-19T04:15:18.0834413Z 
verificar · typecheck · unit · build · audit	Pruebas unitarias (domain, api)	2026-09-19T04:15:23.0479347Z PASS src/config/entorno.spec.ts
verificar · typecheck · unit · build · audit	Pruebas unitarias (domain, api)	2026-09-19T04:15:23.2284813Z PASS src/plataforma/limitador.spec.ts
verificar · typecheck · unit · build · audit	Pruebas unitarias (domain, api)	2026-09-19T04:15:24.5168864Z {"nivel":"info","requestId":"6598ef69-5c8d-4b3e-b8c9-3f3a35311008","metodo":"GET","ruta":"/health/live","status":200,"duracionMs":3}
verificar · typecheck · unit · build · audit	Pruebas unitarias (domain, api)	2026-09-19T04:15:24.6198897Z {"nivel":"info","requestId":"07fd7814-ef73-4f87-9ccb-7c9ec5f9b87b","metodo":"GET","ruta":"/health","status":200,"duracionMs":1}
verificar · typecheck · unit · build · audit	Pruebas unitarias (domain, api)	2026-09-19T04:15:24.6201355Z {"nivel":"info","requestId":"20a8a126-ec79-4e03-940a-7da360642484","metodo":"GET","ruta":"/health/ready","status":200,"duracionMs":1}
verificar · typecheck · unit · build · audit	Pruebas unitarias (domain, api)	2026-09-19T04:15:24.8088480Z {"nivel":"info","requestId":"b8569cdd-0a39-457a-856d-1926a3d5958f","metodo":"GET","ruta":"/health/ready","status":503,"duracionMs":0}
verificar · typecheck · unit · build · audit	Pruebas unitarias (domain, api)	2026-09-19T04:15:24.8090227Z {"nivel":"info","requestId":"590051d3-cf93-4f10-b5d2-1e2a888d3b3d","metodo":"GET","ruta":"/health","status":503,"duracionMs":0}
verificar · typecheck · unit · build · audit	Pruebas unitarias (domain, api)	2026-09-19T04:15:24.9931232Z {"nivel":"info","requestId":"ff563ba2-06bd-42eb-a25b-7ddd9a9d9f24","metodo":"GET","ruta":"/health/ready","status":503,"duracionMs":0}
verificar · typecheck · unit · build · audit	Pruebas unitarias (domain, api)	2026-09-19T04:15:24.9932962Z {"nivel":"info","requestId":"bb98be9e-2d27-49d4-b0ac-3d3726173eba","metodo":"GET","ruta":"/health/ready","status":200,"duracionMs":0}
verificar · typecheck · unit · build · audit	Pruebas unitarias (domain, api)	2026-09-19T04:15:25.1682133Z PASS src/health/health.spec.ts (6.226 s)
verificar · typecheck · unit · build · audit	Pruebas unitarias (domain, api)	2026-09-19T04:15:25.1709388Z {"nivel":"info","requestId":"6fc41779-0886-4634-b46c-c29d838cd4d5","metodo":"GET","ruta":"SIN_RUTA","status":404,"duracionMs":1}
verificar · typecheck · unit · build · audit	Pruebas unitarias (domain, api)	2026-09-19T04:15:25.1711192Z {"nivel":"info","requestId":"72044ccb-0c8d-48d1-94ad-15dc83ab5f70","metodo":"GET","ruta":"SIN_RUTA","status":404,"duracionMs":1}
verificar · typecheck · unit · build · audit	Pruebas unitarias (domain, api)	2026-09-19T04:15:25.2349119Z 
verificar · typecheck · unit · build · audit	Pruebas unitarias (domain, api)	2026-09-19T04:15:25.2353401Z Test Suites: 3 passed, 3 total
verificar · typecheck · unit · build · audit	Pruebas unitarias (domain, api)	2026-09-19T04:15:25.2353983Z Tests:       29 passed, 29 total
verificar · typecheck · unit · build · audit	Pruebas unitarias (domain, api)	2026-09-19T04:15:25.2354428Z Snapshots:   0 total
verificar · typecheck · unit · build · audit	Pruebas unitarias (domain, api)	2026-09-19T04:15:25.2354791Z Time:        6.9 s
verificar · typecheck · unit · build · audit	Pruebas unitarias (domain, api)	2026-09-19T04:15:25.2355197Z Ran all test suites.
verificar · typecheck · unit · build · audit	Build API	﻿2026-09-19T04:15:25.2598928Z ##[group]Run npm run build:api
verificar · typecheck · unit · build · audit	Build API	2026-09-19T04:15:25.2599263Z ^[[36;1mnpm run build:api^[[0m
verificar · typecheck · unit · build · audit	Build API	2026-09-19T04:15:25.2637602Z shell: /usr/bin/bash -e {0}
verificar · typecheck · unit · build · audit	Build API	2026-09-19T04:15:25.2638045Z ##[endgroup]
verificar · typecheck · unit · build · audit	Build API	2026-09-19T04:15:25.3625879Z 
verificar · typecheck · unit · build · audit	Build API	2026-09-19T04:15:25.3626542Z > be@0.1.0 build:api
verificar · typecheck · unit · build · audit	Build API	2026-09-19T04:15:25.3627182Z > npm run build:domain && npm run build -w @be/api
verificar · typecheck · unit · build · audit	Build API	2026-09-19T04:15:25.3627525Z 
verificar · typecheck · unit · build · audit	Build API	2026-09-19T04:15:25.4595520Z 
verificar · typecheck · unit · build · audit	Build API	2026-09-19T04:15:25.4595861Z > be@0.1.0 build:domain
verificar · typecheck · unit · build · audit	Build API	2026-09-19T04:15:25.4596339Z > npm run build -w @be/domain
verificar · typecheck · unit · build · audit	Build API	2026-09-19T04:15:25.4596602Z 
verificar · typecheck · unit · build · audit	Build API	2026-09-19T04:15:25.5785971Z 
verificar · typecheck · unit · build · audit	Build API	2026-09-19T04:15:25.5786618Z > @be/domain@0.1.0 build
verificar · typecheck · unit · build · audit	Build API	2026-09-19T04:15:25.5787127Z > tsc -p tsconfig.json
verificar · typecheck · unit · build · audit	Build API	2026-09-19T04:15:25.5787302Z 
verificar · typecheck · unit · build · audit	Build API	2026-09-19T04:15:27.5088203Z 
verificar · typecheck · unit · build · audit	Build API	2026-09-19T04:15:27.5088839Z > @be/api@0.1.0 build
verificar · typecheck · unit · build · audit	Build API	2026-09-19T04:15:27.5089366Z > tsc -p tsconfig.build.json
verificar · typecheck · unit · build · audit	Build API	2026-09-19T04:15:27.5089674Z 
verificar · typecheck · unit · build · audit	Build web (export estático)	﻿2026-09-19T04:15:29.6478951Z ##[group]Run npm run build:web
verificar · typecheck · unit · build · audit	Build web (export estático)	2026-09-19T04:15:29.6479450Z ^[[36;1mnpm run build:web^[[0m
verificar · typecheck · unit · build · audit	Build web (export estático)	2026-09-19T04:15:29.6518137Z shell: /usr/bin/bash -e {0}
verificar · typecheck · unit · build · audit	Build web (export estático)	2026-09-19T04:15:29.6518504Z ##[endgroup]
verificar · typecheck · unit · build · audit	Build web (export estático)	2026-09-19T04:15:29.7518738Z 
verificar · typecheck · unit · build · audit	Build web (export estático)	2026-09-19T04:15:29.7519360Z > be@0.1.0 build:web
verificar · typecheck · unit · build · audit	Build web (export estático)	2026-09-19T04:15:29.7519936Z > npm run build:domain && npm run build -w @be/web
verificar · typecheck · unit · build · audit	Build web (export estático)	2026-09-19T04:15:29.7520186Z 
verificar · typecheck · unit · build · audit	Build web (export estático)	2026-09-19T04:15:29.8500729Z 
verificar · typecheck · unit · build · audit	Build web (export estático)	2026-09-19T04:15:29.8501378Z > be@0.1.0 build:domain
verificar · typecheck · unit · build · audit	Build web (export estático)	2026-09-19T04:15:29.8501928Z > npm run build -w @be/domain
verificar · typecheck · unit · build · audit	Build web (export estático)	2026-09-19T04:15:29.8502216Z 
verificar · typecheck · unit · build · audit	Build web (export estático)	2026-09-19T04:15:29.9668345Z 
verificar · typecheck · unit · build · audit	Build web (export estático)	2026-09-19T04:15:29.9668715Z > @be/domain@0.1.0 build
verificar · typecheck · unit · build · audit	Build web (export estático)	2026-09-19T04:15:29.9669243Z > tsc -p tsconfig.json
verificar · typecheck · unit · build · audit	Build web (export estático)	2026-09-19T04:15:29.9669493Z 
verificar · typecheck · unit · build · audit	Build web (export estático)	2026-09-19T04:15:31.9141939Z 
verificar · typecheck · unit · build · audit	Build web (export estático)	2026-09-19T04:15:31.9142550Z > @be/web@0.2.0 build
verificar · typecheck · unit · build · audit	Build web (export estático)	2026-09-19T04:15:31.9142885Z > next build
verificar · typecheck · unit · build · audit	Build web (export estático)	2026-09-19T04:15:31.9143024Z 
verificar · typecheck · unit · build · audit	Build web (export estático)	2026-09-19T04:15:32.4347485Z ⚠ No build cache found. Please configure build caching for faster rebuilds. Read more: https://nextjs.org/docs/messages/no-cache
verificar · typecheck · unit · build · audit	Build web (export estático)	2026-09-19T04:15:32.4441410Z Attention: Next.js now collects completely anonymous telemetry regarding usage.
verificar · typecheck · unit · build · audit	Build web (export estático)	2026-09-19T04:15:32.4442538Z This information is used to shape Next.js' roadmap and prioritize features.
verificar · typecheck · unit · build · audit	Build web (export estático)	2026-09-19T04:15:32.4443962Z You can learn more, including how to opt-out if you'd not like to participate in this anonymous program, by visiting the following URL:
verificar · typecheck · unit · build · audit	Build web (export estático)	2026-09-19T04:15:32.4444966Z https://nextjs.org/telemetry
verificar · typecheck · unit · build · audit	Build web (export estático)	2026-09-19T04:15:32.4445257Z 
verificar · typecheck · unit · build · audit	Build web (export estático)	2026-09-19T04:15:32.5293583Z    ▲ Next.js 15.5.25
verificar · typecheck · unit · build · audit	Build web (export estático)	2026-09-19T04:15:32.5294149Z 
verificar · typecheck · unit · build · audit	Build web (export estático)	2026-09-19T04:15:32.5913999Z    Creating an optimized production build ...
verificar · typecheck · unit · build · audit	Build web (export estático)	2026-09-19T04:15:41.2496206Z  ✓ Compiled successfully in 6.4s
verificar · typecheck · unit · build · audit	Build web (export estático)	2026-09-19T04:15:41.2538500Z    Linting and checking validity of types ...
verificar · typecheck · unit · build · audit	Build web (export estático)	2026-09-19T04:15:43.9198303Z    Collecting page data ...
verificar · typecheck · unit · build · audit	Build web (export estático)	2026-09-19T04:15:45.7463771Z    Generating static pages (0/9) ...
verificar · typecheck · unit · build · audit	Build web (export estático)	2026-09-19T04:15:46.5025193Z    Generating static pages (2/9) 
verificar · typecheck · unit · build · audit	Build web (export estático)	2026-09-19T04:15:46.5025774Z    Generating static pages (4/9) 
verificar · typecheck · unit · build · audit	Build web (export estático)	2026-09-19T04:15:46.5026140Z    Generating static pages (6/9) 
verificar · typecheck · unit · build · audit	Build web (export estático)	2026-09-19T04:15:46.5028272Z  ✓ Generating static pages (9/9)
verificar · typecheck · unit · build · audit	Build web (export estático)	2026-09-19T04:15:46.8995834Z    Finalizing page optimization ...
verificar · typecheck · unit · build · audit	Build web (export estático)	2026-09-19T04:15:46.8996476Z    Collecting build traces ...
verificar · typecheck · unit · build · audit	Build web (export estático)	2026-09-19T04:15:51.8304948Z    Exporting (0/2) ...
verificar · typecheck · unit · build · audit	Build web (export estático)	2026-09-19T04:15:52.0680632Z  ✓ Exporting (2/2)
verificar · typecheck · unit · build · audit	Build web (export estático)	2026-09-19T04:15:52.0765184Z 
verificar · typecheck · unit · build · audit	Build web (export estático)	2026-09-19T04:15:52.0797561Z Route (app)                                 Size  First Load JS
verificar · typecheck · unit · build · audit	Build web (export estático)	2026-09-19T04:15:52.0799515Z ┌ ○ /                                      409 B         215 kB
verificar · typecheck · unit · build · audit	Build web (export estático)	2026-09-19T04:15:52.0800488Z ├ ○ /_not-found                            989 B         103 kB
verificar · typecheck · unit · build · audit	Build web (export estático)	2026-09-19T04:15:52.0801293Z ├ ○ /account                             3.15 kB         218 kB
verificar · typecheck · unit · build · audit	Build web (export estático)	2026-09-19T04:15:52.0802066Z ├ ○ /legal/privacidad                      164 B         106 kB
verificar · typecheck · unit · build · audit	Build web (export estático)	2026-09-19T04:15:52.0802862Z ├ ○ /legal/terminos                        164 B         106 kB
verificar · typecheck · unit · build · audit	Build web (export estático)	2026-09-19T04:15:52.0803645Z ├ ○ /login                               1.69 kB         216 kB
verificar · typecheck · unit · build · audit	Build web (export estático)	2026-09-19T04:15:52.0804473Z └ ○ /register                            2.41 kB         217 kB
verificar · typecheck · unit · build · audit	Build web (export estático)	2026-09-19T04:15:52.0805144Z + First Load JS shared by all             102 kB
verificar · typecheck · unit · build · audit	Build web (export estático)	2026-09-19T04:15:52.0805836Z   ├ chunks/18-322c3a0465595f76.js        46.4 kB
verificar · typecheck · unit · build · audit	Build web (export estático)	2026-09-19T04:15:52.0806489Z   ├ chunks/87c73c54-0375ba195de27293.js  54.2 kB
verificar · typecheck · unit · build · audit	Build web (export estático)	2026-09-19T04:15:52.0807136Z   └ other shared chunks (total)          1.87 kB
verificar · typecheck · unit · build · audit	Build web (export estático)	2026-09-19T04:15:52.0807468Z 
verificar · typecheck · unit · build · audit	Build web (export estático)	2026-09-19T04:15:52.0807659Z 
verificar · typecheck · unit · build · audit	Build web (export estático)	2026-09-19T04:15:52.0809885Z ○  (Static)  prerendered as static content
verificar · typecheck · unit · build · audit	Build web (export estático)	2026-09-19T04:15:52.0810147Z 
verificar · typecheck · unit · build · audit	npm audit --omit=dev — falla con altos o críticos (WP-01 §2)	﻿2026-09-19T04:15:52.1481895Z ##[group]Run npm run audit:prod
verificar · typecheck · unit · build · audit	npm audit --omit=dev — falla con altos o críticos (WP-01 §2)	2026-09-19T04:15:52.1482225Z ^[[36;1mnpm run audit:prod^[[0m
verificar · typecheck · unit · build · audit	npm audit --omit=dev — falla con altos o críticos (WP-01 §2)	2026-09-19T04:15:52.1521164Z shell: /usr/bin/bash -e {0}
verificar · typecheck · unit · build · audit	npm audit --omit=dev — falla con altos o críticos (WP-01 §2)	2026-09-19T04:15:52.1521450Z ##[endgroup]
verificar · typecheck · unit · build · audit	npm audit --omit=dev — falla con altos o críticos (WP-01 §2)	2026-09-19T04:15:52.2501493Z 
verificar · typecheck · unit · build · audit	npm audit --omit=dev — falla con altos o críticos (WP-01 §2)	2026-09-19T04:15:52.2502113Z > be@0.1.0 audit:prod
verificar · typecheck · unit · build · audit	npm audit --omit=dev — falla con altos o críticos (WP-01 §2)	2026-09-19T04:15:52.2503017Z > npm audit --omit=dev --audit-level=high -w @be/api && npm audit --omit=dev --audit-level=high -w @be/web && npm audit --omit=dev --audit-level=high -w @be/mobile
verificar · typecheck · unit · build · audit	npm audit --omit=dev — falla con altos o críticos (WP-01 §2)	2026-09-19T04:15:52.2503891Z 
verificar · typecheck · unit · build · audit	npm audit --omit=dev — falla con altos o críticos (WP-01 §2)	2026-09-19T04:15:52.8696425Z found 0 vulnerabilities
verificar · typecheck · unit · build · audit	npm audit --omit=dev — falla con altos o críticos (WP-01 §2)	2026-09-19T04:15:53.4671454Z found 0 vulnerabilities
verificar · typecheck · unit · build · audit	npm audit --omit=dev — falla con altos o críticos (WP-01 §2)	2026-09-19T04:15:54.3956867Z # npm audit report
verificar · typecheck · unit · build · audit	npm audit --omit=dev — falla con altos o críticos (WP-01 §2)	2026-09-19T04:15:54.3957201Z 
verificar · typecheck · unit · build · audit	npm audit --omit=dev — falla con altos o críticos (WP-01 §2)	2026-09-19T04:15:54.3957343Z uuid  <11.1.1
verificar · typecheck · unit · build · audit	npm audit --omit=dev — falla con altos o críticos (WP-01 §2)	2026-09-19T04:15:54.3957758Z Severity: moderate
verificar · typecheck · unit · build · audit	npm audit --omit=dev — falla con altos o críticos (WP-01 §2)	2026-09-19T04:15:54.3959019Z uuid: Missing buffer bounds check in v3/v5/v6 when buf is provided - https://github.com/advisories/GHSA-w5hq-g745-h8pq
verificar · typecheck · unit · build · audit	npm audit --omit=dev — falla con altos o críticos (WP-01 §2)	2026-09-19T04:15:54.3960080Z fix available via `npm audit fix --force`
verificar · typecheck · unit · build · audit	npm audit --omit=dev — falla con altos o críticos (WP-01 §2)	2026-09-19T04:15:54.3960770Z Will install expo@46.0.21, which is a breaking change
verificar · typecheck · unit · build · audit	npm audit --omit=dev — falla con altos o críticos (WP-01 §2)	2026-09-19T04:15:54.3961403Z node_modules/uuid
verificar · typecheck · unit · build · audit	npm audit --omit=dev — falla con altos o críticos (WP-01 §2)	2026-09-19T04:15:54.3961751Z   xcode  >=0.9.2
verificar · typecheck · unit · build · audit	npm audit --omit=dev — falla con altos o críticos (WP-01 §2)	2026-09-19T04:15:54.3962166Z   Depends on vulnerable versions of uuid
verificar · typecheck · unit · build · audit	npm audit --omit=dev — falla con altos o críticos (WP-01 §2)	2026-09-19T04:15:54.3962638Z   node_modules/xcode
verificar · typecheck · unit · build · audit	npm audit --omit=dev — falla con altos o críticos (WP-01 §2)	2026-09-19T04:15:54.3963016Z     @expo/config-plugins  *
verificar · typecheck · unit · build · audit	npm audit --omit=dev — falla con altos o críticos (WP-01 §2)	2026-09-19T04:15:54.3963509Z     Depends on vulnerable versions of xcode
verificar · typecheck · unit · build · audit	npm audit --omit=dev — falla con altos o críticos (WP-01 §2)	2026-09-19T04:15:54.3964074Z     node_modules/@expo/config-plugins
verificar · typecheck · unit · build · audit	npm audit --omit=dev — falla con altos o críticos (WP-01 §2)	2026-09-19T04:15:54.3964824Z       @expo/cli  <=0.0.0-canary-20231123-1b19f96-4 || >=0.0.1-canary-20231125-d600e44
verificar · typecheck · unit · build · audit	npm audit --omit=dev — falla con altos o críticos (WP-01 §2)	2026-09-19T04:15:54.3965611Z       Depends on vulnerable versions of @expo/config
verificar · typecheck · unit · build · audit	npm audit --omit=dev — falla con altos o críticos (WP-01 §2)	2026-09-19T04:15:54.3966292Z       Depends on vulnerable versions of @expo/config-plugins
verificar · typecheck · unit · build · audit	npm audit --omit=dev — falla con altos o críticos (WP-01 §2)	2026-09-19T04:15:54.3966986Z       Depends on vulnerable versions of @expo/inline-modules
verificar · typecheck · unit · build · audit	npm audit --omit=dev — falla con altos o críticos (WP-01 §2)	2026-09-19T04:15:54.3967656Z       Depends on vulnerable versions of @expo/metro-config
verificar · typecheck · unit · build · audit	npm audit --omit=dev — falla con altos o críticos (WP-01 §2)	2026-09-19T04:15:54.3968594Z       Depends on vulnerable versions of @expo/prebuild-config
verificar · typecheck · unit · build · audit	npm audit --omit=dev — falla con altos o críticos (WP-01 §2)	2026-09-19T04:15:54.3969158Z       node_modules/@expo/cli
verificar · typecheck · unit · build · audit	npm audit --omit=dev — falla con altos o críticos (WP-01 §2)	2026-09-19T04:15:54.3969726Z         expo  40.0.0-alpha.0 - 40.0.0-beta.5 || >=41.0.0-alpha.0
verificar · typecheck · unit · build · audit	npm audit --omit=dev — falla con altos o críticos (WP-01 §2)	2026-09-19T04:15:54.3970352Z         Depends on vulnerable versions of @expo/cli
verificar · typecheck · unit · build · audit	npm audit --omit=dev — falla con altos o críticos (WP-01 §2)	2026-09-19T04:15:54.3970887Z         Depends on vulnerable versions of @expo/config
verificar · typecheck · unit · build · audit	npm audit --omit=dev — falla con altos o críticos (WP-01 §2)	2026-09-19T04:15:54.3971282Z         Depends on vulnerable versions of @expo/config-plugins
verificar · typecheck · unit · build · audit	npm audit --omit=dev — falla con altos o críticos (WP-01 §2)	2026-09-19T04:15:54.3971766Z         Depends on vulnerable versions of @expo/local-build-cache-provider
verificar · typecheck · unit · build · audit	npm audit --omit=dev — falla con altos o críticos (WP-01 §2)	2026-09-19T04:15:54.3972236Z         Depends on vulnerable versions of @expo/metro-config
verificar · typecheck · unit · build · audit	npm audit --omit=dev — falla con altos o críticos (WP-01 §2)	2026-09-19T04:15:54.3972581Z         node_modules/expo
verificar · typecheck · unit · build · audit	npm audit --omit=dev — falla con altos o críticos (WP-01 §2)	2026-09-19T04:15:54.3972956Z       @expo/config  <=0.0.1-canary-20240418-8d74597 || >=3.3.23-alpha.0
verificar · typecheck · unit · build · audit	npm audit --omit=dev — falla con altos o críticos (WP-01 §2)	2026-09-19T04:15:54.3973395Z       Depends on vulnerable versions of @expo/config-plugins
verificar · typecheck · unit · build · audit	npm audit --omit=dev — falla con altos o críticos (WP-01 §2)	2026-09-19T04:15:54.3973750Z       node_modules/@expo/config
verificar · typecheck · unit · build · audit	npm audit --omit=dev — falla con altos o críticos (WP-01 §2)	2026-09-19T04:15:54.3974073Z         @expo/local-build-cache-provider  *
verificar · typecheck · unit · build · audit	npm audit --omit=dev — falla con altos o críticos (WP-01 §2)	2026-09-19T04:15:54.3974439Z         Depends on vulnerable versions of @expo/config
verificar · typecheck · unit · build · audit	npm audit --omit=dev — falla con altos o críticos (WP-01 §2)	2026-09-19T04:15:54.3974820Z         node_modules/@expo/local-build-cache-provider
verificar · typecheck · unit · build · audit	npm audit --omit=dev — falla con altos o críticos (WP-01 §2)	2026-09-19T04:15:54.3975295Z         @expo/metro-config  <=0.0.1-canary-20240418-8d74597 || >=0.1.49-alpha.0
verificar · typecheck · unit · build · audit	npm audit --omit=dev — falla con altos o críticos (WP-01 §2)	2026-09-19T04:15:54.3975760Z         Depends on vulnerable versions of @expo/config
verificar · typecheck · unit · build · audit	npm audit --omit=dev — falla con altos o críticos (WP-01 §2)	2026-09-19T04:15:54.3976101Z         node_modules/@expo/metro-config
verificar · typecheck · unit · build · audit	npm audit --omit=dev — falla con altos o críticos (WP-01 §2)	2026-09-19T04:15:54.3976463Z       @expo/inline-modules  >=0.0.2-canary-20260409-6fc2991
verificar · typecheck · unit · build · audit	npm audit --omit=dev — falla con altos o críticos (WP-01 §2)	2026-09-19T04:15:54.3976877Z       Depends on vulnerable versions of @expo/config-plugins
verificar · typecheck · unit · build · audit	npm audit --omit=dev — falla con altos o críticos (WP-01 §2)	2026-09-19T04:15:54.3977236Z       node_modules/@expo/inline-modules
verificar · typecheck · unit · build · audit	npm audit --omit=dev — falla con altos o críticos (WP-01 §2)	2026-09-19T04:15:54.3977538Z       @expo/prebuild-config  *
verificar · typecheck · unit · build · audit	npm audit --omit=dev — falla con altos o críticos (WP-01 §2)	2026-09-19T04:15:54.3977860Z       Depends on vulnerable versions of @expo/config
verificar · typecheck · unit · build · audit	npm audit --omit=dev — falla con altos o críticos (WP-01 §2)	2026-09-19T04:15:54.3978895Z       Depends on vulnerable versions of @expo/config-plugins
verificar · typecheck · unit · build · audit	npm audit --omit=dev — falla con altos o críticos (WP-01 §2)	2026-09-19T04:15:54.3979302Z       node_modules/@expo/prebuild-config
verificar · typecheck · unit · build · audit	npm audit --omit=dev — falla con altos o críticos (WP-01 §2)	2026-09-19T04:15:54.3979494Z 
verificar · typecheck · unit · build · audit	npm audit --omit=dev — falla con altos o críticos (WP-01 §2)	2026-09-19T04:15:54.3979662Z 10 moderate severity vulnerabilities
verificar · typecheck · unit · build · audit	npm audit --omit=dev — falla con altos o críticos (WP-01 §2)	2026-09-19T04:15:54.3980255Z 
verificar · typecheck · unit · build · audit	npm audit --omit=dev — falla con altos o críticos (WP-01 §2)	2026-09-19T04:15:54.3980451Z To address issues that do not require attention, run:
verificar · typecheck · unit · build · audit	npm audit --omit=dev — falla con altos o críticos (WP-01 §2)	2026-09-19T04:15:54.3980779Z   npm audit fix
verificar · typecheck · unit · build · audit	npm audit --omit=dev — falla con altos o críticos (WP-01 §2)	2026-09-19T04:15:54.3980906Z 
verificar · typecheck · unit · build · audit	npm audit --omit=dev — falla con altos o críticos (WP-01 §2)	2026-09-19T04:15:54.3981126Z To address all issues (including breaking changes), run:
verificar · typecheck · unit · build · audit	npm audit --omit=dev — falla con altos o críticos (WP-01 §2)	2026-09-19T04:15:54.3981459Z   npm audit fix --force
verificar · typecheck · unit · build · audit	Post Run actions/setup-node@v7	﻿2026-09-19T04:15:54.4261878Z Post job cleanup.
verificar · typecheck · unit · build · audit	Post Run actions/setup-node@v7	2026-09-19T04:15:54.5408382Z Cache hit occurred on the primary key node-cache-Linux-x64-npm-035442b6e162ca43476981c9c2b12aaf09857145993c221f83d7202f95647faa, not saving cache.
verificar · typecheck · unit · build · audit	Post Run actions/checkout@v7	﻿2026-09-19T04:15:54.5571130Z Post job cleanup.
verificar · typecheck · unit · build · audit	Post Run actions/checkout@v7	2026-09-19T04:15:54.6425998Z [command]/usr/bin/git version
verificar · typecheck · unit · build · audit	Post Run actions/checkout@v7	2026-09-19T04:15:54.6480185Z git version 2.55.0
verificar · typecheck · unit · build · audit	Post Run actions/checkout@v7	2026-09-19T04:15:54.6519624Z Temporarily overriding HOME='/home/runner/work/_temp/06b0faf9-9541-4314-970d-6f21fc6ab9bc' before making global git config changes
verificar · typecheck · unit · build · audit	Post Run actions/checkout@v7	2026-09-19T04:15:54.6521531Z Adding repository directory to the temporary git global config as a safe directory
verificar · typecheck · unit · build · audit	Post Run actions/checkout@v7	2026-09-19T04:15:54.6523124Z [command]/usr/bin/git config --global --add safe.directory /home/runner/work/be/be
verificar · typecheck · unit · build · audit	Post Run actions/checkout@v7	2026-09-19T04:15:54.6559412Z Removing SSH command configuration
verificar · typecheck · unit · build · audit	Post Run actions/checkout@v7	2026-09-19T04:15:54.6566474Z [command]/usr/bin/git config --local --name-only --get-regexp core\.sshCommand
verificar · typecheck · unit · build · audit	Post Run actions/checkout@v7	2026-09-19T04:15:54.6606354Z [command]/usr/bin/git submodule foreach --recursive sh -c "git config --local --name-only --get-regexp 'core\.sshCommand' && git config --local --unset-all 'core.sshCommand' || :"
verificar · typecheck · unit · build · audit	Post Run actions/checkout@v7	2026-09-19T04:15:54.6877486Z Removing HTTP extra header
verificar · typecheck · unit · build · audit	Post Run actions/checkout@v7	2026-09-19T04:15:54.6883996Z [command]/usr/bin/git config --local --name-only --get-regexp http\.https\:\/\/github\.com\/\.extraheader
verificar · typecheck · unit · build · audit	Post Run actions/checkout@v7	2026-09-19T04:15:54.6921836Z [command]/usr/bin/git submodule foreach --recursive sh -c "git config --local --name-only --get-regexp 'http\.https\:\/\/github\.com\/\.extraheader' && git config --local --unset-all 'http.https://github.com/.extraheader' || :"
verificar · typecheck · unit · build · audit	Post Run actions/checkout@v7	2026-09-19T04:15:54.7230817Z Removing includeIf entries pointing to credentials config files
verificar · typecheck · unit · build · audit	Post Run actions/checkout@v7	2026-09-19T04:15:54.7232131Z [command]/usr/bin/git config --local --name-only --get-regexp ^includeIf\.gitdir:
verificar · typecheck · unit · build · audit	Post Run actions/checkout@v7	2026-09-19T04:15:54.7269037Z includeif.gitdir:/home/runner/work/be/be/.git.path
verificar · typecheck · unit · build · audit	Post Run actions/checkout@v7	2026-09-19T04:15:54.7278960Z includeif.gitdir:/home/runner/work/be/be/.git/worktrees/*.path
verificar · typecheck · unit · build · audit	Post Run actions/checkout@v7	2026-09-19T04:15:54.7279794Z includeif.gitdir:/github/workspace/.git.path
verificar · typecheck · unit · build · audit	Post Run actions/checkout@v7	2026-09-19T04:15:54.7280562Z includeif.gitdir:/github/workspace/.git/worktrees/*.path
verificar · typecheck · unit · build · audit	Post Run actions/checkout@v7	2026-09-19T04:15:54.7284372Z [command]/usr/bin/git config --local --get-all includeif.gitdir:/home/runner/work/be/be/.git.path
verificar · typecheck · unit · build · audit	Post Run actions/checkout@v7	2026-09-19T04:15:54.7342429Z /home/runner/work/_temp/git-credentials-2937c1f0-5307-4a82-b0a3-279f45e96bdc.config
verificar · typecheck · unit · build · audit	Post Run actions/checkout@v7	2026-09-19T04:15:54.7347252Z [command]/usr/bin/git config --local --unset includeif.gitdir:/home/runner/work/be/be/.git.path \/home\/runner\/work\/_temp\/git\-credentials\-2937c1f0\-5307\-4a82\-b0a3\-279f45e96bdc\.config
verificar · typecheck · unit · build · audit	Post Run actions/checkout@v7	2026-09-19T04:15:54.7398113Z [command]/usr/bin/git config --local --get-all includeif.gitdir:/home/runner/work/be/be/.git/worktrees/*.path
verificar · typecheck · unit · build · audit	Post Run actions/checkout@v7	2026-09-19T04:15:54.7438195Z /home/runner/work/_temp/git-credentials-2937c1f0-5307-4a82-b0a3-279f45e96bdc.config
verificar · typecheck · unit · build · audit	Post Run actions/checkout@v7	2026-09-19T04:15:54.7464185Z [command]/usr/bin/git config --local --unset includeif.gitdir:/home/runner/work/be/be/.git/worktrees/*.path \/home\/runner\/work\/_temp\/git\-credentials\-2937c1f0\-5307\-4a82\-b0a3\-279f45e96bdc\.config
verificar · typecheck · unit · build · audit	Post Run actions/checkout@v7	2026-09-19T04:15:54.7516477Z [command]/usr/bin/git config --local --get-all includeif.gitdir:/github/workspace/.git.path
verificar · typecheck · unit · build · audit	Post Run actions/checkout@v7	2026-09-19T04:15:54.7549921Z /github/runner_temp/git-credentials-2937c1f0-5307-4a82-b0a3-279f45e96bdc.config
verificar · typecheck · unit · build · audit	Post Run actions/checkout@v7	2026-09-19T04:15:54.7559485Z [command]/usr/bin/git config --local --unset includeif.gitdir:/github/workspace/.git.path \/github\/runner_temp\/git\-credentials\-2937c1f0\-5307\-4a82\-b0a3\-279f45e96bdc\.config
verificar · typecheck · unit · build · audit	Post Run actions/checkout@v7	2026-09-19T04:15:54.7602562Z [command]/usr/bin/git config --local --get-all includeif.gitdir:/github/workspace/.git/worktrees/*.path
verificar · typecheck · unit · build · audit	Post Run actions/checkout@v7	2026-09-19T04:15:54.7633409Z /github/runner_temp/git-credentials-2937c1f0-5307-4a82-b0a3-279f45e96bdc.config
verificar · typecheck · unit · build · audit	Post Run actions/checkout@v7	2026-09-19T04:15:54.7643886Z [command]/usr/bin/git config --local --unset includeif.gitdir:/github/workspace/.git/worktrees/*.path \/github\/runner_temp\/git\-credentials\-2937c1f0\-5307\-4a82\-b0a3\-279f45e96bdc\.config
verificar · typecheck · unit · build · audit	Post Run actions/checkout@v7	2026-09-19T04:15:54.7693242Z [command]/usr/bin/git submodule foreach --recursive git config --local --show-origin --name-only --get-regexp remote.origin.url
verificar · typecheck · unit · build · audit	Post Run actions/checkout@v7	2026-09-19T04:15:54.7953857Z Removing credentials config '/home/runner/work/_temp/git-credentials-2937c1f0-5307-4a82-b0a3-279f45e96bdc.config'
verificar · typecheck · unit · build · audit	Complete job	﻿2026-09-19T04:15:54.8120797Z Cleaning up orphan processes
legajo · hashes SHA-256	Set up job	﻿2026-09-19T04:14:33.0476008Z Current runner version: '2.337.0'
legajo · hashes SHA-256	Set up job	2026-09-19T04:14:33.0510315Z ##[group]Runner Image Provisioner
legajo · hashes SHA-256	Set up job	2026-09-19T04:14:33.0511353Z Hosted Compute Agent
legajo · hashes SHA-256	Set up job	2026-09-19T04:14:33.0511994Z Version: 20260828.587
legajo · hashes SHA-256	Set up job	2026-09-19T04:14:33.0513263Z Commit: abac92662cab4cc7352de4f9f9d2e2419aad9c29
legajo · hashes SHA-256	Set up job	2026-09-19T04:14:33.0514180Z Build Date: 2026-08-28T16:44:25Z
legajo · hashes SHA-256	Set up job	2026-09-19T04:14:33.0514964Z Worker ID: {df66dc1b-be63-43ef-84ff-ccc9189317e1}
legajo · hashes SHA-256	Set up job	2026-09-19T04:14:33.0515725Z Azure Region: centralus
legajo · hashes SHA-256	Set up job	2026-09-19T04:14:33.0516391Z ##[endgroup]
legajo · hashes SHA-256	Set up job	2026-09-19T04:14:33.0518573Z ##[group]Operating System
legajo · hashes SHA-256	Set up job	2026-09-19T04:14:33.0519256Z Ubuntu
legajo · hashes SHA-256	Set up job	2026-09-19T04:14:33.0519765Z 24.04.5
legajo · hashes SHA-256	Set up job	2026-09-19T04:14:33.0520373Z LTS
legajo · hashes SHA-256	Set up job	2026-09-19T04:14:33.0520929Z ##[endgroup]
legajo · hashes SHA-256	Set up job	2026-09-19T04:14:33.0521595Z ##[group]Runner Image
legajo · hashes SHA-256	Set up job	2026-09-19T04:14:33.0522202Z Image: ubuntu-24.04
legajo · hashes SHA-256	Set up job	2026-09-19T04:14:33.0523096Z Version: 20260907.300.1
legajo · hashes SHA-256	Set up job	2026-09-19T04:14:33.0524273Z Included Software: https://github.com/actions/runner-images/blob/ubuntu24/20260907.300/images/ubuntu/Ubuntu2404-Readme.md
legajo · hashes SHA-256	Set up job	2026-09-19T04:14:33.0526116Z Image Release: https://github.com/actions/runner-images/releases/tag/ubuntu24%2F20260907.300
legajo · hashes SHA-256	Set up job	2026-09-19T04:14:33.0527100Z ##[endgroup]
legajo · hashes SHA-256	Set up job	2026-09-19T04:14:33.0528643Z ##[group]GITHUB_TOKEN Permissions
legajo · hashes SHA-256	Set up job	2026-09-19T04:14:33.0530946Z Contents: read
legajo · hashes SHA-256	Set up job	2026-09-19T04:14:33.0531592Z Metadata: read
legajo · hashes SHA-256	Set up job	2026-09-19T04:14:33.0532249Z ##[endgroup]
legajo · hashes SHA-256	Set up job	2026-09-19T04:14:33.0534897Z Secret source: Actions
legajo · hashes SHA-256	Set up job	2026-09-19T04:14:33.0536036Z Cache mode: write
legajo · hashes SHA-256	Set up job	2026-09-19T04:14:33.0536952Z Prepare workflow directory
legajo · hashes SHA-256	Set up job	2026-09-19T04:14:33.0888274Z Prepare all required actions
legajo · hashes SHA-256	Set up job	2026-09-19T04:14:33.0937461Z Getting action download info
legajo · hashes SHA-256	Set up job	2026-09-19T04:14:33.3836587Z Download action repository 'actions/checkout@v7' (SHA:3d3c42e5aac5ba805825da76410c181273ba90b1)
legajo · hashes SHA-256	Set up job	2026-09-19T04:14:33.6058949Z Complete job name: legajo · hashes SHA-256
legajo · hashes SHA-256	Run actions/checkout@v7	﻿2026-09-19T04:14:33.6910268Z ##[group]Run actions/checkout@v7
legajo · hashes SHA-256	Run actions/checkout@v7	2026-09-19T04:14:33.6911167Z with:
legajo · hashes SHA-256	Run actions/checkout@v7	2026-09-19T04:14:33.6911623Z   repository: Elian-Bufi/be
legajo · hashes SHA-256	Run actions/checkout@v7	2026-09-19T04:14:33.6915838Z   token: ***
legajo · hashes SHA-256	Run actions/checkout@v7	2026-09-19T04:14:33.6916318Z   ssh-strict: true
legajo · hashes SHA-256	Run actions/checkout@v7	2026-09-19T04:14:33.6916761Z   ssh-user: git
legajo · hashes SHA-256	Run actions/checkout@v7	2026-09-19T04:14:33.6917219Z   persist-credentials: true
legajo · hashes SHA-256	Run actions/checkout@v7	2026-09-19T04:14:33.6917707Z   clean: true
legajo · hashes SHA-256	Run actions/checkout@v7	2026-09-19T04:14:33.6918159Z   sparse-checkout-cone-mode: true
legajo · hashes SHA-256	Run actions/checkout@v7	2026-09-19T04:14:33.6918683Z   fetch-depth: 1
legajo · hashes SHA-256	Run actions/checkout@v7	2026-09-19T04:14:33.6919118Z   fetch-tags: false
legajo · hashes SHA-256	Run actions/checkout@v7	2026-09-19T04:14:33.6919565Z   show-progress: true
legajo · hashes SHA-256	Run actions/checkout@v7	2026-09-19T04:14:33.6920009Z   lfs: false
legajo · hashes SHA-256	Run actions/checkout@v7	2026-09-19T04:14:33.6920513Z   submodules: false
legajo · hashes SHA-256	Run actions/checkout@v7	2026-09-19T04:14:33.6920973Z   set-safe-directory: true
legajo · hashes SHA-256	Run actions/checkout@v7	2026-09-19T04:14:33.6921472Z   allow-unsafe-pr-checkout: false
legajo · hashes SHA-256	Run actions/checkout@v7	2026-09-19T04:14:33.6922321Z ##[endgroup]
legajo · hashes SHA-256	Run actions/checkout@v7	2026-09-19T04:14:33.7901636Z Syncing repository: Elian-Bufi/be
legajo · hashes SHA-256	Run actions/checkout@v7	2026-09-19T04:14:33.7904531Z ##[group]Getting Git version info
legajo · hashes SHA-256	Run actions/checkout@v7	2026-09-19T04:14:33.7905588Z Working directory is '/home/runner/work/be/be'
legajo · hashes SHA-256	Run actions/checkout@v7	2026-09-19T04:14:33.7907226Z [command]/usr/bin/git version
legajo · hashes SHA-256	Run actions/checkout@v7	2026-09-19T04:14:33.8004937Z git version 2.55.0
legajo · hashes SHA-256	Run actions/checkout@v7	2026-09-19T04:14:33.8058658Z ##[endgroup]
legajo · hashes SHA-256	Run actions/checkout@v7	2026-09-19T04:14:33.8069403Z Temporarily overriding HOME='/home/runner/work/_temp/2d44cde4-d86b-47b4-b8a7-1a486a797747' before making global git config changes
legajo · hashes SHA-256	Run actions/checkout@v7	2026-09-19T04:14:33.8071812Z Adding repository directory to the temporary git global config as a safe directory
legajo · hashes SHA-256	Run actions/checkout@v7	2026-09-19T04:14:33.8075892Z [command]/usr/bin/git config --global --add safe.directory /home/runner/work/be/be
legajo · hashes SHA-256	Run actions/checkout@v7	2026-09-19T04:14:33.8130281Z Deleting the contents of '/home/runner/work/be/be'
legajo · hashes SHA-256	Run actions/checkout@v7	2026-09-19T04:14:33.8134292Z ##[group]Determining repository object format
legajo · hashes SHA-256	Run actions/checkout@v7	2026-09-19T04:14:33.8135714Z ##[endgroup]
legajo · hashes SHA-256	Run actions/checkout@v7	2026-09-19T04:14:33.8137075Z ##[group]Initializing the repository
legajo · hashes SHA-256	Run actions/checkout@v7	2026-09-19T04:14:33.8139745Z [command]/usr/bin/git init /home/runner/work/be/be
legajo · hashes SHA-256	Run actions/checkout@v7	2026-09-19T04:14:33.8288103Z hint: Using 'master' as the name for the initial branch. This default branch name
legajo · hashes SHA-256	Run actions/checkout@v7	2026-09-19T04:14:33.8289931Z hint: will change to "main" in Git 3.0. To configure the initial branch name
legajo · hashes SHA-256	Run actions/checkout@v7	2026-09-19T04:14:33.8291521Z hint: to use in all of your new repositories, which will suppress this warning,
legajo · hashes SHA-256	Run actions/checkout@v7	2026-09-19T04:14:33.8293321Z hint: call:
legajo · hashes SHA-256	Run actions/checkout@v7	2026-09-19T04:14:33.8294016Z hint:
legajo · hashes SHA-256	Run actions/checkout@v7	2026-09-19T04:14:33.8294838Z hint: 	git config --global init.defaultBranch <name>
legajo · hashes SHA-256	Run actions/checkout@v7	2026-09-19T04:14:33.8295819Z hint:
legajo · hashes SHA-256	Run actions/checkout@v7	2026-09-19T04:14:33.8296729Z hint: Names commonly chosen instead of 'master' are 'main', 'trunk' and
legajo · hashes SHA-256	Run actions/checkout@v7	2026-09-19T04:14:33.8298233Z hint: 'development'. The just-created branch can be renamed via this command:
legajo · hashes SHA-256	Run actions/checkout@v7	2026-09-19T04:14:33.8299502Z hint:
legajo · hashes SHA-256	Run actions/checkout@v7	2026-09-19T04:14:33.8300178Z hint: 	git branch -m <name>
legajo · hashes SHA-256	Run actions/checkout@v7	2026-09-19T04:14:33.8300926Z hint:
legajo · hashes SHA-256	Run actions/checkout@v7	2026-09-19T04:14:33.8301917Z hint: Disable this message with "git config set advice.defaultBranchName false"
legajo · hashes SHA-256	Run actions/checkout@v7	2026-09-19T04:14:33.8308737Z Initialized empty Git repository in /home/runner/work/be/be/.git/
legajo · hashes SHA-256	Run actions/checkout@v7	2026-09-19T04:14:33.8319659Z [command]/usr/bin/git remote add origin https://github.com/Elian-Bufi/be
legajo · hashes SHA-256	Run actions/checkout@v7	2026-09-19T04:14:33.8384883Z ##[endgroup]
legajo · hashes SHA-256	Run actions/checkout@v7	2026-09-19T04:14:33.8386598Z ##[group]Disabling automatic garbage collection
legajo · hashes SHA-256	Run actions/checkout@v7	2026-09-19T04:14:33.8388650Z [command]/usr/bin/git config --local gc.auto 0
legajo · hashes SHA-256	Run actions/checkout@v7	2026-09-19T04:14:33.8424155Z ##[endgroup]
legajo · hashes SHA-256	Run actions/checkout@v7	2026-09-19T04:14:33.8425782Z ##[group]Setting up auth
legajo · hashes SHA-256	Run actions/checkout@v7	2026-09-19T04:14:33.8426918Z Removing SSH command configuration
legajo · hashes SHA-256	Run actions/checkout@v7	2026-09-19T04:14:33.8438052Z [command]/usr/bin/git config --local --name-only --get-regexp core\.sshCommand
legajo · hashes SHA-256	Run actions/checkout@v7	2026-09-19T04:14:33.8475912Z [command]/usr/bin/git submodule foreach --recursive sh -c "git config --local --name-only --get-regexp 'core\.sshCommand' && git config --local --unset-all 'core.sshCommand' || :"
legajo · hashes SHA-256	Run actions/checkout@v7	2026-09-19T04:14:33.8874313Z Removing HTTP extra header
legajo · hashes SHA-256	Run actions/checkout@v7	2026-09-19T04:14:33.8880235Z [command]/usr/bin/git config --local --name-only --get-regexp http\.https\:\/\/github\.com\/\.extraheader
legajo · hashes SHA-256	Run actions/checkout@v7	2026-09-19T04:14:33.8915705Z [command]/usr/bin/git submodule foreach --recursive sh -c "git config --local --name-only --get-regexp 'http\.https\:\/\/github\.com\/\.extraheader' && git config --local --unset-all 'http.https://github.com/.extraheader' || :"
legajo · hashes SHA-256	Run actions/checkout@v7	2026-09-19T04:14:33.9133375Z Removing includeIf entries pointing to credentials config files
legajo · hashes SHA-256	Run actions/checkout@v7	2026-09-19T04:14:33.9139301Z [command]/usr/bin/git config --local --name-only --get-regexp ^includeIf\.gitdir:
legajo · hashes SHA-256	Run actions/checkout@v7	2026-09-19T04:14:33.9175196Z [command]/usr/bin/git submodule foreach --recursive git config --local --show-origin --name-only --get-regexp remote.origin.url
legajo · hashes SHA-256	Run actions/checkout@v7	2026-09-19T04:14:33.9399880Z [command]/usr/bin/git config --file /home/runner/work/_temp/git-credentials-37313a36-599f-42c9-ab61-5de53b9f200d.config http.https://github.com/.extraheader AUTHORIZATION: basic ***
legajo · hashes SHA-256	Run actions/checkout@v7	2026-09-19T04:14:33.9438992Z [command]/usr/bin/git config --local includeIf.gitdir:/home/runner/work/be/be/.git.path /home/runner/work/_temp/git-credentials-37313a36-599f-42c9-ab61-5de53b9f200d.config
legajo · hashes SHA-256	Run actions/checkout@v7	2026-09-19T04:14:33.9471675Z [command]/usr/bin/git config --local includeIf.gitdir:/home/runner/work/be/be/.git/worktrees/*.path /home/runner/work/_temp/git-credentials-37313a36-599f-42c9-ab61-5de53b9f200d.config
legajo · hashes SHA-256	Run actions/checkout@v7	2026-09-19T04:14:33.9510333Z [command]/usr/bin/git config --local includeIf.gitdir:/github/workspace/.git.path /github/runner_temp/git-credentials-37313a36-599f-42c9-ab61-5de53b9f200d.config
legajo · hashes SHA-256	Run actions/checkout@v7	2026-09-19T04:14:33.9545607Z [command]/usr/bin/git config --local includeIf.gitdir:/github/workspace/.git/worktrees/*.path /github/runner_temp/git-credentials-37313a36-599f-42c9-ab61-5de53b9f200d.config
legajo · hashes SHA-256	Run actions/checkout@v7	2026-09-19T04:14:33.9576297Z ##[endgroup]
legajo · hashes SHA-256	Run actions/checkout@v7	2026-09-19T04:14:33.9577061Z ##[group]Fetching the repository
legajo · hashes SHA-256	Run actions/checkout@v7	2026-09-19T04:14:33.9583248Z [command]/usr/bin/git -c protocol.version=2 fetch --no-tags --prune --no-recurse-submodules --depth=1 origin +9b1aeb1fd7774bf96a0bb6dc313b10141ee9256c:refs/remotes/origin/main
legajo · hashes SHA-256	Run actions/checkout@v7	2026-09-19T04:14:34.8789774Z From https://github.com/Elian-Bufi/be
legajo · hashes SHA-256	Run actions/checkout@v7	2026-09-19T04:14:34.8791193Z  * [new ref]         9b1aeb1fd7774bf96a0bb6dc313b10141ee9256c -> origin/main
legajo · hashes SHA-256	Run actions/checkout@v7	2026-09-19T04:14:34.8808127Z [command]/usr/bin/git branch --list --remote origin/main
legajo · hashes SHA-256	Run actions/checkout@v7	2026-09-19T04:14:34.8833963Z   origin/main
legajo · hashes SHA-256	Run actions/checkout@v7	2026-09-19T04:14:34.8845999Z [command]/usr/bin/git rev-parse refs/remotes/origin/main
legajo · hashes SHA-256	Run actions/checkout@v7	2026-09-19T04:14:34.8876711Z 9b1aeb1fd7774bf96a0bb6dc313b10141ee9256c
legajo · hashes SHA-256	Run actions/checkout@v7	2026-09-19T04:14:34.8888309Z ##[endgroup]
legajo · hashes SHA-256	Run actions/checkout@v7	2026-09-19T04:14:34.8889676Z ##[group]Determining the checkout info
legajo · hashes SHA-256	Run actions/checkout@v7	2026-09-19T04:14:34.8891114Z ##[endgroup]
legajo · hashes SHA-256	Run actions/checkout@v7	2026-09-19T04:14:34.8893860Z [command]/usr/bin/git sparse-checkout disable
legajo · hashes SHA-256	Run actions/checkout@v7	2026-09-19T04:14:34.8951779Z [command]/usr/bin/git config --local --unset-all extensions.worktreeConfig
legajo · hashes SHA-256	Run actions/checkout@v7	2026-09-19T04:14:34.8987845Z ##[group]Checking out the ref
legajo · hashes SHA-256	Run actions/checkout@v7	2026-09-19T04:14:34.8992920Z [command]/usr/bin/git checkout --progress --force -B main refs/remotes/origin/main
legajo · hashes SHA-256	Run actions/checkout@v7	2026-09-19T04:14:34.9806504Z Switched to a new branch 'main'
legajo · hashes SHA-256	Run actions/checkout@v7	2026-09-19T04:14:34.9810647Z branch 'main' set up to track 'origin/main'.
legajo · hashes SHA-256	Run actions/checkout@v7	2026-09-19T04:14:34.9821078Z ##[endgroup]
legajo · hashes SHA-256	Run actions/checkout@v7	2026-09-19T04:14:34.9872250Z [command]/usr/bin/git log -1 --format=%H
legajo · hashes SHA-256	Run actions/checkout@v7	2026-09-19T04:14:34.9902242Z 9b1aeb1fd7774bf96a0bb6dc313b10141ee9256c
legajo · hashes SHA-256	Verificar docs/MANIFEST.sha256 (salvo lo no publicado por Dirección)	﻿2026-09-19T04:14:35.0140378Z ##[group]Run bash scripts/verificar-legajo.sh
legajo · hashes SHA-256	Verificar docs/MANIFEST.sha256 (salvo lo no publicado por Dirección)	2026-09-19T04:14:35.0141852Z ^[[36;1mbash scripts/verificar-legajo.sh^[[0m
legajo · hashes SHA-256	Verificar docs/MANIFEST.sha256 (salvo lo no publicado por Dirección)	2026-09-19T04:14:35.0183588Z shell: /usr/bin/bash -e {0}
legajo · hashes SHA-256	Verificar docs/MANIFEST.sha256 (salvo lo no publicado por Dirección)	2026-09-19T04:14:35.0184352Z ##[endgroup]
legajo · hashes SHA-256	Verificar docs/MANIFEST.sha256 (salvo lo no publicado por Dirección)	2026-09-19T04:14:35.0533431Z legajo íntegro - 207 de 208 entradas verificadas byte a byte; 1 no publicada(s) por decisión de Dirección
legajo · hashes SHA-256	Post Run actions/checkout@v7	﻿2026-09-19T04:14:35.0808005Z Post job cleanup.
legajo · hashes SHA-256	Post Run actions/checkout@v7	2026-09-19T04:14:35.1687838Z [command]/usr/bin/git version
legajo · hashes SHA-256	Post Run actions/checkout@v7	2026-09-19T04:14:35.1739737Z git version 2.55.0
legajo · hashes SHA-256	Post Run actions/checkout@v7	2026-09-19T04:14:35.1781038Z Temporarily overriding HOME='/home/runner/work/_temp/7f22efaf-15e5-44f9-87df-4e5e55b1301a' before making global git config changes
legajo · hashes SHA-256	Post Run actions/checkout@v7	2026-09-19T04:14:35.1785696Z Adding repository directory to the temporary git global config as a safe directory
legajo · hashes SHA-256	Post Run actions/checkout@v7	2026-09-19T04:14:35.1789105Z [command]/usr/bin/git config --global --add safe.directory /home/runner/work/be/be
legajo · hashes SHA-256	Post Run actions/checkout@v7	2026-09-19T04:14:35.1822107Z Removing SSH command configuration
legajo · hashes SHA-256	Post Run actions/checkout@v7	2026-09-19T04:14:35.1828470Z [command]/usr/bin/git config --local --name-only --get-regexp core\.sshCommand
legajo · hashes SHA-256	Post Run actions/checkout@v7	2026-09-19T04:14:35.1867495Z [command]/usr/bin/git submodule foreach --recursive sh -c "git config --local --name-only --get-regexp 'core\.sshCommand' && git config --local --unset-all 'core.sshCommand' || :"
legajo · hashes SHA-256	Post Run actions/checkout@v7	2026-09-19T04:14:35.2105923Z Removing HTTP extra header
legajo · hashes SHA-256	Post Run actions/checkout@v7	2026-09-19T04:14:35.2112701Z [command]/usr/bin/git config --local --name-only --get-regexp http\.https\:\/\/github\.com\/\.extraheader
legajo · hashes SHA-256	Post Run actions/checkout@v7	2026-09-19T04:14:35.2151244Z [command]/usr/bin/git submodule foreach --recursive sh -c "git config --local --name-only --get-regexp 'http\.https\:\/\/github\.com\/\.extraheader' && git config --local --unset-all 'http.https://github.com/.extraheader' || :"
legajo · hashes SHA-256	Post Run actions/checkout@v7	2026-09-19T04:14:35.2410489Z Removing includeIf entries pointing to credentials config files
legajo · hashes SHA-256	Post Run actions/checkout@v7	2026-09-19T04:14:35.2418834Z [command]/usr/bin/git config --local --name-only --get-regexp ^includeIf\.gitdir:
legajo · hashes SHA-256	Post Run actions/checkout@v7	2026-09-19T04:14:35.2454687Z includeif.gitdir:/home/runner/work/be/be/.git.path
legajo · hashes SHA-256	Post Run actions/checkout@v7	2026-09-19T04:14:35.2456568Z includeif.gitdir:/home/runner/work/be/be/.git/worktrees/*.path
legajo · hashes SHA-256	Post Run actions/checkout@v7	2026-09-19T04:14:35.2458296Z includeif.gitdir:/github/workspace/.git.path
legajo · hashes SHA-256	Post Run actions/checkout@v7	2026-09-19T04:14:35.2459873Z includeif.gitdir:/github/workspace/.git/worktrees/*.path
legajo · hashes SHA-256	Post Run actions/checkout@v7	2026-09-19T04:14:35.2473469Z [command]/usr/bin/git config --local --get-all includeif.gitdir:/home/runner/work/be/be/.git.path
legajo · hashes SHA-256	Post Run actions/checkout@v7	2026-09-19T04:14:35.2503173Z /home/runner/work/_temp/git-credentials-37313a36-599f-42c9-ab61-5de53b9f200d.config
legajo · hashes SHA-256	Post Run actions/checkout@v7	2026-09-19T04:14:35.2524095Z [command]/usr/bin/git config --local --unset includeif.gitdir:/home/runner/work/be/be/.git.path \/home\/runner\/work\/_temp\/git\-credentials\-37313a36\-599f\-42c9\-ab61\-5de53b9f200d\.config
legajo · hashes SHA-256	Post Run actions/checkout@v7	2026-09-19T04:14:35.2556526Z [command]/usr/bin/git config --local --get-all includeif.gitdir:/home/runner/work/be/be/.git/worktrees/*.path
legajo · hashes SHA-256	Post Run actions/checkout@v7	2026-09-19T04:14:35.2584047Z /home/runner/work/_temp/git-credentials-37313a36-599f-42c9-ab61-5de53b9f200d.config
legajo · hashes SHA-256	Post Run actions/checkout@v7	2026-09-19T04:14:35.2595495Z [command]/usr/bin/git config --local --unset includeif.gitdir:/home/runner/work/be/be/.git/worktrees/*.path \/home\/runner\/work\/_temp\/git\-credentials\-37313a36\-599f\-42c9\-ab61\-5de53b9f200d\.config
legajo · hashes SHA-256	Post Run actions/checkout@v7	2026-09-19T04:14:35.2640875Z [command]/usr/bin/git config --local --get-all includeif.gitdir:/github/workspace/.git.path
legajo · hashes SHA-256	Post Run actions/checkout@v7	2026-09-19T04:14:35.2668053Z /github/runner_temp/git-credentials-37313a36-599f-42c9-ab61-5de53b9f200d.config
legajo · hashes SHA-256	Post Run actions/checkout@v7	2026-09-19T04:14:35.2687359Z [command]/usr/bin/git config --local --unset includeif.gitdir:/github/workspace/.git.path \/github\/runner_temp\/git\-credentials\-37313a36\-599f\-42c9\-ab61\-5de53b9f200d\.config
legajo · hashes SHA-256	Post Run actions/checkout@v7	2026-09-19T04:14:35.2714456Z [command]/usr/bin/git config --local --get-all includeif.gitdir:/github/workspace/.git/worktrees/*.path
legajo · hashes SHA-256	Post Run actions/checkout@v7	2026-09-19T04:14:35.2742810Z /github/runner_temp/git-credentials-37313a36-599f-42c9-ab61-5de53b9f200d.config
legajo · hashes SHA-256	Post Run actions/checkout@v7	2026-09-19T04:14:35.2750219Z [command]/usr/bin/git config --local --unset includeif.gitdir:/github/workspace/.git/worktrees/*.path \/github\/runner_temp\/git\-credentials\-37313a36\-599f\-42c9\-ab61\-5de53b9f200d\.config
legajo · hashes SHA-256	Post Run actions/checkout@v7	2026-09-19T04:14:35.2787306Z [command]/usr/bin/git submodule foreach --recursive git config --local --show-origin --name-only --get-regexp remote.origin.url
legajo · hashes SHA-256	Post Run actions/checkout@v7	2026-09-19T04:14:35.3010800Z Removing credentials config '/home/runner/work/_temp/git-credentials-37313a36-599f-42c9-ab61-5de53b9f200d.config'
legajo · hashes SHA-256	Complete job	﻿2026-09-19T04:14:35.3225045Z Cleaning up orphan processes
