legajo · hashes SHA-256	Set up job	﻿2026-09-18T16:34:36.9838803Z Current runner version: '2.337.0'
legajo · hashes SHA-256	Set up job	2026-09-18T16:34:36.9855306Z ##[group]Runner Image Provisioner
legajo · hashes SHA-256	Set up job	2026-09-18T16:34:36.9855818Z Hosted Compute Agent
legajo · hashes SHA-256	Set up job	2026-09-18T16:34:36.9856455Z Version: 20260828.587
legajo · hashes SHA-256	Set up job	2026-09-18T16:34:36.9856832Z Commit: abac92662cab4cc7352de4f9f9d2e2419aad9c29
legajo · hashes SHA-256	Set up job	2026-09-18T16:34:36.9857247Z Build Date: 2026-08-28T16:44:25Z
legajo · hashes SHA-256	Set up job	2026-09-18T16:34:36.9857702Z Worker ID: {79a6a05f-5d52-43fd-ad5d-79231c4cbe44}
legajo · hashes SHA-256	Set up job	2026-09-18T16:34:36.9858102Z Azure Region: westus3
legajo · hashes SHA-256	Set up job	2026-09-18T16:34:36.9858422Z ##[endgroup]
legajo · hashes SHA-256	Set up job	2026-09-18T16:34:36.9859291Z ##[group]Operating System
legajo · hashes SHA-256	Set up job	2026-09-18T16:34:36.9859635Z Ubuntu
legajo · hashes SHA-256	Set up job	2026-09-18T16:34:36.9860030Z 24.04.5
legajo · hashes SHA-256	Set up job	2026-09-18T16:34:36.9860327Z LTS
legajo · hashes SHA-256	Set up job	2026-09-18T16:34:36.9860612Z ##[endgroup]
legajo · hashes SHA-256	Set up job	2026-09-18T16:34:36.9860972Z ##[group]Runner Image
legajo · hashes SHA-256	Set up job	2026-09-18T16:34:36.9861314Z Image: ubuntu-24.04
legajo · hashes SHA-256	Set up job	2026-09-18T16:34:36.9861688Z Version: 20260907.300.1
legajo · hashes SHA-256	Set up job	2026-09-18T16:34:36.9862326Z Included Software: https://github.com/actions/runner-images/blob/ubuntu24/20260907.300/images/ubuntu/Ubuntu2404-Readme.md
legajo · hashes SHA-256	Set up job	2026-09-18T16:34:36.9863327Z Image Release: https://github.com/actions/runner-images/releases/tag/ubuntu24%2F20260907.300
legajo · hashes SHA-256	Set up job	2026-09-18T16:34:36.9863889Z ##[endgroup]
legajo · hashes SHA-256	Set up job	2026-09-18T16:34:36.9864547Z ##[group]GITHUB_TOKEN Permissions
legajo · hashes SHA-256	Set up job	2026-09-18T16:34:36.9865778Z Contents: read
legajo · hashes SHA-256	Set up job	2026-09-18T16:34:36.9866571Z Metadata: read
legajo · hashes SHA-256	Set up job	2026-09-18T16:34:36.9866907Z ##[endgroup]
legajo · hashes SHA-256	Set up job	2026-09-18T16:34:36.9868175Z Secret source: Actions
legajo · hashes SHA-256	Set up job	2026-09-18T16:34:36.9868749Z Cache mode: write
legajo · hashes SHA-256	Set up job	2026-09-18T16:34:36.9869174Z Prepare workflow directory
legajo · hashes SHA-256	Set up job	2026-09-18T16:34:37.0058043Z Prepare all required actions
legajo · hashes SHA-256	Set up job	2026-09-18T16:34:37.0088768Z Getting action download info
legajo · hashes SHA-256	Set up job	2026-09-18T16:34:37.3546587Z Download action repository 'actions/checkout@v7' (SHA:3d3c42e5aac5ba805825da76410c181273ba90b1)
legajo · hashes SHA-256	Set up job	2026-09-18T16:34:37.5120522Z Complete job name: legajo · hashes SHA-256
legajo · hashes SHA-256	Run actions/checkout@v7	﻿2026-09-18T16:34:37.5628417Z ##[group]Run actions/checkout@v7
legajo · hashes SHA-256	Run actions/checkout@v7	2026-09-18T16:34:37.5628858Z with:
legajo · hashes SHA-256	Run actions/checkout@v7	2026-09-18T16:34:37.5629103Z   repository: Elian-Bufi/be
legajo · hashes SHA-256	Run actions/checkout@v7	2026-09-18T16:34:37.5631132Z   token: ***
legajo · hashes SHA-256	Run actions/checkout@v7	2026-09-18T16:34:37.5631388Z   ssh-strict: true
legajo · hashes SHA-256	Run actions/checkout@v7	2026-09-18T16:34:37.5631630Z   ssh-user: git
legajo · hashes SHA-256	Run actions/checkout@v7	2026-09-18T16:34:37.5631879Z   persist-credentials: true
legajo · hashes SHA-256	Run actions/checkout@v7	2026-09-18T16:34:37.5632147Z   clean: true
legajo · hashes SHA-256	Run actions/checkout@v7	2026-09-18T16:34:37.5632393Z   sparse-checkout-cone-mode: true
legajo · hashes SHA-256	Run actions/checkout@v7	2026-09-18T16:34:37.5632681Z   fetch-depth: 1
legajo · hashes SHA-256	Run actions/checkout@v7	2026-09-18T16:34:37.5632924Z   fetch-tags: false
legajo · hashes SHA-256	Run actions/checkout@v7	2026-09-18T16:34:37.5633169Z   show-progress: true
legajo · hashes SHA-256	Run actions/checkout@v7	2026-09-18T16:34:37.5633415Z   lfs: false
legajo · hashes SHA-256	Run actions/checkout@v7	2026-09-18T16:34:37.5633645Z   submodules: false
legajo · hashes SHA-256	Run actions/checkout@v7	2026-09-18T16:34:37.5633896Z   set-safe-directory: true
legajo · hashes SHA-256	Run actions/checkout@v7	2026-09-18T16:34:37.5634173Z   allow-unsafe-pr-checkout: false
legajo · hashes SHA-256	Run actions/checkout@v7	2026-09-18T16:34:37.5634522Z ##[endgroup]
legajo · hashes SHA-256	Run actions/checkout@v7	2026-09-18T16:34:37.6371261Z Syncing repository: Elian-Bufi/be
legajo · hashes SHA-256	Run actions/checkout@v7	2026-09-18T16:34:37.6373177Z ##[group]Getting Git version info
legajo · hashes SHA-256	Run actions/checkout@v7	2026-09-18T16:34:37.6375714Z Working directory is '/home/runner/work/be/be'
legajo · hashes SHA-256	Run actions/checkout@v7	2026-09-18T16:34:37.6445575Z [command]/usr/bin/git version
legajo · hashes SHA-256	Run actions/checkout@v7	2026-09-18T16:34:37.6546778Z git version 2.55.0
legajo · hashes SHA-256	Run actions/checkout@v7	2026-09-18T16:34:37.6558989Z ##[endgroup]
legajo · hashes SHA-256	Run actions/checkout@v7	2026-09-18T16:34:37.6592317Z Temporarily overriding HOME='/home/runner/work/_temp/bd9fbc26-901a-49a5-9620-65b2fc0cef61' before making global git config changes
legajo · hashes SHA-256	Run actions/checkout@v7	2026-09-18T16:34:37.6593746Z Adding repository directory to the temporary git global config as a safe directory
legajo · hashes SHA-256	Run actions/checkout@v7	2026-09-18T16:34:37.6595436Z [command]/usr/bin/git config --global --add safe.directory /home/runner/work/be/be
legajo · hashes SHA-256	Run actions/checkout@v7	2026-09-18T16:34:37.6644913Z Deleting the contents of '/home/runner/work/be/be'
legajo · hashes SHA-256	Run actions/checkout@v7	2026-09-18T16:34:37.6646539Z ##[group]Determining repository object format
legajo · hashes SHA-256	Run actions/checkout@v7	2026-09-18T16:34:37.6647500Z ##[endgroup]
legajo · hashes SHA-256	Run actions/checkout@v7	2026-09-18T16:34:37.6649352Z ##[group]Initializing the repository
legajo · hashes SHA-256	Run actions/checkout@v7	2026-09-18T16:34:37.6650022Z [command]/usr/bin/git init /home/runner/work/be/be
legajo · hashes SHA-256	Run actions/checkout@v7	2026-09-18T16:34:37.6760052Z hint: Using 'master' as the name for the initial branch. This default branch name
legajo · hashes SHA-256	Run actions/checkout@v7	2026-09-18T16:34:37.6761284Z hint: will change to "main" in Git 3.0. To configure the initial branch name
legajo · hashes SHA-256	Run actions/checkout@v7	2026-09-18T16:34:37.6797290Z hint: to use in all of your new repositories, which will suppress this warning,
legajo · hashes SHA-256	Run actions/checkout@v7	2026-09-18T16:34:37.6798637Z hint: call:
legajo · hashes SHA-256	Run actions/checkout@v7	2026-09-18T16:34:37.6799406Z hint:
legajo · hashes SHA-256	Run actions/checkout@v7	2026-09-18T16:34:37.6800031Z hint: 	git config --global init.defaultBranch <name>
legajo · hashes SHA-256	Run actions/checkout@v7	2026-09-18T16:34:37.6800884Z hint:
legajo · hashes SHA-256	Run actions/checkout@v7	2026-09-18T16:34:37.6801636Z hint: Names commonly chosen instead of 'master' are 'main', 'trunk' and
legajo · hashes SHA-256	Run actions/checkout@v7	2026-09-18T16:34:37.6802790Z hint: 'development'. The just-created branch can be renamed via this command:
legajo · hashes SHA-256	Run actions/checkout@v7	2026-09-18T16:34:37.6804896Z hint:
legajo · hashes SHA-256	Run actions/checkout@v7	2026-09-18T16:34:37.6805243Z hint: 	git branch -m <name>
legajo · hashes SHA-256	Run actions/checkout@v7	2026-09-18T16:34:37.6805635Z hint:
legajo · hashes SHA-256	Run actions/checkout@v7	2026-09-18T16:34:37.6806376Z hint: Disable this message with "git config set advice.defaultBranchName false"
legajo · hashes SHA-256	Run actions/checkout@v7	2026-09-18T16:34:37.6807179Z Initialized empty Git repository in /home/runner/work/be/be/.git/
legajo · hashes SHA-256	Run actions/checkout@v7	2026-09-18T16:34:37.6808513Z [command]/usr/bin/git remote add origin https://github.com/Elian-Bufi/be
legajo · hashes SHA-256	Run actions/checkout@v7	2026-09-18T16:34:37.6832410Z ##[endgroup]
legajo · hashes SHA-256	Run actions/checkout@v7	2026-09-18T16:34:37.6833036Z ##[group]Disabling automatic garbage collection
legajo · hashes SHA-256	Run actions/checkout@v7	2026-09-18T16:34:37.6834704Z [command]/usr/bin/git config --local gc.auto 0
legajo · hashes SHA-256	Run actions/checkout@v7	2026-09-18T16:34:37.6921471Z ##[endgroup]
legajo · hashes SHA-256	Run actions/checkout@v7	2026-09-18T16:34:37.6923229Z ##[group]Setting up auth
legajo · hashes SHA-256	Run actions/checkout@v7	2026-09-18T16:34:37.6923829Z Removing SSH command configuration
legajo · hashes SHA-256	Run actions/checkout@v7	2026-09-18T16:34:37.6924921Z [command]/usr/bin/git config --local --name-only --get-regexp core\.sshCommand
legajo · hashes SHA-256	Run actions/checkout@v7	2026-09-18T16:34:37.6964877Z [command]/usr/bin/git submodule foreach --recursive sh -c "git config --local --name-only --get-regexp 'core\.sshCommand' && git config --local --unset-all 'core.sshCommand' || :"
legajo · hashes SHA-256	Run actions/checkout@v7	2026-09-18T16:34:37.7274086Z Removing HTTP extra header
legajo · hashes SHA-256	Run actions/checkout@v7	2026-09-18T16:34:37.7275045Z [command]/usr/bin/git config --local --name-only --get-regexp http\.https\:\/\/github\.com\/\.extraheader
legajo · hashes SHA-256	Run actions/checkout@v7	2026-09-18T16:34:37.7311591Z [command]/usr/bin/git submodule foreach --recursive sh -c "git config --local --name-only --get-regexp 'http\.https\:\/\/github\.com\/\.extraheader' && git config --local --unset-all 'http.https://github.com/.extraheader' || :"
legajo · hashes SHA-256	Run actions/checkout@v7	2026-09-18T16:34:37.7476451Z Removing includeIf entries pointing to credentials config files
legajo · hashes SHA-256	Run actions/checkout@v7	2026-09-18T16:34:37.7477298Z [command]/usr/bin/git config --local --name-only --get-regexp ^includeIf\.gitdir:
legajo · hashes SHA-256	Run actions/checkout@v7	2026-09-18T16:34:37.7508620Z [command]/usr/bin/git submodule foreach --recursive git config --local --show-origin --name-only --get-regexp remote.origin.url
legajo · hashes SHA-256	Run actions/checkout@v7	2026-09-18T16:34:37.7680159Z [command]/usr/bin/git config --file /home/runner/work/_temp/git-credentials-4d756ae0-4910-40eb-8cf0-4c38a7f99489.config http.https://github.com/.extraheader AUTHORIZATION: basic ***
legajo · hashes SHA-256	Run actions/checkout@v7	2026-09-18T16:34:37.7711156Z [command]/usr/bin/git config --local includeIf.gitdir:/home/runner/work/be/be/.git.path /home/runner/work/_temp/git-credentials-4d756ae0-4910-40eb-8cf0-4c38a7f99489.config
legajo · hashes SHA-256	Run actions/checkout@v7	2026-09-18T16:34:37.7738764Z [command]/usr/bin/git config --local includeIf.gitdir:/home/runner/work/be/be/.git/worktrees/*.path /home/runner/work/_temp/git-credentials-4d756ae0-4910-40eb-8cf0-4c38a7f99489.config
legajo · hashes SHA-256	Run actions/checkout@v7	2026-09-18T16:34:37.7770987Z [command]/usr/bin/git config --local includeIf.gitdir:/github/workspace/.git.path /github/runner_temp/git-credentials-4d756ae0-4910-40eb-8cf0-4c38a7f99489.config
legajo · hashes SHA-256	Run actions/checkout@v7	2026-09-18T16:34:37.7798872Z [command]/usr/bin/git config --local includeIf.gitdir:/github/workspace/.git/worktrees/*.path /github/runner_temp/git-credentials-4d756ae0-4910-40eb-8cf0-4c38a7f99489.config
legajo · hashes SHA-256	Run actions/checkout@v7	2026-09-18T16:34:37.7831150Z ##[endgroup]
legajo · hashes SHA-256	Run actions/checkout@v7	2026-09-18T16:34:37.7831924Z ##[group]Fetching the repository
legajo · hashes SHA-256	Run actions/checkout@v7	2026-09-18T16:34:37.7833348Z [command]/usr/bin/git -c protocol.version=2 fetch --no-tags --prune --no-recurse-submodules --depth=1 origin +960d1d2e9645884c16d6a2127aae232b64f73621:refs/remotes/origin/main
legajo · hashes SHA-256	Run actions/checkout@v7	2026-09-18T16:34:39.5223979Z From https://github.com/Elian-Bufi/be
legajo · hashes SHA-256	Run actions/checkout@v7	2026-09-18T16:34:39.5232248Z  * [new ref]         960d1d2e9645884c16d6a2127aae232b64f73621 -> origin/main
legajo · hashes SHA-256	Run actions/checkout@v7	2026-09-18T16:34:39.5246842Z [command]/usr/bin/git branch --list --remote origin/main
legajo · hashes SHA-256	Run actions/checkout@v7	2026-09-18T16:34:39.5259642Z   origin/main
legajo · hashes SHA-256	Run actions/checkout@v7	2026-09-18T16:34:39.5266537Z [command]/usr/bin/git rev-parse refs/remotes/origin/main
legajo · hashes SHA-256	Run actions/checkout@v7	2026-09-18T16:34:39.5288518Z 960d1d2e9645884c16d6a2127aae232b64f73621
legajo · hashes SHA-256	Run actions/checkout@v7	2026-09-18T16:34:39.5293038Z ##[endgroup]
legajo · hashes SHA-256	Run actions/checkout@v7	2026-09-18T16:34:39.5293668Z ##[group]Determining the checkout info
legajo · hashes SHA-256	Run actions/checkout@v7	2026-09-18T16:34:39.5294292Z ##[endgroup]
legajo · hashes SHA-256	Run actions/checkout@v7	2026-09-18T16:34:39.5296789Z [command]/usr/bin/git sparse-checkout disable
legajo · hashes SHA-256	Run actions/checkout@v7	2026-09-18T16:34:39.5341566Z [command]/usr/bin/git config --local --unset-all extensions.worktreeConfig
legajo · hashes SHA-256	Run actions/checkout@v7	2026-09-18T16:34:39.5369732Z ##[group]Checking out the ref
legajo · hashes SHA-256	Run actions/checkout@v7	2026-09-18T16:34:39.5372473Z [command]/usr/bin/git checkout --progress --force -B main refs/remotes/origin/main
legajo · hashes SHA-256	Run actions/checkout@v7	2026-09-18T16:34:39.5879392Z Switched to a new branch 'main'
legajo · hashes SHA-256	Run actions/checkout@v7	2026-09-18T16:34:39.5886141Z branch 'main' set up to track 'origin/main'.
legajo · hashes SHA-256	Run actions/checkout@v7	2026-09-18T16:34:39.5890625Z ##[endgroup]
legajo · hashes SHA-256	Run actions/checkout@v7	2026-09-18T16:34:39.5935385Z [command]/usr/bin/git log -1 --format=%H
legajo · hashes SHA-256	Run actions/checkout@v7	2026-09-18T16:34:39.5960006Z 960d1d2e9645884c16d6a2127aae232b64f73621
legajo · hashes SHA-256	Verificar docs/MANIFEST.sha256 (salvo lo no publicado por Dirección)	﻿2026-09-18T16:34:39.6125830Z ##[group]Run bash scripts/verificar-legajo.sh
legajo · hashes SHA-256	Verificar docs/MANIFEST.sha256 (salvo lo no publicado por Dirección)	2026-09-18T16:34:39.6126337Z ^[[36;1mbash scripts/verificar-legajo.sh^[[0m
legajo · hashes SHA-256	Verificar docs/MANIFEST.sha256 (salvo lo no publicado por Dirección)	2026-09-18T16:34:39.6158754Z shell: /usr/bin/bash -e {0}
legajo · hashes SHA-256	Verificar docs/MANIFEST.sha256 (salvo lo no publicado por Dirección)	2026-09-18T16:34:39.6158970Z ##[endgroup]
legajo · hashes SHA-256	Verificar docs/MANIFEST.sha256 (salvo lo no publicado por Dirección)	2026-09-18T16:34:39.6418876Z legajo íntegro - 207 de 208 entradas verificadas byte a byte; 1 no publicada(s) por decisión de Dirección
legajo · hashes SHA-256	Post Run actions/checkout@v7	﻿2026-09-18T16:34:39.6504450Z Post job cleanup.
legajo · hashes SHA-256	Post Run actions/checkout@v7	2026-09-18T16:34:39.7142152Z [command]/usr/bin/git version
legajo · hashes SHA-256	Post Run actions/checkout@v7	2026-09-18T16:34:39.7220216Z git version 2.55.0
legajo · hashes SHA-256	Post Run actions/checkout@v7	2026-09-18T16:34:39.7309906Z Temporarily overriding HOME='/home/runner/work/_temp/7eed117d-35b2-495e-a237-8e4135a8b7f4' before making global git config changes
legajo · hashes SHA-256	Post Run actions/checkout@v7	2026-09-18T16:34:39.7311441Z Adding repository directory to the temporary git global config as a safe directory
legajo · hashes SHA-256	Post Run actions/checkout@v7	2026-09-18T16:34:39.7312395Z [command]/usr/bin/git config --global --add safe.directory /home/runner/work/be/be
legajo · hashes SHA-256	Post Run actions/checkout@v7	2026-09-18T16:34:39.7314263Z Removing SSH command configuration
legajo · hashes SHA-256	Post Run actions/checkout@v7	2026-09-18T16:34:39.7315028Z [command]/usr/bin/git config --local --name-only --get-regexp core\.sshCommand
legajo · hashes SHA-256	Post Run actions/checkout@v7	2026-09-18T16:34:39.7348834Z [command]/usr/bin/git submodule foreach --recursive sh -c "git config --local --name-only --get-regexp 'core\.sshCommand' && git config --local --unset-all 'core.sshCommand' || :"
legajo · hashes SHA-256	Post Run actions/checkout@v7	2026-09-18T16:34:39.7677312Z Removing HTTP extra header
legajo · hashes SHA-256	Post Run actions/checkout@v7	2026-09-18T16:34:39.7678324Z [command]/usr/bin/git config --local --name-only --get-regexp http\.https\:\/\/github\.com\/\.extraheader
legajo · hashes SHA-256	Post Run actions/checkout@v7	2026-09-18T16:34:39.7681851Z [command]/usr/bin/git submodule foreach --recursive sh -c "git config --local --name-only --get-regexp 'http\.https\:\/\/github\.com\/\.extraheader' && git config --local --unset-all 'http.https://github.com/.extraheader' || :"
legajo · hashes SHA-256	Post Run actions/checkout@v7	2026-09-18T16:34:39.7909415Z Removing includeIf entries pointing to credentials config files
legajo · hashes SHA-256	Post Run actions/checkout@v7	2026-09-18T16:34:39.7915208Z [command]/usr/bin/git config --local --name-only --get-regexp ^includeIf\.gitdir:
legajo · hashes SHA-256	Post Run actions/checkout@v7	2026-09-18T16:34:39.7942558Z includeif.gitdir:/home/runner/work/be/be/.git.path
legajo · hashes SHA-256	Post Run actions/checkout@v7	2026-09-18T16:34:39.7943277Z includeif.gitdir:/home/runner/work/be/be/.git/worktrees/*.path
legajo · hashes SHA-256	Post Run actions/checkout@v7	2026-09-18T16:34:39.7944141Z includeif.gitdir:/github/workspace/.git.path
legajo · hashes SHA-256	Post Run actions/checkout@v7	2026-09-18T16:34:39.7944661Z includeif.gitdir:/github/workspace/.git/worktrees/*.path
legajo · hashes SHA-256	Post Run actions/checkout@v7	2026-09-18T16:34:39.7949736Z [command]/usr/bin/git config --local --get-all includeif.gitdir:/home/runner/work/be/be/.git.path
legajo · hashes SHA-256	Post Run actions/checkout@v7	2026-09-18T16:34:39.7973027Z /home/runner/work/_temp/git-credentials-4d756ae0-4910-40eb-8cf0-4c38a7f99489.config
legajo · hashes SHA-256	Post Run actions/checkout@v7	2026-09-18T16:34:39.7981601Z [command]/usr/bin/git config --local --unset includeif.gitdir:/home/runner/work/be/be/.git.path \/home\/runner\/work\/_temp\/git\-credentials\-4d756ae0\-4910\-40eb\-8cf0\-4c38a7f99489\.config
legajo · hashes SHA-256	Post Run actions/checkout@v7	2026-09-18T16:34:39.8018927Z [command]/usr/bin/git config --local --get-all includeif.gitdir:/home/runner/work/be/be/.git/worktrees/*.path
legajo · hashes SHA-256	Post Run actions/checkout@v7	2026-09-18T16:34:39.8036652Z /home/runner/work/_temp/git-credentials-4d756ae0-4910-40eb-8cf0-4c38a7f99489.config
legajo · hashes SHA-256	Post Run actions/checkout@v7	2026-09-18T16:34:39.8041532Z [command]/usr/bin/git config --local --unset includeif.gitdir:/home/runner/work/be/be/.git/worktrees/*.path \/home\/runner\/work\/_temp\/git\-credentials\-4d756ae0\-4910\-40eb\-8cf0\-4c38a7f99489\.config
legajo · hashes SHA-256	Post Run actions/checkout@v7	2026-09-18T16:34:39.8077365Z [command]/usr/bin/git config --local --get-all includeif.gitdir:/github/workspace/.git.path
legajo · hashes SHA-256	Post Run actions/checkout@v7	2026-09-18T16:34:39.8098945Z /github/runner_temp/git-credentials-4d756ae0-4910-40eb-8cf0-4c38a7f99489.config
legajo · hashes SHA-256	Post Run actions/checkout@v7	2026-09-18T16:34:39.8103349Z [command]/usr/bin/git config --local --unset includeif.gitdir:/github/workspace/.git.path \/github\/runner_temp\/git\-credentials\-4d756ae0\-4910\-40eb\-8cf0\-4c38a7f99489\.config
legajo · hashes SHA-256	Post Run actions/checkout@v7	2026-09-18T16:34:39.8130521Z [command]/usr/bin/git config --local --get-all includeif.gitdir:/github/workspace/.git/worktrees/*.path
legajo · hashes SHA-256	Post Run actions/checkout@v7	2026-09-18T16:34:39.8153075Z /github/runner_temp/git-credentials-4d756ae0-4910-40eb-8cf0-4c38a7f99489.config
legajo · hashes SHA-256	Post Run actions/checkout@v7	2026-09-18T16:34:39.8158862Z [command]/usr/bin/git config --local --unset includeif.gitdir:/github/workspace/.git/worktrees/*.path \/github\/runner_temp\/git\-credentials\-4d756ae0\-4910\-40eb\-8cf0\-4c38a7f99489\.config
legajo · hashes SHA-256	Post Run actions/checkout@v7	2026-09-18T16:34:39.8185474Z [command]/usr/bin/git submodule foreach --recursive git config --local --show-origin --name-only --get-regexp remote.origin.url
legajo · hashes SHA-256	Post Run actions/checkout@v7	2026-09-18T16:34:39.8452879Z Removing credentials config '/home/runner/work/_temp/git-credentials-4d756ae0-4910-40eb-8cf0-4c38a7f99489.config'
legajo · hashes SHA-256	Complete job	﻿2026-09-18T16:34:39.8573372Z Cleaning up orphan processes
verificar · typecheck · unit · build · audit	Set up job	﻿2026-09-18T16:34:36.8083647Z Current runner version: '2.337.0'
verificar · typecheck · unit · build · audit	Set up job	2026-09-18T16:34:36.8113556Z ##[group]Runner Image Provisioner
verificar · typecheck · unit · build · audit	Set up job	2026-09-18T16:34:36.8114582Z Hosted Compute Agent
verificar · typecheck · unit · build · audit	Set up job	2026-09-18T16:34:36.8115395Z Version: 20260828.587
verificar · typecheck · unit · build · audit	Set up job	2026-09-18T16:34:36.8116169Z Commit: abac92662cab4cc7352de4f9f9d2e2419aad9c29
verificar · typecheck · unit · build · audit	Set up job	2026-09-18T16:34:36.8117055Z Build Date: 2026-08-28T16:44:25Z
verificar · typecheck · unit · build · audit	Set up job	2026-09-18T16:34:36.8117961Z Worker ID: {34b98e0f-a7c5-45d3-b230-a69f1036e773}
verificar · typecheck · unit · build · audit	Set up job	2026-09-18T16:34:36.8118909Z Azure Region: westus3
verificar · typecheck · unit · build · audit	Set up job	2026-09-18T16:34:36.8119680Z ##[endgroup]
verificar · typecheck · unit · build · audit	Set up job	2026-09-18T16:34:36.8121497Z ##[group]Operating System
verificar · typecheck · unit · build · audit	Set up job	2026-09-18T16:34:36.8122485Z Ubuntu
verificar · typecheck · unit · build · audit	Set up job	2026-09-18T16:34:36.8123223Z 24.04.5
verificar · typecheck · unit · build · audit	Set up job	2026-09-18T16:34:36.8123877Z LTS
verificar · typecheck · unit · build · audit	Set up job	2026-09-18T16:34:36.8124561Z ##[endgroup]
verificar · typecheck · unit · build · audit	Set up job	2026-09-18T16:34:36.8125245Z ##[group]Runner Image
verificar · typecheck · unit · build · audit	Set up job	2026-09-18T16:34:36.8125991Z Image: ubuntu-24.04
verificar · typecheck · unit · build · audit	Set up job	2026-09-18T16:34:36.8127110Z Version: 20260907.300.1
verificar · typecheck · unit · build · audit	Set up job	2026-09-18T16:34:36.8128548Z Included Software: https://github.com/actions/runner-images/blob/ubuntu24/20260907.300/images/ubuntu/Ubuntu2404-Readme.md
verificar · typecheck · unit · build · audit	Set up job	2026-09-18T16:34:36.8130823Z Image Release: https://github.com/actions/runner-images/releases/tag/ubuntu24%2F20260907.300
verificar · typecheck · unit · build · audit	Set up job	2026-09-18T16:34:36.8132368Z ##[endgroup]
verificar · typecheck · unit · build · audit	Set up job	2026-09-18T16:34:36.8133875Z ##[group]GITHUB_TOKEN Permissions
verificar · typecheck · unit · build · audit	Set up job	2026-09-18T16:34:36.8137008Z Contents: read
verificar · typecheck · unit · build · audit	Set up job	2026-09-18T16:34:36.8137855Z Metadata: read
verificar · typecheck · unit · build · audit	Set up job	2026-09-18T16:34:36.8138524Z ##[endgroup]
verificar · typecheck · unit · build · audit	Set up job	2026-09-18T16:34:36.8140700Z Secret source: Actions
verificar · typecheck · unit · build · audit	Set up job	2026-09-18T16:34:36.8142074Z Cache mode: write
verificar · typecheck · unit · build · audit	Set up job	2026-09-18T16:34:36.8143247Z Prepare workflow directory
verificar · typecheck · unit · build · audit	Set up job	2026-09-18T16:34:36.8671505Z Prepare all required actions
verificar · typecheck · unit · build · audit	Set up job	2026-09-18T16:34:36.8727655Z Getting action download info
verificar · typecheck · unit · build · audit	Set up job	2026-09-18T16:34:37.1938336Z Download action repository 'actions/checkout@v7' (SHA:3d3c42e5aac5ba805825da76410c181273ba90b1)
verificar · typecheck · unit · build · audit	Set up job	2026-09-18T16:34:37.3760224Z Download action repository 'actions/setup-node@v7' (SHA:820762786026740c76f36085b0efc47a31fe5020)
verificar · typecheck · unit · build · audit	Set up job	2026-09-18T16:34:37.6502541Z Complete job name: verificar · typecheck · unit · build · audit
verificar · typecheck · unit · build · audit	Run actions/checkout@v7	﻿2026-09-18T16:34:37.7087864Z ##[group]Run actions/checkout@v7
verificar · typecheck · unit · build · audit	Run actions/checkout@v7	2026-09-18T16:34:37.7088553Z with:
verificar · typecheck · unit · build · audit	Run actions/checkout@v7	2026-09-18T16:34:37.7088906Z   repository: Elian-Bufi/be
verificar · typecheck · unit · build · audit	Run actions/checkout@v7	2026-09-18T16:34:37.7092114Z   token: ***
verificar · typecheck · unit · build · audit	Run actions/checkout@v7	2026-09-18T16:34:37.7092482Z   ssh-strict: true
verificar · typecheck · unit · build · audit	Run actions/checkout@v7	2026-09-18T16:34:37.7092841Z   ssh-user: git
verificar · typecheck · unit · build · audit	Run actions/checkout@v7	2026-09-18T16:34:37.7093196Z   persist-credentials: true
verificar · typecheck · unit · build · audit	Run actions/checkout@v7	2026-09-18T16:34:37.7093580Z   clean: true
verificar · typecheck · unit · build · audit	Run actions/checkout@v7	2026-09-18T16:34:37.7093931Z   sparse-checkout-cone-mode: true
verificar · typecheck · unit · build · audit	Run actions/checkout@v7	2026-09-18T16:34:37.7094347Z   fetch-depth: 1
verificar · typecheck · unit · build · audit	Run actions/checkout@v7	2026-09-18T16:34:37.7094691Z   fetch-tags: false
verificar · typecheck · unit · build · audit	Run actions/checkout@v7	2026-09-18T16:34:37.7095056Z   show-progress: true
verificar · typecheck · unit · build · audit	Run actions/checkout@v7	2026-09-18T16:34:37.7095428Z   lfs: false
verificar · typecheck · unit · build · audit	Run actions/checkout@v7	2026-09-18T16:34:37.7095771Z   submodules: false
verificar · typecheck · unit · build · audit	Run actions/checkout@v7	2026-09-18T16:34:37.7096139Z   set-safe-directory: true
verificar · typecheck · unit · build · audit	Run actions/checkout@v7	2026-09-18T16:34:37.7096548Z   allow-unsafe-pr-checkout: false
verificar · typecheck · unit · build · audit	Run actions/checkout@v7	2026-09-18T16:34:37.7097172Z ##[endgroup]
verificar · typecheck · unit · build · audit	Run actions/checkout@v7	2026-09-18T16:34:37.8208401Z Syncing repository: Elian-Bufi/be
verificar · typecheck · unit · build · audit	Run actions/checkout@v7	2026-09-18T16:34:37.8211281Z ##[group]Getting Git version info
verificar · typecheck · unit · build · audit	Run actions/checkout@v7	2026-09-18T16:34:37.8213959Z Working directory is '/home/runner/work/be/be'
verificar · typecheck · unit · build · audit	Run actions/checkout@v7	2026-09-18T16:34:37.8215918Z [command]/usr/bin/git version
verificar · typecheck · unit · build · audit	Run actions/checkout@v7	2026-09-18T16:34:37.8216961Z git version 2.55.0
verificar · typecheck · unit · build · audit	Run actions/checkout@v7	2026-09-18T16:34:37.8220158Z ##[endgroup]
verificar · typecheck · unit · build · audit	Run actions/checkout@v7	2026-09-18T16:34:37.8229270Z Temporarily overriding HOME='/home/runner/work/_temp/0b0d6bab-1a63-414b-af3d-e0c43acb0db5' before making global git config changes
verificar · typecheck · unit · build · audit	Run actions/checkout@v7	2026-09-18T16:34:37.8231631Z Adding repository directory to the temporary git global config as a safe directory
verificar · typecheck · unit · build · audit	Run actions/checkout@v7	2026-09-18T16:34:37.8242766Z [command]/usr/bin/git config --global --add safe.directory /home/runner/work/be/be
verificar · typecheck · unit · build · audit	Run actions/checkout@v7	2026-09-18T16:34:37.8288821Z Deleting the contents of '/home/runner/work/be/be'
verificar · typecheck · unit · build · audit	Run actions/checkout@v7	2026-09-18T16:34:37.8290196Z ##[group]Determining repository object format
verificar · typecheck · unit · build · audit	Run actions/checkout@v7	2026-09-18T16:34:37.8291378Z ##[endgroup]
verificar · typecheck · unit · build · audit	Run actions/checkout@v7	2026-09-18T16:34:37.8303044Z ##[group]Initializing the repository
verificar · typecheck · unit · build · audit	Run actions/checkout@v7	2026-09-18T16:34:37.8314514Z [command]/usr/bin/git init /home/runner/work/be/be
verificar · typecheck · unit · build · audit	Run actions/checkout@v7	2026-09-18T16:34:37.8426276Z hint: Using 'master' as the name for the initial branch. This default branch name
verificar · typecheck · unit · build · audit	Run actions/checkout@v7	2026-09-18T16:34:37.8428355Z hint: will change to "main" in Git 3.0. To configure the initial branch name
verificar · typecheck · unit · build · audit	Run actions/checkout@v7	2026-09-18T16:34:37.8439696Z hint: to use in all of your new repositories, which will suppress this warning,
verificar · typecheck · unit · build · audit	Run actions/checkout@v7	2026-09-18T16:34:37.8440667Z hint: call:
verificar · typecheck · unit · build · audit	Run actions/checkout@v7	2026-09-18T16:34:37.8441163Z hint:
verificar · typecheck · unit · build · audit	Run actions/checkout@v7	2026-09-18T16:34:37.8441956Z hint: 	git config --global init.defaultBranch <name>
verificar · typecheck · unit · build · audit	Run actions/checkout@v7	2026-09-18T16:34:37.8442764Z hint:
verificar · typecheck · unit · build · audit	Run actions/checkout@v7	2026-09-18T16:34:37.8443475Z hint: Names commonly chosen instead of 'master' are 'main', 'trunk' and
verificar · typecheck · unit · build · audit	Run actions/checkout@v7	2026-09-18T16:34:37.8444618Z hint: 'development'. The just-created branch can be renamed via this command:
verificar · typecheck · unit · build · audit	Run actions/checkout@v7	2026-09-18T16:34:37.8445506Z hint:
verificar · typecheck · unit · build · audit	Run actions/checkout@v7	2026-09-18T16:34:37.8446016Z hint: 	git branch -m <name>
verificar · typecheck · unit · build · audit	Run actions/checkout@v7	2026-09-18T16:34:37.8446595Z hint:
verificar · typecheck · unit · build · audit	Run actions/checkout@v7	2026-09-18T16:34:37.8447353Z hint: Disable this message with "git config set advice.defaultBranchName false"
verificar · typecheck · unit · build · audit	Run actions/checkout@v7	2026-09-18T16:34:37.8448493Z Initialized empty Git repository in /home/runner/work/be/be/.git/
verificar · typecheck · unit · build · audit	Run actions/checkout@v7	2026-09-18T16:34:37.8450492Z [command]/usr/bin/git remote add origin https://github.com/Elian-Bufi/be
verificar · typecheck · unit · build · audit	Run actions/checkout@v7	2026-09-18T16:34:37.9436542Z ##[endgroup]
verificar · typecheck · unit · build · audit	Run actions/checkout@v7	2026-09-18T16:34:37.9437728Z ##[group]Disabling automatic garbage collection
verificar · typecheck · unit · build · audit	Run actions/checkout@v7	2026-09-18T16:34:37.9438709Z [command]/usr/bin/git config --local gc.auto 0
verificar · typecheck · unit · build · audit	Run actions/checkout@v7	2026-09-18T16:34:37.9440678Z ##[endgroup]
verificar · typecheck · unit · build · audit	Run actions/checkout@v7	2026-09-18T16:34:37.9441632Z ##[group]Setting up auth
verificar · typecheck · unit · build · audit	Run actions/checkout@v7	2026-09-18T16:34:37.9442531Z Removing SSH command configuration
verificar · typecheck · unit · build · audit	Run actions/checkout@v7	2026-09-18T16:34:37.9444378Z [command]/usr/bin/git config --local --name-only --get-regexp core\.sshCommand
verificar · typecheck · unit · build · audit	Run actions/checkout@v7	2026-09-18T16:34:37.9447459Z [command]/usr/bin/git submodule foreach --recursive sh -c "git config --local --name-only --get-regexp 'core\.sshCommand' && git config --local --unset-all 'core.sshCommand' || :"
verificar · typecheck · unit · build · audit	Run actions/checkout@v7	2026-09-18T16:34:37.9465653Z Removing HTTP extra header
verificar · typecheck · unit · build · audit	Run actions/checkout@v7	2026-09-18T16:34:37.9472080Z [command]/usr/bin/git config --local --name-only --get-regexp http\.https\:\/\/github\.com\/\.extraheader
verificar · typecheck · unit · build · audit	Run actions/checkout@v7	2026-09-18T16:34:37.9505939Z [command]/usr/bin/git submodule foreach --recursive sh -c "git config --local --name-only --get-regexp 'http\.https\:\/\/github\.com\/\.extraheader' && git config --local --unset-all 'http.https://github.com/.extraheader' || :"
verificar · typecheck · unit · build · audit	Run actions/checkout@v7	2026-09-18T16:34:37.9703403Z Removing includeIf entries pointing to credentials config files
verificar · typecheck · unit · build · audit	Run actions/checkout@v7	2026-09-18T16:34:37.9704717Z [command]/usr/bin/git config --local --name-only --get-regexp ^includeIf\.gitdir:
verificar · typecheck · unit · build · audit	Run actions/checkout@v7	2026-09-18T16:34:37.9739314Z [command]/usr/bin/git submodule foreach --recursive git config --local --show-origin --name-only --get-regexp remote.origin.url
verificar · typecheck · unit · build · audit	Run actions/checkout@v7	2026-09-18T16:34:37.9957357Z [command]/usr/bin/git config --file /home/runner/work/_temp/git-credentials-2ad046da-8c9a-4d79-939a-2232ff75cdfb.config http.https://github.com/.extraheader AUTHORIZATION: basic ***
verificar · typecheck · unit · build · audit	Run actions/checkout@v7	2026-09-18T16:34:37.9993400Z [command]/usr/bin/git config --local includeIf.gitdir:/home/runner/work/be/be/.git.path /home/runner/work/_temp/git-credentials-2ad046da-8c9a-4d79-939a-2232ff75cdfb.config
verificar · typecheck · unit · build · audit	Run actions/checkout@v7	2026-09-18T16:34:38.0023272Z [command]/usr/bin/git config --local includeIf.gitdir:/home/runner/work/be/be/.git/worktrees/*.path /home/runner/work/_temp/git-credentials-2ad046da-8c9a-4d79-939a-2232ff75cdfb.config
verificar · typecheck · unit · build · audit	Run actions/checkout@v7	2026-09-18T16:34:38.0056560Z [command]/usr/bin/git config --local includeIf.gitdir:/github/workspace/.git.path /github/runner_temp/git-credentials-2ad046da-8c9a-4d79-939a-2232ff75cdfb.config
verificar · typecheck · unit · build · audit	Run actions/checkout@v7	2026-09-18T16:34:38.0088239Z [command]/usr/bin/git config --local includeIf.gitdir:/github/workspace/.git/worktrees/*.path /github/runner_temp/git-credentials-2ad046da-8c9a-4d79-939a-2232ff75cdfb.config
verificar · typecheck · unit · build · audit	Run actions/checkout@v7	2026-09-18T16:34:38.0115551Z ##[endgroup]
verificar · typecheck · unit · build · audit	Run actions/checkout@v7	2026-09-18T16:34:38.0116652Z ##[group]Fetching the repository
verificar · typecheck · unit · build · audit	Run actions/checkout@v7	2026-09-18T16:34:38.0121558Z [command]/usr/bin/git -c protocol.version=2 fetch --no-tags --prune --no-recurse-submodules --depth=1 origin +960d1d2e9645884c16d6a2127aae232b64f73621:refs/remotes/origin/main
verificar · typecheck · unit · build · audit	Run actions/checkout@v7	2026-09-18T16:34:39.8567294Z From https://github.com/Elian-Bufi/be
verificar · typecheck · unit · build · audit	Run actions/checkout@v7	2026-09-18T16:34:39.8569337Z  * [new ref]         960d1d2e9645884c16d6a2127aae232b64f73621 -> origin/main
verificar · typecheck · unit · build · audit	Run actions/checkout@v7	2026-09-18T16:34:39.8576465Z [command]/usr/bin/git branch --list --remote origin/main
verificar · typecheck · unit · build · audit	Run actions/checkout@v7	2026-09-18T16:34:39.8605257Z   origin/main
verificar · typecheck · unit · build · audit	Run actions/checkout@v7	2026-09-18T16:34:39.8611318Z [command]/usr/bin/git rev-parse refs/remotes/origin/main
verificar · typecheck · unit · build · audit	Run actions/checkout@v7	2026-09-18T16:34:39.8636143Z 960d1d2e9645884c16d6a2127aae232b64f73621
verificar · typecheck · unit · build · audit	Run actions/checkout@v7	2026-09-18T16:34:39.8639934Z ##[endgroup]
verificar · typecheck · unit · build · audit	Run actions/checkout@v7	2026-09-18T16:34:39.8641517Z ##[group]Determining the checkout info
verificar · typecheck · unit · build · audit	Run actions/checkout@v7	2026-09-18T16:34:39.8643620Z ##[endgroup]
verificar · typecheck · unit · build · audit	Run actions/checkout@v7	2026-09-18T16:34:39.8645051Z [command]/usr/bin/git sparse-checkout disable
verificar · typecheck · unit · build · audit	Run actions/checkout@v7	2026-09-18T16:34:39.8724581Z [command]/usr/bin/git config --local --unset-all extensions.worktreeConfig
verificar · typecheck · unit · build · audit	Run actions/checkout@v7	2026-09-18T16:34:39.8754909Z ##[group]Checking out the ref
verificar · typecheck · unit · build · audit	Run actions/checkout@v7	2026-09-18T16:34:39.8761598Z [command]/usr/bin/git checkout --progress --force -B main refs/remotes/origin/main
verificar · typecheck · unit · build · audit	Run actions/checkout@v7	2026-09-18T16:34:39.9338716Z Switched to a new branch 'main'
verificar · typecheck · unit · build · audit	Run actions/checkout@v7	2026-09-18T16:34:39.9346542Z branch 'main' set up to track 'origin/main'.
verificar · typecheck · unit · build · audit	Run actions/checkout@v7	2026-09-18T16:34:39.9354662Z ##[endgroup]
verificar · typecheck · unit · build · audit	Run actions/checkout@v7	2026-09-18T16:34:39.9399113Z [command]/usr/bin/git log -1 --format=%H
verificar · typecheck · unit · build · audit	Run actions/checkout@v7	2026-09-18T16:34:39.9425334Z 960d1d2e9645884c16d6a2127aae232b64f73621
verificar · typecheck · unit · build · audit	Run actions/setup-node@v7	﻿2026-09-18T16:34:39.9752236Z ##[group]Run actions/setup-node@v7
verificar · typecheck · unit · build · audit	Run actions/setup-node@v7	2026-09-18T16:34:39.9753224Z with:
verificar · typecheck · unit · build · audit	Run actions/setup-node@v7	2026-09-18T16:34:39.9753927Z   node-version-file: .nvmrc
verificar · typecheck · unit · build · audit	Run actions/setup-node@v7	2026-09-18T16:34:39.9754761Z   cache: npm
verificar · typecheck · unit · build · audit	Run actions/setup-node@v7	2026-09-18T16:34:39.9755466Z   check-latest: false
verificar · typecheck · unit · build · audit	Run actions/setup-node@v7	2026-09-18T16:34:39.9763049Z   token: ***
verificar · typecheck · unit · build · audit	Run actions/setup-node@v7	2026-09-18T16:34:39.9763806Z   package-manager-cache: true
verificar · typecheck · unit · build · audit	Run actions/setup-node@v7	2026-09-18T16:34:39.9764679Z ##[endgroup]
verificar · typecheck · unit · build · audit	Run actions/setup-node@v7	2026-09-18T16:34:40.0812675Z Node version file is not JSON file
verificar · typecheck · unit · build · audit	Run actions/setup-node@v7	2026-09-18T16:34:40.0814711Z Resolved .nvmrc as 22.23.2
verificar · typecheck · unit · build · audit	Run actions/setup-node@v7	2026-09-18T16:34:40.1656240Z Found in cache @ /opt/hostedtoolcache/node/22.23.2/x64
verificar · typecheck · unit · build · audit	Run actions/setup-node@v7	2026-09-18T16:34:40.1659017Z ##[group]Environment details
verificar · typecheck · unit · build · audit	Run actions/setup-node@v7	2026-09-18T16:34:42.9717305Z node: v22.23.2
verificar · typecheck · unit · build · audit	Run actions/setup-node@v7	2026-09-18T16:34:42.9718458Z npm: 10.9.8
verificar · typecheck · unit · build · audit	Run actions/setup-node@v7	2026-09-18T16:34:42.9719517Z yarn: 1.22.22
verificar · typecheck · unit · build · audit	Run actions/setup-node@v7	2026-09-18T16:34:42.9728216Z ##[endgroup]
verificar · typecheck · unit · build · audit	Run actions/setup-node@v7	2026-09-18T16:34:42.9740844Z [command]/opt/hostedtoolcache/node/22.23.2/x64/bin/npm config get cache
verificar · typecheck · unit · build · audit	Run actions/setup-node@v7	2026-09-18T16:34:43.2101012Z /home/runner/.npm
verificar · typecheck · unit · build · audit	Run actions/setup-node@v7	2026-09-18T16:34:43.4685717Z Cache hit for: node-cache-Linux-x64-npm-7396c85b21c1ff035b68dae6b6e7bee2b1d9ae3763791523047320e5c91bdfb2
verificar · typecheck · unit · build · audit	Run actions/setup-node@v7	2026-09-18T16:34:44.7007749Z Received 25165824 of 333022805 (7.6%), 24.0 MBs/sec
verificar · typecheck · unit · build · audit	Run actions/setup-node@v7	2026-09-18T16:34:45.7012406Z Received 163577856 of 333022805 (49.1%), 78.0 MBs/sec
verificar · typecheck · unit · build · audit	Run actions/setup-node@v7	2026-09-18T16:34:46.7024557Z Received 314572800 of 333022805 (94.5%), 99.9 MBs/sec
verificar · typecheck · unit · build · audit	Run actions/setup-node@v7	2026-09-18T16:34:46.8666243Z Received 333022805 of 333022805 (100.0%), 100.3 MBs/sec
verificar · typecheck · unit · build · audit	Run actions/setup-node@v7	2026-09-18T16:34:46.8667145Z Cache Size: ~318 MB (333022805 B)
verificar · typecheck · unit · build · audit	Run actions/setup-node@v7	2026-09-18T16:34:46.8803174Z [command]/usr/bin/tar -xf /home/runner/work/_temp/611f60cf-60d2-449a-8c86-9b2f3ad49adc/cache.tzst -P -C /home/runner/work/be/be --use-compress-program unzstd
verificar · typecheck · unit · build · audit	Run actions/setup-node@v7	2026-09-18T16:34:47.7435889Z Cache restored successfully
verificar · typecheck · unit · build · audit	Run actions/setup-node@v7	2026-09-18T16:34:47.8231102Z Cache restored from key: node-cache-Linux-x64-npm-7396c85b21c1ff035b68dae6b6e7bee2b1d9ae3763791523047320e5c91bdfb2
verificar · typecheck · unit · build · audit	Run npm ci	﻿2026-09-18T16:34:47.8444164Z ##[group]Run npm ci
verificar · typecheck · unit · build · audit	Run npm ci	2026-09-18T16:34:47.8444536Z ^[[36;1mnpm ci^[[0m
verificar · typecheck · unit · build · audit	Run npm ci	2026-09-18T16:34:47.8494373Z shell: /usr/bin/bash -e {0}
verificar · typecheck · unit · build · audit	Run npm ci	2026-09-18T16:34:47.8494621Z ##[endgroup]
verificar · typecheck · unit · build · audit	Run npm ci	2026-09-18T16:34:58.0970888Z npm warn deprecated uuid@7.0.3: uuid@10 and below is no longer supported.  For ESM codebases, update to uuid@latest.  For CommonJS codebases, use uuid@11 (but be aware this version will likely be deprecated in 2028).
verificar · typecheck · unit · build · audit	Run npm ci	2026-09-18T16:34:58.7924853Z npm warn deprecated glob@10.5.0: Old versions of glob are not supported, and contain widely publicized security vulnerabilities, which have been fixed in the current version. Please update. Support for old versions may be purchased (at exorbitant rates) by contacting i@izs.me
verificar · typecheck · unit · build · audit	Run npm ci	2026-09-18T16:34:58.7944649Z npm warn deprecated glob@10.5.0: Old versions of glob are not supported, and contain widely publicized security vulnerabilities, which have been fixed in the current version. Please update. Support for old versions may be purchased (at exorbitant rates) by contacting i@izs.me
verificar · typecheck · unit · build · audit	Run npm ci	2026-09-18T16:35:34.0412317Z 
verificar · typecheck · unit · build · audit	Run npm ci	2026-09-18T16:35:34.0502636Z added 959 packages, and audited 964 packages in 46s
verificar · typecheck · unit · build · audit	Run npm ci	2026-09-18T16:35:34.0928790Z 
verificar · typecheck · unit · build · audit	Run npm ci	2026-09-18T16:35:34.0929835Z 10 moderate severity vulnerabilities
verificar · typecheck · unit · build · audit	Run npm ci	2026-09-18T16:35:34.0931235Z 
verificar · typecheck · unit · build · audit	Run npm ci	2026-09-18T16:35:34.0931893Z To address issues that do not require attention, run:
verificar · typecheck · unit · build · audit	Run npm ci	2026-09-18T16:35:34.0932562Z   npm audit fix
verificar · typecheck · unit · build · audit	Run npm ci	2026-09-18T16:35:34.0932921Z 
verificar · typecheck · unit · build · audit	Run npm ci	2026-09-18T16:35:34.0933355Z To address all issues (including breaking changes), run:
verificar · typecheck · unit · build · audit	Run npm ci	2026-09-18T16:35:34.0933990Z   npm audit fix --force
verificar · typecheck · unit · build · audit	Run npm ci	2026-09-18T16:35:34.0934388Z 
verificar · typecheck · unit · build · audit	Run npm ci	2026-09-18T16:35:34.0934699Z Run `npm audit` for details.
verificar · typecheck · unit · build · audit	Run npx prisma generate	﻿2026-09-18T16:35:34.1917974Z ##[group]Run npx prisma generate
verificar · typecheck · unit · build · audit	Run npx prisma generate	2026-09-18T16:35:34.1918291Z ^[[36;1mnpx prisma generate^[[0m
verificar · typecheck · unit · build · audit	Run npx prisma generate	2026-09-18T16:35:34.1953118Z shell: /usr/bin/bash -e {0}
verificar · typecheck · unit · build · audit	Run npx prisma generate	2026-09-18T16:35:34.1953355Z ##[endgroup]
verificar · typecheck · unit · build · audit	Run npx prisma generate	2026-09-18T16:35:35.1300717Z warn The configuration property `package.json#prisma` is deprecated and will be removed in Prisma 7. Please migrate to a Prisma config file (e.g., `prisma.config.ts`).
verificar · typecheck · unit · build · audit	Run npx prisma generate	2026-09-18T16:35:35.1302427Z For more information, see: https://pris.ly/prisma-config
verificar · typecheck · unit · build · audit	Run npx prisma generate	2026-09-18T16:35:35.1303004Z 
verificar · typecheck · unit · build · audit	Run npx prisma generate	2026-09-18T16:35:35.2750676Z Prisma schema loaded from prisma/schema.prisma
verificar · typecheck · unit · build · audit	Run npx prisma generate	2026-09-18T16:35:35.3796110Z ┌─────────────────────────────────────────────────────────┐
verificar · typecheck · unit · build · audit	Run npx prisma generate	2026-09-18T16:35:35.3796563Z 
verificar · typecheck · unit · build · audit	Run npx prisma generate	2026-09-18T16:35:35.3797510Z │  Update available 6.19.3 -> 8.0.0-rc.15                 │
verificar · typecheck · unit · build · audit	Run npx prisma generate	2026-09-18T16:35:35.3798269Z ✔ Generated Prisma Client (v6.19.3) to ./node_modules/@prisma/client in 35ms
verificar · typecheck · unit · build · audit	Run npx prisma generate	2026-09-18T16:35:35.3798933Z 
verificar · typecheck · unit · build · audit	Run npx prisma generate	2026-09-18T16:35:35.3806385Z │                                                         │
verificar · typecheck · unit · build · audit	Run npx prisma generate	2026-09-18T16:35:35.3807199Z Start by importing your Prisma Client (See: https://pris.ly/d/importing-client)
verificar · typecheck · unit · build · audit	Run npx prisma generate	2026-09-18T16:35:35.3808240Z │  This is a major update - please follow the guide at    │
verificar · typecheck · unit · build · audit	Run npx prisma generate	2026-09-18T16:35:35.3809006Z 
verificar · typecheck · unit · build · audit	Run npx prisma generate	2026-09-18T16:35:35.3833584Z │  https://pris.ly/d/major-version-upgrade                │
verificar · typecheck · unit · build · audit	Run npx prisma generate	2026-09-18T16:35:35.3834615Z Tip: Interested in query caching in just a few lines of code? Try Accelerate today! https://pris.ly/tip-3-accelerate
verificar · typecheck · unit · build · audit	Run npx prisma generate	2026-09-18T16:35:35.3835795Z │                                                         │
verificar · typecheck · unit · build · audit	Run npx prisma generate	2026-09-18T16:35:35.3839073Z 
verificar · typecheck · unit · build · audit	Run npx prisma generate	2026-09-18T16:35:35.3853367Z │  Run the following to update                            │
verificar · typecheck · unit · build · audit	Run npx prisma generate	2026-09-18T16:35:35.3854294Z │    npm i --save-dev prisma@latest                       │
verificar · typecheck · unit · build · audit	Run npx prisma generate	2026-09-18T16:35:35.3855138Z │    npm i @prisma/client@latest                          │
verificar · typecheck · unit · build · audit	Run npx prisma generate	2026-09-18T16:35:35.3856039Z └─────────────────────────────────────────────────────────┘
verificar · typecheck · unit · build · audit	Typecheck (domain, api, web, mobile)	﻿2026-09-18T16:35:35.4108546Z ##[group]Run npm run typecheck
verificar · typecheck · unit · build · audit	Typecheck (domain, api, web, mobile)	2026-09-18T16:35:35.4108816Z ^[[36;1mnpm run typecheck^[[0m
verificar · typecheck · unit · build · audit	Typecheck (domain, api, web, mobile)	2026-09-18T16:35:35.4140724Z shell: /usr/bin/bash -e {0}
verificar · typecheck · unit · build · audit	Typecheck (domain, api, web, mobile)	2026-09-18T16:35:35.4140946Z ##[endgroup]
verificar · typecheck · unit · build · audit	Typecheck (domain, api, web, mobile)	2026-09-18T16:35:35.5279314Z 
verificar · typecheck · unit · build · audit	Typecheck (domain, api, web, mobile)	2026-09-18T16:35:35.5280442Z > be@0.1.0 typecheck
verificar · typecheck · unit · build · audit	Typecheck (domain, api, web, mobile)	2026-09-18T16:35:35.5281433Z > npm run build:domain && npm run typecheck --workspaces --if-present
verificar · typecheck · unit · build · audit	Typecheck (domain, api, web, mobile)	2026-09-18T16:35:35.5282395Z 
verificar · typecheck · unit · build · audit	Typecheck (domain, api, web, mobile)	2026-09-18T16:35:35.6078031Z 
verificar · typecheck · unit · build · audit	Typecheck (domain, api, web, mobile)	2026-09-18T16:35:35.6079027Z > be@0.1.0 build:domain
verificar · typecheck · unit · build · audit	Typecheck (domain, api, web, mobile)	2026-09-18T16:35:35.6079789Z > npm run build -w @be/domain
verificar · typecheck · unit · build · audit	Typecheck (domain, api, web, mobile)	2026-09-18T16:35:35.6080287Z 
verificar · typecheck · unit · build · audit	Typecheck (domain, api, web, mobile)	2026-09-18T16:35:35.7021326Z 
verificar · typecheck · unit · build · audit	Typecheck (domain, api, web, mobile)	2026-09-18T16:35:35.7022612Z > @be/domain@0.1.0 build
verificar · typecheck · unit · build · audit	Typecheck (domain, api, web, mobile)	2026-09-18T16:35:35.7023433Z > tsc -p tsconfig.json
verificar · typecheck · unit · build · audit	Typecheck (domain, api, web, mobile)	2026-09-18T16:35:35.7023884Z 
verificar · typecheck · unit · build · audit	Typecheck (domain, api, web, mobile)	2026-09-18T16:35:36.9475053Z 
verificar · typecheck · unit · build · audit	Typecheck (domain, api, web, mobile)	2026-09-18T16:35:36.9475986Z > @be/domain@0.1.0 typecheck
verificar · typecheck · unit · build · audit	Typecheck (domain, api, web, mobile)	2026-09-18T16:35:36.9476906Z > tsc -p tsconfig.json --noEmit
verificar · typecheck · unit · build · audit	Typecheck (domain, api, web, mobile)	2026-09-18T16:35:36.9477320Z 
verificar · typecheck · unit · build · audit	Typecheck (domain, api, web, mobile)	2026-09-18T16:35:37.9302129Z 
verificar · typecheck · unit · build · audit	Typecheck (domain, api, web, mobile)	2026-09-18T16:35:37.9302992Z > @be/api@0.1.0 typecheck
verificar · typecheck · unit · build · audit	Typecheck (domain, api, web, mobile)	2026-09-18T16:35:37.9303809Z > tsc -p tsconfig.json --noEmit
verificar · typecheck · unit · build · audit	Typecheck (domain, api, web, mobile)	2026-09-18T16:35:37.9304190Z 
verificar · typecheck · unit · build · audit	Typecheck (domain, api, web, mobile)	2026-09-18T16:35:39.5384279Z 
verificar · typecheck · unit · build · audit	Typecheck (domain, api, web, mobile)	2026-09-18T16:35:39.5386992Z > @be/web@0.1.0 typecheck
verificar · typecheck · unit · build · audit	Typecheck (domain, api, web, mobile)	2026-09-18T16:35:39.5387556Z > tsc --noEmit
verificar · typecheck · unit · build · audit	Typecheck (domain, api, web, mobile)	2026-09-18T16:35:39.5387906Z 
verificar · typecheck · unit · build · audit	Typecheck (domain, api, web, mobile)	2026-09-18T16:35:41.5580308Z 
verificar · typecheck · unit · build · audit	Typecheck (domain, api, web, mobile)	2026-09-18T16:35:41.5581286Z > @be/mobile@0.1.0 typecheck
verificar · typecheck · unit · build · audit	Typecheck (domain, api, web, mobile)	2026-09-18T16:35:41.5582139Z > tsc --noEmit
verificar · typecheck · unit · build · audit	Typecheck (domain, api, web, mobile)	2026-09-18T16:35:41.5582455Z 
verificar · typecheck · unit · build · audit	Pruebas unitarias (domain, api)	﻿2026-09-18T16:35:42.6656903Z ##[group]Run npm test
verificar · typecheck · unit · build · audit	Pruebas unitarias (domain, api)	2026-09-18T16:35:42.6657143Z ^[[36;1mnpm test^[[0m
verificar · typecheck · unit · build · audit	Pruebas unitarias (domain, api)	2026-09-18T16:35:42.6690270Z shell: /usr/bin/bash -e {0}
verificar · typecheck · unit · build · audit	Pruebas unitarias (domain, api)	2026-09-18T16:35:42.6690501Z ##[endgroup]
verificar · typecheck · unit · build · audit	Pruebas unitarias (domain, api)	2026-09-18T16:35:42.7552378Z 
verificar · typecheck · unit · build · audit	Pruebas unitarias (domain, api)	2026-09-18T16:35:42.7553402Z > be@0.1.0 test
verificar · typecheck · unit · build · audit	Pruebas unitarias (domain, api)	2026-09-18T16:35:42.7554329Z > npm run build:domain && npm run test -w @be/domain && npm run test -w @be/api
verificar · typecheck · unit · build · audit	Pruebas unitarias (domain, api)	2026-09-18T16:35:42.7554903Z 
verificar · typecheck · unit · build · audit	Pruebas unitarias (domain, api)	2026-09-18T16:35:42.8336468Z 
verificar · typecheck · unit · build · audit	Pruebas unitarias (domain, api)	2026-09-18T16:35:42.8337116Z > be@0.1.0 build:domain
verificar · typecheck · unit · build · audit	Pruebas unitarias (domain, api)	2026-09-18T16:35:42.8337674Z > npm run build -w @be/domain
verificar · typecheck · unit · build · audit	Pruebas unitarias (domain, api)	2026-09-18T16:35:42.8338030Z 
verificar · typecheck · unit · build · audit	Pruebas unitarias (domain, api)	2026-09-18T16:35:42.9470280Z 
verificar · typecheck · unit · build · audit	Pruebas unitarias (domain, api)	2026-09-18T16:35:42.9470740Z > @be/domain@0.1.0 build
verificar · typecheck · unit · build · audit	Pruebas unitarias (domain, api)	2026-09-18T16:35:42.9471266Z > tsc -p tsconfig.json
verificar · typecheck · unit · build · audit	Pruebas unitarias (domain, api)	2026-09-18T16:35:42.9471577Z 
verificar · typecheck · unit · build · audit	Pruebas unitarias (domain, api)	2026-09-18T16:35:44.2059736Z 
verificar · typecheck · unit · build · audit	Pruebas unitarias (domain, api)	2026-09-18T16:35:44.2060853Z > @be/domain@0.1.0 test
verificar · typecheck · unit · build · audit	Pruebas unitarias (domain, api)	2026-09-18T16:35:44.2061882Z > node --test dist/**/*.test.js
verificar · typecheck · unit · build · audit	Pruebas unitarias (domain, api)	2026-09-18T16:35:44.2062402Z 
verificar · typecheck · unit · build · audit	Pruebas unitarias (domain, api)	2026-09-18T16:35:44.2435820Z TAP version 13
verificar · typecheck · unit · build · audit	Pruebas unitarias (domain, api)	2026-09-18T16:35:44.2721505Z # Subtest: 06 §5.7.2 — conjunto cerrado de tres estados, tokens CONV-06-02
verificar · typecheck · unit · build · audit	Pruebas unitarias (domain, api)	2026-09-18T16:35:44.2742970Z ok 1 - 06 §5.7.2 — conjunto cerrado de tres estados, tokens CONV-06-02
verificar · typecheck · unit · build · audit	Pruebas unitarias (domain, api)	2026-09-18T16:35:44.2752914Z   ---
verificar · typecheck · unit · build · audit	Pruebas unitarias (domain, api)	2026-09-18T16:35:44.2773396Z   duration_ms: 1.214446
verificar · typecheck · unit · build · audit	Pruebas unitarias (domain, api)	2026-09-18T16:35:44.2779797Z   type: 'test'
verificar · typecheck · unit · build · audit	Pruebas unitarias (domain, api)	2026-09-18T16:35:44.2780108Z   ...
verificar · typecheck · unit · build · audit	Pruebas unitarias (domain, api)	2026-09-18T16:35:44.2780600Z # Subtest: 06 §5.7.2 — inicial OPERATIVA, terminal CERRADA
verificar · typecheck · unit · build · audit	Pruebas unitarias (domain, api)	2026-09-18T16:35:44.2781037Z ok 2 - 06 §5.7.2 — inicial OPERATIVA, terminal CERRADA
verificar · typecheck · unit · build · audit	Pruebas unitarias (domain, api)	2026-09-18T16:35:44.2781294Z   ---
verificar · typecheck · unit · build · audit	Pruebas unitarias (domain, api)	2026-09-18T16:35:44.2781473Z   duration_ms: 0.129585
verificar · typecheck · unit · build · audit	Pruebas unitarias (domain, api)	2026-09-18T16:35:44.2781879Z   type: 'test'
verificar · typecheck · unit · build · audit	Pruebas unitarias (domain, api)	2026-09-18T16:35:44.2782129Z   ...
verificar · typecheck · unit · build · audit	Pruebas unitarias (domain, api)	2026-09-18T16:35:44.2782813Z # Subtest: 06 §5.7.4 — lista blanca exacta
verificar · typecheck · unit · build · audit	Pruebas unitarias (domain, api)	2026-09-18T16:35:44.2783266Z ok 3 - 06 §5.7.4 — lista blanca exacta
verificar · typecheck · unit · build · audit	Pruebas unitarias (domain, api)	2026-09-18T16:35:44.2783550Z   ---
verificar · typecheck · unit · build · audit	Pruebas unitarias (domain, api)	2026-09-18T16:35:44.2783762Z   duration_ms: 0.108343
verificar · typecheck · unit · build · audit	Pruebas unitarias (domain, api)	2026-09-18T16:35:44.2784019Z   type: 'test'
verificar · typecheck · unit · build · audit	Pruebas unitarias (domain, api)	2026-09-18T16:35:44.2784256Z   ...
verificar · typecheck · unit · build · audit	Pruebas unitarias (domain, api)	2026-09-18T16:35:44.2784907Z # Subtest: 06 §5.7.4 — toda transición no declarada está prohibida
verificar · typecheck · unit · build · audit	Pruebas unitarias (domain, api)	2026-09-18T16:35:44.2789428Z ok 4 - 06 §5.7.4 — toda transición no declarada está prohibida
verificar · typecheck · unit · build · audit	Pruebas unitarias (domain, api)	2026-09-18T16:35:44.2812426Z   ---
verificar · typecheck · unit · build · audit	Pruebas unitarias (domain, api)	2026-09-18T16:35:44.2812738Z   duration_ms: 0.156525
verificar · typecheck · unit · build · audit	Pruebas unitarias (domain, api)	2026-09-18T16:35:44.2838340Z   type: 'test'
verificar · typecheck · unit · build · audit	Pruebas unitarias (domain, api)	2026-09-18T16:35:44.2842295Z   ...
verificar · typecheck · unit · build · audit	Pruebas unitarias (domain, api)	2026-09-18T16:35:44.2843245Z # Subtest: 06 §5.7.2/§5.7.4 — CERRADA no tiene salida y SUSPENDIDA→CERRADA no existe
verificar · typecheck · unit · build · audit	Pruebas unitarias (domain, api)	2026-09-18T16:35:44.2844287Z ok 5 - 06 §5.7.2/§5.7.4 — CERRADA no tiene salida y SUSPENDIDA→CERRADA no existe
verificar · typecheck · unit · build · audit	Pruebas unitarias (domain, api)	2026-09-18T16:35:44.2844784Z   ---
verificar · typecheck · unit · build · audit	Pruebas unitarias (domain, api)	2026-09-18T16:35:44.2845041Z   duration_ms: 0.110586
verificar · typecheck · unit · build · audit	Pruebas unitarias (domain, api)	2026-09-18T16:35:44.2845342Z   type: 'test'
verificar · typecheck · unit · build · audit	Pruebas unitarias (domain, api)	2026-09-18T16:35:44.2845601Z   ...
verificar · typecheck · unit · build · audit	Pruebas unitarias (domain, api)	2026-09-18T16:35:44.2845890Z 1..5
verificar · typecheck · unit · build · audit	Pruebas unitarias (domain, api)	2026-09-18T16:35:44.2849831Z # tests 5
verificar · typecheck · unit · build · audit	Pruebas unitarias (domain, api)	2026-09-18T16:35:44.2850305Z # suites 0
verificar · typecheck · unit · build · audit	Pruebas unitarias (domain, api)	2026-09-18T16:35:44.2850837Z # pass 5
verificar · typecheck · unit · build · audit	Pruebas unitarias (domain, api)	2026-09-18T16:35:44.2851312Z # fail 0
verificar · typecheck · unit · build · audit	Pruebas unitarias (domain, api)	2026-09-18T16:35:44.2851918Z # cancelled 0
verificar · typecheck · unit · build · audit	Pruebas unitarias (domain, api)	2026-09-18T16:35:44.2852357Z # skipped 0
verificar · typecheck · unit · build · audit	Pruebas unitarias (domain, api)	2026-09-18T16:35:44.2852825Z # todo 0
verificar · typecheck · unit · build · audit	Pruebas unitarias (domain, api)	2026-09-18T16:35:44.2853256Z # duration_ms 50.720753
verificar · typecheck · unit · build · audit	Pruebas unitarias (domain, api)	2026-09-18T16:35:44.3842387Z 
verificar · typecheck · unit · build · audit	Pruebas unitarias (domain, api)	2026-09-18T16:35:44.3843232Z > @be/api@0.1.0 test
verificar · typecheck · unit · build · audit	Pruebas unitarias (domain, api)	2026-09-18T16:35:44.3843825Z > jest --config jest.config.js
verificar · typecheck · unit · build · audit	Pruebas unitarias (domain, api)	2026-09-18T16:35:44.3844332Z 
verificar · typecheck · unit · build · audit	Pruebas unitarias (domain, api)	2026-09-18T16:35:47.2451422Z {"nivel":"info","requestId":"e9142f1e-10f3-40e2-819a-4264655ebc8c","metodo":"GET","ruta":"/health/live","status":200,"duracionMs":3}
verificar · typecheck · unit · build · audit	Pruebas unitarias (domain, api)	2026-09-18T16:35:47.2464929Z {"nivel":"info","requestId":"8fd7695e-8b5d-4166-81d1-952a330169fc","metodo":"GET","ruta":"/health","status":200,"duracionMs":3}
verificar · typecheck · unit · build · audit	Pruebas unitarias (domain, api)	2026-09-18T16:35:47.2493205Z {"nivel":"info","requestId":"3a8e1637-607b-4f3b-b94b-9a5c87a55e9b","metodo":"GET","ruta":"/health/ready","status":200,"duracionMs":0}
verificar · typecheck · unit · build · audit	Pruebas unitarias (domain, api)	2026-09-18T16:35:47.2517735Z {"nivel":"info","requestId":"b2dfc008-c9e7-4e91-b409-f7be0eb88f4f","metodo":"GET","ruta":"/health/ready","status":503,"duracionMs":0}
verificar · typecheck · unit · build · audit	Pruebas unitarias (domain, api)	2026-09-18T16:35:47.2522775Z {"nivel":"info","requestId":"5baebcaa-4bf0-4f89-bb7d-be309dae39ca","metodo":"GET","ruta":"/health","status":503,"duracionMs":5}
verificar · typecheck · unit · build · audit	Pruebas unitarias (domain, api)	2026-09-18T16:35:47.2976694Z PASS src/health/health.spec.ts
verificar · typecheck · unit · build · audit	Pruebas unitarias (domain, api)	2026-09-18T16:35:47.5045760Z {"nivel":"info","requestId":"dc63405b-ab09-4c00-8a1a-484256a129a3","metodo":"GET","ruta":"/health/ready","status":503,"duracionMs":2}
verificar · typecheck · unit · build · audit	Pruebas unitarias (domain, api)	2026-09-18T16:35:47.5047471Z {"nivel":"info","requestId":"468233e0-2eda-4295-b663-d708b4e94b8c","metodo":"GET","ruta":"/health/ready","status":200,"duracionMs":0}
verificar · typecheck · unit · build · audit	Pruebas unitarias (domain, api)	2026-09-18T16:35:47.5048853Z PASS src/config/entorno.spec.ts
verificar · typecheck · unit · build · audit	Pruebas unitarias (domain, api)	2026-09-18T16:35:47.5050219Z {"nivel":"info","requestId":"8f0c0c65-5a28-4b35-9633-8d623df2a0ab","metodo":"GET","ruta":"SIN_RUTA","status":404,"duracionMs":0}
verificar · typecheck · unit · build · audit	Pruebas unitarias (domain, api)	2026-09-18T16:35:47.5051890Z {"nivel":"info","requestId":"9a57efd5-6571-4897-8d8b-79c00d865e08","metodo":"GET","ruta":"SIN_RUTA","status":404,"duracionMs":0}
verificar · typecheck · unit · build · audit	Pruebas unitarias (domain, api)	2026-09-18T16:35:47.5062361Z 
verificar · typecheck · unit · build · audit	Pruebas unitarias (domain, api)	2026-09-18T16:35:47.5074018Z Test Suites: 2 passed, 2 total
verificar · typecheck · unit · build · audit	Pruebas unitarias (domain, api)	2026-09-18T16:35:47.5074328Z Tests:       17 passed, 17 total
verificar · typecheck · unit · build · audit	Pruebas unitarias (domain, api)	2026-09-18T16:35:47.5074564Z Snapshots:   0 total
verificar · typecheck · unit · build · audit	Pruebas unitarias (domain, api)	2026-09-18T16:35:47.5074762Z Time:        2.977 s
verificar · typecheck · unit · build · audit	Pruebas unitarias (domain, api)	2026-09-18T16:35:47.5074958Z Ran all test suites.
verificar · typecheck · unit · build · audit	Build API	﻿2026-09-18T16:35:47.6519004Z ##[group]Run npm run build:api
verificar · typecheck · unit · build · audit	Build API	2026-09-18T16:35:47.6519275Z ^[[36;1mnpm run build:api^[[0m
verificar · typecheck · unit · build · audit	Build API	2026-09-18T16:35:47.6551927Z shell: /usr/bin/bash -e {0}
verificar · typecheck · unit · build · audit	Build API	2026-09-18T16:35:47.6552151Z ##[endgroup]
verificar · typecheck · unit · build · audit	Build API	2026-09-18T16:35:47.7347646Z 
verificar · typecheck · unit · build · audit	Build API	2026-09-18T16:35:47.7348493Z > be@0.1.0 build:api
verificar · typecheck · unit · build · audit	Build API	2026-09-18T16:35:47.7349531Z > npm run build:domain && npm run build -w @be/api
verificar · typecheck · unit · build · audit	Build API	2026-09-18T16:35:47.7350121Z 
verificar · typecheck · unit · build · audit	Build API	2026-09-18T16:35:47.8195983Z 
verificar · typecheck · unit · build · audit	Build API	2026-09-18T16:35:47.8196491Z > be@0.1.0 build:domain
verificar · typecheck · unit · build · audit	Build API	2026-09-18T16:35:47.8197285Z > npm run build -w @be/domain
verificar · typecheck · unit · build · audit	Build API	2026-09-18T16:35:47.8197751Z 
verificar · typecheck · unit · build · audit	Build API	2026-09-18T16:35:47.9124330Z 
verificar · typecheck · unit · build · audit	Build API	2026-09-18T16:35:47.9125209Z > @be/domain@0.1.0 build
verificar · typecheck · unit · build · audit	Build API	2026-09-18T16:35:47.9125857Z > tsc -p tsconfig.json
verificar · typecheck · unit · build · audit	Build API	2026-09-18T16:35:47.9126245Z 
verificar · typecheck · unit · build · audit	Build API	2026-09-18T16:35:49.0499924Z 
verificar · typecheck · unit · build · audit	Build API	2026-09-18T16:35:49.0500811Z > @be/api@0.1.0 build
verificar · typecheck · unit · build · audit	Build API	2026-09-18T16:35:49.0501959Z > tsc -p tsconfig.build.json
verificar · typecheck · unit · build · audit	Build API	2026-09-18T16:35:49.0502510Z 
verificar · typecheck · unit · build · audit	Build web (export estático)	﻿2026-09-18T16:35:50.5297474Z ##[group]Run npm run build:web
verificar · typecheck · unit · build · audit	Build web (export estático)	2026-09-18T16:35:50.5297749Z ^[[36;1mnpm run build:web^[[0m
verificar · typecheck · unit · build · audit	Build web (export estático)	2026-09-18T16:35:50.5329231Z shell: /usr/bin/bash -e {0}
verificar · typecheck · unit · build · audit	Build web (export estático)	2026-09-18T16:35:50.5329462Z ##[endgroup]
verificar · typecheck · unit · build · audit	Build web (export estático)	2026-09-18T16:35:50.6147286Z 
verificar · typecheck · unit · build · audit	Build web (export estático)	2026-09-18T16:35:50.6148120Z > be@0.1.0 build:web
verificar · typecheck · unit · build · audit	Build web (export estático)	2026-09-18T16:35:50.6148727Z > npm run build -w @be/web
verificar · typecheck · unit · build · audit	Build web (export estático)	2026-09-18T16:35:50.6149170Z 
verificar · typecheck · unit · build · audit	Build web (export estático)	2026-09-18T16:35:50.7191997Z 
verificar · typecheck · unit · build · audit	Build web (export estático)	2026-09-18T16:35:50.7212219Z > @be/web@0.1.0 build
verificar · typecheck · unit · build · audit	Build web (export estático)	2026-09-18T16:35:50.7212557Z > next build
verificar · typecheck · unit · build · audit	Build web (export estático)	2026-09-18T16:35:50.7212722Z 
verificar · typecheck · unit · build · audit	Build web (export estático)	2026-09-18T16:35:51.2493048Z ⚠ No build cache found. Please configure build caching for faster rebuilds. Read more: https://nextjs.org/docs/messages/no-cache
verificar · typecheck · unit · build · audit	Build web (export estático)	2026-09-18T16:35:51.2919400Z Attention: Next.js now collects completely anonymous telemetry regarding usage.
verificar · typecheck · unit · build · audit	Build web (export estático)	2026-09-18T16:35:51.2920476Z This information is used to shape Next.js' roadmap and prioritize features.
verificar · typecheck · unit · build · audit	Build web (export estático)	2026-09-18T16:35:51.2922378Z You can learn more, including how to opt-out if you'd not like to participate in this anonymous program, by visiting the following URL:
verificar · typecheck · unit · build · audit	Build web (export estático)	2026-09-18T16:35:51.2923710Z https://nextjs.org/telemetry
verificar · typecheck · unit · build · audit	Build web (export estático)	2026-09-18T16:35:51.2924188Z 
verificar · typecheck · unit · build · audit	Build web (export estático)	2026-09-18T16:35:51.3927824Z    ▲ Next.js 15.5.25
verificar · typecheck · unit · build · audit	Build web (export estático)	2026-09-18T16:35:51.3938938Z 
verificar · typecheck · unit · build · audit	Build web (export estático)	2026-09-18T16:35:51.4456132Z    Creating an optimized production build ...
verificar · typecheck · unit · build · audit	Build web (export estático)	2026-09-18T16:35:57.8124534Z  ✓ Compiled successfully in 4.4s
verificar · typecheck · unit · build · audit	Build web (export estático)	2026-09-18T16:35:57.8162046Z    Linting and checking validity of types ...
verificar · typecheck · unit · build · audit	Build web (export estático)	2026-09-18T16:36:00.1488987Z    Collecting page data ...
verificar · typecheck · unit · build · audit	Build web (export estático)	2026-09-18T16:36:01.3050718Z    Generating static pages (0/4) ...
verificar · typecheck · unit · build · audit	Build web (export estático)	2026-09-18T16:36:01.9502663Z    Generating static pages (1/4) 
verificar · typecheck · unit · build · audit	Build web (export estático)	2026-09-18T16:36:01.9515516Z    Generating static pages (2/4) 
verificar · typecheck · unit · build · audit	Build web (export estático)	2026-09-18T16:36:01.9543711Z    Generating static pages (3/4) 
verificar · typecheck · unit · build · audit	Build web (export estático)	2026-09-18T16:36:01.9553182Z  ✓ Generating static pages (4/4)
verificar · typecheck · unit · build · audit	Build web (export estático)	2026-09-18T16:36:02.4609398Z    Finalizing page optimization ...
verificar · typecheck · unit · build · audit	Build web (export estático)	2026-09-18T16:36:02.4610309Z    Collecting build traces ...
verificar · typecheck · unit · build · audit	Build web (export estático)	2026-09-18T16:36:07.3712284Z    Exporting (0/2) ...
verificar · typecheck · unit · build · audit	Build web (export estático)	2026-09-18T16:36:07.5754730Z  ✓ Exporting (2/2)
verificar · typecheck · unit · build · audit	Build web (export estático)	2026-09-18T16:36:07.5802316Z 
verificar · typecheck · unit · build · audit	Build web (export estático)	2026-09-18T16:36:07.5822463Z Route (app)                                 Size  First Load JS
verificar · typecheck · unit · build · audit	Build web (export estático)	2026-09-18T16:36:07.5832615Z ┌ ○ /                                      122 B         103 kB
verificar · typecheck · unit · build · audit	Build web (export estático)	2026-09-18T16:36:07.5842578Z └ ○ /_not-found                            989 B         103 kB
verificar · typecheck · unit · build · audit	Build web (export estático)	2026-09-18T16:36:07.5843496Z + First Load JS shared by all             102 kB
verificar · typecheck · unit · build · audit	Build web (export estático)	2026-09-18T16:36:07.5852418Z   ├ chunks/18-322c3a0465595f76.js        46.4 kB
verificar · typecheck · unit · build · audit	Build web (export estático)	2026-09-18T16:36:07.5853032Z   ├ chunks/87c73c54-0375ba195de27293.js  54.2 kB
verificar · typecheck · unit · build · audit	Build web (export estático)	2026-09-18T16:36:07.5853526Z   └ other shared chunks (total)          1.84 kB
verificar · typecheck · unit · build · audit	Build web (export estático)	2026-09-18T16:36:07.5853828Z 
verificar · typecheck · unit · build · audit	Build web (export estático)	2026-09-18T16:36:07.5882026Z 
verificar · typecheck · unit · build · audit	Build web (export estático)	2026-09-18T16:36:07.5892295Z ○  (Static)  prerendered as static content
verificar · typecheck · unit · build · audit	Build web (export estático)	2026-09-18T16:36:07.5902160Z 
verificar · typecheck · unit · build · audit	npm audit --omit=dev — falla con altos o críticos (WP-01 §2)	﻿2026-09-18T16:36:07.6492951Z ##[group]Run npm run audit:prod
verificar · typecheck · unit · build · audit	npm audit --omit=dev — falla con altos o críticos (WP-01 §2)	2026-09-18T16:36:07.6493239Z ^[[36;1mnpm run audit:prod^[[0m
verificar · typecheck · unit · build · audit	npm audit --omit=dev — falla con altos o críticos (WP-01 §2)	2026-09-18T16:36:07.6526992Z shell: /usr/bin/bash -e {0}
verificar · typecheck · unit · build · audit	npm audit --omit=dev — falla con altos o críticos (WP-01 §2)	2026-09-18T16:36:07.6527224Z ##[endgroup]
verificar · typecheck · unit · build · audit	npm audit --omit=dev — falla con altos o críticos (WP-01 §2)	2026-09-18T16:36:07.7339826Z 
verificar · typecheck · unit · build · audit	npm audit --omit=dev — falla con altos o críticos (WP-01 §2)	2026-09-18T16:36:07.7340369Z > be@0.1.0 audit:prod
verificar · typecheck · unit · build · audit	npm audit --omit=dev — falla con altos o críticos (WP-01 §2)	2026-09-18T16:36:07.7342292Z > npm audit --omit=dev --audit-level=high -w @be/api && npm audit --omit=dev --audit-level=high -w @be/web && npm audit --omit=dev --audit-level=high -w @be/mobile
verificar · typecheck · unit · build · audit	npm audit --omit=dev — falla con altos o críticos (WP-01 §2)	2026-09-18T16:36:07.7343379Z 
verificar · typecheck · unit · build · audit	npm audit --omit=dev — falla con altos o críticos (WP-01 §2)	2026-09-18T16:36:08.3098331Z found 0 vulnerabilities
verificar · typecheck · unit · build · audit	npm audit --omit=dev — falla con altos o críticos (WP-01 §2)	2026-09-18T16:36:08.8202860Z found 0 vulnerabilities
verificar · typecheck · unit · build · audit	npm audit --omit=dev — falla con altos o críticos (WP-01 §2)	2026-09-18T16:36:09.6512940Z # npm audit report
verificar · typecheck · unit · build · audit	npm audit --omit=dev — falla con altos o críticos (WP-01 §2)	2026-09-18T16:36:09.6513322Z 
verificar · typecheck · unit · build · audit	npm audit --omit=dev — falla con altos o críticos (WP-01 §2)	2026-09-18T16:36:09.6520740Z uuid  <11.1.1
verificar · typecheck · unit · build · audit	npm audit --omit=dev — falla con altos o críticos (WP-01 §2)	2026-09-18T16:36:09.6521042Z Severity: moderate
verificar · typecheck · unit · build · audit	npm audit --omit=dev — falla con altos o críticos (WP-01 §2)	2026-09-18T16:36:09.6521640Z uuid: Missing buffer bounds check in v3/v5/v6 when buf is provided - https://github.com/advisories/GHSA-w5hq-g745-h8pq
verificar · typecheck · unit · build · audit	npm audit --omit=dev — falla con altos o críticos (WP-01 §2)	2026-09-18T16:36:09.6522616Z fix available via `npm audit fix --force`
verificar · typecheck · unit · build · audit	npm audit --omit=dev — falla con altos o críticos (WP-01 §2)	2026-09-18T16:36:09.6523161Z Will install expo@46.0.21, which is a breaking change
verificar · typecheck · unit · build · audit	npm audit --omit=dev — falla con altos o críticos (WP-01 §2)	2026-09-18T16:36:09.6523671Z node_modules/uuid
verificar · typecheck · unit · build · audit	npm audit --omit=dev — falla con altos o críticos (WP-01 §2)	2026-09-18T16:36:09.6523951Z   xcode  >=0.9.2
verificar · typecheck · unit · build · audit	npm audit --omit=dev — falla con altos o críticos (WP-01 §2)	2026-09-18T16:36:09.6524295Z   Depends on vulnerable versions of uuid
verificar · typecheck · unit · build · audit	npm audit --omit=dev — falla con altos o críticos (WP-01 §2)	2026-09-18T16:36:09.6524667Z   node_modules/xcode
verificar · typecheck · unit · build · audit	npm audit --omit=dev — falla con altos o críticos (WP-01 §2)	2026-09-18T16:36:09.6524961Z     @expo/config-plugins  *
verificar · typecheck · unit · build · audit	npm audit --omit=dev — falla con altos o críticos (WP-01 §2)	2026-09-18T16:36:09.6525351Z     Depends on vulnerable versions of xcode
verificar · typecheck · unit · build · audit	npm audit --omit=dev — falla con altos o críticos (WP-01 §2)	2026-09-18T16:36:09.6525778Z     node_modules/@expo/config-plugins
verificar · typecheck · unit · build · audit	npm audit --omit=dev — falla con altos o críticos (WP-01 §2)	2026-09-18T16:36:09.6526358Z       @expo/cli  <=0.0.0-canary-20231123-1b19f96-4 || >=0.0.1-canary-20231125-d600e44
verificar · typecheck · unit · build · audit	npm audit --omit=dev — falla con altos o críticos (WP-01 §2)	2026-09-18T16:36:09.6527006Z       Depends on vulnerable versions of @expo/config
verificar · typecheck · unit · build · audit	npm audit --omit=dev — falla con altos o críticos (WP-01 §2)	2026-09-18T16:36:09.6527559Z       Depends on vulnerable versions of @expo/config-plugins
verificar · typecheck · unit · build · audit	npm audit --omit=dev — falla con altos o críticos (WP-01 §2)	2026-09-18T16:36:09.6528129Z       Depends on vulnerable versions of @expo/inline-modules
verificar · typecheck · unit · build · audit	npm audit --omit=dev — falla con altos o críticos (WP-01 §2)	2026-09-18T16:36:09.6528700Z       Depends on vulnerable versions of @expo/metro-config
verificar · typecheck · unit · build · audit	npm audit --omit=dev — falla con altos o críticos (WP-01 §2)	2026-09-18T16:36:09.6529263Z       Depends on vulnerable versions of @expo/prebuild-config
verificar · typecheck · unit · build · audit	npm audit --omit=dev — falla con altos o críticos (WP-01 §2)	2026-09-18T16:36:09.6529732Z       node_modules/@expo/cli
verificar · typecheck · unit · build · audit	npm audit --omit=dev — falla con altos o críticos (WP-01 §2)	2026-09-18T16:36:09.6530196Z         expo  40.0.0-alpha.0 - 40.0.0-beta.5 || >=41.0.0-alpha.0
verificar · typecheck · unit · build · audit	npm audit --omit=dev — falla con altos o críticos (WP-01 §2)	2026-09-18T16:36:09.6530709Z         Depends on vulnerable versions of @expo/cli
verificar · typecheck · unit · build · audit	npm audit --omit=dev — falla con altos o críticos (WP-01 §2)	2026-09-18T16:36:09.6531205Z         Depends on vulnerable versions of @expo/config
verificar · typecheck · unit · build · audit	npm audit --omit=dev — falla con altos o críticos (WP-01 §2)	2026-09-18T16:36:09.6531870Z         Depends on vulnerable versions of @expo/config-plugins
verificar · typecheck · unit · build · audit	npm audit --omit=dev — falla con altos o críticos (WP-01 §2)	2026-09-18T16:36:09.6532449Z         Depends on vulnerable versions of @expo/local-build-cache-provider
verificar · typecheck · unit · build · audit	npm audit --omit=dev — falla con altos o críticos (WP-01 §2)	2026-09-18T16:36:09.6533052Z         Depends on vulnerable versions of @expo/metro-config
verificar · typecheck · unit · build · audit	npm audit --omit=dev — falla con altos o críticos (WP-01 §2)	2026-09-18T16:36:09.6533486Z         node_modules/expo
verificar · typecheck · unit · build · audit	npm audit --omit=dev — falla con altos o críticos (WP-01 §2)	2026-09-18T16:36:09.6533944Z       @expo/config  <=0.0.1-canary-20240418-8d74597 || >=3.3.23-alpha.0
verificar · typecheck · unit · build · audit	npm audit --omit=dev — falla con altos o críticos (WP-01 §2)	2026-09-18T16:36:09.6534519Z       Depends on vulnerable versions of @expo/config-plugins
verificar · typecheck · unit · build · audit	npm audit --omit=dev — falla con altos o críticos (WP-01 §2)	2026-09-18T16:36:09.6535014Z       node_modules/@expo/config
verificar · typecheck · unit · build · audit	npm audit --omit=dev — falla con altos o críticos (WP-01 §2)	2026-09-18T16:36:09.6535391Z         @expo/local-build-cache-provider  *
verificar · typecheck · unit · build · audit	npm audit --omit=dev — falla con altos o críticos (WP-01 §2)	2026-09-18T16:36:09.6535805Z         Depends on vulnerable versions of @expo/config
verificar · typecheck · unit · build · audit	npm audit --omit=dev — falla con altos o críticos (WP-01 §2)	2026-09-18T16:36:09.6536272Z         node_modules/@expo/local-build-cache-provider
verificar · typecheck · unit · build · audit	npm audit --omit=dev — falla con altos o críticos (WP-01 §2)	2026-09-18T16:36:09.6540965Z         @expo/metro-config  <=0.0.1-canary-20240418-8d74597 || >=0.1.49-alpha.0
verificar · typecheck · unit · build · audit	npm audit --omit=dev — falla con altos o críticos (WP-01 §2)	2026-09-18T16:36:09.6541559Z         Depends on vulnerable versions of @expo/config
verificar · typecheck · unit · build · audit	npm audit --omit=dev — falla con altos o críticos (WP-01 §2)	2026-09-18T16:36:09.6542163Z         node_modules/@expo/metro-config
verificar · typecheck · unit · build · audit	npm audit --omit=dev — falla con altos o críticos (WP-01 §2)	2026-09-18T16:36:09.6542570Z       @expo/inline-modules  >=0.0.2-canary-20260409-6fc2991
verificar · typecheck · unit · build · audit	npm audit --omit=dev — falla con altos o críticos (WP-01 §2)	2026-09-18T16:36:09.6543024Z       Depends on vulnerable versions of @expo/config-plugins
verificar · typecheck · unit · build · audit	npm audit --omit=dev — falla con altos o críticos (WP-01 §2)	2026-09-18T16:36:09.6543765Z       node_modules/@expo/inline-modules
verificar · typecheck · unit · build · audit	npm audit --omit=dev — falla con altos o críticos (WP-01 §2)	2026-09-18T16:36:09.6544106Z       @expo/prebuild-config  *
verificar · typecheck · unit · build · audit	npm audit --omit=dev — falla con altos o críticos (WP-01 §2)	2026-09-18T16:36:09.6544470Z       Depends on vulnerable versions of @expo/config
verificar · typecheck · unit · build · audit	npm audit --omit=dev — falla con altos o críticos (WP-01 §2)	2026-09-18T16:36:09.6544972Z       Depends on vulnerable versions of @expo/config-plugins
verificar · typecheck · unit · build · audit	npm audit --omit=dev — falla con altos o críticos (WP-01 §2)	2026-09-18T16:36:09.6545396Z       node_modules/@expo/prebuild-config
verificar · typecheck · unit · build · audit	npm audit --omit=dev — falla con altos o críticos (WP-01 §2)	2026-09-18T16:36:09.6545615Z 
verificar · typecheck · unit · build · audit	npm audit --omit=dev — falla con altos o críticos (WP-01 §2)	2026-09-18T16:36:09.6545796Z 10 moderate severity vulnerabilities
verificar · typecheck · unit · build · audit	npm audit --omit=dev — falla con altos o críticos (WP-01 §2)	2026-09-18T16:36:09.6546261Z 
verificar · typecheck · unit · build · audit	npm audit --omit=dev — falla con altos o críticos (WP-01 §2)	2026-09-18T16:36:09.6546528Z To address issues that do not require attention, run:
verificar · typecheck · unit · build · audit	npm audit --omit=dev — falla con altos o críticos (WP-01 §2)	2026-09-18T16:36:09.6546878Z   npm audit fix
verificar · typecheck · unit · build · audit	npm audit --omit=dev — falla con altos o críticos (WP-01 §2)	2026-09-18T16:36:09.6547010Z 
verificar · typecheck · unit · build · audit	npm audit --omit=dev — falla con altos o críticos (WP-01 §2)	2026-09-18T16:36:09.6547237Z To address all issues (including breaking changes), run:
verificar · typecheck · unit · build · audit	npm audit --omit=dev — falla con altos o críticos (WP-01 §2)	2026-09-18T16:36:09.6547628Z   npm audit fix --force
verificar · typecheck · unit · build · audit	Post Run actions/setup-node@v7	﻿2026-09-18T16:36:09.6773438Z Post job cleanup.
verificar · typecheck · unit · build · audit	Post Run actions/setup-node@v7	2026-09-18T16:36:09.7722084Z Cache hit occurred on the primary key node-cache-Linux-x64-npm-7396c85b21c1ff035b68dae6b6e7bee2b1d9ae3763791523047320e5c91bdfb2, not saving cache.
verificar · typecheck · unit · build · audit	Post Run actions/checkout@v7	﻿2026-09-18T16:36:09.7843783Z Post job cleanup.
verificar · typecheck · unit · build · audit	Post Run actions/checkout@v7	2026-09-18T16:36:09.8603871Z [command]/usr/bin/git version
verificar · typecheck · unit · build · audit	Post Run actions/checkout@v7	2026-09-18T16:36:09.8682245Z git version 2.55.0
verificar · typecheck · unit · build · audit	Post Run actions/checkout@v7	2026-09-18T16:36:09.8748516Z Temporarily overriding HOME='/home/runner/work/_temp/75b3d415-2680-4793-8590-2c9f465e61be' before making global git config changes
verificar · typecheck · unit · build · audit	Post Run actions/checkout@v7	2026-09-18T16:36:09.8755235Z Adding repository directory to the temporary git global config as a safe directory
verificar · typecheck · unit · build · audit	Post Run actions/checkout@v7	2026-09-18T16:36:09.8756378Z [command]/usr/bin/git config --global --add safe.directory /home/runner/work/be/be
verificar · typecheck · unit · build · audit	Post Run actions/checkout@v7	2026-09-18T16:36:09.8791887Z Removing SSH command configuration
verificar · typecheck · unit · build · audit	Post Run actions/checkout@v7	2026-09-18T16:36:09.8792704Z [command]/usr/bin/git config --local --name-only --get-regexp core\.sshCommand
verificar · typecheck · unit · build · audit	Post Run actions/checkout@v7	2026-09-18T16:36:09.8851149Z [command]/usr/bin/git submodule foreach --recursive sh -c "git config --local --name-only --get-regexp 'core\.sshCommand' && git config --local --unset-all 'core.sshCommand' || :"
verificar · typecheck · unit · build · audit	Post Run actions/checkout@v7	2026-09-18T16:36:09.9166776Z Removing HTTP extra header
verificar · typecheck · unit · build · audit	Post Run actions/checkout@v7	2026-09-18T16:36:09.9167755Z [command]/usr/bin/git config --local --name-only --get-regexp http\.https\:\/\/github\.com\/\.extraheader
verificar · typecheck · unit · build · audit	Post Run actions/checkout@v7	2026-09-18T16:36:09.9253518Z [command]/usr/bin/git submodule foreach --recursive sh -c "git config --local --name-only --get-regexp 'http\.https\:\/\/github\.com\/\.extraheader' && git config --local --unset-all 'http.https://github.com/.extraheader' || :"
verificar · typecheck · unit · build · audit	Post Run actions/checkout@v7	2026-09-18T16:36:09.9547249Z Removing includeIf entries pointing to credentials config files
verificar · typecheck · unit · build · audit	Post Run actions/checkout@v7	2026-09-18T16:36:09.9548317Z [command]/usr/bin/git config --local --name-only --get-regexp ^includeIf\.gitdir:
verificar · typecheck · unit · build · audit	Post Run actions/checkout@v7	2026-09-18T16:36:09.9589795Z includeif.gitdir:/home/runner/work/be/be/.git.path
verificar · typecheck · unit · build · audit	Post Run actions/checkout@v7	2026-09-18T16:36:09.9590647Z includeif.gitdir:/home/runner/work/be/be/.git/worktrees/*.path
verificar · typecheck · unit · build · audit	Post Run actions/checkout@v7	2026-09-18T16:36:09.9591382Z includeif.gitdir:/github/workspace/.git.path
verificar · typecheck · unit · build · audit	Post Run actions/checkout@v7	2026-09-18T16:36:09.9592392Z includeif.gitdir:/github/workspace/.git/worktrees/*.path
verificar · typecheck · unit · build · audit	Post Run actions/checkout@v7	2026-09-18T16:36:09.9594503Z [command]/usr/bin/git config --local --get-all includeif.gitdir:/home/runner/work/be/be/.git.path
verificar · typecheck · unit · build · audit	Post Run actions/checkout@v7	2026-09-18T16:36:09.9629011Z /home/runner/work/_temp/git-credentials-2ad046da-8c9a-4d79-939a-2232ff75cdfb.config
verificar · typecheck · unit · build · audit	Post Run actions/checkout@v7	2026-09-18T16:36:09.9649490Z [command]/usr/bin/git config --local --unset includeif.gitdir:/home/runner/work/be/be/.git.path \/home\/runner\/work\/_temp\/git\-credentials\-2ad046da\-8c9a\-4d79\-939a\-2232ff75cdfb\.config
verificar · typecheck · unit · build · audit	Post Run actions/checkout@v7	2026-09-18T16:36:09.9708807Z [command]/usr/bin/git config --local --get-all includeif.gitdir:/home/runner/work/be/be/.git/worktrees/*.path
verificar · typecheck · unit · build · audit	Post Run actions/checkout@v7	2026-09-18T16:36:09.9747153Z /home/runner/work/_temp/git-credentials-2ad046da-8c9a-4d79-939a-2232ff75cdfb.config
verificar · typecheck · unit · build · audit	Post Run actions/checkout@v7	2026-09-18T16:36:09.9765218Z [command]/usr/bin/git config --local --unset includeif.gitdir:/home/runner/work/be/be/.git/worktrees/*.path \/home\/runner\/work\/_temp\/git\-credentials\-2ad046da\-8c9a\-4d79\-939a\-2232ff75cdfb\.config
verificar · typecheck · unit · build · audit	Post Run actions/checkout@v7	2026-09-18T16:36:10.0234096Z [command]/usr/bin/git config --local --get-all includeif.gitdir:/github/workspace/.git.path
verificar · typecheck · unit · build · audit	Post Run actions/checkout@v7	2026-09-18T16:36:10.0272668Z /github/runner_temp/git-credentials-2ad046da-8c9a-4d79-939a-2232ff75cdfb.config
verificar · typecheck · unit · build · audit	Post Run actions/checkout@v7	2026-09-18T16:36:10.0293614Z [command]/usr/bin/git config --local --unset includeif.gitdir:/github/workspace/.git.path \/github\/runner_temp\/git\-credentials\-2ad046da\-8c9a\-4d79\-939a\-2232ff75cdfb\.config
verificar · typecheck · unit · build · audit	Post Run actions/checkout@v7	2026-09-18T16:36:10.0340466Z [command]/usr/bin/git config --local --get-all includeif.gitdir:/github/workspace/.git/worktrees/*.path
verificar · typecheck · unit · build · audit	Post Run actions/checkout@v7	2026-09-18T16:36:10.0374803Z /github/runner_temp/git-credentials-2ad046da-8c9a-4d79-939a-2232ff75cdfb.config
verificar · typecheck · unit · build · audit	Post Run actions/checkout@v7	2026-09-18T16:36:10.0406660Z [command]/usr/bin/git config --local --unset includeif.gitdir:/github/workspace/.git/worktrees/*.path \/github\/runner_temp\/git\-credentials\-2ad046da\-8c9a\-4d79\-939a\-2232ff75cdfb\.config
verificar · typecheck · unit · build · audit	Post Run actions/checkout@v7	2026-09-18T16:36:10.0442883Z [command]/usr/bin/git submodule foreach --recursive git config --local --show-origin --name-only --get-regexp remote.origin.url
verificar · typecheck · unit · build · audit	Post Run actions/checkout@v7	2026-09-18T16:36:10.0753085Z Removing credentials config '/home/runner/work/_temp/git-credentials-2ad046da-8c9a-4d79-939a-2232ff75cdfb.config'
verificar · typecheck · unit · build · audit	Complete job	﻿2026-09-18T16:36:10.0871208Z Cleaning up orphan processes
imagen API · migrate deploy + readiness (ASR-09)	Set up job	﻿2026-09-18T16:34:36.4316909Z Current runner version: '2.337.0'
imagen API · migrate deploy + readiness (ASR-09)	Set up job	2026-09-18T16:34:36.4396479Z ##[group]Runner Image Provisioner
imagen API · migrate deploy + readiness (ASR-09)	Set up job	2026-09-18T16:34:36.4398281Z Hosted Compute Agent
imagen API · migrate deploy + readiness (ASR-09)	Set up job	2026-09-18T16:34:36.4399375Z Version: 20260828.587
imagen API · migrate deploy + readiness (ASR-09)	Set up job	2026-09-18T16:34:36.4400888Z Commit: abac92662cab4cc7352de4f9f9d2e2419aad9c29
imagen API · migrate deploy + readiness (ASR-09)	Set up job	2026-09-18T16:34:36.4402489Z Build Date: 2026-08-28T16:44:25Z
imagen API · migrate deploy + readiness (ASR-09)	Set up job	2026-09-18T16:34:36.4403664Z Worker ID: {3cc738ec-6eed-4646-8ac6-4b0738dd4710}
imagen API · migrate deploy + readiness (ASR-09)	Set up job	2026-09-18T16:34:36.4405006Z Azure Region: eastus2
imagen API · migrate deploy + readiness (ASR-09)	Set up job	2026-09-18T16:34:36.4406042Z ##[endgroup]
imagen API · migrate deploy + readiness (ASR-09)	Set up job	2026-09-18T16:34:36.4408356Z ##[group]Operating System
imagen API · migrate deploy + readiness (ASR-09)	Set up job	2026-09-18T16:34:36.4409641Z Ubuntu
imagen API · migrate deploy + readiness (ASR-09)	Set up job	2026-09-18T16:34:36.4430952Z 24.04.5
imagen API · migrate deploy + readiness (ASR-09)	Set up job	2026-09-18T16:34:36.4432024Z LTS
imagen API · migrate deploy + readiness (ASR-09)	Set up job	2026-09-18T16:34:36.4432952Z ##[endgroup]
imagen API · migrate deploy + readiness (ASR-09)	Set up job	2026-09-18T16:34:36.4434453Z ##[group]Runner Image
imagen API · migrate deploy + readiness (ASR-09)	Set up job	2026-09-18T16:34:36.4435597Z Image: ubuntu-24.04
imagen API · migrate deploy + readiness (ASR-09)	Set up job	2026-09-18T16:34:36.4436567Z Version: 20260907.300.1
imagen API · migrate deploy + readiness (ASR-09)	Set up job	2026-09-18T16:34:36.4438608Z Included Software: https://github.com/actions/runner-images/blob/ubuntu24/20260907.300/images/ubuntu/Ubuntu2404-Readme.md
imagen API · migrate deploy + readiness (ASR-09)	Set up job	2026-09-18T16:34:36.4442110Z Image Release: https://github.com/actions/runner-images/releases/tag/ubuntu24%2F20260907.300
imagen API · migrate deploy + readiness (ASR-09)	Set up job	2026-09-18T16:34:36.4443858Z ##[endgroup]
imagen API · migrate deploy + readiness (ASR-09)	Set up job	2026-09-18T16:34:36.4445654Z ##[group]GITHUB_TOKEN Permissions
imagen API · migrate deploy + readiness (ASR-09)	Set up job	2026-09-18T16:34:36.4448646Z Contents: read
imagen API · migrate deploy + readiness (ASR-09)	Set up job	2026-09-18T16:34:36.4449769Z Metadata: read
imagen API · migrate deploy + readiness (ASR-09)	Set up job	2026-09-18T16:34:36.4451087Z ##[endgroup]
imagen API · migrate deploy + readiness (ASR-09)	Set up job	2026-09-18T16:34:36.4454208Z Secret source: Actions
imagen API · migrate deploy + readiness (ASR-09)	Set up job	2026-09-18T16:34:36.4455848Z Cache mode: write
imagen API · migrate deploy + readiness (ASR-09)	Set up job	2026-09-18T16:34:36.4457354Z Prepare workflow directory
imagen API · migrate deploy + readiness (ASR-09)	Set up job	2026-09-18T16:34:36.4945135Z Prepare all required actions
imagen API · migrate deploy + readiness (ASR-09)	Set up job	2026-09-18T16:34:36.5016240Z Getting action download info
imagen API · migrate deploy + readiness (ASR-09)	Set up job	2026-09-18T16:34:36.7381965Z Download action repository 'actions/checkout@v7' (SHA:3d3c42e5aac5ba805825da76410c181273ba90b1)
imagen API · migrate deploy + readiness (ASR-09)	Set up job	2026-09-18T16:34:36.9886783Z Complete job name: imagen API · migrate deploy + readiness (ASR-09)
imagen API · migrate deploy + readiness (ASR-09)	Run actions/checkout@v7	﻿2026-09-18T16:34:37.0849366Z ##[group]Run actions/checkout@v7
imagen API · migrate deploy + readiness (ASR-09)	Run actions/checkout@v7	2026-09-18T16:34:37.0850635Z with:
imagen API · migrate deploy + readiness (ASR-09)	Run actions/checkout@v7	2026-09-18T16:34:37.0851151Z   repository: Elian-Bufi/be
imagen API · migrate deploy + readiness (ASR-09)	Run actions/checkout@v7	2026-09-18T16:34:37.0854985Z   token: ***
imagen API · migrate deploy + readiness (ASR-09)	Run actions/checkout@v7	2026-09-18T16:34:37.0855445Z   ssh-strict: true
imagen API · migrate deploy + readiness (ASR-09)	Run actions/checkout@v7	2026-09-18T16:34:37.0855907Z   ssh-user: git
imagen API · migrate deploy + readiness (ASR-09)	Run actions/checkout@v7	2026-09-18T16:34:37.0856374Z   persist-credentials: true
imagen API · migrate deploy + readiness (ASR-09)	Run actions/checkout@v7	2026-09-18T16:34:37.0856885Z   clean: true
imagen API · migrate deploy + readiness (ASR-09)	Run actions/checkout@v7	2026-09-18T16:34:37.0857356Z   sparse-checkout-cone-mode: true
imagen API · migrate deploy + readiness (ASR-09)	Run actions/checkout@v7	2026-09-18T16:34:37.0857911Z   fetch-depth: 1
imagen API · migrate deploy + readiness (ASR-09)	Run actions/checkout@v7	2026-09-18T16:34:37.0858367Z   fetch-tags: false
imagen API · migrate deploy + readiness (ASR-09)	Run actions/checkout@v7	2026-09-18T16:34:37.0858834Z   show-progress: true
imagen API · migrate deploy + readiness (ASR-09)	Run actions/checkout@v7	2026-09-18T16:34:37.0859299Z   lfs: false
imagen API · migrate deploy + readiness (ASR-09)	Run actions/checkout@v7	2026-09-18T16:34:37.0859730Z   submodules: false
imagen API · migrate deploy + readiness (ASR-09)	Run actions/checkout@v7	2026-09-18T16:34:37.0860200Z   set-safe-directory: true
imagen API · migrate deploy + readiness (ASR-09)	Run actions/checkout@v7	2026-09-18T16:34:37.0860885Z   allow-unsafe-pr-checkout: false
imagen API · migrate deploy + readiness (ASR-09)	Run actions/checkout@v7	2026-09-18T16:34:37.0861723Z ##[endgroup]
imagen API · migrate deploy + readiness (ASR-09)	Run actions/checkout@v7	2026-09-18T16:34:37.2245225Z Syncing repository: Elian-Bufi/be
imagen API · migrate deploy + readiness (ASR-09)	Run actions/checkout@v7	2026-09-18T16:34:37.2248241Z ##[group]Getting Git version info
imagen API · migrate deploy + readiness (ASR-09)	Run actions/checkout@v7	2026-09-18T16:34:37.2249460Z Working directory is '/home/runner/work/be/be'
imagen API · migrate deploy + readiness (ASR-09)	Run actions/checkout@v7	2026-09-18T16:34:37.2251649Z [command]/usr/bin/git version
imagen API · migrate deploy + readiness (ASR-09)	Run actions/checkout@v7	2026-09-18T16:34:37.2262164Z git version 2.55.0
imagen API · migrate deploy + readiness (ASR-09)	Run actions/checkout@v7	2026-09-18T16:34:37.2314544Z ##[endgroup]
imagen API · migrate deploy + readiness (ASR-09)	Run actions/checkout@v7	2026-09-18T16:34:37.2323324Z Temporarily overriding HOME='/home/runner/work/_temp/35be6584-5045-4b7f-9dbf-fb78775573ba' before making global git config changes
imagen API · migrate deploy + readiness (ASR-09)	Run actions/checkout@v7	2026-09-18T16:34:37.2336220Z Adding repository directory to the temporary git global config as a safe directory
imagen API · migrate deploy + readiness (ASR-09)	Run actions/checkout@v7	2026-09-18T16:34:37.2338270Z [command]/usr/bin/git config --global --add safe.directory /home/runner/work/be/be
imagen API · migrate deploy + readiness (ASR-09)	Run actions/checkout@v7	2026-09-18T16:34:37.2406201Z Deleting the contents of '/home/runner/work/be/be'
imagen API · migrate deploy + readiness (ASR-09)	Run actions/checkout@v7	2026-09-18T16:34:37.2408032Z ##[group]Determining repository object format
imagen API · migrate deploy + readiness (ASR-09)	Run actions/checkout@v7	2026-09-18T16:34:37.2409522Z ##[endgroup]
imagen API · migrate deploy + readiness (ASR-09)	Run actions/checkout@v7	2026-09-18T16:34:37.2411164Z ##[group]Initializing the repository
imagen API · migrate deploy + readiness (ASR-09)	Run actions/checkout@v7	2026-09-18T16:34:37.2423388Z [command]/usr/bin/git init /home/runner/work/be/be
imagen API · migrate deploy + readiness (ASR-09)	Run actions/checkout@v7	2026-09-18T16:34:37.2555958Z hint: Using 'master' as the name for the initial branch. This default branch name
imagen API · migrate deploy + readiness (ASR-09)	Run actions/checkout@v7	2026-09-18T16:34:37.2570536Z hint: will change to "main" in Git 3.0. To configure the initial branch name
imagen API · migrate deploy + readiness (ASR-09)	Run actions/checkout@v7	2026-09-18T16:34:37.2572410Z hint: to use in all of your new repositories, which will suppress this warning,
imagen API · migrate deploy + readiness (ASR-09)	Run actions/checkout@v7	2026-09-18T16:34:37.2574221Z hint: call:
imagen API · migrate deploy + readiness (ASR-09)	Run actions/checkout@v7	2026-09-18T16:34:37.2575062Z hint:
imagen API · migrate deploy + readiness (ASR-09)	Run actions/checkout@v7	2026-09-18T16:34:37.2576173Z hint: 	git config --global init.defaultBranch <name>
imagen API · migrate deploy + readiness (ASR-09)	Run actions/checkout@v7	2026-09-18T16:34:37.2577445Z hint:
imagen API · migrate deploy + readiness (ASR-09)	Run actions/checkout@v7	2026-09-18T16:34:37.2578655Z hint: Names commonly chosen instead of 'master' are 'main', 'trunk' and
imagen API · migrate deploy + readiness (ASR-09)	Run actions/checkout@v7	2026-09-18T16:34:37.2580688Z hint: 'development'. The just-created branch can be renamed via this command:
imagen API · migrate deploy + readiness (ASR-09)	Run actions/checkout@v7	2026-09-18T16:34:37.2582119Z hint:
imagen API · migrate deploy + readiness (ASR-09)	Run actions/checkout@v7	2026-09-18T16:34:37.2583010Z hint: 	git branch -m <name>
imagen API · migrate deploy + readiness (ASR-09)	Run actions/checkout@v7	2026-09-18T16:34:37.2584109Z hint:
imagen API · migrate deploy + readiness (ASR-09)	Run actions/checkout@v7	2026-09-18T16:34:37.2585268Z hint: Disable this message with "git config set advice.defaultBranchName false"
imagen API · migrate deploy + readiness (ASR-09)	Run actions/checkout@v7	2026-09-18T16:34:37.2587080Z Initialized empty Git repository in /home/runner/work/be/be/.git/
imagen API · migrate deploy + readiness (ASR-09)	Run actions/checkout@v7	2026-09-18T16:34:37.2590185Z [command]/usr/bin/git remote add origin https://github.com/Elian-Bufi/be
imagen API · migrate deploy + readiness (ASR-09)	Run actions/checkout@v7	2026-09-18T16:34:37.2687477Z ##[endgroup]
imagen API · migrate deploy + readiness (ASR-09)	Run actions/checkout@v7	2026-09-18T16:34:37.2694418Z ##[group]Disabling automatic garbage collection
imagen API · migrate deploy + readiness (ASR-09)	Run actions/checkout@v7	2026-09-18T16:34:37.2696047Z [command]/usr/bin/git config --local gc.auto 0
imagen API · migrate deploy + readiness (ASR-09)	Run actions/checkout@v7	2026-09-18T16:34:37.2699694Z ##[endgroup]
imagen API · migrate deploy + readiness (ASR-09)	Run actions/checkout@v7	2026-09-18T16:34:37.2702083Z ##[group]Setting up auth
imagen API · migrate deploy + readiness (ASR-09)	Run actions/checkout@v7	2026-09-18T16:34:37.2703262Z Removing SSH command configuration
imagen API · migrate deploy + readiness (ASR-09)	Run actions/checkout@v7	2026-09-18T16:34:37.2712467Z [command]/usr/bin/git config --local --name-only --get-regexp core\.sshCommand
imagen API · migrate deploy + readiness (ASR-09)	Run actions/checkout@v7	2026-09-18T16:34:37.2793471Z [command]/usr/bin/git submodule foreach --recursive sh -c "git config --local --name-only --get-regexp 'core\.sshCommand' && git config --local --unset-all 'core.sshCommand' || :"
imagen API · migrate deploy + readiness (ASR-09)	Run actions/checkout@v7	2026-09-18T16:34:37.3243896Z Removing HTTP extra header
imagen API · migrate deploy + readiness (ASR-09)	Run actions/checkout@v7	2026-09-18T16:34:37.3251601Z [command]/usr/bin/git config --local --name-only --get-regexp http\.https\:\/\/github\.com\/\.extraheader
imagen API · migrate deploy + readiness (ASR-09)	Run actions/checkout@v7	2026-09-18T16:34:37.3331365Z [command]/usr/bin/git submodule foreach --recursive sh -c "git config --local --name-only --get-regexp 'http\.https\:\/\/github\.com\/\.extraheader' && git config --local --unset-all 'http.https://github.com/.extraheader' || :"
imagen API · migrate deploy + readiness (ASR-09)	Run actions/checkout@v7	2026-09-18T16:34:37.3851448Z Removing includeIf entries pointing to credentials config files
imagen API · migrate deploy + readiness (ASR-09)	Run actions/checkout@v7	2026-09-18T16:34:37.3853188Z [command]/usr/bin/git config --local --name-only --get-regexp ^includeIf\.gitdir:
imagen API · migrate deploy + readiness (ASR-09)	Run actions/checkout@v7	2026-09-18T16:34:37.3856592Z [command]/usr/bin/git submodule foreach --recursive git config --local --show-origin --name-only --get-regexp remote.origin.url
imagen API · migrate deploy + readiness (ASR-09)	Run actions/checkout@v7	2026-09-18T16:34:37.4965561Z [command]/usr/bin/git config --file /home/runner/work/_temp/git-credentials-6c28136e-2359-46ad-a360-4c9552681c42.config http.https://github.com/.extraheader AUTHORIZATION: basic ***
imagen API · migrate deploy + readiness (ASR-09)	Run actions/checkout@v7	2026-09-18T16:34:37.4972305Z [command]/usr/bin/git config --local includeIf.gitdir:/home/runner/work/be/be/.git.path /home/runner/work/_temp/git-credentials-6c28136e-2359-46ad-a360-4c9552681c42.config
imagen API · migrate deploy + readiness (ASR-09)	Run actions/checkout@v7	2026-09-18T16:34:37.4978946Z [command]/usr/bin/git config --local includeIf.gitdir:/home/runner/work/be/be/.git/worktrees/*.path /home/runner/work/_temp/git-credentials-6c28136e-2359-46ad-a360-4c9552681c42.config
imagen API · migrate deploy + readiness (ASR-09)	Run actions/checkout@v7	2026-09-18T16:34:37.4985751Z [command]/usr/bin/git config --local includeIf.gitdir:/github/workspace/.git.path /github/runner_temp/git-credentials-6c28136e-2359-46ad-a360-4c9552681c42.config
imagen API · migrate deploy + readiness (ASR-09)	Run actions/checkout@v7	2026-09-18T16:34:37.4992687Z [command]/usr/bin/git config --local includeIf.gitdir:/github/workspace/.git/worktrees/*.path /github/runner_temp/git-credentials-6c28136e-2359-46ad-a360-4c9552681c42.config
imagen API · migrate deploy + readiness (ASR-09)	Run actions/checkout@v7	2026-09-18T16:34:37.4998170Z ##[endgroup]
imagen API · migrate deploy + readiness (ASR-09)	Run actions/checkout@v7	2026-09-18T16:34:37.5000178Z ##[group]Fetching the repository
imagen API · migrate deploy + readiness (ASR-09)	Run actions/checkout@v7	2026-09-18T16:34:37.5007638Z [command]/usr/bin/git -c protocol.version=2 fetch --no-tags --prune --no-recurse-submodules --depth=1 origin +960d1d2e9645884c16d6a2127aae232b64f73621:refs/remotes/origin/main
imagen API · migrate deploy + readiness (ASR-09)	Run actions/checkout@v7	2026-09-18T16:34:38.1918190Z From https://github.com/Elian-Bufi/be
imagen API · migrate deploy + readiness (ASR-09)	Run actions/checkout@v7	2026-09-18T16:34:38.1920939Z  * [new ref]         960d1d2e9645884c16d6a2127aae232b64f73621 -> origin/main
imagen API · migrate deploy + readiness (ASR-09)	Run actions/checkout@v7	2026-09-18T16:34:38.1926426Z [command]/usr/bin/git branch --list --remote origin/main
imagen API · migrate deploy + readiness (ASR-09)	Run actions/checkout@v7	2026-09-18T16:34:38.1928593Z   origin/main
imagen API · migrate deploy + readiness (ASR-09)	Run actions/checkout@v7	2026-09-18T16:34:38.1938126Z [command]/usr/bin/git rev-parse refs/remotes/origin/main
imagen API · migrate deploy + readiness (ASR-09)	Run actions/checkout@v7	2026-09-18T16:34:38.1968762Z 960d1d2e9645884c16d6a2127aae232b64f73621
imagen API · migrate deploy + readiness (ASR-09)	Run actions/checkout@v7	2026-09-18T16:34:38.1981934Z ##[endgroup]
imagen API · migrate deploy + readiness (ASR-09)	Run actions/checkout@v7	2026-09-18T16:34:38.1983867Z ##[group]Determining the checkout info
imagen API · migrate deploy + readiness (ASR-09)	Run actions/checkout@v7	2026-09-18T16:34:38.2098977Z ##[endgroup]
imagen API · migrate deploy + readiness (ASR-09)	Run actions/checkout@v7	2026-09-18T16:34:38.2100698Z [command]/usr/bin/git sparse-checkout disable
imagen API · migrate deploy + readiness (ASR-09)	Run actions/checkout@v7	2026-09-18T16:34:38.2103938Z [command]/usr/bin/git config --local --unset-all extensions.worktreeConfig
imagen API · migrate deploy + readiness (ASR-09)	Run actions/checkout@v7	2026-09-18T16:34:38.2111488Z ##[group]Checking out the ref
imagen API · migrate deploy + readiness (ASR-09)	Run actions/checkout@v7	2026-09-18T16:34:38.2113931Z [command]/usr/bin/git checkout --progress --force -B main refs/remotes/origin/main
imagen API · migrate deploy + readiness (ASR-09)	Run actions/checkout@v7	2026-09-18T16:34:38.2986432Z Switched to a new branch 'main'
imagen API · migrate deploy + readiness (ASR-09)	Run actions/checkout@v7	2026-09-18T16:34:38.2988657Z branch 'main' set up to track 'origin/main'.
imagen API · migrate deploy + readiness (ASR-09)	Run actions/checkout@v7	2026-09-18T16:34:38.2994738Z ##[endgroup]
imagen API · migrate deploy + readiness (ASR-09)	Run actions/checkout@v7	2026-09-18T16:34:38.2999811Z [command]/usr/bin/git log -1 --format=%H
imagen API · migrate deploy + readiness (ASR-09)	Run actions/checkout@v7	2026-09-18T16:34:38.3002446Z 960d1d2e9645884c16d6a2127aae232b64f73621
imagen API · migrate deploy + readiness (ASR-09)	Build de la imagen OCI	﻿2026-09-18T16:34:38.3238954Z ##[group]Run docker build -f apps/api/Dockerfile --build-arg RENDER_GIT_COMMIT=960d1d2e9645884c16d6a2127aae232b64f73621 -t be-api:960d1d2e9645884c16d6a2127aae232b64f73621 .
imagen API · migrate deploy + readiness (ASR-09)	Build de la imagen OCI	2026-09-18T16:34:38.3241951Z ^[[36;1mdocker build -f apps/api/Dockerfile --build-arg RENDER_GIT_COMMIT=960d1d2e9645884c16d6a2127aae232b64f73621 -t be-api:960d1d2e9645884c16d6a2127aae232b64f73621 .^[[0m
imagen API · migrate deploy + readiness (ASR-09)	Build de la imagen OCI	2026-09-18T16:34:38.3283454Z shell: /usr/bin/bash -e {0}
imagen API · migrate deploy + readiness (ASR-09)	Build de la imagen OCI	2026-09-18T16:34:38.3284087Z ##[endgroup]
imagen API · migrate deploy + readiness (ASR-09)	Build de la imagen OCI	2026-09-18T16:34:38.8815749Z #0 building with "default" instance using docker driver
imagen API · migrate deploy + readiness (ASR-09)	Build de la imagen OCI	2026-09-18T16:34:38.8830118Z 
imagen API · migrate deploy + readiness (ASR-09)	Build de la imagen OCI	2026-09-18T16:34:38.8832178Z #1 [internal] load build definition from Dockerfile
imagen API · migrate deploy + readiness (ASR-09)	Build de la imagen OCI	2026-09-18T16:34:38.8835688Z #1 transferring dockerfile: 2.67kB 0.0s done
imagen API · migrate deploy + readiness (ASR-09)	Build de la imagen OCI	2026-09-18T16:34:38.8837347Z #1 DONE 0.0s
imagen API · migrate deploy + readiness (ASR-09)	Build de la imagen OCI	2026-09-18T16:34:38.8838000Z 
imagen API · migrate deploy + readiness (ASR-09)	Build de la imagen OCI	2026-09-18T16:34:38.8838829Z #2 [auth] library/node:pull token for registry-1.docker.io
imagen API · migrate deploy + readiness (ASR-09)	Build de la imagen OCI	2026-09-18T16:34:39.0285632Z #2 DONE 0.0s
imagen API · migrate deploy + readiness (ASR-09)	Build de la imagen OCI	2026-09-18T16:34:39.0286631Z 
imagen API · migrate deploy + readiness (ASR-09)	Build de la imagen OCI	2026-09-18T16:34:39.0288283Z #3 [internal] load metadata for docker.io/library/node:22.23.2-bookworm-slim
imagen API · migrate deploy + readiness (ASR-09)	Build de la imagen OCI	2026-09-18T16:34:39.3110678Z #3 DONE 0.5s
imagen API · migrate deploy + readiness (ASR-09)	Build de la imagen OCI	2026-09-18T16:34:39.4511116Z 
imagen API · migrate deploy + readiness (ASR-09)	Build de la imagen OCI	2026-09-18T16:34:39.4512206Z #4 [internal] load .dockerignore
imagen API · migrate deploy + readiness (ASR-09)	Build de la imagen OCI	2026-09-18T16:34:39.4514350Z #4 transferring context: 185B done
imagen API · migrate deploy + readiness (ASR-09)	Build de la imagen OCI	2026-09-18T16:34:39.4515459Z #4 DONE 0.0s
imagen API · migrate deploy + readiness (ASR-09)	Build de la imagen OCI	2026-09-18T16:34:39.4518956Z 
imagen API · migrate deploy + readiness (ASR-09)	Build de la imagen OCI	2026-09-18T16:34:39.4520828Z #5 [internal] load build context
imagen API · migrate deploy + readiness (ASR-09)	Build de la imagen OCI	2026-09-18T16:34:39.4527632Z #5 transferring context: 545.64kB 0.0s done
imagen API · migrate deploy + readiness (ASR-09)	Build de la imagen OCI	2026-09-18T16:34:39.4528379Z #5 DONE 0.0s
imagen API · migrate deploy + readiness (ASR-09)	Build de la imagen OCI	2026-09-18T16:34:39.4530190Z 
imagen API · migrate deploy + readiness (ASR-09)	Build de la imagen OCI	2026-09-18T16:34:39.4532645Z #6 [base 1/3] FROM docker.io/library/node:22.23.2-bookworm-slim@sha256:83f487e0a63425e5b4d146fb5e5be574bcbe1b7b843d3ebafdd95eaf7767a7e5
imagen API · migrate deploy + readiness (ASR-09)	Build de la imagen OCI	2026-09-18T16:34:39.4534681Z #6 resolve docker.io/library/node:22.23.2-bookworm-slim@sha256:83f487e0a63425e5b4d146fb5e5be574bcbe1b7b843d3ebafdd95eaf7767a7e5 done
imagen API · migrate deploy + readiness (ASR-09)	Build de la imagen OCI	2026-09-18T16:34:39.4539080Z #6 sha256:cea7eb9bbe80eabf8356efb28b3796ab904f36a32049aeb6b435920ca93f9285 3.31kB / 3.31kB 0.1s done
imagen API · migrate deploy + readiness (ASR-09)	Build de la imagen OCI	2026-09-18T16:34:39.4541982Z #6 sha256:51c53f95c2cae3d00dfc0350297c92dea913fe129ec38b8deb8313e5f3e0297d 0B / 49.94MB 0.1s
imagen API · migrate deploy + readiness (ASR-09)	Build de la imagen OCI	2026-09-18T16:34:39.4543534Z #6 sha256:3cddab114edadc7cf5a7b0b591e59f6312aade3dc4fb68e88aacca5eb1cc1c03 0B / 1.71MB 0.1s
imagen API · migrate deploy + readiness (ASR-09)	Build de la imagen OCI	2026-09-18T16:34:39.4546048Z #6 sha256:83f487e0a63425e5b4d146fb5e5be574bcbe1b7b843d3ebafdd95eaf7767a7e5 5.22kB / 5.22kB done
imagen API · migrate deploy + readiness (ASR-09)	Build de la imagen OCI	2026-09-18T16:34:39.4547709Z #6 sha256:4d676821dff059fd00d277ee4261ef34ea712317fed0737c03941481b5760c96 1.93kB / 1.93kB done
imagen API · migrate deploy + readiness (ASR-09)	Build de la imagen OCI	2026-09-18T16:34:39.4552712Z #6 sha256:6e6261159fd399ebe5a3d556b7d89da9c85c873f3f270918aad6c8107da8b411 6.87kB / 6.87kB done
imagen API · migrate deploy + readiness (ASR-09)	Build de la imagen OCI	2026-09-18T16:34:39.4555794Z #6 sha256:a8ac7f6c67abc236e4c745052c404112b8fab6fe8ac3a329d1ef3b867ad67c71 9.44MB / 28.23MB 0.1s
imagen API · migrate deploy + readiness (ASR-09)	Build de la imagen OCI	2026-09-18T16:34:39.5932822Z #6 sha256:51c53f95c2cae3d00dfc0350297c92dea913fe129ec38b8deb8313e5f3e0297d 18.87MB / 49.94MB 0.2s
imagen API · migrate deploy + readiness (ASR-09)	Build de la imagen OCI	2026-09-18T16:34:39.5961280Z #6 sha256:3cddab114edadc7cf5a7b0b591e59f6312aade3dc4fb68e88aacca5eb1cc1c03 1.71MB / 1.71MB 0.1s done
imagen API · migrate deploy + readiness (ASR-09)	Build de la imagen OCI	2026-09-18T16:34:39.5970067Z #6 sha256:a8ac7f6c67abc236e4c745052c404112b8fab6fe8ac3a329d1ef3b867ad67c71 28.23MB / 28.23MB 0.2s done
imagen API · migrate deploy + readiness (ASR-09)	Build de la imagen OCI	2026-09-18T16:34:39.5991203Z #6 sha256:0282d618b52cd2eb8fcf041e780cd66b15e7ebae519a4054c5d293eae6b6d34f 447B / 447B 0.2s done
imagen API · migrate deploy + readiness (ASR-09)	Build de la imagen OCI	2026-09-18T16:34:39.5994503Z #6 extracting sha256:a8ac7f6c67abc236e4c745052c404112b8fab6fe8ac3a329d1ef3b867ad67c71
imagen API · migrate deploy + readiness (ASR-09)	Build de la imagen OCI	2026-09-18T16:34:39.6944879Z #6 sha256:51c53f95c2cae3d00dfc0350297c92dea913fe129ec38b8deb8313e5f3e0297d 49.28MB / 49.94MB 0.3s
imagen API · migrate deploy + readiness (ASR-09)	Build de la imagen OCI	2026-09-18T16:34:39.8004666Z #6 sha256:51c53f95c2cae3d00dfc0350297c92dea913fe129ec38b8deb8313e5f3e0297d 49.94MB / 49.94MB 0.3s done
imagen API · migrate deploy + readiness (ASR-09)	Build de la imagen OCI	2026-09-18T16:34:40.9404925Z #6 extracting sha256:a8ac7f6c67abc236e4c745052c404112b8fab6fe8ac3a329d1ef3b867ad67c71 1.3s done
imagen API · migrate deploy + readiness (ASR-09)	Build de la imagen OCI	2026-09-18T16:34:41.1234813Z #6 extracting sha256:cea7eb9bbe80eabf8356efb28b3796ab904f36a32049aeb6b435920ca93f9285 done
imagen API · migrate deploy + readiness (ASR-09)	Build de la imagen OCI	2026-09-18T16:34:43.8556102Z #6 extracting sha256:51c53f95c2cae3d00dfc0350297c92dea913fe129ec38b8deb8313e5f3e0297d
imagen API · migrate deploy + readiness (ASR-09)	Build de la imagen OCI	2026-09-18T16:34:45.5289508Z #6 extracting sha256:51c53f95c2cae3d00dfc0350297c92dea913fe129ec38b8deb8313e5f3e0297d 1.5s done
imagen API · migrate deploy + readiness (ASR-09)	Build de la imagen OCI	2026-09-18T16:34:45.8782379Z #6 extracting sha256:3cddab114edadc7cf5a7b0b591e59f6312aade3dc4fb68e88aacca5eb1cc1c03
imagen API · migrate deploy + readiness (ASR-09)	Build de la imagen OCI	2026-09-18T16:34:45.9847479Z #6 extracting sha256:3cddab114edadc7cf5a7b0b591e59f6312aade3dc4fb68e88aacca5eb1cc1c03 0.1s done
imagen API · migrate deploy + readiness (ASR-09)	Build de la imagen OCI	2026-09-18T16:34:45.9849724Z #6 extracting sha256:0282d618b52cd2eb8fcf041e780cd66b15e7ebae519a4054c5d293eae6b6d34f done
imagen API · migrate deploy + readiness (ASR-09)	Build de la imagen OCI	2026-09-18T16:34:45.9854327Z #6 DONE 6.6s
imagen API · migrate deploy + readiness (ASR-09)	Build de la imagen OCI	2026-09-18T16:34:46.1366588Z 
imagen API · migrate deploy + readiness (ASR-09)	Build de la imagen OCI	2026-09-18T16:34:46.1368120Z #7 [base 2/3] RUN apt-get update  && apt-get install -y --no-install-recommends openssl ca-certificates  && rm -rf /var/lib/apt/lists/*
imagen API · migrate deploy + readiness (ASR-09)	Build de la imagen OCI	2026-09-18T16:34:46.1962235Z #7 0.210 Get:1 http://deb.debian.org/debian bookworm InRelease [151 kB]
imagen API · migrate deploy + readiness (ASR-09)	Build de la imagen OCI	2026-09-18T16:34:46.3532182Z #7 0.228 Get:2 http://deb.debian.org/debian bookworm-updates InRelease [55.4 kB]
imagen API · migrate deploy + readiness (ASR-09)	Build de la imagen OCI	2026-09-18T16:34:46.3533571Z #7 0.233 Get:3 http://deb.debian.org/debian-security bookworm-security InRelease [34.8 kB]
imagen API · migrate deploy + readiness (ASR-09)	Build de la imagen OCI	2026-09-18T16:34:46.3561240Z #7 0.289 Get:4 http://deb.debian.org/debian bookworm/main amd64 Packages [8790 kB]
imagen API · migrate deploy + readiness (ASR-09)	Build de la imagen OCI	2026-09-18T16:34:46.3571187Z #7 0.367 Get:5 http://deb.debian.org/debian bookworm-updates/main amd64 Packages [6924 B]
imagen API · migrate deploy + readiness (ASR-09)	Build de la imagen OCI	2026-09-18T16:34:46.5489886Z #7 0.412 Get:6 http://deb.debian.org/debian-security bookworm-security/main amd64 Packages [340 kB]
imagen API · migrate deploy + readiness (ASR-09)	Build de la imagen OCI	2026-09-18T16:34:47.1314841Z #7 1.145 Fetched 9379 kB in 1s (9700 kB/s)
imagen API · migrate deploy + readiness (ASR-09)	Build de la imagen OCI	2026-09-18T16:34:47.5429310Z #7 1.145 Reading package lists...
imagen API · migrate deploy + readiness (ASR-09)	Build de la imagen OCI	2026-09-18T16:34:47.9620164Z #7 1.574 Reading package lists...
imagen API · migrate deploy + readiness (ASR-09)	Build de la imagen OCI	2026-09-18T16:34:48.0684343Z #7 1.985 Building dependency tree...
imagen API · migrate deploy + readiness (ASR-09)	Build de la imagen OCI	2026-09-18T16:34:48.1889257Z #7 2.083 Reading state information...
imagen API · migrate deploy + readiness (ASR-09)	Build de la imagen OCI	2026-09-18T16:34:48.1893673Z #7 2.174 The following additional packages will be installed:
imagen API · migrate deploy + readiness (ASR-09)	Build de la imagen OCI	2026-09-18T16:34:48.1894714Z #7 2.175   libssl3
imagen API · migrate deploy + readiness (ASR-09)	Build de la imagen OCI	2026-09-18T16:34:48.1911062Z #7 2.203 The following NEW packages will be installed:
imagen API · migrate deploy + readiness (ASR-09)	Build de la imagen OCI	2026-09-18T16:34:48.3623990Z #7 2.204   ca-certificates libssl3 openssl
imagen API · migrate deploy + readiness (ASR-09)	Build de la imagen OCI	2026-09-18T16:34:48.3624788Z #7 2.235 0 upgraded, 3 newly installed, 0 to remove and 2 not upgraded.
imagen API · migrate deploy + readiness (ASR-09)	Build de la imagen OCI	2026-09-18T16:34:48.3625470Z #7 2.235 Need to get 3637 kB of archives.
imagen API · migrate deploy + readiness (ASR-09)	Build de la imagen OCI	2026-09-18T16:34:48.3626329Z #7 2.235 After this operation, 8940 kB of additional disk space will be used.
imagen API · migrate deploy + readiness (ASR-09)	Build de la imagen OCI	2026-09-18T16:34:48.3627343Z #7 2.235 Get:1 http://deb.debian.org/debian bookworm/main amd64 libssl3 amd64 3.0.20-1~deb12u2 [2036 kB]
imagen API · migrate deploy + readiness (ASR-09)	Build de la imagen OCI	2026-09-18T16:34:48.3629235Z #7 2.283 Get:2 http://deb.debian.org/debian bookworm/main amd64 openssl amd64 3.0.20-1~deb12u2 [1439 kB]
imagen API · migrate deploy + readiness (ASR-09)	Build de la imagen OCI	2026-09-18T16:34:48.3631064Z #7 2.290 Get:3 http://deb.debian.org/debian-security bookworm-security/main amd64 ca-certificates all 20250419~deb12u1 [162 kB]
imagen API · migrate deploy + readiness (ASR-09)	Build de la imagen OCI	2026-09-18T16:34:48.3632590Z #7 2.376 debconf: delaying package configuration, since apt-utils is not installed
imagen API · migrate deploy + readiness (ASR-09)	Build de la imagen OCI	2026-09-18T16:34:48.5290961Z #7 2.398 Fetched 3637 kB in 0s (44.4 MB/s)
imagen API · migrate deploy + readiness (ASR-09)	Build de la imagen OCI	2026-09-18T16:34:48.5312840Z #7 2.412 Selecting previously unselected package libssl3:amd64.
imagen API · migrate deploy + readiness (ASR-09)	Build de la imagen OCI	2026-09-18T16:34:48.5316541Z #7 2.412 (Reading database ... 
imagen API · migrate deploy + readiness (ASR-09)	Build de la imagen OCI	2026-09-18T16:34:48.5321366Z (Reading database ... 5%
imagen API · migrate deploy + readiness (ASR-09)	Build de la imagen OCI	2026-09-18T16:34:48.5330990Z (Reading database ... 10%
imagen API · migrate deploy + readiness (ASR-09)	Build de la imagen OCI	2026-09-18T16:34:48.5331466Z (Reading database ... 15%
imagen API · migrate deploy + readiness (ASR-09)	Build de la imagen OCI	2026-09-18T16:34:48.5331878Z (Reading database ... 20%
imagen API · migrate deploy + readiness (ASR-09)	Build de la imagen OCI	2026-09-18T16:34:48.5332645Z (Reading database ... 25%
imagen API · migrate deploy + readiness (ASR-09)	Build de la imagen OCI	2026-09-18T16:34:48.5333071Z (Reading database ... 30%
imagen API · migrate deploy + readiness (ASR-09)	Build de la imagen OCI	2026-09-18T16:34:48.5333494Z (Reading database ... 35%
imagen API · migrate deploy + readiness (ASR-09)	Build de la imagen OCI	2026-09-18T16:34:48.5333910Z (Reading database ... 40%
imagen API · migrate deploy + readiness (ASR-09)	Build de la imagen OCI	2026-09-18T16:34:48.5334300Z (Reading database ... 45%
imagen API · migrate deploy + readiness (ASR-09)	Build de la imagen OCI	2026-09-18T16:34:48.5334684Z (Reading database ... 50%
imagen API · migrate deploy + readiness (ASR-09)	Build de la imagen OCI	2026-09-18T16:34:48.5335076Z (Reading database ... 55%
imagen API · migrate deploy + readiness (ASR-09)	Build de la imagen OCI	2026-09-18T16:34:48.5335458Z (Reading database ... 60%
imagen API · migrate deploy + readiness (ASR-09)	Build de la imagen OCI	2026-09-18T16:34:48.5335840Z (Reading database ... 65%
imagen API · migrate deploy + readiness (ASR-09)	Build de la imagen OCI	2026-09-18T16:34:48.5336221Z (Reading database ... 70%
imagen API · migrate deploy + readiness (ASR-09)	Build de la imagen OCI	2026-09-18T16:34:48.5336600Z (Reading database ... 75%
imagen API · migrate deploy + readiness (ASR-09)	Build de la imagen OCI	2026-09-18T16:34:48.5336980Z (Reading database ... 80%
imagen API · migrate deploy + readiness (ASR-09)	Build de la imagen OCI	2026-09-18T16:34:48.5337359Z (Reading database ... 85%
imagen API · migrate deploy + readiness (ASR-09)	Build de la imagen OCI	2026-09-18T16:34:48.5337744Z (Reading database ... 90%
imagen API · migrate deploy + readiness (ASR-09)	Build de la imagen OCI	2026-09-18T16:34:48.5338128Z (Reading database ... 95%
imagen API · migrate deploy + readiness (ASR-09)	Build de la imagen OCI	2026-09-18T16:34:48.5338510Z (Reading database ... 100%
imagen API · migrate deploy + readiness (ASR-09)	Build de la imagen OCI	2026-09-18T16:34:48.5339598Z (Reading database ... 6096 files and directories currently installed.)
imagen API · migrate deploy + readiness (ASR-09)	Build de la imagen OCI	2026-09-18T16:34:48.5345494Z #7 2.418 Preparing to unpack .../libssl3_3.0.20-1~deb12u2_amd64.deb ...
imagen API · migrate deploy + readiness (ASR-09)	Build de la imagen OCI	2026-09-18T16:34:48.5346275Z #7 2.420 Unpacking libssl3:amd64 (3.0.20-1~deb12u2) ...
imagen API · migrate deploy + readiness (ASR-09)	Build de la imagen OCI	2026-09-18T16:34:48.5346926Z #7 2.543 Selecting previously unselected package openssl.
imagen API · migrate deploy + readiness (ASR-09)	Build de la imagen OCI	2026-09-18T16:34:48.6320292Z #7 2.545 Preparing to unpack .../openssl_3.0.20-1~deb12u2_amd64.deb ...
imagen API · migrate deploy + readiness (ASR-09)	Build de la imagen OCI	2026-09-18T16:34:48.6322117Z #7 2.546 Unpacking openssl (3.0.20-1~deb12u2) ...
imagen API · migrate deploy + readiness (ASR-09)	Build de la imagen OCI	2026-09-18T16:34:48.6323170Z #7 2.646 Selecting previously unselected package ca-certificates.
imagen API · migrate deploy + readiness (ASR-09)	Build de la imagen OCI	2026-09-18T16:34:48.7609327Z #7 2.648 Preparing to unpack .../ca-certificates_20250419~deb12u1_all.deb ...
imagen API · migrate deploy + readiness (ASR-09)	Build de la imagen OCI	2026-09-18T16:34:48.7613242Z #7 2.649 Unpacking ca-certificates (20250419~deb12u1) ...
imagen API · migrate deploy + readiness (ASR-09)	Build de la imagen OCI	2026-09-18T16:34:48.7614254Z #7 2.693 Setting up libssl3:amd64 (3.0.20-1~deb12u2) ...
imagen API · migrate deploy + readiness (ASR-09)	Build de la imagen OCI	2026-09-18T16:34:48.7615043Z #7 2.695 Setting up openssl (3.0.20-1~deb12u2) ...
imagen API · migrate deploy + readiness (ASR-09)	Build de la imagen OCI	2026-09-18T16:34:48.7615915Z #7 2.699 Setting up ca-certificates (20250419~deb12u1) ...
imagen API · migrate deploy + readiness (ASR-09)	Build de la imagen OCI	2026-09-18T16:34:48.7616764Z #7 2.775 debconf: unable to initialize frontend: Dialog
imagen API · migrate deploy + readiness (ASR-09)	Build de la imagen OCI	2026-09-18T16:34:48.7617730Z #7 2.775 debconf: (TERM is not set, so the dialog frontend is not usable.)
imagen API · migrate deploy + readiness (ASR-09)	Build de la imagen OCI	2026-09-18T16:34:48.7618656Z #7 2.775 debconf: falling back to frontend: Readline
imagen API · migrate deploy + readiness (ASR-09)	Build de la imagen OCI	2026-09-18T16:34:48.9119465Z #7 2.775 debconf: unable to initialize frontend: Readline
imagen API · migrate deploy + readiness (ASR-09)	Build de la imagen OCI	2026-09-18T16:34:48.9135039Z #7 2.775 debconf: (Can't locate Term/ReadLine.pm in @INC (you may need to install the Term::ReadLine module) (@INC contains: /etc/perl /usr/local/lib/x86_64-linux-gnu/perl/5.36.0 /usr/local/share/perl/5.36.0 /usr/lib/x86_64-linux-gnu/perl5/5.36 /usr/share/perl5 /usr/lib/x86_64-linux-gnu/perl-base /usr/lib/x86_64-linux-gnu/perl/5.36 /usr/share/perl/5.36 /usr/local/lib/site_perl) at /usr/share/perl5/Debconf/FrontEnd/Readline.pm line 7.)
imagen API · migrate deploy + readiness (ASR-09)	Build de la imagen OCI	2026-09-18T16:34:48.9138036Z #7 2.775 debconf: falling back to frontend: Teletype
imagen API · migrate deploy + readiness (ASR-09)	Build de la imagen OCI	2026-09-18T16:34:49.1668727Z #7 3.181 Updating certificates in /etc/ssl/certs...
imagen API · migrate deploy + readiness (ASR-09)	Build de la imagen OCI	2026-09-18T16:34:49.7702135Z #7 3.784 150 added, 0 removed; done.
imagen API · migrate deploy + readiness (ASR-09)	Build de la imagen OCI	2026-09-18T16:34:49.9472458Z #7 3.798 Processing triggers for libc-bin (2.36-9+deb12u14) ...
imagen API · migrate deploy + readiness (ASR-09)	Build de la imagen OCI	2026-09-18T16:34:49.9473824Z #7 3.807 Processing triggers for ca-certificates (20250419~deb12u1) ...
imagen API · migrate deploy + readiness (ASR-09)	Build de la imagen OCI	2026-09-18T16:34:49.9474698Z #7 3.811 Updating certificates in /etc/ssl/certs...
imagen API · migrate deploy + readiness (ASR-09)	Build de la imagen OCI	2026-09-18T16:34:50.2547247Z #7 4.269 0 added, 0 removed; done.
imagen API · migrate deploy + readiness (ASR-09)	Build de la imagen OCI	2026-09-18T16:34:50.2548337Z #7 4.269 Running hooks in /etc/ca-certificates/update.d...
imagen API · migrate deploy + readiness (ASR-09)	Build de la imagen OCI	2026-09-18T16:34:50.3764459Z #7 4.271 done.
imagen API · migrate deploy + readiness (ASR-09)	Build de la imagen OCI	2026-09-18T16:34:50.3765211Z #7 DONE 4.3s
imagen API · migrate deploy + readiness (ASR-09)	Build de la imagen OCI	2026-09-18T16:34:50.3765737Z 
imagen API · migrate deploy + readiness (ASR-09)	Build de la imagen OCI	2026-09-18T16:34:50.3766523Z #8 [base 3/3] WORKDIR /app
imagen API · migrate deploy + readiness (ASR-09)	Build de la imagen OCI	2026-09-18T16:34:50.3768169Z #8 DONE 0.0s
imagen API · migrate deploy + readiness (ASR-09)	Build de la imagen OCI	2026-09-18T16:34:50.3768787Z 
imagen API · migrate deploy + readiness (ASR-09)	Build de la imagen OCI	2026-09-18T16:34:50.3769286Z #9 [deps 1/6] COPY package.json package-lock.json .npmrc ./
imagen API · migrate deploy + readiness (ASR-09)	Build de la imagen OCI	2026-09-18T16:34:50.3771658Z #9 DONE 0.0s
imagen API · migrate deploy + readiness (ASR-09)	Build de la imagen OCI	2026-09-18T16:34:50.3771890Z 
imagen API · migrate deploy + readiness (ASR-09)	Build de la imagen OCI	2026-09-18T16:34:50.3772267Z #10 [build  1/11] COPY package.json package-lock.json .npmrc tsconfig.base.json ./
imagen API · migrate deploy + readiness (ASR-09)	Build de la imagen OCI	2026-09-18T16:34:50.4773019Z #10 DONE 0.0s
imagen API · migrate deploy + readiness (ASR-09)	Build de la imagen OCI	2026-09-18T16:34:50.4774791Z 
imagen API · migrate deploy + readiness (ASR-09)	Build de la imagen OCI	2026-09-18T16:34:50.4775474Z #11 [build  2/11] COPY packages/domain/package.json packages/domain/
imagen API · migrate deploy + readiness (ASR-09)	Build de la imagen OCI	2026-09-18T16:34:50.4777130Z #11 DONE 0.0s
imagen API · migrate deploy + readiness (ASR-09)	Build de la imagen OCI	2026-09-18T16:34:50.4777714Z 
imagen API · migrate deploy + readiness (ASR-09)	Build de la imagen OCI	2026-09-18T16:34:50.4781016Z #12 [deps 2/6] COPY packages/domain/package.json packages/domain/
imagen API · migrate deploy + readiness (ASR-09)	Build de la imagen OCI	2026-09-18T16:34:50.4781929Z #12 DONE 0.0s
imagen API · migrate deploy + readiness (ASR-09)	Build de la imagen OCI	2026-09-18T16:34:50.4782177Z 
imagen API · migrate deploy + readiness (ASR-09)	Build de la imagen OCI	2026-09-18T16:34:50.4782415Z #13 [build  3/11] COPY apps/api/package.json apps/api/
imagen API · migrate deploy + readiness (ASR-09)	Build de la imagen OCI	2026-09-18T16:34:50.4782938Z #13 DONE 0.0s
imagen API · migrate deploy + readiness (ASR-09)	Build de la imagen OCI	2026-09-18T16:34:50.4783132Z 
imagen API · migrate deploy + readiness (ASR-09)	Build de la imagen OCI	2026-09-18T16:34:50.4783353Z #14 [deps 3/6] COPY apps/api/package.json apps/api/
imagen API · migrate deploy + readiness (ASR-09)	Build de la imagen OCI	2026-09-18T16:34:50.4783856Z #14 DONE 0.0s
imagen API · migrate deploy + readiness (ASR-09)	Build de la imagen OCI	2026-09-18T16:34:50.4784044Z 
imagen API · migrate deploy + readiness (ASR-09)	Build de la imagen OCI	2026-09-18T16:34:50.4784273Z #15 [build  4/11] COPY apps/web/package.json apps/web/
imagen API · migrate deploy + readiness (ASR-09)	Build de la imagen OCI	2026-09-18T16:34:50.4784778Z #15 DONE 0.0s
imagen API · migrate deploy + readiness (ASR-09)	Build de la imagen OCI	2026-09-18T16:34:50.4784966Z 
imagen API · migrate deploy + readiness (ASR-09)	Build de la imagen OCI	2026-09-18T16:34:50.4785173Z #16 [deps 4/6] COPY apps/web/package.json apps/web/
imagen API · migrate deploy + readiness (ASR-09)	Build de la imagen OCI	2026-09-18T16:34:50.4785667Z #16 DONE 0.0s
imagen API · migrate deploy + readiness (ASR-09)	Build de la imagen OCI	2026-09-18T16:34:50.4786164Z 
imagen API · migrate deploy + readiness (ASR-09)	Build de la imagen OCI	2026-09-18T16:34:50.4786431Z #17 [build  5/11] COPY apps/mobile/package.json apps/mobile/
imagen API · migrate deploy + readiness (ASR-09)	Build de la imagen OCI	2026-09-18T16:34:50.4786987Z #17 DONE 0.0s
imagen API · migrate deploy + readiness (ASR-09)	Build de la imagen OCI	2026-09-18T16:34:50.4787190Z 
imagen API · migrate deploy + readiness (ASR-09)	Build de la imagen OCI	2026-09-18T16:34:50.4787427Z #18 [deps 5/6] COPY apps/mobile/package.json apps/mobile/
imagen API · migrate deploy + readiness (ASR-09)	Build de la imagen OCI	2026-09-18T16:34:50.6317220Z #18 DONE 0.0s
imagen API · migrate deploy + readiness (ASR-09)	Build de la imagen OCI	2026-09-18T16:34:50.6317531Z 
imagen API · migrate deploy + readiness (ASR-09)	Build de la imagen OCI	2026-09-18T16:34:50.6412179Z #19 [deps 6/6] RUN npm ci -w @be/api -w @be/domain --include-workspace-root --omit=dev
imagen API · migrate deploy + readiness (ASR-09)	Build de la imagen OCI	2026-09-18T16:35:00.5316310Z #19 ...
imagen API · migrate deploy + readiness (ASR-09)	Build de la imagen OCI	2026-09-18T16:35:00.5317108Z 
imagen API · migrate deploy + readiness (ASR-09)	Build de la imagen OCI	2026-09-18T16:35:00.5317780Z #20 [build  6/11] RUN npm ci -w @be/api -w @be/domain --include-workspace-root
imagen API · migrate deploy + readiness (ASR-09)	Build de la imagen OCI	2026-09-18T16:35:03.8007006Z #20 13.32 npm warn deprecated glob@10.5.0: Old versions of glob are not supported, and contain widely publicized security vulnerabilities, which have been fixed in the current version. Please update. Support for old versions may be purchased (at exorbitant rates) by contacting i@izs.me
imagen API · migrate deploy + readiness (ASR-09)	Build de la imagen OCI	2026-09-18T16:35:04.0273512Z #20 13.39 npm warn deprecated glob@10.5.0: Old versions of glob are not supported, and contain widely publicized security vulnerabilities, which have been fixed in the current version. Please update. Support for old versions may be purchased (at exorbitant rates) by contacting i@izs.me
imagen API · migrate deploy + readiness (ASR-09)	Build de la imagen OCI	2026-09-18T16:35:11.1965803Z #20 ...
imagen API · migrate deploy + readiness (ASR-09)	Build de la imagen OCI	2026-09-18T16:35:11.1966109Z 
imagen API · migrate deploy + readiness (ASR-09)	Build de la imagen OCI	2026-09-18T16:35:11.1966567Z #19 [deps 6/6] RUN npm ci -w @be/api -w @be/domain --include-workspace-root --omit=dev
imagen API · migrate deploy + readiness (ASR-09)	Build de la imagen OCI	2026-09-18T16:35:11.1967274Z #19 20.72 
imagen API · migrate deploy + readiness (ASR-09)	Build de la imagen OCI	2026-09-18T16:35:11.1967729Z #19 20.72 added 244 packages, and audited 247 packages in 20s
imagen API · migrate deploy + readiness (ASR-09)	Build de la imagen OCI	2026-09-18T16:35:11.3516466Z #19 20.72 
imagen API · migrate deploy + readiness (ASR-09)	Build de la imagen OCI	2026-09-18T16:35:11.3517232Z #19 20.72 found 0 vulnerabilities
imagen API · migrate deploy + readiness (ASR-09)	Build de la imagen OCI	2026-09-18T16:35:11.3519699Z #19 20.72 npm notice
imagen API · migrate deploy + readiness (ASR-09)	Build de la imagen OCI	2026-09-18T16:35:11.3520710Z #19 20.72 npm notice New major version of npm available! 10.9.8 -> 12.0.2
imagen API · migrate deploy + readiness (ASR-09)	Build de la imagen OCI	2026-09-18T16:35:11.3521569Z #19 20.72 npm notice Changelog: https://github.com/npm/cli/releases/tag/v12.0.2
imagen API · migrate deploy + readiness (ASR-09)	Build de la imagen OCI	2026-09-18T16:35:11.3522330Z #19 20.72 npm notice To update run: npm install -g npm@12.0.2
imagen API · migrate deploy + readiness (ASR-09)	Build de la imagen OCI	2026-09-18T16:35:11.3522902Z #19 20.72 npm notice
imagen API · migrate deploy + readiness (ASR-09)	Build de la imagen OCI	2026-09-18T16:35:13.9322243Z #19 DONE 23.5s
imagen API · migrate deploy + readiness (ASR-09)	Build de la imagen OCI	2026-09-18T16:35:13.9331297Z 
imagen API · migrate deploy + readiness (ASR-09)	Build de la imagen OCI	2026-09-18T16:35:13.9332052Z #20 [build  6/11] RUN npm ci -w @be/api -w @be/domain --include-workspace-root
imagen API · migrate deploy + readiness (ASR-09)	Build de la imagen OCI	2026-09-18T16:35:15.5768856Z #20 ...
imagen API · migrate deploy + readiness (ASR-09)	Build de la imagen OCI	2026-09-18T16:35:15.5769654Z 
imagen API · migrate deploy + readiness (ASR-09)	Build de la imagen OCI	2026-09-18T16:35:15.5770586Z #21 [runtime 1/9] COPY --from=deps --chown=node:node /app/node_modules ./node_modules
imagen API · migrate deploy + readiness (ASR-09)	Build de la imagen OCI	2026-09-18T16:35:17.5430994Z #21 ...
imagen API · migrate deploy + readiness (ASR-09)	Build de la imagen OCI	2026-09-18T16:35:17.5431355Z 
imagen API · migrate deploy + readiness (ASR-09)	Build de la imagen OCI	2026-09-18T16:35:17.5432350Z #20 [build  6/11] RUN npm ci -w @be/api -w @be/domain --include-workspace-root
imagen API · migrate deploy + readiness (ASR-09)	Build de la imagen OCI	2026-09-18T16:35:17.5435027Z #20 26.00 
imagen API · migrate deploy + readiness (ASR-09)	Build de la imagen OCI	2026-09-18T16:35:17.5436191Z #20 26.00 added 577 packages, and audited 580 packages in 26s
imagen API · migrate deploy + readiness (ASR-09)	Build de la imagen OCI	2026-09-18T16:35:17.5438592Z #20 26.01 
imagen API · migrate deploy + readiness (ASR-09)	Build de la imagen OCI	2026-09-18T16:35:17.5439289Z #20 26.01 found 0 vulnerabilities
imagen API · migrate deploy + readiness (ASR-09)	Build de la imagen OCI	2026-09-18T16:35:17.5440789Z #20 26.02 npm notice
imagen API · migrate deploy + readiness (ASR-09)	Build de la imagen OCI	2026-09-18T16:35:17.5441354Z #20 26.02 npm notice New major version of npm available! 10.9.8 -> 12.0.2
imagen API · migrate deploy + readiness (ASR-09)	Build de la imagen OCI	2026-09-18T16:35:17.5442216Z #20 26.02 npm notice Changelog: https://github.com/npm/cli/releases/tag/v12.0.2
imagen API · migrate deploy + readiness (ASR-09)	Build de la imagen OCI	2026-09-18T16:35:17.5443972Z #20 26.02 npm notice To update run: npm install -g npm@12.0.2
imagen API · migrate deploy + readiness (ASR-09)	Build de la imagen OCI	2026-09-18T16:35:17.5445118Z #20 26.02 npm notice
imagen API · migrate deploy + readiness (ASR-09)	Build de la imagen OCI	2026-09-18T16:35:17.5445751Z #20 DONE 27.0s
imagen API · migrate deploy + readiness (ASR-09)	Build de la imagen OCI	2026-09-18T16:35:17.6945847Z 
imagen API · migrate deploy + readiness (ASR-09)	Build de la imagen OCI	2026-09-18T16:35:17.6947137Z #22 [build  7/11] COPY prisma ./prisma
imagen API · migrate deploy + readiness (ASR-09)	Build de la imagen OCI	2026-09-18T16:35:18.0782984Z #22 DONE 0.6s
imagen API · migrate deploy + readiness (ASR-09)	Build de la imagen OCI	2026-09-18T16:35:18.0783337Z 
imagen API · migrate deploy + readiness (ASR-09)	Build de la imagen OCI	2026-09-18T16:35:18.0783765Z #21 [runtime 1/9] COPY --from=deps --chown=node:node /app/node_modules ./node_modules
imagen API · migrate deploy + readiness (ASR-09)	Build de la imagen OCI	2026-09-18T16:35:18.2828135Z #21 DONE 2.5s
imagen API · migrate deploy + readiness (ASR-09)	Build de la imagen OCI	2026-09-18T16:35:18.2828731Z 
imagen API · migrate deploy + readiness (ASR-09)	Build de la imagen OCI	2026-09-18T16:35:18.2829293Z #23 [build  8/11] COPY packages/domain ./packages/domain
imagen API · migrate deploy + readiness (ASR-09)	Build de la imagen OCI	2026-09-18T16:35:18.2830209Z #23 DONE 0.0s
imagen API · migrate deploy + readiness (ASR-09)	Build de la imagen OCI	2026-09-18T16:35:18.2830911Z 
imagen API · migrate deploy + readiness (ASR-09)	Build de la imagen OCI	2026-09-18T16:35:18.2831286Z #24 [build  9/11] COPY apps/api ./apps/api
imagen API · migrate deploy + readiness (ASR-09)	Build de la imagen OCI	2026-09-18T16:35:18.2831955Z #24 DONE 0.0s
imagen API · migrate deploy + readiness (ASR-09)	Build de la imagen OCI	2026-09-18T16:35:18.2832333Z 
imagen API · migrate deploy + readiness (ASR-09)	Build de la imagen OCI	2026-09-18T16:35:18.2833002Z #25 [build 10/11] RUN npx prisma generate  && npm run build -w @be/domain  && npm run build -w @be/api
imagen API · migrate deploy + readiness (ASR-09)	Build de la imagen OCI	2026-09-18T16:35:19.4208064Z #25 1.288 warn The configuration property `package.json#prisma` is deprecated and will be removed in Prisma 7. Please migrate to a Prisma config file (e.g., `prisma.config.ts`).
imagen API · migrate deploy + readiness (ASR-09)	Build de la imagen OCI	2026-09-18T16:35:19.4209697Z #25 1.288 For more information, see: https://pris.ly/prisma-config
imagen API · migrate deploy + readiness (ASR-09)	Build de la imagen OCI	2026-09-18T16:35:19.4210698Z #25 1.288 
imagen API · migrate deploy + readiness (ASR-09)	Build de la imagen OCI	2026-09-18T16:35:19.6031241Z #25 1.470 Prisma schema loaded from prisma/schema.prisma
imagen API · migrate deploy + readiness (ASR-09)	Build de la imagen OCI	2026-09-18T16:35:19.7674531Z #25 1.634 
imagen API · migrate deploy + readiness (ASR-09)	Build de la imagen OCI	2026-09-18T16:35:19.7675767Z #25 1.634 ✔ Generated Prisma Client (v6.19.3) to ./node_modules/@prisma/client in 51ms
imagen API · migrate deploy + readiness (ASR-09)	Build de la imagen OCI	2026-09-18T16:35:19.7676728Z #25 1.634 
imagen API · migrate deploy + readiness (ASR-09)	Build de la imagen OCI	2026-09-18T16:35:19.7677382Z #25 1.634 Start by importing your Prisma Client (See: https://pris.ly/d/importing-client)
imagen API · migrate deploy + readiness (ASR-09)	Build de la imagen OCI	2026-09-18T16:35:19.7678080Z #25 1.634 
imagen API · migrate deploy + readiness (ASR-09)	Build de la imagen OCI	2026-09-18T16:35:19.7691592Z #25 1.634 Tip: Want to turn off tips and other hints? https://pris.ly/tip-4-nohints
imagen API · migrate deploy + readiness (ASR-09)	Build de la imagen OCI	2026-09-18T16:35:19.7692709Z #25 1.634 
imagen API · migrate deploy + readiness (ASR-09)	Build de la imagen OCI	2026-09-18T16:35:19.9244296Z #25 1.792 
imagen API · migrate deploy + readiness (ASR-09)	Build de la imagen OCI	2026-09-18T16:35:19.9244736Z #25 1.792 > @be/domain@0.1.0 build
imagen API · migrate deploy + readiness (ASR-09)	Build de la imagen OCI	2026-09-18T16:35:19.9245255Z #25 1.792 > tsc -p tsconfig.json
imagen API · migrate deploy + readiness (ASR-09)	Build de la imagen OCI	2026-09-18T16:35:19.9245689Z #25 1.792 
imagen API · migrate deploy + readiness (ASR-09)	Build de la imagen OCI	2026-09-18T16:35:21.4677898Z #25 3.335 
imagen API · migrate deploy + readiness (ASR-09)	Build de la imagen OCI	2026-09-18T16:35:21.4679977Z #25 3.335 > @be/api@0.1.0 build
imagen API · migrate deploy + readiness (ASR-09)	Build de la imagen OCI	2026-09-18T16:35:21.4681208Z #25 3.335 > tsc -p tsconfig.build.json
imagen API · migrate deploy + readiness (ASR-09)	Build de la imagen OCI	2026-09-18T16:35:21.4682029Z #25 3.335 
imagen API · migrate deploy + readiness (ASR-09)	Build de la imagen OCI	2026-09-18T16:35:23.5099048Z #25 DONE 5.4s
imagen API · migrate deploy + readiness (ASR-09)	Build de la imagen OCI	2026-09-18T16:35:23.6562138Z 
imagen API · migrate deploy + readiness (ASR-09)	Build de la imagen OCI	2026-09-18T16:35:23.6564285Z #26 [build 11/11] RUN node -e "require('fs').writeFileSync('apps/api/dist/build-info.json', JSON.stringify({ commit: process.env.RENDER_GIT_COMMIT || null, construidoEn: new Date().toISOString() }))"
imagen API · migrate deploy + readiness (ASR-09)	Build de la imagen OCI	2026-09-18T16:35:23.7117729Z #26 DONE 0.2s
imagen API · migrate deploy + readiness (ASR-09)	Build de la imagen OCI	2026-09-18T16:35:24.1389485Z 
imagen API · migrate deploy + readiness (ASR-09)	Build de la imagen OCI	2026-09-18T16:35:24.1393345Z #27 [runtime 2/9] COPY --from=build --chown=node:node /app/node_modules/.prisma ./node_modules/.prisma
imagen API · migrate deploy + readiness (ASR-09)	Build de la imagen OCI	2026-09-18T16:35:24.2447833Z #27 DONE 0.1s
imagen API · migrate deploy + readiness (ASR-09)	Build de la imagen OCI	2026-09-18T16:35:24.2449311Z 
imagen API · migrate deploy + readiness (ASR-09)	Build de la imagen OCI	2026-09-18T16:35:24.2449872Z #28 [runtime 3/9] COPY --chown=node:node package.json ./
imagen API · migrate deploy + readiness (ASR-09)	Build de la imagen OCI	2026-09-18T16:35:24.2450920Z #28 DONE 0.0s
imagen API · migrate deploy + readiness (ASR-09)	Build de la imagen OCI	2026-09-18T16:35:24.2452289Z 
imagen API · migrate deploy + readiness (ASR-09)	Build de la imagen OCI	2026-09-18T16:35:24.2452767Z #29 [runtime 4/9] COPY --chown=node:node prisma ./prisma
imagen API · migrate deploy + readiness (ASR-09)	Build de la imagen OCI	2026-09-18T16:35:24.2456889Z #29 DONE 0.0s
imagen API · migrate deploy + readiness (ASR-09)	Build de la imagen OCI	2026-09-18T16:35:24.2457479Z 
imagen API · migrate deploy + readiness (ASR-09)	Build de la imagen OCI	2026-09-18T16:35:24.2458073Z #30 [runtime 5/9] COPY --from=build --chown=node:node /app/packages/domain/package.json ./packages/domain/package.json
imagen API · migrate deploy + readiness (ASR-09)	Build de la imagen OCI	2026-09-18T16:35:24.2458970Z #30 DONE 0.0s
imagen API · migrate deploy + readiness (ASR-09)	Build de la imagen OCI	2026-09-18T16:35:24.2459160Z 
imagen API · migrate deploy + readiness (ASR-09)	Build de la imagen OCI	2026-09-18T16:35:24.2459630Z #31 [runtime 6/9] COPY --from=build --chown=node:node /app/packages/domain/dist ./packages/domain/dist
imagen API · migrate deploy + readiness (ASR-09)	Build de la imagen OCI	2026-09-18T16:35:24.2460724Z #31 DONE 0.0s
imagen API · migrate deploy + readiness (ASR-09)	Build de la imagen OCI	2026-09-18T16:35:24.4559211Z 
imagen API · migrate deploy + readiness (ASR-09)	Build de la imagen OCI	2026-09-18T16:35:24.4561305Z #32 [runtime 7/9] COPY --from=build --chown=node:node /app/apps/api/package.json ./apps/api/package.json
imagen API · migrate deploy + readiness (ASR-09)	Build de la imagen OCI	2026-09-18T16:35:24.4562487Z #32 DONE 0.0s
imagen API · migrate deploy + readiness (ASR-09)	Build de la imagen OCI	2026-09-18T16:35:24.4562813Z 
imagen API · migrate deploy + readiness (ASR-09)	Build de la imagen OCI	2026-09-18T16:35:24.4563254Z #33 [runtime 8/9] COPY --from=build --chown=node:node /app/apps/api/dist ./apps/api/dist
imagen API · migrate deploy + readiness (ASR-09)	Build de la imagen OCI	2026-09-18T16:35:24.4563968Z #33 DONE 0.0s
imagen API · migrate deploy + readiness (ASR-09)	Build de la imagen OCI	2026-09-18T16:35:24.4564195Z 
imagen API · migrate deploy + readiness (ASR-09)	Build de la imagen OCI	2026-09-18T16:35:24.4564653Z #34 [runtime 9/9] COPY --chown=node:node apps/api/scripts/iniciar.sh ./apps/api/scripts/iniciar.sh
imagen API · migrate deploy + readiness (ASR-09)	Build de la imagen OCI	2026-09-18T16:35:24.4565945Z #34 DONE 0.0s
imagen API · migrate deploy + readiness (ASR-09)	Build de la imagen OCI	2026-09-18T16:35:24.4566144Z 
imagen API · migrate deploy + readiness (ASR-09)	Build de la imagen OCI	2026-09-18T16:35:24.4566296Z #35 exporting to image
imagen API · migrate deploy + readiness (ASR-09)	Build de la imagen OCI	2026-09-18T16:35:24.4566669Z #35 exporting layers
imagen API · migrate deploy + readiness (ASR-09)	Build de la imagen OCI	2026-09-18T16:35:30.8771458Z #35 exporting layers 6.6s done
imagen API · migrate deploy + readiness (ASR-09)	Build de la imagen OCI	2026-09-18T16:35:30.8772392Z #35 writing image sha256:5075b36ef01dbd2d211164443c2e80cccbb13512f6ca850878222620f844e189
imagen API · migrate deploy + readiness (ASR-09)	Build de la imagen OCI	2026-09-18T16:35:30.8983410Z #35 writing image sha256:5075b36ef01dbd2d211164443c2e80cccbb13512f6ca850878222620f844e189 done
imagen API · migrate deploy + readiness (ASR-09)	Build de la imagen OCI	2026-09-18T16:35:30.8990755Z #35 naming to docker.io/library/be-api:960d1d2e9645884c16d6a2127aae232b64f73621 done
imagen API · migrate deploy + readiness (ASR-09)	Build de la imagen OCI	2026-09-18T16:35:30.8991512Z #35 DONE 6.6s
imagen API · migrate deploy + readiness (ASR-09)	PostgreSQL 16 efímero	﻿2026-09-18T16:35:30.9115659Z ##[group]Run docker network create be
imagen API · migrate deploy + readiness (ASR-09)	PostgreSQL 16 efímero	2026-09-18T16:35:30.9116546Z ^[[36;1mdocker network create be^[[0m
imagen API · migrate deploy + readiness (ASR-09)	PostgreSQL 16 efímero	2026-09-18T16:35:30.9116960Z ^[[36;1mdocker run -d --name pg --network be \^[[0m
imagen API · migrate deploy + readiness (ASR-09)	PostgreSQL 16 efímero	2026-09-18T16:35:30.9117966Z ^[[36;1m  -e POSTGRES_USER=be_test -e POSTGRES_PASSWORD=be_test_sintetico -e POSTGRES_DB=be_test \^[[0m
imagen API · migrate deploy + readiness (ASR-09)	PostgreSQL 16 efímero	2026-09-18T16:35:30.9119090Z ^[[36;1m  postgres:16-alpine^[[0m
imagen API · migrate deploy + readiness (ASR-09)	PostgreSQL 16 efímero	2026-09-18T16:35:30.9119815Z ^[[36;1mfor i in $(seq 1 30); do docker exec pg pg_isready -U be_test -d be_test && break; sleep 2; done^[[0m
imagen API · migrate deploy + readiness (ASR-09)	PostgreSQL 16 efímero	2026-09-18T16:35:30.9159562Z shell: /usr/bin/bash -e {0}
imagen API · migrate deploy + readiness (ASR-09)	PostgreSQL 16 efímero	2026-09-18T16:35:30.9159838Z ##[endgroup]
imagen API · migrate deploy + readiness (ASR-09)	PostgreSQL 16 efímero	2026-09-18T16:35:30.9861735Z cf400f6b137d6c8fb53b94971a0c592b0bf6831b18362a54dc2758e5677cf46a
imagen API · migrate deploy + readiness (ASR-09)	PostgreSQL 16 efímero	2026-09-18T16:35:31.0011922Z Unable to find image 'postgres:16-alpine' locally
imagen API · migrate deploy + readiness (ASR-09)	PostgreSQL 16 efímero	2026-09-18T16:35:31.2718367Z 16-alpine: Pulling from library/postgres
imagen API · migrate deploy + readiness (ASR-09)	PostgreSQL 16 efímero	2026-09-18T16:35:31.3582879Z e2de96513ba9: Pulling fs layer
imagen API · migrate deploy + readiness (ASR-09)	PostgreSQL 16 efímero	2026-09-18T16:35:31.3583833Z 1b7f9cd581ee: Pulling fs layer
imagen API · migrate deploy + readiness (ASR-09)	PostgreSQL 16 efímero	2026-09-18T16:35:31.3584702Z 210b280f9556: Pulling fs layer
imagen API · migrate deploy + readiness (ASR-09)	PostgreSQL 16 efímero	2026-09-18T16:35:31.3585627Z 81717818649a: Pulling fs layer
imagen API · migrate deploy + readiness (ASR-09)	PostgreSQL 16 efímero	2026-09-18T16:35:31.3586368Z 3ae6141cfd99: Pulling fs layer
imagen API · migrate deploy + readiness (ASR-09)	PostgreSQL 16 efímero	2026-09-18T16:35:31.3587108Z 25b77f59fd95: Pulling fs layer
imagen API · migrate deploy + readiness (ASR-09)	PostgreSQL 16 efímero	2026-09-18T16:35:31.3595084Z 6c25da34e03f: Pulling fs layer
imagen API · migrate deploy + readiness (ASR-09)	PostgreSQL 16 efímero	2026-09-18T16:35:31.3596146Z a88782f92806: Pulling fs layer
imagen API · migrate deploy + readiness (ASR-09)	PostgreSQL 16 efímero	2026-09-18T16:35:31.3596947Z d8d21be4bf02: Pulling fs layer
imagen API · migrate deploy + readiness (ASR-09)	PostgreSQL 16 efímero	2026-09-18T16:35:31.3603108Z 6117bd39f23f: Pulling fs layer
imagen API · migrate deploy + readiness (ASR-09)	PostgreSQL 16 efímero	2026-09-18T16:35:31.3604146Z 509688edf37b: Pulling fs layer
imagen API · migrate deploy + readiness (ASR-09)	PostgreSQL 16 efímero	2026-09-18T16:35:31.3609939Z 81717818649a: Waiting
imagen API · migrate deploy + readiness (ASR-09)	PostgreSQL 16 efímero	2026-09-18T16:35:31.3611050Z 3ae6141cfd99: Waiting
imagen API · migrate deploy + readiness (ASR-09)	PostgreSQL 16 efímero	2026-09-18T16:35:31.3617234Z 25b77f59fd95: Waiting
imagen API · migrate deploy + readiness (ASR-09)	PostgreSQL 16 efímero	2026-09-18T16:35:31.3618231Z 6c25da34e03f: Waiting
imagen API · migrate deploy + readiness (ASR-09)	PostgreSQL 16 efímero	2026-09-18T16:35:31.3625411Z a88782f92806: Waiting
imagen API · migrate deploy + readiness (ASR-09)	PostgreSQL 16 efímero	2026-09-18T16:35:31.3626346Z d8d21be4bf02: Waiting
imagen API · migrate deploy + readiness (ASR-09)	PostgreSQL 16 efímero	2026-09-18T16:35:31.3632745Z 6117bd39f23f: Waiting
imagen API · migrate deploy + readiness (ASR-09)	PostgreSQL 16 efímero	2026-09-18T16:35:31.3633466Z 509688edf37b: Waiting
imagen API · migrate deploy + readiness (ASR-09)	PostgreSQL 16 efímero	2026-09-18T16:35:31.4192782Z 1b7f9cd581ee: Verifying Checksum
imagen API · migrate deploy + readiness (ASR-09)	PostgreSQL 16 efímero	2026-09-18T16:35:31.4193928Z 1b7f9cd581ee: Download complete
imagen API · migrate deploy + readiness (ASR-09)	PostgreSQL 16 efímero	2026-09-18T16:35:31.4535374Z 210b280f9556: Verifying Checksum
imagen API · migrate deploy + readiness (ASR-09)	PostgreSQL 16 efímero	2026-09-18T16:35:31.4537005Z 210b280f9556: Download complete
imagen API · migrate deploy + readiness (ASR-09)	PostgreSQL 16 efímero	2026-09-18T16:35:31.4657618Z e2de96513ba9: Verifying Checksum
imagen API · migrate deploy + readiness (ASR-09)	PostgreSQL 16 efímero	2026-09-18T16:35:31.4658164Z e2de96513ba9: Download complete
imagen API · migrate deploy + readiness (ASR-09)	PostgreSQL 16 efímero	2026-09-18T16:35:31.4716842Z 81717818649a: Verifying Checksum
imagen API · migrate deploy + readiness (ASR-09)	PostgreSQL 16 efímero	2026-09-18T16:35:31.4717659Z 81717818649a: Download complete
imagen API · migrate deploy + readiness (ASR-09)	PostgreSQL 16 efímero	2026-09-18T16:35:31.5065317Z 3ae6141cfd99: Verifying Checksum
imagen API · migrate deploy + readiness (ASR-09)	PostgreSQL 16 efímero	2026-09-18T16:35:31.5066183Z 3ae6141cfd99: Download complete
imagen API · migrate deploy + readiness (ASR-09)	PostgreSQL 16 efímero	2026-09-18T16:35:31.5246515Z 6c25da34e03f: Verifying Checksum
imagen API · migrate deploy + readiness (ASR-09)	PostgreSQL 16 efímero	2026-09-18T16:35:31.5247297Z 6c25da34e03f: Download complete
imagen API · migrate deploy + readiness (ASR-09)	PostgreSQL 16 efímero	2026-09-18T16:35:31.5568587Z a88782f92806: Verifying Checksum
imagen API · migrate deploy + readiness (ASR-09)	PostgreSQL 16 efímero	2026-09-18T16:35:31.5570090Z a88782f92806: Download complete
imagen API · migrate deploy + readiness (ASR-09)	PostgreSQL 16 efímero	2026-09-18T16:35:31.5813609Z d8d21be4bf02: Verifying Checksum
imagen API · migrate deploy + readiness (ASR-09)	PostgreSQL 16 efímero	2026-09-18T16:35:31.5815378Z d8d21be4bf02: Download complete
imagen API · migrate deploy + readiness (ASR-09)	PostgreSQL 16 efímero	2026-09-18T16:35:31.6103836Z 6117bd39f23f: Verifying Checksum
imagen API · migrate deploy + readiness (ASR-09)	PostgreSQL 16 efímero	2026-09-18T16:35:31.6105573Z 6117bd39f23f: Download complete
imagen API · migrate deploy + readiness (ASR-09)	PostgreSQL 16 efímero	2026-09-18T16:35:31.6528352Z e2de96513ba9: Pull complete
imagen API · migrate deploy + readiness (ASR-09)	PostgreSQL 16 efímero	2026-09-18T16:35:31.6970160Z 509688edf37b: Verifying Checksum
imagen API · migrate deploy + readiness (ASR-09)	PostgreSQL 16 efímero	2026-09-18T16:35:31.6971115Z 509688edf37b: Download complete
imagen API · migrate deploy + readiness (ASR-09)	PostgreSQL 16 efímero	2026-09-18T16:35:31.7059190Z 1b7f9cd581ee: Pull complete
imagen API · migrate deploy + readiness (ASR-09)	PostgreSQL 16 efímero	2026-09-18T16:35:31.8042026Z 210b280f9556: Pull complete
imagen API · migrate deploy + readiness (ASR-09)	PostgreSQL 16 efímero	2026-09-18T16:35:31.8233574Z 81717818649a: Pull complete
imagen API · migrate deploy + readiness (ASR-09)	PostgreSQL 16 efímero	2026-09-18T16:35:31.8372240Z 3ae6141cfd99: Pull complete
imagen API · migrate deploy + readiness (ASR-09)	PostgreSQL 16 efímero	2026-09-18T16:35:32.0828316Z 25b77f59fd95: Verifying Checksum
imagen API · migrate deploy + readiness (ASR-09)	PostgreSQL 16 efímero	2026-09-18T16:35:32.0828850Z 25b77f59fd95: Download complete
imagen API · migrate deploy + readiness (ASR-09)	PostgreSQL 16 efímero	2026-09-18T16:35:35.6847891Z 25b77f59fd95: Pull complete
imagen API · migrate deploy + readiness (ASR-09)	PostgreSQL 16 efímero	2026-09-18T16:35:35.7071203Z 6c25da34e03f: Pull complete
imagen API · migrate deploy + readiness (ASR-09)	PostgreSQL 16 efímero	2026-09-18T16:35:35.7279342Z a88782f92806: Pull complete
imagen API · migrate deploy + readiness (ASR-09)	PostgreSQL 16 efímero	2026-09-18T16:35:35.7405791Z d8d21be4bf02: Pull complete
imagen API · migrate deploy + readiness (ASR-09)	PostgreSQL 16 efímero	2026-09-18T16:35:35.7507378Z 6117bd39f23f: Pull complete
imagen API · migrate deploy + readiness (ASR-09)	PostgreSQL 16 efímero	2026-09-18T16:35:35.7602118Z 509688edf37b: Pull complete
imagen API · migrate deploy + readiness (ASR-09)	PostgreSQL 16 efímero	2026-09-18T16:35:35.7642550Z Digest: sha256:3c5c8892d184f738f4fe282d14ddaa613a38f00f4189d2d94725ebe6f2909ddb
imagen API · migrate deploy + readiness (ASR-09)	PostgreSQL 16 efímero	2026-09-18T16:35:35.7656177Z Status: Downloaded newer image for postgres:16-alpine
imagen API · migrate deploy + readiness (ASR-09)	PostgreSQL 16 efímero	2026-09-18T16:35:35.7803814Z 3ac7f05eec987ced672e49f9d7c6b7fb1a9ee0ef8cb0657e4bcd356bcacea6c3
imagen API · migrate deploy + readiness (ASR-09)	PostgreSQL 16 efímero	2026-09-18T16:35:36.0728592Z /var/run/postgresql:5432 - no response
imagen API · migrate deploy + readiness (ASR-09)	PostgreSQL 16 efímero	2026-09-18T16:35:38.1424902Z /var/run/postgresql:5432 - accepting connections
imagen API · migrate deploy + readiness (ASR-09)	Arranque del artefacto (migraciones como fase del deploy)	﻿2026-09-18T16:35:38.1501642Z ##[group]Run docker run -d --name api --network be -p 3000:3000 \
imagen API · migrate deploy + readiness (ASR-09)	Arranque del artefacto (migraciones como fase del deploy)	2026-09-18T16:35:38.1502188Z ^[[36;1mdocker run -d --name api --network be -p 3000:3000 \^[[0m
imagen API · migrate deploy + readiness (ASR-09)	Arranque del artefacto (migraciones como fase del deploy)	2026-09-18T16:35:38.1502568Z ^[[36;1m  -e APP_ENV=test \^[[0m
imagen API · migrate deploy + readiness (ASR-09)	Arranque del artefacto (migraciones como fase del deploy)	2026-09-18T16:35:38.1503260Z ^[[36;1m  -e DATABASE_URL=***pg:5432/be_test \^[[0m
imagen API · migrate deploy + readiness (ASR-09)	Arranque del artefacto (migraciones como fase del deploy)	2026-09-18T16:35:38.1503631Z ^[[36;1m  be-api:960d1d2e9645884c16d6a2127aae232b64f73621^[[0m
imagen API · migrate deploy + readiness (ASR-09)	Arranque del artefacto (migraciones como fase del deploy)	2026-09-18T16:35:38.1540555Z shell: /usr/bin/bash -e {0}
imagen API · migrate deploy + readiness (ASR-09)	Arranque del artefacto (migraciones como fase del deploy)	2026-09-18T16:35:38.1540832Z ##[endgroup]
imagen API · migrate deploy + readiness (ASR-09)	Arranque del artefacto (migraciones como fase del deploy)	2026-09-18T16:35:38.1938228Z 90771cd3d502fa938159088b0675295f8dccd7cad4ef57eda7159d8677765a90
imagen API · migrate deploy + readiness (ASR-09)	Smoke — /health/ready 200 con el SHA esperado (07 §37)	﻿2026-09-18T16:35:38.3658540Z ##[group]Run for i in $(seq 1 30); do
imagen API · migrate deploy + readiness (ASR-09)	Smoke — /health/ready 200 con el SHA esperado (07 §37)	2026-09-18T16:35:38.3658902Z ^[[36;1mfor i in $(seq 1 30); do^[[0m
imagen API · migrate deploy + readiness (ASR-09)	Smoke — /health/ready 200 con el SHA esperado (07 §37)	2026-09-18T16:35:38.3659346Z ^[[36;1m  if curl -fsS http://localhost:3000/health/ready -o ready.json; then break; fi^[[0m
imagen API · migrate deploy + readiness (ASR-09)	Smoke — /health/ready 200 con el SHA esperado (07 §37)	2026-09-18T16:35:38.3659787Z ^[[36;1m  sleep 2^[[0m
imagen API · migrate deploy + readiness (ASR-09)	Smoke — /health/ready 200 con el SHA esperado (07 §37)	2026-09-18T16:35:38.3660003Z ^[[36;1mdone^[[0m
imagen API · migrate deploy + readiness (ASR-09)	Smoke — /health/ready 200 con el SHA esperado (07 §37)	2026-09-18T16:35:38.3660217Z ^[[36;1mdocker logs api^[[0m
imagen API · migrate deploy + readiness (ASR-09)	Smoke — /health/ready 200 con el SHA esperado (07 §37)	2026-09-18T16:35:38.3660882Z ^[[36;1mcat ready.json^[[0m
imagen API · migrate deploy + readiness (ASR-09)	Smoke — /health/ready 200 con el SHA esperado (07 §37)	2026-09-18T16:35:38.3661169Z ^[[36;1mtest "$(jq -r .data.estado ready.json)" = "OK"^[[0m
imagen API · migrate deploy + readiness (ASR-09)	Smoke — /health/ready 200 con el SHA esperado (07 §37)	2026-09-18T16:35:38.3661602Z ^[[36;1mtest "$(jq -r .data.dependencias.migraciones ready.json)" = "OK"^[[0m
imagen API · migrate deploy + readiness (ASR-09)	Smoke — /health/ready 200 con el SHA esperado (07 §37)	2026-09-18T16:35:38.3662163Z ^[[36;1mtest "$(jq -r .data.version.commit ready.json)" = "960d1d2e9645884c16d6a2127aae232b64f73621"^[[0m
imagen API · migrate deploy + readiness (ASR-09)	Smoke — /health/ready 200 con el SHA esperado (07 §37)	2026-09-18T16:35:38.3662692Z ^[[36;1mcurl -fsS http://localhost:3000/health/live^[[0m
imagen API · migrate deploy + readiness (ASR-09)	Smoke — /health/ready 200 con el SHA esperado (07 §37)	2026-09-18T16:35:38.3663225Z ^[[36;1mtest "$(curl -s -o /dev/null -w '%{http_code}' http://localhost:3000/api/v1/no-existe)" = "404"^[[0m
imagen API · migrate deploy + readiness (ASR-09)	Smoke — /health/ready 200 con el SHA esperado (07 §37)	2026-09-18T16:35:38.3701254Z shell: /usr/bin/bash -e {0}
imagen API · migrate deploy + readiness (ASR-09)	Smoke — /health/ready 200 con el SHA esperado (07 §37)	2026-09-18T16:35:38.3701565Z ##[endgroup]
imagen API · migrate deploy + readiness (ASR-09)	Smoke — /health/ready 200 con el SHA esperado (07 §37)	2026-09-18T16:35:38.3911383Z curl: (56) Recv failure: Connection reset by peer
imagen API · migrate deploy + readiness (ASR-09)	Smoke — /health/ready 200 con el SHA esperado (07 §37)	2026-09-18T16:35:40.4987699Z {"nivel":"info","evento":"migraciones_inicio"}
imagen API · migrate deploy + readiness (ASR-09)	Smoke — /health/ready 200 con el SHA esperado (07 §37)	2026-09-18T16:35:40.4990043Z warn The configuration property `package.json#prisma` is deprecated and will be removed in Prisma 7. Please migrate to a Prisma config file (e.g., `prisma.config.ts`).
imagen API · migrate deploy + readiness (ASR-09)	Smoke — /health/ready 200 con el SHA esperado (07 §37)	2026-09-18T16:35:40.4991663Z Prisma schema loaded from prisma/schema.prisma
imagen API · migrate deploy + readiness (ASR-09)	Smoke — /health/ready 200 con el SHA esperado (07 §37)	2026-09-18T16:35:40.4992597Z For more information, see: https://pris.ly/prisma-config
imagen API · migrate deploy + readiness (ASR-09)	Smoke — /health/ready 200 con el SHA esperado (07 §37)	2026-09-18T16:35:40.4993411Z Datasource "db": PostgreSQL database "be_test", schema "public" at "pg:5432"
imagen API · migrate deploy + readiness (ASR-09)	Smoke — /health/ready 200 con el SHA esperado (07 §37)	2026-09-18T16:35:40.4994183Z 
imagen API · migrate deploy + readiness (ASR-09)	Smoke — /health/ready 200 con el SHA esperado (07 §37)	2026-09-18T16:35:40.4994193Z 
imagen API · migrate deploy + readiness (ASR-09)	Smoke — /health/ready 200 con el SHA esperado (07 §37)	2026-09-18T16:35:40.4994579Z 1 migration found in prisma/migrations
imagen API · migrate deploy + readiness (ASR-09)	Smoke — /health/ready 200 con el SHA esperado (07 §37)	2026-09-18T16:35:40.4995091Z 
imagen API · migrate deploy + readiness (ASR-09)	Smoke — /health/ready 200 con el SHA esperado (07 §37)	2026-09-18T16:35:40.4995410Z Applying migration `20260916180000_identidad`
imagen API · migrate deploy + readiness (ASR-09)	Smoke — /health/ready 200 con el SHA esperado (07 §37)	2026-09-18T16:35:40.4995885Z 
imagen API · migrate deploy + readiness (ASR-09)	Smoke — /health/ready 200 con el SHA esperado (07 §37)	2026-09-18T16:35:40.4996215Z The following migration(s) have been applied:
imagen API · migrate deploy + readiness (ASR-09)	Smoke — /health/ready 200 con el SHA esperado (07 §37)	2026-09-18T16:35:40.4996714Z 
imagen API · migrate deploy + readiness (ASR-09)	Smoke — /health/ready 200 con el SHA esperado (07 §37)	2026-09-18T16:35:40.4996992Z migrations/
imagen API · migrate deploy + readiness (ASR-09)	Smoke — /health/ready 200 con el SHA esperado (07 §37)	2026-09-18T16:35:40.4997730Z   └─ 20260916180000_identidad/
imagen API · migrate deploy + readiness (ASR-09)	Smoke — /health/ready 200 con el SHA esperado (07 §37)	2026-09-18T16:35:40.4998335Z     └─ migration.sql
imagen API · migrate deploy + readiness (ASR-09)	Smoke — /health/ready 200 con el SHA esperado (07 §37)	2026-09-18T16:35:40.4998822Z       
imagen API · migrate deploy + readiness (ASR-09)	Smoke — /health/ready 200 con el SHA esperado (07 §37)	2026-09-18T16:35:40.4999395Z All migrations have been successfully applied.
imagen API · migrate deploy + readiness (ASR-09)	Smoke — /health/ready 200 con el SHA esperado (07 §37)	2026-09-18T16:35:40.5000149Z {"nivel":"info","evento":"migraciones_fin"}
imagen API · migrate deploy + readiness (ASR-09)	Smoke — /health/ready 200 con el SHA esperado (07 §37)	2026-09-18T16:35:40.5001908Z {"nivel":"info","evento":"api_iniciada","ambiente":"test","version":{"aplicacion":"0.1.0","commit":"960d1d2e9645884c16d6a2127aae232b64f73621","construidoEn":"2026-09-18T16:35:23.700Z"},"puerto":3000}
imagen API · migrate deploy + readiness (ASR-09)	Smoke — /health/ready 200 con el SHA esperado (07 §37)	2026-09-18T16:35:40.5004256Z {"nivel":"info","requestId":"a9025cad-560b-466c-95fc-48347fcb9ba7","metodo":"GET","ruta":"/health/ready","status":200,"duracionMs":80}
imagen API · migrate deploy + readiness (ASR-09)	Smoke — /health/ready 200 con el SHA esperado (07 §37)	2026-09-18T16:35:40.5267757Z {"data":{"estado":"OK","ambiente":"test","version":{"aplicacion":"0.1.0","commit":"960d1d2e9645884c16d6a2127aae232b64f73621","construidoEn":"2026-09-18T16:35:23.700Z"},"dependencias":{"baseDeDatos":"OK","migraciones":"OK"}}}{"data":{"estado":"OK","ambiente":"test","version":{"aplicacion":"0.1.0","commit":"960d1d2e9645884c16d6a2127aae232b64f73621","construidoEn":"2026-09-18T16:35:23.700Z"}}}
imagen API · migrate deploy + readiness (ASR-09)	Post Run actions/checkout@v7	﻿2026-09-18T16:35:40.5385968Z Post job cleanup.
imagen API · migrate deploy + readiness (ASR-09)	Post Run actions/checkout@v7	2026-09-18T16:35:40.6380865Z [command]/usr/bin/git version
imagen API · migrate deploy + readiness (ASR-09)	Post Run actions/checkout@v7	2026-09-18T16:35:40.6437861Z git version 2.55.0
imagen API · migrate deploy + readiness (ASR-09)	Post Run actions/checkout@v7	2026-09-18T16:35:40.6517176Z Temporarily overriding HOME='/home/runner/work/_temp/576fc712-3078-4637-85f8-7c462e94e961' before making global git config changes
imagen API · migrate deploy + readiness (ASR-09)	Post Run actions/checkout@v7	2026-09-18T16:35:40.6528425Z Adding repository directory to the temporary git global config as a safe directory
imagen API · migrate deploy + readiness (ASR-09)	Post Run actions/checkout@v7	2026-09-18T16:35:40.6545691Z [command]/usr/bin/git config --global --add safe.directory /home/runner/work/be/be
imagen API · migrate deploy + readiness (ASR-09)	Post Run actions/checkout@v7	2026-09-18T16:35:40.6584990Z Removing SSH command configuration
imagen API · migrate deploy + readiness (ASR-09)	Post Run actions/checkout@v7	2026-09-18T16:35:40.6585869Z [command]/usr/bin/git config --local --name-only --get-regexp core\.sshCommand
imagen API · migrate deploy + readiness (ASR-09)	Post Run actions/checkout@v7	2026-09-18T16:35:40.6680086Z [command]/usr/bin/git submodule foreach --recursive sh -c "git config --local --name-only --get-regexp 'core\.sshCommand' && git config --local --unset-all 'core.sshCommand' || :"
imagen API · migrate deploy + readiness (ASR-09)	Post Run actions/checkout@v7	2026-09-18T16:35:40.7031849Z Removing HTTP extra header
imagen API · migrate deploy + readiness (ASR-09)	Post Run actions/checkout@v7	2026-09-18T16:35:40.7038120Z [command]/usr/bin/git config --local --name-only --get-regexp http\.https\:\/\/github\.com\/\.extraheader
imagen API · migrate deploy + readiness (ASR-09)	Post Run actions/checkout@v7	2026-09-18T16:35:40.7132849Z [command]/usr/bin/git submodule foreach --recursive sh -c "git config --local --name-only --get-regexp 'http\.https\:\/\/github\.com\/\.extraheader' && git config --local --unset-all 'http.https://github.com/.extraheader' || :"
imagen API · migrate deploy + readiness (ASR-09)	Post Run actions/checkout@v7	2026-09-18T16:35:40.7633877Z Removing includeIf entries pointing to credentials config files
imagen API · migrate deploy + readiness (ASR-09)	Post Run actions/checkout@v7	2026-09-18T16:35:40.7664011Z [command]/usr/bin/git config --local --name-only --get-regexp ^includeIf\.gitdir:
imagen API · migrate deploy + readiness (ASR-09)	Post Run actions/checkout@v7	2026-09-18T16:35:40.7735982Z includeif.gitdir:/home/runner/work/be/be/.git.path
imagen API · migrate deploy + readiness (ASR-09)	Post Run actions/checkout@v7	2026-09-18T16:35:40.7761010Z includeif.gitdir:/home/runner/work/be/be/.git/worktrees/*.path
imagen API · migrate deploy + readiness (ASR-09)	Post Run actions/checkout@v7	2026-09-18T16:35:40.7799479Z includeif.gitdir:/github/workspace/.git.path
imagen API · migrate deploy + readiness (ASR-09)	Post Run actions/checkout@v7	2026-09-18T16:35:40.7828152Z includeif.gitdir:/github/workspace/.git/worktrees/*.path
imagen API · migrate deploy + readiness (ASR-09)	Post Run actions/checkout@v7	2026-09-18T16:35:40.7865709Z [command]/usr/bin/git config --local --get-all includeif.gitdir:/home/runner/work/be/be/.git.path
imagen API · migrate deploy + readiness (ASR-09)	Post Run actions/checkout@v7	2026-09-18T16:35:40.7899457Z /home/runner/work/_temp/git-credentials-6c28136e-2359-46ad-a360-4c9552681c42.config
imagen API · migrate deploy + readiness (ASR-09)	Post Run actions/checkout@v7	2026-09-18T16:35:40.7946282Z [command]/usr/bin/git config --local --unset includeif.gitdir:/home/runner/work/be/be/.git.path \/home\/runner\/work\/_temp\/git\-credentials\-6c28136e\-2359\-46ad\-a360\-4c9552681c42\.config
imagen API · migrate deploy + readiness (ASR-09)	Post Run actions/checkout@v7	2026-09-18T16:35:40.7989904Z [command]/usr/bin/git config --local --get-all includeif.gitdir:/home/runner/work/be/be/.git/worktrees/*.path
imagen API · migrate deploy + readiness (ASR-09)	Post Run actions/checkout@v7	2026-09-18T16:35:40.8017546Z /home/runner/work/_temp/git-credentials-6c28136e-2359-46ad-a360-4c9552681c42.config
imagen API · migrate deploy + readiness (ASR-09)	Post Run actions/checkout@v7	2026-09-18T16:35:40.8047678Z [command]/usr/bin/git config --local --unset includeif.gitdir:/home/runner/work/be/be/.git/worktrees/*.path \/home\/runner\/work\/_temp\/git\-credentials\-6c28136e\-2359\-46ad\-a360\-4c9552681c42\.config
imagen API · migrate deploy + readiness (ASR-09)	Post Run actions/checkout@v7	2026-09-18T16:35:40.8129262Z [command]/usr/bin/git config --local --get-all includeif.gitdir:/github/workspace/.git.path
imagen API · migrate deploy + readiness (ASR-09)	Post Run actions/checkout@v7	2026-09-18T16:35:40.8188318Z /github/runner_temp/git-credentials-6c28136e-2359-46ad-a360-4c9552681c42.config
imagen API · migrate deploy + readiness (ASR-09)	Post Run actions/checkout@v7	2026-09-18T16:35:40.8212777Z [command]/usr/bin/git config --local --unset includeif.gitdir:/github/workspace/.git.path \/github\/runner_temp\/git\-credentials\-6c28136e\-2359\-46ad\-a360\-4c9552681c42\.config
imagen API · migrate deploy + readiness (ASR-09)	Post Run actions/checkout@v7	2026-09-18T16:35:40.8314101Z [command]/usr/bin/git config --local --get-all includeif.gitdir:/github/workspace/.git/worktrees/*.path
imagen API · migrate deploy + readiness (ASR-09)	Post Run actions/checkout@v7	2026-09-18T16:35:40.8338809Z /github/runner_temp/git-credentials-6c28136e-2359-46ad-a360-4c9552681c42.config
imagen API · migrate deploy + readiness (ASR-09)	Post Run actions/checkout@v7	2026-09-18T16:35:40.8395014Z [command]/usr/bin/git config --local --unset includeif.gitdir:/github/workspace/.git/worktrees/*.path \/github\/runner_temp\/git\-credentials\-6c28136e\-2359\-46ad\-a360\-4c9552681c42\.config
imagen API · migrate deploy + readiness (ASR-09)	Post Run actions/checkout@v7	2026-09-18T16:35:40.8468061Z [command]/usr/bin/git submodule foreach --recursive git config --local --show-origin --name-only --get-regexp remote.origin.url
imagen API · migrate deploy + readiness (ASR-09)	Post Run actions/checkout@v7	2026-09-18T16:35:40.8804671Z Removing credentials config '/home/runner/work/_temp/git-credentials-6c28136e-2359-46ad-a360-4c9552681c42.config'
imagen API · migrate deploy + readiness (ASR-09)	Complete job	﻿2026-09-18T16:35:40.8996790Z Cleaning up orphan processes
integración · PostgreSQL 16 (Testcontainers)	Set up job	﻿2026-09-18T16:34:36.8343747Z Current runner version: '2.337.0'
integración · PostgreSQL 16 (Testcontainers)	Set up job	2026-09-18T16:34:36.8374163Z ##[group]Runner Image Provisioner
integración · PostgreSQL 16 (Testcontainers)	Set up job	2026-09-18T16:34:36.8375174Z Hosted Compute Agent
integración · PostgreSQL 16 (Testcontainers)	Set up job	2026-09-18T16:34:36.8375741Z Version: 20260828.587
integración · PostgreSQL 16 (Testcontainers)	Set up job	2026-09-18T16:34:36.8376795Z Commit: abac92662cab4cc7352de4f9f9d2e2419aad9c29
integración · PostgreSQL 16 (Testcontainers)	Set up job	2026-09-18T16:34:36.8377573Z Build Date: 2026-08-28T16:44:25Z
integración · PostgreSQL 16 (Testcontainers)	Set up job	2026-09-18T16:34:36.8378227Z Worker ID: {d90b6c5d-9839-4f8b-b5bb-f3264d7f48c3}
integración · PostgreSQL 16 (Testcontainers)	Set up job	2026-09-18T16:34:36.8378978Z Azure Region: centralus
integración · PostgreSQL 16 (Testcontainers)	Set up job	2026-09-18T16:34:36.8379589Z ##[endgroup]
integración · PostgreSQL 16 (Testcontainers)	Set up job	2026-09-18T16:34:36.8381116Z ##[group]Operating System
integración · PostgreSQL 16 (Testcontainers)	Set up job	2026-09-18T16:34:36.8381820Z Ubuntu
integración · PostgreSQL 16 (Testcontainers)	Set up job	2026-09-18T16:34:36.8382309Z 24.04.5
integración · PostgreSQL 16 (Testcontainers)	Set up job	2026-09-18T16:34:36.8382845Z LTS
integración · PostgreSQL 16 (Testcontainers)	Set up job	2026-09-18T16:34:36.8383322Z ##[endgroup]
integración · PostgreSQL 16 (Testcontainers)	Set up job	2026-09-18T16:34:36.8383849Z ##[group]Runner Image
integración · PostgreSQL 16 (Testcontainers)	Set up job	2026-09-18T16:34:36.8384483Z Image: ubuntu-24.04
integración · PostgreSQL 16 (Testcontainers)	Set up job	2026-09-18T16:34:36.8385030Z Version: 20260907.300.1
integración · PostgreSQL 16 (Testcontainers)	Set up job	2026-09-18T16:34:36.8386075Z Included Software: https://github.com/actions/runner-images/blob/ubuntu24/20260907.300/images/ubuntu/Ubuntu2404-Readme.md
integración · PostgreSQL 16 (Testcontainers)	Set up job	2026-09-18T16:34:36.8388710Z Image Release: https://github.com/actions/runner-images/releases/tag/ubuntu24%2F20260907.300
integración · PostgreSQL 16 (Testcontainers)	Set up job	2026-09-18T16:34:36.8389770Z ##[endgroup]
integración · PostgreSQL 16 (Testcontainers)	Set up job	2026-09-18T16:34:36.8390798Z ##[group]GITHUB_TOKEN Permissions
integración · PostgreSQL 16 (Testcontainers)	Set up job	2026-09-18T16:34:36.8392724Z Contents: read
integración · PostgreSQL 16 (Testcontainers)	Set up job	2026-09-18T16:34:36.8393273Z Metadata: read
integración · PostgreSQL 16 (Testcontainers)	Set up job	2026-09-18T16:34:36.8393847Z ##[endgroup]
integración · PostgreSQL 16 (Testcontainers)	Set up job	2026-09-18T16:34:36.8395715Z Secret source: Actions
integración · PostgreSQL 16 (Testcontainers)	Set up job	2026-09-18T16:34:36.8396891Z Cache mode: write
integración · PostgreSQL 16 (Testcontainers)	Set up job	2026-09-18T16:34:36.8397834Z Prepare workflow directory
integración · PostgreSQL 16 (Testcontainers)	Set up job	2026-09-18T16:34:36.8667936Z Prepare all required actions
integración · PostgreSQL 16 (Testcontainers)	Set up job	2026-09-18T16:34:36.8701055Z Getting action download info
integración · PostgreSQL 16 (Testcontainers)	Set up job	2026-09-18T16:34:37.1050241Z Download action repository 'actions/checkout@v7' (SHA:3d3c42e5aac5ba805825da76410c181273ba90b1)
integración · PostgreSQL 16 (Testcontainers)	Set up job	2026-09-18T16:34:37.2216005Z Download action repository 'actions/setup-node@v7' (SHA:820762786026740c76f36085b0efc47a31fe5020)
integración · PostgreSQL 16 (Testcontainers)	Set up job	2026-09-18T16:34:37.4575371Z Complete job name: integración · PostgreSQL 16 (Testcontainers)
integración · PostgreSQL 16 (Testcontainers)	Run actions/checkout@v7	﻿2026-09-18T16:34:37.5091388Z ##[group]Run actions/checkout@v7
integración · PostgreSQL 16 (Testcontainers)	Run actions/checkout@v7	2026-09-18T16:34:37.5091907Z with:
integración · PostgreSQL 16 (Testcontainers)	Run actions/checkout@v7	2026-09-18T16:34:37.5092170Z   repository: Elian-Bufi/be
integración · PostgreSQL 16 (Testcontainers)	Run actions/checkout@v7	2026-09-18T16:34:37.5094329Z   token: ***
integración · PostgreSQL 16 (Testcontainers)	Run actions/checkout@v7	2026-09-18T16:34:37.5094585Z   ssh-strict: true
integración · PostgreSQL 16 (Testcontainers)	Run actions/checkout@v7	2026-09-18T16:34:37.5094846Z   ssh-user: git
integración · PostgreSQL 16 (Testcontainers)	Run actions/checkout@v7	2026-09-18T16:34:37.5095108Z   persist-credentials: true
integración · PostgreSQL 16 (Testcontainers)	Run actions/checkout@v7	2026-09-18T16:34:37.5095392Z   clean: true
integración · PostgreSQL 16 (Testcontainers)	Run actions/checkout@v7	2026-09-18T16:34:37.5095654Z   sparse-checkout-cone-mode: true
integración · PostgreSQL 16 (Testcontainers)	Run actions/checkout@v7	2026-09-18T16:34:37.5095958Z   fetch-depth: 1
integración · PostgreSQL 16 (Testcontainers)	Run actions/checkout@v7	2026-09-18T16:34:37.5096208Z   fetch-tags: false
integración · PostgreSQL 16 (Testcontainers)	Run actions/checkout@v7	2026-09-18T16:34:37.5096467Z   show-progress: true
integración · PostgreSQL 16 (Testcontainers)	Run actions/checkout@v7	2026-09-18T16:34:37.5096854Z   lfs: false
integración · PostgreSQL 16 (Testcontainers)	Run actions/checkout@v7	2026-09-18T16:34:37.5097095Z   submodules: false
integración · PostgreSQL 16 (Testcontainers)	Run actions/checkout@v7	2026-09-18T16:34:37.5097357Z   set-safe-directory: true
integración · PostgreSQL 16 (Testcontainers)	Run actions/checkout@v7	2026-09-18T16:34:37.5097656Z   allow-unsafe-pr-checkout: false
integración · PostgreSQL 16 (Testcontainers)	Run actions/checkout@v7	2026-09-18T16:34:37.5098047Z ##[endgroup]
integración · PostgreSQL 16 (Testcontainers)	Run actions/checkout@v7	2026-09-18T16:34:37.5981291Z Syncing repository: Elian-Bufi/be
integración · PostgreSQL 16 (Testcontainers)	Run actions/checkout@v7	2026-09-18T16:34:37.5983251Z ##[group]Getting Git version info
integración · PostgreSQL 16 (Testcontainers)	Run actions/checkout@v7	2026-09-18T16:34:37.5983882Z Working directory is '/home/runner/work/be/be'
integración · PostgreSQL 16 (Testcontainers)	Run actions/checkout@v7	2026-09-18T16:34:37.6025875Z [command]/usr/bin/git version
integración · PostgreSQL 16 (Testcontainers)	Run actions/checkout@v7	2026-09-18T16:34:37.6213301Z git version 2.55.0
integración · PostgreSQL 16 (Testcontainers)	Run actions/checkout@v7	2026-09-18T16:34:37.6238936Z ##[endgroup]
integración · PostgreSQL 16 (Testcontainers)	Run actions/checkout@v7	2026-09-18T16:34:37.6248036Z Temporarily overriding HOME='/home/runner/work/_temp/fbea03ea-30a8-429b-99de-2e908475a9de' before making global git config changes
integración · PostgreSQL 16 (Testcontainers)	Run actions/checkout@v7	2026-09-18T16:34:37.6249607Z Adding repository directory to the temporary git global config as a safe directory
integración · PostgreSQL 16 (Testcontainers)	Run actions/checkout@v7	2026-09-18T16:34:37.6251011Z [command]/usr/bin/git config --global --add safe.directory /home/runner/work/be/be
integración · PostgreSQL 16 (Testcontainers)	Run actions/checkout@v7	2026-09-18T16:34:37.6305583Z Deleting the contents of '/home/runner/work/be/be'
integración · PostgreSQL 16 (Testcontainers)	Run actions/checkout@v7	2026-09-18T16:34:37.6306847Z ##[group]Determining repository object format
integración · PostgreSQL 16 (Testcontainers)	Run actions/checkout@v7	2026-09-18T16:34:37.6307563Z ##[endgroup]
integración · PostgreSQL 16 (Testcontainers)	Run actions/checkout@v7	2026-09-18T16:34:37.6308257Z ##[group]Initializing the repository
integración · PostgreSQL 16 (Testcontainers)	Run actions/checkout@v7	2026-09-18T16:34:37.6311348Z [command]/usr/bin/git init /home/runner/work/be/be
integración · PostgreSQL 16 (Testcontainers)	Run actions/checkout@v7	2026-09-18T16:34:37.6480723Z hint: Using 'master' as the name for the initial branch. This default branch name
integración · PostgreSQL 16 (Testcontainers)	Run actions/checkout@v7	2026-09-18T16:34:37.6482434Z hint: will change to "main" in Git 3.0. To configure the initial branch name
integración · PostgreSQL 16 (Testcontainers)	Run actions/checkout@v7	2026-09-18T16:34:37.6484435Z hint: to use in all of your new repositories, which will suppress this warning,
integración · PostgreSQL 16 (Testcontainers)	Run actions/checkout@v7	2026-09-18T16:34:37.6485331Z hint: call:
integración · PostgreSQL 16 (Testcontainers)	Run actions/checkout@v7	2026-09-18T16:34:37.6486072Z hint:
integración · PostgreSQL 16 (Testcontainers)	Run actions/checkout@v7	2026-09-18T16:34:37.6486978Z hint: 	git config --global init.defaultBranch <name>
integración · PostgreSQL 16 (Testcontainers)	Run actions/checkout@v7	2026-09-18T16:34:37.6487923Z hint:
integración · PostgreSQL 16 (Testcontainers)	Run actions/checkout@v7	2026-09-18T16:34:37.6489484Z hint: Names commonly chosen instead of 'master' are 'main', 'trunk' and
integración · PostgreSQL 16 (Testcontainers)	Run actions/checkout@v7	2026-09-18T16:34:37.6490521Z hint: 'development'. The just-created branch can be renamed via this command:
integración · PostgreSQL 16 (Testcontainers)	Run actions/checkout@v7	2026-09-18T16:34:37.6491529Z hint:
integración · PostgreSQL 16 (Testcontainers)	Run actions/checkout@v7	2026-09-18T16:34:37.6492081Z hint: 	git branch -m <name>
integración · PostgreSQL 16 (Testcontainers)	Run actions/checkout@v7	2026-09-18T16:34:37.6492860Z hint:
integración · PostgreSQL 16 (Testcontainers)	Run actions/checkout@v7	2026-09-18T16:34:37.6493622Z hint: Disable this message with "git config set advice.defaultBranchName false"
integración · PostgreSQL 16 (Testcontainers)	Run actions/checkout@v7	2026-09-18T16:34:37.6497515Z Initialized empty Git repository in /home/runner/work/be/be/.git/
integración · PostgreSQL 16 (Testcontainers)	Run actions/checkout@v7	2026-09-18T16:34:37.6499961Z [command]/usr/bin/git remote add origin https://github.com/Elian-Bufi/be
integración · PostgreSQL 16 (Testcontainers)	Run actions/checkout@v7	2026-09-18T16:34:37.6581704Z ##[endgroup]
integración · PostgreSQL 16 (Testcontainers)	Run actions/checkout@v7	2026-09-18T16:34:37.6583831Z ##[group]Disabling automatic garbage collection
integración · PostgreSQL 16 (Testcontainers)	Run actions/checkout@v7	2026-09-18T16:34:37.6584731Z [command]/usr/bin/git config --local gc.auto 0
integración · PostgreSQL 16 (Testcontainers)	Run actions/checkout@v7	2026-09-18T16:34:37.6629298Z ##[endgroup]
integración · PostgreSQL 16 (Testcontainers)	Run actions/checkout@v7	2026-09-18T16:34:37.6630506Z ##[group]Setting up auth
integración · PostgreSQL 16 (Testcontainers)	Run actions/checkout@v7	2026-09-18T16:34:37.6631021Z Removing SSH command configuration
integración · PostgreSQL 16 (Testcontainers)	Run actions/checkout@v7	2026-09-18T16:34:37.6631699Z [command]/usr/bin/git config --local --name-only --get-regexp core\.sshCommand
integración · PostgreSQL 16 (Testcontainers)	Run actions/checkout@v7	2026-09-18T16:34:37.6679831Z [command]/usr/bin/git submodule foreach --recursive sh -c "git config --local --name-only --get-regexp 'core\.sshCommand' && git config --local --unset-all 'core.sshCommand' || :"
integración · PostgreSQL 16 (Testcontainers)	Run actions/checkout@v7	2026-09-18T16:34:37.7071265Z Removing HTTP extra header
integración · PostgreSQL 16 (Testcontainers)	Run actions/checkout@v7	2026-09-18T16:34:37.7077914Z [command]/usr/bin/git config --local --name-only --get-regexp http\.https\:\/\/github\.com\/\.extraheader
integración · PostgreSQL 16 (Testcontainers)	Run actions/checkout@v7	2026-09-18T16:34:37.7115019Z [command]/usr/bin/git submodule foreach --recursive sh -c "git config --local --name-only --get-regexp 'http\.https\:\/\/github\.com\/\.extraheader' && git config --local --unset-all 'http.https://github.com/.extraheader' || :"
integración · PostgreSQL 16 (Testcontainers)	Run actions/checkout@v7	2026-09-18T16:34:37.7334856Z Removing includeIf entries pointing to credentials config files
integración · PostgreSQL 16 (Testcontainers)	Run actions/checkout@v7	2026-09-18T16:34:37.7336173Z [command]/usr/bin/git config --local --name-only --get-regexp ^includeIf\.gitdir:
integración · PostgreSQL 16 (Testcontainers)	Run actions/checkout@v7	2026-09-18T16:34:37.7386496Z [command]/usr/bin/git submodule foreach --recursive git config --local --show-origin --name-only --get-regexp remote.origin.url
integración · PostgreSQL 16 (Testcontainers)	Run actions/checkout@v7	2026-09-18T16:34:37.7591624Z [command]/usr/bin/git config --file /home/runner/work/_temp/git-credentials-6171e832-c9bc-4f75-a716-e3587387db6a.config http.https://github.com/.extraheader AUTHORIZATION: basic ***
integración · PostgreSQL 16 (Testcontainers)	Run actions/checkout@v7	2026-09-18T16:34:37.7630331Z [command]/usr/bin/git config --local includeIf.gitdir:/home/runner/work/be/be/.git.path /home/runner/work/_temp/git-credentials-6171e832-c9bc-4f75-a716-e3587387db6a.config
integración · PostgreSQL 16 (Testcontainers)	Run actions/checkout@v7	2026-09-18T16:34:37.7662831Z [command]/usr/bin/git config --local includeIf.gitdir:/home/runner/work/be/be/.git/worktrees/*.path /home/runner/work/_temp/git-credentials-6171e832-c9bc-4f75-a716-e3587387db6a.config
integración · PostgreSQL 16 (Testcontainers)	Run actions/checkout@v7	2026-09-18T16:34:37.7701751Z [command]/usr/bin/git config --local includeIf.gitdir:/github/workspace/.git.path /github/runner_temp/git-credentials-6171e832-c9bc-4f75-a716-e3587387db6a.config
integración · PostgreSQL 16 (Testcontainers)	Run actions/checkout@v7	2026-09-18T16:34:37.7738641Z [command]/usr/bin/git config --local includeIf.gitdir:/github/workspace/.git/worktrees/*.path /github/runner_temp/git-credentials-6171e832-c9bc-4f75-a716-e3587387db6a.config
integración · PostgreSQL 16 (Testcontainers)	Run actions/checkout@v7	2026-09-18T16:34:37.7770664Z ##[endgroup]
integración · PostgreSQL 16 (Testcontainers)	Run actions/checkout@v7	2026-09-18T16:34:37.7771477Z ##[group]Fetching the repository
integración · PostgreSQL 16 (Testcontainers)	Run actions/checkout@v7	2026-09-18T16:34:37.7777272Z [command]/usr/bin/git -c protocol.version=2 fetch --no-tags --prune --no-recurse-submodules --depth=1 origin +960d1d2e9645884c16d6a2127aae232b64f73621:refs/remotes/origin/main
integración · PostgreSQL 16 (Testcontainers)	Run actions/checkout@v7	2026-09-18T16:34:38.9370820Z From https://github.com/Elian-Bufi/be
integración · PostgreSQL 16 (Testcontainers)	Run actions/checkout@v7	2026-09-18T16:34:38.9372874Z  * [new ref]         960d1d2e9645884c16d6a2127aae232b64f73621 -> origin/main
integración · PostgreSQL 16 (Testcontainers)	Run actions/checkout@v7	2026-09-18T16:34:38.9379695Z [command]/usr/bin/git branch --list --remote origin/main
integración · PostgreSQL 16 (Testcontainers)	Run actions/checkout@v7	2026-09-18T16:34:38.9412163Z   origin/main
integración · PostgreSQL 16 (Testcontainers)	Run actions/checkout@v7	2026-09-18T16:34:38.9420904Z [command]/usr/bin/git rev-parse refs/remotes/origin/main
integración · PostgreSQL 16 (Testcontainers)	Run actions/checkout@v7	2026-09-18T16:34:38.9449899Z 960d1d2e9645884c16d6a2127aae232b64f73621
integración · PostgreSQL 16 (Testcontainers)	Run actions/checkout@v7	2026-09-18T16:34:38.9459397Z ##[endgroup]
integración · PostgreSQL 16 (Testcontainers)	Run actions/checkout@v7	2026-09-18T16:34:38.9460293Z ##[group]Determining the checkout info
integración · PostgreSQL 16 (Testcontainers)	Run actions/checkout@v7	2026-09-18T16:34:38.9461241Z ##[endgroup]
integración · PostgreSQL 16 (Testcontainers)	Run actions/checkout@v7	2026-09-18T16:34:38.9461882Z [command]/usr/bin/git sparse-checkout disable
integración · PostgreSQL 16 (Testcontainers)	Run actions/checkout@v7	2026-09-18T16:34:38.9523794Z [command]/usr/bin/git config --local --unset-all extensions.worktreeConfig
integración · PostgreSQL 16 (Testcontainers)	Run actions/checkout@v7	2026-09-18T16:34:38.9553294Z ##[group]Checking out the ref
integración · PostgreSQL 16 (Testcontainers)	Run actions/checkout@v7	2026-09-18T16:34:38.9558093Z [command]/usr/bin/git checkout --progress --force -B main refs/remotes/origin/main
integración · PostgreSQL 16 (Testcontainers)	Run actions/checkout@v7	2026-09-18T16:34:39.0132173Z Switched to a new branch 'main'
integración · PostgreSQL 16 (Testcontainers)	Run actions/checkout@v7	2026-09-18T16:34:39.0133568Z branch 'main' set up to track 'origin/main'.
integración · PostgreSQL 16 (Testcontainers)	Run actions/checkout@v7	2026-09-18T16:34:39.0136259Z ##[endgroup]
integración · PostgreSQL 16 (Testcontainers)	Run actions/checkout@v7	2026-09-18T16:34:39.0193061Z [command]/usr/bin/git log -1 --format=%H
integración · PostgreSQL 16 (Testcontainers)	Run actions/checkout@v7	2026-09-18T16:34:39.0230115Z 960d1d2e9645884c16d6a2127aae232b64f73621
integración · PostgreSQL 16 (Testcontainers)	Run actions/setup-node@v7	﻿2026-09-18T16:34:39.0511518Z ##[group]Run actions/setup-node@v7
integración · PostgreSQL 16 (Testcontainers)	Run actions/setup-node@v7	2026-09-18T16:34:39.0511947Z with:
integración · PostgreSQL 16 (Testcontainers)	Run actions/setup-node@v7	2026-09-18T16:34:39.0512198Z   node-version-file: .nvmrc
integración · PostgreSQL 16 (Testcontainers)	Run actions/setup-node@v7	2026-09-18T16:34:39.0512477Z   cache: npm
integración · PostgreSQL 16 (Testcontainers)	Run actions/setup-node@v7	2026-09-18T16:34:39.0512723Z   check-latest: false
integración · PostgreSQL 16 (Testcontainers)	Run actions/setup-node@v7	2026-09-18T16:34:39.0514879Z   token: ***
integración · PostgreSQL 16 (Testcontainers)	Run actions/setup-node@v7	2026-09-18T16:34:39.0515174Z   package-manager-cache: true
integración · PostgreSQL 16 (Testcontainers)	Run actions/setup-node@v7	2026-09-18T16:34:39.0515485Z ##[endgroup]
integración · PostgreSQL 16 (Testcontainers)	Run actions/setup-node@v7	2026-09-18T16:34:39.1507015Z Node version file is not JSON file
integración · PostgreSQL 16 (Testcontainers)	Run actions/setup-node@v7	2026-09-18T16:34:39.1509514Z Resolved .nvmrc as 22.23.2
integración · PostgreSQL 16 (Testcontainers)	Run actions/setup-node@v7	2026-09-18T16:34:39.1537422Z Found in cache @ /opt/hostedtoolcache/node/22.23.2/x64
integración · PostgreSQL 16 (Testcontainers)	Run actions/setup-node@v7	2026-09-18T16:34:39.1538835Z ##[group]Environment details
integración · PostgreSQL 16 (Testcontainers)	Run actions/setup-node@v7	2026-09-18T16:34:39.5624798Z node: v22.23.2
integración · PostgreSQL 16 (Testcontainers)	Run actions/setup-node@v7	2026-09-18T16:34:39.5626001Z npm: 10.9.8
integración · PostgreSQL 16 (Testcontainers)	Run actions/setup-node@v7	2026-09-18T16:34:39.5627077Z yarn: 1.22.22
integración · PostgreSQL 16 (Testcontainers)	Run actions/setup-node@v7	2026-09-18T16:34:39.5628642Z ##[endgroup]
integración · PostgreSQL 16 (Testcontainers)	Run actions/setup-node@v7	2026-09-18T16:34:39.5629719Z [command]/opt/hostedtoolcache/node/22.23.2/x64/bin/npm config get cache
integración · PostgreSQL 16 (Testcontainers)	Run actions/setup-node@v7	2026-09-18T16:34:39.6490765Z /home/runner/.npm
integración · PostgreSQL 16 (Testcontainers)	Run actions/setup-node@v7	2026-09-18T16:34:39.8490728Z Cache hit for: node-cache-Linux-x64-npm-7396c85b21c1ff035b68dae6b6e7bee2b1d9ae3763791523047320e5c91bdfb2
integración · PostgreSQL 16 (Testcontainers)	Run actions/setup-node@v7	2026-09-18T16:34:40.9797808Z Received 117440512 of 333022805 (35.3%), 111.8 MBs/sec
integración · PostgreSQL 16 (Testcontainers)	Run actions/setup-node@v7	2026-09-18T16:34:41.9793718Z Received 234881024 of 333022805 (70.5%), 111.9 MBs/sec
integración · PostgreSQL 16 (Testcontainers)	Run actions/setup-node@v7	2026-09-18T16:34:42.6221719Z Received 333022805 of 333022805 (100.0%), 120.1 MBs/sec
integración · PostgreSQL 16 (Testcontainers)	Run actions/setup-node@v7	2026-09-18T16:34:42.6223250Z Cache Size: ~318 MB (333022805 B)
integración · PostgreSQL 16 (Testcontainers)	Run actions/setup-node@v7	2026-09-18T16:34:42.6513272Z [command]/usr/bin/tar -xf /home/runner/work/_temp/19aa2e70-d2cb-404e-bf80-32b6550fcdf7/cache.tzst -P -C /home/runner/work/be/be --use-compress-program unzstd
integración · PostgreSQL 16 (Testcontainers)	Run actions/setup-node@v7	2026-09-18T16:34:43.1287229Z Cache restored successfully
integración · PostgreSQL 16 (Testcontainers)	Run actions/setup-node@v7	2026-09-18T16:34:43.5669378Z Cache restored from key: node-cache-Linux-x64-npm-7396c85b21c1ff035b68dae6b6e7bee2b1d9ae3763791523047320e5c91bdfb2
integración · PostgreSQL 16 (Testcontainers)	Run npm ci	﻿2026-09-18T16:34:43.5828185Z ##[group]Run npm ci
integración · PostgreSQL 16 (Testcontainers)	Run npm ci	2026-09-18T16:34:43.5828480Z ^[[36;1mnpm ci^[[0m
integración · PostgreSQL 16 (Testcontainers)	Run npm ci	2026-09-18T16:34:43.5869884Z shell: /usr/bin/bash -e {0}
integración · PostgreSQL 16 (Testcontainers)	Run npm ci	2026-09-18T16:34:43.5870094Z ##[endgroup]
integración · PostgreSQL 16 (Testcontainers)	Run npm ci	2026-09-18T16:34:49.6455161Z npm warn deprecated uuid@7.0.3: uuid@10 and below is no longer supported.  For ESM codebases, update to uuid@latest.  For CommonJS codebases, use uuid@11 (but be aware this version will likely be deprecated in 2028).
integración · PostgreSQL 16 (Testcontainers)	Run npm ci	2026-09-18T16:34:49.9968970Z npm warn deprecated glob@10.5.0: Old versions of glob are not supported, and contain widely publicized security vulnerabilities, which have been fixed in the current version. Please update. Support for old versions may be purchased (at exorbitant rates) by contacting i@izs.me
integración · PostgreSQL 16 (Testcontainers)	Run npm ci	2026-09-18T16:34:49.9988928Z npm warn deprecated glob@10.5.0: Old versions of glob are not supported, and contain widely publicized security vulnerabilities, which have been fixed in the current version. Please update. Support for old versions may be purchased (at exorbitant rates) by contacting i@izs.me
integración · PostgreSQL 16 (Testcontainers)	Run npm ci	2026-09-18T16:35:24.2678247Z 
integración · PostgreSQL 16 (Testcontainers)	Run npm ci	2026-09-18T16:35:24.2679076Z added 959 packages, and audited 964 packages in 41s
integración · PostgreSQL 16 (Testcontainers)	Run npm ci	2026-09-18T16:35:24.3113399Z 
integración · PostgreSQL 16 (Testcontainers)	Run npm ci	2026-09-18T16:35:24.3114459Z 10 moderate severity vulnerabilities
integración · PostgreSQL 16 (Testcontainers)	Run npm ci	2026-09-18T16:35:24.3115289Z 
integración · PostgreSQL 16 (Testcontainers)	Run npm ci	2026-09-18T16:35:24.3116913Z To address issues that do not require attention, run:
integración · PostgreSQL 16 (Testcontainers)	Run npm ci	2026-09-18T16:35:24.3117933Z   npm audit fix
integración · PostgreSQL 16 (Testcontainers)	Run npm ci	2026-09-18T16:35:24.3118226Z 
integración · PostgreSQL 16 (Testcontainers)	Run npm ci	2026-09-18T16:35:24.3118637Z To address all issues (including breaking changes), run:
integración · PostgreSQL 16 (Testcontainers)	Run npm ci	2026-09-18T16:35:24.3119143Z   npm audit fix --force
integración · PostgreSQL 16 (Testcontainers)	Run npm ci	2026-09-18T16:35:24.3119445Z 
integración · PostgreSQL 16 (Testcontainers)	Run npm ci	2026-09-18T16:35:24.3119742Z Run `npm audit` for details.
integración · PostgreSQL 16 (Testcontainers)	Run npx prisma generate	﻿2026-09-18T16:35:24.4243680Z ##[group]Run npx prisma generate
integración · PostgreSQL 16 (Testcontainers)	Run npx prisma generate	2026-09-18T16:35:24.4243897Z ^[[36;1mnpx prisma generate^[[0m
integración · PostgreSQL 16 (Testcontainers)	Run npx prisma generate	2026-09-18T16:35:24.4277928Z shell: /usr/bin/bash -e {0}
integración · PostgreSQL 16 (Testcontainers)	Run npx prisma generate	2026-09-18T16:35:24.4278165Z ##[endgroup]
integración · PostgreSQL 16 (Testcontainers)	Run npx prisma generate	2026-09-18T16:35:25.2122525Z warn The configuration property `package.json#prisma` is deprecated and will be removed in Prisma 7. Please migrate to a Prisma config file (e.g., `prisma.config.ts`).
integración · PostgreSQL 16 (Testcontainers)	Run npx prisma generate	2026-09-18T16:35:25.2123993Z For more information, see: https://pris.ly/prisma-config
integración · PostgreSQL 16 (Testcontainers)	Run npx prisma generate	2026-09-18T16:35:25.2137597Z 
integración · PostgreSQL 16 (Testcontainers)	Run npx prisma generate	2026-09-18T16:35:25.3388052Z Prisma schema loaded from prisma/schema.prisma
integración · PostgreSQL 16 (Testcontainers)	Run npx prisma generate	2026-09-18T16:35:25.4583366Z ┌─────────────────────────────────────────────────────────┐
integración · PostgreSQL 16 (Testcontainers)	Run npx prisma generate	2026-09-18T16:35:25.4584560Z │  Update available 6.19.3 -> 8.0.0-rc.15                 │
integración · PostgreSQL 16 (Testcontainers)	Run npx prisma generate	2026-09-18T16:35:25.4585415Z │                                                         │
integración · PostgreSQL 16 (Testcontainers)	Run npx prisma generate	2026-09-18T16:35:25.4592122Z 
integración · PostgreSQL 16 (Testcontainers)	Run npx prisma generate	2026-09-18T16:35:25.4595729Z │  This is a major update - please follow the guide at    │
integración · PostgreSQL 16 (Testcontainers)	Run npx prisma generate	2026-09-18T16:35:25.4596888Z │  https://pris.ly/d/major-version-upgrade                │
integración · PostgreSQL 16 (Testcontainers)	Run npx prisma generate	2026-09-18T16:35:25.4597606Z │                                                         │
integración · PostgreSQL 16 (Testcontainers)	Run npx prisma generate	2026-09-18T16:35:25.4608690Z │  Run the following to update                            │
integración · PostgreSQL 16 (Testcontainers)	Run npx prisma generate	2026-09-18T16:35:25.4609441Z │    npm i --save-dev prisma@latest                       │
integración · PostgreSQL 16 (Testcontainers)	Run npx prisma generate	2026-09-18T16:35:25.4610120Z │    npm i @prisma/client@latest                          │
integración · PostgreSQL 16 (Testcontainers)	Run npx prisma generate	2026-09-18T16:35:25.4627361Z └─────────────────────────────────────────────────────────┘
integración · PostgreSQL 16 (Testcontainers)	Run npx prisma generate	2026-09-18T16:35:25.4628037Z ✔ Generated Prisma Client (v6.19.3) to ./node_modules/@prisma/client in 62ms
integración · PostgreSQL 16 (Testcontainers)	Run npx prisma generate	2026-09-18T16:35:25.4628396Z 
integración · PostgreSQL 16 (Testcontainers)	Run npx prisma generate	2026-09-18T16:35:25.4638936Z Start by importing your Prisma Client (See: https://pris.ly/d/importing-client)
integración · PostgreSQL 16 (Testcontainers)	Run npx prisma generate	2026-09-18T16:35:25.4639443Z 
integración · PostgreSQL 16 (Testcontainers)	Run npx prisma generate	2026-09-18T16:35:25.4640071Z Tip: Need your database queries to be 1000x faster? Accelerate offers you that and more: https://pris.ly/tip-2-accelerate
integración · PostgreSQL 16 (Testcontainers)	Run npx prisma generate	2026-09-18T16:35:25.4640894Z 
integración · PostgreSQL 16 (Testcontainers)	Schema vs 06 · readiness · migración fallida aborta	﻿2026-09-18T16:35:25.4873554Z ##[group]Run npm run test:integration
integración · PostgreSQL 16 (Testcontainers)	Schema vs 06 · readiness · migración fallida aborta	2026-09-18T16:35:25.4873776Z ^[[36;1mnpm run test:integration^[[0m
integración · PostgreSQL 16 (Testcontainers)	Schema vs 06 · readiness · migración fallida aborta	2026-09-18T16:35:25.4906851Z shell: /usr/bin/bash -e {0}
integración · PostgreSQL 16 (Testcontainers)	Schema vs 06 · readiness · migración fallida aborta	2026-09-18T16:35:25.4907010Z ##[endgroup]
integración · PostgreSQL 16 (Testcontainers)	Schema vs 06 · readiness · migración fallida aborta	2026-09-18T16:35:25.5638740Z 
integración · PostgreSQL 16 (Testcontainers)	Schema vs 06 · readiness · migración fallida aborta	2026-09-18T16:35:25.5639741Z > be@0.1.0 test:integration
integración · PostgreSQL 16 (Testcontainers)	Schema vs 06 · readiness · migración fallida aborta	2026-09-18T16:35:25.5640460Z > npm run build:domain && npm run test:integration -w @be/api
integración · PostgreSQL 16 (Testcontainers)	Schema vs 06 · readiness · migración fallida aborta	2026-09-18T16:35:25.5640873Z 
integración · PostgreSQL 16 (Testcontainers)	Schema vs 06 · readiness · migración fallida aborta	2026-09-18T16:35:25.6373355Z 
integración · PostgreSQL 16 (Testcontainers)	Schema vs 06 · readiness · migración fallida aborta	2026-09-18T16:35:25.6374435Z > be@0.1.0 build:domain
integración · PostgreSQL 16 (Testcontainers)	Schema vs 06 · readiness · migración fallida aborta	2026-09-18T16:35:25.6375013Z > npm run build -w @be/domain
integración · PostgreSQL 16 (Testcontainers)	Schema vs 06 · readiness · migración fallida aborta	2026-09-18T16:35:25.6375384Z 
integración · PostgreSQL 16 (Testcontainers)	Schema vs 06 · readiness · migración fallida aborta	2026-09-18T16:35:25.7430355Z 
integración · PostgreSQL 16 (Testcontainers)	Schema vs 06 · readiness · migración fallida aborta	2026-09-18T16:35:25.7438036Z > @be/domain@0.1.0 build
integración · PostgreSQL 16 (Testcontainers)	Schema vs 06 · readiness · migración fallida aborta	2026-09-18T16:35:25.7457218Z > tsc -p tsconfig.json
integración · PostgreSQL 16 (Testcontainers)	Schema vs 06 · readiness · migración fallida aborta	2026-09-18T16:35:25.7477227Z 
integración · PostgreSQL 16 (Testcontainers)	Schema vs 06 · readiness · migración fallida aborta	2026-09-18T16:35:26.8080488Z 
integración · PostgreSQL 16 (Testcontainers)	Schema vs 06 · readiness · migración fallida aborta	2026-09-18T16:35:26.8081643Z > @be/api@0.1.0 test:integration
integración · PostgreSQL 16 (Testcontainers)	Schema vs 06 · readiness · migración fallida aborta	2026-09-18T16:35:26.8082337Z > jest --config jest.integration.config.js --runInBand
integración · PostgreSQL 16 (Testcontainers)	Schema vs 06 · readiness · migración fallida aborta	2026-09-18T16:35:26.8082671Z 
integración · PostgreSQL 16 (Testcontainers)	Schema vs 06 · readiness · migración fallida aborta	2026-09-18T16:35:42.3798012Z PASS ../../test/integration/schema.int-spec.ts
integración · PostgreSQL 16 (Testcontainers)	Schema vs 06 · readiness · migración fallida aborta	2026-09-18T16:35:43.1358023Z {"nivel":"info","requestId":"d8d3d4d3-6a87-4c4f-a531-7610ff6a4f8b","metodo":"GET","ruta":"/health/ready","status":200,"duracionMs":91}
integración · PostgreSQL 16 (Testcontainers)	Schema vs 06 · readiness · migración fallida aborta	2026-09-18T16:35:43.9846308Z {"nivel":"info","requestId":"cbc02d4c-f867-42d6-b5de-c6c6e5fc70a5","metodo":"GET","ruta":"/health/ready","status":503,"duracionMs":77}
integración · PostgreSQL 16 (Testcontainers)	Schema vs 06 · readiness · migración fallida aborta	2026-09-18T16:35:44.0279261Z PASS ../../test/integration/despliegue.int-spec.ts
integración · PostgreSQL 16 (Testcontainers)	Schema vs 06 · readiness · migración fallida aborta	2026-09-18T16:35:44.0289158Z 
integración · PostgreSQL 16 (Testcontainers)	Schema vs 06 · readiness · migración fallida aborta	2026-09-18T16:35:44.0296207Z Test Suites: 2 passed, 2 total
integración · PostgreSQL 16 (Testcontainers)	Schema vs 06 · readiness · migración fallida aborta	2026-09-18T16:35:44.0297162Z Tests:       10 passed, 10 total
integración · PostgreSQL 16 (Testcontainers)	Schema vs 06 · readiness · migración fallida aborta	2026-09-18T16:35:44.0297705Z Snapshots:   0 total
integración · PostgreSQL 16 (Testcontainers)	Schema vs 06 · readiness · migración fallida aborta	2026-09-18T16:35:44.0298303Z Time:        2.205 s
integración · PostgreSQL 16 (Testcontainers)	Schema vs 06 · readiness · migración fallida aborta	2026-09-18T16:35:44.0299071Z Ran all test suites.
integración · PostgreSQL 16 (Testcontainers)	Post Run actions/setup-node@v7	﻿2026-09-18T16:35:44.4349253Z Post job cleanup.
integración · PostgreSQL 16 (Testcontainers)	Post Run actions/setup-node@v7	2026-09-18T16:35:44.5180791Z Cache hit occurred on the primary key node-cache-Linux-x64-npm-7396c85b21c1ff035b68dae6b6e7bee2b1d9ae3763791523047320e5c91bdfb2, not saving cache.
integración · PostgreSQL 16 (Testcontainers)	Post Run actions/checkout@v7	﻿2026-09-18T16:35:44.5291175Z Post job cleanup.
integración · PostgreSQL 16 (Testcontainers)	Post Run actions/checkout@v7	2026-09-18T16:35:44.5907316Z [command]/usr/bin/git version
integración · PostgreSQL 16 (Testcontainers)	Post Run actions/checkout@v7	2026-09-18T16:35:44.5967330Z git version 2.55.0
integración · PostgreSQL 16 (Testcontainers)	Post Run actions/checkout@v7	2026-09-18T16:35:44.6033804Z Temporarily overriding HOME='/home/runner/work/_temp/e2f1524f-6fc8-4827-b5ca-783d318eafcc' before making global git config changes
integración · PostgreSQL 16 (Testcontainers)	Post Run actions/checkout@v7	2026-09-18T16:35:44.6052158Z Adding repository directory to the temporary git global config as a safe directory
integración · PostgreSQL 16 (Testcontainers)	Post Run actions/checkout@v7	2026-09-18T16:35:44.6086881Z [command]/usr/bin/git config --global --add safe.directory /home/runner/work/be/be
integración · PostgreSQL 16 (Testcontainers)	Post Run actions/checkout@v7	2026-09-18T16:35:44.6147069Z Removing SSH command configuration
integración · PostgreSQL 16 (Testcontainers)	Post Run actions/checkout@v7	2026-09-18T16:35:44.6147885Z [command]/usr/bin/git config --local --name-only --get-regexp core\.sshCommand
integración · PostgreSQL 16 (Testcontainers)	Post Run actions/checkout@v7	2026-09-18T16:35:44.6160403Z [command]/usr/bin/git submodule foreach --recursive sh -c "git config --local --name-only --get-regexp 'core\.sshCommand' && git config --local --unset-all 'core.sshCommand' || :"
integración · PostgreSQL 16 (Testcontainers)	Post Run actions/checkout@v7	2026-09-18T16:35:44.6507152Z Removing HTTP extra header
integración · PostgreSQL 16 (Testcontainers)	Post Run actions/checkout@v7	2026-09-18T16:35:44.6527953Z [command]/usr/bin/git config --local --name-only --get-regexp http\.https\:\/\/github\.com\/\.extraheader
integración · PostgreSQL 16 (Testcontainers)	Post Run actions/checkout@v7	2026-09-18T16:35:44.6595804Z [command]/usr/bin/git submodule foreach --recursive sh -c "git config --local --name-only --get-regexp 'http\.https\:\/\/github\.com\/\.extraheader' && git config --local --unset-all 'http.https://github.com/.extraheader' || :"
integración · PostgreSQL 16 (Testcontainers)	Post Run actions/checkout@v7	2026-09-18T16:35:44.6987729Z Removing includeIf entries pointing to credentials config files
integración · PostgreSQL 16 (Testcontainers)	Post Run actions/checkout@v7	2026-09-18T16:35:44.7004513Z [command]/usr/bin/git config --local --name-only --get-regexp ^includeIf\.gitdir:
integración · PostgreSQL 16 (Testcontainers)	Post Run actions/checkout@v7	2026-09-18T16:35:44.7053898Z includeif.gitdir:/home/runner/work/be/be/.git.path
integración · PostgreSQL 16 (Testcontainers)	Post Run actions/checkout@v7	2026-09-18T16:35:44.7067585Z includeif.gitdir:/home/runner/work/be/be/.git/worktrees/*.path
integración · PostgreSQL 16 (Testcontainers)	Post Run actions/checkout@v7	2026-09-18T16:35:44.7077133Z includeif.gitdir:/github/workspace/.git.path
integración · PostgreSQL 16 (Testcontainers)	Post Run actions/checkout@v7	2026-09-18T16:35:44.7101001Z includeif.gitdir:/github/workspace/.git/worktrees/*.path
integración · PostgreSQL 16 (Testcontainers)	Post Run actions/checkout@v7	2026-09-18T16:35:44.7150708Z [command]/usr/bin/git config --local --get-all includeif.gitdir:/home/runner/work/be/be/.git.path
integración · PostgreSQL 16 (Testcontainers)	Post Run actions/checkout@v7	2026-09-18T16:35:44.7167262Z /home/runner/work/_temp/git-credentials-6171e832-c9bc-4f75-a716-e3587387db6a.config
integración · PostgreSQL 16 (Testcontainers)	Post Run actions/checkout@v7	2026-09-18T16:35:44.7192275Z [command]/usr/bin/git config --local --unset includeif.gitdir:/home/runner/work/be/be/.git.path \/home\/runner\/work\/_temp\/git\-credentials\-6171e832\-c9bc\-4f75\-a716\-e3587387db6a\.config
integración · PostgreSQL 16 (Testcontainers)	Post Run actions/checkout@v7	2026-09-18T16:35:44.7194102Z [command]/usr/bin/git config --local --get-all includeif.gitdir:/home/runner/work/be/be/.git/worktrees/*.path
integración · PostgreSQL 16 (Testcontainers)	Post Run actions/checkout@v7	2026-09-18T16:35:44.7227683Z /home/runner/work/_temp/git-credentials-6171e832-c9bc-4f75-a716-e3587387db6a.config
integración · PostgreSQL 16 (Testcontainers)	Post Run actions/checkout@v7	2026-09-18T16:35:44.7277759Z [command]/usr/bin/git config --local --unset includeif.gitdir:/home/runner/work/be/be/.git/worktrees/*.path \/home\/runner\/work\/_temp\/git\-credentials\-6171e832\-c9bc\-4f75\-a716\-e3587387db6a\.config
integración · PostgreSQL 16 (Testcontainers)	Post Run actions/checkout@v7	2026-09-18T16:35:44.7317274Z [command]/usr/bin/git config --local --get-all includeif.gitdir:/github/workspace/.git.path
integración · PostgreSQL 16 (Testcontainers)	Post Run actions/checkout@v7	2026-09-18T16:35:44.7326051Z /github/runner_temp/git-credentials-6171e832-c9bc-4f75-a716-e3587387db6a.config
integración · PostgreSQL 16 (Testcontainers)	Post Run actions/checkout@v7	2026-09-18T16:35:44.7367614Z [command]/usr/bin/git config --local --unset includeif.gitdir:/github/workspace/.git.path \/github\/runner_temp\/git\-credentials\-6171e832\-c9bc\-4f75\-a716\-e3587387db6a\.config
integración · PostgreSQL 16 (Testcontainers)	Post Run actions/checkout@v7	2026-09-18T16:35:44.7417400Z [command]/usr/bin/git config --local --get-all includeif.gitdir:/github/workspace/.git/worktrees/*.path
integración · PostgreSQL 16 (Testcontainers)	Post Run actions/checkout@v7	2026-09-18T16:35:44.7418404Z /github/runner_temp/git-credentials-6171e832-c9bc-4f75-a716-e3587387db6a.config
integración · PostgreSQL 16 (Testcontainers)	Post Run actions/checkout@v7	2026-09-18T16:35:44.7467539Z [command]/usr/bin/git config --local --unset includeif.gitdir:/github/workspace/.git/worktrees/*.path \/github\/runner_temp\/git\-credentials\-6171e832\-c9bc\-4f75\-a716\-e3587387db6a\.config
integración · PostgreSQL 16 (Testcontainers)	Post Run actions/checkout@v7	2026-09-18T16:35:44.7507353Z [command]/usr/bin/git submodule foreach --recursive git config --local --show-origin --name-only --get-regexp remote.origin.url
integración · PostgreSQL 16 (Testcontainers)	Post Run actions/checkout@v7	2026-09-18T16:35:44.7725629Z Removing credentials config '/home/runner/work/_temp/git-credentials-6171e832-c9bc-4f75-a716-e3587387db6a.config'
integración · PostgreSQL 16 (Testcontainers)	Complete job	﻿2026-09-18T16:35:44.7858071Z Cleaning up orphan processes
