imagen API · migrate deploy + readiness (ASR-09)	Set up job	﻿2026-09-18T17:25:28.6604611Z Current runner version: '2.337.0'
imagen API · migrate deploy + readiness (ASR-09)	Set up job	2026-09-18T17:25:28.6632995Z ##[group]Runner Image Provisioner
imagen API · migrate deploy + readiness (ASR-09)	Set up job	2026-09-18T17:25:28.6634039Z Hosted Compute Agent
imagen API · migrate deploy + readiness (ASR-09)	Set up job	2026-09-18T17:25:28.6634687Z Version: 20260828.587
imagen API · migrate deploy + readiness (ASR-09)	Set up job	2026-09-18T17:25:28.6635318Z Commit: abac92662cab4cc7352de4f9f9d2e2419aad9c29
imagen API · migrate deploy + readiness (ASR-09)	Set up job	2026-09-18T17:25:28.6636139Z Build Date: 2026-08-28T16:44:25Z
imagen API · migrate deploy + readiness (ASR-09)	Set up job	2026-09-18T17:25:28.6636881Z Worker ID: {9de9abce-3ff7-4b58-8d8d-6de35dedcddc}
imagen API · migrate deploy + readiness (ASR-09)	Set up job	2026-09-18T17:25:28.6637655Z Azure Region: westus2
imagen API · migrate deploy + readiness (ASR-09)	Set up job	2026-09-18T17:25:28.6638275Z ##[endgroup]
imagen API · migrate deploy + readiness (ASR-09)	Set up job	2026-09-18T17:25:28.6639881Z ##[group]Operating System
imagen API · migrate deploy + readiness (ASR-09)	Set up job	2026-09-18T17:25:28.6640631Z Ubuntu
imagen API · migrate deploy + readiness (ASR-09)	Set up job	2026-09-18T17:25:28.6641156Z 24.04.5
imagen API · migrate deploy + readiness (ASR-09)	Set up job	2026-09-18T17:25:28.6642262Z LTS
imagen API · migrate deploy + readiness (ASR-09)	Set up job	2026-09-18T17:25:28.6642873Z ##[endgroup]
imagen API · migrate deploy + readiness (ASR-09)	Set up job	2026-09-18T17:25:28.6643440Z ##[group]Runner Image
imagen API · migrate deploy + readiness (ASR-09)	Set up job	2026-09-18T17:25:28.6644138Z Image: ubuntu-24.04
imagen API · migrate deploy + readiness (ASR-09)	Set up job	2026-09-18T17:25:28.6644719Z Version: 20260907.300.1
imagen API · migrate deploy + readiness (ASR-09)	Set up job	2026-09-18T17:25:28.6645849Z Included Software: https://github.com/actions/runner-images/blob/ubuntu24/20260907.300/images/ubuntu/Ubuntu2404-Readme.md
imagen API · migrate deploy + readiness (ASR-09)	Set up job	2026-09-18T17:25:28.6647841Z Image Release: https://github.com/actions/runner-images/releases/tag/ubuntu24%2F20260907.300
imagen API · migrate deploy + readiness (ASR-09)	Set up job	2026-09-18T17:25:28.6648929Z ##[endgroup]
imagen API · migrate deploy + readiness (ASR-09)	Set up job	2026-09-18T17:25:28.6650059Z ##[group]GITHUB_TOKEN Permissions
imagen API · migrate deploy + readiness (ASR-09)	Set up job	2026-09-18T17:25:28.6653466Z Contents: read
imagen API · migrate deploy + readiness (ASR-09)	Set up job	2026-09-18T17:25:28.6654106Z Metadata: read
imagen API · migrate deploy + readiness (ASR-09)	Set up job	2026-09-18T17:25:28.6654745Z ##[endgroup]
imagen API · migrate deploy + readiness (ASR-09)	Set up job	2026-09-18T17:25:28.6657238Z Secret source: Actions
imagen API · migrate deploy + readiness (ASR-09)	Set up job	2026-09-18T17:25:28.6658305Z Cache mode: write
imagen API · migrate deploy + readiness (ASR-09)	Set up job	2026-09-18T17:25:28.6659052Z Prepare workflow directory
imagen API · migrate deploy + readiness (ASR-09)	Set up job	2026-09-18T17:25:28.7017091Z Prepare all required actions
imagen API · migrate deploy + readiness (ASR-09)	Set up job	2026-09-18T17:25:28.7087034Z Getting action download info
imagen API · migrate deploy + readiness (ASR-09)	Set up job	2026-09-18T17:25:29.0927536Z Download action repository 'actions/checkout@v7' (SHA:3d3c42e5aac5ba805825da76410c181273ba90b1)
imagen API · migrate deploy + readiness (ASR-09)	Set up job	2026-09-18T17:25:29.3156696Z Complete job name: imagen API · migrate deploy + readiness (ASR-09)
imagen API · migrate deploy + readiness (ASR-09)	Run actions/checkout@v7	﻿2026-09-18T17:25:29.4097981Z ##[group]Run actions/checkout@v7
imagen API · migrate deploy + readiness (ASR-09)	Run actions/checkout@v7	2026-09-18T17:25:29.4098919Z with:
imagen API · migrate deploy + readiness (ASR-09)	Run actions/checkout@v7	2026-09-18T17:25:29.4099401Z   repository: Elian-Bufi/be
imagen API · migrate deploy + readiness (ASR-09)	Run actions/checkout@v7	2026-09-18T17:25:29.4103801Z   token: ***
imagen API · migrate deploy + readiness (ASR-09)	Run actions/checkout@v7	2026-09-18T17:25:29.4104259Z   ssh-strict: true
imagen API · migrate deploy + readiness (ASR-09)	Run actions/checkout@v7	2026-09-18T17:25:29.4104724Z   ssh-user: git
imagen API · migrate deploy + readiness (ASR-09)	Run actions/checkout@v7	2026-09-18T17:25:29.4105188Z   persist-credentials: true
imagen API · migrate deploy + readiness (ASR-09)	Run actions/checkout@v7	2026-09-18T17:25:29.4105695Z   clean: true
imagen API · migrate deploy + readiness (ASR-09)	Run actions/checkout@v7	2026-09-18T17:25:29.4106162Z   sparse-checkout-cone-mode: true
imagen API · migrate deploy + readiness (ASR-09)	Run actions/checkout@v7	2026-09-18T17:25:29.4106721Z   fetch-depth: 1
imagen API · migrate deploy + readiness (ASR-09)	Run actions/checkout@v7	2026-09-18T17:25:29.4107176Z   fetch-tags: false
imagen API · migrate deploy + readiness (ASR-09)	Run actions/checkout@v7	2026-09-18T17:25:29.4107644Z   show-progress: true
imagen API · migrate deploy + readiness (ASR-09)	Run actions/checkout@v7	2026-09-18T17:25:29.4108102Z   lfs: false
imagen API · migrate deploy + readiness (ASR-09)	Run actions/checkout@v7	2026-09-18T17:25:29.4108534Z   submodules: false
imagen API · migrate deploy + readiness (ASR-09)	Run actions/checkout@v7	2026-09-18T17:25:29.4109013Z   set-safe-directory: true
imagen API · migrate deploy + readiness (ASR-09)	Run actions/checkout@v7	2026-09-18T17:25:29.4109543Z   allow-unsafe-pr-checkout: false
imagen API · migrate deploy + readiness (ASR-09)	Run actions/checkout@v7	2026-09-18T17:25:29.4110522Z ##[endgroup]
imagen API · migrate deploy + readiness (ASR-09)	Run actions/checkout@v7	2026-09-18T17:25:29.5355955Z Syncing repository: Elian-Bufi/be
imagen API · migrate deploy + readiness (ASR-09)	Run actions/checkout@v7	2026-09-18T17:25:29.5363808Z ##[group]Getting Git version info
imagen API · migrate deploy + readiness (ASR-09)	Run actions/checkout@v7	2026-09-18T17:25:29.5365636Z Working directory is '/home/runner/work/be/be'
imagen API · migrate deploy + readiness (ASR-09)	Run actions/checkout@v7	2026-09-18T17:25:29.5370989Z [command]/usr/bin/git version
imagen API · migrate deploy + readiness (ASR-09)	Run actions/checkout@v7	2026-09-18T17:25:29.5575852Z git version 2.55.0
imagen API · migrate deploy + readiness (ASR-09)	Run actions/checkout@v7	2026-09-18T17:25:29.5608553Z ##[endgroup]
imagen API · migrate deploy + readiness (ASR-09)	Run actions/checkout@v7	2026-09-18T17:25:29.5620204Z Temporarily overriding HOME='/home/runner/work/_temp/642cbd72-a306-4edc-878d-dd45608baf84' before making global git config changes
imagen API · migrate deploy + readiness (ASR-09)	Run actions/checkout@v7	2026-09-18T17:25:29.5644315Z Adding repository directory to the temporary git global config as a safe directory
imagen API · migrate deploy + readiness (ASR-09)	Run actions/checkout@v7	2026-09-18T17:25:29.5670854Z [command]/usr/bin/git config --global --add safe.directory /home/runner/work/be/be
imagen API · migrate deploy + readiness (ASR-09)	Run actions/checkout@v7	2026-09-18T17:25:29.5773758Z Deleting the contents of '/home/runner/work/be/be'
imagen API · migrate deploy + readiness (ASR-09)	Run actions/checkout@v7	2026-09-18T17:25:29.5776119Z ##[group]Determining repository object format
imagen API · migrate deploy + readiness (ASR-09)	Run actions/checkout@v7	2026-09-18T17:25:29.5793951Z ##[endgroup]
imagen API · migrate deploy + readiness (ASR-09)	Run actions/checkout@v7	2026-09-18T17:25:29.5803296Z ##[group]Initializing the repository
imagen API · migrate deploy + readiness (ASR-09)	Run actions/checkout@v7	2026-09-18T17:25:29.5804661Z [command]/usr/bin/git init /home/runner/work/be/be
imagen API · migrate deploy + readiness (ASR-09)	Run actions/checkout@v7	2026-09-18T17:25:29.5912882Z hint: Using 'master' as the name for the initial branch. This default branch name
imagen API · migrate deploy + readiness (ASR-09)	Run actions/checkout@v7	2026-09-18T17:25:29.5920272Z hint: will change to "main" in Git 3.0. To configure the initial branch name
imagen API · migrate deploy + readiness (ASR-09)	Run actions/checkout@v7	2026-09-18T17:25:29.5922998Z hint: to use in all of your new repositories, which will suppress this warning,
imagen API · migrate deploy + readiness (ASR-09)	Run actions/checkout@v7	2026-09-18T17:25:29.5925058Z hint: call:
imagen API · migrate deploy + readiness (ASR-09)	Run actions/checkout@v7	2026-09-18T17:25:29.5926025Z hint:
imagen API · migrate deploy + readiness (ASR-09)	Run actions/checkout@v7	2026-09-18T17:25:29.5927206Z hint: 	git config --global init.defaultBranch <name>
imagen API · migrate deploy + readiness (ASR-09)	Run actions/checkout@v7	2026-09-18T17:25:29.5928542Z hint:
imagen API · migrate deploy + readiness (ASR-09)	Run actions/checkout@v7	2026-09-18T17:25:29.5929810Z hint: Names commonly chosen instead of 'master' are 'main', 'trunk' and
imagen API · migrate deploy + readiness (ASR-09)	Run actions/checkout@v7	2026-09-18T17:25:29.5932189Z hint: 'development'. The just-created branch can be renamed via this command:
imagen API · migrate deploy + readiness (ASR-09)	Run actions/checkout@v7	2026-09-18T17:25:29.5935565Z hint:
imagen API · migrate deploy + readiness (ASR-09)	Run actions/checkout@v7	2026-09-18T17:25:29.5936532Z hint: 	git branch -m <name>
imagen API · migrate deploy + readiness (ASR-09)	Run actions/checkout@v7	2026-09-18T17:25:29.5937527Z hint:
imagen API · migrate deploy + readiness (ASR-09)	Run actions/checkout@v7	2026-09-18T17:25:29.5938739Z hint: Disable this message with "git config set advice.defaultBranchName false"
imagen API · migrate deploy + readiness (ASR-09)	Run actions/checkout@v7	2026-09-18T17:25:29.5940724Z Initialized empty Git repository in /home/runner/work/be/be/.git/
imagen API · migrate deploy + readiness (ASR-09)	Run actions/checkout@v7	2026-09-18T17:25:29.5954370Z [command]/usr/bin/git remote add origin https://github.com/Elian-Bufi/be
imagen API · migrate deploy + readiness (ASR-09)	Run actions/checkout@v7	2026-09-18T17:25:29.6073351Z ##[endgroup]
imagen API · migrate deploy + readiness (ASR-09)	Run actions/checkout@v7	2026-09-18T17:25:29.6095500Z ##[group]Disabling automatic garbage collection
imagen API · migrate deploy + readiness (ASR-09)	Run actions/checkout@v7	2026-09-18T17:25:29.6112736Z [command]/usr/bin/git config --local gc.auto 0
imagen API · migrate deploy + readiness (ASR-09)	Run actions/checkout@v7	2026-09-18T17:25:29.6154358Z ##[endgroup]
imagen API · migrate deploy + readiness (ASR-09)	Run actions/checkout@v7	2026-09-18T17:25:29.6172997Z ##[group]Setting up auth
imagen API · migrate deploy + readiness (ASR-09)	Run actions/checkout@v7	2026-09-18T17:25:29.6195114Z Removing SSH command configuration
imagen API · migrate deploy + readiness (ASR-09)	Run actions/checkout@v7	2026-09-18T17:25:29.6206629Z [command]/usr/bin/git config --local --name-only --get-regexp core\.sshCommand
imagen API · migrate deploy + readiness (ASR-09)	Run actions/checkout@v7	2026-09-18T17:25:29.6211872Z [command]/usr/bin/git submodule foreach --recursive sh -c "git config --local --name-only --get-regexp 'core\.sshCommand' && git config --local --unset-all 'core.sshCommand' || :"
imagen API · migrate deploy + readiness (ASR-09)	Run actions/checkout@v7	2026-09-18T17:25:29.6776936Z Removing HTTP extra header
imagen API · migrate deploy + readiness (ASR-09)	Run actions/checkout@v7	2026-09-18T17:25:29.6792730Z [command]/usr/bin/git config --local --name-only --get-regexp http\.https\:\/\/github\.com\/\.extraheader
imagen API · migrate deploy + readiness (ASR-09)	Run actions/checkout@v7	2026-09-18T17:25:29.6897341Z [command]/usr/bin/git submodule foreach --recursive sh -c "git config --local --name-only --get-regexp 'http\.https\:\/\/github\.com\/\.extraheader' && git config --local --unset-all 'http.https://github.com/.extraheader' || :"
imagen API · migrate deploy + readiness (ASR-09)	Run actions/checkout@v7	2026-09-18T17:25:29.7146590Z Removing includeIf entries pointing to credentials config files
imagen API · migrate deploy + readiness (ASR-09)	Run actions/checkout@v7	2026-09-18T17:25:29.7152157Z [command]/usr/bin/git config --local --name-only --get-regexp ^includeIf\.gitdir:
imagen API · migrate deploy + readiness (ASR-09)	Run actions/checkout@v7	2026-09-18T17:25:29.8191251Z [command]/usr/bin/git submodule foreach --recursive git config --local --show-origin --name-only --get-regexp remote.origin.url
imagen API · migrate deploy + readiness (ASR-09)	Run actions/checkout@v7	2026-09-18T17:25:29.8200113Z [command]/usr/bin/git config --file /home/runner/work/_temp/git-credentials-3b8b5013-aec4-4ca2-9ef2-f85f9882a5db.config http.https://github.com/.extraheader AUTHORIZATION: basic ***
imagen API · migrate deploy + readiness (ASR-09)	Run actions/checkout@v7	2026-09-18T17:25:29.8206126Z [command]/usr/bin/git config --local includeIf.gitdir:/home/runner/work/be/be/.git.path /home/runner/work/_temp/git-credentials-3b8b5013-aec4-4ca2-9ef2-f85f9882a5db.config
imagen API · migrate deploy + readiness (ASR-09)	Run actions/checkout@v7	2026-09-18T17:25:29.8211649Z [command]/usr/bin/git config --local includeIf.gitdir:/home/runner/work/be/be/.git/worktrees/*.path /home/runner/work/_temp/git-credentials-3b8b5013-aec4-4ca2-9ef2-f85f9882a5db.config
imagen API · migrate deploy + readiness (ASR-09)	Run actions/checkout@v7	2026-09-18T17:25:29.8217810Z [command]/usr/bin/git config --local includeIf.gitdir:/github/workspace/.git.path /github/runner_temp/git-credentials-3b8b5013-aec4-4ca2-9ef2-f85f9882a5db.config
imagen API · migrate deploy + readiness (ASR-09)	Run actions/checkout@v7	2026-09-18T17:25:29.8224602Z [command]/usr/bin/git config --local includeIf.gitdir:/github/workspace/.git/worktrees/*.path /github/runner_temp/git-credentials-3b8b5013-aec4-4ca2-9ef2-f85f9882a5db.config
imagen API · migrate deploy + readiness (ASR-09)	Run actions/checkout@v7	2026-09-18T17:25:29.8229901Z ##[endgroup]
imagen API · migrate deploy + readiness (ASR-09)	Run actions/checkout@v7	2026-09-18T17:25:29.8231664Z ##[group]Fetching the repository
imagen API · migrate deploy + readiness (ASR-09)	Run actions/checkout@v7	2026-09-18T17:25:29.8233684Z [command]/usr/bin/git -c protocol.version=2 fetch --no-tags --prune --no-recurse-submodules --depth=1 origin +eaf785c95d67e3208e1d3265d30a158859748e0f:refs/remotes/origin/main
imagen API · migrate deploy + readiness (ASR-09)	Run actions/checkout@v7	2026-09-18T17:25:30.5295328Z From https://github.com/Elian-Bufi/be
imagen API · migrate deploy + readiness (ASR-09)	Run actions/checkout@v7	2026-09-18T17:25:30.5323835Z  * [new ref]         eaf785c95d67e3208e1d3265d30a158859748e0f -> origin/main
imagen API · migrate deploy + readiness (ASR-09)	Run actions/checkout@v7	2026-09-18T17:25:30.5327232Z [command]/usr/bin/git branch --list --remote origin/main
imagen API · migrate deploy + readiness (ASR-09)	Run actions/checkout@v7	2026-09-18T17:25:30.5337920Z   origin/main
imagen API · migrate deploy + readiness (ASR-09)	Run actions/checkout@v7	2026-09-18T17:25:30.5347629Z [command]/usr/bin/git rev-parse refs/remotes/origin/main
imagen API · migrate deploy + readiness (ASR-09)	Run actions/checkout@v7	2026-09-18T17:25:30.5381985Z eaf785c95d67e3208e1d3265d30a158859748e0f
imagen API · migrate deploy + readiness (ASR-09)	Run actions/checkout@v7	2026-09-18T17:25:30.5391000Z ##[endgroup]
imagen API · migrate deploy + readiness (ASR-09)	Run actions/checkout@v7	2026-09-18T17:25:30.5393304Z ##[group]Determining the checkout info
imagen API · migrate deploy + readiness (ASR-09)	Run actions/checkout@v7	2026-09-18T17:25:30.5395506Z ##[endgroup]
imagen API · migrate deploy + readiness (ASR-09)	Run actions/checkout@v7	2026-09-18T17:25:30.5397229Z [command]/usr/bin/git sparse-checkout disable
imagen API · migrate deploy + readiness (ASR-09)	Run actions/checkout@v7	2026-09-18T17:25:30.5461282Z [command]/usr/bin/git config --local --unset-all extensions.worktreeConfig
imagen API · migrate deploy + readiness (ASR-09)	Run actions/checkout@v7	2026-09-18T17:25:30.5508120Z ##[group]Checking out the ref
imagen API · migrate deploy + readiness (ASR-09)	Run actions/checkout@v7	2026-09-18T17:25:30.5512770Z [command]/usr/bin/git checkout --progress --force -B main refs/remotes/origin/main
imagen API · migrate deploy + readiness (ASR-09)	Run actions/checkout@v7	2026-09-18T17:25:30.6224042Z Switched to a new branch 'main'
imagen API · migrate deploy + readiness (ASR-09)	Run actions/checkout@v7	2026-09-18T17:25:30.6239082Z branch 'main' set up to track 'origin/main'.
imagen API · migrate deploy + readiness (ASR-09)	Run actions/checkout@v7	2026-09-18T17:25:30.6248372Z ##[endgroup]
imagen API · migrate deploy + readiness (ASR-09)	Run actions/checkout@v7	2026-09-18T17:25:30.6307513Z [command]/usr/bin/git log -1 --format=%H
imagen API · migrate deploy + readiness (ASR-09)	Run actions/checkout@v7	2026-09-18T17:25:30.6343102Z eaf785c95d67e3208e1d3265d30a158859748e0f
imagen API · migrate deploy + readiness (ASR-09)	Build de la imagen OCI	﻿2026-09-18T17:25:30.6622968Z ##[group]Run docker build -f apps/api/Dockerfile --build-arg RENDER_GIT_COMMIT=eaf785c95d67e3208e1d3265d30a158859748e0f -t be-api:eaf785c95d67e3208e1d3265d30a158859748e0f .
imagen API · migrate deploy + readiness (ASR-09)	Build de la imagen OCI	2026-09-18T17:25:30.6625431Z ^[[36;1mdocker build -f apps/api/Dockerfile --build-arg RENDER_GIT_COMMIT=eaf785c95d67e3208e1d3265d30a158859748e0f -t be-api:eaf785c95d67e3208e1d3265d30a158859748e0f .^[[0m
imagen API · migrate deploy + readiness (ASR-09)	Build de la imagen OCI	2026-09-18T17:25:30.6669589Z shell: /usr/bin/bash -e {0}
imagen API · migrate deploy + readiness (ASR-09)	Build de la imagen OCI	2026-09-18T17:25:30.6670576Z ##[endgroup]
imagen API · migrate deploy + readiness (ASR-09)	Build de la imagen OCI	2026-09-18T17:25:31.2597151Z #0 building with "default" instance using docker driver
imagen API · migrate deploy + readiness (ASR-09)	Build de la imagen OCI	2026-09-18T17:25:31.2598280Z 
imagen API · migrate deploy + readiness (ASR-09)	Build de la imagen OCI	2026-09-18T17:25:31.2598801Z #1 [internal] load build definition from Dockerfile
imagen API · migrate deploy + readiness (ASR-09)	Build de la imagen OCI	2026-09-18T17:25:31.2600651Z #1 transferring dockerfile: 2.67kB done
imagen API · migrate deploy + readiness (ASR-09)	Build de la imagen OCI	2026-09-18T17:25:31.2602376Z #1 DONE 0.0s
imagen API · migrate deploy + readiness (ASR-09)	Build de la imagen OCI	2026-09-18T17:25:31.2603074Z 
imagen API · migrate deploy + readiness (ASR-09)	Build de la imagen OCI	2026-09-18T17:25:31.2606880Z #2 [internal] load metadata for docker.io/library/node:22.23.2-bookworm-slim
imagen API · migrate deploy + readiness (ASR-09)	Build de la imagen OCI	2026-09-18T17:25:31.5355811Z #2 ...
imagen API · migrate deploy + readiness (ASR-09)	Build de la imagen OCI	2026-09-18T17:25:31.5358010Z 
imagen API · migrate deploy + readiness (ASR-09)	Build de la imagen OCI	2026-09-18T17:25:31.5359600Z #3 [auth] library/node:pull token for registry-1.docker.io
imagen API · migrate deploy + readiness (ASR-09)	Build de la imagen OCI	2026-09-18T17:25:31.5362285Z #3 DONE 0.0s
imagen API · migrate deploy + readiness (ASR-09)	Build de la imagen OCI	2026-09-18T17:25:31.6853455Z 
imagen API · migrate deploy + readiness (ASR-09)	Build de la imagen OCI	2026-09-18T17:25:31.6855316Z #2 [internal] load metadata for docker.io/library/node:22.23.2-bookworm-slim
imagen API · migrate deploy + readiness (ASR-09)	Build de la imagen OCI	2026-09-18T17:25:32.0666544Z #2 DONE 1.0s
imagen API · migrate deploy + readiness (ASR-09)	Build de la imagen OCI	2026-09-18T17:25:32.2012222Z 
imagen API · migrate deploy + readiness (ASR-09)	Build de la imagen OCI	2026-09-18T17:25:32.2013616Z #4 [internal] load .dockerignore
imagen API · migrate deploy + readiness (ASR-09)	Build de la imagen OCI	2026-09-18T17:25:32.2014423Z #4 transferring context: 185B done
imagen API · migrate deploy + readiness (ASR-09)	Build de la imagen OCI	2026-09-18T17:25:32.2016747Z #4 DONE 0.0s
imagen API · migrate deploy + readiness (ASR-09)	Build de la imagen OCI	2026-09-18T17:25:32.2017456Z 
imagen API · migrate deploy + readiness (ASR-09)	Build de la imagen OCI	2026-09-18T17:25:32.2017918Z #5 [internal] load build context
imagen API · migrate deploy + readiness (ASR-09)	Build de la imagen OCI	2026-09-18T17:25:32.2018606Z #5 transferring context: 545.64kB 0.0s done
imagen API · migrate deploy + readiness (ASR-09)	Build de la imagen OCI	2026-09-18T17:25:32.2019169Z #5 DONE 0.0s
imagen API · migrate deploy + readiness (ASR-09)	Build de la imagen OCI	2026-09-18T17:25:32.2019358Z 
imagen API · migrate deploy + readiness (ASR-09)	Build de la imagen OCI	2026-09-18T17:25:32.2019884Z #6 [base 1/3] FROM docker.io/library/node:22.23.2-bookworm-slim@sha256:83f487e0a63425e5b4d146fb5e5be574bcbe1b7b843d3ebafdd95eaf7767a7e5
imagen API · migrate deploy + readiness (ASR-09)	Build de la imagen OCI	2026-09-18T17:25:32.2020934Z #6 resolve docker.io/library/node:22.23.2-bookworm-slim@sha256:83f487e0a63425e5b4d146fb5e5be574bcbe1b7b843d3ebafdd95eaf7767a7e5 done
imagen API · migrate deploy + readiness (ASR-09)	Build de la imagen OCI	2026-09-18T17:25:32.2022148Z #6 sha256:a8ac7f6c67abc236e4c745052c404112b8fab6fe8ac3a329d1ef3b867ad67c71 0B / 28.23MB 0.1s
imagen API · migrate deploy + readiness (ASR-09)	Build de la imagen OCI	2026-09-18T17:25:32.2022887Z #6 sha256:cea7eb9bbe80eabf8356efb28b3796ab904f36a32049aeb6b435920ca93f9285 0B / 3.31kB 0.1s
imagen API · migrate deploy + readiness (ASR-09)	Build de la imagen OCI	2026-09-18T17:25:32.2023610Z #6 sha256:51c53f95c2cae3d00dfc0350297c92dea913fe129ec38b8deb8313e5f3e0297d 0B / 49.94MB 0.1s
imagen API · migrate deploy + readiness (ASR-09)	Build de la imagen OCI	2026-09-18T17:25:32.2024363Z #6 sha256:83f487e0a63425e5b4d146fb5e5be574bcbe1b7b843d3ebafdd95eaf7767a7e5 5.22kB / 5.22kB done
imagen API · migrate deploy + readiness (ASR-09)	Build de la imagen OCI	2026-09-18T17:25:32.2025547Z #6 sha256:4d676821dff059fd00d277ee4261ef34ea712317fed0737c03941481b5760c96 1.93kB / 1.93kB done
imagen API · migrate deploy + readiness (ASR-09)	Build de la imagen OCI	2026-09-18T17:25:32.2026532Z #6 sha256:6e6261159fd399ebe5a3d556b7d89da9c85c873f3f270918aad6c8107da8b411 6.87kB / 6.87kB done
imagen API · migrate deploy + readiness (ASR-09)	Build de la imagen OCI	2026-09-18T17:25:32.3018492Z #6 sha256:a8ac7f6c67abc236e4c745052c404112b8fab6fe8ac3a329d1ef3b867ad67c71 9.44MB / 28.23MB 0.2s
imagen API · migrate deploy + readiness (ASR-09)	Build de la imagen OCI	2026-09-18T17:25:32.3032838Z #6 sha256:cea7eb9bbe80eabf8356efb28b3796ab904f36a32049aeb6b435920ca93f9285 3.31kB / 3.31kB 0.2s done
imagen API · migrate deploy + readiness (ASR-09)	Build de la imagen OCI	2026-09-18T17:25:32.3044226Z #6 sha256:3cddab114edadc7cf5a7b0b591e59f6312aade3dc4fb68e88aacca5eb1cc1c03 0B / 1.71MB 0.2s
imagen API · migrate deploy + readiness (ASR-09)	Build de la imagen OCI	2026-09-18T17:25:32.4056241Z #6 sha256:a8ac7f6c67abc236e4c745052c404112b8fab6fe8ac3a329d1ef3b867ad67c71 28.23MB / 28.23MB 0.3s done
imagen API · migrate deploy + readiness (ASR-09)	Build de la imagen OCI	2026-09-18T17:25:32.4058193Z #6 sha256:3cddab114edadc7cf5a7b0b591e59f6312aade3dc4fb68e88aacca5eb1cc1c03 1.71MB / 1.71MB 0.3s
imagen API · migrate deploy + readiness (ASR-09)	Build de la imagen OCI	2026-09-18T17:25:32.4059544Z #6 sha256:0282d618b52cd2eb8fcf041e780cd66b15e7ebae519a4054c5d293eae6b6d34f 0B / 447B 0.3s
imagen API · migrate deploy + readiness (ASR-09)	Build de la imagen OCI	2026-09-18T17:25:32.4066418Z #6 extracting sha256:a8ac7f6c67abc236e4c745052c404112b8fab6fe8ac3a329d1ef3b867ad67c71
imagen API · migrate deploy + readiness (ASR-09)	Build de la imagen OCI	2026-09-18T17:25:32.5069822Z #6 sha256:51c53f95c2cae3d00dfc0350297c92dea913fe129ec38b8deb8313e5f3e0297d 4.19MB / 49.94MB 0.4s
imagen API · migrate deploy + readiness (ASR-09)	Build de la imagen OCI	2026-09-18T17:25:32.5071718Z #6 sha256:3cddab114edadc7cf5a7b0b591e59f6312aade3dc4fb68e88aacca5eb1cc1c03 1.71MB / 1.71MB 0.3s done
imagen API · migrate deploy + readiness (ASR-09)	Build de la imagen OCI	2026-09-18T17:25:32.5073026Z #6 sha256:0282d618b52cd2eb8fcf041e780cd66b15e7ebae519a4054c5d293eae6b6d34f 447B / 447B 0.3s done
imagen API · migrate deploy + readiness (ASR-09)	Build de la imagen OCI	2026-09-18T17:25:32.6175943Z #6 sha256:51c53f95c2cae3d00dfc0350297c92dea913fe129ec38b8deb8313e5f3e0297d 12.58MB / 49.94MB 0.5s
imagen API · migrate deploy + readiness (ASR-09)	Build de la imagen OCI	2026-09-18T17:25:32.7509397Z #6 sha256:51c53f95c2cae3d00dfc0350297c92dea913fe129ec38b8deb8313e5f3e0297d 24.12MB / 49.94MB 0.6s
imagen API · migrate deploy + readiness (ASR-09)	Build de la imagen OCI	2026-09-18T17:25:32.9013845Z #6 sha256:51c53f95c2cae3d00dfc0350297c92dea913fe129ec38b8deb8313e5f3e0297d 49.94MB / 49.94MB 0.8s
imagen API · migrate deploy + readiness (ASR-09)	Build de la imagen OCI	2026-09-18T17:25:33.0007882Z #6 sha256:51c53f95c2cae3d00dfc0350297c92dea913fe129ec38b8deb8313e5f3e0297d 49.94MB / 49.94MB 0.9s done
imagen API · migrate deploy + readiness (ASR-09)	Build de la imagen OCI	2026-09-18T17:25:33.8857720Z #6 extracting sha256:a8ac7f6c67abc236e4c745052c404112b8fab6fe8ac3a329d1ef3b867ad67c71 1.5s done
imagen API · migrate deploy + readiness (ASR-09)	Build de la imagen OCI	2026-09-18T17:25:34.0732723Z #6 extracting sha256:cea7eb9bbe80eabf8356efb28b3796ab904f36a32049aeb6b435920ca93f9285 done
imagen API · migrate deploy + readiness (ASR-09)	Build de la imagen OCI	2026-09-18T17:25:36.1790525Z #6 extracting sha256:51c53f95c2cae3d00dfc0350297c92dea913fe129ec38b8deb8313e5f3e0297d
imagen API · migrate deploy + readiness (ASR-09)	Build de la imagen OCI	2026-09-18T17:25:37.8646565Z #6 extracting sha256:51c53f95c2cae3d00dfc0350297c92dea913fe129ec38b8deb8313e5f3e0297d 1.5s done
imagen API · migrate deploy + readiness (ASR-09)	Build de la imagen OCI	2026-09-18T17:25:38.2196458Z #6 extracting sha256:3cddab114edadc7cf5a7b0b591e59f6312aade3dc4fb68e88aacca5eb1cc1c03
imagen API · migrate deploy + readiness (ASR-09)	Build de la imagen OCI	2026-09-18T17:25:38.3273112Z #6 extracting sha256:3cddab114edadc7cf5a7b0b591e59f6312aade3dc4fb68e88aacca5eb1cc1c03 0.0s done
imagen API · migrate deploy + readiness (ASR-09)	Build de la imagen OCI	2026-09-18T17:25:38.3274310Z #6 extracting sha256:0282d618b52cd2eb8fcf041e780cd66b15e7ebae519a4054c5d293eae6b6d34f done
imagen API · migrate deploy + readiness (ASR-09)	Build de la imagen OCI	2026-09-18T17:25:38.3275085Z #6 DONE 6.2s
imagen API · migrate deploy + readiness (ASR-09)	Build de la imagen OCI	2026-09-18T17:25:38.4803351Z 
imagen API · migrate deploy + readiness (ASR-09)	Build de la imagen OCI	2026-09-18T17:25:38.4804853Z #7 [base 2/3] RUN apt-get update  && apt-get install -y --no-install-recommends openssl ca-certificates  && rm -rf /var/lib/apt/lists/*
imagen API · migrate deploy + readiness (ASR-09)	Build de la imagen OCI	2026-09-18T17:25:38.5192658Z #7 0.191 Get:1 http://deb.debian.org/debian bookworm InRelease [151 kB]
imagen API · migrate deploy + readiness (ASR-09)	Build de la imagen OCI	2026-09-18T17:25:38.6846641Z #7 0.209 Get:2 http://deb.debian.org/debian bookworm-updates InRelease [55.4 kB]
imagen API · migrate deploy + readiness (ASR-09)	Build de la imagen OCI	2026-09-18T17:25:38.6848232Z #7 0.212 Get:3 http://deb.debian.org/debian-security bookworm-security InRelease [34.8 kB]
imagen API · migrate deploy + readiness (ASR-09)	Build de la imagen OCI	2026-09-18T17:25:38.6849814Z #7 0.277 Get:4 http://deb.debian.org/debian bookworm/main amd64 Packages [8790 kB]
imagen API · migrate deploy + readiness (ASR-09)	Build de la imagen OCI	2026-09-18T17:25:38.6851004Z #7 0.356 Get:5 http://deb.debian.org/debian bookworm-updates/main amd64 Packages [6924 B]
imagen API · migrate deploy + readiness (ASR-09)	Build de la imagen OCI	2026-09-18T17:25:38.8844999Z #7 0.406 Get:6 http://deb.debian.org/debian-security bookworm-security/main amd64 Packages [340 kB]
imagen API · migrate deploy + readiness (ASR-09)	Build de la imagen OCI	2026-09-18T17:25:39.4772780Z #7 1.149 Fetched 9379 kB in 1s (9645 kB/s)
imagen API · migrate deploy + readiness (ASR-09)	Build de la imagen OCI	2026-09-18T17:25:39.9391860Z #7 1.149 Reading package lists...
imagen API · migrate deploy + readiness (ASR-09)	Build de la imagen OCI	2026-09-18T17:25:40.4334626Z #7 1.631 Reading package lists...
imagen API · migrate deploy + readiness (ASR-09)	Build de la imagen OCI	2026-09-18T17:25:40.5798271Z #7 2.117 Building dependency tree...
imagen API · migrate deploy + readiness (ASR-09)	Build de la imagen OCI	2026-09-18T17:25:40.7027255Z #7 2.252 Reading state information...
imagen API · migrate deploy + readiness (ASR-09)	Build de la imagen OCI	2026-09-18T17:25:40.7031460Z #7 2.347 The following additional packages will be installed:
imagen API · migrate deploy + readiness (ASR-09)	Build de la imagen OCI	2026-09-18T17:25:40.7032997Z #7 2.347   libssl3
imagen API · migrate deploy + readiness (ASR-09)	Build de la imagen OCI	2026-09-18T17:25:40.7033741Z #7 2.375 The following NEW packages will be installed:
imagen API · migrate deploy + readiness (ASR-09)	Build de la imagen OCI	2026-09-18T17:25:40.8709422Z #7 2.375   ca-certificates libssl3 openssl
imagen API · migrate deploy + readiness (ASR-09)	Build de la imagen OCI	2026-09-18T17:25:40.8711955Z #7 2.404 0 upgraded, 3 newly installed, 0 to remove and 2 not upgraded.
imagen API · migrate deploy + readiness (ASR-09)	Build de la imagen OCI	2026-09-18T17:25:40.8721967Z #7 2.404 Need to get 3637 kB of archives.
imagen API · migrate deploy + readiness (ASR-09)	Build de la imagen OCI	2026-09-18T17:25:40.8724473Z #7 2.404 After this operation, 8940 kB of additional disk space will be used.
imagen API · migrate deploy + readiness (ASR-09)	Build de la imagen OCI	2026-09-18T17:25:40.8725830Z #7 2.404 Get:1 http://deb.debian.org/debian bookworm/main amd64 libssl3 amd64 3.0.20-1~deb12u2 [2036 kB]
imagen API · migrate deploy + readiness (ASR-09)	Build de la imagen OCI	2026-09-18T17:25:40.8727790Z #7 2.451 Get:2 http://deb.debian.org/debian bookworm/main amd64 openssl amd64 3.0.20-1~deb12u2 [1439 kB]
imagen API · migrate deploy + readiness (ASR-09)	Build de la imagen OCI	2026-09-18T17:25:40.8729314Z #7 2.458 Get:3 http://deb.debian.org/debian-security bookworm-security/main amd64 ca-certificates all 20250419~deb12u1 [162 kB]
imagen API · migrate deploy + readiness (ASR-09)	Build de la imagen OCI	2026-09-18T17:25:40.8730735Z #7 2.543 debconf: delaying package configuration, since apt-utils is not installed
imagen API · migrate deploy + readiness (ASR-09)	Build de la imagen OCI	2026-09-18T17:25:41.0373062Z #7 2.565 Fetched 3637 kB in 0s (45.7 MB/s)
imagen API · migrate deploy + readiness (ASR-09)	Build de la imagen OCI	2026-09-18T17:25:41.0373741Z #7 2.579 Selecting previously unselected package libssl3:amd64.
imagen API · migrate deploy + readiness (ASR-09)	Build de la imagen OCI	2026-09-18T17:25:41.0374440Z #7 2.579 (Reading database ... 
imagen API · migrate deploy + readiness (ASR-09)	Build de la imagen OCI	2026-09-18T17:25:41.0375002Z (Reading database ... 5%
imagen API · migrate deploy + readiness (ASR-09)	Build de la imagen OCI	2026-09-18T17:25:41.0375690Z (Reading database ... 10%
imagen API · migrate deploy + readiness (ASR-09)	Build de la imagen OCI	2026-09-18T17:25:41.0376200Z (Reading database ... 15%
imagen API · migrate deploy + readiness (ASR-09)	Build de la imagen OCI	2026-09-18T17:25:41.0376597Z (Reading database ... 20%
imagen API · migrate deploy + readiness (ASR-09)	Build de la imagen OCI	2026-09-18T17:25:41.0377396Z (Reading database ... 25%
imagen API · migrate deploy + readiness (ASR-09)	Build de la imagen OCI	2026-09-18T17:25:41.0377862Z (Reading database ... 30%
imagen API · migrate deploy + readiness (ASR-09)	Build de la imagen OCI	2026-09-18T17:25:41.0393803Z (Reading database ... 35%
imagen API · migrate deploy + readiness (ASR-09)	Build de la imagen OCI	2026-09-18T17:25:41.0394972Z (Reading database ... 40%
imagen API · migrate deploy + readiness (ASR-09)	Build de la imagen OCI	2026-09-18T17:25:41.0395974Z (Reading database ... 45%
imagen API · migrate deploy + readiness (ASR-09)	Build de la imagen OCI	2026-09-18T17:25:41.0396950Z (Reading database ... 50%
imagen API · migrate deploy + readiness (ASR-09)	Build de la imagen OCI	2026-09-18T17:25:41.0397622Z (Reading database ... 55%
imagen API · migrate deploy + readiness (ASR-09)	Build de la imagen OCI	2026-09-18T17:25:41.0398507Z (Reading database ... 60%
imagen API · migrate deploy + readiness (ASR-09)	Build de la imagen OCI	2026-09-18T17:25:41.0399091Z (Reading database ... 65%
imagen API · migrate deploy + readiness (ASR-09)	Build de la imagen OCI	2026-09-18T17:25:41.0399988Z (Reading database ... 70%
imagen API · migrate deploy + readiness (ASR-09)	Build de la imagen OCI	2026-09-18T17:25:41.0400798Z (Reading database ... 75%
imagen API · migrate deploy + readiness (ASR-09)	Build de la imagen OCI	2026-09-18T17:25:41.0401392Z (Reading database ... 80%
imagen API · migrate deploy + readiness (ASR-09)	Build de la imagen OCI	2026-09-18T17:25:41.0405325Z (Reading database ... 85%
imagen API · migrate deploy + readiness (ASR-09)	Build de la imagen OCI	2026-09-18T17:25:41.0405792Z (Reading database ... 90%
imagen API · migrate deploy + readiness (ASR-09)	Build de la imagen OCI	2026-09-18T17:25:41.0406186Z (Reading database ... 95%
imagen API · migrate deploy + readiness (ASR-09)	Build de la imagen OCI	2026-09-18T17:25:41.0406921Z (Reading database ... 100%
imagen API · migrate deploy + readiness (ASR-09)	Build de la imagen OCI	2026-09-18T17:25:41.0407478Z (Reading database ... 6096 files and directories currently installed.)
imagen API · migrate deploy + readiness (ASR-09)	Build de la imagen OCI	2026-09-18T17:25:41.0408571Z #7 2.584 Preparing to unpack .../libssl3_3.0.20-1~deb12u2_amd64.deb ...
imagen API · migrate deploy + readiness (ASR-09)	Build de la imagen OCI	2026-09-18T17:25:41.0409272Z #7 2.586 Unpacking libssl3:amd64 (3.0.20-1~deb12u2) ...
imagen API · migrate deploy + readiness (ASR-09)	Build de la imagen OCI	2026-09-18T17:25:41.0414166Z #7 2.709 Selecting previously unselected package openssl.
imagen API · migrate deploy + readiness (ASR-09)	Build de la imagen OCI	2026-09-18T17:25:41.1434525Z #7 2.712 Preparing to unpack .../openssl_3.0.20-1~deb12u2_amd64.deb ...
imagen API · migrate deploy + readiness (ASR-09)	Build de la imagen OCI	2026-09-18T17:25:41.1435611Z #7 2.713 Unpacking openssl (3.0.20-1~deb12u2) ...
imagen API · migrate deploy + readiness (ASR-09)	Build de la imagen OCI	2026-09-18T17:25:41.1436576Z #7 2.814 Selecting previously unselected package ca-certificates.
imagen API · migrate deploy + readiness (ASR-09)	Build de la imagen OCI	2026-09-18T17:25:41.2659815Z #7 2.815 Preparing to unpack .../ca-certificates_20250419~deb12u1_all.deb ...
imagen API · migrate deploy + readiness (ASR-09)	Build de la imagen OCI	2026-09-18T17:25:41.2662068Z #7 2.817 Unpacking ca-certificates (20250419~deb12u1) ...
imagen API · migrate deploy + readiness (ASR-09)	Build de la imagen OCI	2026-09-18T17:25:41.2663346Z #7 2.862 Setting up libssl3:amd64 (3.0.20-1~deb12u2) ...
imagen API · migrate deploy + readiness (ASR-09)	Build de la imagen OCI	2026-09-18T17:25:41.2664350Z #7 2.865 Setting up openssl (3.0.20-1~deb12u2) ...
imagen API · migrate deploy + readiness (ASR-09)	Build de la imagen OCI	2026-09-18T17:25:41.2675132Z #7 2.869 Setting up ca-certificates (20250419~deb12u1) ...
imagen API · migrate deploy + readiness (ASR-09)	Build de la imagen OCI	2026-09-18T17:25:41.2682028Z #7 2.937 debconf: unable to initialize frontend: Dialog
imagen API · migrate deploy + readiness (ASR-09)	Build de la imagen OCI	2026-09-18T17:25:41.4164237Z #7 2.938 debconf: (TERM is not set, so the dialog frontend is not usable.)
imagen API · migrate deploy + readiness (ASR-09)	Build de la imagen OCI	2026-09-18T17:25:41.4165649Z #7 2.938 debconf: falling back to frontend: Readline
imagen API · migrate deploy + readiness (ASR-09)	Build de la imagen OCI	2026-09-18T17:25:41.4168308Z #7 2.938 debconf: unable to initialize frontend: Readline
imagen API · migrate deploy + readiness (ASR-09)	Build de la imagen OCI	2026-09-18T17:25:41.4180028Z #7 2.938 debconf: (Can't locate Term/ReadLine.pm in @INC (you may need to install the Term::ReadLine module) (@INC contains: /etc/perl /usr/local/lib/x86_64-linux-gnu/perl/5.36.0 /usr/local/share/perl/5.36.0 /usr/lib/x86_64-linux-gnu/perl5/5.36 /usr/share/perl5 /usr/lib/x86_64-linux-gnu/perl-base /usr/lib/x86_64-linux-gnu/perl/5.36 /usr/share/perl/5.36 /usr/local/lib/site_perl) at /usr/share/perl5/Debconf/FrontEnd/Readline.pm line 7.)
imagen API · migrate deploy + readiness (ASR-09)	Build de la imagen OCI	2026-09-18T17:25:41.4184381Z #7 2.938 debconf: falling back to frontend: Teletype
imagen API · migrate deploy + readiness (ASR-09)	Build de la imagen OCI	2026-09-18T17:25:41.6662161Z #7 3.337 Updating certificates in /etc/ssl/certs...
imagen API · migrate deploy + readiness (ASR-09)	Build de la imagen OCI	2026-09-18T17:25:42.2343825Z #7 3.906 150 added, 0 removed; done.
imagen API · migrate deploy + readiness (ASR-09)	Build de la imagen OCI	2026-09-18T17:25:42.4125095Z #7 3.921 Processing triggers for libc-bin (2.36-9+deb12u14) ...
imagen API · migrate deploy + readiness (ASR-09)	Build de la imagen OCI	2026-09-18T17:25:42.4130454Z #7 3.930 Processing triggers for ca-certificates (20250419~deb12u1) ...
imagen API · migrate deploy + readiness (ASR-09)	Build de la imagen OCI	2026-09-18T17:25:42.4132211Z #7 3.933 Updating certificates in /etc/ssl/certs...
imagen API · migrate deploy + readiness (ASR-09)	Build de la imagen OCI	2026-09-18T17:25:42.7242565Z #7 4.396 0 added, 0 removed; done.
imagen API · migrate deploy + readiness (ASR-09)	Build de la imagen OCI	2026-09-18T17:25:42.7243269Z #7 4.396 Running hooks in /etc/ca-certificates/update.d...
imagen API · migrate deploy + readiness (ASR-09)	Build de la imagen OCI	2026-09-18T17:25:42.8410498Z #7 4.398 done.
imagen API · migrate deploy + readiness (ASR-09)	Build de la imagen OCI	2026-09-18T17:25:42.8417157Z #7 DONE 4.4s
imagen API · migrate deploy + readiness (ASR-09)	Build de la imagen OCI	2026-09-18T17:25:42.8431862Z 
imagen API · migrate deploy + readiness (ASR-09)	Build de la imagen OCI	2026-09-18T17:25:42.8438985Z #8 [base 3/3] WORKDIR /app
imagen API · migrate deploy + readiness (ASR-09)	Build de la imagen OCI	2026-09-18T17:25:42.8458297Z #8 DONE 0.0s
imagen API · migrate deploy + readiness (ASR-09)	Build de la imagen OCI	2026-09-18T17:25:42.8459294Z 
imagen API · migrate deploy + readiness (ASR-09)	Build de la imagen OCI	2026-09-18T17:25:42.8459861Z #9 [deps 1/6] COPY package.json package-lock.json .npmrc ./
imagen API · migrate deploy + readiness (ASR-09)	Build de la imagen OCI	2026-09-18T17:25:42.8460687Z #9 DONE 0.0s
imagen API · migrate deploy + readiness (ASR-09)	Build de la imagen OCI	2026-09-18T17:25:42.8461117Z 
imagen API · migrate deploy + readiness (ASR-09)	Build de la imagen OCI	2026-09-18T17:25:42.8461984Z #10 [build  1/11] COPY package.json package-lock.json .npmrc tsconfig.base.json ./
imagen API · migrate deploy + readiness (ASR-09)	Build de la imagen OCI	2026-09-18T17:25:43.0829589Z #10 DONE 0.1s
imagen API · migrate deploy + readiness (ASR-09)	Build de la imagen OCI	2026-09-18T17:25:43.0831605Z 
imagen API · migrate deploy + readiness (ASR-09)	Build de la imagen OCI	2026-09-18T17:25:43.0832973Z #11 [deps 2/6] COPY packages/domain/package.json packages/domain/
imagen API · migrate deploy + readiness (ASR-09)	Build de la imagen OCI	2026-09-18T17:25:43.0834937Z #11 DONE 0.0s
imagen API · migrate deploy + readiness (ASR-09)	Build de la imagen OCI	2026-09-18T17:25:43.0836003Z 
imagen API · migrate deploy + readiness (ASR-09)	Build de la imagen OCI	2026-09-18T17:25:43.0836508Z #12 [build  2/11] COPY packages/domain/package.json packages/domain/
imagen API · migrate deploy + readiness (ASR-09)	Build de la imagen OCI	2026-09-18T17:25:43.0840049Z #12 DONE 0.0s
imagen API · migrate deploy + readiness (ASR-09)	Build de la imagen OCI	2026-09-18T17:25:43.0840438Z 
imagen API · migrate deploy + readiness (ASR-09)	Build de la imagen OCI	2026-09-18T17:25:43.0840867Z #13 [deps 3/6] COPY apps/api/package.json apps/api/
imagen API · migrate deploy + readiness (ASR-09)	Build de la imagen OCI	2026-09-18T17:25:43.0910786Z #13 DONE 0.0s
imagen API · migrate deploy + readiness (ASR-09)	Build de la imagen OCI	2026-09-18T17:25:43.0911263Z 
imagen API · migrate deploy + readiness (ASR-09)	Build de la imagen OCI	2026-09-18T17:25:43.0911988Z #14 [build  3/11] COPY apps/api/package.json apps/api/
imagen API · migrate deploy + readiness (ASR-09)	Build de la imagen OCI	2026-09-18T17:25:43.0912720Z #14 DONE 0.0s
imagen API · migrate deploy + readiness (ASR-09)	Build de la imagen OCI	2026-09-18T17:25:43.0913059Z 
imagen API · migrate deploy + readiness (ASR-09)	Build de la imagen OCI	2026-09-18T17:25:43.0913410Z #15 [deps 4/6] COPY apps/web/package.json apps/web/
imagen API · migrate deploy + readiness (ASR-09)	Build de la imagen OCI	2026-09-18T17:25:43.0914068Z #15 DONE 0.0s
imagen API · migrate deploy + readiness (ASR-09)	Build de la imagen OCI	2026-09-18T17:25:43.0914395Z 
imagen API · migrate deploy + readiness (ASR-09)	Build de la imagen OCI	2026-09-18T17:25:43.0914746Z #16 [build  4/11] COPY apps/web/package.json apps/web/
imagen API · migrate deploy + readiness (ASR-09)	Build de la imagen OCI	2026-09-18T17:25:43.0915413Z #16 DONE 0.0s
imagen API · migrate deploy + readiness (ASR-09)	Build de la imagen OCI	2026-09-18T17:25:43.0915753Z 
imagen API · migrate deploy + readiness (ASR-09)	Build de la imagen OCI	2026-09-18T17:25:43.0916135Z #17 [deps 5/6] COPY apps/mobile/package.json apps/mobile/
imagen API · migrate deploy + readiness (ASR-09)	Build de la imagen OCI	2026-09-18T17:25:43.0916818Z #17 DONE 0.0s
imagen API · migrate deploy + readiness (ASR-09)	Build de la imagen OCI	2026-09-18T17:25:43.0917168Z 
imagen API · migrate deploy + readiness (ASR-09)	Build de la imagen OCI	2026-09-18T17:25:43.0917562Z #18 [build  5/11] COPY apps/mobile/package.json apps/mobile/
imagen API · migrate deploy + readiness (ASR-09)	Build de la imagen OCI	2026-09-18T17:25:43.0918313Z #18 DONE 0.0s
imagen API · migrate deploy + readiness (ASR-09)	Build de la imagen OCI	2026-09-18T17:25:43.0918688Z 
imagen API · migrate deploy + readiness (ASR-09)	Build de la imagen OCI	2026-09-18T17:25:43.0919182Z #19 [build  6/11] RUN npm ci -w @be/api -w @be/domain --include-workspace-root
imagen API · migrate deploy + readiness (ASR-09)	Build de la imagen OCI	2026-09-18T17:25:52.9821776Z #19 ...
imagen API · migrate deploy + readiness (ASR-09)	Build de la imagen OCI	2026-09-18T17:25:52.9822931Z 
imagen API · migrate deploy + readiness (ASR-09)	Build de la imagen OCI	2026-09-18T17:25:52.9823621Z #20 [deps 6/6] RUN npm ci -w @be/api -w @be/domain --include-workspace-root --omit=dev
imagen API · migrate deploy + readiness (ASR-09)	Build de la imagen OCI	2026-09-18T17:25:53.6816992Z #20 ...
imagen API · migrate deploy + readiness (ASR-09)	Build de la imagen OCI	2026-09-18T17:25:53.6823235Z 
imagen API · migrate deploy + readiness (ASR-09)	Build de la imagen OCI	2026-09-18T17:25:53.6832318Z #19 [build  6/11] RUN npm ci -w @be/api -w @be/domain --include-workspace-root
imagen API · migrate deploy + readiness (ASR-09)	Build de la imagen OCI	2026-09-18T17:25:53.6963933Z #19 10.75 npm warn deprecated glob@10.5.0: Old versions of glob are not supported, and contain widely publicized security vulnerabilities, which have been fixed in the current version. Please update. Support for old versions may be purchased (at exorbitant rates) by contacting i@izs.me
imagen API · migrate deploy + readiness (ASR-09)	Build de la imagen OCI	2026-09-18T17:25:53.8615958Z #19 10.78 npm warn deprecated glob@10.5.0: Old versions of glob are not supported, and contain widely publicized security vulnerabilities, which have been fixed in the current version. Please update. Support for old versions may be purchased (at exorbitant rates) by contacting i@izs.me
imagen API · migrate deploy + readiness (ASR-09)	Build de la imagen OCI	2026-09-18T17:26:03.9581742Z #19 ...
imagen API · migrate deploy + readiness (ASR-09)	Build de la imagen OCI	2026-09-18T17:26:03.9582290Z 
imagen API · migrate deploy + readiness (ASR-09)	Build de la imagen OCI	2026-09-18T17:26:03.9584785Z #20 [deps 6/6] RUN npm ci -w @be/api -w @be/domain --include-workspace-root --omit=dev
imagen API · migrate deploy + readiness (ASR-09)	Build de la imagen OCI	2026-09-18T17:26:03.9589244Z #20 21.03 
imagen API · migrate deploy + readiness (ASR-09)	Build de la imagen OCI	2026-09-18T17:26:03.9589980Z #20 21.03 added 244 packages, and audited 247 packages in 21s
imagen API · migrate deploy + readiness (ASR-09)	Build de la imagen OCI	2026-09-18T17:26:04.1163564Z #20 21.04 
imagen API · migrate deploy + readiness (ASR-09)	Build de la imagen OCI	2026-09-18T17:26:04.1164047Z #20 21.04 found 0 vulnerabilities
imagen API · migrate deploy + readiness (ASR-09)	Build de la imagen OCI	2026-09-18T17:26:04.1164493Z #20 21.04 npm notice
imagen API · migrate deploy + readiness (ASR-09)	Build de la imagen OCI	2026-09-18T17:26:04.1165073Z #20 21.04 npm notice New major version of npm available! 10.9.8 -> 12.0.2
imagen API · migrate deploy + readiness (ASR-09)	Build de la imagen OCI	2026-09-18T17:26:04.1165909Z #20 21.04 npm notice Changelog: https://github.com/npm/cli/releases/tag/v12.0.2
imagen API · migrate deploy + readiness (ASR-09)	Build de la imagen OCI	2026-09-18T17:26:04.1166718Z #20 21.04 npm notice To update run: npm install -g npm@12.0.2
imagen API · migrate deploy + readiness (ASR-09)	Build de la imagen OCI	2026-09-18T17:26:04.1167318Z #20 21.04 npm notice
imagen API · migrate deploy + readiness (ASR-09)	Build de la imagen OCI	2026-09-18T17:26:05.4656392Z #20 DONE 22.5s
imagen API · migrate deploy + readiness (ASR-09)	Build de la imagen OCI	2026-09-18T17:26:05.4657387Z 
imagen API · migrate deploy + readiness (ASR-09)	Build de la imagen OCI	2026-09-18T17:26:05.4658382Z #19 [build  6/11] RUN npm ci -w @be/api -w @be/domain --include-workspace-root
imagen API · migrate deploy + readiness (ASR-09)	Build de la imagen OCI	2026-09-18T17:26:07.2100255Z #19 ...
imagen API · migrate deploy + readiness (ASR-09)	Build de la imagen OCI	2026-09-18T17:26:07.2101208Z 
imagen API · migrate deploy + readiness (ASR-09)	Build de la imagen OCI	2026-09-18T17:26:07.2102293Z #21 [runtime 1/9] COPY --from=deps --chown=node:node /app/node_modules ./node_modules
imagen API · migrate deploy + readiness (ASR-09)	Build de la imagen OCI	2026-09-18T17:26:10.9215251Z #21 ...
imagen API · migrate deploy + readiness (ASR-09)	Build de la imagen OCI	2026-09-18T17:26:10.9223436Z 
imagen API · migrate deploy + readiness (ASR-09)	Build de la imagen OCI	2026-09-18T17:26:10.9223989Z #19 [build  6/11] RUN npm ci -w @be/api -w @be/domain --include-workspace-root
imagen API · migrate deploy + readiness (ASR-09)	Build de la imagen OCI	2026-09-18T17:26:10.9224627Z #19 27.09 
imagen API · migrate deploy + readiness (ASR-09)	Build de la imagen OCI	2026-09-18T17:26:10.9225027Z #19 27.09 added 577 packages, and audited 580 packages in 27s
imagen API · migrate deploy + readiness (ASR-09)	Build de la imagen OCI	2026-09-18T17:26:10.9225513Z #19 27.10 
imagen API · migrate deploy + readiness (ASR-09)	Build de la imagen OCI	2026-09-18T17:26:10.9225842Z #19 27.10 found 0 vulnerabilities
imagen API · migrate deploy + readiness (ASR-09)	Build de la imagen OCI	2026-09-18T17:26:10.9226236Z #19 27.10 npm notice
imagen API · migrate deploy + readiness (ASR-09)	Build de la imagen OCI	2026-09-18T17:26:10.9226717Z #19 27.10 npm notice New major version of npm available! 10.9.8 -> 12.0.2
imagen API · migrate deploy + readiness (ASR-09)	Build de la imagen OCI	2026-09-18T17:26:10.9227936Z #19 27.10 npm notice Changelog: https://github.com/npm/cli/releases/tag/v12.0.2
imagen API · migrate deploy + readiness (ASR-09)	Build de la imagen OCI	2026-09-18T17:26:10.9228668Z #19 27.10 npm notice To update run: npm install -g npm@12.0.2
imagen API · migrate deploy + readiness (ASR-09)	Build de la imagen OCI	2026-09-18T17:26:10.9229222Z #19 27.10 npm notice
imagen API · migrate deploy + readiness (ASR-09)	Build de la imagen OCI	2026-09-18T17:26:10.9229564Z #19 DONE 28.0s
imagen API · migrate deploy + readiness (ASR-09)	Build de la imagen OCI	2026-09-18T17:26:11.1439788Z 
imagen API · migrate deploy + readiness (ASR-09)	Build de la imagen OCI	2026-09-18T17:26:11.1440314Z #22 [build  7/11] COPY prisma ./prisma
imagen API · migrate deploy + readiness (ASR-09)	Build de la imagen OCI	2026-09-18T17:26:11.1440836Z #22 DONE 0.0s
imagen API · migrate deploy + readiness (ASR-09)	Build de la imagen OCI	2026-09-18T17:26:11.1441032Z 
imagen API · migrate deploy + readiness (ASR-09)	Build de la imagen OCI	2026-09-18T17:26:11.1441646Z #21 [runtime 1/9] COPY --from=deps --chown=node:node /app/node_modules ./node_modules
imagen API · migrate deploy + readiness (ASR-09)	Build de la imagen OCI	2026-09-18T17:26:11.1442352Z #21 DONE 3.8s
imagen API · migrate deploy + readiness (ASR-09)	Build de la imagen OCI	2026-09-18T17:26:11.1442548Z 
imagen API · migrate deploy + readiness (ASR-09)	Build de la imagen OCI	2026-09-18T17:26:11.1442778Z #23 [build  8/11] COPY packages/domain ./packages/domain
imagen API · migrate deploy + readiness (ASR-09)	Build de la imagen OCI	2026-09-18T17:26:11.1443305Z #23 DONE 0.0s
imagen API · migrate deploy + readiness (ASR-09)	Build de la imagen OCI	2026-09-18T17:26:11.1443507Z 
imagen API · migrate deploy + readiness (ASR-09)	Build de la imagen OCI	2026-09-18T17:26:11.1443703Z #24 [build  9/11] COPY apps/api ./apps/api
imagen API · migrate deploy + readiness (ASR-09)	Build de la imagen OCI	2026-09-18T17:26:11.1444306Z #24 DONE 0.0s
imagen API · migrate deploy + readiness (ASR-09)	Build de la imagen OCI	2026-09-18T17:26:11.1444501Z 
imagen API · migrate deploy + readiness (ASR-09)	Build de la imagen OCI	2026-09-18T17:26:11.1444994Z #25 [build 10/11] RUN npx prisma generate  && npm run build -w @be/domain  && npm run build -w @be/api
imagen API · migrate deploy + readiness (ASR-09)	Build de la imagen OCI	2026-09-18T17:26:12.3022214Z #25 1.309 warn The configuration property `package.json#prisma` is deprecated and will be removed in Prisma 7. Please migrate to a Prisma config file (e.g., `prisma.config.ts`).
imagen API · migrate deploy + readiness (ASR-09)	Build de la imagen OCI	2026-09-18T17:26:12.3038990Z #25 1.309 For more information, see: https://pris.ly/prisma-config
imagen API · migrate deploy + readiness (ASR-09)	Build de la imagen OCI	2026-09-18T17:26:12.3039681Z #25 1.309 
imagen API · migrate deploy + readiness (ASR-09)	Build de la imagen OCI	2026-09-18T17:26:12.4813010Z #25 1.488 Prisma schema loaded from prisma/schema.prisma
imagen API · migrate deploy + readiness (ASR-09)	Build de la imagen OCI	2026-09-18T17:26:12.6526225Z #25 1.659 
imagen API · migrate deploy + readiness (ASR-09)	Build de la imagen OCI	2026-09-18T17:26:12.6527488Z #25 1.659 ✔ Generated Prisma Client (v6.19.3) to ./node_modules/@prisma/client in 49ms
imagen API · migrate deploy + readiness (ASR-09)	Build de la imagen OCI	2026-09-18T17:26:12.6528413Z #25 1.659 
imagen API · migrate deploy + readiness (ASR-09)	Build de la imagen OCI	2026-09-18T17:26:12.6529248Z #25 1.659 Start by importing your Prisma Client (See: https://pris.ly/d/importing-client)
imagen API · migrate deploy + readiness (ASR-09)	Build de la imagen OCI	2026-09-18T17:26:12.6530127Z #25 1.659 
imagen API · migrate deploy + readiness (ASR-09)	Build de la imagen OCI	2026-09-18T17:26:12.6531048Z #25 1.659 Tip: Interested in query caching in just a few lines of code? Try Accelerate today! https://pris.ly/tip-3-accelerate
imagen API · migrate deploy + readiness (ASR-09)	Build de la imagen OCI	2026-09-18T17:26:12.6532545Z #25 1.659 
imagen API · migrate deploy + readiness (ASR-09)	Build de la imagen OCI	2026-09-18T17:26:12.8024053Z #25 1.809 
imagen API · migrate deploy + readiness (ASR-09)	Build de la imagen OCI	2026-09-18T17:26:12.8024674Z #25 1.809 > @be/domain@0.1.0 build
imagen API · migrate deploy + readiness (ASR-09)	Build de la imagen OCI	2026-09-18T17:26:12.8025529Z #25 1.809 > tsc -p tsconfig.json
imagen API · migrate deploy + readiness (ASR-09)	Build de la imagen OCI	2026-09-18T17:26:12.8026119Z #25 1.809 
imagen API · migrate deploy + readiness (ASR-09)	Build de la imagen OCI	2026-09-18T17:26:14.4059685Z #25 3.412 
imagen API · migrate deploy + readiness (ASR-09)	Build de la imagen OCI	2026-09-18T17:26:14.4060649Z #25 3.412 > @be/api@0.1.0 build
imagen API · migrate deploy + readiness (ASR-09)	Build de la imagen OCI	2026-09-18T17:26:14.4061747Z #25 3.412 > tsc -p tsconfig.build.json
imagen API · migrate deploy + readiness (ASR-09)	Build de la imagen OCI	2026-09-18T17:26:14.4062397Z #25 3.412 
imagen API · migrate deploy + readiness (ASR-09)	Build de la imagen OCI	2026-09-18T17:26:16.5419025Z #25 DONE 5.5s
imagen API · migrate deploy + readiness (ASR-09)	Build de la imagen OCI	2026-09-18T17:26:16.6930115Z 
imagen API · migrate deploy + readiness (ASR-09)	Build de la imagen OCI	2026-09-18T17:26:16.6932673Z #26 [build 11/11] RUN node -e "require('fs').writeFileSync('apps/api/dist/build-info.json', JSON.stringify({ commit: process.env.RENDER_GIT_COMMIT || null, construidoEn: new Date().toISOString() }))"
imagen API · migrate deploy + readiness (ASR-09)	Build de la imagen OCI	2026-09-18T17:26:16.7345513Z #26 DONE 0.2s
imagen API · migrate deploy + readiness (ASR-09)	Build de la imagen OCI	2026-09-18T17:26:17.1760493Z 
imagen API · migrate deploy + readiness (ASR-09)	Build de la imagen OCI	2026-09-18T17:26:17.1772947Z #27 [runtime 2/9] COPY --from=build --chown=node:node /app/node_modules/.prisma ./node_modules/.prisma
imagen API · migrate deploy + readiness (ASR-09)	Build de la imagen OCI	2026-09-18T17:26:17.2857599Z #27 DONE 0.0s
imagen API · migrate deploy + readiness (ASR-09)	Build de la imagen OCI	2026-09-18T17:26:17.2858015Z 
imagen API · migrate deploy + readiness (ASR-09)	Build de la imagen OCI	2026-09-18T17:26:17.2858305Z #28 [runtime 3/9] COPY --chown=node:node package.json ./
imagen API · migrate deploy + readiness (ASR-09)	Build de la imagen OCI	2026-09-18T17:26:17.2858829Z #28 DONE 0.0s
imagen API · migrate deploy + readiness (ASR-09)	Build de la imagen OCI	2026-09-18T17:26:17.2859391Z 
imagen API · migrate deploy + readiness (ASR-09)	Build de la imagen OCI	2026-09-18T17:26:17.2859840Z #29 [runtime 4/9] COPY --chown=node:node prisma ./prisma
imagen API · migrate deploy + readiness (ASR-09)	Build de la imagen OCI	2026-09-18T17:26:17.2860399Z #29 DONE 0.0s
imagen API · migrate deploy + readiness (ASR-09)	Build de la imagen OCI	2026-09-18T17:26:17.2868765Z 
imagen API · migrate deploy + readiness (ASR-09)	Build de la imagen OCI	2026-09-18T17:26:17.2869719Z #30 [runtime 5/9] COPY --from=build --chown=node:node /app/packages/domain/package.json ./packages/domain/package.json
imagen API · migrate deploy + readiness (ASR-09)	Build de la imagen OCI	2026-09-18T17:26:17.2870473Z #30 DONE 0.0s
imagen API · migrate deploy + readiness (ASR-09)	Build de la imagen OCI	2026-09-18T17:26:17.2870748Z 
imagen API · migrate deploy + readiness (ASR-09)	Build de la imagen OCI	2026-09-18T17:26:17.2871763Z #31 [runtime 6/9] COPY --from=build --chown=node:node /app/packages/domain/dist ./packages/domain/dist
imagen API · migrate deploy + readiness (ASR-09)	Build de la imagen OCI	2026-09-18T17:26:17.2872672Z #31 DONE 0.0s
imagen API · migrate deploy + readiness (ASR-09)	Build de la imagen OCI	2026-09-18T17:26:17.4912926Z 
imagen API · migrate deploy + readiness (ASR-09)	Build de la imagen OCI	2026-09-18T17:26:17.4914594Z #32 [runtime 7/9] COPY --from=build --chown=node:node /app/apps/api/package.json ./apps/api/package.json
imagen API · migrate deploy + readiness (ASR-09)	Build de la imagen OCI	2026-09-18T17:26:17.4915467Z #32 DONE 0.0s
imagen API · migrate deploy + readiness (ASR-09)	Build de la imagen OCI	2026-09-18T17:26:17.4915664Z 
imagen API · migrate deploy + readiness (ASR-09)	Build de la imagen OCI	2026-09-18T17:26:17.4916049Z #33 [runtime 8/9] COPY --from=build --chown=node:node /app/apps/api/dist ./apps/api/dist
imagen API · migrate deploy + readiness (ASR-09)	Build de la imagen OCI	2026-09-18T17:26:17.4917246Z #33 DONE 0.0s
imagen API · migrate deploy + readiness (ASR-09)	Build de la imagen OCI	2026-09-18T17:26:17.4917446Z 
imagen API · migrate deploy + readiness (ASR-09)	Build de la imagen OCI	2026-09-18T17:26:17.4917905Z #34 [runtime 9/9] COPY --chown=node:node apps/api/scripts/iniciar.sh ./apps/api/scripts/iniciar.sh
imagen API · migrate deploy + readiness (ASR-09)	Build de la imagen OCI	2026-09-18T17:26:17.4918700Z #34 DONE 0.0s
imagen API · migrate deploy + readiness (ASR-09)	Build de la imagen OCI	2026-09-18T17:26:17.4918884Z 
imagen API · migrate deploy + readiness (ASR-09)	Build de la imagen OCI	2026-09-18T17:26:17.4919041Z #35 exporting to image
imagen API · migrate deploy + readiness (ASR-09)	Build de la imagen OCI	2026-09-18T17:26:17.4919424Z #35 exporting layers
imagen API · migrate deploy + readiness (ASR-09)	Build de la imagen OCI	2026-09-18T17:26:24.0095300Z #35 exporting layers 6.7s done
imagen API · migrate deploy + readiness (ASR-09)	Build de la imagen OCI	2026-09-18T17:26:24.0342605Z #35 writing image sha256:89d4fe2b91386f49fa2fde3b5c1a55e070bddba058a4316825788619e19d6d5c done
imagen API · migrate deploy + readiness (ASR-09)	Build de la imagen OCI	2026-09-18T17:26:24.0344158Z #35 naming to docker.io/library/be-api:eaf785c95d67e3208e1d3265d30a158859748e0f done
imagen API · migrate deploy + readiness (ASR-09)	Build de la imagen OCI	2026-09-18T17:26:24.0344891Z #35 DONE 6.7s
imagen API · migrate deploy + readiness (ASR-09)	PostgreSQL 16 efímero	﻿2026-09-18T17:26:24.0462096Z ##[group]Run docker network create be
imagen API · migrate deploy + readiness (ASR-09)	PostgreSQL 16 efímero	2026-09-18T17:26:24.0462538Z ^[[36;1mdocker network create be^[[0m
imagen API · migrate deploy + readiness (ASR-09)	PostgreSQL 16 efímero	2026-09-18T17:26:24.0462851Z ^[[36;1mdocker run -d --name pg --network be \^[[0m
imagen API · migrate deploy + readiness (ASR-09)	PostgreSQL 16 efímero	2026-09-18T17:26:24.0463353Z ^[[36;1m  -e POSTGRES_USER=be_test -e POSTGRES_PASSWORD=be_test_sintetico -e POSTGRES_DB=be_test \^[[0m
imagen API · migrate deploy + readiness (ASR-09)	PostgreSQL 16 efímero	2026-09-18T17:26:24.0463839Z ^[[36;1m  postgres:16-alpine^[[0m
imagen API · migrate deploy + readiness (ASR-09)	PostgreSQL 16 efímero	2026-09-18T17:26:24.0464298Z ^[[36;1mfor i in $(seq 1 30); do docker exec pg pg_isready -U be_test -d be_test && break; sleep 2; done^[[0m
imagen API · migrate deploy + readiness (ASR-09)	PostgreSQL 16 efímero	2026-09-18T17:26:24.0504498Z shell: /usr/bin/bash -e {0}
imagen API · migrate deploy + readiness (ASR-09)	PostgreSQL 16 efímero	2026-09-18T17:26:24.0504802Z ##[endgroup]
imagen API · migrate deploy + readiness (ASR-09)	PostgreSQL 16 efímero	2026-09-18T17:26:24.1250419Z cc22d9300fe6a210410b10f4755b137fc5787c3f65a6cab252934b09013bbdb1
imagen API · migrate deploy + readiness (ASR-09)	PostgreSQL 16 efímero	2026-09-18T17:26:24.1449031Z Unable to find image 'postgres:16-alpine' locally
imagen API · migrate deploy + readiness (ASR-09)	PostgreSQL 16 efímero	2026-09-18T17:26:25.0755969Z 16-alpine: Pulling from library/postgres
imagen API · migrate deploy + readiness (ASR-09)	PostgreSQL 16 efímero	2026-09-18T17:26:25.3479357Z e2de96513ba9: Pulling fs layer
imagen API · migrate deploy + readiness (ASR-09)	PostgreSQL 16 efímero	2026-09-18T17:26:25.3483061Z 1b7f9cd581ee: Pulling fs layer
imagen API · migrate deploy + readiness (ASR-09)	PostgreSQL 16 efímero	2026-09-18T17:26:25.3483908Z 210b280f9556: Pulling fs layer
imagen API · migrate deploy + readiness (ASR-09)	PostgreSQL 16 efímero	2026-09-18T17:26:25.3484723Z 81717818649a: Pulling fs layer
imagen API · migrate deploy + readiness (ASR-09)	PostgreSQL 16 efímero	2026-09-18T17:26:25.3485287Z 3ae6141cfd99: Pulling fs layer
imagen API · migrate deploy + readiness (ASR-09)	PostgreSQL 16 efímero	2026-09-18T17:26:25.3485890Z 25b77f59fd95: Pulling fs layer
imagen API · migrate deploy + readiness (ASR-09)	PostgreSQL 16 efímero	2026-09-18T17:26:25.3486625Z 6c25da34e03f: Pulling fs layer
imagen API · migrate deploy + readiness (ASR-09)	PostgreSQL 16 efímero	2026-09-18T17:26:25.3494732Z a88782f92806: Pulling fs layer
imagen API · migrate deploy + readiness (ASR-09)	PostgreSQL 16 efímero	2026-09-18T17:26:25.3496757Z d8d21be4bf02: Pulling fs layer
imagen API · migrate deploy + readiness (ASR-09)	PostgreSQL 16 efímero	2026-09-18T17:26:25.3497261Z 6117bd39f23f: Pulling fs layer
imagen API · migrate deploy + readiness (ASR-09)	PostgreSQL 16 efímero	2026-09-18T17:26:25.3497621Z 509688edf37b: Pulling fs layer
imagen API · migrate deploy + readiness (ASR-09)	PostgreSQL 16 efímero	2026-09-18T17:26:25.3498075Z 81717818649a: Waiting
imagen API · migrate deploy + readiness (ASR-09)	PostgreSQL 16 efímero	2026-09-18T17:26:25.3498440Z 3ae6141cfd99: Waiting
imagen API · migrate deploy + readiness (ASR-09)	PostgreSQL 16 efímero	2026-09-18T17:26:25.3498924Z 25b77f59fd95: Waiting
imagen API · migrate deploy + readiness (ASR-09)	PostgreSQL 16 efímero	2026-09-18T17:26:25.3499326Z 6c25da34e03f: Waiting
imagen API · migrate deploy + readiness (ASR-09)	PostgreSQL 16 efímero	2026-09-18T17:26:25.3499800Z 6117bd39f23f: Waiting
imagen API · migrate deploy + readiness (ASR-09)	PostgreSQL 16 efímero	2026-09-18T17:26:25.3500241Z 509688edf37b: Waiting
imagen API · migrate deploy + readiness (ASR-09)	PostgreSQL 16 efímero	2026-09-18T17:26:25.3500632Z a88782f92806: Waiting
imagen API · migrate deploy + readiness (ASR-09)	PostgreSQL 16 efímero	2026-09-18T17:26:25.3501072Z d8d21be4bf02: Waiting
imagen API · migrate deploy + readiness (ASR-09)	PostgreSQL 16 efímero	2026-09-18T17:26:25.6113162Z 1b7f9cd581ee: Verifying Checksum
imagen API · migrate deploy + readiness (ASR-09)	PostgreSQL 16 efímero	2026-09-18T17:26:25.6114634Z 1b7f9cd581ee: Download complete
imagen API · migrate deploy + readiness (ASR-09)	PostgreSQL 16 efímero	2026-09-18T17:26:25.6639583Z 210b280f9556: Verifying Checksum
imagen API · migrate deploy + readiness (ASR-09)	PostgreSQL 16 efímero	2026-09-18T17:26:25.6645623Z 210b280f9556: Download complete
imagen API · migrate deploy + readiness (ASR-09)	PostgreSQL 16 efímero	2026-09-18T17:26:25.6862628Z e2de96513ba9: Verifying Checksum
imagen API · migrate deploy + readiness (ASR-09)	PostgreSQL 16 efímero	2026-09-18T17:26:25.6864482Z e2de96513ba9: Download complete
imagen API · migrate deploy + readiness (ASR-09)	PostgreSQL 16 efímero	2026-09-18T17:26:25.8183307Z e2de96513ba9: Pull complete
imagen API · migrate deploy + readiness (ASR-09)	PostgreSQL 16 efímero	2026-09-18T17:26:25.8430015Z 1b7f9cd581ee: Pull complete
imagen API · migrate deploy + readiness (ASR-09)	PostgreSQL 16 efímero	2026-09-18T17:26:25.8562857Z 81717818649a: Verifying Checksum
imagen API · migrate deploy + readiness (ASR-09)	PostgreSQL 16 efímero	2026-09-18T17:26:25.8563895Z 81717818649a: Download complete
imagen API · migrate deploy + readiness (ASR-09)	PostgreSQL 16 efímero	2026-09-18T17:26:25.8817882Z 210b280f9556: Pull complete
imagen API · migrate deploy + readiness (ASR-09)	PostgreSQL 16 efímero	2026-09-18T17:26:25.8959913Z 81717818649a: Pull complete
imagen API · migrate deploy + readiness (ASR-09)	PostgreSQL 16 efímero	2026-09-18T17:26:25.9083613Z 3ae6141cfd99: Verifying Checksum
imagen API · migrate deploy + readiness (ASR-09)	PostgreSQL 16 efímero	2026-09-18T17:26:25.9084752Z 3ae6141cfd99: Download complete
imagen API · migrate deploy + readiness (ASR-09)	PostgreSQL 16 efímero	2026-09-18T17:26:25.9169224Z 3ae6141cfd99: Pull complete
imagen API · migrate deploy + readiness (ASR-09)	PostgreSQL 16 efímero	2026-09-18T17:26:26.1027101Z 6c25da34e03f: Verifying Checksum
imagen API · migrate deploy + readiness (ASR-09)	PostgreSQL 16 efímero	2026-09-18T17:26:26.1033390Z 6c25da34e03f: Download complete
imagen API · migrate deploy + readiness (ASR-09)	PostgreSQL 16 efímero	2026-09-18T17:26:26.1425478Z a88782f92806: Verifying Checksum
imagen API · migrate deploy + readiness (ASR-09)	PostgreSQL 16 efímero	2026-09-18T17:26:26.1426997Z a88782f92806: Download complete
imagen API · migrate deploy + readiness (ASR-09)	PostgreSQL 16 efímero	2026-09-18T17:26:26.3445203Z d8d21be4bf02: Verifying Checksum
imagen API · migrate deploy + readiness (ASR-09)	PostgreSQL 16 efímero	2026-09-18T17:26:26.3446517Z d8d21be4bf02: Download complete
imagen API · migrate deploy + readiness (ASR-09)	PostgreSQL 16 efímero	2026-09-18T17:26:26.3510944Z 25b77f59fd95: Verifying Checksum
imagen API · migrate deploy + readiness (ASR-09)	PostgreSQL 16 efímero	2026-09-18T17:26:26.3513497Z 25b77f59fd95: Download complete
imagen API · migrate deploy + readiness (ASR-09)	PostgreSQL 16 efímero	2026-09-18T17:26:26.3925296Z 6117bd39f23f: Verifying Checksum
imagen API · migrate deploy + readiness (ASR-09)	PostgreSQL 16 efímero	2026-09-18T17:26:26.3925661Z 6117bd39f23f: Download complete
imagen API · migrate deploy + readiness (ASR-09)	PostgreSQL 16 efímero	2026-09-18T17:26:26.5950893Z 509688edf37b: Verifying Checksum
imagen API · migrate deploy + readiness (ASR-09)	PostgreSQL 16 efímero	2026-09-18T17:26:26.5952453Z 509688edf37b: Download complete
imagen API · migrate deploy + readiness (ASR-09)	PostgreSQL 16 efímero	2026-09-18T17:26:29.9148738Z 25b77f59fd95: Pull complete
imagen API · migrate deploy + readiness (ASR-09)	PostgreSQL 16 efímero	2026-09-18T17:26:29.9320992Z 6c25da34e03f: Pull complete
imagen API · migrate deploy + readiness (ASR-09)	PostgreSQL 16 efímero	2026-09-18T17:26:29.9466326Z a88782f92806: Pull complete
imagen API · migrate deploy + readiness (ASR-09)	PostgreSQL 16 efímero	2026-09-18T17:26:29.9590772Z d8d21be4bf02: Pull complete
imagen API · migrate deploy + readiness (ASR-09)	PostgreSQL 16 efímero	2026-09-18T17:26:29.9699779Z 6117bd39f23f: Pull complete
imagen API · migrate deploy + readiness (ASR-09)	PostgreSQL 16 efímero	2026-09-18T17:26:29.9827068Z 509688edf37b: Pull complete
imagen API · migrate deploy + readiness (ASR-09)	PostgreSQL 16 efímero	2026-09-18T17:26:29.9881469Z Digest: sha256:3c5c8892d184f738f4fe282d14ddaa613a38f00f4189d2d94725ebe6f2909ddb
imagen API · migrate deploy + readiness (ASR-09)	PostgreSQL 16 efímero	2026-09-18T17:26:29.9911109Z Status: Downloaded newer image for postgres:16-alpine
imagen API · migrate deploy + readiness (ASR-09)	PostgreSQL 16 efímero	2026-09-18T17:26:30.0082056Z 018f05fd941fba7ba58c695bce595480e5891964b9abf334980ca7e2f916f687
imagen API · migrate deploy + readiness (ASR-09)	PostgreSQL 16 efímero	2026-09-18T17:26:30.2868160Z /var/run/postgresql:5432 - no response
imagen API · migrate deploy + readiness (ASR-09)	PostgreSQL 16 efímero	2026-09-18T17:26:32.3565427Z /var/run/postgresql:5432 - accepting connections
imagen API · migrate deploy + readiness (ASR-09)	Arranque del artefacto (migraciones como fase del deploy)	﻿2026-09-18T17:26:32.3654012Z ##[group]Run docker run -d --name api --network be -p 3000:3000 \
imagen API · migrate deploy + readiness (ASR-09)	Arranque del artefacto (migraciones como fase del deploy)	2026-09-18T17:26:32.3654533Z ^[[36;1mdocker run -d --name api --network be -p 3000:3000 \^[[0m
imagen API · migrate deploy + readiness (ASR-09)	Arranque del artefacto (migraciones como fase del deploy)	2026-09-18T17:26:32.3654909Z ^[[36;1m  -e APP_ENV=test \^[[0m
imagen API · migrate deploy + readiness (ASR-09)	Arranque del artefacto (migraciones como fase del deploy)	2026-09-18T17:26:32.3655630Z ^[[36;1m  -e DATABASE_URL=***pg:5432/be_test \^[[0m
imagen API · migrate deploy + readiness (ASR-09)	Arranque del artefacto (migraciones como fase del deploy)	2026-09-18T17:26:32.3655999Z ^[[36;1m  be-api:eaf785c95d67e3208e1d3265d30a158859748e0f^[[0m
imagen API · migrate deploy + readiness (ASR-09)	Arranque del artefacto (migraciones como fase del deploy)	2026-09-18T17:26:32.3693492Z shell: /usr/bin/bash -e {0}
imagen API · migrate deploy + readiness (ASR-09)	Arranque del artefacto (migraciones como fase del deploy)	2026-09-18T17:26:32.3693764Z ##[endgroup]
imagen API · migrate deploy + readiness (ASR-09)	Arranque del artefacto (migraciones como fase del deploy)	2026-09-18T17:26:32.4142429Z 488060e447f4e1fb8926892161557e4ddc7eaf1f08a1ffcf31bfd04964477c04
imagen API · migrate deploy + readiness (ASR-09)	Smoke — /health/ready 200 con el SHA esperado (07 §37)	﻿2026-09-18T17:26:32.6040633Z ##[group]Run for i in $(seq 1 30); do
imagen API · migrate deploy + readiness (ASR-09)	Smoke — /health/ready 200 con el SHA esperado (07 §37)	2026-09-18T17:26:32.6041153Z ^[[36;1mfor i in $(seq 1 30); do^[[0m
imagen API · migrate deploy + readiness (ASR-09)	Smoke — /health/ready 200 con el SHA esperado (07 §37)	2026-09-18T17:26:32.6042132Z ^[[36;1m  if curl -fsS http://localhost:3000/health/ready -o ready.json; then break; fi^[[0m
imagen API · migrate deploy + readiness (ASR-09)	Smoke — /health/ready 200 con el SHA esperado (07 §37)	2026-09-18T17:26:32.6042828Z ^[[36;1m  sleep 2^[[0m
imagen API · migrate deploy + readiness (ASR-09)	Smoke — /health/ready 200 con el SHA esperado (07 §37)	2026-09-18T17:26:32.6043151Z ^[[36;1mdone^[[0m
imagen API · migrate deploy + readiness (ASR-09)	Smoke — /health/ready 200 con el SHA esperado (07 §37)	2026-09-18T17:26:32.6043470Z ^[[36;1mdocker logs api^[[0m
imagen API · migrate deploy + readiness (ASR-09)	Smoke — /health/ready 200 con el SHA esperado (07 §37)	2026-09-18T17:26:32.6043841Z ^[[36;1mcat ready.json^[[0m
imagen API · migrate deploy + readiness (ASR-09)	Smoke — /health/ready 200 con el SHA esperado (07 §37)	2026-09-18T17:26:32.6044272Z ^[[36;1mtest "$(jq -r .data.estado ready.json)" = "OK"^[[0m
imagen API · migrate deploy + readiness (ASR-09)	Smoke — /health/ready 200 con el SHA esperado (07 §37)	2026-09-18T17:26:32.6045012Z ^[[36;1mtest "$(jq -r .data.dependencias.migraciones ready.json)" = "OK"^[[0m
imagen API · migrate deploy + readiness (ASR-09)	Smoke — /health/ready 200 con el SHA esperado (07 §37)	2026-09-18T17:26:32.6045955Z ^[[36;1mtest "$(jq -r .data.version.commit ready.json)" = "eaf785c95d67e3208e1d3265d30a158859748e0f"^[[0m
imagen API · migrate deploy + readiness (ASR-09)	Smoke — /health/ready 200 con el SHA esperado (07 §37)	2026-09-18T17:26:32.6046782Z ^[[36;1mcurl -fsS http://localhost:3000/health/live^[[0m
imagen API · migrate deploy + readiness (ASR-09)	Smoke — /health/ready 200 con el SHA esperado (07 §37)	2026-09-18T17:26:32.6047621Z ^[[36;1mtest "$(curl -s -o /dev/null -w '%{http_code}' http://localhost:3000/api/v1/no-existe)" = "404"^[[0m
imagen API · migrate deploy + readiness (ASR-09)	Smoke — /health/ready 200 con el SHA esperado (07 §37)	2026-09-18T17:26:32.6098040Z shell: /usr/bin/bash -e {0}
imagen API · migrate deploy + readiness (ASR-09)	Smoke — /health/ready 200 con el SHA esperado (07 §37)	2026-09-18T17:26:32.6098488Z ##[endgroup]
imagen API · migrate deploy + readiness (ASR-09)	Smoke — /health/ready 200 con el SHA esperado (07 §37)	2026-09-18T17:26:32.6313858Z curl: (56) Recv failure: Connection reset by peer
imagen API · migrate deploy + readiness (ASR-09)	Smoke — /health/ready 200 con el SHA esperado (07 §37)	2026-09-18T17:26:34.7398016Z warn The configuration property `package.json#prisma` is deprecated and will be removed in Prisma 7. Please migrate to a Prisma config file (e.g., `prisma.config.ts`).
imagen API · migrate deploy + readiness (ASR-09)	Smoke — /health/ready 200 con el SHA esperado (07 §37)	2026-09-18T17:26:34.7400522Z {"nivel":"info","evento":"migraciones_inicio"}
imagen API · migrate deploy + readiness (ASR-09)	Smoke — /health/ready 200 con el SHA esperado (07 §37)	2026-09-18T17:26:34.7401176Z For more information, see: https://pris.ly/prisma-config
imagen API · migrate deploy + readiness (ASR-09)	Smoke — /health/ready 200 con el SHA esperado (07 §37)	2026-09-18T17:26:34.7401901Z 
imagen API · migrate deploy + readiness (ASR-09)	Smoke — /health/ready 200 con el SHA esperado (07 §37)	2026-09-18T17:26:34.7402536Z Prisma schema loaded from prisma/schema.prisma
imagen API · migrate deploy + readiness (ASR-09)	Smoke — /health/ready 200 con el SHA esperado (07 §37)	2026-09-18T17:26:34.7403222Z Datasource "db": PostgreSQL database "be_test", schema "public" at "pg:5432"
imagen API · migrate deploy + readiness (ASR-09)	Smoke — /health/ready 200 con el SHA esperado (07 §37)	2026-09-18T17:26:34.7403730Z 
imagen API · migrate deploy + readiness (ASR-09)	Smoke — /health/ready 200 con el SHA esperado (07 §37)	2026-09-18T17:26:34.7403905Z 1 migration found in prisma/migrations
imagen API · migrate deploy + readiness (ASR-09)	Smoke — /health/ready 200 con el SHA esperado (07 §37)	2026-09-18T17:26:34.7404216Z 
imagen API · migrate deploy + readiness (ASR-09)	Smoke — /health/ready 200 con el SHA esperado (07 §37)	2026-09-18T17:26:34.7404402Z Applying migration `20260916180000_identidad`
imagen API · migrate deploy + readiness (ASR-09)	Smoke — /health/ready 200 con el SHA esperado (07 §37)	2026-09-18T17:26:34.7404726Z 
imagen API · migrate deploy + readiness (ASR-09)	Smoke — /health/ready 200 con el SHA esperado (07 §37)	2026-09-18T17:26:34.7404910Z The following migration(s) have been applied:
imagen API · migrate deploy + readiness (ASR-09)	Smoke — /health/ready 200 con el SHA esperado (07 §37)	2026-09-18T17:26:34.7405256Z 
imagen API · migrate deploy + readiness (ASR-09)	Smoke — /health/ready 200 con el SHA esperado (07 §37)	2026-09-18T17:26:34.7405379Z migrations/
imagen API · migrate deploy + readiness (ASR-09)	Smoke — /health/ready 200 con el SHA esperado (07 §37)	2026-09-18T17:26:34.7405952Z   └─ 20260916180000_identidad/
imagen API · migrate deploy + readiness (ASR-09)	Smoke — /health/ready 200 con el SHA esperado (07 §37)	2026-09-18T17:26:34.7406370Z     └─ migration.sql
imagen API · migrate deploy + readiness (ASR-09)	Smoke — /health/ready 200 con el SHA esperado (07 §37)	2026-09-18T17:26:34.7406696Z       
imagen API · migrate deploy + readiness (ASR-09)	Smoke — /health/ready 200 con el SHA esperado (07 §37)	2026-09-18T17:26:34.7407058Z All migrations have been successfully applied.
imagen API · migrate deploy + readiness (ASR-09)	Smoke — /health/ready 200 con el SHA esperado (07 §37)	2026-09-18T17:26:34.7407560Z {"nivel":"info","evento":"migraciones_fin"}
imagen API · migrate deploy + readiness (ASR-09)	Smoke — /health/ready 200 con el SHA esperado (07 §37)	2026-09-18T17:26:34.7408878Z {"nivel":"info","evento":"api_iniciada","ambiente":"test","version":{"aplicacion":"0.1.0","commit":"eaf785c95d67e3208e1d3265d30a158859748e0f","construidoEn":"2026-09-18T17:26:16.720Z"},"puerto":3000}
imagen API · migrate deploy + readiness (ASR-09)	Smoke — /health/ready 200 con el SHA esperado (07 §37)	2026-09-18T17:26:34.7410719Z {"nivel":"info","requestId":"8e4c9c4b-a18e-4b83-8690-b28d04292459","metodo":"GET","ruta":"/health/ready","status":200,"duracionMs":81}
imagen API · migrate deploy + readiness (ASR-09)	Smoke — /health/ready 200 con el SHA esperado (07 §37)	2026-09-18T17:26:34.7686714Z {"data":{"estado":"OK","ambiente":"test","version":{"aplicacion":"0.1.0","commit":"eaf785c95d67e3208e1d3265d30a158859748e0f","construidoEn":"2026-09-18T17:26:16.720Z"},"dependencias":{"baseDeDatos":"OK","migraciones":"OK"}}}{"data":{"estado":"OK","ambiente":"test","version":{"aplicacion":"0.1.0","commit":"eaf785c95d67e3208e1d3265d30a158859748e0f","construidoEn":"2026-09-18T17:26:16.720Z"}}}
imagen API · migrate deploy + readiness (ASR-09)	Post Run actions/checkout@v7	﻿2026-09-18T17:26:34.7808073Z Post job cleanup.
imagen API · migrate deploy + readiness (ASR-09)	Post Run actions/checkout@v7	2026-09-18T17:26:34.8757197Z [command]/usr/bin/git version
imagen API · migrate deploy + readiness (ASR-09)	Post Run actions/checkout@v7	2026-09-18T17:26:34.8829905Z git version 2.55.0
imagen API · migrate deploy + readiness (ASR-09)	Post Run actions/checkout@v7	2026-09-18T17:26:34.8903456Z Temporarily overriding HOME='/home/runner/work/_temp/4fc2a6aa-68a7-4b99-a4d4-08b10181773c' before making global git config changes
imagen API · migrate deploy + readiness (ASR-09)	Post Run actions/checkout@v7	2026-09-18T17:26:34.8912250Z Adding repository directory to the temporary git global config as a safe directory
imagen API · migrate deploy + readiness (ASR-09)	Post Run actions/checkout@v7	2026-09-18T17:26:34.8916050Z [command]/usr/bin/git config --global --add safe.directory /home/runner/work/be/be
imagen API · migrate deploy + readiness (ASR-09)	Post Run actions/checkout@v7	2026-09-18T17:26:34.8962659Z Removing SSH command configuration
imagen API · migrate deploy + readiness (ASR-09)	Post Run actions/checkout@v7	2026-09-18T17:26:34.8966447Z [command]/usr/bin/git config --local --name-only --get-regexp core\.sshCommand
imagen API · migrate deploy + readiness (ASR-09)	Post Run actions/checkout@v7	2026-09-18T17:26:34.9054013Z [command]/usr/bin/git submodule foreach --recursive sh -c "git config --local --name-only --get-regexp 'core\.sshCommand' && git config --local --unset-all 'core.sshCommand' || :"
imagen API · migrate deploy + readiness (ASR-09)	Post Run actions/checkout@v7	2026-09-18T17:26:34.9382258Z Removing HTTP extra header
imagen API · migrate deploy + readiness (ASR-09)	Post Run actions/checkout@v7	2026-09-18T17:26:34.9383568Z [command]/usr/bin/git config --local --name-only --get-regexp http\.https\:\/\/github\.com\/\.extraheader
imagen API · migrate deploy + readiness (ASR-09)	Post Run actions/checkout@v7	2026-09-18T17:26:34.9436893Z [command]/usr/bin/git submodule foreach --recursive sh -c "git config --local --name-only --get-regexp 'http\.https\:\/\/github\.com\/\.extraheader' && git config --local --unset-all 'http.https://github.com/.extraheader' || :"
imagen API · migrate deploy + readiness (ASR-09)	Post Run actions/checkout@v7	2026-09-18T17:26:34.9870714Z Removing includeIf entries pointing to credentials config files
imagen API · migrate deploy + readiness (ASR-09)	Post Run actions/checkout@v7	2026-09-18T17:26:34.9892205Z [command]/usr/bin/git config --local --name-only --get-regexp ^includeIf\.gitdir:
imagen API · migrate deploy + readiness (ASR-09)	Post Run actions/checkout@v7	2026-09-18T17:26:34.9912218Z includeif.gitdir:/home/runner/work/be/be/.git.path
imagen API · migrate deploy + readiness (ASR-09)	Post Run actions/checkout@v7	2026-09-18T17:26:34.9915378Z includeif.gitdir:/home/runner/work/be/be/.git/worktrees/*.path
imagen API · migrate deploy + readiness (ASR-09)	Post Run actions/checkout@v7	2026-09-18T17:26:34.9916276Z includeif.gitdir:/github/workspace/.git.path
imagen API · migrate deploy + readiness (ASR-09)	Post Run actions/checkout@v7	2026-09-18T17:26:34.9917066Z includeif.gitdir:/github/workspace/.git/worktrees/*.path
imagen API · migrate deploy + readiness (ASR-09)	Post Run actions/checkout@v7	2026-09-18T17:26:34.9935871Z [command]/usr/bin/git config --local --get-all includeif.gitdir:/home/runner/work/be/be/.git.path
imagen API · migrate deploy + readiness (ASR-09)	Post Run actions/checkout@v7	2026-09-18T17:26:35.0032400Z /home/runner/work/_temp/git-credentials-3b8b5013-aec4-4ca2-9ef2-f85f9882a5db.config
imagen API · migrate deploy + readiness (ASR-09)	Post Run actions/checkout@v7	2026-09-18T17:26:35.0076975Z [command]/usr/bin/git config --local --unset includeif.gitdir:/home/runner/work/be/be/.git.path \/home\/runner\/work\/_temp\/git\-credentials\-3b8b5013\-aec4\-4ca2\-9ef2\-f85f9882a5db\.config
imagen API · migrate deploy + readiness (ASR-09)	Post Run actions/checkout@v7	2026-09-18T17:26:35.0190697Z [command]/usr/bin/git config --local --get-all includeif.gitdir:/home/runner/work/be/be/.git/worktrees/*.path
imagen API · migrate deploy + readiness (ASR-09)	Post Run actions/checkout@v7	2026-09-18T17:26:35.0230205Z /home/runner/work/_temp/git-credentials-3b8b5013-aec4-4ca2-9ef2-f85f9882a5db.config
imagen API · migrate deploy + readiness (ASR-09)	Post Run actions/checkout@v7	2026-09-18T17:26:35.0254706Z [command]/usr/bin/git config --local --unset includeif.gitdir:/home/runner/work/be/be/.git/worktrees/*.path \/home\/runner\/work\/_temp\/git\-credentials\-3b8b5013\-aec4\-4ca2\-9ef2\-f85f9882a5db\.config
imagen API · migrate deploy + readiness (ASR-09)	Post Run actions/checkout@v7	2026-09-18T17:26:35.0367861Z [command]/usr/bin/git config --local --get-all includeif.gitdir:/github/workspace/.git.path
imagen API · migrate deploy + readiness (ASR-09)	Post Run actions/checkout@v7	2026-09-18T17:26:35.0432920Z /github/runner_temp/git-credentials-3b8b5013-aec4-4ca2-9ef2-f85f9882a5db.config
imagen API · migrate deploy + readiness (ASR-09)	Post Run actions/checkout@v7	2026-09-18T17:26:35.0474210Z [command]/usr/bin/git config --local --unset includeif.gitdir:/github/workspace/.git.path \/github\/runner_temp\/git\-credentials\-3b8b5013\-aec4\-4ca2\-9ef2\-f85f9882a5db\.config
imagen API · migrate deploy + readiness (ASR-09)	Post Run actions/checkout@v7	2026-09-18T17:26:35.0564867Z [command]/usr/bin/git config --local --get-all includeif.gitdir:/github/workspace/.git/worktrees/*.path
imagen API · migrate deploy + readiness (ASR-09)	Post Run actions/checkout@v7	2026-09-18T17:26:35.0622499Z /github/runner_temp/git-credentials-3b8b5013-aec4-4ca2-9ef2-f85f9882a5db.config
imagen API · migrate deploy + readiness (ASR-09)	Post Run actions/checkout@v7	2026-09-18T17:26:35.0714788Z [command]/usr/bin/git config --local --unset includeif.gitdir:/github/workspace/.git/worktrees/*.path \/github\/runner_temp\/git\-credentials\-3b8b5013\-aec4\-4ca2\-9ef2\-f85f9882a5db\.config
imagen API · migrate deploy + readiness (ASR-09)	Post Run actions/checkout@v7	2026-09-18T17:26:35.0741102Z [command]/usr/bin/git submodule foreach --recursive git config --local --show-origin --name-only --get-regexp remote.origin.url
imagen API · migrate deploy + readiness (ASR-09)	Post Run actions/checkout@v7	2026-09-18T17:26:35.1017070Z Removing credentials config '/home/runner/work/_temp/git-credentials-3b8b5013-aec4-4ca2-9ef2-f85f9882a5db.config'
imagen API · migrate deploy + readiness (ASR-09)	Complete job	﻿2026-09-18T17:26:35.1183405Z Cleaning up orphan processes
integración · PostgreSQL 16 (Testcontainers)	Set up job	﻿2026-09-18T17:25:40.3798347Z Current runner version: '2.337.0'
integración · PostgreSQL 16 (Testcontainers)	Set up job	2026-09-18T17:25:40.3836211Z ##[group]Runner Image Provisioner
integración · PostgreSQL 16 (Testcontainers)	Set up job	2026-09-18T17:25:40.3837656Z Hosted Compute Agent
integración · PostgreSQL 16 (Testcontainers)	Set up job	2026-09-18T17:25:40.3838725Z Version: 20260828.587
integración · PostgreSQL 16 (Testcontainers)	Set up job	2026-09-18T17:25:40.3851566Z Commit: abac92662cab4cc7352de4f9f9d2e2419aad9c29
integración · PostgreSQL 16 (Testcontainers)	Set up job	2026-09-18T17:25:40.3853186Z Build Date: 2026-08-28T16:44:25Z
integración · PostgreSQL 16 (Testcontainers)	Set up job	2026-09-18T17:25:40.3854508Z Worker ID: {9ae19eeb-83c1-43ca-b3b5-ad5638253243}
integración · PostgreSQL 16 (Testcontainers)	Set up job	2026-09-18T17:25:40.3855957Z Azure Region: westus
integración · PostgreSQL 16 (Testcontainers)	Set up job	2026-09-18T17:25:40.3857093Z ##[endgroup]
integración · PostgreSQL 16 (Testcontainers)	Set up job	2026-09-18T17:25:40.3859439Z ##[group]Operating System
integración · PostgreSQL 16 (Testcontainers)	Set up job	2026-09-18T17:25:40.3860930Z Ubuntu
integración · PostgreSQL 16 (Testcontainers)	Set up job	2026-09-18T17:25:40.3861899Z 24.04.5
integración · PostgreSQL 16 (Testcontainers)	Set up job	2026-09-18T17:25:40.3862791Z LTS
integración · PostgreSQL 16 (Testcontainers)	Set up job	2026-09-18T17:25:40.3864174Z ##[endgroup]
integración · PostgreSQL 16 (Testcontainers)	Set up job	2026-09-18T17:25:40.3865257Z ##[group]Runner Image
integración · PostgreSQL 16 (Testcontainers)	Set up job	2026-09-18T17:25:40.3866405Z Image: ubuntu-24.04
integración · PostgreSQL 16 (Testcontainers)	Set up job	2026-09-18T17:25:40.3867542Z Version: 20260907.300.1
integración · PostgreSQL 16 (Testcontainers)	Set up job	2026-09-18T17:25:40.3869450Z Included Software: https://github.com/actions/runner-images/blob/ubuntu24/20260907.300/images/ubuntu/Ubuntu2404-Readme.md
integración · PostgreSQL 16 (Testcontainers)	Set up job	2026-09-18T17:25:40.3873752Z Image Release: https://github.com/actions/runner-images/releases/tag/ubuntu24%2F20260907.300
integración · PostgreSQL 16 (Testcontainers)	Set up job	2026-09-18T17:25:40.3875727Z ##[endgroup]
integración · PostgreSQL 16 (Testcontainers)	Set up job	2026-09-18T17:25:40.3877778Z ##[group]GITHUB_TOKEN Permissions
integración · PostgreSQL 16 (Testcontainers)	Set up job	2026-09-18T17:25:40.3881146Z Contents: read
integración · PostgreSQL 16 (Testcontainers)	Set up job	2026-09-18T17:25:40.3882216Z Metadata: read
integración · PostgreSQL 16 (Testcontainers)	Set up job	2026-09-18T17:25:40.3883668Z ##[endgroup]
integración · PostgreSQL 16 (Testcontainers)	Set up job	2026-09-18T17:25:40.3886956Z Secret source: Actions
integración · PostgreSQL 16 (Testcontainers)	Set up job	2026-09-18T17:25:40.3888523Z Cache mode: write
integración · PostgreSQL 16 (Testcontainers)	Set up job	2026-09-18T17:25:40.3890598Z Prepare workflow directory
integración · PostgreSQL 16 (Testcontainers)	Set up job	2026-09-18T17:25:40.4543424Z Prepare all required actions
integración · PostgreSQL 16 (Testcontainers)	Set up job	2026-09-18T17:25:40.4617315Z Getting action download info
integración · PostgreSQL 16 (Testcontainers)	Set up job	2026-09-18T17:25:40.8346222Z Download action repository 'actions/checkout@v7' (SHA:3d3c42e5aac5ba805825da76410c181273ba90b1)
integración · PostgreSQL 16 (Testcontainers)	Set up job	2026-09-18T17:25:40.9428184Z Download action repository 'actions/setup-node@v7' (SHA:820762786026740c76f36085b0efc47a31fe5020)
integración · PostgreSQL 16 (Testcontainers)	Set up job	2026-09-18T17:25:41.1420596Z Complete job name: integración · PostgreSQL 16 (Testcontainers)
integración · PostgreSQL 16 (Testcontainers)	Run actions/checkout@v7	﻿2026-09-18T17:25:41.2164055Z ##[group]Run actions/checkout@v7
integración · PostgreSQL 16 (Testcontainers)	Run actions/checkout@v7	2026-09-18T17:25:41.2164966Z with:
integración · PostgreSQL 16 (Testcontainers)	Run actions/checkout@v7	2026-09-18T17:25:41.2165409Z   repository: Elian-Bufi/be
integración · PostgreSQL 16 (Testcontainers)	Run actions/checkout@v7	2026-09-18T17:25:41.2169527Z   token: ***
integración · PostgreSQL 16 (Testcontainers)	Run actions/checkout@v7	2026-09-18T17:25:41.2170187Z   ssh-strict: true
integración · PostgreSQL 16 (Testcontainers)	Run actions/checkout@v7	2026-09-18T17:25:41.2170627Z   ssh-user: git
integración · PostgreSQL 16 (Testcontainers)	Run actions/checkout@v7	2026-09-18T17:25:41.2171076Z   persist-credentials: true
integración · PostgreSQL 16 (Testcontainers)	Run actions/checkout@v7	2026-09-18T17:25:41.2171559Z   clean: true
integración · PostgreSQL 16 (Testcontainers)	Run actions/checkout@v7	2026-09-18T17:25:41.2172001Z   sparse-checkout-cone-mode: true
integración · PostgreSQL 16 (Testcontainers)	Run actions/checkout@v7	2026-09-18T17:25:41.2172518Z   fetch-depth: 1
integración · PostgreSQL 16 (Testcontainers)	Run actions/checkout@v7	2026-09-18T17:25:41.2172943Z   fetch-tags: false
integración · PostgreSQL 16 (Testcontainers)	Run actions/checkout@v7	2026-09-18T17:25:41.2173381Z   show-progress: true
integración · PostgreSQL 16 (Testcontainers)	Run actions/checkout@v7	2026-09-18T17:25:41.2173822Z   lfs: false
integración · PostgreSQL 16 (Testcontainers)	Run actions/checkout@v7	2026-09-18T17:25:41.2174237Z   submodules: false
integración · PostgreSQL 16 (Testcontainers)	Run actions/checkout@v7	2026-09-18T17:25:41.2174678Z   set-safe-directory: true
integración · PostgreSQL 16 (Testcontainers)	Run actions/checkout@v7	2026-09-18T17:25:41.2175471Z   allow-unsafe-pr-checkout: false
integración · PostgreSQL 16 (Testcontainers)	Run actions/checkout@v7	2026-09-18T17:25:41.2176362Z ##[endgroup]
integración · PostgreSQL 16 (Testcontainers)	Run actions/checkout@v7	2026-09-18T17:25:41.3391668Z Syncing repository: Elian-Bufi/be
integración · PostgreSQL 16 (Testcontainers)	Run actions/checkout@v7	2026-09-18T17:25:41.3532880Z ##[group]Getting Git version info
integración · PostgreSQL 16 (Testcontainers)	Run actions/checkout@v7	2026-09-18T17:25:41.3534809Z Working directory is '/home/runner/work/be/be'
integración · PostgreSQL 16 (Testcontainers)	Run actions/checkout@v7	2026-09-18T17:25:41.3538793Z [command]/usr/bin/git version
integración · PostgreSQL 16 (Testcontainers)	Run actions/checkout@v7	2026-09-18T17:25:41.3570709Z git version 2.55.0
integración · PostgreSQL 16 (Testcontainers)	Run actions/checkout@v7	2026-09-18T17:25:41.3593789Z ##[endgroup]
integración · PostgreSQL 16 (Testcontainers)	Run actions/checkout@v7	2026-09-18T17:25:41.3601272Z Temporarily overriding HOME='/home/runner/work/_temp/01cb3a57-9580-4dbe-ba7c-aeed1f491d9b' before making global git config changes
integración · PostgreSQL 16 (Testcontainers)	Run actions/checkout@v7	2026-09-18T17:25:41.3606790Z Adding repository directory to the temporary git global config as a safe directory
integración · PostgreSQL 16 (Testcontainers)	Run actions/checkout@v7	2026-09-18T17:25:41.3610856Z [command]/usr/bin/git config --global --add safe.directory /home/runner/work/be/be
integración · PostgreSQL 16 (Testcontainers)	Run actions/checkout@v7	2026-09-18T17:25:41.3710791Z Deleting the contents of '/home/runner/work/be/be'
integración · PostgreSQL 16 (Testcontainers)	Run actions/checkout@v7	2026-09-18T17:25:41.3712933Z ##[group]Determining repository object format
integración · PostgreSQL 16 (Testcontainers)	Run actions/checkout@v7	2026-09-18T17:25:41.3731281Z ##[endgroup]
integración · PostgreSQL 16 (Testcontainers)	Run actions/checkout@v7	2026-09-18T17:25:41.3751389Z ##[group]Initializing the repository
integración · PostgreSQL 16 (Testcontainers)	Run actions/checkout@v7	2026-09-18T17:25:41.3770914Z [command]/usr/bin/git init /home/runner/work/be/be
integración · PostgreSQL 16 (Testcontainers)	Run actions/checkout@v7	2026-09-18T17:25:41.3791124Z hint: Using 'master' as the name for the initial branch. This default branch name
integración · PostgreSQL 16 (Testcontainers)	Run actions/checkout@v7	2026-09-18T17:25:41.3811654Z hint: will change to "main" in Git 3.0. To configure the initial branch name
integración · PostgreSQL 16 (Testcontainers)	Run actions/checkout@v7	2026-09-18T17:25:41.3841121Z hint: to use in all of your new repositories, which will suppress this warning,
integración · PostgreSQL 16 (Testcontainers)	Run actions/checkout@v7	2026-09-18T17:25:41.3842795Z hint: call:
integración · PostgreSQL 16 (Testcontainers)	Run actions/checkout@v7	2026-09-18T17:25:41.3843273Z hint:
integración · PostgreSQL 16 (Testcontainers)	Run actions/checkout@v7	2026-09-18T17:25:41.3844126Z hint: 	git config --global init.defaultBranch <name>
integración · PostgreSQL 16 (Testcontainers)	Run actions/checkout@v7	2026-09-18T17:25:41.3845196Z hint:
integración · PostgreSQL 16 (Testcontainers)	Run actions/checkout@v7	2026-09-18T17:25:41.3846380Z hint: Names commonly chosen instead of 'master' are 'main', 'trunk' and
integración · PostgreSQL 16 (Testcontainers)	Run actions/checkout@v7	2026-09-18T17:25:41.3847960Z hint: 'development'. The just-created branch can be renamed via this command:
integración · PostgreSQL 16 (Testcontainers)	Run actions/checkout@v7	2026-09-18T17:25:41.3849558Z hint:
integración · PostgreSQL 16 (Testcontainers)	Run actions/checkout@v7	2026-09-18T17:25:41.3850932Z hint: 	git branch -m <name>
integración · PostgreSQL 16 (Testcontainers)	Run actions/checkout@v7	2026-09-18T17:25:41.3851996Z hint:
integración · PostgreSQL 16 (Testcontainers)	Run actions/checkout@v7	2026-09-18T17:25:41.3853211Z hint: Disable this message with "git config set advice.defaultBranchName false"
integración · PostgreSQL 16 (Testcontainers)	Run actions/checkout@v7	2026-09-18T17:25:41.3854878Z Initialized empty Git repository in /home/runner/work/be/be/.git/
integración · PostgreSQL 16 (Testcontainers)	Run actions/checkout@v7	2026-09-18T17:25:41.3857999Z [command]/usr/bin/git remote add origin https://github.com/Elian-Bufi/be
integración · PostgreSQL 16 (Testcontainers)	Run actions/checkout@v7	2026-09-18T17:25:41.3895757Z ##[endgroup]
integración · PostgreSQL 16 (Testcontainers)	Run actions/checkout@v7	2026-09-18T17:25:41.3897259Z ##[group]Disabling automatic garbage collection
integración · PostgreSQL 16 (Testcontainers)	Run actions/checkout@v7	2026-09-18T17:25:41.3920786Z [command]/usr/bin/git config --local gc.auto 0
integración · PostgreSQL 16 (Testcontainers)	Run actions/checkout@v7	2026-09-18T17:25:41.3962941Z ##[endgroup]
integración · PostgreSQL 16 (Testcontainers)	Run actions/checkout@v7	2026-09-18T17:25:41.3964758Z ##[group]Setting up auth
integración · PostgreSQL 16 (Testcontainers)	Run actions/checkout@v7	2026-09-18T17:25:41.3965772Z Removing SSH command configuration
integración · PostgreSQL 16 (Testcontainers)	Run actions/checkout@v7	2026-09-18T17:25:41.3967193Z [command]/usr/bin/git config --local --name-only --get-regexp core\.sshCommand
integración · PostgreSQL 16 (Testcontainers)	Run actions/checkout@v7	2026-09-18T17:25:41.4031738Z [command]/usr/bin/git submodule foreach --recursive sh -c "git config --local --name-only --get-regexp 'core\.sshCommand' && git config --local --unset-all 'core.sshCommand' || :"
integración · PostgreSQL 16 (Testcontainers)	Run actions/checkout@v7	2026-09-18T17:25:41.5456390Z Removing HTTP extra header
integración · PostgreSQL 16 (Testcontainers)	Run actions/checkout@v7	2026-09-18T17:25:41.5458308Z [command]/usr/bin/git config --local --name-only --get-regexp http\.https\:\/\/github\.com\/\.extraheader
integración · PostgreSQL 16 (Testcontainers)	Run actions/checkout@v7	2026-09-18T17:25:41.5464088Z [command]/usr/bin/git submodule foreach --recursive sh -c "git config --local --name-only --get-regexp 'http\.https\:\/\/github\.com\/\.extraheader' && git config --local --unset-all 'http.https://github.com/.extraheader' || :"
integración · PostgreSQL 16 (Testcontainers)	Run actions/checkout@v7	2026-09-18T17:25:41.5469582Z Removing includeIf entries pointing to credentials config files
integración · PostgreSQL 16 (Testcontainers)	Run actions/checkout@v7	2026-09-18T17:25:41.5472133Z [command]/usr/bin/git config --local --name-only --get-regexp ^includeIf\.gitdir:
integración · PostgreSQL 16 (Testcontainers)	Run actions/checkout@v7	2026-09-18T17:25:41.5476273Z [command]/usr/bin/git submodule foreach --recursive git config --local --show-origin --name-only --get-regexp remote.origin.url
integración · PostgreSQL 16 (Testcontainers)	Run actions/checkout@v7	2026-09-18T17:25:41.5621391Z [command]/usr/bin/git config --file /home/runner/work/_temp/git-credentials-7828dcca-e217-4e55-a7ee-d1a33b91f603.config http.https://github.com/.extraheader AUTHORIZATION: basic ***
integración · PostgreSQL 16 (Testcontainers)	Run actions/checkout@v7	2026-09-18T17:25:41.5667648Z [command]/usr/bin/git config --local includeIf.gitdir:/home/runner/work/be/be/.git.path /home/runner/work/_temp/git-credentials-7828dcca-e217-4e55-a7ee-d1a33b91f603.config
integración · PostgreSQL 16 (Testcontainers)	Run actions/checkout@v7	2026-09-18T17:25:41.5704193Z [command]/usr/bin/git config --local includeIf.gitdir:/home/runner/work/be/be/.git/worktrees/*.path /home/runner/work/_temp/git-credentials-7828dcca-e217-4e55-a7ee-d1a33b91f603.config
integración · PostgreSQL 16 (Testcontainers)	Run actions/checkout@v7	2026-09-18T17:25:41.5748111Z [command]/usr/bin/git config --local includeIf.gitdir:/github/workspace/.git.path /github/runner_temp/git-credentials-7828dcca-e217-4e55-a7ee-d1a33b91f603.config
integración · PostgreSQL 16 (Testcontainers)	Run actions/checkout@v7	2026-09-18T17:25:41.5788243Z [command]/usr/bin/git config --local includeIf.gitdir:/github/workspace/.git/worktrees/*.path /github/runner_temp/git-credentials-7828dcca-e217-4e55-a7ee-d1a33b91f603.config
integración · PostgreSQL 16 (Testcontainers)	Run actions/checkout@v7	2026-09-18T17:25:41.5822415Z ##[endgroup]
integración · PostgreSQL 16 (Testcontainers)	Run actions/checkout@v7	2026-09-18T17:25:41.5824097Z ##[group]Fetching the repository
integración · PostgreSQL 16 (Testcontainers)	Run actions/checkout@v7	2026-09-18T17:25:41.5830146Z [command]/usr/bin/git -c protocol.version=2 fetch --no-tags --prune --no-recurse-submodules --depth=1 origin +eaf785c95d67e3208e1d3265d30a158859748e0f:refs/remotes/origin/main
integración · PostgreSQL 16 (Testcontainers)	Run actions/checkout@v7	2026-09-18T17:25:42.5965047Z From https://github.com/Elian-Bufi/be
integración · PostgreSQL 16 (Testcontainers)	Run actions/checkout@v7	2026-09-18T17:25:42.5981818Z  * [new ref]         eaf785c95d67e3208e1d3265d30a158859748e0f -> origin/main
integración · PostgreSQL 16 (Testcontainers)	Run actions/checkout@v7	2026-09-18T17:25:42.5995342Z [command]/usr/bin/git branch --list --remote origin/main
integración · PostgreSQL 16 (Testcontainers)	Run actions/checkout@v7	2026-09-18T17:25:42.6015656Z   origin/main
integración · PostgreSQL 16 (Testcontainers)	Run actions/checkout@v7	2026-09-18T17:25:42.6028122Z [command]/usr/bin/git rev-parse refs/remotes/origin/main
integración · PostgreSQL 16 (Testcontainers)	Run actions/checkout@v7	2026-09-18T17:25:42.6060876Z eaf785c95d67e3208e1d3265d30a158859748e0f
integración · PostgreSQL 16 (Testcontainers)	Run actions/checkout@v7	2026-09-18T17:25:42.6066679Z ##[endgroup]
integración · PostgreSQL 16 (Testcontainers)	Run actions/checkout@v7	2026-09-18T17:25:42.6069032Z ##[group]Determining the checkout info
integración · PostgreSQL 16 (Testcontainers)	Run actions/checkout@v7	2026-09-18T17:25:42.6072494Z ##[endgroup]
integración · PostgreSQL 16 (Testcontainers)	Run actions/checkout@v7	2026-09-18T17:25:42.6074510Z [command]/usr/bin/git sparse-checkout disable
integración · PostgreSQL 16 (Testcontainers)	Run actions/checkout@v7	2026-09-18T17:25:42.6134778Z [command]/usr/bin/git config --local --unset-all extensions.worktreeConfig
integración · PostgreSQL 16 (Testcontainers)	Run actions/checkout@v7	2026-09-18T17:25:42.6175368Z ##[group]Checking out the ref
integración · PostgreSQL 16 (Testcontainers)	Run actions/checkout@v7	2026-09-18T17:25:42.6178758Z [command]/usr/bin/git checkout --progress --force -B main refs/remotes/origin/main
integración · PostgreSQL 16 (Testcontainers)	Run actions/checkout@v7	2026-09-18T17:25:42.6865836Z Switched to a new branch 'main'
integración · PostgreSQL 16 (Testcontainers)	Run actions/checkout@v7	2026-09-18T17:25:42.6872617Z branch 'main' set up to track 'origin/main'.
integración · PostgreSQL 16 (Testcontainers)	Run actions/checkout@v7	2026-09-18T17:25:42.6886123Z ##[endgroup]
integración · PostgreSQL 16 (Testcontainers)	Run actions/checkout@v7	2026-09-18T17:25:42.6938084Z [command]/usr/bin/git log -1 --format=%H
integración · PostgreSQL 16 (Testcontainers)	Run actions/checkout@v7	2026-09-18T17:25:42.6970613Z eaf785c95d67e3208e1d3265d30a158859748e0f
integración · PostgreSQL 16 (Testcontainers)	Run actions/setup-node@v7	﻿2026-09-18T17:25:42.7370517Z ##[group]Run actions/setup-node@v7
integración · PostgreSQL 16 (Testcontainers)	Run actions/setup-node@v7	2026-09-18T17:25:42.7371863Z with:
integración · PostgreSQL 16 (Testcontainers)	Run actions/setup-node@v7	2026-09-18T17:25:42.7372786Z   node-version-file: .nvmrc
integración · PostgreSQL 16 (Testcontainers)	Run actions/setup-node@v7	2026-09-18T17:25:42.7373887Z   cache: npm
integración · PostgreSQL 16 (Testcontainers)	Run actions/setup-node@v7	2026-09-18T17:25:42.7374802Z   check-latest: false
integración · PostgreSQL 16 (Testcontainers)	Run actions/setup-node@v7	2026-09-18T17:25:42.7385912Z   token: ***
integración · PostgreSQL 16 (Testcontainers)	Run actions/setup-node@v7	2026-09-18T17:25:42.7386896Z   package-manager-cache: true
integración · PostgreSQL 16 (Testcontainers)	Run actions/setup-node@v7	2026-09-18T17:25:42.7388026Z ##[endgroup]
integración · PostgreSQL 16 (Testcontainers)	Run actions/setup-node@v7	2026-09-18T17:25:42.8718762Z Node version file is not JSON file
integración · PostgreSQL 16 (Testcontainers)	Run actions/setup-node@v7	2026-09-18T17:25:42.8722091Z Resolved .nvmrc as 22.23.2
integración · PostgreSQL 16 (Testcontainers)	Run actions/setup-node@v7	2026-09-18T17:25:42.8750389Z Found in cache @ /opt/hostedtoolcache/node/22.23.2/x64
integración · PostgreSQL 16 (Testcontainers)	Run actions/setup-node@v7	2026-09-18T17:25:42.8754839Z ##[group]Environment details
integración · PostgreSQL 16 (Testcontainers)	Run actions/setup-node@v7	2026-09-18T17:25:43.4211477Z node: v22.23.2
integración · PostgreSQL 16 (Testcontainers)	Run actions/setup-node@v7	2026-09-18T17:25:43.4212274Z npm: 10.9.8
integración · PostgreSQL 16 (Testcontainers)	Run actions/setup-node@v7	2026-09-18T17:25:43.4220867Z yarn: 1.22.22
integración · PostgreSQL 16 (Testcontainers)	Run actions/setup-node@v7	2026-09-18T17:25:43.4222554Z ##[endgroup]
integración · PostgreSQL 16 (Testcontainers)	Run actions/setup-node@v7	2026-09-18T17:25:43.4240669Z [command]/opt/hostedtoolcache/node/22.23.2/x64/bin/npm config get cache
integración · PostgreSQL 16 (Testcontainers)	Run actions/setup-node@v7	2026-09-18T17:25:43.5411265Z /home/runner/.npm
integración · PostgreSQL 16 (Testcontainers)	Run actions/setup-node@v7	2026-09-18T17:25:43.8315209Z Cache hit for: node-cache-Linux-x64-npm-7396c85b21c1ff035b68dae6b6e7bee2b1d9ae3763791523047320e5c91bdfb2
integración · PostgreSQL 16 (Testcontainers)	Run actions/setup-node@v7	2026-09-18T17:25:45.1369554Z Received 0 of 333022805 (0.0%), 0.0 MBs/sec
integración · PostgreSQL 16 (Testcontainers)	Run actions/setup-node@v7	2026-09-18T17:25:46.1372897Z Received 100663296 of 333022805 (30.2%), 48.0 MBs/sec
integración · PostgreSQL 16 (Testcontainers)	Run actions/setup-node@v7	2026-09-18T17:25:47.1380717Z Received 239075328 of 333022805 (71.8%), 76.0 MBs/sec
integración · PostgreSQL 16 (Testcontainers)	Run actions/setup-node@v7	2026-09-18T17:25:47.9805621Z Received 333022805 of 333022805 (100.0%), 82.6 MBs/sec
integración · PostgreSQL 16 (Testcontainers)	Run actions/setup-node@v7	2026-09-18T17:25:47.9806911Z Cache Size: ~318 MB (333022805 B)
integración · PostgreSQL 16 (Testcontainers)	Run actions/setup-node@v7	2026-09-18T17:25:47.9848491Z [command]/usr/bin/tar -xf /home/runner/work/_temp/4f66dab9-0824-4309-9dc5-acbdbaf5225d/cache.tzst -P -C /home/runner/work/be/be --use-compress-program unzstd
integración · PostgreSQL 16 (Testcontainers)	Run actions/setup-node@v7	2026-09-18T17:25:48.7005221Z Cache restored successfully
integración · PostgreSQL 16 (Testcontainers)	Run actions/setup-node@v7	2026-09-18T17:25:48.7191325Z Cache restored from key: node-cache-Linux-x64-npm-7396c85b21c1ff035b68dae6b6e7bee2b1d9ae3763791523047320e5c91bdfb2
integración · PostgreSQL 16 (Testcontainers)	Run npm ci	﻿2026-09-18T17:25:48.7410913Z ##[group]Run npm ci
integración · PostgreSQL 16 (Testcontainers)	Run npm ci	2026-09-18T17:25:48.7411352Z ^[[36;1mnpm ci^[[0m
integración · PostgreSQL 16 (Testcontainers)	Run npm ci	2026-09-18T17:25:48.7459664Z shell: /usr/bin/bash -e {0}
integración · PostgreSQL 16 (Testcontainers)	Run npm ci	2026-09-18T17:25:48.7460434Z ##[endgroup]
integración · PostgreSQL 16 (Testcontainers)	Run npm ci	2026-09-18T17:26:00.0452536Z npm warn deprecated uuid@7.0.3: uuid@10 and below is no longer supported.  For ESM codebases, update to uuid@latest.  For CommonJS codebases, use uuid@11 (but be aware this version will likely be deprecated in 2028).
integración · PostgreSQL 16 (Testcontainers)	Run npm ci	2026-09-18T17:26:00.9062608Z npm warn deprecated glob@10.5.0: Old versions of glob are not supported, and contain widely publicized security vulnerabilities, which have been fixed in the current version. Please update. Support for old versions may be purchased (at exorbitant rates) by contacting i@izs.me
integración · PostgreSQL 16 (Testcontainers)	Run npm ci	2026-09-18T17:26:00.9075683Z npm warn deprecated glob@10.5.0: Old versions of glob are not supported, and contain widely publicized security vulnerabilities, which have been fixed in the current version. Please update. Support for old versions may be purchased (at exorbitant rates) by contacting i@izs.me
integración · PostgreSQL 16 (Testcontainers)	Run npm ci	2026-09-18T17:26:36.4020756Z 
integración · PostgreSQL 16 (Testcontainers)	Run npm ci	2026-09-18T17:26:36.4037891Z added 959 packages, and audited 964 packages in 48s
integración · PostgreSQL 16 (Testcontainers)	Run npm ci	2026-09-18T17:26:36.4714591Z 
integración · PostgreSQL 16 (Testcontainers)	Run npm ci	2026-09-18T17:26:36.4715402Z 10 moderate severity vulnerabilities
integración · PostgreSQL 16 (Testcontainers)	Run npm ci	2026-09-18T17:26:36.4717087Z 
integración · PostgreSQL 16 (Testcontainers)	Run npm ci	2026-09-18T17:26:36.4717914Z To address issues that do not require attention, run:
integración · PostgreSQL 16 (Testcontainers)	Run npm ci	2026-09-18T17:26:36.4718920Z   npm audit fix
integración · PostgreSQL 16 (Testcontainers)	Run npm ci	2026-09-18T17:26:36.4719447Z 
integración · PostgreSQL 16 (Testcontainers)	Run npm ci	2026-09-18T17:26:36.4720464Z To address all issues (including breaking changes), run:
integración · PostgreSQL 16 (Testcontainers)	Run npm ci	2026-09-18T17:26:36.4721530Z   npm audit fix --force
integración · PostgreSQL 16 (Testcontainers)	Run npm ci	2026-09-18T17:26:36.4722149Z 
integración · PostgreSQL 16 (Testcontainers)	Run npm ci	2026-09-18T17:26:36.4722687Z Run `npm audit` for details.
integración · PostgreSQL 16 (Testcontainers)	Run npx prisma generate	﻿2026-09-18T17:26:36.5934533Z ##[group]Run npx prisma generate
integración · PostgreSQL 16 (Testcontainers)	Run npx prisma generate	2026-09-18T17:26:36.5934989Z ^[[36;1mnpx prisma generate^[[0m
integración · PostgreSQL 16 (Testcontainers)	Run npx prisma generate	2026-09-18T17:26:36.5974691Z shell: /usr/bin/bash -e {0}
integración · PostgreSQL 16 (Testcontainers)	Run npx prisma generate	2026-09-18T17:26:36.5975074Z ##[endgroup]
integración · PostgreSQL 16 (Testcontainers)	Run npx prisma generate	2026-09-18T17:26:37.7952891Z warn The configuration property `package.json#prisma` is deprecated and will be removed in Prisma 7. Please migrate to a Prisma config file (e.g., `prisma.config.ts`).
integración · PostgreSQL 16 (Testcontainers)	Run npx prisma generate	2026-09-18T17:26:37.7954807Z For more information, see: https://pris.ly/prisma-config
integración · PostgreSQL 16 (Testcontainers)	Run npx prisma generate	2026-09-18T17:26:37.7964393Z 
integración · PostgreSQL 16 (Testcontainers)	Run npx prisma generate	2026-09-18T17:26:37.9951895Z Prisma schema loaded from prisma/schema.prisma
integración · PostgreSQL 16 (Testcontainers)	Run npx prisma generate	2026-09-18T17:26:38.1387112Z ┌─────────────────────────────────────────────────────────┐
integración · PostgreSQL 16 (Testcontainers)	Run npx prisma generate	2026-09-18T17:26:38.1388029Z 
integración · PostgreSQL 16 (Testcontainers)	Run npx prisma generate	2026-09-18T17:26:38.1388900Z │  Update available 6.19.3 -> 8.0.0-rc.15                 │
integración · PostgreSQL 16 (Testcontainers)	Run npx prisma generate	2026-09-18T17:26:38.1392558Z │                                                         │
integración · PostgreSQL 16 (Testcontainers)	Run npx prisma generate	2026-09-18T17:26:38.1393693Z ✔ Generated Prisma Client (v6.19.3) to ./node_modules/@prisma/client in 48ms
integración · PostgreSQL 16 (Testcontainers)	Run npx prisma generate	2026-09-18T17:26:38.1399767Z 
integración · PostgreSQL 16 (Testcontainers)	Run npx prisma generate	2026-09-18T17:26:38.1401287Z │  This is a major update - please follow the guide at    │
integración · PostgreSQL 16 (Testcontainers)	Run npx prisma generate	2026-09-18T17:26:38.1417824Z │  https://pris.ly/d/major-version-upgrade                │
integración · PostgreSQL 16 (Testcontainers)	Run npx prisma generate	2026-09-18T17:26:38.1418969Z Start by importing your Prisma Client (See: https://pris.ly/d/importing-client)
integración · PostgreSQL 16 (Testcontainers)	Run npx prisma generate	2026-09-18T17:26:38.1440264Z 
integración · PostgreSQL 16 (Testcontainers)	Run npx prisma generate	2026-09-18T17:26:38.1441482Z │                                                         │
integración · PostgreSQL 16 (Testcontainers)	Run npx prisma generate	2026-09-18T17:26:38.1443131Z Tip: Interested in query caching in just a few lines of code? Try Accelerate today! https://pris.ly/tip-3-accelerate
integración · PostgreSQL 16 (Testcontainers)	Run npx prisma generate	2026-09-18T17:26:38.1444836Z │  Run the following to update                            │
integración · PostgreSQL 16 (Testcontainers)	Run npx prisma generate	2026-09-18T17:26:38.1445576Z 
integración · PostgreSQL 16 (Testcontainers)	Run npx prisma generate	2026-09-18T17:26:38.1446371Z │    npm i --save-dev prisma@latest                       │
integración · PostgreSQL 16 (Testcontainers)	Run npx prisma generate	2026-09-18T17:26:38.1458047Z │    npm i @prisma/client@latest                          │
integración · PostgreSQL 16 (Testcontainers)	Run npx prisma generate	2026-09-18T17:26:38.1459564Z └─────────────────────────────────────────────────────────┘
integración · PostgreSQL 16 (Testcontainers)	Schema vs 06 · readiness · migración fallida aborta	﻿2026-09-18T17:26:38.1731859Z ##[group]Run npm run test:integration
integración · PostgreSQL 16 (Testcontainers)	Schema vs 06 · readiness · migración fallida aborta	2026-09-18T17:26:38.1732304Z ^[[36;1mnpm run test:integration^[[0m
integración · PostgreSQL 16 (Testcontainers)	Schema vs 06 · readiness · migración fallida aborta	2026-09-18T17:26:38.1769441Z shell: /usr/bin/bash -e {0}
integración · PostgreSQL 16 (Testcontainers)	Schema vs 06 · readiness · migración fallida aborta	2026-09-18T17:26:38.1770051Z ##[endgroup]
integración · PostgreSQL 16 (Testcontainers)	Schema vs 06 · readiness · migración fallida aborta	2026-09-18T17:26:38.2838382Z 
integración · PostgreSQL 16 (Testcontainers)	Schema vs 06 · readiness · migración fallida aborta	2026-09-18T17:26:38.2839459Z > be@0.1.0 test:integration
integración · PostgreSQL 16 (Testcontainers)	Schema vs 06 · readiness · migración fallida aborta	2026-09-18T17:26:38.2841300Z > npm run build:domain && npm run test:integration -w @be/api
integración · PostgreSQL 16 (Testcontainers)	Schema vs 06 · readiness · migración fallida aborta	2026-09-18T17:26:38.2842219Z 
integración · PostgreSQL 16 (Testcontainers)	Schema vs 06 · readiness · migración fallida aborta	2026-09-18T17:26:38.4022623Z 
integración · PostgreSQL 16 (Testcontainers)	Schema vs 06 · readiness · migración fallida aborta	2026-09-18T17:26:38.4041005Z > be@0.1.0 build:domain
integración · PostgreSQL 16 (Testcontainers)	Schema vs 06 · readiness · migración fallida aborta	2026-09-18T17:26:38.4060458Z > npm run build -w @be/domain
integración · PostgreSQL 16 (Testcontainers)	Schema vs 06 · readiness · migración fallida aborta	2026-09-18T17:26:38.4073221Z 
integración · PostgreSQL 16 (Testcontainers)	Schema vs 06 · readiness · migración fallida aborta	2026-09-18T17:26:38.5454053Z 
integración · PostgreSQL 16 (Testcontainers)	Schema vs 06 · readiness · migración fallida aborta	2026-09-18T17:26:38.5461431Z > @be/domain@0.1.0 build
integración · PostgreSQL 16 (Testcontainers)	Schema vs 06 · readiness · migración fallida aborta	2026-09-18T17:26:38.5462455Z > tsc -p tsconfig.json
integración · PostgreSQL 16 (Testcontainers)	Schema vs 06 · readiness · migración fallida aborta	2026-09-18T17:26:38.5463001Z 
integración · PostgreSQL 16 (Testcontainers)	Schema vs 06 · readiness · migración fallida aborta	2026-09-18T17:26:40.2387862Z 
integración · PostgreSQL 16 (Testcontainers)	Schema vs 06 · readiness · migración fallida aborta	2026-09-18T17:26:40.2388858Z > @be/api@0.1.0 test:integration
integración · PostgreSQL 16 (Testcontainers)	Schema vs 06 · readiness · migración fallida aborta	2026-09-18T17:26:40.2390406Z > jest --config jest.integration.config.js --runInBand
integración · PostgreSQL 16 (Testcontainers)	Schema vs 06 · readiness · migración fallida aborta	2026-09-18T17:26:40.2391224Z 
integración · PostgreSQL 16 (Testcontainers)	Schema vs 06 · readiness · migración fallida aborta	2026-09-18T17:26:56.5181308Z PASS ../../test/integration/schema.int-spec.ts
integración · PostgreSQL 16 (Testcontainers)	Schema vs 06 · readiness · migración fallida aborta	2026-09-18T17:26:59.0035389Z {"nivel":"info","requestId":"65afc618-c0ad-4ba5-ad4e-0d4e706dd0b1","metodo":"GET","ruta":"/health/ready","status":200,"duracionMs":59}
integración · PostgreSQL 16 (Testcontainers)	Schema vs 06 · readiness · migración fallida aborta	2026-09-18T17:26:59.0061252Z {"nivel":"info","requestId":"dfa07182-fdeb-43c1-a1af-2b7dee4d16b5","metodo":"GET","ruta":"/health/ready","status":503,"duracionMs":47}
integración · PostgreSQL 16 (Testcontainers)	Schema vs 06 · readiness · migración fallida aborta	2026-09-18T17:26:59.0657390Z PASS ../../test/integration/despliegue.int-spec.ts
integración · PostgreSQL 16 (Testcontainers)	Schema vs 06 · readiness · migración fallida aborta	2026-09-18T17:26:59.0676450Z 
integración · PostgreSQL 16 (Testcontainers)	Schema vs 06 · readiness · migración fallida aborta	2026-09-18T17:26:59.0687244Z Test Suites: 2 passed, 2 total
integración · PostgreSQL 16 (Testcontainers)	Schema vs 06 · readiness · migración fallida aborta	2026-09-18T17:26:59.0688082Z Tests:       10 passed, 10 total
integración · PostgreSQL 16 (Testcontainers)	Schema vs 06 · readiness · migración fallida aborta	2026-09-18T17:26:59.0688864Z Snapshots:   0 total
integración · PostgreSQL 16 (Testcontainers)	Schema vs 06 · readiness · migración fallida aborta	2026-09-18T17:26:59.0690470Z Time:        3.299 s
integración · PostgreSQL 16 (Testcontainers)	Schema vs 06 · readiness · migración fallida aborta	2026-09-18T17:26:59.0691203Z Ran all test suites.
integración · PostgreSQL 16 (Testcontainers)	Post Run actions/setup-node@v7	﻿2026-09-18T17:26:59.5881934Z Post job cleanup.
integración · PostgreSQL 16 (Testcontainers)	Post Run actions/setup-node@v7	2026-09-18T17:26:59.7103993Z Cache hit occurred on the primary key node-cache-Linux-x64-npm-7396c85b21c1ff035b68dae6b6e7bee2b1d9ae3763791523047320e5c91bdfb2, not saving cache.
integración · PostgreSQL 16 (Testcontainers)	Post Run actions/checkout@v7	﻿2026-09-18T17:26:59.7269484Z Post job cleanup.
integración · PostgreSQL 16 (Testcontainers)	Post Run actions/checkout@v7	2026-09-18T17:26:59.8260702Z [command]/usr/bin/git version
integración · PostgreSQL 16 (Testcontainers)	Post Run actions/checkout@v7	2026-09-18T17:26:59.8354116Z git version 2.55.0
integración · PostgreSQL 16 (Testcontainers)	Post Run actions/checkout@v7	2026-09-18T17:26:59.8422712Z Temporarily overriding HOME='/home/runner/work/_temp/d1286710-ae96-448a-8604-46fb2a87bdae' before making global git config changes
integración · PostgreSQL 16 (Testcontainers)	Post Run actions/checkout@v7	2026-09-18T17:26:59.8428388Z Adding repository directory to the temporary git global config as a safe directory
integración · PostgreSQL 16 (Testcontainers)	Post Run actions/checkout@v7	2026-09-18T17:26:59.8430007Z [command]/usr/bin/git config --global --add safe.directory /home/runner/work/be/be
integración · PostgreSQL 16 (Testcontainers)	Post Run actions/checkout@v7	2026-09-18T17:26:59.8507472Z Removing SSH command configuration
integración · PostgreSQL 16 (Testcontainers)	Post Run actions/checkout@v7	2026-09-18T17:26:59.8531666Z [command]/usr/bin/git config --local --name-only --get-regexp core\.sshCommand
integración · PostgreSQL 16 (Testcontainers)	Post Run actions/checkout@v7	2026-09-18T17:26:59.8586792Z [command]/usr/bin/git submodule foreach --recursive sh -c "git config --local --name-only --get-regexp 'core\.sshCommand' && git config --local --unset-all 'core.sshCommand' || :"
integración · PostgreSQL 16 (Testcontainers)	Post Run actions/checkout@v7	2026-09-18T17:26:59.9077075Z Removing HTTP extra header
integración · PostgreSQL 16 (Testcontainers)	Post Run actions/checkout@v7	2026-09-18T17:26:59.9101293Z [command]/usr/bin/git config --local --name-only --get-regexp http\.https\:\/\/github\.com\/\.extraheader
integración · PostgreSQL 16 (Testcontainers)	Post Run actions/checkout@v7	2026-09-18T17:26:59.9212188Z [command]/usr/bin/git submodule foreach --recursive sh -c "git config --local --name-only --get-regexp 'http\.https\:\/\/github\.com\/\.extraheader' && git config --local --unset-all 'http.https://github.com/.extraheader' || :"
integración · PostgreSQL 16 (Testcontainers)	Post Run actions/checkout@v7	2026-09-18T17:26:59.9730308Z Removing includeIf entries pointing to credentials config files
integración · PostgreSQL 16 (Testcontainers)	Post Run actions/checkout@v7	2026-09-18T17:26:59.9731604Z [command]/usr/bin/git config --local --name-only --get-regexp ^includeIf\.gitdir:
integración · PostgreSQL 16 (Testcontainers)	Post Run actions/checkout@v7	2026-09-18T17:26:59.9775032Z includeif.gitdir:/home/runner/work/be/be/.git.path
integración · PostgreSQL 16 (Testcontainers)	Post Run actions/checkout@v7	2026-09-18T17:26:59.9805085Z includeif.gitdir:/home/runner/work/be/be/.git/worktrees/*.path
integración · PostgreSQL 16 (Testcontainers)	Post Run actions/checkout@v7	2026-09-18T17:26:59.9820754Z includeif.gitdir:/github/workspace/.git.path
integración · PostgreSQL 16 (Testcontainers)	Post Run actions/checkout@v7	2026-09-18T17:26:59.9839027Z includeif.gitdir:/github/workspace/.git/worktrees/*.path
integración · PostgreSQL 16 (Testcontainers)	Post Run actions/checkout@v7	2026-09-18T17:26:59.9881173Z [command]/usr/bin/git config --local --get-all includeif.gitdir:/home/runner/work/be/be/.git.path
integración · PostgreSQL 16 (Testcontainers)	Post Run actions/checkout@v7	2026-09-18T17:26:59.9901316Z /home/runner/work/_temp/git-credentials-7828dcca-e217-4e55-a7ee-d1a33b91f603.config
integración · PostgreSQL 16 (Testcontainers)	Post Run actions/checkout@v7	2026-09-18T17:26:59.9906855Z [command]/usr/bin/git config --local --unset includeif.gitdir:/home/runner/work/be/be/.git.path \/home\/runner\/work\/_temp\/git\-credentials\-7828dcca\-e217\-4e55\-a7ee\-d1a33b91f603\.config
integración · PostgreSQL 16 (Testcontainers)	Post Run actions/checkout@v7	2026-09-18T17:26:59.9913753Z [command]/usr/bin/git config --local --get-all includeif.gitdir:/home/runner/work/be/be/.git/worktrees/*.path
integración · PostgreSQL 16 (Testcontainers)	Post Run actions/checkout@v7	2026-09-18T17:26:59.9977953Z /home/runner/work/_temp/git-credentials-7828dcca-e217-4e55-a7ee-d1a33b91f603.config
integración · PostgreSQL 16 (Testcontainers)	Post Run actions/checkout@v7	2026-09-18T17:27:00.0031929Z [command]/usr/bin/git config --local --unset includeif.gitdir:/home/runner/work/be/be/.git/worktrees/*.path \/home\/runner\/work\/_temp\/git\-credentials\-7828dcca\-e217\-4e55\-a7ee\-d1a33b91f603\.config
integración · PostgreSQL 16 (Testcontainers)	Post Run actions/checkout@v7	2026-09-18T17:27:00.0081210Z [command]/usr/bin/git config --local --get-all includeif.gitdir:/github/workspace/.git.path
integración · PostgreSQL 16 (Testcontainers)	Post Run actions/checkout@v7	2026-09-18T17:27:00.0101033Z /github/runner_temp/git-credentials-7828dcca-e217-4e55-a7ee-d1a33b91f603.config
integración · PostgreSQL 16 (Testcontainers)	Post Run actions/checkout@v7	2026-09-18T17:27:00.0106195Z [command]/usr/bin/git config --local --unset includeif.gitdir:/github/workspace/.git.path \/github\/runner_temp\/git\-credentials\-7828dcca\-e217\-4e55\-a7ee\-d1a33b91f603\.config
integración · PostgreSQL 16 (Testcontainers)	Post Run actions/checkout@v7	2026-09-18T17:27:00.0180119Z [command]/usr/bin/git config --local --get-all includeif.gitdir:/github/workspace/.git/worktrees/*.path
integración · PostgreSQL 16 (Testcontainers)	Post Run actions/checkout@v7	2026-09-18T17:27:00.0196097Z /github/runner_temp/git-credentials-7828dcca-e217-4e55-a7ee-d1a33b91f603.config
integración · PostgreSQL 16 (Testcontainers)	Post Run actions/checkout@v7	2026-09-18T17:27:00.0206483Z [command]/usr/bin/git config --local --unset includeif.gitdir:/github/workspace/.git/worktrees/*.path \/github\/runner_temp\/git\-credentials\-7828dcca\-e217\-4e55\-a7ee\-d1a33b91f603\.config
integración · PostgreSQL 16 (Testcontainers)	Post Run actions/checkout@v7	2026-09-18T17:27:00.0281587Z [command]/usr/bin/git submodule foreach --recursive git config --local --show-origin --name-only --get-regexp remote.origin.url
integración · PostgreSQL 16 (Testcontainers)	Post Run actions/checkout@v7	2026-09-18T17:27:00.0514478Z Removing credentials config '/home/runner/work/_temp/git-credentials-7828dcca-e217-4e55-a7ee-d1a33b91f603.config'
integración · PostgreSQL 16 (Testcontainers)	Complete job	﻿2026-09-18T17:27:00.0667355Z Cleaning up orphan processes
legajo · hashes SHA-256	Set up job	﻿2026-09-18T17:25:28.5611652Z Current runner version: '2.337.0'
legajo · hashes SHA-256	Set up job	2026-09-18T17:25:28.5648780Z ##[group]Runner Image Provisioner
legajo · hashes SHA-256	Set up job	2026-09-18T17:25:28.5650336Z Hosted Compute Agent
legajo · hashes SHA-256	Set up job	2026-09-18T17:25:28.5651427Z Version: 20260828.587
legajo · hashes SHA-256	Set up job	2026-09-18T17:25:28.5652533Z Commit: abac92662cab4cc7352de4f9f9d2e2419aad9c29
legajo · hashes SHA-256	Set up job	2026-09-18T17:25:28.5653964Z Build Date: 2026-08-28T16:44:25Z
legajo · hashes SHA-256	Set up job	2026-09-18T17:25:28.5655177Z Worker ID: {de3d816f-2b32-4eab-b2d1-06095e1dedd1}
legajo · hashes SHA-256	Set up job	2026-09-18T17:25:28.5656402Z Azure Region: northcentralus
legajo · hashes SHA-256	Set up job	2026-09-18T17:25:28.5657406Z ##[endgroup]
legajo · hashes SHA-256	Set up job	2026-09-18T17:25:28.5660197Z ##[group]Operating System
legajo · hashes SHA-256	Set up job	2026-09-18T17:25:28.5661487Z Ubuntu
legajo · hashes SHA-256	Set up job	2026-09-18T17:25:28.5662475Z 24.04.5
legajo · hashes SHA-256	Set up job	2026-09-18T17:25:28.5663456Z LTS
legajo · hashes SHA-256	Set up job	2026-09-18T17:25:28.5664324Z ##[endgroup]
legajo · hashes SHA-256	Set up job	2026-09-18T17:25:28.5665245Z ##[group]Runner Image
legajo · hashes SHA-256	Set up job	2026-09-18T17:25:28.5666360Z Image: ubuntu-24.04
legajo · hashes SHA-256	Set up job	2026-09-18T17:25:28.5667384Z Version: 20260907.300.1
legajo · hashes SHA-256	Set up job	2026-09-18T17:25:28.5679816Z Included Software: https://github.com/actions/runner-images/blob/ubuntu24/20260907.300/images/ubuntu/Ubuntu2404-Readme.md
legajo · hashes SHA-256	Set up job	2026-09-18T17:25:28.5683014Z Image Release: https://github.com/actions/runner-images/releases/tag/ubuntu24%2F20260907.300
legajo · hashes SHA-256	Set up job	2026-09-18T17:25:28.5684877Z ##[endgroup]
legajo · hashes SHA-256	Set up job	2026-09-18T17:25:28.5686847Z ##[group]GITHUB_TOKEN Permissions
legajo · hashes SHA-256	Set up job	2026-09-18T17:25:28.5690226Z Contents: read
legajo · hashes SHA-256	Set up job	2026-09-18T17:25:28.5691316Z Metadata: read
legajo · hashes SHA-256	Set up job	2026-09-18T17:25:28.5692896Z ##[endgroup]
legajo · hashes SHA-256	Set up job	2026-09-18T17:25:28.5696411Z Secret source: Actions
legajo · hashes SHA-256	Set up job	2026-09-18T17:25:28.5718461Z Cache mode: write
legajo · hashes SHA-256	Set up job	2026-09-18T17:25:28.5720246Z Prepare workflow directory
legajo · hashes SHA-256	Set up job	2026-09-18T17:25:28.6468320Z Prepare all required actions
legajo · hashes SHA-256	Set up job	2026-09-18T17:25:28.6538529Z Getting action download info
legajo · hashes SHA-256	Set up job	2026-09-18T17:25:28.9141134Z Download action repository 'actions/checkout@v7' (SHA:3d3c42e5aac5ba805825da76410c181273ba90b1)
legajo · hashes SHA-256	Set up job	2026-09-18T17:25:29.1426440Z Complete job name: legajo · hashes SHA-256
legajo · hashes SHA-256	Run actions/checkout@v7	﻿2026-09-18T17:25:29.2265910Z ##[group]Run actions/checkout@v7
legajo · hashes SHA-256	Run actions/checkout@v7	2026-09-18T17:25:29.2266820Z with:
legajo · hashes SHA-256	Run actions/checkout@v7	2026-09-18T17:25:29.2267282Z   repository: Elian-Bufi/be
legajo · hashes SHA-256	Run actions/checkout@v7	2026-09-18T17:25:29.2271098Z   token: ***
legajo · hashes SHA-256	Run actions/checkout@v7	2026-09-18T17:25:29.2271589Z   ssh-strict: true
legajo · hashes SHA-256	Run actions/checkout@v7	2026-09-18T17:25:29.2272034Z   ssh-user: git
legajo · hashes SHA-256	Run actions/checkout@v7	2026-09-18T17:25:29.2272489Z   persist-credentials: true
legajo · hashes SHA-256	Run actions/checkout@v7	2026-09-18T17:25:29.2272989Z   clean: true
legajo · hashes SHA-256	Run actions/checkout@v7	2026-09-18T17:25:29.2273438Z   sparse-checkout-cone-mode: true
legajo · hashes SHA-256	Run actions/checkout@v7	2026-09-18T17:25:29.2273968Z   fetch-depth: 1
legajo · hashes SHA-256	Run actions/checkout@v7	2026-09-18T17:25:29.2274415Z   fetch-tags: false
legajo · hashes SHA-256	Run actions/checkout@v7	2026-09-18T17:25:29.2274861Z   show-progress: true
legajo · hashes SHA-256	Run actions/checkout@v7	2026-09-18T17:25:29.2275320Z   lfs: false
legajo · hashes SHA-256	Run actions/checkout@v7	2026-09-18T17:25:29.2275747Z   submodules: false
legajo · hashes SHA-256	Run actions/checkout@v7	2026-09-18T17:25:29.2276203Z   set-safe-directory: true
legajo · hashes SHA-256	Run actions/checkout@v7	2026-09-18T17:25:29.2276728Z   allow-unsafe-pr-checkout: false
legajo · hashes SHA-256	Run actions/checkout@v7	2026-09-18T17:25:29.2277496Z ##[endgroup]
legajo · hashes SHA-256	Run actions/checkout@v7	2026-09-18T17:25:29.3533911Z Syncing repository: Elian-Bufi/be
legajo · hashes SHA-256	Run actions/checkout@v7	2026-09-18T17:25:29.3542991Z ##[group]Getting Git version info
legajo · hashes SHA-256	Run actions/checkout@v7	2026-09-18T17:25:29.3544758Z Working directory is '/home/runner/work/be/be'
legajo · hashes SHA-256	Run actions/checkout@v7	2026-09-18T17:25:29.3547215Z [command]/usr/bin/git version
legajo · hashes SHA-256	Run actions/checkout@v7	2026-09-18T17:25:29.3567281Z git version 2.55.0
legajo · hashes SHA-256	Run actions/checkout@v7	2026-09-18T17:25:29.3573135Z ##[endgroup]
legajo · hashes SHA-256	Run actions/checkout@v7	2026-09-18T17:25:29.3579961Z Temporarily overriding HOME='/home/runner/work/_temp/8e2ef11f-7a9d-4b6d-b1ce-ea71fec3bfc9' before making global git config changes
legajo · hashes SHA-256	Run actions/checkout@v7	2026-09-18T17:25:29.3582241Z Adding repository directory to the temporary git global config as a safe directory
legajo · hashes SHA-256	Run actions/checkout@v7	2026-09-18T17:25:29.3583972Z [command]/usr/bin/git config --global --add safe.directory /home/runner/work/be/be
legajo · hashes SHA-256	Run actions/checkout@v7	2026-09-18T17:25:29.3664427Z Deleting the contents of '/home/runner/work/be/be'
legajo · hashes SHA-256	Run actions/checkout@v7	2026-09-18T17:25:29.3678261Z ##[group]Determining repository object format
legajo · hashes SHA-256	Run actions/checkout@v7	2026-09-18T17:25:29.3681784Z ##[endgroup]
legajo · hashes SHA-256	Run actions/checkout@v7	2026-09-18T17:25:29.3682930Z ##[group]Initializing the repository
legajo · hashes SHA-256	Run actions/checkout@v7	2026-09-18T17:25:29.3683916Z [command]/usr/bin/git init /home/runner/work/be/be
legajo · hashes SHA-256	Run actions/checkout@v7	2026-09-18T17:25:29.3847327Z hint: Using 'master' as the name for the initial branch. This default branch name
legajo · hashes SHA-256	Run actions/checkout@v7	2026-09-18T17:25:29.3868851Z hint: will change to "main" in Git 3.0. To configure the initial branch name
legajo · hashes SHA-256	Run actions/checkout@v7	2026-09-18T17:25:29.3871094Z hint: to use in all of your new repositories, which will suppress this warning,
legajo · hashes SHA-256	Run actions/checkout@v7	2026-09-18T17:25:29.3879774Z hint: call:
legajo · hashes SHA-256	Run actions/checkout@v7	2026-09-18T17:25:29.3880958Z hint:
legajo · hashes SHA-256	Run actions/checkout@v7	2026-09-18T17:25:29.3882430Z hint: 	git config --global init.defaultBranch <name>
legajo · hashes SHA-256	Run actions/checkout@v7	2026-09-18T17:25:29.3883796Z hint:
legajo · hashes SHA-256	Run actions/checkout@v7	2026-09-18T17:25:29.3885437Z hint: Names commonly chosen instead of 'master' are 'main', 'trunk' and
legajo · hashes SHA-256	Run actions/checkout@v7	2026-09-18T17:25:29.3887332Z hint: 'development'. The just-created branch can be renamed via this command:
legajo · hashes SHA-256	Run actions/checkout@v7	2026-09-18T17:25:29.3889485Z hint:
legajo · hashes SHA-256	Run actions/checkout@v7	2026-09-18T17:25:29.3890897Z hint: 	git branch -m <name>
legajo · hashes SHA-256	Run actions/checkout@v7	2026-09-18T17:25:29.3892564Z hint:
legajo · hashes SHA-256	Run actions/checkout@v7	2026-09-18T17:25:29.3894202Z hint: Disable this message with "git config set advice.defaultBranchName false"
legajo · hashes SHA-256	Run actions/checkout@v7	2026-09-18T17:25:29.3897067Z Initialized empty Git repository in /home/runner/work/be/be/.git/
legajo · hashes SHA-256	Run actions/checkout@v7	2026-09-18T17:25:29.3902795Z [command]/usr/bin/git remote add origin https://github.com/Elian-Bufi/be
legajo · hashes SHA-256	Run actions/checkout@v7	2026-09-18T17:25:29.3931422Z ##[endgroup]
legajo · hashes SHA-256	Run actions/checkout@v7	2026-09-18T17:25:29.3933136Z ##[group]Disabling automatic garbage collection
legajo · hashes SHA-256	Run actions/checkout@v7	2026-09-18T17:25:29.3934881Z [command]/usr/bin/git config --local gc.auto 0
legajo · hashes SHA-256	Run actions/checkout@v7	2026-09-18T17:25:29.4021060Z ##[endgroup]
legajo · hashes SHA-256	Run actions/checkout@v7	2026-09-18T17:25:29.4023265Z ##[group]Setting up auth
legajo · hashes SHA-256	Run actions/checkout@v7	2026-09-18T17:25:29.4048600Z Removing SSH command configuration
legajo · hashes SHA-256	Run actions/checkout@v7	2026-09-18T17:25:29.4050149Z [command]/usr/bin/git config --local --name-only --get-regexp core\.sshCommand
legajo · hashes SHA-256	Run actions/checkout@v7	2026-09-18T17:25:29.4056925Z [command]/usr/bin/git submodule foreach --recursive sh -c "git config --local --name-only --get-regexp 'core\.sshCommand' && git config --local --unset-all 'core.sshCommand' || :"
legajo · hashes SHA-256	Run actions/checkout@v7	2026-09-18T17:25:29.4520882Z Removing HTTP extra header
legajo · hashes SHA-256	Run actions/checkout@v7	2026-09-18T17:25:29.4522819Z [command]/usr/bin/git config --local --name-only --get-regexp http\.https\:\/\/github\.com\/\.extraheader
legajo · hashes SHA-256	Run actions/checkout@v7	2026-09-18T17:25:29.4572764Z [command]/usr/bin/git submodule foreach --recursive sh -c "git config --local --name-only --get-regexp 'http\.https\:\/\/github\.com\/\.extraheader' && git config --local --unset-all 'http.https://github.com/.extraheader' || :"
legajo · hashes SHA-256	Run actions/checkout@v7	2026-09-18T17:25:29.4914469Z Removing includeIf entries pointing to credentials config files
legajo · hashes SHA-256	Run actions/checkout@v7	2026-09-18T17:25:29.4917364Z [command]/usr/bin/git config --local --name-only --get-regexp ^includeIf\.gitdir:
legajo · hashes SHA-256	Run actions/checkout@v7	2026-09-18T17:25:29.5093245Z [command]/usr/bin/git submodule foreach --recursive git config --local --show-origin --name-only --get-regexp remote.origin.url
legajo · hashes SHA-256	Run actions/checkout@v7	2026-09-18T17:25:29.5278593Z [command]/usr/bin/git config --file /home/runner/work/_temp/git-credentials-b2c87088-9436-4606-b680-5888bc18ccd8.config http.https://github.com/.extraheader AUTHORIZATION: basic ***
legajo · hashes SHA-256	Run actions/checkout@v7	2026-09-18T17:25:29.5322814Z [command]/usr/bin/git config --local includeIf.gitdir:/home/runner/work/be/be/.git.path /home/runner/work/_temp/git-credentials-b2c87088-9436-4606-b680-5888bc18ccd8.config
legajo · hashes SHA-256	Run actions/checkout@v7	2026-09-18T17:25:29.6152141Z [command]/usr/bin/git config --local includeIf.gitdir:/home/runner/work/be/be/.git/worktrees/*.path /home/runner/work/_temp/git-credentials-b2c87088-9436-4606-b680-5888bc18ccd8.config
legajo · hashes SHA-256	Run actions/checkout@v7	2026-09-18T17:25:29.6158185Z [command]/usr/bin/git config --local includeIf.gitdir:/github/workspace/.git.path /github/runner_temp/git-credentials-b2c87088-9436-4606-b680-5888bc18ccd8.config
legajo · hashes SHA-256	Run actions/checkout@v7	2026-09-18T17:25:29.6164226Z [command]/usr/bin/git config --local includeIf.gitdir:/github/workspace/.git/worktrees/*.path /github/runner_temp/git-credentials-b2c87088-9436-4606-b680-5888bc18ccd8.config
legajo · hashes SHA-256	Run actions/checkout@v7	2026-09-18T17:25:29.6169473Z ##[endgroup]
legajo · hashes SHA-256	Run actions/checkout@v7	2026-09-18T17:25:29.6170997Z ##[group]Fetching the repository
legajo · hashes SHA-256	Run actions/checkout@v7	2026-09-18T17:25:29.6173750Z [command]/usr/bin/git -c protocol.version=2 fetch --no-tags --prune --no-recurse-submodules --depth=1 origin +eaf785c95d67e3208e1d3265d30a158859748e0f:refs/remotes/origin/main
legajo · hashes SHA-256	Run actions/checkout@v7	2026-09-18T17:25:30.3964990Z From https://github.com/Elian-Bufi/be
legajo · hashes SHA-256	Run actions/checkout@v7	2026-09-18T17:25:30.3979352Z  * [new ref]         eaf785c95d67e3208e1d3265d30a158859748e0f -> origin/main
legajo · hashes SHA-256	Run actions/checkout@v7	2026-09-18T17:25:30.3984957Z [command]/usr/bin/git branch --list --remote origin/main
legajo · hashes SHA-256	Run actions/checkout@v7	2026-09-18T17:25:30.4009152Z   origin/main
legajo · hashes SHA-256	Run actions/checkout@v7	2026-09-18T17:25:30.4029722Z [command]/usr/bin/git rev-parse refs/remotes/origin/main
legajo · hashes SHA-256	Run actions/checkout@v7	2026-09-18T17:25:30.4050106Z eaf785c95d67e3208e1d3265d30a158859748e0f
legajo · hashes SHA-256	Run actions/checkout@v7	2026-09-18T17:25:30.4062881Z ##[endgroup]
legajo · hashes SHA-256	Run actions/checkout@v7	2026-09-18T17:25:30.4065184Z ##[group]Determining the checkout info
legajo · hashes SHA-256	Run actions/checkout@v7	2026-09-18T17:25:30.4068242Z ##[endgroup]
legajo · hashes SHA-256	Run actions/checkout@v7	2026-09-18T17:25:30.4070026Z [command]/usr/bin/git sparse-checkout disable
legajo · hashes SHA-256	Run actions/checkout@v7	2026-09-18T17:25:30.4124535Z [command]/usr/bin/git config --local --unset-all extensions.worktreeConfig
legajo · hashes SHA-256	Run actions/checkout@v7	2026-09-18T17:25:30.4164492Z ##[group]Checking out the ref
legajo · hashes SHA-256	Run actions/checkout@v7	2026-09-18T17:25:30.4168732Z [command]/usr/bin/git checkout --progress --force -B main refs/remotes/origin/main
legajo · hashes SHA-256	Run actions/checkout@v7	2026-09-18T17:25:30.4864982Z Switched to a new branch 'main'
legajo · hashes SHA-256	Run actions/checkout@v7	2026-09-18T17:25:30.4870257Z branch 'main' set up to track 'origin/main'.
legajo · hashes SHA-256	Run actions/checkout@v7	2026-09-18T17:25:30.4886791Z ##[endgroup]
legajo · hashes SHA-256	Run actions/checkout@v7	2026-09-18T17:25:30.4941968Z [command]/usr/bin/git log -1 --format=%H
legajo · hashes SHA-256	Run actions/checkout@v7	2026-09-18T17:25:30.4977268Z eaf785c95d67e3208e1d3265d30a158859748e0f
legajo · hashes SHA-256	Verificar docs/MANIFEST.sha256 (salvo lo no publicado por Dirección)	﻿2026-09-18T17:25:30.5259756Z ##[group]Run bash scripts/verificar-legajo.sh
legajo · hashes SHA-256	Verificar docs/MANIFEST.sha256 (salvo lo no publicado por Dirección)	2026-09-18T17:25:30.5261479Z ^[[36;1mbash scripts/verificar-legajo.sh^[[0m
legajo · hashes SHA-256	Verificar docs/MANIFEST.sha256 (salvo lo no publicado por Dirección)	2026-09-18T17:25:30.5303843Z shell: /usr/bin/bash -e {0}
legajo · hashes SHA-256	Verificar docs/MANIFEST.sha256 (salvo lo no publicado por Dirección)	2026-09-18T17:25:30.5305105Z ##[endgroup]
legajo · hashes SHA-256	Verificar docs/MANIFEST.sha256 (salvo lo no publicado por Dirección)	2026-09-18T17:25:30.5691467Z legajo íntegro - 207 de 208 entradas verificadas byte a byte; 1 no publicada(s) por decisión de Dirección
legajo · hashes SHA-256	Post Run actions/checkout@v7	﻿2026-09-18T17:25:30.5986317Z Post job cleanup.
legajo · hashes SHA-256	Post Run actions/checkout@v7	2026-09-18T17:25:30.7139627Z [command]/usr/bin/git version
legajo · hashes SHA-256	Post Run actions/checkout@v7	2026-09-18T17:25:30.7171688Z git version 2.55.0
legajo · hashes SHA-256	Post Run actions/checkout@v7	2026-09-18T17:25:30.7181605Z Temporarily overriding HOME='/home/runner/work/_temp/bff93e19-0114-4b49-98bd-726aaa2cf408' before making global git config changes
legajo · hashes SHA-256	Post Run actions/checkout@v7	2026-09-18T17:25:30.7186788Z Adding repository directory to the temporary git global config as a safe directory
legajo · hashes SHA-256	Post Run actions/checkout@v7	2026-09-18T17:25:30.7196048Z [command]/usr/bin/git config --global --add safe.directory /home/runner/work/be/be
legajo · hashes SHA-256	Post Run actions/checkout@v7	2026-09-18T17:25:30.7308730Z Removing SSH command configuration
legajo · hashes SHA-256	Post Run actions/checkout@v7	2026-09-18T17:25:30.7312642Z [command]/usr/bin/git config --local --name-only --get-regexp core\.sshCommand
legajo · hashes SHA-256	Post Run actions/checkout@v7	2026-09-18T17:25:30.7327261Z [command]/usr/bin/git submodule foreach --recursive sh -c "git config --local --name-only --get-regexp 'core\.sshCommand' && git config --local --unset-all 'core.sshCommand' || :"
legajo · hashes SHA-256	Post Run actions/checkout@v7	2026-09-18T17:25:30.7736321Z Removing HTTP extra header
legajo · hashes SHA-256	Post Run actions/checkout@v7	2026-09-18T17:25:30.7740517Z [command]/usr/bin/git config --local --name-only --get-regexp http\.https\:\/\/github\.com\/\.extraheader
legajo · hashes SHA-256	Post Run actions/checkout@v7	2026-09-18T17:25:30.7803490Z [command]/usr/bin/git submodule foreach --recursive sh -c "git config --local --name-only --get-regexp 'http\.https\:\/\/github\.com\/\.extraheader' && git config --local --unset-all 'http.https://github.com/.extraheader' || :"
legajo · hashes SHA-256	Post Run actions/checkout@v7	2026-09-18T17:25:30.8209894Z Removing includeIf entries pointing to credentials config files
legajo · hashes SHA-256	Post Run actions/checkout@v7	2026-09-18T17:25:30.8213502Z [command]/usr/bin/git config --local --name-only --get-regexp ^includeIf\.gitdir:
legajo · hashes SHA-256	Post Run actions/checkout@v7	2026-09-18T17:25:30.8216712Z includeif.gitdir:/home/runner/work/be/be/.git.path
legajo · hashes SHA-256	Post Run actions/checkout@v7	2026-09-18T17:25:30.8227085Z includeif.gitdir:/home/runner/work/be/be/.git/worktrees/*.path
legajo · hashes SHA-256	Post Run actions/checkout@v7	2026-09-18T17:25:30.8244277Z includeif.gitdir:/github/workspace/.git.path
legajo · hashes SHA-256	Post Run actions/checkout@v7	2026-09-18T17:25:30.8247026Z includeif.gitdir:/github/workspace/.git/worktrees/*.path
legajo · hashes SHA-256	Post Run actions/checkout@v7	2026-09-18T17:25:30.8255438Z [command]/usr/bin/git config --local --get-all includeif.gitdir:/home/runner/work/be/be/.git.path
legajo · hashes SHA-256	Post Run actions/checkout@v7	2026-09-18T17:25:30.8293823Z /home/runner/work/_temp/git-credentials-b2c87088-9436-4606-b680-5888bc18ccd8.config
legajo · hashes SHA-256	Post Run actions/checkout@v7	2026-09-18T17:25:30.8379939Z [command]/usr/bin/git config --local --unset includeif.gitdir:/home/runner/work/be/be/.git.path \/home\/runner\/work\/_temp\/git\-credentials\-b2c87088\-9436\-4606\-b680\-5888bc18ccd8\.config
legajo · hashes SHA-256	Post Run actions/checkout@v7	2026-09-18T17:25:30.8400319Z [command]/usr/bin/git config --local --get-all includeif.gitdir:/home/runner/work/be/be/.git/worktrees/*.path
legajo · hashes SHA-256	Post Run actions/checkout@v7	2026-09-18T17:25:30.8448531Z /home/runner/work/_temp/git-credentials-b2c87088-9436-4606-b680-5888bc18ccd8.config
legajo · hashes SHA-256	Post Run actions/checkout@v7	2026-09-18T17:25:30.8491377Z [command]/usr/bin/git config --local --unset includeif.gitdir:/home/runner/work/be/be/.git/worktrees/*.path \/home\/runner\/work\/_temp\/git\-credentials\-b2c87088\-9436\-4606\-b680\-5888bc18ccd8\.config
legajo · hashes SHA-256	Post Run actions/checkout@v7	2026-09-18T17:25:30.8556270Z [command]/usr/bin/git config --local --get-all includeif.gitdir:/github/workspace/.git.path
legajo · hashes SHA-256	Post Run actions/checkout@v7	2026-09-18T17:25:30.8629173Z /github/runner_temp/git-credentials-b2c87088-9436-4606-b680-5888bc18ccd8.config
legajo · hashes SHA-256	Post Run actions/checkout@v7	2026-09-18T17:25:30.8644932Z [command]/usr/bin/git config --local --unset includeif.gitdir:/github/workspace/.git.path \/github\/runner_temp\/git\-credentials\-b2c87088\-9436\-4606\-b680\-5888bc18ccd8\.config
legajo · hashes SHA-256	Post Run actions/checkout@v7	2026-09-18T17:25:30.8699727Z [command]/usr/bin/git config --local --get-all includeif.gitdir:/github/workspace/.git/worktrees/*.path
legajo · hashes SHA-256	Post Run actions/checkout@v7	2026-09-18T17:25:30.8733069Z /github/runner_temp/git-credentials-b2c87088-9436-4606-b680-5888bc18ccd8.config
legajo · hashes SHA-256	Post Run actions/checkout@v7	2026-09-18T17:25:30.8747371Z [command]/usr/bin/git config --local --unset includeif.gitdir:/github/workspace/.git/worktrees/*.path \/github\/runner_temp\/git\-credentials\-b2c87088\-9436\-4606\-b680\-5888bc18ccd8\.config
legajo · hashes SHA-256	Post Run actions/checkout@v7	2026-09-18T17:25:30.8793062Z [command]/usr/bin/git submodule foreach --recursive git config --local --show-origin --name-only --get-regexp remote.origin.url
legajo · hashes SHA-256	Post Run actions/checkout@v7	2026-09-18T17:25:30.9140164Z Removing credentials config '/home/runner/work/_temp/git-credentials-b2c87088-9436-4606-b680-5888bc18ccd8.config'
legajo · hashes SHA-256	Complete job	﻿2026-09-18T17:25:30.9335900Z Cleaning up orphan processes
verificar · typecheck · unit · build · audit	Set up job	﻿2026-09-18T17:25:29.0007066Z Current runner version: '2.337.0'
verificar · typecheck · unit · build · audit	Set up job	2026-09-18T17:25:29.0044040Z ##[group]Runner Image Provisioner
verificar · typecheck · unit · build · audit	Set up job	2026-09-18T17:25:29.0045682Z Hosted Compute Agent
verificar · typecheck · unit · build · audit	Set up job	2026-09-18T17:25:29.0046750Z Version: 20260828.587
verificar · typecheck · unit · build · audit	Set up job	2026-09-18T17:25:29.0047800Z Commit: abac92662cab4cc7352de4f9f9d2e2419aad9c29
verificar · typecheck · unit · build · audit	Set up job	2026-09-18T17:25:29.0048975Z Build Date: 2026-08-28T16:44:25Z
verificar · typecheck · unit · build · audit	Set up job	2026-09-18T17:25:29.0050004Z Worker ID: {4817dde4-8895-4636-97d3-5a358a37c092}
verificar · typecheck · unit · build · audit	Set up job	2026-09-18T17:25:29.0051050Z Azure Region: westcentralus
verificar · typecheck · unit · build · audit	Set up job	2026-09-18T17:25:29.0052018Z ##[endgroup]
verificar · typecheck · unit · build · audit	Set up job	2026-09-18T17:25:29.0054735Z ##[group]Operating System
verificar · typecheck · unit · build · audit	Set up job	2026-09-18T17:25:29.0055704Z Ubuntu
verificar · typecheck · unit · build · audit	Set up job	2026-09-18T17:25:29.0056576Z 24.04.5
verificar · typecheck · unit · build · audit	Set up job	2026-09-18T17:25:29.0057390Z LTS
verificar · typecheck · unit · build · audit	Set up job	2026-09-18T17:25:29.0058192Z ##[endgroup]
verificar · typecheck · unit · build · audit	Set up job	2026-09-18T17:25:29.0058956Z ##[group]Runner Image
verificar · typecheck · unit · build · audit	Set up job	2026-09-18T17:25:29.0059846Z Image: ubuntu-24.04
verificar · typecheck · unit · build · audit	Set up job	2026-09-18T17:25:29.0060739Z Version: 20260907.300.1
verificar · typecheck · unit · build · audit	Set up job	2026-09-18T17:25:29.0062353Z Included Software: https://github.com/actions/runner-images/blob/ubuntu24/20260907.300/images/ubuntu/Ubuntu2404-Readme.md
verificar · typecheck · unit · build · audit	Set up job	2026-09-18T17:25:29.0065371Z Image Release: https://github.com/actions/runner-images/releases/tag/ubuntu24%2F20260907.300
verificar · typecheck · unit · build · audit	Set up job	2026-09-18T17:25:29.0066821Z ##[endgroup]
verificar · typecheck · unit · build · audit	Set up job	2026-09-18T17:25:29.0069100Z ##[group]GITHUB_TOKEN Permissions
verificar · typecheck · unit · build · audit	Set up job	2026-09-18T17:25:29.0072143Z Contents: read
verificar · typecheck · unit · build · audit	Set up job	2026-09-18T17:25:29.0073113Z Metadata: read
verificar · typecheck · unit · build · audit	Set up job	2026-09-18T17:25:29.0073953Z ##[endgroup]
verificar · typecheck · unit · build · audit	Set up job	2026-09-18T17:25:29.0077388Z Secret source: Actions
verificar · typecheck · unit · build · audit	Set up job	2026-09-18T17:25:29.0078885Z Cache mode: write
verificar · typecheck · unit · build · audit	Set up job	2026-09-18T17:25:29.0080230Z Prepare workflow directory
verificar · typecheck · unit · build · audit	Set up job	2026-09-18T17:25:29.0748435Z Prepare all required actions
verificar · typecheck · unit · build · audit	Set up job	2026-09-18T17:25:29.0820892Z Getting action download info
verificar · typecheck · unit · build · audit	Set up job	2026-09-18T17:25:29.4067982Z Download action repository 'actions/checkout@v7' (SHA:3d3c42e5aac5ba805825da76410c181273ba90b1)
verificar · typecheck · unit · build · audit	Set up job	2026-09-18T17:25:29.5082733Z Download action repository 'actions/setup-node@v7' (SHA:820762786026740c76f36085b0efc47a31fe5020)
verificar · typecheck · unit · build · audit	Set up job	2026-09-18T17:25:29.6707183Z Complete job name: verificar · typecheck · unit · build · audit
verificar · typecheck · unit · build · audit	Run actions/checkout@v7	﻿2026-09-18T17:25:29.7393265Z ##[group]Run actions/checkout@v7
verificar · typecheck · unit · build · audit	Run actions/checkout@v7	2026-09-18T17:25:29.7394414Z with:
verificar · typecheck · unit · build · audit	Run actions/checkout@v7	2026-09-18T17:25:29.7394887Z   repository: Elian-Bufi/be
verificar · typecheck · unit · build · audit	Run actions/checkout@v7	2026-09-18T17:25:29.7398745Z   token: ***
verificar · typecheck · unit · build · audit	Run actions/checkout@v7	2026-09-18T17:25:29.7399232Z   ssh-strict: true
verificar · typecheck · unit · build · audit	Run actions/checkout@v7	2026-09-18T17:25:29.7399715Z   ssh-user: git
verificar · typecheck · unit · build · audit	Run actions/checkout@v7	2026-09-18T17:25:29.7400176Z   persist-credentials: true
verificar · typecheck · unit · build · audit	Run actions/checkout@v7	2026-09-18T17:25:29.7400657Z   clean: true
verificar · typecheck · unit · build · audit	Run actions/checkout@v7	2026-09-18T17:25:29.7401163Z   sparse-checkout-cone-mode: true
verificar · typecheck · unit · build · audit	Run actions/checkout@v7	2026-09-18T17:25:29.7401724Z   fetch-depth: 1
verificar · typecheck · unit · build · audit	Run actions/checkout@v7	2026-09-18T17:25:29.7402226Z   fetch-tags: false
verificar · typecheck · unit · build · audit	Run actions/checkout@v7	2026-09-18T17:25:29.7402691Z   show-progress: true
verificar · typecheck · unit · build · audit	Run actions/checkout@v7	2026-09-18T17:25:29.7403148Z   lfs: false
verificar · typecheck · unit · build · audit	Run actions/checkout@v7	2026-09-18T17:25:29.7403613Z   submodules: false
verificar · typecheck · unit · build · audit	Run actions/checkout@v7	2026-09-18T17:25:29.7404205Z   set-safe-directory: true
verificar · typecheck · unit · build · audit	Run actions/checkout@v7	2026-09-18T17:25:29.7404741Z   allow-unsafe-pr-checkout: false
verificar · typecheck · unit · build · audit	Run actions/checkout@v7	2026-09-18T17:25:29.7405603Z ##[endgroup]
verificar · typecheck · unit · build · audit	Run actions/checkout@v7	2026-09-18T17:25:29.8706207Z Syncing repository: Elian-Bufi/be
verificar · typecheck · unit · build · audit	Run actions/checkout@v7	2026-09-18T17:25:29.8709205Z ##[group]Getting Git version info
verificar · typecheck · unit · build · audit	Run actions/checkout@v7	2026-09-18T17:25:29.8710584Z Working directory is '/home/runner/work/be/be'
verificar · typecheck · unit · build · audit	Run actions/checkout@v7	2026-09-18T17:25:29.8712505Z [command]/usr/bin/git version
verificar · typecheck · unit · build · audit	Run actions/checkout@v7	2026-09-18T17:25:29.8713659Z git version 2.55.0
verificar · typecheck · unit · build · audit	Run actions/checkout@v7	2026-09-18T17:25:29.8766528Z ##[endgroup]
verificar · typecheck · unit · build · audit	Run actions/checkout@v7	2026-09-18T17:25:29.8773421Z Temporarily overriding HOME='/home/runner/work/_temp/9fc41bb6-f886-4740-bf92-be923d6224aa' before making global git config changes
verificar · typecheck · unit · build · audit	Run actions/checkout@v7	2026-09-18T17:25:29.8776203Z Adding repository directory to the temporary git global config as a safe directory
verificar · typecheck · unit · build · audit	Run actions/checkout@v7	2026-09-18T17:25:29.8778213Z [command]/usr/bin/git config --global --add safe.directory /home/runner/work/be/be
verificar · typecheck · unit · build · audit	Run actions/checkout@v7	2026-09-18T17:25:29.8844036Z Deleting the contents of '/home/runner/work/be/be'
verificar · typecheck · unit · build · audit	Run actions/checkout@v7	2026-09-18T17:25:29.8855973Z ##[group]Determining repository object format
verificar · typecheck · unit · build · audit	Run actions/checkout@v7	2026-09-18T17:25:29.8873220Z ##[endgroup]
verificar · typecheck · unit · build · audit	Run actions/checkout@v7	2026-09-18T17:25:29.8874768Z ##[group]Initializing the repository
verificar · typecheck · unit · build · audit	Run actions/checkout@v7	2026-09-18T17:25:29.8875942Z [command]/usr/bin/git init /home/runner/work/be/be
verificar · typecheck · unit · build · audit	Run actions/checkout@v7	2026-09-18T17:25:29.9015993Z hint: Using 'master' as the name for the initial branch. This default branch name
verificar · typecheck · unit · build · audit	Run actions/checkout@v7	2026-09-18T17:25:29.9032633Z hint: will change to "main" in Git 3.0. To configure the initial branch name
verificar · typecheck · unit · build · audit	Run actions/checkout@v7	2026-09-18T17:25:29.9045700Z hint: to use in all of your new repositories, which will suppress this warning,
verificar · typecheck · unit · build · audit	Run actions/checkout@v7	2026-09-18T17:25:29.9047014Z hint: call:
verificar · typecheck · unit · build · audit	Run actions/checkout@v7	2026-09-18T17:25:29.9047680Z hint:
verificar · typecheck · unit · build · audit	Run actions/checkout@v7	2026-09-18T17:25:29.9048580Z hint: 	git config --global init.defaultBranch <name>
verificar · typecheck · unit · build · audit	Run actions/checkout@v7	2026-09-18T17:25:29.9049629Z hint:
verificar · typecheck · unit · build · audit	Run actions/checkout@v7	2026-09-18T17:25:29.9050625Z hint: Names commonly chosen instead of 'master' are 'main', 'trunk' and
verificar · typecheck · unit · build · audit	Run actions/checkout@v7	2026-09-18T17:25:29.9052237Z hint: 'development'. The just-created branch can be renamed via this command:
verificar · typecheck · unit · build · audit	Run actions/checkout@v7	2026-09-18T17:25:29.9053670Z hint:
verificar · typecheck · unit · build · audit	Run actions/checkout@v7	2026-09-18T17:25:29.9054743Z hint: 	git branch -m <name>
verificar · typecheck · unit · build · audit	Run actions/checkout@v7	2026-09-18T17:25:29.9055707Z hint:
verificar · typecheck · unit · build · audit	Run actions/checkout@v7	2026-09-18T17:25:29.9056910Z hint: Disable this message with "git config set advice.defaultBranchName false"
verificar · typecheck · unit · build · audit	Run actions/checkout@v7	2026-09-18T17:25:29.9058832Z Initialized empty Git repository in /home/runner/work/be/be/.git/
verificar · typecheck · unit · build · audit	Run actions/checkout@v7	2026-09-18T17:25:29.9061849Z [command]/usr/bin/git remote add origin https://github.com/Elian-Bufi/be
verificar · typecheck · unit · build · audit	Run actions/checkout@v7	2026-09-18T17:25:29.9105336Z ##[endgroup]
verificar · typecheck · unit · build · audit	Run actions/checkout@v7	2026-09-18T17:25:29.9106845Z ##[group]Disabling automatic garbage collection
verificar · typecheck · unit · build · audit	Run actions/checkout@v7	2026-09-18T17:25:29.9111175Z [command]/usr/bin/git config --local gc.auto 0
verificar · typecheck · unit · build · audit	Run actions/checkout@v7	2026-09-18T17:25:29.9178131Z ##[endgroup]
verificar · typecheck · unit · build · audit	Run actions/checkout@v7	2026-09-18T17:25:29.9179735Z ##[group]Setting up auth
verificar · typecheck · unit · build · audit	Run actions/checkout@v7	2026-09-18T17:25:29.9180647Z Removing SSH command configuration
verificar · typecheck · unit · build · audit	Run actions/checkout@v7	2026-09-18T17:25:29.9181763Z [command]/usr/bin/git config --local --name-only --get-regexp core\.sshCommand
verificar · typecheck · unit · build · audit	Run actions/checkout@v7	2026-09-18T17:25:29.9236310Z [command]/usr/bin/git submodule foreach --recursive sh -c "git config --local --name-only --get-regexp 'core\.sshCommand' && git config --local --unset-all 'core.sshCommand' || :"
verificar · typecheck · unit · build · audit	Run actions/checkout@v7	2026-09-18T17:25:29.9977640Z Removing HTTP extra header
verificar · typecheck · unit · build · audit	Run actions/checkout@v7	2026-09-18T17:25:29.9979321Z [command]/usr/bin/git config --local --name-only --get-regexp http\.https\:\/\/github\.com\/\.extraheader
verificar · typecheck · unit · build · audit	Run actions/checkout@v7	2026-09-18T17:25:29.9983804Z [command]/usr/bin/git submodule foreach --recursive sh -c "git config --local --name-only --get-regexp 'http\.https\:\/\/github\.com\/\.extraheader' && git config --local --unset-all 'http.https://github.com/.extraheader' || :"
verificar · typecheck · unit · build · audit	Run actions/checkout@v7	2026-09-18T17:25:30.0080983Z Removing includeIf entries pointing to credentials config files
verificar · typecheck · unit · build · audit	Run actions/checkout@v7	2026-09-18T17:25:30.0082841Z [command]/usr/bin/git config --local --name-only --get-regexp ^includeIf\.gitdir:
verificar · typecheck · unit · build · audit	Run actions/checkout@v7	2026-09-18T17:25:30.0106497Z [command]/usr/bin/git submodule foreach --recursive git config --local --show-origin --name-only --get-regexp remote.origin.url
verificar · typecheck · unit · build · audit	Run actions/checkout@v7	2026-09-18T17:25:30.0296940Z [command]/usr/bin/git config --file /home/runner/work/_temp/git-credentials-e8094ba3-70fb-4f91-9111-8b717c137e69.config http.https://github.com/.extraheader AUTHORIZATION: basic ***
verificar · typecheck · unit · build · audit	Run actions/checkout@v7	2026-09-18T17:25:30.0332908Z [command]/usr/bin/git config --local includeIf.gitdir:/home/runner/work/be/be/.git.path /home/runner/work/_temp/git-credentials-e8094ba3-70fb-4f91-9111-8b717c137e69.config
verificar · typecheck · unit · build · audit	Run actions/checkout@v7	2026-09-18T17:25:30.0359991Z [command]/usr/bin/git config --local includeIf.gitdir:/home/runner/work/be/be/.git/worktrees/*.path /home/runner/work/_temp/git-credentials-e8094ba3-70fb-4f91-9111-8b717c137e69.config
verificar · typecheck · unit · build · audit	Run actions/checkout@v7	2026-09-18T17:25:30.0393434Z [command]/usr/bin/git config --local includeIf.gitdir:/github/workspace/.git.path /github/runner_temp/git-credentials-e8094ba3-70fb-4f91-9111-8b717c137e69.config
verificar · typecheck · unit · build · audit	Run actions/checkout@v7	2026-09-18T17:25:30.0426018Z [command]/usr/bin/git config --local includeIf.gitdir:/github/workspace/.git/worktrees/*.path /github/runner_temp/git-credentials-e8094ba3-70fb-4f91-9111-8b717c137e69.config
verificar · typecheck · unit · build · audit	Run actions/checkout@v7	2026-09-18T17:25:30.1171508Z ##[endgroup]
verificar · typecheck · unit · build · audit	Run actions/checkout@v7	2026-09-18T17:25:30.1172601Z ##[group]Fetching the repository
verificar · typecheck · unit · build · audit	Run actions/checkout@v7	2026-09-18T17:25:30.1174364Z [command]/usr/bin/git -c protocol.version=2 fetch --no-tags --prune --no-recurse-submodules --depth=1 origin +eaf785c95d67e3208e1d3265d30a158859748e0f:refs/remotes/origin/main
verificar · typecheck · unit · build · audit	Run actions/checkout@v7	2026-09-18T17:25:31.1486076Z From https://github.com/Elian-Bufi/be
verificar · typecheck · unit · build · audit	Run actions/checkout@v7	2026-09-18T17:25:31.1492243Z  * [new ref]         eaf785c95d67e3208e1d3265d30a158859748e0f -> origin/main
verificar · typecheck · unit · build · audit	Run actions/checkout@v7	2026-09-18T17:25:31.1497123Z [command]/usr/bin/git branch --list --remote origin/main
verificar · typecheck · unit · build · audit	Run actions/checkout@v7	2026-09-18T17:25:31.1519482Z   origin/main
verificar · typecheck · unit · build · audit	Run actions/checkout@v7	2026-09-18T17:25:31.1531816Z [command]/usr/bin/git rev-parse refs/remotes/origin/main
verificar · typecheck · unit · build · audit	Run actions/checkout@v7	2026-09-18T17:25:31.1554578Z eaf785c95d67e3208e1d3265d30a158859748e0f
verificar · typecheck · unit · build · audit	Run actions/checkout@v7	2026-09-18T17:25:31.1559059Z ##[endgroup]
verificar · typecheck · unit · build · audit	Run actions/checkout@v7	2026-09-18T17:25:31.1561141Z ##[group]Determining the checkout info
verificar · typecheck · unit · build · audit	Run actions/checkout@v7	2026-09-18T17:25:31.1564047Z ##[endgroup]
verificar · typecheck · unit · build · audit	Run actions/checkout@v7	2026-09-18T17:25:31.1565835Z [command]/usr/bin/git sparse-checkout disable
verificar · typecheck · unit · build · audit	Run actions/checkout@v7	2026-09-18T17:25:31.1611495Z [command]/usr/bin/git config --local --unset-all extensions.worktreeConfig
verificar · typecheck · unit · build · audit	Run actions/checkout@v7	2026-09-18T17:25:31.1638936Z ##[group]Checking out the ref
verificar · typecheck · unit · build · audit	Run actions/checkout@v7	2026-09-18T17:25:31.1643283Z [command]/usr/bin/git checkout --progress --force -B main refs/remotes/origin/main
verificar · typecheck · unit · build · audit	Run actions/checkout@v7	2026-09-18T17:25:31.2291022Z Switched to a new branch 'main'
verificar · typecheck · unit · build · audit	Run actions/checkout@v7	2026-09-18T17:25:31.2296097Z branch 'main' set up to track 'origin/main'.
verificar · typecheck · unit · build · audit	Run actions/checkout@v7	2026-09-18T17:25:31.2305214Z ##[endgroup]
verificar · typecheck · unit · build · audit	Run actions/checkout@v7	2026-09-18T17:25:31.2353316Z [command]/usr/bin/git log -1 --format=%H
verificar · typecheck · unit · build · audit	Run actions/checkout@v7	2026-09-18T17:25:31.2379011Z eaf785c95d67e3208e1d3265d30a158859748e0f
verificar · typecheck · unit · build · audit	Run actions/setup-node@v7	﻿2026-09-18T17:25:31.2652393Z ##[group]Run actions/setup-node@v7
verificar · typecheck · unit · build · audit	Run actions/setup-node@v7	2026-09-18T17:25:31.2653030Z with:
verificar · typecheck · unit · build · audit	Run actions/setup-node@v7	2026-09-18T17:25:31.2653486Z   node-version-file: .nvmrc
verificar · typecheck · unit · build · audit	Run actions/setup-node@v7	2026-09-18T17:25:31.2654009Z   cache: npm
verificar · typecheck · unit · build · audit	Run actions/setup-node@v7	2026-09-18T17:25:31.2654593Z   check-latest: false
verificar · typecheck · unit · build · audit	Run actions/setup-node@v7	2026-09-18T17:25:31.2658568Z   token: ***
verificar · typecheck · unit · build · audit	Run actions/setup-node@v7	2026-09-18T17:25:31.2659040Z   package-manager-cache: true
verificar · typecheck · unit · build · audit	Run actions/setup-node@v7	2026-09-18T17:25:31.2659579Z ##[endgroup]
verificar · typecheck · unit · build · audit	Run actions/setup-node@v7	2026-09-18T17:25:31.3903626Z Node version file is not JSON file
verificar · typecheck · unit · build · audit	Run actions/setup-node@v7	2026-09-18T17:25:31.3906215Z Resolved .nvmrc as 22.23.2
verificar · typecheck · unit · build · audit	Run actions/setup-node@v7	2026-09-18T17:25:31.3934976Z Found in cache @ /opt/hostedtoolcache/node/22.23.2/x64
verificar · typecheck · unit · build · audit	Run actions/setup-node@v7	2026-09-18T17:25:31.3937712Z ##[group]Environment details
verificar · typecheck · unit · build · audit	Run actions/setup-node@v7	2026-09-18T17:25:31.9791007Z node: v22.23.2
verificar · typecheck · unit · build · audit	Run actions/setup-node@v7	2026-09-18T17:25:31.9793386Z npm: 10.9.8
verificar · typecheck · unit · build · audit	Run actions/setup-node@v7	2026-09-18T17:25:31.9795750Z yarn: 1.22.22
verificar · typecheck · unit · build · audit	Run actions/setup-node@v7	2026-09-18T17:25:31.9798638Z ##[endgroup]
verificar · typecheck · unit · build · audit	Run actions/setup-node@v7	2026-09-18T17:25:31.9810870Z [command]/opt/hostedtoolcache/node/22.23.2/x64/bin/npm config get cache
verificar · typecheck · unit · build · audit	Run actions/setup-node@v7	2026-09-18T17:25:32.0895043Z /home/runner/.npm
verificar · typecheck · unit · build · audit	Run actions/setup-node@v7	2026-09-18T17:25:32.2916860Z Cache hit for: node-cache-Linux-x64-npm-7396c85b21c1ff035b68dae6b6e7bee2b1d9ae3763791523047320e5c91bdfb2
verificar · typecheck · unit · build · audit	Run actions/setup-node@v7	2026-09-18T17:25:33.5395533Z Received 16777216 of 333022805 (5.0%), 16.0 MBs/sec
verificar · typecheck · unit · build · audit	Run actions/setup-node@v7	2026-09-18T17:25:34.5385437Z Received 163577856 of 333022805 (49.1%), 77.9 MBs/sec
verificar · typecheck · unit · build · audit	Run actions/setup-node@v7	2026-09-18T17:25:35.5363779Z Received 328828501 of 333022805 (98.7%), 104.4 MBs/sec
verificar · typecheck · unit · build · audit	Run actions/setup-node@v7	2026-09-18T17:25:35.5662776Z Received 333022805 of 333022805 (100.0%), 104.7 MBs/sec
verificar · typecheck · unit · build · audit	Run actions/setup-node@v7	2026-09-18T17:25:35.5668162Z Cache Size: ~318 MB (333022805 B)
verificar · typecheck · unit · build · audit	Run actions/setup-node@v7	2026-09-18T17:25:35.5708831Z [command]/usr/bin/tar -xf /home/runner/work/_temp/c44d4187-eda4-4736-9394-822bb0f7400a/cache.tzst -P -C /home/runner/work/be/be --use-compress-program unzstd
verificar · typecheck · unit · build · audit	Run actions/setup-node@v7	2026-09-18T17:25:36.0310859Z Cache restored successfully
verificar · typecheck · unit · build · audit	Run actions/setup-node@v7	2026-09-18T17:25:36.4796707Z Cache restored from key: node-cache-Linux-x64-npm-7396c85b21c1ff035b68dae6b6e7bee2b1d9ae3763791523047320e5c91bdfb2
verificar · typecheck · unit · build · audit	Run npm ci	﻿2026-09-18T17:25:36.4990064Z ##[group]Run npm ci
verificar · typecheck · unit · build · audit	Run npm ci	2026-09-18T17:25:36.4990402Z ^[[36;1mnpm ci^[[0m
verificar · typecheck · unit · build · audit	Run npm ci	2026-09-18T17:25:36.5265233Z shell: /usr/bin/bash -e {0}
verificar · typecheck · unit · build · audit	Run npm ci	2026-09-18T17:25:36.5265580Z ##[endgroup]
verificar · typecheck · unit · build · audit	Run npm ci	2026-09-18T17:25:45.4894877Z npm warn deprecated uuid@7.0.3: uuid@10 and below is no longer supported.  For ESM codebases, update to uuid@latest.  For CommonJS codebases, use uuid@11 (but be aware this version will likely be deprecated in 2028).
verificar · typecheck · unit · build · audit	Run npm ci	2026-09-18T17:25:46.2497495Z npm warn deprecated glob@10.5.0: Old versions of glob are not supported, and contain widely publicized security vulnerabilities, which have been fixed in the current version. Please update. Support for old versions may be purchased (at exorbitant rates) by contacting i@izs.me
verificar · typecheck · unit · build · audit	Run npm ci	2026-09-18T17:25:46.2516956Z npm warn deprecated glob@10.5.0: Old versions of glob are not supported, and contain widely publicized security vulnerabilities, which have been fixed in the current version. Please update. Support for old versions may be purchased (at exorbitant rates) by contacting i@izs.me
verificar · typecheck · unit · build · audit	Run npm ci	2026-09-18T17:26:06.6175519Z 
verificar · typecheck · unit · build · audit	Run npm ci	2026-09-18T17:26:06.6216410Z added 959 packages, and audited 964 packages in 30s
verificar · typecheck · unit · build · audit	Run npm ci	2026-09-18T17:26:06.6755184Z 
verificar · typecheck · unit · build · audit	Run npm ci	2026-09-18T17:26:06.6756215Z 10 moderate severity vulnerabilities
verificar · typecheck · unit · build · audit	Run npm ci	2026-09-18T17:26:06.6758454Z 
verificar · typecheck · unit · build · audit	Run npm ci	2026-09-18T17:26:06.6759196Z To address issues that do not require attention, run:
verificar · typecheck · unit · build · audit	Run npm ci	2026-09-18T17:26:06.6766315Z   npm audit fix
verificar · typecheck · unit · build · audit	Run npm ci	2026-09-18T17:26:06.6766946Z 
verificar · typecheck · unit · build · audit	Run npm ci	2026-09-18T17:26:06.6767572Z To address all issues (including breaking changes), run:
verificar · typecheck · unit · build · audit	Run npm ci	2026-09-18T17:26:06.6768345Z   npm audit fix --force
verificar · typecheck · unit · build · audit	Run npm ci	2026-09-18T17:26:06.6768770Z 
verificar · typecheck · unit · build · audit	Run npm ci	2026-09-18T17:26:06.6769144Z Run `npm audit` for details.
verificar · typecheck · unit · build · audit	Run npx prisma generate	﻿2026-09-18T17:26:06.7501594Z ##[group]Run npx prisma generate
verificar · typecheck · unit · build · audit	Run npx prisma generate	2026-09-18T17:26:06.7501923Z ^[[36;1mnpx prisma generate^[[0m
verificar · typecheck · unit · build · audit	Run npx prisma generate	2026-09-18T17:26:06.7527654Z shell: /usr/bin/bash -e {0}
verificar · typecheck · unit · build · audit	Run npx prisma generate	2026-09-18T17:26:06.7527943Z ##[endgroup]
verificar · typecheck · unit · build · audit	Run npx prisma generate	2026-09-18T17:26:07.8197967Z warn The configuration property `package.json#prisma` is deprecated and will be removed in Prisma 7. Please migrate to a Prisma config file (e.g., `prisma.config.ts`).
verificar · typecheck · unit · build · audit	Run npx prisma generate	2026-09-18T17:26:07.8200110Z For more information, see: https://pris.ly/prisma-config
verificar · typecheck · unit · build · audit	Run npx prisma generate	2026-09-18T17:26:07.8201510Z 
verificar · typecheck · unit · build · audit	Run npx prisma generate	2026-09-18T17:26:08.0518717Z Prisma schema loaded from prisma/schema.prisma
verificar · typecheck · unit · build · audit	Run npx prisma generate	2026-09-18T17:26:08.1887226Z ┌─────────────────────────────────────────────────────────┐
verificar · typecheck · unit · build · audit	Run npx prisma generate	2026-09-18T17:26:08.1888516Z │  Update available 6.19.3 -> 8.0.0-rc.15                 │
verificar · typecheck · unit · build · audit	Run npx prisma generate	2026-09-18T17:26:08.1888921Z 
verificar · typecheck · unit · build · audit	Run npx prisma generate	2026-09-18T17:26:08.1889731Z │                                                         │
verificar · typecheck · unit · build · audit	Run npx prisma generate	2026-09-18T17:26:08.1890731Z ✔ Generated Prisma Client (v6.19.3) to ./node_modules/@prisma/client in 43ms
verificar · typecheck · unit · build · audit	Run npx prisma generate	2026-09-18T17:26:08.1910012Z │  This is a major update - please follow the guide at    │
verificar · typecheck · unit · build · audit	Run npx prisma generate	2026-09-18T17:26:08.1910649Z 
verificar · typecheck · unit · build · audit	Run npx prisma generate	2026-09-18T17:26:08.1911598Z │  https://pris.ly/d/major-version-upgrade                │
verificar · typecheck · unit · build · audit	Run npx prisma generate	2026-09-18T17:26:08.1912635Z Start by importing your Prisma Client (See: https://pris.ly/d/importing-client)
verificar · typecheck · unit · build · audit	Run npx prisma generate	2026-09-18T17:26:08.1935247Z │                                                         │
verificar · typecheck · unit · build · audit	Run npx prisma generate	2026-09-18T17:26:08.1935677Z 
verificar · typecheck · unit · build · audit	Run npx prisma generate	2026-09-18T17:26:08.1936428Z │  Run the following to update                            │
verificar · typecheck · unit · build · audit	Run npx prisma generate	2026-09-18T17:26:08.1937678Z Tip: Interested in query caching in just a few lines of code? Try Accelerate today! https://pris.ly/tip-3-accelerate
verificar · typecheck · unit · build · audit	Run npx prisma generate	2026-09-18T17:26:08.1951040Z │    npm i --save-dev prisma@latest                       │
verificar · typecheck · unit · build · audit	Run npx prisma generate	2026-09-18T17:26:08.1951513Z 
verificar · typecheck · unit · build · audit	Run npx prisma generate	2026-09-18T17:26:08.1952387Z │    npm i @prisma/client@latest                          │
verificar · typecheck · unit · build · audit	Run npx prisma generate	2026-09-18T17:26:08.1953480Z └─────────────────────────────────────────────────────────┘
verificar · typecheck · unit · build · audit	Typecheck (domain, api, web, mobile)	﻿2026-09-18T17:26:08.2133065Z ##[group]Run npm run typecheck
verificar · typecheck · unit · build · audit	Typecheck (domain, api, web, mobile)	2026-09-18T17:26:08.2133378Z ^[[36;1mnpm run typecheck^[[0m
verificar · typecheck · unit · build · audit	Typecheck (domain, api, web, mobile)	2026-09-18T17:26:08.2156753Z shell: /usr/bin/bash -e {0}
verificar · typecheck · unit · build · audit	Typecheck (domain, api, web, mobile)	2026-09-18T17:26:08.2157034Z ##[endgroup]
verificar · typecheck · unit · build · audit	Typecheck (domain, api, web, mobile)	2026-09-18T17:26:08.3098256Z 
verificar · typecheck · unit · build · audit	Typecheck (domain, api, web, mobile)	2026-09-18T17:26:08.3099231Z > be@0.1.0 typecheck
verificar · typecheck · unit · build · audit	Typecheck (domain, api, web, mobile)	2026-09-18T17:26:08.3100456Z > npm run build:domain && npm run typecheck --workspaces --if-present
verificar · typecheck · unit · build · audit	Typecheck (domain, api, web, mobile)	2026-09-18T17:26:08.3101175Z 
verificar · typecheck · unit · build · audit	Typecheck (domain, api, web, mobile)	2026-09-18T17:26:08.4020778Z 
verificar · typecheck · unit · build · audit	Typecheck (domain, api, web, mobile)	2026-09-18T17:26:08.4021709Z > be@0.1.0 build:domain
verificar · typecheck · unit · build · audit	Typecheck (domain, api, web, mobile)	2026-09-18T17:26:08.4022465Z > npm run build -w @be/domain
verificar · typecheck · unit · build · audit	Typecheck (domain, api, web, mobile)	2026-09-18T17:26:08.4022961Z 
verificar · typecheck · unit · build · audit	Typecheck (domain, api, web, mobile)	2026-09-18T17:26:08.5119458Z 
verificar · typecheck · unit · build · audit	Typecheck (domain, api, web, mobile)	2026-09-18T17:26:08.5120582Z > @be/domain@0.1.0 build
verificar · typecheck · unit · build · audit	Typecheck (domain, api, web, mobile)	2026-09-18T17:26:08.5121575Z > tsc -p tsconfig.json
verificar · typecheck · unit · build · audit	Typecheck (domain, api, web, mobile)	2026-09-18T17:26:08.5122049Z 
verificar · typecheck · unit · build · audit	Typecheck (domain, api, web, mobile)	2026-09-18T17:26:09.9895643Z 
verificar · typecheck · unit · build · audit	Typecheck (domain, api, web, mobile)	2026-09-18T17:26:09.9896582Z > @be/domain@0.1.0 typecheck
verificar · typecheck · unit · build · audit	Typecheck (domain, api, web, mobile)	2026-09-18T17:26:09.9897500Z > tsc -p tsconfig.json --noEmit
verificar · typecheck · unit · build · audit	Typecheck (domain, api, web, mobile)	2026-09-18T17:26:09.9898031Z 
verificar · typecheck · unit · build · audit	Typecheck (domain, api, web, mobile)	2026-09-18T17:26:11.1670494Z 
verificar · typecheck · unit · build · audit	Typecheck (domain, api, web, mobile)	2026-09-18T17:26:11.1671352Z > @be/api@0.1.0 typecheck
verificar · typecheck · unit · build · audit	Typecheck (domain, api, web, mobile)	2026-09-18T17:26:11.1672355Z > tsc -p tsconfig.json --noEmit
verificar · typecheck · unit · build · audit	Typecheck (domain, api, web, mobile)	2026-09-18T17:26:11.1672789Z 
verificar · typecheck · unit · build · audit	Typecheck (domain, api, web, mobile)	2026-09-18T17:26:13.1045842Z 
verificar · typecheck · unit · build · audit	Typecheck (domain, api, web, mobile)	2026-09-18T17:26:13.1046757Z > @be/web@0.1.0 typecheck
verificar · typecheck · unit · build · audit	Typecheck (domain, api, web, mobile)	2026-09-18T17:26:13.1047387Z > tsc --noEmit
verificar · typecheck · unit · build · audit	Typecheck (domain, api, web, mobile)	2026-09-18T17:26:13.1047743Z 
verificar · typecheck · unit · build · audit	Typecheck (domain, api, web, mobile)	2026-09-18T17:26:15.5329949Z 
verificar · typecheck · unit · build · audit	Typecheck (domain, api, web, mobile)	2026-09-18T17:26:15.5330876Z > @be/mobile@0.1.0 typecheck
verificar · typecheck · unit · build · audit	Typecheck (domain, api, web, mobile)	2026-09-18T17:26:15.5331598Z > tsc --noEmit
verificar · typecheck · unit · build · audit	Typecheck (domain, api, web, mobile)	2026-09-18T17:26:15.5332017Z 
verificar · typecheck · unit · build · audit	Pruebas unitarias (domain, api)	﻿2026-09-18T17:26:16.8771104Z ##[group]Run npm test
verificar · typecheck · unit · build · audit	Pruebas unitarias (domain, api)	2026-09-18T17:26:16.8771366Z ^[[36;1mnpm test^[[0m
verificar · typecheck · unit · build · audit	Pruebas unitarias (domain, api)	2026-09-18T17:26:16.8794234Z shell: /usr/bin/bash -e {0}
verificar · typecheck · unit · build · audit	Pruebas unitarias (domain, api)	2026-09-18T17:26:16.8794539Z ##[endgroup]
verificar · typecheck · unit · build · audit	Pruebas unitarias (domain, api)	2026-09-18T17:26:16.9858647Z 
verificar · typecheck · unit · build · audit	Pruebas unitarias (domain, api)	2026-09-18T17:26:16.9859936Z > be@0.1.0 test
verificar · typecheck · unit · build · audit	Pruebas unitarias (domain, api)	2026-09-18T17:26:16.9861048Z > npm run build:domain && npm run test -w @be/domain && npm run test -w @be/api
verificar · typecheck · unit · build · audit	Pruebas unitarias (domain, api)	2026-09-18T17:26:16.9861760Z 
verificar · typecheck · unit · build · audit	Pruebas unitarias (domain, api)	2026-09-18T17:26:17.0831567Z 
verificar · typecheck · unit · build · audit	Pruebas unitarias (domain, api)	2026-09-18T17:26:17.0855185Z > be@0.1.0 build:domain
verificar · typecheck · unit · build · audit	Pruebas unitarias (domain, api)	2026-09-18T17:26:17.0872293Z > npm run build -w @be/domain
verificar · typecheck · unit · build · audit	Pruebas unitarias (domain, api)	2026-09-18T17:26:17.0876005Z 
verificar · typecheck · unit · build · audit	Pruebas unitarias (domain, api)	2026-09-18T17:26:17.2123013Z 
verificar · typecheck · unit · build · audit	Pruebas unitarias (domain, api)	2026-09-18T17:26:17.2123914Z > @be/domain@0.1.0 build
verificar · typecheck · unit · build · audit	Pruebas unitarias (domain, api)	2026-09-18T17:26:17.2125007Z > tsc -p tsconfig.json
verificar · typecheck · unit · build · audit	Pruebas unitarias (domain, api)	2026-09-18T17:26:17.2125467Z 
verificar · typecheck · unit · build · audit	Pruebas unitarias (domain, api)	2026-09-18T17:26:18.6089823Z 
verificar · typecheck · unit · build · audit	Pruebas unitarias (domain, api)	2026-09-18T17:26:18.6090775Z > @be/domain@0.1.0 test
verificar · typecheck · unit · build · audit	Pruebas unitarias (domain, api)	2026-09-18T17:26:18.6091755Z > node --test dist/**/*.test.js
verificar · typecheck · unit · build · audit	Pruebas unitarias (domain, api)	2026-09-18T17:26:18.6092245Z 
verificar · typecheck · unit · build · audit	Pruebas unitarias (domain, api)	2026-09-18T17:26:18.6533155Z TAP version 13
verificar · typecheck · unit · build · audit	Pruebas unitarias (domain, api)	2026-09-18T17:26:18.6903199Z # Subtest: 06 §5.7.2 — conjunto cerrado de tres estados, tokens CONV-06-02
verificar · typecheck · unit · build · audit	Pruebas unitarias (domain, api)	2026-09-18T17:26:18.6925828Z ok 1 - 06 §5.7.2 — conjunto cerrado de tres estados, tokens CONV-06-02
verificar · typecheck · unit · build · audit	Pruebas unitarias (domain, api)	2026-09-18T17:26:18.6944258Z   ---
verificar · typecheck · unit · build · audit	Pruebas unitarias (domain, api)	2026-09-18T17:26:18.6944903Z   duration_ms: 1.543683
verificar · typecheck · unit · build · audit	Pruebas unitarias (domain, api)	2026-09-18T17:26:18.6945376Z   type: 'test'
verificar · typecheck · unit · build · audit	Pruebas unitarias (domain, api)	2026-09-18T17:26:18.6945706Z   ...
verificar · typecheck · unit · build · audit	Pruebas unitarias (domain, api)	2026-09-18T17:26:18.6946493Z # Subtest: 06 §5.7.2 — inicial OPERATIVA, terminal CERRADA
verificar · typecheck · unit · build · audit	Pruebas unitarias (domain, api)	2026-09-18T17:26:18.6947311Z ok 2 - 06 §5.7.2 — inicial OPERATIVA, terminal CERRADA
verificar · typecheck · unit · build · audit	Pruebas unitarias (domain, api)	2026-09-18T17:26:18.6947826Z   ---
verificar · typecheck · unit · build · audit	Pruebas unitarias (domain, api)	2026-09-18T17:26:18.6948157Z   duration_ms: 0.16303
verificar · typecheck · unit · build · audit	Pruebas unitarias (domain, api)	2026-09-18T17:26:18.6948520Z   type: 'test'
verificar · typecheck · unit · build · audit	Pruebas unitarias (domain, api)	2026-09-18T17:26:18.6948862Z   ...
verificar · typecheck · unit · build · audit	Pruebas unitarias (domain, api)	2026-09-18T17:26:18.6949764Z # Subtest: 06 §5.7.4 — lista blanca exacta
verificar · typecheck · unit · build · audit	Pruebas unitarias (domain, api)	2026-09-18T17:26:18.6955304Z ok 3 - 06 §5.7.4 — lista blanca exacta
verificar · typecheck · unit · build · audit	Pruebas unitarias (domain, api)	2026-09-18T17:26:18.6956065Z   ---
verificar · typecheck · unit · build · audit	Pruebas unitarias (domain, api)	2026-09-18T17:26:18.6956580Z   duration_ms: 0.126525
verificar · typecheck · unit · build · audit	Pruebas unitarias (domain, api)	2026-09-18T17:26:18.6957134Z   type: 'test'
verificar · typecheck · unit · build · audit	Pruebas unitarias (domain, api)	2026-09-18T17:26:18.6957634Z   ...
verificar · typecheck · unit · build · audit	Pruebas unitarias (domain, api)	2026-09-18T17:26:18.6958547Z # Subtest: 06 §5.7.4 — toda transición no declarada está prohibida
verificar · typecheck · unit · build · audit	Pruebas unitarias (domain, api)	2026-09-18T17:26:18.6959699Z ok 4 - 06 §5.7.4 — toda transición no declarada está prohibida
verificar · typecheck · unit · build · audit	Pruebas unitarias (domain, api)	2026-09-18T17:26:18.6960757Z   ---
verificar · typecheck · unit · build · audit	Pruebas unitarias (domain, api)	2026-09-18T17:26:18.6968687Z   duration_ms: 0.180385
verificar · typecheck · unit · build · audit	Pruebas unitarias (domain, api)	2026-09-18T17:26:18.6974802Z   type: 'test'
verificar · typecheck · unit · build · audit	Pruebas unitarias (domain, api)	2026-09-18T17:26:18.6975648Z   ...
verificar · typecheck · unit · build · audit	Pruebas unitarias (domain, api)	2026-09-18T17:26:18.6977061Z # Subtest: 06 §5.7.2/§5.7.4 — CERRADA no tiene salida y SUSPENDIDA→CERRADA no existe
verificar · typecheck · unit · build · audit	Pruebas unitarias (domain, api)	2026-09-18T17:26:18.6978272Z ok 5 - 06 §5.7.2/§5.7.4 — CERRADA no tiene salida y SUSPENDIDA→CERRADA no existe
verificar · typecheck · unit · build · audit	Pruebas unitarias (domain, api)	2026-09-18T17:26:18.6979419Z   ---
verificar · typecheck · unit · build · audit	Pruebas unitarias (domain, api)	2026-09-18T17:26:18.6979863Z   duration_ms: 0.131771
verificar · typecheck · unit · build · audit	Pruebas unitarias (domain, api)	2026-09-18T17:26:18.6980335Z   type: 'test'
verificar · typecheck · unit · build · audit	Pruebas unitarias (domain, api)	2026-09-18T17:26:18.6980746Z   ...
verificar · typecheck · unit · build · audit	Pruebas unitarias (domain, api)	2026-09-18T17:26:18.7033416Z 1..5
verificar · typecheck · unit · build · audit	Pruebas unitarias (domain, api)	2026-09-18T17:26:18.7034056Z # tests 5
verificar · typecheck · unit · build · audit	Pruebas unitarias (domain, api)	2026-09-18T17:26:18.7035271Z # suites 0
verificar · typecheck · unit · build · audit	Pruebas unitarias (domain, api)	2026-09-18T17:26:18.7035812Z # pass 5
verificar · typecheck · unit · build · audit	Pruebas unitarias (domain, api)	2026-09-18T17:26:18.7036243Z # fail 0
verificar · typecheck · unit · build · audit	Pruebas unitarias (domain, api)	2026-09-18T17:26:18.7036684Z # cancelled 0
verificar · typecheck · unit · build · audit	Pruebas unitarias (domain, api)	2026-09-18T17:26:18.7037182Z # skipped 0
verificar · typecheck · unit · build · audit	Pruebas unitarias (domain, api)	2026-09-18T17:26:18.7037608Z # todo 0
verificar · typecheck · unit · build · audit	Pruebas unitarias (domain, api)	2026-09-18T17:26:18.7038099Z # duration_ms 63.529382
verificar · typecheck · unit · build · audit	Pruebas unitarias (domain, api)	2026-09-18T17:26:18.8254571Z 
verificar · typecheck · unit · build · audit	Pruebas unitarias (domain, api)	2026-09-18T17:26:18.8275036Z > @be/api@0.1.0 test
verificar · typecheck · unit · build · audit	Pruebas unitarias (domain, api)	2026-09-18T17:26:18.8294931Z > jest --config jest.config.js
verificar · typecheck · unit · build · audit	Pruebas unitarias (domain, api)	2026-09-18T17:26:18.8295556Z 
verificar · typecheck · unit · build · audit	Pruebas unitarias (domain, api)	2026-09-18T17:26:22.3453936Z {"nivel":"info","requestId":"311e61a2-dbb9-4b65-8514-4e6bada9b663","metodo":"GET","ruta":"/health/live","status":200,"duracionMs":5}
verificar · typecheck · unit · build · audit	Pruebas unitarias (domain, api)	2026-09-18T17:26:22.3475928Z {"nivel":"info","requestId":"48b82c6d-c3e4-4fd7-88b4-2d01a2a0d67d","metodo":"GET","ruta":"/health","status":200,"duracionMs":5}
verificar · typecheck · unit · build · audit	Pruebas unitarias (domain, api)	2026-09-18T17:26:22.3478055Z {"nivel":"info","requestId":"9168aa3b-d74b-43f8-b801-9ff686e26b10","metodo":"GET","ruta":"/health/ready","status":200,"duracionMs":1}
verificar · typecheck · unit · build · audit	Pruebas unitarias (domain, api)	2026-09-18T17:26:22.3495747Z {"nivel":"info","requestId":"c6adeb15-7f24-4028-a393-39530da70159","metodo":"GET","ruta":"/health/ready","status":503,"duracionMs":0}
verificar · typecheck · unit · build · audit	Pruebas unitarias (domain, api)	2026-09-18T17:26:22.4225446Z PASS src/health/health.spec.ts
verificar · typecheck · unit · build · audit	Pruebas unitarias (domain, api)	2026-09-18T17:26:22.6548877Z {"nivel":"info","requestId":"079af217-4a2b-441a-a306-54f402b5fef2","metodo":"GET","ruta":"/health","status":503,"duracionMs":1}
verificar · typecheck · unit · build · audit	Pruebas unitarias (domain, api)	2026-09-18T17:26:22.6551476Z {"nivel":"info","requestId":"dd591a89-9b34-4d93-bfc7-ba2eba514a3b","metodo":"GET","ruta":"/health/ready","status":503,"duracionMs":1}
verificar · typecheck · unit · build · audit	Pruebas unitarias (domain, api)	2026-09-18T17:26:22.6552902Z PASS src/config/entorno.spec.ts
verificar · typecheck · unit · build · audit	Pruebas unitarias (domain, api)	2026-09-18T17:26:22.6554653Z {"nivel":"info","requestId":"8c068608-6e1e-436a-a70b-b37adf9999c5","metodo":"GET","ruta":"/health/ready","status":200,"duracionMs":1}
verificar · typecheck · unit · build · audit	Pruebas unitarias (domain, api)	2026-09-18T17:26:22.6556722Z {"nivel":"info","requestId":"0884a33f-e0a7-49a9-b93a-d2e3d42f503e","metodo":"GET","ruta":"SIN_RUTA","status":404,"duracionMs":1}
verificar · typecheck · unit · build · audit	Pruebas unitarias (domain, api)	2026-09-18T17:26:22.6558501Z {"nivel":"info","requestId":"bbb4b6a5-9bf2-416c-8b73-59bd3e9fd8f4","metodo":"GET","ruta":"SIN_RUTA","status":404,"duracionMs":1}
verificar · typecheck · unit · build · audit	Pruebas unitarias (domain, api)	2026-09-18T17:26:22.6565923Z 
verificar · typecheck · unit · build · audit	Pruebas unitarias (domain, api)	2026-09-18T17:26:22.6575575Z Test Suites: 2 passed, 2 total
verificar · typecheck · unit · build · audit	Pruebas unitarias (domain, api)	2026-09-18T17:26:22.6576394Z Tests:       17 passed, 17 total
verificar · typecheck · unit · build · audit	Pruebas unitarias (domain, api)	2026-09-18T17:26:22.6577071Z Snapshots:   0 total
verificar · typecheck · unit · build · audit	Pruebas unitarias (domain, api)	2026-09-18T17:26:22.6577717Z Time:        3.658 s
verificar · typecheck · unit · build · audit	Pruebas unitarias (domain, api)	2026-09-18T17:26:22.6578226Z Ran all test suites.
verificar · typecheck · unit · build · audit	Build API	﻿2026-09-18T17:26:22.7969976Z ##[group]Run npm run build:api
verificar · typecheck · unit · build · audit	Build API	2026-09-18T17:26:22.7970510Z ^[[36;1mnpm run build:api^[[0m
verificar · typecheck · unit · build · audit	Build API	2026-09-18T17:26:22.8003866Z shell: /usr/bin/bash -e {0}
verificar · typecheck · unit · build · audit	Build API	2026-09-18T17:26:22.8004624Z ##[endgroup]
verificar · typecheck · unit · build · audit	Build API	2026-09-18T17:26:22.9092429Z 
verificar · typecheck · unit · build · audit	Build API	2026-09-18T17:26:22.9093296Z > be@0.1.0 build:api
verificar · typecheck · unit · build · audit	Build API	2026-09-18T17:26:22.9094385Z > npm run build:domain && npm run build -w @be/api
verificar · typecheck · unit · build · audit	Build API	2026-09-18T17:26:22.9094965Z 
verificar · typecheck · unit · build · audit	Build API	2026-09-18T17:26:23.0036924Z 
verificar · typecheck · unit · build · audit	Build API	2026-09-18T17:26:23.0037657Z > be@0.1.0 build:domain
verificar · typecheck · unit · build · audit	Build API	2026-09-18T17:26:23.0038478Z > npm run build -w @be/domain
verificar · typecheck · unit · build · audit	Build API	2026-09-18T17:26:23.0038977Z 
verificar · typecheck · unit · build · audit	Build API	2026-09-18T17:26:23.1186903Z 
verificar · typecheck · unit · build · audit	Build API	2026-09-18T17:26:23.1187874Z > @be/domain@0.1.0 build
verificar · typecheck · unit · build · audit	Build API	2026-09-18T17:26:23.1188612Z > tsc -p tsconfig.json
verificar · typecheck · unit · build · audit	Build API	2026-09-18T17:26:23.1189043Z 
verificar · typecheck · unit · build · audit	Build API	2026-09-18T17:26:24.6586710Z 
verificar · typecheck · unit · build · audit	Build API	2026-09-18T17:26:24.6587600Z > @be/api@0.1.0 build
verificar · typecheck · unit · build · audit	Build API	2026-09-18T17:26:24.6588525Z > tsc -p tsconfig.build.json
verificar · typecheck · unit · build · audit	Build API	2026-09-18T17:26:24.6589021Z 
verificar · typecheck · unit · build · audit	Build web (export estático)	﻿2026-09-18T17:26:26.5022923Z ##[group]Run npm run build:web
verificar · typecheck · unit · build · audit	Build web (export estático)	2026-09-18T17:26:26.5023447Z ^[[36;1mnpm run build:web^[[0m
verificar · typecheck · unit · build · audit	Build web (export estático)	2026-09-18T17:26:26.5051785Z shell: /usr/bin/bash -e {0}
verificar · typecheck · unit · build · audit	Build web (export estático)	2026-09-18T17:26:26.5052076Z ##[endgroup]
verificar · typecheck · unit · build · audit	Build web (export estático)	2026-09-18T17:26:26.6004991Z 
verificar · typecheck · unit · build · audit	Build web (export estático)	2026-09-18T17:26:26.6005914Z > be@0.1.0 build:web
verificar · typecheck · unit · build · audit	Build web (export estático)	2026-09-18T17:26:26.6006623Z > npm run build -w @be/web
verificar · typecheck · unit · build · audit	Build web (export estático)	2026-09-18T17:26:26.6007083Z 
verificar · typecheck · unit · build · audit	Build web (export estático)	2026-09-18T17:26:26.7201996Z 
verificar · typecheck · unit · build · audit	Build web (export estático)	2026-09-18T17:26:26.7202938Z > @be/web@0.1.0 build
verificar · typecheck · unit · build · audit	Build web (export estático)	2026-09-18T17:26:26.7203569Z > next build
verificar · typecheck · unit · build · audit	Build web (export estático)	2026-09-18T17:26:26.7203913Z 
verificar · typecheck · unit · build · audit	Build web (export estático)	2026-09-18T17:26:27.2167319Z ⚠ No build cache found. Please configure build caching for faster rebuilds. Read more: https://nextjs.org/docs/messages/no-cache
verificar · typecheck · unit · build · audit	Build web (export estático)	2026-09-18T17:26:27.2232466Z Attention: Next.js now collects completely anonymous telemetry regarding usage.
verificar · typecheck · unit · build · audit	Build web (export estático)	2026-09-18T17:26:27.2233831Z This information is used to shape Next.js' roadmap and prioritize features.
verificar · typecheck · unit · build · audit	Build web (export estático)	2026-09-18T17:26:27.2235783Z You can learn more, including how to opt-out if you'd not like to participate in this anonymous program, by visiting the following URL:
verificar · typecheck · unit · build · audit	Build web (export estático)	2026-09-18T17:26:27.2237132Z https://nextjs.org/telemetry
verificar · typecheck · unit · build · audit	Build web (export estático)	2026-09-18T17:26:27.2237603Z 
verificar · typecheck · unit · build · audit	Build web (export estático)	2026-09-18T17:26:27.3485989Z    ▲ Next.js 15.5.25
verificar · typecheck · unit · build · audit	Build web (export estático)	2026-09-18T17:26:27.3486864Z 
verificar · typecheck · unit · build · audit	Build web (export estático)	2026-09-18T17:26:27.4166054Z    Creating an optimized production build ...
verificar · typecheck · unit · build · audit	Build web (export estático)	2026-09-18T17:26:35.5250171Z  ✓ Compiled successfully in 5.7s
verificar · typecheck · unit · build · audit	Build web (export estático)	2026-09-18T17:26:35.5287877Z    Linting and checking validity of types ...
verificar · typecheck · unit · build · audit	Build web (export estático)	2026-09-18T17:26:38.3906333Z    Collecting page data ...
verificar · typecheck · unit · build · audit	Build web (export estático)	2026-09-18T17:26:39.7865369Z    Generating static pages (0/4) ...
verificar · typecheck · unit · build · audit	Build web (export estático)	2026-09-18T17:26:40.5513134Z    Generating static pages (1/4) 
verificar · typecheck · unit · build · audit	Build web (export estático)	2026-09-18T17:26:40.5514284Z    Generating static pages (2/4) 
verificar · typecheck · unit · build · audit	Build web (export estático)	2026-09-18T17:26:40.5514976Z    Generating static pages (3/4) 
verificar · typecheck · unit · build · audit	Build web (export estático)	2026-09-18T17:26:40.5515917Z  ✓ Generating static pages (4/4)
verificar · typecheck · unit · build · audit	Build web (export estático)	2026-09-18T17:26:41.2265437Z    Finalizing page optimization ...
verificar · typecheck · unit · build · audit	Build web (export estático)	2026-09-18T17:26:41.2266164Z    Collecting build traces ...
verificar · typecheck · unit · build · audit	Build web (export estático)	2026-09-18T17:26:47.1572223Z    Exporting (0/2) ...
verificar · typecheck · unit · build · audit	Build web (export estático)	2026-09-18T17:26:47.3774297Z  ✓ Exporting (2/2)
verificar · typecheck · unit · build · audit	Build web (export estático)	2026-09-18T17:26:47.3915045Z 
verificar · typecheck · unit · build · audit	Build web (export estático)	2026-09-18T17:26:47.3955281Z Route (app)                                 Size  First Load JS
verificar · typecheck · unit · build · audit	Build web (export estático)	2026-09-18T17:26:47.3965095Z ┌ ○ /                                      122 B         103 kB
verificar · typecheck · unit · build · audit	Build web (export estático)	2026-09-18T17:26:47.3966793Z └ ○ /_not-found                            989 B         103 kB
verificar · typecheck · unit · build · audit	Build web (export estático)	2026-09-18T17:26:47.3968316Z + First Load JS shared by all             102 kB
verificar · typecheck · unit · build · audit	Build web (export estático)	2026-09-18T17:26:47.3969297Z   ├ chunks/18-322c3a0465595f76.js        46.4 kB
verificar · typecheck · unit · build · audit	Build web (export estático)	2026-09-18T17:26:47.3970054Z   ├ chunks/87c73c54-0375ba195de27293.js  54.2 kB
verificar · typecheck · unit · build · audit	Build web (export estático)	2026-09-18T17:26:47.3974802Z   └ other shared chunks (total)          1.84 kB
verificar · typecheck · unit · build · audit	Build web (export estático)	2026-09-18T17:26:47.3975306Z 
verificar · typecheck · unit · build · audit	Build web (export estático)	2026-09-18T17:26:47.3975434Z 
verificar · typecheck · unit · build · audit	Build web (export estático)	2026-09-18T17:26:47.3975897Z ○  (Static)  prerendered as static content
verificar · typecheck · unit · build · audit	Build web (export estático)	2026-09-18T17:26:47.3976348Z 
verificar · typecheck · unit · build · audit	npm audit --omit=dev — falla con altos o críticos (WP-01 §2)	﻿2026-09-18T17:26:47.4469329Z ##[group]Run npm run audit:prod
verificar · typecheck · unit · build · audit	npm audit --omit=dev — falla con altos o críticos (WP-01 §2)	2026-09-18T17:26:47.4469812Z ^[[36;1mnpm run audit:prod^[[0m
verificar · typecheck · unit · build · audit	npm audit --omit=dev — falla con altos o críticos (WP-01 §2)	2026-09-18T17:26:47.4502576Z shell: /usr/bin/bash -e {0}
verificar · typecheck · unit · build · audit	npm audit --omit=dev — falla con altos o críticos (WP-01 §2)	2026-09-18T17:26:47.4503041Z ##[endgroup]
verificar · typecheck · unit · build · audit	npm audit --omit=dev — falla con altos o críticos (WP-01 §2)	2026-09-18T17:26:47.5555109Z 
verificar · typecheck · unit · build · audit	npm audit --omit=dev — falla con altos o críticos (WP-01 §2)	2026-09-18T17:26:47.5558270Z > be@0.1.0 audit:prod
verificar · typecheck · unit · build · audit	npm audit --omit=dev — falla con altos o críticos (WP-01 §2)	2026-09-18T17:26:47.5559760Z > npm audit --omit=dev --audit-level=high -w @be/api && npm audit --omit=dev --audit-level=high -w @be/web && npm audit --omit=dev --audit-level=high -w @be/mobile
verificar · typecheck · unit · build · audit	npm audit --omit=dev — falla con altos o críticos (WP-01 §2)	2026-09-18T17:26:47.5560968Z 
verificar · typecheck · unit · build · audit	npm audit --omit=dev — falla con altos o críticos (WP-01 §2)	2026-09-18T17:26:48.2388235Z found 0 vulnerabilities
verificar · typecheck · unit · build · audit	npm audit --omit=dev — falla con altos o críticos (WP-01 §2)	2026-09-18T17:26:48.9681456Z found 0 vulnerabilities
verificar · typecheck · unit · build · audit	npm audit --omit=dev — falla con altos o críticos (WP-01 §2)	2026-09-18T17:26:50.0435280Z # npm audit report
verificar · typecheck · unit · build · audit	npm audit --omit=dev — falla con altos o críticos (WP-01 §2)	2026-09-18T17:26:50.0436000Z 
verificar · typecheck · unit · build · audit	npm audit --omit=dev — falla con altos o críticos (WP-01 §2)	2026-09-18T17:26:50.0436484Z uuid  <11.1.1
verificar · typecheck · unit · build · audit	npm audit --omit=dev — falla con altos o críticos (WP-01 §2)	2026-09-18T17:26:50.0437033Z Severity: moderate
verificar · typecheck · unit · build · audit	npm audit --omit=dev — falla con altos o críticos (WP-01 §2)	2026-09-18T17:26:50.0438309Z uuid: Missing buffer bounds check in v3/v5/v6 when buf is provided - https://github.com/advisories/GHSA-w5hq-g745-h8pq
verificar · typecheck · unit · build · audit	npm audit --omit=dev — falla con altos o críticos (WP-01 §2)	2026-09-18T17:26:50.0439524Z fix available via `npm audit fix --force`
verificar · typecheck · unit · build · audit	npm audit --omit=dev — falla con altos o críticos (WP-01 §2)	2026-09-18T17:26:50.0440345Z Will install expo@46.0.21, which is a breaking change
verificar · typecheck · unit · build · audit	npm audit --omit=dev — falla con altos o críticos (WP-01 §2)	2026-09-18T17:26:50.0441100Z node_modules/uuid
verificar · typecheck · unit · build · audit	npm audit --omit=dev — falla con altos o críticos (WP-01 §2)	2026-09-18T17:26:50.0441607Z   xcode  >=0.9.2
verificar · typecheck · unit · build · audit	npm audit --omit=dev — falla con altos o críticos (WP-01 §2)	2026-09-18T17:26:50.0442187Z   Depends on vulnerable versions of uuid
verificar · typecheck · unit · build · audit	npm audit --omit=dev — falla con altos o críticos (WP-01 §2)	2026-09-18T17:26:50.0442817Z   node_modules/xcode
verificar · typecheck · unit · build · audit	npm audit --omit=dev — falla con altos o críticos (WP-01 §2)	2026-09-18T17:26:50.0443361Z     @expo/config-plugins  *
verificar · typecheck · unit · build · audit	npm audit --omit=dev — falla con altos o críticos (WP-01 §2)	2026-09-18T17:26:50.0444021Z     Depends on vulnerable versions of xcode
verificar · typecheck · unit · build · audit	npm audit --omit=dev — falla con altos o críticos (WP-01 §2)	2026-09-18T17:26:50.0445909Z     node_modules/@expo/config-plugins
verificar · typecheck · unit · build · audit	npm audit --omit=dev — falla con altos o críticos (WP-01 §2)	2026-09-18T17:26:50.0446898Z       @expo/cli  <=0.0.0-canary-20231123-1b19f96-4 || >=0.0.1-canary-20231125-d600e44
verificar · typecheck · unit · build · audit	npm audit --omit=dev — falla con altos o críticos (WP-01 §2)	2026-09-18T17:26:50.0447971Z       Depends on vulnerable versions of @expo/config
verificar · typecheck · unit · build · audit	npm audit --omit=dev — falla con altos o críticos (WP-01 §2)	2026-09-18T17:26:50.0448739Z       Depends on vulnerable versions of @expo/config-plugins
verificar · typecheck · unit · build · audit	npm audit --omit=dev — falla con altos o críticos (WP-01 §2)	2026-09-18T17:26:50.0449489Z       Depends on vulnerable versions of @expo/inline-modules
verificar · typecheck · unit · build · audit	npm audit --omit=dev — falla con altos o críticos (WP-01 §2)	2026-09-18T17:26:50.0450219Z       Depends on vulnerable versions of @expo/metro-config
verificar · typecheck · unit · build · audit	npm audit --omit=dev — falla con altos o críticos (WP-01 §2)	2026-09-18T17:26:50.0451041Z       Depends on vulnerable versions of @expo/prebuild-config
verificar · typecheck · unit · build · audit	npm audit --omit=dev — falla con altos o críticos (WP-01 §2)	2026-09-18T17:26:50.0451693Z       node_modules/@expo/cli
verificar · typecheck · unit · build · audit	npm audit --omit=dev — falla con altos o críticos (WP-01 §2)	2026-09-18T17:26:50.0452366Z         expo  40.0.0-alpha.0 - 40.0.0-beta.5 || >=41.0.0-alpha.0
verificar · typecheck · unit · build · audit	npm audit --omit=dev — falla con altos o críticos (WP-01 §2)	2026-09-18T17:26:50.0453153Z         Depends on vulnerable versions of @expo/cli
verificar · typecheck · unit · build · audit	npm audit --omit=dev — falla con altos o críticos (WP-01 §2)	2026-09-18T17:26:50.0453887Z         Depends on vulnerable versions of @expo/config
verificar · typecheck · unit · build · audit	npm audit --omit=dev — falla con altos o críticos (WP-01 §2)	2026-09-18T17:26:50.0454867Z         Depends on vulnerable versions of @expo/config-plugins
verificar · typecheck · unit · build · audit	npm audit --omit=dev — falla con altos o críticos (WP-01 §2)	2026-09-18T17:26:50.0455728Z         Depends on vulnerable versions of @expo/local-build-cache-provider
verificar · typecheck · unit · build · audit	npm audit --omit=dev — falla con altos o críticos (WP-01 §2)	2026-09-18T17:26:50.0456550Z         Depends on vulnerable versions of @expo/metro-config
verificar · typecheck · unit · build · audit	npm audit --omit=dev — falla con altos o críticos (WP-01 §2)	2026-09-18T17:26:50.0457182Z         node_modules/expo
verificar · typecheck · unit · build · audit	npm audit --omit=dev — falla con altos o críticos (WP-01 §2)	2026-09-18T17:26:50.0457821Z       @expo/config  <=0.0.1-canary-20240418-8d74597 || >=3.3.23-alpha.0
verificar · typecheck · unit · build · audit	npm audit --omit=dev — falla con altos o críticos (WP-01 §2)	2026-09-18T17:26:50.0465100Z       Depends on vulnerable versions of @expo/config-plugins
verificar · typecheck · unit · build · audit	npm audit --omit=dev — falla con altos o críticos (WP-01 §2)	2026-09-18T17:26:50.0484808Z       node_modules/@expo/config
verificar · typecheck · unit · build · audit	npm audit --omit=dev — falla con altos o críticos (WP-01 §2)	2026-09-18T17:26:50.0495402Z         @expo/local-build-cache-provider  *
verificar · typecheck · unit · build · audit	npm audit --omit=dev — falla con altos o críticos (WP-01 §2)	2026-09-18T17:26:50.0497972Z         Depends on vulnerable versions of @expo/config
verificar · typecheck · unit · build · audit	npm audit --omit=dev — falla con altos o críticos (WP-01 §2)	2026-09-18T17:26:50.0498734Z         node_modules/@expo/local-build-cache-provider
verificar · typecheck · unit · build · audit	npm audit --omit=dev — falla con altos o críticos (WP-01 §2)	2026-09-18T17:26:50.0499713Z         @expo/metro-config  <=0.0.1-canary-20240418-8d74597 || >=0.1.49-alpha.0
verificar · typecheck · unit · build · audit	npm audit --omit=dev — falla con altos o críticos (WP-01 §2)	2026-09-18T17:26:50.0500662Z         Depends on vulnerable versions of @expo/config
verificar · typecheck · unit · build · audit	npm audit --omit=dev — falla con altos o críticos (WP-01 §2)	2026-09-18T17:26:50.0501385Z         node_modules/@expo/metro-config
verificar · typecheck · unit · build · audit	npm audit --omit=dev — falla con altos o críticos (WP-01 §2)	2026-09-18T17:26:50.0502031Z       @expo/inline-modules  >=0.0.2-canary-20260409-6fc2991
verificar · typecheck · unit · build · audit	npm audit --omit=dev — falla con altos o críticos (WP-01 §2)	2026-09-18T17:26:50.0502781Z       Depends on vulnerable versions of @expo/config-plugins
verificar · typecheck · unit · build · audit	npm audit --omit=dev — falla con altos o críticos (WP-01 §2)	2026-09-18T17:26:50.0503915Z       node_modules/@expo/inline-modules
verificar · typecheck · unit · build · audit	npm audit --omit=dev — falla con altos o críticos (WP-01 §2)	2026-09-18T17:26:50.0504693Z       @expo/prebuild-config  *
verificar · typecheck · unit · build · audit	npm audit --omit=dev — falla con altos o críticos (WP-01 §2)	2026-09-18T17:26:50.0505379Z       Depends on vulnerable versions of @expo/config
verificar · typecheck · unit · build · audit	npm audit --omit=dev — falla con altos o críticos (WP-01 §2)	2026-09-18T17:26:50.0506205Z       Depends on vulnerable versions of @expo/config-plugins
verificar · typecheck · unit · build · audit	npm audit --omit=dev — falla con altos o críticos (WP-01 §2)	2026-09-18T17:26:50.0506911Z       node_modules/@expo/prebuild-config
verificar · typecheck · unit · build · audit	npm audit --omit=dev — falla con altos o críticos (WP-01 §2)	2026-09-18T17:26:50.0507292Z 
verificar · typecheck · unit · build · audit	npm audit --omit=dev — falla con altos o críticos (WP-01 §2)	2026-09-18T17:26:50.0507637Z 10 moderate severity vulnerabilities
verificar · typecheck · unit · build · audit	npm audit --omit=dev — falla con altos o críticos (WP-01 §2)	2026-09-18T17:26:50.0508231Z 
verificar · typecheck · unit · build · audit	npm audit --omit=dev — falla con altos o críticos (WP-01 §2)	2026-09-18T17:26:50.0508607Z To address issues that do not require attention, run:
verificar · typecheck · unit · build · audit	npm audit --omit=dev — falla con altos o críticos (WP-01 §2)	2026-09-18T17:26:50.0509189Z   npm audit fix
verificar · typecheck · unit · build · audit	npm audit --omit=dev — falla con altos o críticos (WP-01 §2)	2026-09-18T17:26:50.0509466Z 
verificar · typecheck · unit · build · audit	npm audit --omit=dev — falla con altos o críticos (WP-01 §2)	2026-09-18T17:26:50.0509959Z To address all issues (including breaking changes), run:
verificar · typecheck · unit · build · audit	npm audit --omit=dev — falla con altos o críticos (WP-01 §2)	2026-09-18T17:26:50.0510649Z   npm audit fix --force
verificar · typecheck · unit · build · audit	Post Run actions/setup-node@v7	﻿2026-09-18T17:26:50.0682697Z Post job cleanup.
verificar · typecheck · unit · build · audit	Post Run actions/setup-node@v7	2026-09-18T17:26:50.1796049Z Cache hit occurred on the primary key node-cache-Linux-x64-npm-7396c85b21c1ff035b68dae6b6e7bee2b1d9ae3763791523047320e5c91bdfb2, not saving cache.
verificar · typecheck · unit · build · audit	Post Run actions/checkout@v7	﻿2026-09-18T17:26:50.1927992Z Post job cleanup.
verificar · typecheck · unit · build · audit	Post Run actions/checkout@v7	2026-09-18T17:26:50.2827822Z [command]/usr/bin/git version
verificar · typecheck · unit · build · audit	Post Run actions/checkout@v7	2026-09-18T17:26:50.2890942Z git version 2.55.0
verificar · typecheck · unit · build · audit	Post Run actions/checkout@v7	2026-09-18T17:26:50.2962298Z Temporarily overriding HOME='/home/runner/work/_temp/ed9b2089-970c-45d1-94f8-f8db8d86095e' before making global git config changes
verificar · typecheck · unit · build · audit	Post Run actions/checkout@v7	2026-09-18T17:26:50.2975109Z Adding repository directory to the temporary git global config as a safe directory
verificar · typecheck · unit · build · audit	Post Run actions/checkout@v7	2026-09-18T17:26:50.2975770Z [command]/usr/bin/git config --global --add safe.directory /home/runner/work/be/be
verificar · typecheck · unit · build · audit	Post Run actions/checkout@v7	2026-09-18T17:26:50.3022481Z Removing SSH command configuration
verificar · typecheck · unit · build · audit	Post Run actions/checkout@v7	2026-09-18T17:26:50.3023369Z [command]/usr/bin/git config --local --name-only --get-regexp core\.sshCommand
verificar · typecheck · unit · build · audit	Post Run actions/checkout@v7	2026-09-18T17:26:50.3083564Z [command]/usr/bin/git submodule foreach --recursive sh -c "git config --local --name-only --get-regexp 'core\.sshCommand' && git config --local --unset-all 'core.sshCommand' || :"
verificar · typecheck · unit · build · audit	Post Run actions/checkout@v7	2026-09-18T17:26:50.3386776Z Removing HTTP extra header
verificar · typecheck · unit · build · audit	Post Run actions/checkout@v7	2026-09-18T17:26:50.3388160Z [command]/usr/bin/git config --local --name-only --get-regexp http\.https\:\/\/github\.com\/\.extraheader
verificar · typecheck · unit · build · audit	Post Run actions/checkout@v7	2026-09-18T17:26:50.3438226Z [command]/usr/bin/git submodule foreach --recursive sh -c "git config --local --name-only --get-regexp 'http\.https\:\/\/github\.com\/\.extraheader' && git config --local --unset-all 'http.https://github.com/.extraheader' || :"
verificar · typecheck · unit · build · audit	Post Run actions/checkout@v7	2026-09-18T17:26:50.3898492Z Removing includeIf entries pointing to credentials config files
verificar · typecheck · unit · build · audit	Post Run actions/checkout@v7	2026-09-18T17:26:50.3900283Z [command]/usr/bin/git config --local --name-only --get-regexp ^includeIf\.gitdir:
verificar · typecheck · unit · build · audit	Post Run actions/checkout@v7	2026-09-18T17:26:50.3925299Z includeif.gitdir:/home/runner/work/be/be/.git.path
verificar · typecheck · unit · build · audit	Post Run actions/checkout@v7	2026-09-18T17:26:50.3945185Z includeif.gitdir:/home/runner/work/be/be/.git/worktrees/*.path
verificar · typecheck · unit · build · audit	Post Run actions/checkout@v7	2026-09-18T17:26:50.3964818Z includeif.gitdir:/github/workspace/.git.path
verificar · typecheck · unit · build · audit	Post Run actions/checkout@v7	2026-09-18T17:26:50.3975105Z includeif.gitdir:/github/workspace/.git/worktrees/*.path
verificar · typecheck · unit · build · audit	Post Run actions/checkout@v7	2026-09-18T17:26:50.4025191Z [command]/usr/bin/git config --local --get-all includeif.gitdir:/home/runner/work/be/be/.git.path
verificar · typecheck · unit · build · audit	Post Run actions/checkout@v7	2026-09-18T17:26:50.4045107Z /home/runner/work/_temp/git-credentials-e8094ba3-70fb-4f91-9111-8b717c137e69.config
verificar · typecheck · unit · build · audit	Post Run actions/checkout@v7	2026-09-18T17:26:50.4099759Z [command]/usr/bin/git config --local --unset includeif.gitdir:/home/runner/work/be/be/.git.path \/home\/runner\/work\/_temp\/git\-credentials\-e8094ba3\-70fb\-4f91\-9111\-8b717c137e69\.config
verificar · typecheck · unit · build · audit	Post Run actions/checkout@v7	2026-09-18T17:26:50.4207128Z [command]/usr/bin/git config --local --get-all includeif.gitdir:/home/runner/work/be/be/.git/worktrees/*.path
verificar · typecheck · unit · build · audit	Post Run actions/checkout@v7	2026-09-18T17:26:50.4276706Z /home/runner/work/_temp/git-credentials-e8094ba3-70fb-4f91-9111-8b717c137e69.config
verificar · typecheck · unit · build · audit	Post Run actions/checkout@v7	2026-09-18T17:26:50.4326302Z [command]/usr/bin/git config --local --unset includeif.gitdir:/home/runner/work/be/be/.git/worktrees/*.path \/home\/runner\/work\/_temp\/git\-credentials\-e8094ba3\-70fb\-4f91\-9111\-8b717c137e69\.config
verificar · typecheck · unit · build · audit	Post Run actions/checkout@v7	2026-09-18T17:26:50.4394642Z [command]/usr/bin/git config --local --get-all includeif.gitdir:/github/workspace/.git.path
verificar · typecheck · unit · build · audit	Post Run actions/checkout@v7	2026-09-18T17:26:50.4432263Z /github/runner_temp/git-credentials-e8094ba3-70fb-4f91-9111-8b717c137e69.config
verificar · typecheck · unit · build · audit	Post Run actions/checkout@v7	2026-09-18T17:26:50.4446313Z [command]/usr/bin/git config --local --unset includeif.gitdir:/github/workspace/.git.path \/github\/runner_temp\/git\-credentials\-e8094ba3\-70fb\-4f91\-9111\-8b717c137e69\.config
verificar · typecheck · unit · build · audit	Post Run actions/checkout@v7	2026-09-18T17:26:50.4486621Z [command]/usr/bin/git config --local --get-all includeif.gitdir:/github/workspace/.git/worktrees/*.path
verificar · typecheck · unit · build · audit	Post Run actions/checkout@v7	2026-09-18T17:26:50.4518915Z /github/runner_temp/git-credentials-e8094ba3-70fb-4f91-9111-8b717c137e69.config
verificar · typecheck · unit · build · audit	Post Run actions/checkout@v7	2026-09-18T17:26:50.4542944Z [command]/usr/bin/git config --local --unset includeif.gitdir:/github/workspace/.git/worktrees/*.path \/github\/runner_temp\/git\-credentials\-e8094ba3\-70fb\-4f91\-9111\-8b717c137e69\.config
verificar · typecheck · unit · build · audit	Post Run actions/checkout@v7	2026-09-18T17:26:50.4598900Z [command]/usr/bin/git submodule foreach --recursive git config --local --show-origin --name-only --get-regexp remote.origin.url
verificar · typecheck · unit · build · audit	Post Run actions/checkout@v7	2026-09-18T17:26:50.4919876Z Removing credentials config '/home/runner/work/_temp/git-credentials-e8094ba3-70fb-4f91-9111-8b717c137e69.config'
verificar · typecheck · unit · build · audit	Complete job	﻿2026-09-18T17:26:50.5086211Z Cleaning up orphan processes
