legajo · hashes SHA-256	Set up job	﻿2026-09-17T18:50:53.7102404Z Current runner version: '2.337.0'
legajo · hashes SHA-256	Set up job	2026-09-17T18:50:53.7145055Z ##[group]Runner Image Provisioner
legajo · hashes SHA-256	Set up job	2026-09-17T18:50:53.7146695Z Hosted Compute Agent
legajo · hashes SHA-256	Set up job	2026-09-17T18:50:53.7147725Z Version: 20260828.587
legajo · hashes SHA-256	Set up job	2026-09-17T18:50:53.7148872Z Commit: abac92662cab4cc7352de4f9f9d2e2419aad9c29
legajo · hashes SHA-256	Set up job	2026-09-17T18:50:53.7150468Z Build Date: 2026-08-28T16:44:25Z
legajo · hashes SHA-256	Set up job	2026-09-17T18:50:53.7152191Z Worker ID: {bc1713a4-4550-464a-ad05-eb405799b671}
legajo · hashes SHA-256	Set up job	2026-09-17T18:50:53.7153584Z Azure Region: westus3
legajo · hashes SHA-256	Set up job	2026-09-17T18:50:53.7154583Z ##[endgroup]
legajo · hashes SHA-256	Set up job	2026-09-17T18:50:53.7157159Z ##[group]Operating System
legajo · hashes SHA-256	Set up job	2026-09-17T18:50:53.7158415Z Ubuntu
legajo · hashes SHA-256	Set up job	2026-09-17T18:50:53.7159415Z 24.04.5
legajo · hashes SHA-256	Set up job	2026-09-17T18:50:53.7160424Z LTS
legajo · hashes SHA-256	Set up job	2026-09-17T18:50:53.7161629Z ##[endgroup]
legajo · hashes SHA-256	Set up job	2026-09-17T18:50:53.7162677Z ##[group]Runner Image
legajo · hashes SHA-256	Set up job	2026-09-17T18:50:53.7163905Z Image: ubuntu-24.04
legajo · hashes SHA-256	Set up job	2026-09-17T18:50:53.7164891Z Version: 20260907.300.1
legajo · hashes SHA-256	Set up job	2026-09-17T18:50:53.7166899Z Included Software: https://github.com/actions/runner-images/blob/ubuntu24/20260907.300/images/ubuntu/Ubuntu2404-Readme.md
legajo · hashes SHA-256	Set up job	2026-09-17T18:50:53.7170079Z Image Release: https://github.com/actions/runner-images/releases/tag/ubuntu24%2F20260907.300
legajo · hashes SHA-256	Set up job	2026-09-17T18:50:53.7172331Z ##[endgroup]
legajo · hashes SHA-256	Set up job	2026-09-17T18:50:53.7174184Z ##[group]GITHUB_TOKEN Permissions
legajo · hashes SHA-256	Set up job	2026-09-17T18:50:53.7177927Z Contents: read
legajo · hashes SHA-256	Set up job	2026-09-17T18:50:53.7178995Z Metadata: read
legajo · hashes SHA-256	Set up job	2026-09-17T18:50:53.7180055Z ##[endgroup]
legajo · hashes SHA-256	Set up job	2026-09-17T18:50:53.7183649Z Secret source: Actions
legajo · hashes SHA-256	Set up job	2026-09-17T18:50:53.7203361Z Cache mode: write
legajo · hashes SHA-256	Set up job	2026-09-17T18:50:53.7205006Z Prepare workflow directory
legajo · hashes SHA-256	Set up job	2026-09-17T18:50:53.7895097Z Prepare all required actions
legajo · hashes SHA-256	Set up job	2026-09-17T18:50:53.7968328Z Getting action download info
legajo · hashes SHA-256	Set up job	2026-09-17T18:50:54.1999406Z Download action repository 'actions/checkout@v7' (SHA:3d3c42e5aac5ba805825da76410c181273ba90b1)
legajo · hashes SHA-256	Set up job	2026-09-17T18:50:54.4232178Z Complete job name: legajo · hashes SHA-256
legajo · hashes SHA-256	Run actions/checkout@v7	﻿2026-09-17T18:50:54.5000662Z ##[group]Run actions/checkout@v7
legajo · hashes SHA-256	Run actions/checkout@v7	2026-09-17T18:50:54.5001918Z with:
legajo · hashes SHA-256	Run actions/checkout@v7	2026-09-17T18:50:54.5002399Z   repository: Elian-Bufi/be
legajo · hashes SHA-256	Run actions/checkout@v7	2026-09-17T18:50:54.5006394Z   token: ***
legajo · hashes SHA-256	Run actions/checkout@v7	2026-09-17T18:50:54.5006863Z   ssh-strict: true
legajo · hashes SHA-256	Run actions/checkout@v7	2026-09-17T18:50:54.5007299Z   ssh-user: git
legajo · hashes SHA-256	Run actions/checkout@v7	2026-09-17T18:50:54.5007758Z   persist-credentials: true
legajo · hashes SHA-256	Run actions/checkout@v7	2026-09-17T18:50:54.5008240Z   clean: true
legajo · hashes SHA-256	Run actions/checkout@v7	2026-09-17T18:50:54.5008686Z   sparse-checkout-cone-mode: true
legajo · hashes SHA-256	Run actions/checkout@v7	2026-09-17T18:50:54.5009213Z   fetch-depth: 1
legajo · hashes SHA-256	Run actions/checkout@v7	2026-09-17T18:50:54.5009641Z   fetch-tags: false
legajo · hashes SHA-256	Run actions/checkout@v7	2026-09-17T18:50:54.5010099Z   show-progress: true
legajo · hashes SHA-256	Run actions/checkout@v7	2026-09-17T18:50:54.5010561Z   lfs: false
legajo · hashes SHA-256	Run actions/checkout@v7	2026-09-17T18:50:54.5010983Z   submodules: false
legajo · hashes SHA-256	Run actions/checkout@v7	2026-09-17T18:50:54.5011595Z   set-safe-directory: true
legajo · hashes SHA-256	Run actions/checkout@v7	2026-09-17T18:50:54.5012109Z   allow-unsafe-pr-checkout: false
legajo · hashes SHA-256	Run actions/checkout@v7	2026-09-17T18:50:54.5012891Z ##[endgroup]
legajo · hashes SHA-256	Run actions/checkout@v7	2026-09-17T18:50:54.6260946Z Syncing repository: Elian-Bufi/be
legajo · hashes SHA-256	Run actions/checkout@v7	2026-09-17T18:50:54.6265030Z ##[group]Getting Git version info
legajo · hashes SHA-256	Run actions/checkout@v7	2026-09-17T18:50:54.6266602Z Working directory is '/home/runner/work/be/be'
legajo · hashes SHA-256	Run actions/checkout@v7	2026-09-17T18:50:54.6269298Z [command]/usr/bin/git version
legajo · hashes SHA-256	Run actions/checkout@v7	2026-09-17T18:50:54.6327836Z git version 2.55.0
legajo · hashes SHA-256	Run actions/checkout@v7	2026-09-17T18:50:54.6335466Z ##[endgroup]
legajo · hashes SHA-256	Run actions/checkout@v7	2026-09-17T18:50:54.6367851Z Temporarily overriding HOME='/home/runner/work/_temp/1c16166b-c09f-4868-8a86-f88c7d8ae6b0' before making global git config changes
legajo · hashes SHA-256	Run actions/checkout@v7	2026-09-17T18:50:54.6390883Z Adding repository directory to the temporary git global config as a safe directory
legajo · hashes SHA-256	Run actions/checkout@v7	2026-09-17T18:50:54.6394983Z [command]/usr/bin/git config --global --add safe.directory /home/runner/work/be/be
legajo · hashes SHA-256	Run actions/checkout@v7	2026-09-17T18:50:54.6446574Z Deleting the contents of '/home/runner/work/be/be'
legajo · hashes SHA-256	Run actions/checkout@v7	2026-09-17T18:50:54.6448766Z ##[group]Determining repository object format
legajo · hashes SHA-256	Run actions/checkout@v7	2026-09-17T18:50:54.6451026Z ##[endgroup]
legajo · hashes SHA-256	Run actions/checkout@v7	2026-09-17T18:50:54.6462554Z ##[group]Initializing the repository
legajo · hashes SHA-256	Run actions/checkout@v7	2026-09-17T18:50:54.6479206Z [command]/usr/bin/git init /home/runner/work/be/be
legajo · hashes SHA-256	Run actions/checkout@v7	2026-09-17T18:50:54.6802930Z hint: Using 'master' as the name for the initial branch. This default branch name
legajo · hashes SHA-256	Run actions/checkout@v7	2026-09-17T18:50:54.6832811Z hint: will change to "main" in Git 3.0. To configure the initial branch name
legajo · hashes SHA-256	Run actions/checkout@v7	2026-09-17T18:50:54.6835013Z hint: to use in all of your new repositories, which will suppress this warning,
legajo · hashes SHA-256	Run actions/checkout@v7	2026-09-17T18:50:54.6836792Z hint: call:
legajo · hashes SHA-256	Run actions/checkout@v7	2026-09-17T18:50:54.6837574Z hint:
legajo · hashes SHA-256	Run actions/checkout@v7	2026-09-17T18:50:54.6838556Z hint: 	git config --global init.defaultBranch <name>
legajo · hashes SHA-256	Run actions/checkout@v7	2026-09-17T18:50:54.6839699Z hint:
legajo · hashes SHA-256	Run actions/checkout@v7	2026-09-17T18:50:54.6840801Z hint: Names commonly chosen instead of 'master' are 'main', 'trunk' and
legajo · hashes SHA-256	Run actions/checkout@v7	2026-09-17T18:50:54.6843811Z hint: 'development'. The just-created branch can be renamed via this command:
legajo · hashes SHA-256	Run actions/checkout@v7	2026-09-17T18:50:54.6862211Z hint:
legajo · hashes SHA-256	Run actions/checkout@v7	2026-09-17T18:50:54.6893449Z hint: 	git branch -m <name>
legajo · hashes SHA-256	Run actions/checkout@v7	2026-09-17T18:50:54.6894982Z hint:
legajo · hashes SHA-256	Run actions/checkout@v7	2026-09-17T18:50:54.6896923Z hint: Disable this message with "git config set advice.defaultBranchName false"
legajo · hashes SHA-256	Run actions/checkout@v7	2026-09-17T18:50:54.6898841Z Initialized empty Git repository in /home/runner/work/be/be/.git/
legajo · hashes SHA-256	Run actions/checkout@v7	2026-09-17T18:50:54.6904631Z [command]/usr/bin/git remote add origin https://github.com/Elian-Bufi/be
legajo · hashes SHA-256	Run actions/checkout@v7	2026-09-17T18:50:54.6909928Z ##[endgroup]
legajo · hashes SHA-256	Run actions/checkout@v7	2026-09-17T18:50:54.6914615Z ##[group]Disabling automatic garbage collection
legajo · hashes SHA-256	Run actions/checkout@v7	2026-09-17T18:50:54.6916082Z [command]/usr/bin/git config --local gc.auto 0
legajo · hashes SHA-256	Run actions/checkout@v7	2026-09-17T18:50:54.6920841Z ##[endgroup]
legajo · hashes SHA-256	Run actions/checkout@v7	2026-09-17T18:50:54.6922952Z ##[group]Setting up auth
legajo · hashes SHA-256	Run actions/checkout@v7	2026-09-17T18:50:54.6924574Z Removing SSH command configuration
legajo · hashes SHA-256	Run actions/checkout@v7	2026-09-17T18:50:54.6926097Z [command]/usr/bin/git config --local --name-only --get-regexp core\.sshCommand
legajo · hashes SHA-256	Run actions/checkout@v7	2026-09-17T18:50:54.6931910Z [command]/usr/bin/git submodule foreach --recursive sh -c "git config --local --name-only --get-regexp 'core\.sshCommand' && git config --local --unset-all 'core.sshCommand' || :"
legajo · hashes SHA-256	Run actions/checkout@v7	2026-09-17T18:50:54.8572072Z Removing HTTP extra header
legajo · hashes SHA-256	Run actions/checkout@v7	2026-09-17T18:50:54.8573758Z [command]/usr/bin/git config --local --name-only --get-regexp http\.https\:\/\/github\.com\/\.extraheader
legajo · hashes SHA-256	Run actions/checkout@v7	2026-09-17T18:50:54.8579273Z [command]/usr/bin/git submodule foreach --recursive sh -c "git config --local --name-only --get-regexp 'http\.https\:\/\/github\.com\/\.extraheader' && git config --local --unset-all 'http.https://github.com/.extraheader' || :"
legajo · hashes SHA-256	Run actions/checkout@v7	2026-09-17T18:50:54.8586586Z Removing includeIf entries pointing to credentials config files
legajo · hashes SHA-256	Run actions/checkout@v7	2026-09-17T18:50:54.8588555Z [command]/usr/bin/git config --local --name-only --get-regexp ^includeIf\.gitdir:
legajo · hashes SHA-256	Run actions/checkout@v7	2026-09-17T18:50:54.8593023Z [command]/usr/bin/git submodule foreach --recursive git config --local --show-origin --name-only --get-regexp remote.origin.url
legajo · hashes SHA-256	Run actions/checkout@v7	2026-09-17T18:50:54.8598375Z [command]/usr/bin/git config --file /home/runner/work/_temp/git-credentials-b3f47f32-b930-46e4-a9f1-ba14fccdf3a1.config http.https://github.com/.extraheader AUTHORIZATION: basic ***
legajo · hashes SHA-256	Run actions/checkout@v7	2026-09-17T18:50:54.8604356Z [command]/usr/bin/git config --local includeIf.gitdir:/home/runner/work/be/be/.git.path /home/runner/work/_temp/git-credentials-b3f47f32-b930-46e4-a9f1-ba14fccdf3a1.config
legajo · hashes SHA-256	Run actions/checkout@v7	2026-09-17T18:50:54.8609451Z [command]/usr/bin/git config --local includeIf.gitdir:/home/runner/work/be/be/.git/worktrees/*.path /home/runner/work/_temp/git-credentials-b3f47f32-b930-46e4-a9f1-ba14fccdf3a1.config
legajo · hashes SHA-256	Run actions/checkout@v7	2026-09-17T18:50:54.8615208Z [command]/usr/bin/git config --local includeIf.gitdir:/github/workspace/.git.path /github/runner_temp/git-credentials-b3f47f32-b930-46e4-a9f1-ba14fccdf3a1.config
legajo · hashes SHA-256	Run actions/checkout@v7	2026-09-17T18:50:54.8648673Z [command]/usr/bin/git config --local includeIf.gitdir:/github/workspace/.git/worktrees/*.path /github/runner_temp/git-credentials-b3f47f32-b930-46e4-a9f1-ba14fccdf3a1.config
legajo · hashes SHA-256	Run actions/checkout@v7	2026-09-17T18:50:54.8680988Z ##[endgroup]
legajo · hashes SHA-256	Run actions/checkout@v7	2026-09-17T18:50:54.8682686Z ##[group]Fetching the repository
legajo · hashes SHA-256	Run actions/checkout@v7	2026-09-17T18:50:54.8685221Z [command]/usr/bin/git -c protocol.version=2 fetch --no-tags --prune --no-recurse-submodules --depth=1 origin +4db6fce940aba7d29a85eb2b60daf97cf12ec594:refs/remotes/pull/1/merge
legajo · hashes SHA-256	Run actions/checkout@v7	2026-09-17T18:50:56.6477152Z From https://github.com/Elian-Bufi/be
legajo · hashes SHA-256	Run actions/checkout@v7	2026-09-17T18:50:56.6479481Z  * [new ref]         4db6fce940aba7d29a85eb2b60daf97cf12ec594 -> pull/1/merge
legajo · hashes SHA-256	Run actions/checkout@v7	2026-09-17T18:50:56.6522537Z ##[endgroup]
legajo · hashes SHA-256	Run actions/checkout@v7	2026-09-17T18:50:56.6542842Z ##[group]Determining the checkout info
legajo · hashes SHA-256	Run actions/checkout@v7	2026-09-17T18:50:56.6544939Z ##[endgroup]
legajo · hashes SHA-256	Run actions/checkout@v7	2026-09-17T18:50:56.6562614Z [command]/usr/bin/git sparse-checkout disable
legajo · hashes SHA-256	Run actions/checkout@v7	2026-09-17T18:50:56.6622598Z [command]/usr/bin/git config --local --unset-all extensions.worktreeConfig
legajo · hashes SHA-256	Run actions/checkout@v7	2026-09-17T18:50:56.6663214Z ##[group]Checking out the ref
legajo · hashes SHA-256	Run actions/checkout@v7	2026-09-17T18:50:56.6672095Z [command]/usr/bin/git checkout --progress --force refs/remotes/pull/1/merge
legajo · hashes SHA-256	Run actions/checkout@v7	2026-09-17T18:50:56.7454827Z Note: switching to 'refs/remotes/pull/1/merge'.
legajo · hashes SHA-256	Run actions/checkout@v7	2026-09-17T18:50:56.7456728Z 
legajo · hashes SHA-256	Run actions/checkout@v7	2026-09-17T18:50:56.7460050Z You are in 'detached HEAD' state. You can look around, make experimental
legajo · hashes SHA-256	Run actions/checkout@v7	2026-09-17T18:50:56.7462431Z changes and commit them, and you can discard any commits you make in this
legajo · hashes SHA-256	Run actions/checkout@v7	2026-09-17T18:50:56.7464702Z state without impacting any branches by switching back to a branch.
legajo · hashes SHA-256	Run actions/checkout@v7	2026-09-17T18:50:56.7466258Z 
legajo · hashes SHA-256	Run actions/checkout@v7	2026-09-17T18:50:56.7467173Z If you want to create a new branch to retain commits you create, you may
legajo · hashes SHA-256	Run actions/checkout@v7	2026-09-17T18:50:56.7469229Z do so (now or later) by using -c with the switch command. Example:
legajo · hashes SHA-256	Run actions/checkout@v7	2026-09-17T18:50:56.7470559Z 
legajo · hashes SHA-256	Run actions/checkout@v7	2026-09-17T18:50:56.7471177Z   git switch -c <new-branch-name>
legajo · hashes SHA-256	Run actions/checkout@v7	2026-09-17T18:50:56.7472381Z 
legajo · hashes SHA-256	Run actions/checkout@v7	2026-09-17T18:50:56.7473011Z Or undo this operation with:
legajo · hashes SHA-256	Run actions/checkout@v7	2026-09-17T18:50:56.7473932Z 
legajo · hashes SHA-256	Run actions/checkout@v7	2026-09-17T18:50:56.7474516Z   git switch -
legajo · hashes SHA-256	Run actions/checkout@v7	2026-09-17T18:50:56.7475014Z 
legajo · hashes SHA-256	Run actions/checkout@v7	2026-09-17T18:50:56.7475702Z Turn off this advice by setting config variable advice.detachedHead to false
legajo · hashes SHA-256	Run actions/checkout@v7	2026-09-17T18:50:56.7476644Z 
legajo · hashes SHA-256	Run actions/checkout@v7	2026-09-17T18:50:56.7477778Z HEAD is now at 4db6fce Merge 51f981c983522fe363dbdd2e3e6ac17efca79710 into 67dfac38cdcbfff7cfd1b4070698e54de703b131
legajo · hashes SHA-256	Run actions/checkout@v7	2026-09-17T18:50:56.7485670Z ##[endgroup]
legajo · hashes SHA-256	Run actions/checkout@v7	2026-09-17T18:50:56.7538688Z [command]/usr/bin/git log -1 --format=%H
legajo · hashes SHA-256	Run actions/checkout@v7	2026-09-17T18:50:56.7573092Z 4db6fce940aba7d29a85eb2b60daf97cf12ec594
legajo · hashes SHA-256	Verificar docs/MANIFEST.sha256 (208 archivos)	﻿2026-09-17T18:50:56.7876988Z ##[group]Run sha256sum -c --quiet MANIFEST.sha256
legajo · hashes SHA-256	Verificar docs/MANIFEST.sha256 (208 archivos)	2026-09-17T18:50:56.7878728Z ^[[36;1msha256sum -c --quiet MANIFEST.sha256^[[0m
legajo · hashes SHA-256	Verificar docs/MANIFEST.sha256 (208 archivos)	2026-09-17T18:50:56.7880617Z ^[[36;1mecho "legajo íntegro - $(wc -l < MANIFEST.sha256) archivos verificados"^[[0m
legajo · hashes SHA-256	Verificar docs/MANIFEST.sha256 (208 archivos)	2026-09-17T18:50:56.7924475Z shell: /usr/bin/bash -e {0}
legajo · hashes SHA-256	Verificar docs/MANIFEST.sha256 (208 archivos)	2026-09-17T18:50:56.7925683Z ##[endgroup]
legajo · hashes SHA-256	Verificar docs/MANIFEST.sha256 (208 archivos)	2026-09-17T18:50:56.8186867Z legajo íntegro - 208 archivos verificados
legajo · hashes SHA-256	Post Run actions/checkout@v7	﻿2026-09-17T18:50:56.8457178Z Post job cleanup.
legajo · hashes SHA-256	Post Run actions/checkout@v7	2026-09-17T18:50:56.9655850Z [command]/usr/bin/git version
legajo · hashes SHA-256	Post Run actions/checkout@v7	2026-09-17T18:50:56.9657759Z git version 2.55.0
legajo · hashes SHA-256	Post Run actions/checkout@v7	2026-09-17T18:50:56.9727407Z Temporarily overriding HOME='/home/runner/work/_temp/cc01c75c-7fef-4c4c-ad89-c563346c1cd9' before making global git config changes
legajo · hashes SHA-256	Post Run actions/checkout@v7	2026-09-17T18:50:56.9732551Z Adding repository directory to the temporary git global config as a safe directory
legajo · hashes SHA-256	Post Run actions/checkout@v7	2026-09-17T18:50:56.9758278Z [command]/usr/bin/git config --global --add safe.directory /home/runner/work/be/be
legajo · hashes SHA-256	Post Run actions/checkout@v7	2026-09-17T18:50:56.9807855Z Removing SSH command configuration
legajo · hashes SHA-256	Post Run actions/checkout@v7	2026-09-17T18:50:56.9810986Z [command]/usr/bin/git config --local --name-only --get-regexp core\.sshCommand
legajo · hashes SHA-256	Post Run actions/checkout@v7	2026-09-17T18:50:56.9876524Z [command]/usr/bin/git submodule foreach --recursive sh -c "git config --local --name-only --get-regexp 'core\.sshCommand' && git config --local --unset-all 'core.sshCommand' || :"
legajo · hashes SHA-256	Post Run actions/checkout@v7	2026-09-17T18:50:57.0275923Z Removing HTTP extra header
legajo · hashes SHA-256	Post Run actions/checkout@v7	2026-09-17T18:50:57.0279414Z [command]/usr/bin/git config --local --name-only --get-regexp http\.https\:\/\/github\.com\/\.extraheader
legajo · hashes SHA-256	Post Run actions/checkout@v7	2026-09-17T18:50:57.0371027Z [command]/usr/bin/git submodule foreach --recursive sh -c "git config --local --name-only --get-regexp 'http\.https\:\/\/github\.com\/\.extraheader' && git config --local --unset-all 'http.https://github.com/.extraheader' || :"
legajo · hashes SHA-256	Post Run actions/checkout@v7	2026-09-17T18:50:57.0763593Z Removing includeIf entries pointing to credentials config files
legajo · hashes SHA-256	Post Run actions/checkout@v7	2026-09-17T18:50:57.0769371Z [command]/usr/bin/git config --local --name-only --get-regexp ^includeIf\.gitdir:
legajo · hashes SHA-256	Post Run actions/checkout@v7	2026-09-17T18:50:57.0772487Z includeif.gitdir:/home/runner/work/be/be/.git.path
legajo · hashes SHA-256	Post Run actions/checkout@v7	2026-09-17T18:50:57.0774967Z includeif.gitdir:/home/runner/work/be/be/.git/worktrees/*.path
legajo · hashes SHA-256	Post Run actions/checkout@v7	2026-09-17T18:50:57.0777393Z includeif.gitdir:/github/workspace/.git.path
legajo · hashes SHA-256	Post Run actions/checkout@v7	2026-09-17T18:50:57.0779680Z includeif.gitdir:/github/workspace/.git/worktrees/*.path
legajo · hashes SHA-256	Post Run actions/checkout@v7	2026-09-17T18:50:57.0785437Z [command]/usr/bin/git config --local --get-all includeif.gitdir:/home/runner/work/be/be/.git.path
legajo · hashes SHA-256	Post Run actions/checkout@v7	2026-09-17T18:50:57.0789639Z /home/runner/work/_temp/git-credentials-b3f47f32-b930-46e4-a9f1-ba14fccdf3a1.config
legajo · hashes SHA-256	Post Run actions/checkout@v7	2026-09-17T18:50:57.0805087Z [command]/usr/bin/git config --local --unset includeif.gitdir:/home/runner/work/be/be/.git.path \/home\/runner\/work\/_temp\/git\-credentials\-b3f47f32\-b930\-46e4\-a9f1\-ba14fccdf3a1\.config
legajo · hashes SHA-256	Post Run actions/checkout@v7	2026-09-17T18:50:57.0921166Z [command]/usr/bin/git config --local --get-all includeif.gitdir:/home/runner/work/be/be/.git/worktrees/*.path
legajo · hashes SHA-256	Post Run actions/checkout@v7	2026-09-17T18:50:57.0931567Z /home/runner/work/_temp/git-credentials-b3f47f32-b930-46e4-a9f1-ba14fccdf3a1.config
legajo · hashes SHA-256	Post Run actions/checkout@v7	2026-09-17T18:50:57.0961817Z [command]/usr/bin/git config --local --unset includeif.gitdir:/home/runner/work/be/be/.git/worktrees/*.path \/home\/runner\/work\/_temp\/git\-credentials\-b3f47f32\-b930\-46e4\-a9f1\-ba14fccdf3a1\.config
legajo · hashes SHA-256	Post Run actions/checkout@v7	2026-09-17T18:50:57.1165189Z [command]/usr/bin/git config --local --get-all includeif.gitdir:/github/workspace/.git.path
legajo · hashes SHA-256	Post Run actions/checkout@v7	2026-09-17T18:50:57.1171025Z /github/runner_temp/git-credentials-b3f47f32-b930-46e4-a9f1-ba14fccdf3a1.config
legajo · hashes SHA-256	Post Run actions/checkout@v7	2026-09-17T18:50:57.1434888Z [command]/usr/bin/git config --local --unset includeif.gitdir:/github/workspace/.git.path \/github\/runner_temp\/git\-credentials\-b3f47f32\-b930\-46e4\-a9f1\-ba14fccdf3a1\.config
legajo · hashes SHA-256	Post Run actions/checkout@v7	2026-09-17T18:50:57.1486564Z [command]/usr/bin/git config --local --get-all includeif.gitdir:/github/workspace/.git/worktrees/*.path
legajo · hashes SHA-256	Post Run actions/checkout@v7	2026-09-17T18:50:57.1490417Z /github/runner_temp/git-credentials-b3f47f32-b930-46e4-a9f1-ba14fccdf3a1.config
legajo · hashes SHA-256	Post Run actions/checkout@v7	2026-09-17T18:50:57.1504104Z [command]/usr/bin/git config --local --unset includeif.gitdir:/github/workspace/.git/worktrees/*.path \/github\/runner_temp\/git\-credentials\-b3f47f32\-b930\-46e4\-a9f1\-ba14fccdf3a1\.config
legajo · hashes SHA-256	Post Run actions/checkout@v7	2026-09-17T18:50:57.1513371Z [command]/usr/bin/git submodule foreach --recursive git config --local --show-origin --name-only --get-regexp remote.origin.url
legajo · hashes SHA-256	Post Run actions/checkout@v7	2026-09-17T18:50:57.1894464Z Removing credentials config '/home/runner/work/_temp/git-credentials-b3f47f32-b930-46e4-a9f1-ba14fccdf3a1.config'
legajo · hashes SHA-256	Complete job	﻿2026-09-17T18:50:57.1955741Z Cleaning up orphan processes
imagen API · migrate deploy + readiness (ASR-09)	Set up job	﻿2026-09-17T18:50:47.0858872Z Current runner version: '2.337.0'
imagen API · migrate deploy + readiness (ASR-09)	Set up job	2026-09-17T18:50:47.0901167Z ##[group]Runner Image Provisioner
imagen API · migrate deploy + readiness (ASR-09)	Set up job	2026-09-17T18:50:47.0902558Z Hosted Compute Agent
imagen API · migrate deploy + readiness (ASR-09)	Set up job	2026-09-17T18:50:47.0903564Z Version: 20260828.587
imagen API · migrate deploy + readiness (ASR-09)	Set up job	2026-09-17T18:50:47.0904815Z Commit: abac92662cab4cc7352de4f9f9d2e2419aad9c29
imagen API · migrate deploy + readiness (ASR-09)	Set up job	2026-09-17T18:50:47.0906081Z Build Date: 2026-08-28T16:44:25Z
imagen API · migrate deploy + readiness (ASR-09)	Set up job	2026-09-17T18:50:47.0907393Z Worker ID: {c70ee8f7-2a9e-4586-a7b6-ed5256301e57}
imagen API · migrate deploy + readiness (ASR-09)	Set up job	2026-09-17T18:50:47.0909021Z Azure Region: eastus2
imagen API · migrate deploy + readiness (ASR-09)	Set up job	2026-09-17T18:50:47.0910046Z ##[endgroup]
imagen API · migrate deploy + readiness (ASR-09)	Set up job	2026-09-17T18:50:47.0912539Z ##[group]Operating System
imagen API · migrate deploy + readiness (ASR-09)	Set up job	2026-09-17T18:50:47.0913658Z Ubuntu
imagen API · migrate deploy + readiness (ASR-09)	Set up job	2026-09-17T18:50:47.0914626Z 24.04.5
imagen API · migrate deploy + readiness (ASR-09)	Set up job	2026-09-17T18:50:47.0915459Z LTS
imagen API · migrate deploy + readiness (ASR-09)	Set up job	2026-09-17T18:50:47.0916414Z ##[endgroup]
imagen API · migrate deploy + readiness (ASR-09)	Set up job	2026-09-17T18:50:47.0917478Z ##[group]Runner Image
imagen API · migrate deploy + readiness (ASR-09)	Set up job	2026-09-17T18:50:47.0918969Z Image: ubuntu-24.04
imagen API · migrate deploy + readiness (ASR-09)	Set up job	2026-09-17T18:50:47.0920085Z Version: 20260907.300.1
imagen API · migrate deploy + readiness (ASR-09)	Set up job	2026-09-17T18:50:47.0921979Z Included Software: https://github.com/actions/runner-images/blob/ubuntu24/20260907.300/images/ubuntu/Ubuntu2404-Readme.md
imagen API · migrate deploy + readiness (ASR-09)	Set up job	2026-09-17T18:50:47.0925254Z Image Release: https://github.com/actions/runner-images/releases/tag/ubuntu24%2F20260907.300
imagen API · migrate deploy + readiness (ASR-09)	Set up job	2026-09-17T18:50:47.0927007Z ##[endgroup]
imagen API · migrate deploy + readiness (ASR-09)	Set up job	2026-09-17T18:50:47.0929308Z ##[group]GITHUB_TOKEN Permissions
imagen API · migrate deploy + readiness (ASR-09)	Set up job	2026-09-17T18:50:47.0932351Z Contents: read
imagen API · migrate deploy + readiness (ASR-09)	Set up job	2026-09-17T18:50:47.0933579Z Metadata: read
imagen API · migrate deploy + readiness (ASR-09)	Set up job	2026-09-17T18:50:47.0934596Z ##[endgroup]
imagen API · migrate deploy + readiness (ASR-09)	Set up job	2026-09-17T18:50:47.0938324Z Secret source: Actions
imagen API · migrate deploy + readiness (ASR-09)	Set up job	2026-09-17T18:50:47.0939891Z Cache mode: write
imagen API · migrate deploy + readiness (ASR-09)	Set up job	2026-09-17T18:50:47.0941288Z Prepare workflow directory
imagen API · migrate deploy + readiness (ASR-09)	Set up job	2026-09-17T18:50:47.1446676Z Prepare all required actions
imagen API · migrate deploy + readiness (ASR-09)	Set up job	2026-09-17T18:50:47.1519120Z Getting action download info
imagen API · migrate deploy + readiness (ASR-09)	Set up job	2026-09-17T18:50:47.3592082Z Download action repository 'actions/checkout@v7' (SHA:3d3c42e5aac5ba805825da76410c181273ba90b1)
imagen API · migrate deploy + readiness (ASR-09)	Set up job	2026-09-17T18:50:47.5730728Z Complete job name: imagen API · migrate deploy + readiness (ASR-09)
imagen API · migrate deploy + readiness (ASR-09)	Run actions/checkout@v7	﻿2026-09-17T18:50:47.6534179Z ##[group]Run actions/checkout@v7
imagen API · migrate deploy + readiness (ASR-09)	Run actions/checkout@v7	2026-09-17T18:50:47.6535159Z with:
imagen API · migrate deploy + readiness (ASR-09)	Run actions/checkout@v7	2026-09-17T18:50:47.6535656Z   repository: Elian-Bufi/be
imagen API · migrate deploy + readiness (ASR-09)	Run actions/checkout@v7	2026-09-17T18:50:47.6539764Z   token: ***
imagen API · migrate deploy + readiness (ASR-09)	Run actions/checkout@v7	2026-09-17T18:50:47.6540253Z   ssh-strict: true
imagen API · migrate deploy + readiness (ASR-09)	Run actions/checkout@v7	2026-09-17T18:50:47.6540774Z   ssh-user: git
imagen API · migrate deploy + readiness (ASR-09)	Run actions/checkout@v7	2026-09-17T18:50:47.6541269Z   persist-credentials: true
imagen API · migrate deploy + readiness (ASR-09)	Run actions/checkout@v7	2026-09-17T18:50:47.6541793Z   clean: true
imagen API · migrate deploy + readiness (ASR-09)	Run actions/checkout@v7	2026-09-17T18:50:47.6542275Z   sparse-checkout-cone-mode: true
imagen API · migrate deploy + readiness (ASR-09)	Run actions/checkout@v7	2026-09-17T18:50:47.6542848Z   fetch-depth: 1
imagen API · migrate deploy + readiness (ASR-09)	Run actions/checkout@v7	2026-09-17T18:50:47.6543307Z   fetch-tags: false
imagen API · migrate deploy + readiness (ASR-09)	Run actions/checkout@v7	2026-09-17T18:50:47.6543779Z   show-progress: true
imagen API · migrate deploy + readiness (ASR-09)	Run actions/checkout@v7	2026-09-17T18:50:47.6544257Z   lfs: false
imagen API · migrate deploy + readiness (ASR-09)	Run actions/checkout@v7	2026-09-17T18:50:47.6544697Z   submodules: false
imagen API · migrate deploy + readiness (ASR-09)	Run actions/checkout@v7	2026-09-17T18:50:47.6545173Z   set-safe-directory: true
imagen API · migrate deploy + readiness (ASR-09)	Run actions/checkout@v7	2026-09-17T18:50:47.6545710Z   allow-unsafe-pr-checkout: false
imagen API · migrate deploy + readiness (ASR-09)	Run actions/checkout@v7	2026-09-17T18:50:47.6546591Z ##[endgroup]
imagen API · migrate deploy + readiness (ASR-09)	Run actions/checkout@v7	2026-09-17T18:50:47.7736237Z Syncing repository: Elian-Bufi/be
imagen API · migrate deploy + readiness (ASR-09)	Run actions/checkout@v7	2026-09-17T18:50:47.7742486Z ##[group]Getting Git version info
imagen API · migrate deploy + readiness (ASR-09)	Run actions/checkout@v7	2026-09-17T18:50:47.7744684Z Working directory is '/home/runner/work/be/be'
imagen API · migrate deploy + readiness (ASR-09)	Run actions/checkout@v7	2026-09-17T18:50:47.7749038Z [command]/usr/bin/git version
imagen API · migrate deploy + readiness (ASR-09)	Run actions/checkout@v7	2026-09-17T18:50:47.7901641Z git version 2.55.0
imagen API · migrate deploy + readiness (ASR-09)	Run actions/checkout@v7	2026-09-17T18:50:47.7938624Z ##[endgroup]
imagen API · migrate deploy + readiness (ASR-09)	Run actions/checkout@v7	2026-09-17T18:50:47.7956260Z Temporarily overriding HOME='/home/runner/work/_temp/0cc0dafd-4d86-45bf-b991-b0c4e216274f' before making global git config changes
imagen API · migrate deploy + readiness (ASR-09)	Run actions/checkout@v7	2026-09-17T18:50:47.7959270Z Adding repository directory to the temporary git global config as a safe directory
imagen API · migrate deploy + readiness (ASR-09)	Run actions/checkout@v7	2026-09-17T18:50:47.7961787Z [command]/usr/bin/git config --global --add safe.directory /home/runner/work/be/be
imagen API · migrate deploy + readiness (ASR-09)	Run actions/checkout@v7	2026-09-17T18:50:47.8027713Z Deleting the contents of '/home/runner/work/be/be'
imagen API · migrate deploy + readiness (ASR-09)	Run actions/checkout@v7	2026-09-17T18:50:47.8030485Z ##[group]Determining repository object format
imagen API · migrate deploy + readiness (ASR-09)	Run actions/checkout@v7	2026-09-17T18:50:47.8032779Z ##[endgroup]
imagen API · migrate deploy + readiness (ASR-09)	Run actions/checkout@v7	2026-09-17T18:50:47.8034462Z ##[group]Initializing the repository
imagen API · migrate deploy + readiness (ASR-09)	Run actions/checkout@v7	2026-09-17T18:50:47.8036379Z [command]/usr/bin/git init /home/runner/work/be/be
imagen API · migrate deploy + readiness (ASR-09)	Run actions/checkout@v7	2026-09-17T18:50:47.8177652Z hint: Using 'master' as the name for the initial branch. This default branch name
imagen API · migrate deploy + readiness (ASR-09)	Run actions/checkout@v7	2026-09-17T18:50:47.8207084Z hint: will change to "main" in Git 3.0. To configure the initial branch name
imagen API · migrate deploy + readiness (ASR-09)	Run actions/checkout@v7	2026-09-17T18:50:47.8211183Z hint: to use in all of your new repositories, which will suppress this warning,
imagen API · migrate deploy + readiness (ASR-09)	Run actions/checkout@v7	2026-09-17T18:50:47.8216568Z hint: call:
imagen API · migrate deploy + readiness (ASR-09)	Run actions/checkout@v7	2026-09-17T18:50:47.8233976Z hint:
imagen API · migrate deploy + readiness (ASR-09)	Run actions/checkout@v7	2026-09-17T18:50:47.8241388Z hint: 	git config --global init.defaultBranch <name>
imagen API · migrate deploy + readiness (ASR-09)	Run actions/checkout@v7	2026-09-17T18:50:47.8243410Z hint:
imagen API · migrate deploy + readiness (ASR-09)	Run actions/checkout@v7	2026-09-17T18:50:47.8327271Z hint: Names commonly chosen instead of 'master' are 'main', 'trunk' and
imagen API · migrate deploy + readiness (ASR-09)	Run actions/checkout@v7	2026-09-17T18:50:47.8329425Z hint: 'development'. The just-created branch can be renamed via this command:
imagen API · migrate deploy + readiness (ASR-09)	Run actions/checkout@v7	2026-09-17T18:50:47.8331061Z hint:
imagen API · migrate deploy + readiness (ASR-09)	Run actions/checkout@v7	2026-09-17T18:50:47.8331897Z hint: 	git branch -m <name>
imagen API · migrate deploy + readiness (ASR-09)	Run actions/checkout@v7	2026-09-17T18:50:47.8332944Z hint:
imagen API · migrate deploy + readiness (ASR-09)	Run actions/checkout@v7	2026-09-17T18:50:47.8334138Z hint: Disable this message with "git config set advice.defaultBranchName false"
imagen API · migrate deploy + readiness (ASR-09)	Run actions/checkout@v7	2026-09-17T18:50:47.8336100Z Initialized empty Git repository in /home/runner/work/be/be/.git/
imagen API · migrate deploy + readiness (ASR-09)	Run actions/checkout@v7	2026-09-17T18:50:47.8339520Z [command]/usr/bin/git remote add origin https://github.com/Elian-Bufi/be
imagen API · migrate deploy + readiness (ASR-09)	Run actions/checkout@v7	2026-09-17T18:50:47.8342899Z ##[endgroup]
imagen API · migrate deploy + readiness (ASR-09)	Run actions/checkout@v7	2026-09-17T18:50:47.8344533Z ##[group]Disabling automatic garbage collection
imagen API · migrate deploy + readiness (ASR-09)	Run actions/checkout@v7	2026-09-17T18:50:47.8345938Z [command]/usr/bin/git config --local gc.auto 0
imagen API · migrate deploy + readiness (ASR-09)	Run actions/checkout@v7	2026-09-17T18:50:47.8364431Z ##[endgroup]
imagen API · migrate deploy + readiness (ASR-09)	Run actions/checkout@v7	2026-09-17T18:50:47.8365340Z ##[group]Setting up auth
imagen API · migrate deploy + readiness (ASR-09)	Run actions/checkout@v7	2026-09-17T18:50:47.8365918Z Removing SSH command configuration
imagen API · migrate deploy + readiness (ASR-09)	Run actions/checkout@v7	2026-09-17T18:50:47.8366756Z [command]/usr/bin/git config --local --name-only --get-regexp core\.sshCommand
imagen API · migrate deploy + readiness (ASR-09)	Run actions/checkout@v7	2026-09-17T18:50:47.8411467Z [command]/usr/bin/git submodule foreach --recursive sh -c "git config --local --name-only --get-regexp 'core\.sshCommand' && git config --local --unset-all 'core.sshCommand' || :"
imagen API · migrate deploy + readiness (ASR-09)	Run actions/checkout@v7	2026-09-17T18:50:47.8922726Z Removing HTTP extra header
imagen API · migrate deploy + readiness (ASR-09)	Run actions/checkout@v7	2026-09-17T18:50:47.8925122Z [command]/usr/bin/git config --local --name-only --get-regexp http\.https\:\/\/github\.com\/\.extraheader
imagen API · migrate deploy + readiness (ASR-09)	Run actions/checkout@v7	2026-09-17T18:50:47.8949688Z [command]/usr/bin/git submodule foreach --recursive sh -c "git config --local --name-only --get-regexp 'http\.https\:\/\/github\.com\/\.extraheader' && git config --local --unset-all 'http.https://github.com/.extraheader' || :"
imagen API · migrate deploy + readiness (ASR-09)	Run actions/checkout@v7	2026-09-17T18:50:47.9269397Z Removing includeIf entries pointing to credentials config files
imagen API · migrate deploy + readiness (ASR-09)	Run actions/checkout@v7	2026-09-17T18:50:47.9271686Z [command]/usr/bin/git config --local --name-only --get-regexp ^includeIf\.gitdir:
imagen API · migrate deploy + readiness (ASR-09)	Run actions/checkout@v7	2026-09-17T18:50:47.9309094Z [command]/usr/bin/git submodule foreach --recursive git config --local --show-origin --name-only --get-regexp remote.origin.url
imagen API · migrate deploy + readiness (ASR-09)	Run actions/checkout@v7	2026-09-17T18:50:47.9561906Z [command]/usr/bin/git config --file /home/runner/work/_temp/git-credentials-8f5fc84e-099d-4220-a216-055dab402f1b.config http.https://github.com/.extraheader AUTHORIZATION: basic ***
imagen API · migrate deploy + readiness (ASR-09)	Run actions/checkout@v7	2026-09-17T18:50:47.9608797Z [command]/usr/bin/git config --local includeIf.gitdir:/home/runner/work/be/be/.git.path /home/runner/work/_temp/git-credentials-8f5fc84e-099d-4220-a216-055dab402f1b.config
imagen API · migrate deploy + readiness (ASR-09)	Run actions/checkout@v7	2026-09-17T18:50:47.9649766Z [command]/usr/bin/git config --local includeIf.gitdir:/home/runner/work/be/be/.git/worktrees/*.path /home/runner/work/_temp/git-credentials-8f5fc84e-099d-4220-a216-055dab402f1b.config
imagen API · migrate deploy + readiness (ASR-09)	Run actions/checkout@v7	2026-09-17T18:50:47.9694456Z [command]/usr/bin/git config --local includeIf.gitdir:/github/workspace/.git.path /github/runner_temp/git-credentials-8f5fc84e-099d-4220-a216-055dab402f1b.config
imagen API · migrate deploy + readiness (ASR-09)	Run actions/checkout@v7	2026-09-17T18:50:47.9735798Z [command]/usr/bin/git config --local includeIf.gitdir:/github/workspace/.git/worktrees/*.path /github/runner_temp/git-credentials-8f5fc84e-099d-4220-a216-055dab402f1b.config
imagen API · migrate deploy + readiness (ASR-09)	Run actions/checkout@v7	2026-09-17T18:50:47.9771696Z ##[endgroup]
imagen API · migrate deploy + readiness (ASR-09)	Run actions/checkout@v7	2026-09-17T18:50:47.9773857Z ##[group]Fetching the repository
imagen API · migrate deploy + readiness (ASR-09)	Run actions/checkout@v7	2026-09-17T18:50:47.9779521Z [command]/usr/bin/git -c protocol.version=2 fetch --no-tags --prune --no-recurse-submodules --depth=1 origin +4db6fce940aba7d29a85eb2b60daf97cf12ec594:refs/remotes/pull/1/merge
imagen API · migrate deploy + readiness (ASR-09)	Run actions/checkout@v7	2026-09-17T18:50:48.7439812Z From https://github.com/Elian-Bufi/be
imagen API · migrate deploy + readiness (ASR-09)	Run actions/checkout@v7	2026-09-17T18:50:48.7450930Z  * [new ref]         4db6fce940aba7d29a85eb2b60daf97cf12ec594 -> pull/1/merge
imagen API · migrate deploy + readiness (ASR-09)	Run actions/checkout@v7	2026-09-17T18:50:48.7458170Z ##[endgroup]
imagen API · migrate deploy + readiness (ASR-09)	Run actions/checkout@v7	2026-09-17T18:50:48.7460555Z ##[group]Determining the checkout info
imagen API · migrate deploy + readiness (ASR-09)	Run actions/checkout@v7	2026-09-17T18:50:48.7462237Z ##[endgroup]
imagen API · migrate deploy + readiness (ASR-09)	Run actions/checkout@v7	2026-09-17T18:50:48.7463272Z [command]/usr/bin/git sparse-checkout disable
imagen API · migrate deploy + readiness (ASR-09)	Run actions/checkout@v7	2026-09-17T18:50:48.7511096Z [command]/usr/bin/git config --local --unset-all extensions.worktreeConfig
imagen API · migrate deploy + readiness (ASR-09)	Run actions/checkout@v7	2026-09-17T18:50:48.7552752Z ##[group]Checking out the ref
imagen API · migrate deploy + readiness (ASR-09)	Run actions/checkout@v7	2026-09-17T18:50:48.7556158Z [command]/usr/bin/git checkout --progress --force refs/remotes/pull/1/merge
imagen API · migrate deploy + readiness (ASR-09)	Run actions/checkout@v7	2026-09-17T18:50:48.8504653Z Note: switching to 'refs/remotes/pull/1/merge'.
imagen API · migrate deploy + readiness (ASR-09)	Run actions/checkout@v7	2026-09-17T18:50:48.8525553Z 
imagen API · migrate deploy + readiness (ASR-09)	Run actions/checkout@v7	2026-09-17T18:50:48.8549912Z You are in 'detached HEAD' state. You can look around, make experimental
imagen API · migrate deploy + readiness (ASR-09)	Run actions/checkout@v7	2026-09-17T18:50:48.8562484Z changes and commit them, and you can discard any commits you make in this
imagen API · migrate deploy + readiness (ASR-09)	Run actions/checkout@v7	2026-09-17T18:50:48.8579469Z state without impacting any branches by switching back to a branch.
imagen API · migrate deploy + readiness (ASR-09)	Run actions/checkout@v7	2026-09-17T18:50:48.8596282Z 
imagen API · migrate deploy + readiness (ASR-09)	Run actions/checkout@v7	2026-09-17T18:50:48.8619504Z If you want to create a new branch to retain commits you create, you may
imagen API · migrate deploy + readiness (ASR-09)	Run actions/checkout@v7	2026-09-17T18:50:48.8624063Z do so (now or later) by using -c with the switch command. Example:
imagen API · migrate deploy + readiness (ASR-09)	Run actions/checkout@v7	2026-09-17T18:50:48.8647172Z 
imagen API · migrate deploy + readiness (ASR-09)	Run actions/checkout@v7	2026-09-17T18:50:48.8664642Z   git switch -c <new-branch-name>
imagen API · migrate deploy + readiness (ASR-09)	Run actions/checkout@v7	2026-09-17T18:50:48.8666919Z 
imagen API · migrate deploy + readiness (ASR-09)	Run actions/checkout@v7	2026-09-17T18:50:48.8668820Z Or undo this operation with:
imagen API · migrate deploy + readiness (ASR-09)	Run actions/checkout@v7	2026-09-17T18:50:48.8670363Z 
imagen API · migrate deploy + readiness (ASR-09)	Run actions/checkout@v7	2026-09-17T18:50:48.8671434Z   git switch -
imagen API · migrate deploy + readiness (ASR-09)	Run actions/checkout@v7	2026-09-17T18:50:48.8673024Z 
imagen API · migrate deploy + readiness (ASR-09)	Run actions/checkout@v7	2026-09-17T18:50:48.8674443Z Turn off this advice by setting config variable advice.detachedHead to false
imagen API · migrate deploy + readiness (ASR-09)	Run actions/checkout@v7	2026-09-17T18:50:48.8677429Z 
imagen API · migrate deploy + readiness (ASR-09)	Run actions/checkout@v7	2026-09-17T18:50:48.8682015Z HEAD is now at 4db6fce Merge 51f981c983522fe363dbdd2e3e6ac17efca79710 into 67dfac38cdcbfff7cfd1b4070698e54de703b131
imagen API · migrate deploy + readiness (ASR-09)	Run actions/checkout@v7	2026-09-17T18:50:48.8689972Z ##[endgroup]
imagen API · migrate deploy + readiness (ASR-09)	Run actions/checkout@v7	2026-09-17T18:50:48.8696435Z [command]/usr/bin/git log -1 --format=%H
imagen API · migrate deploy + readiness (ASR-09)	Run actions/checkout@v7	2026-09-17T18:50:48.8700007Z 4db6fce940aba7d29a85eb2b60daf97cf12ec594
imagen API · migrate deploy + readiness (ASR-09)	Build de la imagen OCI	﻿2026-09-17T18:50:48.9009584Z ##[group]Run docker build -f apps/api/Dockerfile --build-arg RENDER_GIT_COMMIT=4db6fce940aba7d29a85eb2b60daf97cf12ec594 -t be-api:4db6fce940aba7d29a85eb2b60daf97cf12ec594 .
imagen API · migrate deploy + readiness (ASR-09)	Build de la imagen OCI	2026-09-17T18:50:48.9012613Z ^[[36;1mdocker build -f apps/api/Dockerfile --build-arg RENDER_GIT_COMMIT=4db6fce940aba7d29a85eb2b60daf97cf12ec594 -t be-api:4db6fce940aba7d29a85eb2b60daf97cf12ec594 .^[[0m
imagen API · migrate deploy + readiness (ASR-09)	Build de la imagen OCI	2026-09-17T18:50:48.9058433Z shell: /usr/bin/bash -e {0}
imagen API · migrate deploy + readiness (ASR-09)	Build de la imagen OCI	2026-09-17T18:50:48.9059486Z ##[endgroup]
imagen API · migrate deploy + readiness (ASR-09)	Build de la imagen OCI	2026-09-17T18:50:49.5961015Z #0 building with "default" instance using docker driver
imagen API · migrate deploy + readiness (ASR-09)	Build de la imagen OCI	2026-09-17T18:50:49.5964486Z 
imagen API · migrate deploy + readiness (ASR-09)	Build de la imagen OCI	2026-09-17T18:50:49.5987159Z #1 [internal] load build definition from Dockerfile
imagen API · migrate deploy + readiness (ASR-09)	Build de la imagen OCI	2026-09-17T18:50:49.6008843Z #1 transferring dockerfile: 2.67kB done
imagen API · migrate deploy + readiness (ASR-09)	Build de la imagen OCI	2026-09-17T18:50:49.6030189Z #1 DONE 0.0s
imagen API · migrate deploy + readiness (ASR-09)	Build de la imagen OCI	2026-09-17T18:50:49.6033592Z 
imagen API · migrate deploy + readiness (ASR-09)	Build de la imagen OCI	2026-09-17T18:50:49.6050617Z #2 [auth] library/node:pull token for registry-1.docker.io
imagen API · migrate deploy + readiness (ASR-09)	Build de la imagen OCI	2026-09-17T18:50:49.6052383Z #2 DONE 0.0s
imagen API · migrate deploy + readiness (ASR-09)	Build de la imagen OCI	2026-09-17T18:50:49.6052823Z 
imagen API · migrate deploy + readiness (ASR-09)	Build de la imagen OCI	2026-09-17T18:50:49.6053798Z #3 [internal] load metadata for docker.io/library/node:22.23.2-bookworm-slim
imagen API · migrate deploy + readiness (ASR-09)	Build de la imagen OCI	2026-09-17T18:50:49.7918283Z #3 DONE 0.4s
imagen API · migrate deploy + readiness (ASR-09)	Build de la imagen OCI	2026-09-17T18:50:49.9384730Z 
imagen API · migrate deploy + readiness (ASR-09)	Build de la imagen OCI	2026-09-17T18:50:49.9386073Z #4 [internal] load .dockerignore
imagen API · migrate deploy + readiness (ASR-09)	Build de la imagen OCI	2026-09-17T18:50:49.9387208Z #4 transferring context: 185B done
imagen API · migrate deploy + readiness (ASR-09)	Build de la imagen OCI	2026-09-17T18:50:49.9388744Z #4 DONE 0.0s
imagen API · migrate deploy + readiness (ASR-09)	Build de la imagen OCI	2026-09-17T18:50:49.9389419Z 
imagen API · migrate deploy + readiness (ASR-09)	Build de la imagen OCI	2026-09-17T18:50:49.9389888Z #5 [internal] load build context
imagen API · migrate deploy + readiness (ASR-09)	Build de la imagen OCI	2026-09-17T18:50:49.9391208Z #5 transferring context: 545.65kB 0.0s done
imagen API · migrate deploy + readiness (ASR-09)	Build de la imagen OCI	2026-09-17T18:50:49.9393034Z #5 DONE 0.0s
imagen API · migrate deploy + readiness (ASR-09)	Build de la imagen OCI	2026-09-17T18:50:49.9393700Z 
imagen API · migrate deploy + readiness (ASR-09)	Build de la imagen OCI	2026-09-17T18:50:49.9396604Z #6 [base 1/3] FROM docker.io/library/node:22.23.2-bookworm-slim@sha256:83f487e0a63425e5b4d146fb5e5be574bcbe1b7b843d3ebafdd95eaf7767a7e5
imagen API · migrate deploy + readiness (ASR-09)	Build de la imagen OCI	2026-09-17T18:50:49.9402225Z #6 resolve docker.io/library/node:22.23.2-bookworm-slim@sha256:83f487e0a63425e5b4d146fb5e5be574bcbe1b7b843d3ebafdd95eaf7767a7e5 done
imagen API · migrate deploy + readiness (ASR-09)	Build de la imagen OCI	2026-09-17T18:50:49.9408528Z #6 sha256:51c53f95c2cae3d00dfc0350297c92dea913fe129ec38b8deb8313e5f3e0297d 0B / 49.94MB 0.1s
imagen API · migrate deploy + readiness (ASR-09)	Build de la imagen OCI	2026-09-17T18:50:49.9413669Z #6 sha256:3cddab114edadc7cf5a7b0b591e59f6312aade3dc4fb68e88aacca5eb1cc1c03 0B / 1.71MB 0.1s
imagen API · migrate deploy + readiness (ASR-09)	Build de la imagen OCI	2026-09-17T18:50:49.9417653Z #6 sha256:83f487e0a63425e5b4d146fb5e5be574bcbe1b7b843d3ebafdd95eaf7767a7e5 5.22kB / 5.22kB done
imagen API · migrate deploy + readiness (ASR-09)	Build de la imagen OCI	2026-09-17T18:50:49.9421819Z #6 sha256:4d676821dff059fd00d277ee4261ef34ea712317fed0737c03941481b5760c96 1.93kB / 1.93kB done
imagen API · migrate deploy + readiness (ASR-09)	Build de la imagen OCI	2026-09-17T18:50:49.9425985Z #6 sha256:6e6261159fd399ebe5a3d556b7d89da9c85c873f3f270918aad6c8107da8b411 6.87kB / 6.87kB done
imagen API · migrate deploy + readiness (ASR-09)	Build de la imagen OCI	2026-09-17T18:50:49.9432196Z #6 sha256:a8ac7f6c67abc236e4c745052c404112b8fab6fe8ac3a329d1ef3b867ad67c71 9.44MB / 28.23MB 0.1s
imagen API · migrate deploy + readiness (ASR-09)	Build de la imagen OCI	2026-09-17T18:50:49.9437101Z #6 sha256:cea7eb9bbe80eabf8356efb28b3796ab904f36a32049aeb6b435920ca93f9285 3.31kB / 3.31kB 0.1s done
imagen API · migrate deploy + readiness (ASR-09)	Build de la imagen OCI	2026-09-17T18:50:50.0418942Z #6 sha256:51c53f95c2cae3d00dfc0350297c92dea913fe129ec38b8deb8313e5f3e0297d 24.12MB / 49.94MB 0.2s
imagen API · migrate deploy + readiness (ASR-09)	Build de la imagen OCI	2026-09-17T18:50:50.0424073Z #6 sha256:3cddab114edadc7cf5a7b0b591e59f6312aade3dc4fb68e88aacca5eb1cc1c03 1.71MB / 1.71MB 0.2s done
imagen API · migrate deploy + readiness (ASR-09)	Build de la imagen OCI	2026-09-17T18:50:50.0429114Z #6 sha256:a8ac7f6c67abc236e4c745052c404112b8fab6fe8ac3a329d1ef3b867ad67c71 28.23MB / 28.23MB 0.2s done
imagen API · migrate deploy + readiness (ASR-09)	Build de la imagen OCI	2026-09-17T18:50:50.0433862Z #6 sha256:0282d618b52cd2eb8fcf041e780cd66b15e7ebae519a4054c5d293eae6b6d34f 447B / 447B 0.2s done
imagen API · migrate deploy + readiness (ASR-09)	Build de la imagen OCI	2026-09-17T18:50:50.1885899Z #6 sha256:51c53f95c2cae3d00dfc0350297c92dea913fe129ec38b8deb8313e5f3e0297d 49.94MB / 49.94MB 0.3s
imagen API · migrate deploy + readiness (ASR-09)	Build de la imagen OCI	2026-09-17T18:50:50.1893762Z #6 extracting sha256:a8ac7f6c67abc236e4c745052c404112b8fab6fe8ac3a329d1ef3b867ad67c71 0.1s
imagen API · migrate deploy + readiness (ASR-09)	Build de la imagen OCI	2026-09-17T18:50:50.2997023Z #6 sha256:51c53f95c2cae3d00dfc0350297c92dea913fe129ec38b8deb8313e5f3e0297d 49.94MB / 49.94MB 0.3s done
imagen API · migrate deploy + readiness (ASR-09)	Build de la imagen OCI	2026-09-17T18:50:51.5337199Z #6 extracting sha256:a8ac7f6c67abc236e4c745052c404112b8fab6fe8ac3a329d1ef3b867ad67c71 1.4s done
imagen API · migrate deploy + readiness (ASR-09)	Build de la imagen OCI	2026-09-17T18:50:51.7176871Z #6 extracting sha256:cea7eb9bbe80eabf8356efb28b3796ab904f36a32049aeb6b435920ca93f9285 done
imagen API · migrate deploy + readiness (ASR-09)	Build de la imagen OCI	2026-09-17T18:50:53.2927284Z #6 extracting sha256:51c53f95c2cae3d00dfc0350297c92dea913fe129ec38b8deb8313e5f3e0297d
imagen API · migrate deploy + readiness (ASR-09)	Build de la imagen OCI	2026-09-17T18:50:54.9979176Z #6 extracting sha256:51c53f95c2cae3d00dfc0350297c92dea913fe129ec38b8deb8313e5f3e0297d 1.6s done
imagen API · migrate deploy + readiness (ASR-09)	Build de la imagen OCI	2026-09-17T18:50:55.3569179Z #6 extracting sha256:3cddab114edadc7cf5a7b0b591e59f6312aade3dc4fb68e88aacca5eb1cc1c03
imagen API · migrate deploy + readiness (ASR-09)	Build de la imagen OCI	2026-09-17T18:50:55.4643869Z #6 extracting sha256:3cddab114edadc7cf5a7b0b591e59f6312aade3dc4fb68e88aacca5eb1cc1c03 0.1s done
imagen API · migrate deploy + readiness (ASR-09)	Build de la imagen OCI	2026-09-17T18:50:55.4648007Z #6 extracting sha256:0282d618b52cd2eb8fcf041e780cd66b15e7ebae519a4054c5d293eae6b6d34f done
imagen API · migrate deploy + readiness (ASR-09)	Build de la imagen OCI	2026-09-17T18:50:55.4650437Z #6 DONE 5.6s
imagen API · migrate deploy + readiness (ASR-09)	Build de la imagen OCI	2026-09-17T18:50:55.6147755Z 
imagen API · migrate deploy + readiness (ASR-09)	Build de la imagen OCI	2026-09-17T18:50:55.6150163Z #7 [base 2/3] RUN apt-get update  && apt-get install -y --no-install-recommends openssl ca-certificates  && rm -rf /var/lib/apt/lists/*
imagen API · migrate deploy + readiness (ASR-09)	Build de la imagen OCI	2026-09-17T18:50:55.6562323Z #7 0.192 Get:1 http://deb.debian.org/debian bookworm InRelease [151 kB]
imagen API · migrate deploy + readiness (ASR-09)	Build de la imagen OCI	2026-09-17T18:50:55.8159797Z #7 0.210 Get:2 http://deb.debian.org/debian bookworm-updates InRelease [55.4 kB]
imagen API · migrate deploy + readiness (ASR-09)	Build de la imagen OCI	2026-09-17T18:50:55.8161270Z #7 0.222 Get:3 http://deb.debian.org/debian-security bookworm-security InRelease [34.8 kB]
imagen API · migrate deploy + readiness (ASR-09)	Build de la imagen OCI	2026-09-17T18:50:55.8162497Z #7 0.273 Get:4 http://deb.debian.org/debian bookworm/main amd64 Packages [8790 kB]
imagen API · migrate deploy + readiness (ASR-09)	Build de la imagen OCI	2026-09-17T18:50:55.8163753Z #7 0.351 Get:5 http://deb.debian.org/debian bookworm-updates/main amd64 Packages [6924 B]
imagen API · migrate deploy + readiness (ASR-09)	Build de la imagen OCI	2026-09-17T18:50:56.0201712Z #7 0.404 Get:6 http://deb.debian.org/debian-security bookworm-security/main amd64 Packages [339 kB]
imagen API · migrate deploy + readiness (ASR-09)	Build de la imagen OCI	2026-09-17T18:50:56.5976980Z #7 1.134 Fetched 9378 kB in 1s (9762 kB/s)
imagen API · migrate deploy + readiness (ASR-09)	Build de la imagen OCI	2026-09-17T18:50:56.9944862Z #7 1.134 Reading package lists...
imagen API · migrate deploy + readiness (ASR-09)	Build de la imagen OCI	2026-09-17T18:50:57.4441029Z #7 1.549 Reading package lists...
imagen API · migrate deploy + readiness (ASR-09)	Build de la imagen OCI	2026-09-17T18:50:57.5475977Z #7 1.991 Building dependency tree...
imagen API · migrate deploy + readiness (ASR-09)	Build de la imagen OCI	2026-09-17T18:50:57.6661458Z #7 2.084 Reading state information...
imagen API · migrate deploy + readiness (ASR-09)	Build de la imagen OCI	2026-09-17T18:50:57.6665821Z #7 2.173 The following additional packages will be installed:
imagen API · migrate deploy + readiness (ASR-09)	Build de la imagen OCI	2026-09-17T18:50:57.6666781Z #7 2.174   libssl3
imagen API · migrate deploy + readiness (ASR-09)	Build de la imagen OCI	2026-09-17T18:50:57.6667529Z #7 2.202 The following NEW packages will be installed:
imagen API · migrate deploy + readiness (ASR-09)	Build de la imagen OCI	2026-09-17T18:50:57.8462698Z #7 2.203   ca-certificates libssl3 openssl
imagen API · migrate deploy + readiness (ASR-09)	Build de la imagen OCI	2026-09-17T18:50:57.8464121Z #7 2.235 0 upgraded, 3 newly installed, 0 to remove and 2 not upgraded.
imagen API · migrate deploy + readiness (ASR-09)	Build de la imagen OCI	2026-09-17T18:50:57.8465697Z #7 2.235 Need to get 3637 kB of archives.
imagen API · migrate deploy + readiness (ASR-09)	Build de la imagen OCI	2026-09-17T18:50:57.8478977Z #7 2.235 After this operation, 8940 kB of additional disk space will be used.
imagen API · migrate deploy + readiness (ASR-09)	Build de la imagen OCI	2026-09-17T18:50:57.8487230Z #7 2.235 Get:1 http://deb.debian.org/debian bookworm/main amd64 libssl3 amd64 3.0.20-1~deb12u2 [2036 kB]
imagen API · migrate deploy + readiness (ASR-09)	Build de la imagen OCI	2026-09-17T18:50:57.8498981Z #7 2.289 Get:2 http://deb.debian.org/debian bookworm/main amd64 openssl amd64 3.0.20-1~deb12u2 [1439 kB]
imagen API · migrate deploy + readiness (ASR-09)	Build de la imagen OCI	2026-09-17T18:50:57.8510663Z #7 2.297 Get:3 http://deb.debian.org/debian-security bookworm-security/main amd64 ca-certificates all 20250419~deb12u1 [162 kB]
imagen API · migrate deploy + readiness (ASR-09)	Build de la imagen OCI	2026-09-17T18:50:57.8518775Z #7 2.383 debconf: delaying package configuration, since apt-utils is not installed
imagen API · migrate deploy + readiness (ASR-09)	Build de la imagen OCI	2026-09-17T18:50:58.0312681Z #7 2.413 Fetched 3637 kB in 0s (40.2 MB/s)
imagen API · migrate deploy + readiness (ASR-09)	Build de la imagen OCI	2026-09-17T18:50:58.0313408Z #7 2.435 Selecting previously unselected package libssl3:amd64.
imagen API · migrate deploy + readiness (ASR-09)	Build de la imagen OCI	2026-09-17T18:50:58.0314163Z #7 2.435 (Reading database ... 
imagen API · migrate deploy + readiness (ASR-09)	Build de la imagen OCI	2026-09-17T18:50:58.0315846Z (Reading database ... 5%
imagen API · migrate deploy + readiness (ASR-09)	Build de la imagen OCI	2026-09-17T18:50:58.0316149Z (Reading database ... 10%
imagen API · migrate deploy + readiness (ASR-09)	Build de la imagen OCI	2026-09-17T18:50:58.0316395Z (Reading database ... 15%
imagen API · migrate deploy + readiness (ASR-09)	Build de la imagen OCI	2026-09-17T18:50:58.0316637Z (Reading database ... 20%
imagen API · migrate deploy + readiness (ASR-09)	Build de la imagen OCI	2026-09-17T18:50:58.0316875Z (Reading database ... 25%
imagen API · migrate deploy + readiness (ASR-09)	Build de la imagen OCI	2026-09-17T18:50:58.0317110Z (Reading database ... 30%
imagen API · migrate deploy + readiness (ASR-09)	Build de la imagen OCI	2026-09-17T18:50:58.0317342Z (Reading database ... 35%
imagen API · migrate deploy + readiness (ASR-09)	Build de la imagen OCI	2026-09-17T18:50:58.0317575Z (Reading database ... 40%
imagen API · migrate deploy + readiness (ASR-09)	Build de la imagen OCI	2026-09-17T18:50:58.0318102Z (Reading database ... 45%
imagen API · migrate deploy + readiness (ASR-09)	Build de la imagen OCI	2026-09-17T18:50:58.0318360Z (Reading database ... 50%
imagen API · migrate deploy + readiness (ASR-09)	Build de la imagen OCI	2026-09-17T18:50:58.0430220Z (Reading database ... 55%
imagen API · migrate deploy + readiness (ASR-09)	Build de la imagen OCI	2026-09-17T18:50:58.0430711Z (Reading database ... 60%
imagen API · migrate deploy + readiness (ASR-09)	Build de la imagen OCI	2026-09-17T18:50:58.0431142Z (Reading database ... 65%
imagen API · migrate deploy + readiness (ASR-09)	Build de la imagen OCI	2026-09-17T18:50:58.0431533Z (Reading database ... 70%
imagen API · migrate deploy + readiness (ASR-09)	Build de la imagen OCI	2026-09-17T18:50:58.0431962Z (Reading database ... 75%
imagen API · migrate deploy + readiness (ASR-09)	Build de la imagen OCI	2026-09-17T18:50:58.0432344Z (Reading database ... 80%
imagen API · migrate deploy + readiness (ASR-09)	Build de la imagen OCI	2026-09-17T18:50:58.0432732Z (Reading database ... 85%
imagen API · migrate deploy + readiness (ASR-09)	Build de la imagen OCI	2026-09-17T18:50:58.0433103Z (Reading database ... 90%
imagen API · migrate deploy + readiness (ASR-09)	Build de la imagen OCI	2026-09-17T18:50:58.0433497Z (Reading database ... 95%
imagen API · migrate deploy + readiness (ASR-09)	Build de la imagen OCI	2026-09-17T18:50:58.0433912Z (Reading database ... 100%
imagen API · migrate deploy + readiness (ASR-09)	Build de la imagen OCI	2026-09-17T18:50:58.0434773Z (Reading database ... 6096 files and directories currently installed.)
imagen API · migrate deploy + readiness (ASR-09)	Build de la imagen OCI	2026-09-17T18:50:58.0435609Z #7 2.443 Preparing to unpack .../libssl3_3.0.20-1~deb12u2_amd64.deb ...
imagen API · migrate deploy + readiness (ASR-09)	Build de la imagen OCI	2026-09-17T18:50:58.0436322Z #7 2.445 Unpacking libssl3:amd64 (3.0.20-1~deb12u2) ...
imagen API · migrate deploy + readiness (ASR-09)	Build de la imagen OCI	2026-09-17T18:50:58.1390197Z #7 2.567 Selecting previously unselected package openssl.
imagen API · migrate deploy + readiness (ASR-09)	Build de la imagen OCI	2026-09-17T18:50:58.1391018Z #7 2.571 Preparing to unpack .../openssl_3.0.20-1~deb12u2_amd64.deb ...
imagen API · migrate deploy + readiness (ASR-09)	Build de la imagen OCI	2026-09-17T18:50:58.1392024Z #7 2.573 Unpacking openssl (3.0.20-1~deb12u2) ...
imagen API · migrate deploy + readiness (ASR-09)	Build de la imagen OCI	2026-09-17T18:50:58.1393003Z #7 2.675 Selecting previously unselected package ca-certificates.
imagen API · migrate deploy + readiness (ASR-09)	Build de la imagen OCI	2026-09-17T18:50:58.2609110Z #7 2.677 Preparing to unpack .../ca-certificates_20250419~deb12u1_all.deb ...
imagen API · migrate deploy + readiness (ASR-09)	Build de la imagen OCI	2026-09-17T18:50:58.2611393Z #7 2.678 Unpacking ca-certificates (20250419~deb12u1) ...
imagen API · migrate deploy + readiness (ASR-09)	Build de la imagen OCI	2026-09-17T18:50:58.2612662Z #7 2.723 Setting up libssl3:amd64 (3.0.20-1~deb12u2) ...
imagen API · migrate deploy + readiness (ASR-09)	Build de la imagen OCI	2026-09-17T18:50:58.2613485Z #7 2.725 Setting up openssl (3.0.20-1~deb12u2) ...
imagen API · migrate deploy + readiness (ASR-09)	Build de la imagen OCI	2026-09-17T18:50:58.2614358Z #7 2.730 Setting up ca-certificates (20250419~deb12u1) ...
imagen API · migrate deploy + readiness (ASR-09)	Build de la imagen OCI	2026-09-17T18:50:58.2615208Z #7 2.797 debconf: unable to initialize frontend: Dialog
imagen API · migrate deploy + readiness (ASR-09)	Build de la imagen OCI	2026-09-17T18:50:58.2616392Z #7 2.797 debconf: (TERM is not set, so the dialog frontend is not usable.)
imagen API · migrate deploy + readiness (ASR-09)	Build de la imagen OCI	2026-09-17T18:50:58.2628826Z #7 2.797 debconf: falling back to frontend: Readline
imagen API · migrate deploy + readiness (ASR-09)	Build de la imagen OCI	2026-09-17T18:50:58.4115327Z #7 2.797 debconf: unable to initialize frontend: Readline
imagen API · migrate deploy + readiness (ASR-09)	Build de la imagen OCI	2026-09-17T18:50:58.4124256Z #7 2.797 debconf: (Can't locate Term/ReadLine.pm in @INC (you may need to install the Term::ReadLine module) (@INC contains: /etc/perl /usr/local/lib/x86_64-linux-gnu/perl/5.36.0 /usr/local/share/perl/5.36.0 /usr/lib/x86_64-linux-gnu/perl5/5.36 /usr/share/perl5 /usr/lib/x86_64-linux-gnu/perl-base /usr/lib/x86_64-linux-gnu/perl/5.36 /usr/share/perl/5.36 /usr/local/lib/site_perl) at /usr/share/perl5/Debconf/FrontEnd/Readline.pm line 7.)
imagen API · migrate deploy + readiness (ASR-09)	Build de la imagen OCI	2026-09-17T18:50:58.4127579Z #7 2.797 debconf: falling back to frontend: Teletype
imagen API · migrate deploy + readiness (ASR-09)	Build de la imagen OCI	2026-09-17T18:50:58.6670411Z #7 3.203 Updating certificates in /etc/ssl/certs...
imagen API · migrate deploy + readiness (ASR-09)	Build de la imagen OCI	2026-09-17T18:50:59.2590555Z #7 3.795 150 added, 0 removed; done.
imagen API · migrate deploy + readiness (ASR-09)	Build de la imagen OCI	2026-09-17T18:50:59.4367484Z #7 3.809 Processing triggers for libc-bin (2.36-9+deb12u14) ...
imagen API · migrate deploy + readiness (ASR-09)	Build de la imagen OCI	2026-09-17T18:50:59.4370506Z #7 3.818 Processing triggers for ca-certificates (20250419~deb12u1) ...
imagen API · migrate deploy + readiness (ASR-09)	Build de la imagen OCI	2026-09-17T18:50:59.4371334Z #7 3.822 Updating certificates in /etc/ssl/certs...
imagen API · migrate deploy + readiness (ASR-09)	Build de la imagen OCI	2026-09-17T18:50:59.7505776Z #7 4.287 0 added, 0 removed; done.
imagen API · migrate deploy + readiness (ASR-09)	Build de la imagen OCI	2026-09-17T18:50:59.7507311Z #7 4.287 Running hooks in /etc/ca-certificates/update.d...
imagen API · migrate deploy + readiness (ASR-09)	Build de la imagen OCI	2026-09-17T18:50:59.8541504Z #7 4.288 done.
imagen API · migrate deploy + readiness (ASR-09)	Build de la imagen OCI	2026-09-17T18:50:59.8542084Z #7 DONE 4.3s
imagen API · migrate deploy + readiness (ASR-09)	Build de la imagen OCI	2026-09-17T18:50:59.8542863Z 
imagen API · migrate deploy + readiness (ASR-09)	Build de la imagen OCI	2026-09-17T18:50:59.8543406Z #8 [base 3/3] WORKDIR /app
imagen API · migrate deploy + readiness (ASR-09)	Build de la imagen OCI	2026-09-17T18:50:59.8544872Z #8 DONE 0.0s
imagen API · migrate deploy + readiness (ASR-09)	Build de la imagen OCI	2026-09-17T18:50:59.8545301Z 
imagen API · migrate deploy + readiness (ASR-09)	Build de la imagen OCI	2026-09-17T18:50:59.8546646Z #9 [deps 1/6] COPY package.json package-lock.json .npmrc ./
imagen API · migrate deploy + readiness (ASR-09)	Build de la imagen OCI	2026-09-17T18:50:59.8547452Z #9 DONE 0.0s
imagen API · migrate deploy + readiness (ASR-09)	Build de la imagen OCI	2026-09-17T18:50:59.8549872Z 
imagen API · migrate deploy + readiness (ASR-09)	Build de la imagen OCI	2026-09-17T18:50:59.8553579Z #10 [build  1/11] COPY package.json package-lock.json .npmrc tsconfig.base.json ./
imagen API · migrate deploy + readiness (ASR-09)	Build de la imagen OCI	2026-09-17T18:50:59.9574328Z #10 DONE 0.0s
imagen API · migrate deploy + readiness (ASR-09)	Build de la imagen OCI	2026-09-17T18:50:59.9574834Z 
imagen API · migrate deploy + readiness (ASR-09)	Build de la imagen OCI	2026-09-17T18:50:59.9575349Z #11 [deps 2/6] COPY packages/domain/package.json packages/domain/
imagen API · migrate deploy + readiness (ASR-09)	Build de la imagen OCI	2026-09-17T18:50:59.9576129Z #11 DONE 0.0s
imagen API · migrate deploy + readiness (ASR-09)	Build de la imagen OCI	2026-09-17T18:50:59.9576487Z 
imagen API · migrate deploy + readiness (ASR-09)	Build de la imagen OCI	2026-09-17T18:50:59.9577143Z #12 [build  2/11] COPY packages/domain/package.json packages/domain/
imagen API · migrate deploy + readiness (ASR-09)	Build de la imagen OCI	2026-09-17T18:50:59.9578779Z #12 DONE 0.0s
imagen API · migrate deploy + readiness (ASR-09)	Build de la imagen OCI	2026-09-17T18:50:59.9579423Z 
imagen API · migrate deploy + readiness (ASR-09)	Build de la imagen OCI	2026-09-17T18:50:59.9580017Z #13 [deps 3/6] COPY apps/api/package.json apps/api/
imagen API · migrate deploy + readiness (ASR-09)	Build de la imagen OCI	2026-09-17T18:50:59.9580929Z #13 DONE 0.0s
imagen API · migrate deploy + readiness (ASR-09)	Build de la imagen OCI	2026-09-17T18:50:59.9581308Z 
imagen API · migrate deploy + readiness (ASR-09)	Build de la imagen OCI	2026-09-17T18:50:59.9581695Z #14 [build  3/11] COPY apps/api/package.json apps/api/
imagen API · migrate deploy + readiness (ASR-09)	Build de la imagen OCI	2026-09-17T18:50:59.9582407Z #14 DONE 0.0s
imagen API · migrate deploy + readiness (ASR-09)	Build de la imagen OCI	2026-09-17T18:50:59.9582874Z 
imagen API · migrate deploy + readiness (ASR-09)	Build de la imagen OCI	2026-09-17T18:50:59.9583250Z #15 [deps 4/6] COPY apps/web/package.json apps/web/
imagen API · migrate deploy + readiness (ASR-09)	Build de la imagen OCI	2026-09-17T18:50:59.9584271Z #15 DONE 0.0s
imagen API · migrate deploy + readiness (ASR-09)	Build de la imagen OCI	2026-09-17T18:50:59.9584968Z 
imagen API · migrate deploy + readiness (ASR-09)	Build de la imagen OCI	2026-09-17T18:50:59.9585553Z #16 [build  4/11] COPY apps/web/package.json apps/web/
imagen API · migrate deploy + readiness (ASR-09)	Build de la imagen OCI	2026-09-17T18:50:59.9586522Z #16 DONE 0.0s
imagen API · migrate deploy + readiness (ASR-09)	Build de la imagen OCI	2026-09-17T18:50:59.9588370Z 
imagen API · migrate deploy + readiness (ASR-09)	Build de la imagen OCI	2026-09-17T18:50:59.9588793Z #17 [build  5/11] COPY apps/mobile/package.json apps/mobile/
imagen API · migrate deploy + readiness (ASR-09)	Build de la imagen OCI	2026-09-17T18:50:59.9589521Z #17 DONE 0.0s
imagen API · migrate deploy + readiness (ASR-09)	Build de la imagen OCI	2026-09-17T18:50:59.9589864Z 
imagen API · migrate deploy + readiness (ASR-09)	Build de la imagen OCI	2026-09-17T18:50:59.9590243Z #18 [deps 5/6] COPY apps/mobile/package.json apps/mobile/
imagen API · migrate deploy + readiness (ASR-09)	Build de la imagen OCI	2026-09-17T18:51:00.1124606Z #18 DONE 0.0s
imagen API · migrate deploy + readiness (ASR-09)	Build de la imagen OCI	2026-09-17T18:51:00.1125284Z 
imagen API · migrate deploy + readiness (ASR-09)	Build de la imagen OCI	2026-09-17T18:51:00.1129755Z #19 [deps 6/6] RUN npm ci -w @be/api -w @be/domain --include-workspace-root --omit=dev
imagen API · migrate deploy + readiness (ASR-09)	Build de la imagen OCI	2026-09-17T18:51:10.0539523Z #19 ...
imagen API · migrate deploy + readiness (ASR-09)	Build de la imagen OCI	2026-09-17T18:51:10.0539844Z 
imagen API · migrate deploy + readiness (ASR-09)	Build de la imagen OCI	2026-09-17T18:51:10.0540266Z #20 [build  6/11] RUN npm ci -w @be/api -w @be/domain --include-workspace-root
imagen API · migrate deploy + readiness (ASR-09)	Build de la imagen OCI	2026-09-17T18:51:13.6240068Z #20 13.66 npm warn deprecated glob@10.5.0: Old versions of glob are not supported, and contain widely publicized security vulnerabilities, which have been fixed in the current version. Please update. Support for old versions may be purchased (at exorbitant rates) by contacting i@izs.me
imagen API · migrate deploy + readiness (ASR-09)	Build de la imagen OCI	2026-09-17T18:51:13.7811645Z #20 13.67 npm warn deprecated glob@10.5.0: Old versions of glob are not supported, and contain widely publicized security vulnerabilities, which have been fixed in the current version. Please update. Support for old versions may be purchased (at exorbitant rates) by contacting i@izs.me
imagen API · migrate deploy + readiness (ASR-09)	Build de la imagen OCI	2026-09-17T18:51:20.7154745Z #20 ...
imagen API · migrate deploy + readiness (ASR-09)	Build de la imagen OCI	2026-09-17T18:51:20.7156466Z 
imagen API · migrate deploy + readiness (ASR-09)	Build de la imagen OCI	2026-09-17T18:51:20.7157619Z #19 [deps 6/6] RUN npm ci -w @be/api -w @be/domain --include-workspace-root --omit=dev
imagen API · migrate deploy + readiness (ASR-09)	Build de la imagen OCI	2026-09-17T18:51:20.7159128Z #19 20.75 
imagen API · migrate deploy + readiness (ASR-09)	Build de la imagen OCI	2026-09-17T18:51:20.7159945Z #19 20.75 added 244 packages, and audited 247 packages in 20s
imagen API · migrate deploy + readiness (ASR-09)	Build de la imagen OCI	2026-09-17T18:51:20.8715447Z #19 20.76 
imagen API · migrate deploy + readiness (ASR-09)	Build de la imagen OCI	2026-09-17T18:51:20.8716913Z #19 20.76 found 0 vulnerabilities
imagen API · migrate deploy + readiness (ASR-09)	Build de la imagen OCI	2026-09-17T18:51:20.8717936Z #19 20.76 npm notice
imagen API · migrate deploy + readiness (ASR-09)	Build de la imagen OCI	2026-09-17T18:51:20.8718960Z #19 20.76 npm notice New major version of npm available! 10.9.8 -> 12.0.2
imagen API · migrate deploy + readiness (ASR-09)	Build de la imagen OCI	2026-09-17T18:51:20.8720086Z #19 20.76 npm notice Changelog: https://github.com/npm/cli/releases/tag/v12.0.2
imagen API · migrate deploy + readiness (ASR-09)	Build de la imagen OCI	2026-09-17T18:51:20.8721069Z #19 20.76 npm notice To update run: npm install -g npm@12.0.2
imagen API · migrate deploy + readiness (ASR-09)	Build de la imagen OCI	2026-09-17T18:51:20.8721833Z #19 20.76 npm notice
imagen API · migrate deploy + readiness (ASR-09)	Build de la imagen OCI	2026-09-17T18:51:22.6540657Z #19 DONE 22.7s
imagen API · migrate deploy + readiness (ASR-09)	Build de la imagen OCI	2026-09-17T18:51:22.6541202Z 
imagen API · migrate deploy + readiness (ASR-09)	Build de la imagen OCI	2026-09-17T18:51:22.6541965Z #20 [build  6/11] RUN npm ci -w @be/api -w @be/domain --include-workspace-root
imagen API · migrate deploy + readiness (ASR-09)	Build de la imagen OCI	2026-09-17T18:51:24.3056151Z #20 ...
imagen API · migrate deploy + readiness (ASR-09)	Build de la imagen OCI	2026-09-17T18:51:24.3056551Z 
imagen API · migrate deploy + readiness (ASR-09)	Build de la imagen OCI	2026-09-17T18:51:24.3060820Z #21 [runtime 1/9] COPY --from=deps --chown=node:node /app/node_modules ./node_modules
imagen API · migrate deploy + readiness (ASR-09)	Build de la imagen OCI	2026-09-17T18:51:27.9648881Z #21 ...
imagen API · migrate deploy + readiness (ASR-09)	Build de la imagen OCI	2026-09-17T18:51:27.9649375Z 
imagen API · migrate deploy + readiness (ASR-09)	Build de la imagen OCI	2026-09-17T18:51:27.9649984Z #20 [build  6/11] RUN npm ci -w @be/api -w @be/domain --include-workspace-root
imagen API · migrate deploy + readiness (ASR-09)	Build de la imagen OCI	2026-09-17T18:51:27.9650680Z #20 27.21 
imagen API · migrate deploy + readiness (ASR-09)	Build de la imagen OCI	2026-09-17T18:51:27.9651150Z #20 27.21 added 577 packages, and audited 580 packages in 27s
imagen API · migrate deploy + readiness (ASR-09)	Build de la imagen OCI	2026-09-17T18:51:27.9651992Z #20 27.21 
imagen API · migrate deploy + readiness (ASR-09)	Build de la imagen OCI	2026-09-17T18:51:27.9652361Z #20 27.21 found 0 vulnerabilities
imagen API · migrate deploy + readiness (ASR-09)	Build de la imagen OCI	2026-09-17T18:51:27.9652770Z #20 27.22 npm notice
imagen API · migrate deploy + readiness (ASR-09)	Build de la imagen OCI	2026-09-17T18:51:27.9653240Z #20 27.22 npm notice New major version of npm available! 10.9.8 -> 12.0.2
imagen API · migrate deploy + readiness (ASR-09)	Build de la imagen OCI	2026-09-17T18:51:27.9654065Z #20 27.22 npm notice Changelog: https://github.com/npm/cli/releases/tag/v12.0.2
imagen API · migrate deploy + readiness (ASR-09)	Build de la imagen OCI	2026-09-17T18:51:27.9654876Z #20 27.22 npm notice To update run: npm install -g npm@12.0.2
imagen API · migrate deploy + readiness (ASR-09)	Build de la imagen OCI	2026-09-17T18:51:27.9655407Z #20 27.22 npm notice
imagen API · migrate deploy + readiness (ASR-09)	Build de la imagen OCI	2026-09-17T18:51:27.9655763Z #20 DONE 28.0s
imagen API · migrate deploy + readiness (ASR-09)	Build de la imagen OCI	2026-09-17T18:51:28.1790996Z 
imagen API · migrate deploy + readiness (ASR-09)	Build de la imagen OCI	2026-09-17T18:51:28.1791534Z #22 [build  7/11] COPY prisma ./prisma
imagen API · migrate deploy + readiness (ASR-09)	Build de la imagen OCI	2026-09-17T18:51:28.1792085Z #22 DONE 0.0s
imagen API · migrate deploy + readiness (ASR-09)	Build de la imagen OCI	2026-09-17T18:51:28.1792355Z 
imagen API · migrate deploy + readiness (ASR-09)	Build de la imagen OCI	2026-09-17T18:51:28.1792614Z #23 [build  8/11] COPY packages/domain ./packages/domain
imagen API · migrate deploy + readiness (ASR-09)	Build de la imagen OCI	2026-09-17T18:51:28.1793175Z #23 DONE 0.0s
imagen API · migrate deploy + readiness (ASR-09)	Build de la imagen OCI	2026-09-17T18:51:28.1793362Z 
imagen API · migrate deploy + readiness (ASR-09)	Build de la imagen OCI	2026-09-17T18:51:28.1793746Z #21 [runtime 1/9] COPY --from=deps --chown=node:node /app/node_modules ./node_modules
imagen API · migrate deploy + readiness (ASR-09)	Build de la imagen OCI	2026-09-17T18:51:28.1794428Z #21 DONE 3.7s
imagen API · migrate deploy + readiness (ASR-09)	Build de la imagen OCI	2026-09-17T18:51:28.1794626Z 
imagen API · migrate deploy + readiness (ASR-09)	Build de la imagen OCI	2026-09-17T18:51:28.1794805Z #24 [build  9/11] COPY apps/api ./apps/api
imagen API · migrate deploy + readiness (ASR-09)	Build de la imagen OCI	2026-09-17T18:51:28.1795269Z #24 DONE 0.0s
imagen API · migrate deploy + readiness (ASR-09)	Build de la imagen OCI	2026-09-17T18:51:28.1795461Z 
imagen API · migrate deploy + readiness (ASR-09)	Build de la imagen OCI	2026-09-17T18:51:28.1795919Z #25 [build 10/11] RUN npx prisma generate  && npm run build -w @be/domain  && npm run build -w @be/api
imagen API · migrate deploy + readiness (ASR-09)	Build de la imagen OCI	2026-09-17T18:51:29.3292672Z #25 1.301 warn The configuration property `package.json#prisma` is deprecated and will be removed in Prisma 7. Please migrate to a Prisma config file (e.g., `prisma.config.ts`).
imagen API · migrate deploy + readiness (ASR-09)	Build de la imagen OCI	2026-09-17T18:51:29.3294361Z #25 1.301 For more information, see: https://pris.ly/prisma-config
imagen API · migrate deploy + readiness (ASR-09)	Build de la imagen OCI	2026-09-17T18:51:29.3295197Z #25 1.301 
imagen API · migrate deploy + readiness (ASR-09)	Build de la imagen OCI	2026-09-17T18:51:29.5650920Z #25 1.536 Prisma schema loaded from prisma/schema.prisma
imagen API · migrate deploy + readiness (ASR-09)	Build de la imagen OCI	2026-09-17T18:51:29.7336364Z #25 1.705 
imagen API · migrate deploy + readiness (ASR-09)	Build de la imagen OCI	2026-09-17T18:51:29.7338184Z #25 1.705 ✔ Generated Prisma Client (v6.19.3) to ./node_modules/@prisma/client in 48ms
imagen API · migrate deploy + readiness (ASR-09)	Build de la imagen OCI	2026-09-17T18:51:29.7339050Z #25 1.705 
imagen API · migrate deploy + readiness (ASR-09)	Build de la imagen OCI	2026-09-17T18:51:29.7340151Z #25 1.705 Start by importing your Prisma Client (See: https://pris.ly/d/importing-client)
imagen API · migrate deploy + readiness (ASR-09)	Build de la imagen OCI	2026-09-17T18:51:29.7341048Z #25 1.705 
imagen API · migrate deploy + readiness (ASR-09)	Build de la imagen OCI	2026-09-17T18:51:29.7342107Z #25 1.705 Tip: Need your database queries to be 1000x faster? Accelerate offers you that and more: https://pris.ly/tip-2-accelerate
imagen API · migrate deploy + readiness (ASR-09)	Build de la imagen OCI	2026-09-17T18:51:29.7343256Z #25 1.705 
imagen API · migrate deploy + readiness (ASR-09)	Build de la imagen OCI	2026-09-17T18:51:29.8980348Z #25 1.869 
imagen API · migrate deploy + readiness (ASR-09)	Build de la imagen OCI	2026-09-17T18:51:29.8982110Z #25 1.869 > @be/domain@0.1.0 build
imagen API · migrate deploy + readiness (ASR-09)	Build de la imagen OCI	2026-09-17T18:51:29.8983226Z #25 1.869 > tsc -p tsconfig.json
imagen API · migrate deploy + readiness (ASR-09)	Build de la imagen OCI	2026-09-17T18:51:29.8984049Z #25 1.869 
imagen API · migrate deploy + readiness (ASR-09)	Build de la imagen OCI	2026-09-17T18:51:31.4400330Z #25 3.411 
imagen API · migrate deploy + readiness (ASR-09)	Build de la imagen OCI	2026-09-17T18:51:31.4401574Z #25 3.411 > @be/api@0.1.0 build
imagen API · migrate deploy + readiness (ASR-09)	Build de la imagen OCI	2026-09-17T18:51:31.4402298Z #25 3.411 > tsc -p tsconfig.build.json
imagen API · migrate deploy + readiness (ASR-09)	Build de la imagen OCI	2026-09-17T18:51:31.4402995Z #25 3.411 
imagen API · migrate deploy + readiness (ASR-09)	Build de la imagen OCI	2026-09-17T18:51:33.4430351Z #25 DONE 5.4s
imagen API · migrate deploy + readiness (ASR-09)	Build de la imagen OCI	2026-09-17T18:51:33.5941059Z 
imagen API · migrate deploy + readiness (ASR-09)	Build de la imagen OCI	2026-09-17T18:51:33.5942619Z #26 [build 11/11] RUN node -e "require('fs').writeFileSync('apps/api/dist/build-info.json', JSON.stringify({ commit: process.env.RENDER_GIT_COMMIT || null, construidoEn: new Date().toISOString() }))"
imagen API · migrate deploy + readiness (ASR-09)	Build de la imagen OCI	2026-09-17T18:51:33.6400510Z #26 DONE 0.2s
imagen API · migrate deploy + readiness (ASR-09)	Build de la imagen OCI	2026-09-17T18:51:34.0706328Z 
imagen API · migrate deploy + readiness (ASR-09)	Build de la imagen OCI	2026-09-17T18:51:34.0710462Z #27 [runtime 2/9] COPY --from=build --chown=node:node /app/node_modules/.prisma ./node_modules/.prisma
imagen API · migrate deploy + readiness (ASR-09)	Build de la imagen OCI	2026-09-17T18:51:34.1690797Z #27 DONE 0.0s
imagen API · migrate deploy + readiness (ASR-09)	Build de la imagen OCI	2026-09-17T18:51:34.1691990Z 
imagen API · migrate deploy + readiness (ASR-09)	Build de la imagen OCI	2026-09-17T18:51:34.1692904Z #28 [runtime 3/9] COPY --chown=node:node package.json ./
imagen API · migrate deploy + readiness (ASR-09)	Build de la imagen OCI	2026-09-17T18:51:34.1693875Z #28 DONE 0.0s
imagen API · migrate deploy + readiness (ASR-09)	Build de la imagen OCI	2026-09-17T18:51:34.1694304Z 
imagen API · migrate deploy + readiness (ASR-09)	Build de la imagen OCI	2026-09-17T18:51:34.1694608Z #29 [runtime 4/9] COPY --chown=node:node prisma ./prisma
imagen API · migrate deploy + readiness (ASR-09)	Build de la imagen OCI	2026-09-17T18:51:34.1695180Z #29 DONE 0.0s
imagen API · migrate deploy + readiness (ASR-09)	Build de la imagen OCI	2026-09-17T18:51:34.4128767Z 
imagen API · migrate deploy + readiness (ASR-09)	Build de la imagen OCI	2026-09-17T18:51:34.4140511Z #30 [runtime 5/9] COPY --from=build --chown=node:node /app/packages/domain/package.json ./packages/domain/package.json
imagen API · migrate deploy + readiness (ASR-09)	Build de la imagen OCI	2026-09-17T18:51:34.4163168Z #30 DONE 0.0s
imagen API · migrate deploy + readiness (ASR-09)	Build de la imagen OCI	2026-09-17T18:51:34.4178103Z 
imagen API · migrate deploy + readiness (ASR-09)	Build de la imagen OCI	2026-09-17T18:51:34.4198656Z #31 [runtime 6/9] COPY --from=build --chown=node:node /app/packages/domain/dist ./packages/domain/dist
imagen API · migrate deploy + readiness (ASR-09)	Build de la imagen OCI	2026-09-17T18:51:34.4208305Z #31 DONE 0.0s
imagen API · migrate deploy + readiness (ASR-09)	Build de la imagen OCI	2026-09-17T18:51:34.4218484Z 
imagen API · migrate deploy + readiness (ASR-09)	Build de la imagen OCI	2026-09-17T18:51:34.4238676Z #32 [runtime 7/9] COPY --from=build --chown=node:node /app/apps/api/package.json ./apps/api/package.json
imagen API · migrate deploy + readiness (ASR-09)	Build de la imagen OCI	2026-09-17T18:51:34.4248552Z #32 DONE 0.0s
imagen API · migrate deploy + readiness (ASR-09)	Build de la imagen OCI	2026-09-17T18:51:34.4256539Z 
imagen API · migrate deploy + readiness (ASR-09)	Build de la imagen OCI	2026-09-17T18:51:34.4264538Z #33 [runtime 8/9] COPY --from=build --chown=node:node /app/apps/api/dist ./apps/api/dist
imagen API · migrate deploy + readiness (ASR-09)	Build de la imagen OCI	2026-09-17T18:51:34.4265570Z #33 DONE 0.0s
imagen API · migrate deploy + readiness (ASR-09)	Build de la imagen OCI	2026-09-17T18:51:34.4265938Z 
imagen API · migrate deploy + readiness (ASR-09)	Build de la imagen OCI	2026-09-17T18:51:34.4266599Z #34 [runtime 9/9] COPY --chown=node:node apps/api/scripts/iniciar.sh ./apps/api/scripts/iniciar.sh
imagen API · migrate deploy + readiness (ASR-09)	Build de la imagen OCI	2026-09-17T18:51:34.4267561Z #34 DONE 0.0s
imagen API · migrate deploy + readiness (ASR-09)	Build de la imagen OCI	2026-09-17T18:51:34.4268207Z 
imagen API · migrate deploy + readiness (ASR-09)	Build de la imagen OCI	2026-09-17T18:51:34.4268526Z #35 exporting to image
imagen API · migrate deploy + readiness (ASR-09)	Build de la imagen OCI	2026-09-17T18:51:34.4269223Z #35 exporting layers
imagen API · migrate deploy + readiness (ASR-09)	Build de la imagen OCI	2026-09-17T18:51:40.8625755Z #35 exporting layers 6.6s done
imagen API · migrate deploy + readiness (ASR-09)	Build de la imagen OCI	2026-09-17T18:51:40.8831968Z #35 writing image sha256:ca110f35c35994cae6fe4c21f4c6e6b82ffe25db8ddec43d8d3189daacddf333 done
imagen API · migrate deploy + readiness (ASR-09)	Build de la imagen OCI	2026-09-17T18:51:40.8832714Z #35 naming to docker.io/library/be-api:4db6fce940aba7d29a85eb2b60daf97cf12ec594 done
imagen API · migrate deploy + readiness (ASR-09)	Build de la imagen OCI	2026-09-17T18:51:40.8833160Z #35 DONE 6.6s
imagen API · migrate deploy + readiness (ASR-09)	PostgreSQL 16 efímero	﻿2026-09-17T18:51:40.8962976Z ##[group]Run docker network create be
imagen API · migrate deploy + readiness (ASR-09)	PostgreSQL 16 efímero	2026-09-17T18:51:40.8963392Z ^[[36;1mdocker network create be^[[0m
imagen API · migrate deploy + readiness (ASR-09)	PostgreSQL 16 efímero	2026-09-17T18:51:40.8963715Z ^[[36;1mdocker run -d --name pg --network be \^[[0m
imagen API · migrate deploy + readiness (ASR-09)	PostgreSQL 16 efímero	2026-09-17T18:51:40.8964213Z ^[[36;1m  -e POSTGRES_USER=be_test -e POSTGRES_PASSWORD=be_test_sintetico -e POSTGRES_DB=be_test \^[[0m
imagen API · migrate deploy + readiness (ASR-09)	PostgreSQL 16 efímero	2026-09-17T18:51:40.8964686Z ^[[36;1m  postgres:16-alpine^[[0m
imagen API · migrate deploy + readiness (ASR-09)	PostgreSQL 16 efímero	2026-09-17T18:51:40.8965116Z ^[[36;1mfor i in $(seq 1 30); do docker exec pg pg_isready -U be_test -d be_test && break; sleep 2; done^[[0m
imagen API · migrate deploy + readiness (ASR-09)	PostgreSQL 16 efímero	2026-09-17T18:51:40.9003542Z shell: /usr/bin/bash -e {0}
imagen API · migrate deploy + readiness (ASR-09)	PostgreSQL 16 efímero	2026-09-17T18:51:40.9003820Z ##[endgroup]
imagen API · migrate deploy + readiness (ASR-09)	PostgreSQL 16 efímero	2026-09-17T18:51:40.9874239Z df9cf180d7851c1ffc7ae1462dd6c74d2e651d12b5fc7928c432e4bd9c5b50bb
imagen API · migrate deploy + readiness (ASR-09)	PostgreSQL 16 efímero	2026-09-17T18:51:41.0032221Z Unable to find image 'postgres:16-alpine' locally
imagen API · migrate deploy + readiness (ASR-09)	PostgreSQL 16 efímero	2026-09-17T18:51:41.3058292Z 16-alpine: Pulling from library/postgres
imagen API · migrate deploy + readiness (ASR-09)	PostgreSQL 16 efímero	2026-09-17T18:51:41.4003941Z 55afa1ecc21d: Already exists
imagen API · migrate deploy + readiness (ASR-09)	PostgreSQL 16 efímero	2026-09-17T18:51:41.4013696Z 6a47e1b9b254: Pulling fs layer
imagen API · migrate deploy + readiness (ASR-09)	PostgreSQL 16 efímero	2026-09-17T18:51:41.4015231Z 19a2a5ab27c1: Pulling fs layer
imagen API · migrate deploy + readiness (ASR-09)	PostgreSQL 16 efímero	2026-09-17T18:51:41.4016742Z 5e81018bec01: Pulling fs layer
imagen API · migrate deploy + readiness (ASR-09)	PostgreSQL 16 efímero	2026-09-17T18:51:41.4023368Z be6f407f5414: Pulling fs layer
imagen API · migrate deploy + readiness (ASR-09)	PostgreSQL 16 efímero	2026-09-17T18:51:41.4024486Z f0e7204f9584: Pulling fs layer
imagen API · migrate deploy + readiness (ASR-09)	PostgreSQL 16 efímero	2026-09-17T18:51:41.4025340Z 8225e2970a7f: Pulling fs layer
imagen API · migrate deploy + readiness (ASR-09)	PostgreSQL 16 efímero	2026-09-17T18:51:41.4026019Z 48d0d8b0e136: Pulling fs layer
imagen API · migrate deploy + readiness (ASR-09)	PostgreSQL 16 efímero	2026-09-17T18:51:41.4026490Z 27d0ba4f668a: Pulling fs layer
imagen API · migrate deploy + readiness (ASR-09)	PostgreSQL 16 efímero	2026-09-17T18:51:41.4026927Z b053c4426c4a: Pulling fs layer
imagen API · migrate deploy + readiness (ASR-09)	PostgreSQL 16 efímero	2026-09-17T18:51:41.4027358Z 7f5de3d007ea: Pulling fs layer
imagen API · migrate deploy + readiness (ASR-09)	PostgreSQL 16 efímero	2026-09-17T18:51:41.4028002Z be6f407f5414: Waiting
imagen API · migrate deploy + readiness (ASR-09)	PostgreSQL 16 efímero	2026-09-17T18:51:41.4028395Z f0e7204f9584: Waiting
imagen API · migrate deploy + readiness (ASR-09)	PostgreSQL 16 efímero	2026-09-17T18:51:41.4034469Z 8225e2970a7f: Waiting
imagen API · migrate deploy + readiness (ASR-09)	PostgreSQL 16 efímero	2026-09-17T18:51:41.4034976Z 48d0d8b0e136: Waiting
imagen API · migrate deploy + readiness (ASR-09)	PostgreSQL 16 efímero	2026-09-17T18:51:41.4035382Z 27d0ba4f668a: Waiting
imagen API · migrate deploy + readiness (ASR-09)	PostgreSQL 16 efímero	2026-09-17T18:51:41.4035748Z b053c4426c4a: Waiting
imagen API · migrate deploy + readiness (ASR-09)	PostgreSQL 16 efímero	2026-09-17T18:51:41.4036120Z 7f5de3d007ea: Waiting
imagen API · migrate deploy + readiness (ASR-09)	PostgreSQL 16 efímero	2026-09-17T18:51:41.4532646Z 5e81018bec01: Verifying Checksum
imagen API · migrate deploy + readiness (ASR-09)	PostgreSQL 16 efímero	2026-09-17T18:51:41.4533660Z 5e81018bec01: Download complete
imagen API · migrate deploy + readiness (ASR-09)	PostgreSQL 16 efímero	2026-09-17T18:51:41.4550447Z 6a47e1b9b254: Verifying Checksum
imagen API · migrate deploy + readiness (ASR-09)	PostgreSQL 16 efímero	2026-09-17T18:51:41.4562479Z 6a47e1b9b254: Download complete
imagen API · migrate deploy + readiness (ASR-09)	PostgreSQL 16 efímero	2026-09-17T18:51:41.4757710Z 6a47e1b9b254: Pull complete
imagen API · migrate deploy + readiness (ASR-09)	PostgreSQL 16 efímero	2026-09-17T18:51:41.4859647Z 19a2a5ab27c1: Verifying Checksum
imagen API · migrate deploy + readiness (ASR-09)	PostgreSQL 16 efímero	2026-09-17T18:51:41.4861180Z 19a2a5ab27c1: Download complete
imagen API · migrate deploy + readiness (ASR-09)	PostgreSQL 16 efímero	2026-09-17T18:51:41.5035275Z be6f407f5414: Verifying Checksum
imagen API · migrate deploy + readiness (ASR-09)	PostgreSQL 16 efímero	2026-09-17T18:51:41.5035980Z be6f407f5414: Download complete
imagen API · migrate deploy + readiness (ASR-09)	PostgreSQL 16 efímero	2026-09-17T18:51:41.5340966Z 19a2a5ab27c1: Pull complete
imagen API · migrate deploy + readiness (ASR-09)	PostgreSQL 16 efímero	2026-09-17T18:51:41.5384958Z 8225e2970a7f: Verifying Checksum
imagen API · migrate deploy + readiness (ASR-09)	PostgreSQL 16 efímero	2026-09-17T18:51:41.5389893Z 8225e2970a7f: Download complete
imagen API · migrate deploy + readiness (ASR-09)	PostgreSQL 16 efímero	2026-09-17T18:51:41.5513121Z 5e81018bec01: Pull complete
imagen API · migrate deploy + readiness (ASR-09)	PostgreSQL 16 efímero	2026-09-17T18:51:41.5567704Z 48d0d8b0e136: Verifying Checksum
imagen API · migrate deploy + readiness (ASR-09)	PostgreSQL 16 efímero	2026-09-17T18:51:41.5576004Z 48d0d8b0e136: Download complete
imagen API · migrate deploy + readiness (ASR-09)	PostgreSQL 16 efímero	2026-09-17T18:51:41.5646205Z be6f407f5414: Pull complete
imagen API · migrate deploy + readiness (ASR-09)	PostgreSQL 16 efímero	2026-09-17T18:51:41.5915929Z 27d0ba4f668a: Verifying Checksum
imagen API · migrate deploy + readiness (ASR-09)	PostgreSQL 16 efímero	2026-09-17T18:51:41.5917143Z 27d0ba4f668a: Download complete
imagen API · migrate deploy + readiness (ASR-09)	PostgreSQL 16 efímero	2026-09-17T18:51:41.6127478Z b053c4426c4a: Verifying Checksum
imagen API · migrate deploy + readiness (ASR-09)	PostgreSQL 16 efímero	2026-09-17T18:51:41.6128977Z b053c4426c4a: Download complete
imagen API · migrate deploy + readiness (ASR-09)	PostgreSQL 16 efímero	2026-09-17T18:51:41.6448579Z 7f5de3d007ea: Verifying Checksum
imagen API · migrate deploy + readiness (ASR-09)	PostgreSQL 16 efímero	2026-09-17T18:51:41.6450088Z 7f5de3d007ea: Download complete
imagen API · migrate deploy + readiness (ASR-09)	PostgreSQL 16 efímero	2026-09-17T18:51:41.9548610Z f0e7204f9584: Verifying Checksum
imagen API · migrate deploy + readiness (ASR-09)	PostgreSQL 16 efímero	2026-09-17T18:51:41.9549702Z f0e7204f9584: Download complete
imagen API · migrate deploy + readiness (ASR-09)	PostgreSQL 16 efímero	2026-09-17T18:51:45.5622916Z f0e7204f9584: Pull complete
imagen API · migrate deploy + readiness (ASR-09)	PostgreSQL 16 efímero	2026-09-17T18:51:45.5786228Z 8225e2970a7f: Pull complete
imagen API · migrate deploy + readiness (ASR-09)	PostgreSQL 16 efímero	2026-09-17T18:51:45.5925347Z 48d0d8b0e136: Pull complete
imagen API · migrate deploy + readiness (ASR-09)	PostgreSQL 16 efímero	2026-09-17T18:51:45.6051741Z 27d0ba4f668a: Pull complete
imagen API · migrate deploy + readiness (ASR-09)	PostgreSQL 16 efímero	2026-09-17T18:51:45.6147422Z b053c4426c4a: Pull complete
imagen API · migrate deploy + readiness (ASR-09)	PostgreSQL 16 efímero	2026-09-17T18:51:45.6234674Z 7f5de3d007ea: Pull complete
imagen API · migrate deploy + readiness (ASR-09)	PostgreSQL 16 efímero	2026-09-17T18:51:45.6273698Z Digest: sha256:cf78e76683b9ca8c5733cbbdce6c9262b45b6767934dd0a95e671f9a0fc20685
imagen API · migrate deploy + readiness (ASR-09)	PostgreSQL 16 efímero	2026-09-17T18:51:45.6283365Z Status: Downloaded newer image for postgres:16-alpine
imagen API · migrate deploy + readiness (ASR-09)	PostgreSQL 16 efímero	2026-09-17T18:51:45.6441138Z c86b5ce61cc44afadab56508cd5ccc22f9b4fc7fe9d1d12cf65f47636dc9b7b2
imagen API · migrate deploy + readiness (ASR-09)	PostgreSQL 16 efímero	2026-09-17T18:51:45.9177576Z /var/run/postgresql:5432 - no response
imagen API · migrate deploy + readiness (ASR-09)	PostgreSQL 16 efímero	2026-09-17T18:51:47.9890388Z /var/run/postgresql:5432 - accepting connections
imagen API · migrate deploy + readiness (ASR-09)	Arranque del artefacto (migraciones como fase del deploy)	﻿2026-09-17T18:51:47.9973093Z ##[group]Run docker run -d --name api --network be -p 3000:3000 \
imagen API · migrate deploy + readiness (ASR-09)	Arranque del artefacto (migraciones como fase del deploy)	2026-09-17T18:51:47.9973630Z ^[[36;1mdocker run -d --name api --network be -p 3000:3000 \^[[0m
imagen API · migrate deploy + readiness (ASR-09)	Arranque del artefacto (migraciones como fase del deploy)	2026-09-17T18:51:47.9974002Z ^[[36;1m  -e APP_ENV=test \^[[0m
imagen API · migrate deploy + readiness (ASR-09)	Arranque del artefacto (migraciones como fase del deploy)	2026-09-17T18:51:47.9974882Z ^[[36;1m  -e DATABASE_URL=***pg:5432/be_test \^[[0m
imagen API · migrate deploy + readiness (ASR-09)	Arranque del artefacto (migraciones como fase del deploy)	2026-09-17T18:51:47.9975275Z ^[[36;1m  be-api:4db6fce940aba7d29a85eb2b60daf97cf12ec594^[[0m
imagen API · migrate deploy + readiness (ASR-09)	Arranque del artefacto (migraciones como fase del deploy)	2026-09-17T18:51:48.0011847Z shell: /usr/bin/bash -e {0}
imagen API · migrate deploy + readiness (ASR-09)	Arranque del artefacto (migraciones como fase del deploy)	2026-09-17T18:51:48.0012121Z ##[endgroup]
imagen API · migrate deploy + readiness (ASR-09)	Arranque del artefacto (migraciones como fase del deploy)	2026-09-17T18:51:48.0435788Z ab25144b63d339f34e9077db5220fc082a4a21beffb4a731ad47d51cc9b8c29d
imagen API · migrate deploy + readiness (ASR-09)	Smoke — /health/ready 200 con el SHA esperado (07 §37)	﻿2026-09-17T18:51:48.2205766Z ##[group]Run for i in $(seq 1 30); do
imagen API · migrate deploy + readiness (ASR-09)	Smoke — /health/ready 200 con el SHA esperado (07 §37)	2026-09-17T18:51:48.2206143Z ^[[36;1mfor i in $(seq 1 30); do^[[0m
imagen API · migrate deploy + readiness (ASR-09)	Smoke — /health/ready 200 con el SHA esperado (07 §37)	2026-09-17T18:51:48.2206581Z ^[[36;1m  if curl -fsS http://localhost:3000/health/ready -o ready.json; then break; fi^[[0m
imagen API · migrate deploy + readiness (ASR-09)	Smoke — /health/ready 200 con el SHA esperado (07 §37)	2026-09-17T18:51:48.2207006Z ^[[36;1m  sleep 2^[[0m
imagen API · migrate deploy + readiness (ASR-09)	Smoke — /health/ready 200 con el SHA esperado (07 §37)	2026-09-17T18:51:48.2207214Z ^[[36;1mdone^[[0m
imagen API · migrate deploy + readiness (ASR-09)	Smoke — /health/ready 200 con el SHA esperado (07 §37)	2026-09-17T18:51:48.2207418Z ^[[36;1mdocker logs api^[[0m
imagen API · migrate deploy + readiness (ASR-09)	Smoke — /health/ready 200 con el SHA esperado (07 §37)	2026-09-17T18:51:48.2207647Z ^[[36;1mcat ready.json^[[0m
imagen API · migrate deploy + readiness (ASR-09)	Smoke — /health/ready 200 con el SHA esperado (07 §37)	2026-09-17T18:51:48.2218350Z ^[[36;1mtest "$(jq -r .data.estado ready.json)" = "OK"^[[0m
imagen API · migrate deploy + readiness (ASR-09)	Smoke — /health/ready 200 con el SHA esperado (07 §37)	2026-09-17T18:51:48.2218838Z ^[[36;1mtest "$(jq -r .data.dependencias.migraciones ready.json)" = "OK"^[[0m
imagen API · migrate deploy + readiness (ASR-09)	Smoke — /health/ready 200 con el SHA esperado (07 §37)	2026-09-17T18:51:48.2219429Z ^[[36;1mtest "$(jq -r .data.version.commit ready.json)" = "4db6fce940aba7d29a85eb2b60daf97cf12ec594"^[[0m
imagen API · migrate deploy + readiness (ASR-09)	Smoke — /health/ready 200 con el SHA esperado (07 §37)	2026-09-17T18:51:48.2219965Z ^[[36;1mcurl -fsS http://localhost:3000/health/live^[[0m
imagen API · migrate deploy + readiness (ASR-09)	Smoke — /health/ready 200 con el SHA esperado (07 §37)	2026-09-17T18:51:48.2220494Z ^[[36;1mtest "$(curl -s -o /dev/null -w '%{http_code}' http://localhost:3000/api/v1/no-existe)" = "404"^[[0m
imagen API · migrate deploy + readiness (ASR-09)	Smoke — /health/ready 200 con el SHA esperado (07 §37)	2026-09-17T18:51:48.2278827Z shell: /usr/bin/bash -e {0}
imagen API · migrate deploy + readiness (ASR-09)	Smoke — /health/ready 200 con el SHA esperado (07 §37)	2026-09-17T18:51:48.2279285Z ##[endgroup]
imagen API · migrate deploy + readiness (ASR-09)	Smoke — /health/ready 200 con el SHA esperado (07 §37)	2026-09-17T18:51:48.2485644Z curl: (56) Recv failure: Connection reset by peer
imagen API · migrate deploy + readiness (ASR-09)	Smoke — /health/ready 200 con el SHA esperado (07 §37)	2026-09-17T18:51:50.3553900Z warn The configuration property `package.json#prisma` is deprecated and will be removed in Prisma 7. Please migrate to a Prisma config file (e.g., `prisma.config.ts`).
imagen API · migrate deploy + readiness (ASR-09)	Smoke — /health/ready 200 con el SHA esperado (07 §37)	2026-09-17T18:51:50.3555306Z {"nivel":"info","evento":"migraciones_inicio"}
imagen API · migrate deploy + readiness (ASR-09)	Smoke — /health/ready 200 con el SHA esperado (07 §37)	2026-09-17T18:51:50.3555980Z For more information, see: https://pris.ly/prisma-config
imagen API · migrate deploy + readiness (ASR-09)	Smoke — /health/ready 200 con el SHA esperado (07 §37)	2026-09-17T18:51:50.3556420Z 
imagen API · migrate deploy + readiness (ASR-09)	Smoke — /health/ready 200 con el SHA esperado (07 §37)	2026-09-17T18:51:50.3556638Z Prisma schema loaded from prisma/schema.prisma
imagen API · migrate deploy + readiness (ASR-09)	Smoke — /health/ready 200 con el SHA esperado (07 §37)	2026-09-17T18:51:50.3561781Z Datasource "db": PostgreSQL database "be_test", schema "public" at "pg:5432"
imagen API · migrate deploy + readiness (ASR-09)	Smoke — /health/ready 200 con el SHA esperado (07 §37)	2026-09-17T18:51:50.3562604Z 
imagen API · migrate deploy + readiness (ASR-09)	Smoke — /health/ready 200 con el SHA esperado (07 §37)	2026-09-17T18:51:50.3563150Z 1 migration found in prisma/migrations
imagen API · migrate deploy + readiness (ASR-09)	Smoke — /health/ready 200 con el SHA esperado (07 §37)	2026-09-17T18:51:50.3563645Z 
imagen API · migrate deploy + readiness (ASR-09)	Smoke — /health/ready 200 con el SHA esperado (07 §37)	2026-09-17T18:51:50.3564027Z Applying migration `20260916180000_identidad`
imagen API · migrate deploy + readiness (ASR-09)	Smoke — /health/ready 200 con el SHA esperado (07 §37)	2026-09-17T18:51:50.3564549Z 
imagen API · migrate deploy + readiness (ASR-09)	Smoke — /health/ready 200 con el SHA esperado (07 §37)	2026-09-17T18:51:50.3564924Z The following migration(s) have been applied:
imagen API · migrate deploy + readiness (ASR-09)	Smoke — /health/ready 200 con el SHA esperado (07 §37)	2026-09-17T18:51:50.3565480Z 
imagen API · migrate deploy + readiness (ASR-09)	Smoke — /health/ready 200 con el SHA esperado (07 §37)	2026-09-17T18:51:50.3566198Z migrations/
imagen API · migrate deploy + readiness (ASR-09)	Smoke — /health/ready 200 con el SHA esperado (07 §37)	2026-09-17T18:51:50.3567010Z   └─ 20260916180000_identidad/
imagen API · migrate deploy + readiness (ASR-09)	Smoke — /health/ready 200 con el SHA esperado (07 §37)	2026-09-17T18:51:50.3567630Z     └─ migration.sql
imagen API · migrate deploy + readiness (ASR-09)	Smoke — /health/ready 200 con el SHA esperado (07 §37)	2026-09-17T18:51:50.3568368Z       
imagen API · migrate deploy + readiness (ASR-09)	Smoke — /health/ready 200 con el SHA esperado (07 §37)	2026-09-17T18:51:50.3568934Z All migrations have been successfully applied.
imagen API · migrate deploy + readiness (ASR-09)	Smoke — /health/ready 200 con el SHA esperado (07 §37)	2026-09-17T18:51:50.3569682Z {"nivel":"info","evento":"migraciones_fin"}
imagen API · migrate deploy + readiness (ASR-09)	Smoke — /health/ready 200 con el SHA esperado (07 §37)	2026-09-17T18:51:50.3571257Z {"nivel":"info","evento":"api_iniciada","ambiente":"test","version":{"aplicacion":"0.1.0","commit":"4db6fce940aba7d29a85eb2b60daf97cf12ec594","construidoEn":"2026-09-17T18:51:33.629Z"},"puerto":3000}
imagen API · migrate deploy + readiness (ASR-09)	Smoke — /health/ready 200 con el SHA esperado (07 §37)	2026-09-17T18:51:50.3578643Z {"nivel":"info","requestId":"83b0baca-35a1-4c19-984e-07657dd1f95a","metodo":"GET","ruta":"/health/ready","status":200,"duracionMs":80}
imagen API · migrate deploy + readiness (ASR-09)	Smoke — /health/ready 200 con el SHA esperado (07 §37)	2026-09-17T18:51:50.3823604Z {"data":{"estado":"OK","ambiente":"test","version":{"aplicacion":"0.1.0","commit":"4db6fce940aba7d29a85eb2b60daf97cf12ec594","construidoEn":"2026-09-17T18:51:33.629Z"},"dependencias":{"baseDeDatos":"OK","migraciones":"OK"}}}{"data":{"estado":"OK","ambiente":"test","version":{"aplicacion":"0.1.0","commit":"4db6fce940aba7d29a85eb2b60daf97cf12ec594","construidoEn":"2026-09-17T18:51:33.629Z"}}}
imagen API · migrate deploy + readiness (ASR-09)	Post Run actions/checkout@v7	﻿2026-09-17T18:51:50.3944244Z Post job cleanup.
imagen API · migrate deploy + readiness (ASR-09)	Post Run actions/checkout@v7	2026-09-17T18:51:50.4895284Z [command]/usr/bin/git version
imagen API · migrate deploy + readiness (ASR-09)	Post Run actions/checkout@v7	2026-09-17T18:51:50.4983070Z git version 2.55.0
imagen API · migrate deploy + readiness (ASR-09)	Post Run actions/checkout@v7	2026-09-17T18:51:50.5045261Z Temporarily overriding HOME='/home/runner/work/_temp/e24abca2-68da-4705-8d74-4a18cc1d3f30' before making global git config changes
imagen API · migrate deploy + readiness (ASR-09)	Post Run actions/checkout@v7	2026-09-17T18:51:50.5060760Z Adding repository directory to the temporary git global config as a safe directory
imagen API · migrate deploy + readiness (ASR-09)	Post Run actions/checkout@v7	2026-09-17T18:51:50.5062067Z [command]/usr/bin/git config --global --add safe.directory /home/runner/work/be/be
imagen API · migrate deploy + readiness (ASR-09)	Post Run actions/checkout@v7	2026-09-17T18:51:50.5120556Z Removing SSH command configuration
imagen API · migrate deploy + readiness (ASR-09)	Post Run actions/checkout@v7	2026-09-17T18:51:50.5121472Z [command]/usr/bin/git config --local --name-only --get-regexp core\.sshCommand
imagen API · migrate deploy + readiness (ASR-09)	Post Run actions/checkout@v7	2026-09-17T18:51:50.5195448Z [command]/usr/bin/git submodule foreach --recursive sh -c "git config --local --name-only --get-regexp 'core\.sshCommand' && git config --local --unset-all 'core.sshCommand' || :"
imagen API · migrate deploy + readiness (ASR-09)	Post Run actions/checkout@v7	2026-09-17T18:51:50.5535821Z Removing HTTP extra header
imagen API · migrate deploy + readiness (ASR-09)	Post Run actions/checkout@v7	2026-09-17T18:51:50.5536821Z [command]/usr/bin/git config --local --name-only --get-regexp http\.https\:\/\/github\.com\/\.extraheader
imagen API · migrate deploy + readiness (ASR-09)	Post Run actions/checkout@v7	2026-09-17T18:51:50.5600407Z [command]/usr/bin/git submodule foreach --recursive sh -c "git config --local --name-only --get-regexp 'http\.https\:\/\/github\.com\/\.extraheader' && git config --local --unset-all 'http.https://github.com/.extraheader' || :"
imagen API · migrate deploy + readiness (ASR-09)	Post Run actions/checkout@v7	2026-09-17T18:51:50.6081764Z Removing includeIf entries pointing to credentials config files
imagen API · migrate deploy + readiness (ASR-09)	Post Run actions/checkout@v7	2026-09-17T18:51:50.6083134Z [command]/usr/bin/git config --local --name-only --get-regexp ^includeIf\.gitdir:
imagen API · migrate deploy + readiness (ASR-09)	Post Run actions/checkout@v7	2026-09-17T18:51:50.6116195Z includeif.gitdir:/home/runner/work/be/be/.git.path
imagen API · migrate deploy + readiness (ASR-09)	Post Run actions/checkout@v7	2026-09-17T18:51:50.6140138Z includeif.gitdir:/home/runner/work/be/be/.git/worktrees/*.path
imagen API · migrate deploy + readiness (ASR-09)	Post Run actions/checkout@v7	2026-09-17T18:51:50.6141877Z includeif.gitdir:/github/workspace/.git.path
imagen API · migrate deploy + readiness (ASR-09)	Post Run actions/checkout@v7	2026-09-17T18:51:50.6142708Z includeif.gitdir:/github/workspace/.git/worktrees/*.path
imagen API · migrate deploy + readiness (ASR-09)	Post Run actions/checkout@v7	2026-09-17T18:51:50.6144920Z [command]/usr/bin/git config --local --get-all includeif.gitdir:/home/runner/work/be/be/.git.path
imagen API · migrate deploy + readiness (ASR-09)	Post Run actions/checkout@v7	2026-09-17T18:51:50.6208844Z /home/runner/work/_temp/git-credentials-8f5fc84e-099d-4220-a216-055dab402f1b.config
imagen API · migrate deploy + readiness (ASR-09)	Post Run actions/checkout@v7	2026-09-17T18:51:50.6249449Z [command]/usr/bin/git config --local --unset includeif.gitdir:/home/runner/work/be/be/.git.path \/home\/runner\/work\/_temp\/git\-credentials\-8f5fc84e\-099d\-4220\-a216\-055dab402f1b\.config
imagen API · migrate deploy + readiness (ASR-09)	Post Run actions/checkout@v7	2026-09-17T18:51:50.6341047Z [command]/usr/bin/git config --local --get-all includeif.gitdir:/home/runner/work/be/be/.git/worktrees/*.path
imagen API · migrate deploy + readiness (ASR-09)	Post Run actions/checkout@v7	2026-09-17T18:51:50.6391845Z /home/runner/work/_temp/git-credentials-8f5fc84e-099d-4220-a216-055dab402f1b.config
imagen API · migrate deploy + readiness (ASR-09)	Post Run actions/checkout@v7	2026-09-17T18:51:50.6439454Z [command]/usr/bin/git config --local --unset includeif.gitdir:/home/runner/work/be/be/.git/worktrees/*.path \/home\/runner\/work\/_temp\/git\-credentials\-8f5fc84e\-099d\-4220\-a216\-055dab402f1b\.config
imagen API · migrate deploy + readiness (ASR-09)	Post Run actions/checkout@v7	2026-09-17T18:51:50.6555768Z [command]/usr/bin/git config --local --get-all includeif.gitdir:/github/workspace/.git.path
imagen API · migrate deploy + readiness (ASR-09)	Post Run actions/checkout@v7	2026-09-17T18:51:50.6586783Z /github/runner_temp/git-credentials-8f5fc84e-099d-4220-a216-055dab402f1b.config
imagen API · migrate deploy + readiness (ASR-09)	Post Run actions/checkout@v7	2026-09-17T18:51:50.6639550Z [command]/usr/bin/git config --local --unset includeif.gitdir:/github/workspace/.git.path \/github\/runner_temp\/git\-credentials\-8f5fc84e\-099d\-4220\-a216\-055dab402f1b\.config
imagen API · migrate deploy + readiness (ASR-09)	Post Run actions/checkout@v7	2026-09-17T18:51:50.6701155Z [command]/usr/bin/git config --local --get-all includeif.gitdir:/github/workspace/.git/worktrees/*.path
imagen API · migrate deploy + readiness (ASR-09)	Post Run actions/checkout@v7	2026-09-17T18:51:50.6746646Z /github/runner_temp/git-credentials-8f5fc84e-099d-4220-a216-055dab402f1b.config
imagen API · migrate deploy + readiness (ASR-09)	Post Run actions/checkout@v7	2026-09-17T18:51:50.6778927Z [command]/usr/bin/git config --local --unset includeif.gitdir:/github/workspace/.git/worktrees/*.path \/github\/runner_temp\/git\-credentials\-8f5fc84e\-099d\-4220\-a216\-055dab402f1b\.config
imagen API · migrate deploy + readiness (ASR-09)	Post Run actions/checkout@v7	2026-09-17T18:51:50.6839078Z [command]/usr/bin/git submodule foreach --recursive git config --local --show-origin --name-only --get-regexp remote.origin.url
imagen API · migrate deploy + readiness (ASR-09)	Post Run actions/checkout@v7	2026-09-17T18:51:50.7109658Z Removing credentials config '/home/runner/work/_temp/git-credentials-8f5fc84e-099d-4220-a216-055dab402f1b.config'
imagen API · migrate deploy + readiness (ASR-09)	Complete job	﻿2026-09-17T18:51:50.7269650Z Cleaning up orphan processes
integración · PostgreSQL 16 (Testcontainers)	Set up job	﻿2026-09-17T18:50:47.5334187Z Current runner version: '2.337.0'
integración · PostgreSQL 16 (Testcontainers)	Set up job	2026-09-17T18:50:47.5353773Z ##[group]Runner Image Provisioner
integración · PostgreSQL 16 (Testcontainers)	Set up job	2026-09-17T18:50:47.5354660Z Hosted Compute Agent
integración · PostgreSQL 16 (Testcontainers)	Set up job	2026-09-17T18:50:47.5355562Z Version: 20260828.587
integración · PostgreSQL 16 (Testcontainers)	Set up job	2026-09-17T18:50:47.5356181Z Commit: abac92662cab4cc7352de4f9f9d2e2419aad9c29
integración · PostgreSQL 16 (Testcontainers)	Set up job	2026-09-17T18:50:47.5356829Z Build Date: 2026-08-28T16:44:25Z
integración · PostgreSQL 16 (Testcontainers)	Set up job	2026-09-17T18:50:47.5357401Z Worker ID: {575d5798-6608-4686-a1c3-3b843d891aa6}
integración · PostgreSQL 16 (Testcontainers)	Set up job	2026-09-17T18:50:47.5357989Z Azure Region: centralus
integración · PostgreSQL 16 (Testcontainers)	Set up job	2026-09-17T18:50:47.5358514Z ##[endgroup]
integración · PostgreSQL 16 (Testcontainers)	Set up job	2026-09-17T18:50:47.5359737Z ##[group]Operating System
integración · PostgreSQL 16 (Testcontainers)	Set up job	2026-09-17T18:50:47.5360322Z Ubuntu
integración · PostgreSQL 16 (Testcontainers)	Set up job	2026-09-17T18:50:47.5360764Z 24.04.5
integración · PostgreSQL 16 (Testcontainers)	Set up job	2026-09-17T18:50:47.5361193Z LTS
integración · PostgreSQL 16 (Testcontainers)	Set up job	2026-09-17T18:50:47.5361659Z ##[endgroup]
integración · PostgreSQL 16 (Testcontainers)	Set up job	2026-09-17T18:50:47.5362141Z ##[group]Runner Image
integración · PostgreSQL 16 (Testcontainers)	Set up job	2026-09-17T18:50:47.5362672Z Image: ubuntu-24.04
integración · PostgreSQL 16 (Testcontainers)	Set up job	2026-09-17T18:50:47.5363204Z Version: 20260907.300.1
integración · PostgreSQL 16 (Testcontainers)	Set up job	2026-09-17T18:50:47.5364131Z Included Software: https://github.com/actions/runner-images/blob/ubuntu24/20260907.300/images/ubuntu/Ubuntu2404-Readme.md
integración · PostgreSQL 16 (Testcontainers)	Set up job	2026-09-17T18:50:47.5365770Z Image Release: https://github.com/actions/runner-images/releases/tag/ubuntu24%2F20260907.300
integración · PostgreSQL 16 (Testcontainers)	Set up job	2026-09-17T18:50:47.5366590Z ##[endgroup]
integración · PostgreSQL 16 (Testcontainers)	Set up job	2026-09-17T18:50:47.5367560Z ##[group]GITHUB_TOKEN Permissions
integración · PostgreSQL 16 (Testcontainers)	Set up job	2026-09-17T18:50:47.5369332Z Contents: read
integración · PostgreSQL 16 (Testcontainers)	Set up job	2026-09-17T18:50:47.5369875Z Metadata: read
integración · PostgreSQL 16 (Testcontainers)	Set up job	2026-09-17T18:50:47.5370411Z ##[endgroup]
integración · PostgreSQL 16 (Testcontainers)	Set up job	2026-09-17T18:50:47.5372034Z Secret source: Actions
integración · PostgreSQL 16 (Testcontainers)	Set up job	2026-09-17T18:50:47.5372824Z Cache mode: write
integración · PostgreSQL 16 (Testcontainers)	Set up job	2026-09-17T18:50:47.5373422Z Prepare workflow directory
integración · PostgreSQL 16 (Testcontainers)	Set up job	2026-09-17T18:50:47.5663402Z Prepare all required actions
integración · PostgreSQL 16 (Testcontainers)	Set up job	2026-09-17T18:50:47.5715621Z Getting action download info
integración · PostgreSQL 16 (Testcontainers)	Set up job	2026-09-17T18:50:47.8366885Z Download action repository 'actions/checkout@v7' (SHA:3d3c42e5aac5ba805825da76410c181273ba90b1)
integración · PostgreSQL 16 (Testcontainers)	Set up job	2026-09-17T18:50:48.0375721Z Download action repository 'actions/setup-node@v7' (SHA:820762786026740c76f36085b0efc47a31fe5020)
integración · PostgreSQL 16 (Testcontainers)	Set up job	2026-09-17T18:50:48.3395792Z Complete job name: integración · PostgreSQL 16 (Testcontainers)
integración · PostgreSQL 16 (Testcontainers)	Run actions/checkout@v7	﻿2026-09-17T18:50:48.3973723Z ##[group]Run actions/checkout@v7
integración · PostgreSQL 16 (Testcontainers)	Run actions/checkout@v7	2026-09-17T18:50:48.3974474Z with:
integración · PostgreSQL 16 (Testcontainers)	Run actions/checkout@v7	2026-09-17T18:50:48.3975238Z   repository: Elian-Bufi/be
integración · PostgreSQL 16 (Testcontainers)	Run actions/checkout@v7	2026-09-17T18:50:48.3978718Z   token: ***
integración · PostgreSQL 16 (Testcontainers)	Run actions/checkout@v7	2026-09-17T18:50:48.3979198Z   ssh-strict: true
integración · PostgreSQL 16 (Testcontainers)	Run actions/checkout@v7	2026-09-17T18:50:48.3979669Z   ssh-user: git
integración · PostgreSQL 16 (Testcontainers)	Run actions/checkout@v7	2026-09-17T18:50:48.3980201Z   persist-credentials: true
integración · PostgreSQL 16 (Testcontainers)	Run actions/checkout@v7	2026-09-17T18:50:48.3980767Z   clean: true
integración · PostgreSQL 16 (Testcontainers)	Run actions/checkout@v7	2026-09-17T18:50:48.3981288Z   sparse-checkout-cone-mode: true
integración · PostgreSQL 16 (Testcontainers)	Run actions/checkout@v7	2026-09-17T18:50:48.3981866Z   fetch-depth: 1
integración · PostgreSQL 16 (Testcontainers)	Run actions/checkout@v7	2026-09-17T18:50:48.3982361Z   fetch-tags: false
integración · PostgreSQL 16 (Testcontainers)	Run actions/checkout@v7	2026-09-17T18:50:48.3982859Z   show-progress: true
integración · PostgreSQL 16 (Testcontainers)	Run actions/checkout@v7	2026-09-17T18:50:48.3983371Z   lfs: false
integración · PostgreSQL 16 (Testcontainers)	Run actions/checkout@v7	2026-09-17T18:50:48.3983862Z   submodules: false
integración · PostgreSQL 16 (Testcontainers)	Run actions/checkout@v7	2026-09-17T18:50:48.3984351Z   set-safe-directory: true
integración · PostgreSQL 16 (Testcontainers)	Run actions/checkout@v7	2026-09-17T18:50:48.3985031Z   allow-unsafe-pr-checkout: false
integración · PostgreSQL 16 (Testcontainers)	Run actions/checkout@v7	2026-09-17T18:50:48.3985839Z ##[endgroup]
integración · PostgreSQL 16 (Testcontainers)	Run actions/checkout@v7	2026-09-17T18:50:48.4890446Z Syncing repository: Elian-Bufi/be
integración · PostgreSQL 16 (Testcontainers)	Run actions/checkout@v7	2026-09-17T18:50:48.4893589Z ##[group]Getting Git version info
integración · PostgreSQL 16 (Testcontainers)	Run actions/checkout@v7	2026-09-17T18:50:48.4895461Z Working directory is '/home/runner/work/be/be'
integración · PostgreSQL 16 (Testcontainers)	Run actions/checkout@v7	2026-09-17T18:50:48.4922775Z [command]/usr/bin/git version
integración · PostgreSQL 16 (Testcontainers)	Run actions/checkout@v7	2026-09-17T18:50:48.5054508Z git version 2.55.0
integración · PostgreSQL 16 (Testcontainers)	Run actions/checkout@v7	2026-09-17T18:50:48.5057313Z ##[endgroup]
integración · PostgreSQL 16 (Testcontainers)	Run actions/checkout@v7	2026-09-17T18:50:48.5230117Z Temporarily overriding HOME='/home/runner/work/_temp/44af5ad7-34b1-4067-8405-1d86dcd950cf' before making global git config changes
integración · PostgreSQL 16 (Testcontainers)	Run actions/checkout@v7	2026-09-17T18:50:48.5231982Z Adding repository directory to the temporary git global config as a safe directory
integración · PostgreSQL 16 (Testcontainers)	Run actions/checkout@v7	2026-09-17T18:50:48.5233363Z [command]/usr/bin/git config --global --add safe.directory /home/runner/work/be/be
integración · PostgreSQL 16 (Testcontainers)	Run actions/checkout@v7	2026-09-17T18:50:48.5235665Z Deleting the contents of '/home/runner/work/be/be'
integración · PostgreSQL 16 (Testcontainers)	Run actions/checkout@v7	2026-09-17T18:50:48.5237125Z ##[group]Determining repository object format
integración · PostgreSQL 16 (Testcontainers)	Run actions/checkout@v7	2026-09-17T18:50:48.5238380Z ##[endgroup]
integración · PostgreSQL 16 (Testcontainers)	Run actions/checkout@v7	2026-09-17T18:50:48.5239413Z ##[group]Initializing the repository
integración · PostgreSQL 16 (Testcontainers)	Run actions/checkout@v7	2026-09-17T18:50:48.5240323Z [command]/usr/bin/git init /home/runner/work/be/be
integración · PostgreSQL 16 (Testcontainers)	Run actions/checkout@v7	2026-09-17T18:50:48.5287879Z hint: Using 'master' as the name for the initial branch. This default branch name
integración · PostgreSQL 16 (Testcontainers)	Run actions/checkout@v7	2026-09-17T18:50:48.5289574Z hint: will change to "main" in Git 3.0. To configure the initial branch name
integración · PostgreSQL 16 (Testcontainers)	Run actions/checkout@v7	2026-09-17T18:50:48.5291602Z hint: to use in all of your new repositories, which will suppress this warning,
integración · PostgreSQL 16 (Testcontainers)	Run actions/checkout@v7	2026-09-17T18:50:48.5292840Z hint: call:
integración · PostgreSQL 16 (Testcontainers)	Run actions/checkout@v7	2026-09-17T18:50:48.5293682Z hint:
integración · PostgreSQL 16 (Testcontainers)	Run actions/checkout@v7	2026-09-17T18:50:48.5294683Z hint: 	git config --global init.defaultBranch <name>
integración · PostgreSQL 16 (Testcontainers)	Run actions/checkout@v7	2026-09-17T18:50:48.5296046Z hint:
integración · PostgreSQL 16 (Testcontainers)	Run actions/checkout@v7	2026-09-17T18:50:48.5297006Z hint: Names commonly chosen instead of 'master' are 'main', 'trunk' and
integración · PostgreSQL 16 (Testcontainers)	Run actions/checkout@v7	2026-09-17T18:50:48.5298490Z hint: 'development'. The just-created branch can be renamed via this command:
integración · PostgreSQL 16 (Testcontainers)	Run actions/checkout@v7	2026-09-17T18:50:48.5299597Z hint:
integración · PostgreSQL 16 (Testcontainers)	Run actions/checkout@v7	2026-09-17T18:50:48.5303194Z hint: 	git branch -m <name>
integración · PostgreSQL 16 (Testcontainers)	Run actions/checkout@v7	2026-09-17T18:50:48.5304252Z hint:
integración · PostgreSQL 16 (Testcontainers)	Run actions/checkout@v7	2026-09-17T18:50:48.5305867Z hint: Disable this message with "git config set advice.defaultBranchName false"
integración · PostgreSQL 16 (Testcontainers)	Run actions/checkout@v7	2026-09-17T18:50:48.5308315Z Initialized empty Git repository in /home/runner/work/be/be/.git/
integración · PostgreSQL 16 (Testcontainers)	Run actions/checkout@v7	2026-09-17T18:50:48.5310549Z [command]/usr/bin/git remote add origin https://github.com/Elian-Bufi/be
integración · PostgreSQL 16 (Testcontainers)	Run actions/checkout@v7	2026-09-17T18:50:48.5353669Z ##[endgroup]
integración · PostgreSQL 16 (Testcontainers)	Run actions/checkout@v7	2026-09-17T18:50:48.5355153Z ##[group]Disabling automatic garbage collection
integración · PostgreSQL 16 (Testcontainers)	Run actions/checkout@v7	2026-09-17T18:50:48.5356267Z [command]/usr/bin/git config --local gc.auto 0
integración · PostgreSQL 16 (Testcontainers)	Run actions/checkout@v7	2026-09-17T18:50:48.5396319Z ##[endgroup]
integración · PostgreSQL 16 (Testcontainers)	Run actions/checkout@v7	2026-09-17T18:50:48.5397668Z ##[group]Setting up auth
integración · PostgreSQL 16 (Testcontainers)	Run actions/checkout@v7	2026-09-17T18:50:48.5398963Z Removing SSH command configuration
integración · PostgreSQL 16 (Testcontainers)	Run actions/checkout@v7	2026-09-17T18:50:48.5400286Z [command]/usr/bin/git config --local --name-only --get-regexp core\.sshCommand
integración · PostgreSQL 16 (Testcontainers)	Run actions/checkout@v7	2026-09-17T18:50:48.5426627Z [command]/usr/bin/git submodule foreach --recursive sh -c "git config --local --name-only --get-regexp 'core\.sshCommand' && git config --local --unset-all 'core.sshCommand' || :"
integración · PostgreSQL 16 (Testcontainers)	Run actions/checkout@v7	2026-09-17T18:50:48.6691980Z Removing HTTP extra header
integración · PostgreSQL 16 (Testcontainers)	Run actions/checkout@v7	2026-09-17T18:50:48.6693957Z [command]/usr/bin/git config --local --name-only --get-regexp http\.https\:\/\/github\.com\/\.extraheader
integración · PostgreSQL 16 (Testcontainers)	Run actions/checkout@v7	2026-09-17T18:50:48.6699599Z [command]/usr/bin/git submodule foreach --recursive sh -c "git config --local --name-only --get-regexp 'http\.https\:\/\/github\.com\/\.extraheader' && git config --local --unset-all 'http.https://github.com/.extraheader' || :"
integración · PostgreSQL 16 (Testcontainers)	Run actions/checkout@v7	2026-09-17T18:50:48.6704665Z Removing includeIf entries pointing to credentials config files
integración · PostgreSQL 16 (Testcontainers)	Run actions/checkout@v7	2026-09-17T18:50:48.6706897Z [command]/usr/bin/git config --local --name-only --get-regexp ^includeIf\.gitdir:
integración · PostgreSQL 16 (Testcontainers)	Run actions/checkout@v7	2026-09-17T18:50:48.6710439Z [command]/usr/bin/git submodule foreach --recursive git config --local --show-origin --name-only --get-regexp remote.origin.url
integración · PostgreSQL 16 (Testcontainers)	Run actions/checkout@v7	2026-09-17T18:50:48.6713439Z [command]/usr/bin/git config --file /home/runner/work/_temp/git-credentials-551acf2b-7ac3-495a-b9dd-dd41fbdaabb0.config http.https://github.com/.extraheader AUTHORIZATION: basic ***
integración · PostgreSQL 16 (Testcontainers)	Run actions/checkout@v7	2026-09-17T18:50:48.6716558Z [command]/usr/bin/git config --local includeIf.gitdir:/home/runner/work/be/be/.git.path /home/runner/work/_temp/git-credentials-551acf2b-7ac3-495a-b9dd-dd41fbdaabb0.config
integración · PostgreSQL 16 (Testcontainers)	Run actions/checkout@v7	2026-09-17T18:50:48.6719324Z [command]/usr/bin/git config --local includeIf.gitdir:/home/runner/work/be/be/.git/worktrees/*.path /home/runner/work/_temp/git-credentials-551acf2b-7ac3-495a-b9dd-dd41fbdaabb0.config
integración · PostgreSQL 16 (Testcontainers)	Run actions/checkout@v7	2026-09-17T18:50:48.6721833Z [command]/usr/bin/git config --local includeIf.gitdir:/github/workspace/.git.path /github/runner_temp/git-credentials-551acf2b-7ac3-495a-b9dd-dd41fbdaabb0.config
integración · PostgreSQL 16 (Testcontainers)	Run actions/checkout@v7	2026-09-17T18:50:48.6724495Z [command]/usr/bin/git config --local includeIf.gitdir:/github/workspace/.git/worktrees/*.path /github/runner_temp/git-credentials-551acf2b-7ac3-495a-b9dd-dd41fbdaabb0.config
integración · PostgreSQL 16 (Testcontainers)	Run actions/checkout@v7	2026-09-17T18:50:48.6727191Z ##[endgroup]
integración · PostgreSQL 16 (Testcontainers)	Run actions/checkout@v7	2026-09-17T18:50:48.6728181Z ##[group]Fetching the repository
integración · PostgreSQL 16 (Testcontainers)	Run actions/checkout@v7	2026-09-17T18:50:48.6729390Z [command]/usr/bin/git -c protocol.version=2 fetch --no-tags --prune --no-recurse-submodules --depth=1 origin +4db6fce940aba7d29a85eb2b60daf97cf12ec594:refs/remotes/pull/1/merge
integración · PostgreSQL 16 (Testcontainers)	Run actions/checkout@v7	2026-09-17T18:50:49.7011517Z From https://github.com/Elian-Bufi/be
integración · PostgreSQL 16 (Testcontainers)	Run actions/checkout@v7	2026-09-17T18:50:49.7019323Z  * [new ref]         4db6fce940aba7d29a85eb2b60daf97cf12ec594 -> pull/1/merge
integración · PostgreSQL 16 (Testcontainers)	Run actions/checkout@v7	2026-09-17T18:50:49.7024109Z ##[endgroup]
integración · PostgreSQL 16 (Testcontainers)	Run actions/checkout@v7	2026-09-17T18:50:49.7025943Z ##[group]Determining the checkout info
integración · PostgreSQL 16 (Testcontainers)	Run actions/checkout@v7	2026-09-17T18:50:49.7028383Z ##[endgroup]
integración · PostgreSQL 16 (Testcontainers)	Run actions/checkout@v7	2026-09-17T18:50:49.7029675Z [command]/usr/bin/git sparse-checkout disable
integración · PostgreSQL 16 (Testcontainers)	Run actions/checkout@v7	2026-09-17T18:50:49.7070976Z [command]/usr/bin/git config --local --unset-all extensions.worktreeConfig
integración · PostgreSQL 16 (Testcontainers)	Run actions/checkout@v7	2026-09-17T18:50:49.7098017Z ##[group]Checking out the ref
integración · PostgreSQL 16 (Testcontainers)	Run actions/checkout@v7	2026-09-17T18:50:49.7100652Z [command]/usr/bin/git checkout --progress --force refs/remotes/pull/1/merge
integración · PostgreSQL 16 (Testcontainers)	Run actions/checkout@v7	2026-09-17T18:50:49.7730485Z Note: switching to 'refs/remotes/pull/1/merge'.
integración · PostgreSQL 16 (Testcontainers)	Run actions/checkout@v7	2026-09-17T18:50:49.7731847Z 
integración · PostgreSQL 16 (Testcontainers)	Run actions/checkout@v7	2026-09-17T18:50:49.7732726Z You are in 'detached HEAD' state. You can look around, make experimental
integración · PostgreSQL 16 (Testcontainers)	Run actions/checkout@v7	2026-09-17T18:50:49.7735259Z changes and commit them, and you can discard any commits you make in this
integración · PostgreSQL 16 (Testcontainers)	Run actions/checkout@v7	2026-09-17T18:50:49.7737756Z state without impacting any branches by switching back to a branch.
integración · PostgreSQL 16 (Testcontainers)	Run actions/checkout@v7	2026-09-17T18:50:49.7739242Z 
integración · PostgreSQL 16 (Testcontainers)	Run actions/checkout@v7	2026-09-17T18:50:49.7740313Z If you want to create a new branch to retain commits you create, you may
integración · PostgreSQL 16 (Testcontainers)	Run actions/checkout@v7	2026-09-17T18:50:49.7742683Z do so (now or later) by using -c with the switch command. Example:
integración · PostgreSQL 16 (Testcontainers)	Run actions/checkout@v7	2026-09-17T18:50:49.7744299Z 
integración · PostgreSQL 16 (Testcontainers)	Run actions/checkout@v7	2026-09-17T18:50:49.7745083Z   git switch -c <new-branch-name>
integración · PostgreSQL 16 (Testcontainers)	Run actions/checkout@v7	2026-09-17T18:50:49.7746055Z 
integración · PostgreSQL 16 (Testcontainers)	Run actions/checkout@v7	2026-09-17T18:50:49.7746715Z Or undo this operation with:
integración · PostgreSQL 16 (Testcontainers)	Run actions/checkout@v7	2026-09-17T18:50:49.7747435Z 
integración · PostgreSQL 16 (Testcontainers)	Run actions/checkout@v7	2026-09-17T18:50:49.7747869Z   git switch -
integración · PostgreSQL 16 (Testcontainers)	Run actions/checkout@v7	2026-09-17T18:50:49.7748632Z 
integración · PostgreSQL 16 (Testcontainers)	Run actions/checkout@v7	2026-09-17T18:50:49.7749905Z Turn off this advice by setting config variable advice.detachedHead to false
integración · PostgreSQL 16 (Testcontainers)	Run actions/checkout@v7	2026-09-17T18:50:49.7751467Z 
integración · PostgreSQL 16 (Testcontainers)	Run actions/checkout@v7	2026-09-17T18:50:49.7753107Z HEAD is now at 4db6fce Merge 51f981c983522fe363dbdd2e3e6ac17efca79710 into 67dfac38cdcbfff7cfd1b4070698e54de703b131
integración · PostgreSQL 16 (Testcontainers)	Run actions/checkout@v7	2026-09-17T18:50:49.7758364Z ##[endgroup]
integración · PostgreSQL 16 (Testcontainers)	Run actions/checkout@v7	2026-09-17T18:50:49.7778827Z [command]/usr/bin/git log -1 --format=%H
integración · PostgreSQL 16 (Testcontainers)	Run actions/checkout@v7	2026-09-17T18:50:49.7798288Z 4db6fce940aba7d29a85eb2b60daf97cf12ec594
integración · PostgreSQL 16 (Testcontainers)	Run actions/setup-node@v7	﻿2026-09-17T18:50:49.8115273Z ##[group]Run actions/setup-node@v7
integración · PostgreSQL 16 (Testcontainers)	Run actions/setup-node@v7	2026-09-17T18:50:49.8116153Z with:
integración · PostgreSQL 16 (Testcontainers)	Run actions/setup-node@v7	2026-09-17T18:50:49.8116778Z   node-version-file: .nvmrc
integración · PostgreSQL 16 (Testcontainers)	Run actions/setup-node@v7	2026-09-17T18:50:49.8117493Z   cache: npm
integración · PostgreSQL 16 (Testcontainers)	Run actions/setup-node@v7	2026-09-17T18:50:49.8118069Z   check-latest: false
integración · PostgreSQL 16 (Testcontainers)	Run actions/setup-node@v7	2026-09-17T18:50:49.8126447Z   token: ***
integración · PostgreSQL 16 (Testcontainers)	Run actions/setup-node@v7	2026-09-17T18:50:49.8127084Z   package-manager-cache: true
integración · PostgreSQL 16 (Testcontainers)	Run actions/setup-node@v7	2026-09-17T18:50:49.8127837Z ##[endgroup]
integración · PostgreSQL 16 (Testcontainers)	Run actions/setup-node@v7	2026-09-17T18:50:49.9205258Z Node version file is not JSON file
integración · PostgreSQL 16 (Testcontainers)	Run actions/setup-node@v7	2026-09-17T18:50:49.9217930Z Resolved .nvmrc as 22.23.2
integración · PostgreSQL 16 (Testcontainers)	Run actions/setup-node@v7	2026-09-17T18:50:49.9223865Z Found in cache @ /opt/hostedtoolcache/node/22.23.2/x64
integración · PostgreSQL 16 (Testcontainers)	Run actions/setup-node@v7	2026-09-17T18:50:49.9226594Z ##[group]Environment details
integración · PostgreSQL 16 (Testcontainers)	Run actions/setup-node@v7	2026-09-17T18:50:50.4709660Z node: v22.23.2
integración · PostgreSQL 16 (Testcontainers)	Run actions/setup-node@v7	2026-09-17T18:50:50.4712531Z npm: 10.9.8
integración · PostgreSQL 16 (Testcontainers)	Run actions/setup-node@v7	2026-09-17T18:50:50.4713141Z yarn: 1.22.22
integración · PostgreSQL 16 (Testcontainers)	Run actions/setup-node@v7	2026-09-17T18:50:50.4714684Z ##[endgroup]
integración · PostgreSQL 16 (Testcontainers)	Run actions/setup-node@v7	2026-09-17T18:50:50.4716046Z [command]/opt/hostedtoolcache/node/22.23.2/x64/bin/npm config get cache
integración · PostgreSQL 16 (Testcontainers)	Run actions/setup-node@v7	2026-09-17T18:50:50.5677140Z /home/runner/.npm
integración · PostgreSQL 16 (Testcontainers)	Run actions/setup-node@v7	2026-09-17T18:50:50.7434632Z npm cache is not found
integración · PostgreSQL 16 (Testcontainers)	Run npm ci	﻿2026-09-17T18:50:50.7540430Z ##[group]Run npm ci
integración · PostgreSQL 16 (Testcontainers)	Run npm ci	2026-09-17T18:50:50.7540823Z ^[[36;1mnpm ci^[[0m
integración · PostgreSQL 16 (Testcontainers)	Run npm ci	2026-09-17T18:50:50.7575211Z shell: /usr/bin/bash -e {0}
integración · PostgreSQL 16 (Testcontainers)	Run npm ci	2026-09-17T18:50:50.7575810Z ##[endgroup]
integración · PostgreSQL 16 (Testcontainers)	Run npm ci	2026-09-17T18:50:55.4035043Z npm warn deprecated uuid@7.0.3: uuid@10 and below is no longer supported.  For ESM codebases, update to uuid@latest.  For CommonJS codebases, use uuid@11 (but be aware this version will likely be deprecated in 2028).
integración · PostgreSQL 16 (Testcontainers)	Run npm ci	2026-09-17T18:50:59.6876015Z npm warn deprecated glob@10.5.0: Old versions of glob are not supported, and contain widely publicized security vulnerabilities, which have been fixed in the current version. Please update. Support for old versions may be purchased (at exorbitant rates) by contacting i@izs.me
integración · PostgreSQL 16 (Testcontainers)	Run npm ci	2026-09-17T18:50:59.7978330Z npm warn deprecated glob@10.5.0: Old versions of glob are not supported, and contain widely publicized security vulnerabilities, which have been fixed in the current version. Please update. Support for old versions may be purchased (at exorbitant rates) by contacting i@izs.me
integración · PostgreSQL 16 (Testcontainers)	Run npm ci	2026-09-17T18:51:37.2208791Z 
integración · PostgreSQL 16 (Testcontainers)	Run npm ci	2026-09-17T18:51:37.2246713Z added 959 packages, and audited 964 packages in 46s
integración · PostgreSQL 16 (Testcontainers)	Run npm ci	2026-09-17T18:51:37.2805658Z 
integración · PostgreSQL 16 (Testcontainers)	Run npm ci	2026-09-17T18:51:37.2836286Z 10 moderate severity vulnerabilities
integración · PostgreSQL 16 (Testcontainers)	Run npm ci	2026-09-17T18:51:37.2836804Z 
integración · PostgreSQL 16 (Testcontainers)	Run npm ci	2026-09-17T18:51:37.2856211Z To address issues that do not require attention, run:
integración · PostgreSQL 16 (Testcontainers)	Run npm ci	2026-09-17T18:51:37.2884640Z   npm audit fix
integración · PostgreSQL 16 (Testcontainers)	Run npm ci	2026-09-17T18:51:37.2885551Z 
integración · PostgreSQL 16 (Testcontainers)	Run npm ci	2026-09-17T18:51:37.2906101Z To address all issues (including breaking changes), run:
integración · PostgreSQL 16 (Testcontainers)	Run npm ci	2026-09-17T18:51:37.2945812Z   npm audit fix --force
integración · PostgreSQL 16 (Testcontainers)	Run npm ci	2026-09-17T18:51:37.2946235Z 
integración · PostgreSQL 16 (Testcontainers)	Run npm ci	2026-09-17T18:51:37.2965891Z Run `npm audit` for details.
integración · PostgreSQL 16 (Testcontainers)	Run npx prisma generate	﻿2026-09-17T18:51:37.3197282Z ##[group]Run npx prisma generate
integración · PostgreSQL 16 (Testcontainers)	Run npx prisma generate	2026-09-17T18:51:37.3197714Z ^[[36;1mnpx prisma generate^[[0m
integración · PostgreSQL 16 (Testcontainers)	Run npx prisma generate	2026-09-17T18:51:37.3218501Z shell: /usr/bin/bash -e {0}
integración · PostgreSQL 16 (Testcontainers)	Run npx prisma generate	2026-09-17T18:51:37.3218855Z ##[endgroup]
integración · PostgreSQL 16 (Testcontainers)	Run npx prisma generate	2026-09-17T18:51:38.1846320Z warn The configuration property `package.json#prisma` is deprecated and will be removed in Prisma 7. Please migrate to a Prisma config file (e.g., `prisma.config.ts`).
integración · PostgreSQL 16 (Testcontainers)	Run npx prisma generate	2026-09-17T18:51:38.1847837Z For more information, see: https://pris.ly/prisma-config
integración · PostgreSQL 16 (Testcontainers)	Run npx prisma generate	2026-09-17T18:51:38.1848513Z 
integración · PostgreSQL 16 (Testcontainers)	Run npx prisma generate	2026-09-17T18:51:38.3181978Z Prisma schema loaded from prisma/schema.prisma
integración · PostgreSQL 16 (Testcontainers)	Run npx prisma generate	2026-09-17T18:51:38.4251309Z ┌─────────────────────────────────────────────────────────┐
integración · PostgreSQL 16 (Testcontainers)	Run npx prisma generate	2026-09-17T18:51:38.4251926Z 
integración · PostgreSQL 16 (Testcontainers)	Run npx prisma generate	2026-09-17T18:51:38.4252615Z │  Update available 6.19.3 -> 8.0.0-rc.15                 │
integración · PostgreSQL 16 (Testcontainers)	Run npx prisma generate	2026-09-17T18:51:38.4253533Z │                                                         │
integración · PostgreSQL 16 (Testcontainers)	Run npx prisma generate	2026-09-17T18:51:38.4268868Z ✔ Generated Prisma Client (v6.19.3) to ./node_modules/@prisma/client in 37ms
integración · PostgreSQL 16 (Testcontainers)	Run npx prisma generate	2026-09-17T18:51:38.4270269Z │  This is a major update - please follow the guide at    │
integración · PostgreSQL 16 (Testcontainers)	Run npx prisma generate	2026-09-17T18:51:38.4271618Z │  https://pris.ly/d/major-version-upgrade                │
integración · PostgreSQL 16 (Testcontainers)	Run npx prisma generate	2026-09-17T18:51:38.4272525Z │                                                         │
integración · PostgreSQL 16 (Testcontainers)	Run npx prisma generate	2026-09-17T18:51:38.4273586Z │  Run the following to update                            │
integración · PostgreSQL 16 (Testcontainers)	Run npx prisma generate	2026-09-17T18:51:38.4274606Z │    npm i --save-dev prisma@latest                       │
integración · PostgreSQL 16 (Testcontainers)	Run npx prisma generate	2026-09-17T18:51:38.4293670Z 
integración · PostgreSQL 16 (Testcontainers)	Run npx prisma generate	2026-09-17T18:51:38.4295031Z │    npm i @prisma/client@latest                          │
integración · PostgreSQL 16 (Testcontainers)	Run npx prisma generate	2026-09-17T18:51:38.4296162Z └─────────────────────────────────────────────────────────┘
integración · PostgreSQL 16 (Testcontainers)	Run npx prisma generate	2026-09-17T18:51:38.4306394Z Start by importing your Prisma Client (See: https://pris.ly/d/importing-client)
integración · PostgreSQL 16 (Testcontainers)	Run npx prisma generate	2026-09-17T18:51:38.4307321Z 
integración · PostgreSQL 16 (Testcontainers)	Run npx prisma generate	2026-09-17T18:51:38.4308375Z Tip: Need your database queries to be 1000x faster? Accelerate offers you that and more: https://pris.ly/tip-2-accelerate
integración · PostgreSQL 16 (Testcontainers)	Run npx prisma generate	2026-09-17T18:51:38.4309258Z 
integración · PostgreSQL 16 (Testcontainers)	Schema vs 06 · readiness · migración fallida aborta	﻿2026-09-17T18:51:38.4485957Z ##[group]Run npm run test:integration
integración · PostgreSQL 16 (Testcontainers)	Schema vs 06 · readiness · migración fallida aborta	2026-09-17T18:51:38.4486363Z ^[[36;1mnpm run test:integration^[[0m
integración · PostgreSQL 16 (Testcontainers)	Schema vs 06 · readiness · migración fallida aborta	2026-09-17T18:51:38.4506624Z shell: /usr/bin/bash -e {0}
integración · PostgreSQL 16 (Testcontainers)	Schema vs 06 · readiness · migración fallida aborta	2026-09-17T18:51:38.4506954Z ##[endgroup]
integración · PostgreSQL 16 (Testcontainers)	Schema vs 06 · readiness · migración fallida aborta	2026-09-17T18:51:38.5317538Z 
integración · PostgreSQL 16 (Testcontainers)	Schema vs 06 · readiness · migración fallida aborta	2026-09-17T18:51:38.5318194Z > be@0.1.0 test:integration
integración · PostgreSQL 16 (Testcontainers)	Schema vs 06 · readiness · migración fallida aborta	2026-09-17T18:51:38.5319159Z > npm run build:domain && npm run test:integration -w @be/api
integración · PostgreSQL 16 (Testcontainers)	Schema vs 06 · readiness · migración fallida aborta	2026-09-17T18:51:38.5319850Z 
integración · PostgreSQL 16 (Testcontainers)	Schema vs 06 · readiness · migración fallida aborta	2026-09-17T18:51:38.6228847Z 
integración · PostgreSQL 16 (Testcontainers)	Schema vs 06 · readiness · migración fallida aborta	2026-09-17T18:51:38.6229422Z > be@0.1.0 build:domain
integración · PostgreSQL 16 (Testcontainers)	Schema vs 06 · readiness · migración fallida aborta	2026-09-17T18:51:38.6230340Z > npm run build -w @be/domain
integración · PostgreSQL 16 (Testcontainers)	Schema vs 06 · readiness · migración fallida aborta	2026-09-17T18:51:38.6230769Z 
integración · PostgreSQL 16 (Testcontainers)	Schema vs 06 · readiness · migración fallida aborta	2026-09-17T18:51:38.7143789Z 
integración · PostgreSQL 16 (Testcontainers)	Schema vs 06 · readiness · migración fallida aborta	2026-09-17T18:51:38.7144540Z > @be/domain@0.1.0 build
integración · PostgreSQL 16 (Testcontainers)	Schema vs 06 · readiness · migración fallida aborta	2026-09-17T18:51:38.7145640Z > tsc -p tsconfig.json
integración · PostgreSQL 16 (Testcontainers)	Schema vs 06 · readiness · migración fallida aborta	2026-09-17T18:51:38.7146026Z 
integración · PostgreSQL 16 (Testcontainers)	Schema vs 06 · readiness · migración fallida aborta	2026-09-17T18:51:39.8924676Z 
integración · PostgreSQL 16 (Testcontainers)	Schema vs 06 · readiness · migración fallida aborta	2026-09-17T18:51:39.8926127Z > @be/api@0.1.0 test:integration
integración · PostgreSQL 16 (Testcontainers)	Schema vs 06 · readiness · migración fallida aborta	2026-09-17T18:51:39.8927009Z > jest --config jest.integration.config.js --runInBand
integración · PostgreSQL 16 (Testcontainers)	Schema vs 06 · readiness · migración fallida aborta	2026-09-17T18:51:39.8927758Z 
integración · PostgreSQL 16 (Testcontainers)	Schema vs 06 · readiness · migración fallida aborta	2026-09-17T18:51:57.6475394Z PASS ../../test/integration/schema.int-spec.ts
integración · PostgreSQL 16 (Testcontainers)	Schema vs 06 · readiness · migración fallida aborta	2026-09-17T18:51:59.4292277Z {"nivel":"info","requestId":"f9138093-2409-41f6-8035-65241350802b","metodo":"GET","ruta":"/health/ready","status":200,"duracionMs":46}
integración · PostgreSQL 16 (Testcontainers)	Schema vs 06 · readiness · migración fallida aborta	2026-09-17T18:51:59.4316517Z {"nivel":"info","requestId":"4e0aaa08-3b48-46ae-878d-14ffa3cb3658","metodo":"GET","ruta":"/health/ready","status":503,"duracionMs":39}
integración · PostgreSQL 16 (Testcontainers)	Schema vs 06 · readiness · migración fallida aborta	2026-09-17T18:51:59.4766651Z PASS ../../test/integration/despliegue.int-spec.ts
integración · PostgreSQL 16 (Testcontainers)	Schema vs 06 · readiness · migración fallida aborta	2026-09-17T18:51:59.4780053Z 
integración · PostgreSQL 16 (Testcontainers)	Schema vs 06 · readiness · migración fallida aborta	2026-09-17T18:51:59.4788351Z Test Suites: 2 passed, 2 total
integración · PostgreSQL 16 (Testcontainers)	Schema vs 06 · readiness · migración fallida aborta	2026-09-17T18:51:59.4789206Z Tests:       10 passed, 10 total
integración · PostgreSQL 16 (Testcontainers)	Schema vs 06 · readiness · migración fallida aborta	2026-09-17T18:51:59.4789903Z Snapshots:   0 total
integración · PostgreSQL 16 (Testcontainers)	Schema vs 06 · readiness · migración fallida aborta	2026-09-17T18:51:59.4790461Z Time:        2.499 s
integración · PostgreSQL 16 (Testcontainers)	Schema vs 06 · readiness · migración fallida aborta	2026-09-17T18:51:59.4798848Z Ran all test suites.
integración · PostgreSQL 16 (Testcontainers)	Post Run actions/setup-node@v7	﻿2026-09-17T18:51:59.8786774Z Post job cleanup.
integración · PostgreSQL 16 (Testcontainers)	Post Run actions/setup-node@v7	2026-09-17T18:51:59.9978701Z [command]/usr/bin/tar --posix -cf cache.tzst --exclude cache.tzst -P -C /home/runner/work/be/be --files-from manifest.txt --use-compress-program zstdmt
integración · PostgreSQL 16 (Testcontainers)	Post Run actions/setup-node@v7	2026-09-17T18:52:01.8911278Z Sent 0 of 333120612 (0.0%), 0.0 MBs/sec
integración · PostgreSQL 16 (Testcontainers)	Post Run actions/setup-node@v7	2026-09-17T18:52:02.8546300Z Sent 333120612 of 333120612 (100.0%), 161.4 MBs/sec
integración · PostgreSQL 16 (Testcontainers)	Post Run actions/setup-node@v7	2026-09-17T18:52:03.0340895Z Cache saved with the key: node-cache-Linux-x64-npm-7396c85b21c1ff035b68dae6b6e7bee2b1d9ae3763791523047320e5c91bdfb2
integración · PostgreSQL 16 (Testcontainers)	Post Run actions/checkout@v7	﻿2026-09-17T18:52:03.0475437Z Post job cleanup.
integración · PostgreSQL 16 (Testcontainers)	Post Run actions/checkout@v7	2026-09-17T18:52:03.1248576Z [command]/usr/bin/git version
integración · PostgreSQL 16 (Testcontainers)	Post Run actions/checkout@v7	2026-09-17T18:52:03.1315884Z git version 2.55.0
integración · PostgreSQL 16 (Testcontainers)	Post Run actions/checkout@v7	2026-09-17T18:52:03.1343489Z Temporarily overriding HOME='/home/runner/work/_temp/05ec5a58-dd01-4187-8d53-c4f38b7be331' before making global git config changes
integración · PostgreSQL 16 (Testcontainers)	Post Run actions/checkout@v7	2026-09-17T18:52:03.1351063Z Adding repository directory to the temporary git global config as a safe directory
integración · PostgreSQL 16 (Testcontainers)	Post Run actions/checkout@v7	2026-09-17T18:52:03.1366846Z [command]/usr/bin/git config --global --add safe.directory /home/runner/work/be/be
integración · PostgreSQL 16 (Testcontainers)	Post Run actions/checkout@v7	2026-09-17T18:52:03.1419328Z Removing SSH command configuration
integración · PostgreSQL 16 (Testcontainers)	Post Run actions/checkout@v7	2026-09-17T18:52:03.1436720Z [command]/usr/bin/git config --local --name-only --get-regexp core\.sshCommand
integración · PostgreSQL 16 (Testcontainers)	Post Run actions/checkout@v7	2026-09-17T18:52:03.1484614Z [command]/usr/bin/git submodule foreach --recursive sh -c "git config --local --name-only --get-regexp 'core\.sshCommand' && git config --local --unset-all 'core.sshCommand' || :"
integración · PostgreSQL 16 (Testcontainers)	Post Run actions/checkout@v7	2026-09-17T18:52:03.1751638Z Removing HTTP extra header
integración · PostgreSQL 16 (Testcontainers)	Post Run actions/checkout@v7	2026-09-17T18:52:03.1752743Z [command]/usr/bin/git config --local --name-only --get-regexp http\.https\:\/\/github\.com\/\.extraheader
integración · PostgreSQL 16 (Testcontainers)	Post Run actions/checkout@v7	2026-09-17T18:52:03.1819616Z [command]/usr/bin/git submodule foreach --recursive sh -c "git config --local --name-only --get-regexp 'http\.https\:\/\/github\.com\/\.extraheader' && git config --local --unset-all 'http.https://github.com/.extraheader' || :"
integración · PostgreSQL 16 (Testcontainers)	Post Run actions/checkout@v7	2026-09-17T18:52:03.2116387Z Removing includeIf entries pointing to credentials config files
integración · PostgreSQL 16 (Testcontainers)	Post Run actions/checkout@v7	2026-09-17T18:52:03.2136003Z [command]/usr/bin/git config --local --name-only --get-regexp ^includeIf\.gitdir:
integración · PostgreSQL 16 (Testcontainers)	Post Run actions/checkout@v7	2026-09-17T18:52:03.2145826Z includeif.gitdir:/home/runner/work/be/be/.git.path
integración · PostgreSQL 16 (Testcontainers)	Post Run actions/checkout@v7	2026-09-17T18:52:03.2158905Z includeif.gitdir:/home/runner/work/be/be/.git/worktrees/*.path
integración · PostgreSQL 16 (Testcontainers)	Post Run actions/checkout@v7	2026-09-17T18:52:03.2159711Z includeif.gitdir:/github/workspace/.git.path
integración · PostgreSQL 16 (Testcontainers)	Post Run actions/checkout@v7	2026-09-17T18:52:03.2160411Z includeif.gitdir:/github/workspace/.git/worktrees/*.path
integración · PostgreSQL 16 (Testcontainers)	Post Run actions/checkout@v7	2026-09-17T18:52:03.2162076Z [command]/usr/bin/git config --local --get-all includeif.gitdir:/home/runner/work/be/be/.git.path
integración · PostgreSQL 16 (Testcontainers)	Post Run actions/checkout@v7	2026-09-17T18:52:03.2182406Z /home/runner/work/_temp/git-credentials-551acf2b-7ac3-495a-b9dd-dd41fbdaabb0.config
integración · PostgreSQL 16 (Testcontainers)	Post Run actions/checkout@v7	2026-09-17T18:52:03.2203535Z [command]/usr/bin/git config --local --unset includeif.gitdir:/home/runner/work/be/be/.git.path \/home\/runner\/work\/_temp\/git\-credentials\-551acf2b\-7ac3\-495a\-b9dd\-dd41fbdaabb0\.config
integración · PostgreSQL 16 (Testcontainers)	Post Run actions/checkout@v7	2026-09-17T18:52:03.2242664Z [command]/usr/bin/git config --local --get-all includeif.gitdir:/home/runner/work/be/be/.git/worktrees/*.path
integración · PostgreSQL 16 (Testcontainers)	Post Run actions/checkout@v7	2026-09-17T18:52:03.2270487Z /home/runner/work/_temp/git-credentials-551acf2b-7ac3-495a-b9dd-dd41fbdaabb0.config
integración · PostgreSQL 16 (Testcontainers)	Post Run actions/checkout@v7	2026-09-17T18:52:03.2314027Z [command]/usr/bin/git config --local --unset includeif.gitdir:/home/runner/work/be/be/.git/worktrees/*.path \/home\/runner\/work\/_temp\/git\-credentials\-551acf2b\-7ac3\-495a\-b9dd\-dd41fbdaabb0\.config
integración · PostgreSQL 16 (Testcontainers)	Post Run actions/checkout@v7	2026-09-17T18:52:03.2357090Z [command]/usr/bin/git config --local --get-all includeif.gitdir:/github/workspace/.git.path
integración · PostgreSQL 16 (Testcontainers)	Post Run actions/checkout@v7	2026-09-17T18:52:03.2387041Z /github/runner_temp/git-credentials-551acf2b-7ac3-495a-b9dd-dd41fbdaabb0.config
integración · PostgreSQL 16 (Testcontainers)	Post Run actions/checkout@v7	2026-09-17T18:52:03.2402955Z [command]/usr/bin/git config --local --unset includeif.gitdir:/github/workspace/.git.path \/github\/runner_temp\/git\-credentials\-551acf2b\-7ac3\-495a\-b9dd\-dd41fbdaabb0\.config
integración · PostgreSQL 16 (Testcontainers)	Post Run actions/checkout@v7	2026-09-17T18:52:03.2456292Z [command]/usr/bin/git config --local --get-all includeif.gitdir:/github/workspace/.git/worktrees/*.path
integración · PostgreSQL 16 (Testcontainers)	Post Run actions/checkout@v7	2026-09-17T18:52:03.2468028Z /github/runner_temp/git-credentials-551acf2b-7ac3-495a-b9dd-dd41fbdaabb0.config
integración · PostgreSQL 16 (Testcontainers)	Post Run actions/checkout@v7	2026-09-17T18:52:03.2506878Z [command]/usr/bin/git config --local --unset includeif.gitdir:/github/workspace/.git/worktrees/*.path \/github\/runner_temp\/git\-credentials\-551acf2b\-7ac3\-495a\-b9dd\-dd41fbdaabb0\.config
integración · PostgreSQL 16 (Testcontainers)	Post Run actions/checkout@v7	2026-09-17T18:52:03.2526711Z [command]/usr/bin/git submodule foreach --recursive git config --local --show-origin --name-only --get-regexp remote.origin.url
integración · PostgreSQL 16 (Testcontainers)	Post Run actions/checkout@v7	2026-09-17T18:52:03.2805436Z Removing credentials config '/home/runner/work/_temp/git-credentials-551acf2b-7ac3-495a-b9dd-dd41fbdaabb0.config'
integración · PostgreSQL 16 (Testcontainers)	Complete job	﻿2026-09-17T18:52:03.2937056Z Cleaning up orphan processes
verificar · typecheck · unit · build · audit	Set up job	﻿2026-09-17T18:50:47.6570667Z Current runner version: '2.337.0'
verificar · typecheck · unit · build · audit	Set up job	2026-09-17T18:50:47.6602491Z ##[group]Runner Image Provisioner
verificar · typecheck · unit · build · audit	Set up job	2026-09-17T18:50:47.6603522Z Hosted Compute Agent
verificar · typecheck · unit · build · audit	Set up job	2026-09-17T18:50:47.6604280Z Version: 20260828.587
verificar · typecheck · unit · build · audit	Set up job	2026-09-17T18:50:47.6605059Z Commit: abac92662cab4cc7352de4f9f9d2e2419aad9c29
verificar · typecheck · unit · build · audit	Set up job	2026-09-17T18:50:47.6605937Z Build Date: 2026-08-28T16:44:25Z
verificar · typecheck · unit · build · audit	Set up job	2026-09-17T18:50:47.6606836Z Worker ID: {beb4a103-4091-4058-bab5-79a27ab5b60a}
verificar · typecheck · unit · build · audit	Set up job	2026-09-17T18:50:47.6607728Z Azure Region: westus
verificar · typecheck · unit · build · audit	Set up job	2026-09-17T18:50:47.6608381Z ##[endgroup]
verificar · typecheck · unit · build · audit	Set up job	2026-09-17T18:50:47.6610078Z ##[group]Operating System
verificar · typecheck · unit · build · audit	Set up job	2026-09-17T18:50:47.6610858Z Ubuntu
verificar · typecheck · unit · build · audit	Set up job	2026-09-17T18:50:47.6611525Z 24.04.5
verificar · typecheck · unit · build · audit	Set up job	2026-09-17T18:50:47.6612430Z LTS
verificar · typecheck · unit · build · audit	Set up job	2026-09-17T18:50:47.6613028Z ##[endgroup]
verificar · typecheck · unit · build · audit	Set up job	2026-09-17T18:50:47.6613769Z ##[group]Runner Image
verificar · typecheck · unit · build · audit	Set up job	2026-09-17T18:50:47.6614484Z Image: ubuntu-24.04
verificar · typecheck · unit · build · audit	Set up job	2026-09-17T18:50:47.6615185Z Version: 20260907.300.1
verificar · typecheck · unit · build · audit	Set up job	2026-09-17T18:50:47.6616543Z Included Software: https://github.com/actions/runner-images/blob/ubuntu24/20260907.300/images/ubuntu/Ubuntu2404-Readme.md
verificar · typecheck · unit · build · audit	Set up job	2026-09-17T18:50:47.6618784Z Image Release: https://github.com/actions/runner-images/releases/tag/ubuntu24%2F20260907.300
verificar · typecheck · unit · build · audit	Set up job	2026-09-17T18:50:47.6620000Z ##[endgroup]
verificar · typecheck · unit · build · audit	Set up job	2026-09-17T18:50:47.6621479Z ##[group]GITHUB_TOKEN Permissions
verificar · typecheck · unit · build · audit	Set up job	2026-09-17T18:50:47.6623883Z Contents: read
verificar · typecheck · unit · build · audit	Set up job	2026-09-17T18:50:47.6624673Z Metadata: read
verificar · typecheck · unit · build · audit	Set up job	2026-09-17T18:50:47.6625343Z ##[endgroup]
verificar · typecheck · unit · build · audit	Set up job	2026-09-17T18:50:47.6627750Z Secret source: Actions
verificar · typecheck · unit · build · audit	Set up job	2026-09-17T18:50:47.6629015Z Cache mode: write
verificar · typecheck · unit · build · audit	Set up job	2026-09-17T18:50:47.6629854Z Prepare workflow directory
verificar · typecheck · unit · build · audit	Set up job	2026-09-17T18:50:47.7173008Z Prepare all required actions
verificar · typecheck · unit · build · audit	Set up job	2026-09-17T18:50:47.7233898Z Getting action download info
verificar · typecheck · unit · build · audit	Set up job	2026-09-17T18:50:48.1080637Z Download action repository 'actions/checkout@v7' (SHA:3d3c42e5aac5ba805825da76410c181273ba90b1)
verificar · typecheck · unit · build · audit	Set up job	2026-09-17T18:50:48.2326468Z Download action repository 'actions/setup-node@v7' (SHA:820762786026740c76f36085b0efc47a31fe5020)
verificar · typecheck · unit · build · audit	Set up job	2026-09-17T18:50:48.4664809Z Complete job name: verificar · typecheck · unit · build · audit
verificar · typecheck · unit · build · audit	Run actions/checkout@v7	﻿2026-09-17T18:50:48.5282632Z ##[group]Run actions/checkout@v7
verificar · typecheck · unit · build · audit	Run actions/checkout@v7	2026-09-17T18:50:48.5283374Z with:
verificar · typecheck · unit · build · audit	Run actions/checkout@v7	2026-09-17T18:50:48.5283727Z   repository: Elian-Bufi/be
verificar · typecheck · unit · build · audit	Run actions/checkout@v7	2026-09-17T18:50:48.5287033Z   token: ***
verificar · typecheck · unit · build · audit	Run actions/checkout@v7	2026-09-17T18:50:48.5287377Z   ssh-strict: true
verificar · typecheck · unit · build · audit	Run actions/checkout@v7	2026-09-17T18:50:48.5287728Z   ssh-user: git
verificar · typecheck · unit · build · audit	Run actions/checkout@v7	2026-09-17T18:50:48.5288078Z   persist-credentials: true
verificar · typecheck · unit · build · audit	Run actions/checkout@v7	2026-09-17T18:50:48.5288462Z   clean: true
verificar · typecheck · unit · build · audit	Run actions/checkout@v7	2026-09-17T18:50:48.5288811Z   sparse-checkout-cone-mode: true
verificar · typecheck · unit · build · audit	Run actions/checkout@v7	2026-09-17T18:50:48.5289218Z   fetch-depth: 1
verificar · typecheck · unit · build · audit	Run actions/checkout@v7	2026-09-17T18:50:48.5289559Z   fetch-tags: false
verificar · typecheck · unit · build · audit	Run actions/checkout@v7	2026-09-17T18:50:48.5289907Z   show-progress: true
verificar · typecheck · unit · build · audit	Run actions/checkout@v7	2026-09-17T18:50:48.5290257Z   lfs: false
verificar · typecheck · unit · build · audit	Run actions/checkout@v7	2026-09-17T18:50:48.5290593Z   submodules: false
verificar · typecheck · unit · build · audit	Run actions/checkout@v7	2026-09-17T18:50:48.5290944Z   set-safe-directory: true
verificar · typecheck · unit · build · audit	Run actions/checkout@v7	2026-09-17T18:50:48.5291339Z   allow-unsafe-pr-checkout: false
verificar · typecheck · unit · build · audit	Run actions/checkout@v7	2026-09-17T18:50:48.5292121Z ##[endgroup]
verificar · typecheck · unit · build · audit	Run actions/checkout@v7	2026-09-17T18:50:48.6351713Z Syncing repository: Elian-Bufi/be
verificar · typecheck · unit · build · audit	Run actions/checkout@v7	2026-09-17T18:50:48.6356654Z ##[group]Getting Git version info
verificar · typecheck · unit · build · audit	Run actions/checkout@v7	2026-09-17T18:50:48.6358019Z Working directory is '/home/runner/work/be/be'
verificar · typecheck · unit · build · audit	Run actions/checkout@v7	2026-09-17T18:50:48.6361293Z [command]/usr/bin/git version
verificar · typecheck · unit · build · audit	Run actions/checkout@v7	2026-09-17T18:50:48.6443004Z git version 2.55.0
verificar · typecheck · unit · build · audit	Run actions/checkout@v7	2026-09-17T18:50:48.6448131Z ##[endgroup]
verificar · typecheck · unit · build · audit	Run actions/checkout@v7	2026-09-17T18:50:48.6454551Z Temporarily overriding HOME='/home/runner/work/_temp/5e2b6bc1-5dcc-4196-b071-cd94406f5519' before making global git config changes
verificar · typecheck · unit · build · audit	Run actions/checkout@v7	2026-09-17T18:50:48.6457060Z Adding repository directory to the temporary git global config as a safe directory
verificar · typecheck · unit · build · audit	Run actions/checkout@v7	2026-09-17T18:50:48.6476434Z [command]/usr/bin/git config --global --add safe.directory /home/runner/work/be/be
verificar · typecheck · unit · build · audit	Run actions/checkout@v7	2026-09-17T18:50:48.6534811Z Deleting the contents of '/home/runner/work/be/be'
verificar · typecheck · unit · build · audit	Run actions/checkout@v7	2026-09-17T18:50:48.6537571Z ##[group]Determining repository object format
verificar · typecheck · unit · build · audit	Run actions/checkout@v7	2026-09-17T18:50:48.6539284Z ##[endgroup]
verificar · typecheck · unit · build · audit	Run actions/checkout@v7	2026-09-17T18:50:48.6540835Z ##[group]Initializing the repository
verificar · typecheck · unit · build · audit	Run actions/checkout@v7	2026-09-17T18:50:48.6545599Z [command]/usr/bin/git init /home/runner/work/be/be
verificar · typecheck · unit · build · audit	Run actions/checkout@v7	2026-09-17T18:50:48.6671623Z hint: Using 'master' as the name for the initial branch. This default branch name
verificar · typecheck · unit · build · audit	Run actions/checkout@v7	2026-09-17T18:50:48.6713432Z hint: will change to "main" in Git 3.0. To configure the initial branch name
verificar · typecheck · unit · build · audit	Run actions/checkout@v7	2026-09-17T18:50:48.6730213Z hint: to use in all of your new repositories, which will suppress this warning,
verificar · typecheck · unit · build · audit	Run actions/checkout@v7	2026-09-17T18:50:48.6742872Z hint: call:
verificar · typecheck · unit · build · audit	Run actions/checkout@v7	2026-09-17T18:50:48.6743535Z hint:
verificar · typecheck · unit · build · audit	Run actions/checkout@v7	2026-09-17T18:50:48.6744348Z hint: 	git config --global init.defaultBranch <name>
verificar · typecheck · unit · build · audit	Run actions/checkout@v7	2026-09-17T18:50:48.6745215Z hint:
verificar · typecheck · unit · build · audit	Run actions/checkout@v7	2026-09-17T18:50:48.6746172Z hint: Names commonly chosen instead of 'master' are 'main', 'trunk' and
verificar · typecheck · unit · build · audit	Run actions/checkout@v7	2026-09-17T18:50:48.6747429Z hint: 'development'. The just-created branch can be renamed via this command:
verificar · typecheck · unit · build · audit	Run actions/checkout@v7	2026-09-17T18:50:48.6771419Z hint:
verificar · typecheck · unit · build · audit	Run actions/checkout@v7	2026-09-17T18:50:48.6772372Z hint: 	git branch -m <name>
verificar · typecheck · unit · build · audit	Run actions/checkout@v7	2026-09-17T18:50:48.6773509Z hint:
verificar · typecheck · unit · build · audit	Run actions/checkout@v7	2026-09-17T18:50:48.6774413Z hint: Disable this message with "git config set advice.defaultBranchName false"
verificar · typecheck · unit · build · audit	Run actions/checkout@v7	2026-09-17T18:50:48.6776142Z Initialized empty Git repository in /home/runner/work/be/be/.git/
verificar · typecheck · unit · build · audit	Run actions/checkout@v7	2026-09-17T18:50:48.6778930Z [command]/usr/bin/git remote add origin https://github.com/Elian-Bufi/be
verificar · typecheck · unit · build · audit	Run actions/checkout@v7	2026-09-17T18:50:48.6782168Z ##[endgroup]
verificar · typecheck · unit · build · audit	Run actions/checkout@v7	2026-09-17T18:50:48.6783285Z ##[group]Disabling automatic garbage collection
verificar · typecheck · unit · build · audit	Run actions/checkout@v7	2026-09-17T18:50:48.6784529Z [command]/usr/bin/git config --local gc.auto 0
verificar · typecheck · unit · build · audit	Run actions/checkout@v7	2026-09-17T18:50:48.6889287Z ##[endgroup]
verificar · typecheck · unit · build · audit	Run actions/checkout@v7	2026-09-17T18:50:48.6890633Z ##[group]Setting up auth
verificar · typecheck · unit · build · audit	Run actions/checkout@v7	2026-09-17T18:50:48.6891589Z Removing SSH command configuration
verificar · typecheck · unit · build · audit	Run actions/checkout@v7	2026-09-17T18:50:48.6893014Z [command]/usr/bin/git config --local --name-only --get-regexp core\.sshCommand
verificar · typecheck · unit · build · audit	Run actions/checkout@v7	2026-09-17T18:50:48.6895941Z [command]/usr/bin/git submodule foreach --recursive sh -c "git config --local --name-only --get-regexp 'core\.sshCommand' && git config --local --unset-all 'core.sshCommand' || :"
verificar · typecheck · unit · build · audit	Run actions/checkout@v7	2026-09-17T18:50:48.7784244Z Removing HTTP extra header
verificar · typecheck · unit · build · audit	Run actions/checkout@v7	2026-09-17T18:50:48.7785580Z [command]/usr/bin/git config --local --name-only --get-regexp http\.https\:\/\/github\.com\/\.extraheader
verificar · typecheck · unit · build · audit	Run actions/checkout@v7	2026-09-17T18:50:48.7789205Z [command]/usr/bin/git submodule foreach --recursive sh -c "git config --local --name-only --get-regexp 'http\.https\:\/\/github\.com\/\.extraheader' && git config --local --unset-all 'http.https://github.com/.extraheader' || :"
verificar · typecheck · unit · build · audit	Run actions/checkout@v7	2026-09-17T18:50:48.7833346Z Removing includeIf entries pointing to credentials config files
verificar · typecheck · unit · build · audit	Run actions/checkout@v7	2026-09-17T18:50:48.7838610Z [command]/usr/bin/git config --local --name-only --get-regexp ^includeIf\.gitdir:
verificar · typecheck · unit · build · audit	Run actions/checkout@v7	2026-09-17T18:50:48.7873119Z [command]/usr/bin/git submodule foreach --recursive git config --local --show-origin --name-only --get-regexp remote.origin.url
verificar · typecheck · unit · build · audit	Run actions/checkout@v7	2026-09-17T18:50:48.8096679Z [command]/usr/bin/git config --file /home/runner/work/_temp/git-credentials-c83b7586-7913-4c06-9f99-de5d484104b1.config http.https://github.com/.extraheader AUTHORIZATION: basic ***
verificar · typecheck · unit · build · audit	Run actions/checkout@v7	2026-09-17T18:50:48.8135996Z [command]/usr/bin/git config --local includeIf.gitdir:/home/runner/work/be/be/.git.path /home/runner/work/_temp/git-credentials-c83b7586-7913-4c06-9f99-de5d484104b1.config
verificar · typecheck · unit · build · audit	Run actions/checkout@v7	2026-09-17T18:50:48.8168292Z [command]/usr/bin/git config --local includeIf.gitdir:/home/runner/work/be/be/.git/worktrees/*.path /home/runner/work/_temp/git-credentials-c83b7586-7913-4c06-9f99-de5d484104b1.config
verificar · typecheck · unit · build · audit	Run actions/checkout@v7	2026-09-17T18:50:48.8205098Z [command]/usr/bin/git config --local includeIf.gitdir:/github/workspace/.git.path /github/runner_temp/git-credentials-c83b7586-7913-4c06-9f99-de5d484104b1.config
verificar · typecheck · unit · build · audit	Run actions/checkout@v7	2026-09-17T18:50:48.8243620Z [command]/usr/bin/git config --local includeIf.gitdir:/github/workspace/.git/worktrees/*.path /github/runner_temp/git-credentials-c83b7586-7913-4c06-9f99-de5d484104b1.config
verificar · typecheck · unit · build · audit	Run actions/checkout@v7	2026-09-17T18:50:48.8278912Z ##[endgroup]
verificar · typecheck · unit · build · audit	Run actions/checkout@v7	2026-09-17T18:50:48.8280080Z ##[group]Fetching the repository
verificar · typecheck · unit · build · audit	Run actions/checkout@v7	2026-09-17T18:50:48.8286804Z [command]/usr/bin/git -c protocol.version=2 fetch --no-tags --prune --no-recurse-submodules --depth=1 origin +4db6fce940aba7d29a85eb2b60daf97cf12ec594:refs/remotes/pull/1/merge
verificar · typecheck · unit · build · audit	Run actions/checkout@v7	2026-09-17T18:50:49.9235877Z From https://github.com/Elian-Bufi/be
verificar · typecheck · unit · build · audit	Run actions/checkout@v7	2026-09-17T18:50:49.9238058Z  * [new ref]         4db6fce940aba7d29a85eb2b60daf97cf12ec594 -> pull/1/merge
verificar · typecheck · unit · build · audit	Run actions/checkout@v7	2026-09-17T18:50:49.9243125Z ##[endgroup]
verificar · typecheck · unit · build · audit	Run actions/checkout@v7	2026-09-17T18:50:49.9244700Z ##[group]Determining the checkout info
verificar · typecheck · unit · build · audit	Run actions/checkout@v7	2026-09-17T18:50:49.9247708Z ##[endgroup]
verificar · typecheck · unit · build · audit	Run actions/checkout@v7	2026-09-17T18:50:49.9248796Z [command]/usr/bin/git sparse-checkout disable
verificar · typecheck · unit · build · audit	Run actions/checkout@v7	2026-09-17T18:50:49.9675695Z [command]/usr/bin/git config --local --unset-all extensions.worktreeConfig
verificar · typecheck · unit · build · audit	Run actions/checkout@v7	2026-09-17T18:50:50.0680871Z ##[group]Checking out the ref
verificar · typecheck · unit · build · audit	Run actions/checkout@v7	2026-09-17T18:50:50.0683029Z [command]/usr/bin/git checkout --progress --force refs/remotes/pull/1/merge
verificar · typecheck · unit · build · audit	Run actions/checkout@v7	2026-09-17T18:50:50.2158262Z Note: switching to 'refs/remotes/pull/1/merge'.
verificar · typecheck · unit · build · audit	Run actions/checkout@v7	2026-09-17T18:50:50.2160646Z 
verificar · typecheck · unit · build · audit	Run actions/checkout@v7	2026-09-17T18:50:50.2161773Z You are in 'detached HEAD' state. You can look around, make experimental
verificar · typecheck · unit · build · audit	Run actions/checkout@v7	2026-09-17T18:50:50.2162819Z changes and commit them, and you can discard any commits you make in this
verificar · typecheck · unit · build · audit	Run actions/checkout@v7	2026-09-17T18:50:50.2173751Z state without impacting any branches by switching back to a branch.
verificar · typecheck · unit · build · audit	Run actions/checkout@v7	2026-09-17T18:50:50.2174277Z 
verificar · typecheck · unit · build · audit	Run actions/checkout@v7	2026-09-17T18:50:50.2182996Z If you want to create a new branch to retain commits you create, you may
verificar · typecheck · unit · build · audit	Run actions/checkout@v7	2026-09-17T18:50:50.2183986Z do so (now or later) by using -c with the switch command. Example:
verificar · typecheck · unit · build · audit	Run actions/checkout@v7	2026-09-17T18:50:50.2186311Z 
verificar · typecheck · unit · build · audit	Run actions/checkout@v7	2026-09-17T18:50:50.2186560Z   git switch -c <new-branch-name>
verificar · typecheck · unit · build · audit	Run actions/checkout@v7	2026-09-17T18:50:50.2186847Z 
verificar · typecheck · unit · build · audit	Run actions/checkout@v7	2026-09-17T18:50:50.2187009Z Or undo this operation with:
verificar · typecheck · unit · build · audit	Run actions/checkout@v7	2026-09-17T18:50:50.2187246Z 
verificar · typecheck · unit · build · audit	Run actions/checkout@v7	2026-09-17T18:50:50.2187376Z   git switch -
verificar · typecheck · unit · build · audit	Run actions/checkout@v7	2026-09-17T18:50:50.2187596Z 
verificar · typecheck · unit · build · audit	Run actions/checkout@v7	2026-09-17T18:50:50.2187908Z Turn off this advice by setting config variable advice.detachedHead to false
verificar · typecheck · unit · build · audit	Run actions/checkout@v7	2026-09-17T18:50:50.2188329Z 
verificar · typecheck · unit · build · audit	Run actions/checkout@v7	2026-09-17T18:50:50.2188821Z HEAD is now at 4db6fce Merge 51f981c983522fe363dbdd2e3e6ac17efca79710 into 67dfac38cdcbfff7cfd1b4070698e54de703b131
verificar · typecheck · unit · build · audit	Run actions/checkout@v7	2026-09-17T18:50:50.2190874Z ##[endgroup]
verificar · typecheck · unit · build · audit	Run actions/checkout@v7	2026-09-17T18:50:50.2224980Z [command]/usr/bin/git log -1 --format=%H
verificar · typecheck · unit · build · audit	Run actions/checkout@v7	2026-09-17T18:50:50.2261484Z 4db6fce940aba7d29a85eb2b60daf97cf12ec594
verificar · typecheck · unit · build · audit	Run actions/setup-node@v7	﻿2026-09-17T18:50:50.2606750Z ##[group]Run actions/setup-node@v7
verificar · typecheck · unit · build · audit	Run actions/setup-node@v7	2026-09-17T18:50:50.2607100Z with:
verificar · typecheck · unit · build · audit	Run actions/setup-node@v7	2026-09-17T18:50:50.2607321Z   node-version-file: .nvmrc
verificar · typecheck · unit · build · audit	Run actions/setup-node@v7	2026-09-17T18:50:50.2607558Z   cache: npm
verificar · typecheck · unit · build · audit	Run actions/setup-node@v7	2026-09-17T18:50:50.2607762Z   check-latest: false
verificar · typecheck · unit · build · audit	Run actions/setup-node@v7	2026-09-17T18:50:50.2609959Z   token: ***
verificar · typecheck · unit · build · audit	Run actions/setup-node@v7	2026-09-17T18:50:50.2610193Z   package-manager-cache: true
verificar · typecheck · unit · build · audit	Run actions/setup-node@v7	2026-09-17T18:50:50.2610458Z ##[endgroup]
verificar · typecheck · unit · build · audit	Run actions/setup-node@v7	2026-09-17T18:50:50.3722790Z Node version file is not JSON file
verificar · typecheck · unit · build · audit	Run actions/setup-node@v7	2026-09-17T18:50:50.3725929Z Resolved .nvmrc as 22.23.2
verificar · typecheck · unit · build · audit	Run actions/setup-node@v7	2026-09-17T18:50:50.3754772Z Found in cache @ /opt/hostedtoolcache/node/22.23.2/x64
verificar · typecheck · unit · build · audit	Run actions/setup-node@v7	2026-09-17T18:50:50.3757784Z ##[group]Environment details
verificar · typecheck · unit · build · audit	Run actions/setup-node@v7	2026-09-17T18:50:50.9026816Z node: v22.23.2
verificar · typecheck · unit · build · audit	Run actions/setup-node@v7	2026-09-17T18:50:50.9074134Z npm: 10.9.8
verificar · typecheck · unit · build · audit	Run actions/setup-node@v7	2026-09-17T18:50:50.9074451Z yarn: 1.22.22
verificar · typecheck · unit · build · audit	Run actions/setup-node@v7	2026-09-17T18:50:50.9075334Z ##[endgroup]
verificar · typecheck · unit · build · audit	Run actions/setup-node@v7	2026-09-17T18:50:50.9075726Z [command]/opt/hostedtoolcache/node/22.23.2/x64/bin/npm config get cache
verificar · typecheck · unit · build · audit	Run actions/setup-node@v7	2026-09-17T18:50:51.0403923Z /home/runner/.npm
verificar · typecheck · unit · build · audit	Run actions/setup-node@v7	2026-09-17T18:50:51.3102278Z npm cache is not found
verificar · typecheck · unit · build · audit	Run npm ci	﻿2026-09-17T18:50:51.3228873Z ##[group]Run npm ci
verificar · typecheck · unit · build · audit	Run npm ci	2026-09-17T18:50:51.3229209Z ^[[36;1mnpm ci^[[0m
verificar · typecheck · unit · build · audit	Run npm ci	2026-09-17T18:50:51.3274980Z shell: /usr/bin/bash -e {0}
verificar · typecheck · unit · build · audit	Run npm ci	2026-09-17T18:50:51.3275260Z ##[endgroup]
verificar · typecheck · unit · build · audit	Run npm ci	2026-09-17T18:51:00.3098393Z npm warn deprecated uuid@7.0.3: uuid@10 and below is no longer supported.  For ESM codebases, update to uuid@latest.  For CommonJS codebases, use uuid@11 (but be aware this version will likely be deprecated in 2028).
verificar · typecheck · unit · build · audit	Run npm ci	2026-09-17T18:51:01.9315358Z npm warn deprecated glob@10.5.0: Old versions of glob are not supported, and contain widely publicized security vulnerabilities, which have been fixed in the current version. Please update. Support for old versions may be purchased (at exorbitant rates) by contacting i@izs.me
verificar · typecheck · unit · build · audit	Run npm ci	2026-09-17T18:51:02.0675222Z npm warn deprecated glob@10.5.0: Old versions of glob are not supported, and contain widely publicized security vulnerabilities, which have been fixed in the current version. Please update. Support for old versions may be purchased (at exorbitant rates) by contacting i@izs.me
verificar · typecheck · unit · build · audit	Run npm ci	2026-09-17T18:51:30.4812849Z 
verificar · typecheck · unit · build · audit	Run npm ci	2026-09-17T18:51:30.4845088Z added 959 packages, and audited 964 packages in 39s
verificar · typecheck · unit · build · audit	Run npm ci	2026-09-17T18:51:30.5282776Z 
verificar · typecheck · unit · build · audit	Run npm ci	2026-09-17T18:51:30.5293232Z 10 moderate severity vulnerabilities
verificar · typecheck · unit · build · audit	Run npm ci	2026-09-17T18:51:30.5312362Z 
verificar · typecheck · unit · build · audit	Run npm ci	2026-09-17T18:51:30.5322903Z To address issues that do not require attention, run:
verificar · typecheck · unit · build · audit	Run npm ci	2026-09-17T18:51:30.5323844Z   npm audit fix
verificar · typecheck · unit · build · audit	Run npm ci	2026-09-17T18:51:30.5324035Z 
verificar · typecheck · unit · build · audit	Run npm ci	2026-09-17T18:51:30.5324337Z To address all issues (including breaking changes), run:
verificar · typecheck · unit · build · audit	Run npm ci	2026-09-17T18:51:30.5324775Z   npm audit fix --force
verificar · typecheck · unit · build · audit	Run npm ci	2026-09-17T18:51:30.5324950Z 
verificar · typecheck · unit · build · audit	Run npm ci	2026-09-17T18:51:30.5325104Z Run `npm audit` for details.
verificar · typecheck · unit · build · audit	Run npx prisma generate	﻿2026-09-17T18:51:30.6023980Z ##[group]Run npx prisma generate
verificar · typecheck · unit · build · audit	Run npx prisma generate	2026-09-17T18:51:30.6024388Z ^[[36;1mnpx prisma generate^[[0m
verificar · typecheck · unit · build · audit	Run npx prisma generate	2026-09-17T18:51:30.6060554Z shell: /usr/bin/bash -e {0}
verificar · typecheck · unit · build · audit	Run npx prisma generate	2026-09-17T18:51:30.6060844Z ##[endgroup]
verificar · typecheck · unit · build · audit	Run npx prisma generate	2026-09-17T18:51:31.5384097Z warn The configuration property `package.json#prisma` is deprecated and will be removed in Prisma 7. Please migrate to a Prisma config file (e.g., `prisma.config.ts`).
verificar · typecheck · unit · build · audit	Run npx prisma generate	2026-09-17T18:51:31.5385466Z For more information, see: https://pris.ly/prisma-config
verificar · typecheck · unit · build · audit	Run npx prisma generate	2026-09-17T18:51:31.5385783Z 
verificar · typecheck · unit · build · audit	Run npx prisma generate	2026-09-17T18:51:31.6872286Z Prisma schema loaded from prisma/schema.prisma
verificar · typecheck · unit · build · audit	Run npx prisma generate	2026-09-17T18:51:31.7928187Z ┌─────────────────────────────────────────────────────────┐
verificar · typecheck · unit · build · audit	Run npx prisma generate	2026-09-17T18:51:31.7928922Z 
verificar · typecheck · unit · build · audit	Run npx prisma generate	2026-09-17T18:51:31.7929559Z │  Update available 6.19.3 -> 8.0.0-rc.15                 │
verificar · typecheck · unit · build · audit	Run npx prisma generate	2026-09-17T18:51:31.7942649Z │                                                         │
verificar · typecheck · unit · build · audit	Run npx prisma generate	2026-09-17T18:51:31.7943394Z ✔ Generated Prisma Client (v6.19.3) to ./node_modules/@prisma/client in 35ms
verificar · typecheck · unit · build · audit	Run npx prisma generate	2026-09-17T18:51:31.7951270Z │  This is a major update - please follow the guide at    │
verificar · typecheck · unit · build · audit	Run npx prisma generate	2026-09-17T18:51:31.7951800Z 
verificar · typecheck · unit · build · audit	Run npx prisma generate	2026-09-17T18:51:31.7952794Z │  https://pris.ly/d/major-version-upgrade                │
verificar · typecheck · unit · build · audit	Run npx prisma generate	2026-09-17T18:51:31.7953696Z Start by importing your Prisma Client (See: https://pris.ly/d/importing-client)
verificar · typecheck · unit · build · audit	Run npx prisma generate	2026-09-17T18:51:31.7970008Z │                                                         │
verificar · typecheck · unit · build · audit	Run npx prisma generate	2026-09-17T18:51:31.7970453Z 
verificar · typecheck · unit · build · audit	Run npx prisma generate	2026-09-17T18:51:31.7971096Z │  Run the following to update                            │
verificar · typecheck · unit · build · audit	Run npx prisma generate	2026-09-17T18:51:31.7972394Z Tip: Need your database queries to be 1000x faster? Accelerate offers you that and more: https://pris.ly/tip-2-accelerate
verificar · typecheck · unit · build · audit	Run npx prisma generate	2026-09-17T18:51:31.7975869Z │    npm i --save-dev prisma@latest                       │
verificar · typecheck · unit · build · audit	Run npx prisma generate	2026-09-17T18:51:31.7976327Z 
verificar · typecheck · unit · build · audit	Run npx prisma generate	2026-09-17T18:51:31.7976881Z │    npm i @prisma/client@latest                          │
verificar · typecheck · unit · build · audit	Run npx prisma generate	2026-09-17T18:51:31.7977956Z └─────────────────────────────────────────────────────────┘
verificar · typecheck · unit · build · audit	Typecheck (domain, api, web, mobile)	﻿2026-09-17T18:51:31.8225240Z ##[group]Run npm run typecheck
verificar · typecheck · unit · build · audit	Typecheck (domain, api, web, mobile)	2026-09-17T18:51:31.8225500Z ^[[36;1mnpm run typecheck^[[0m
verificar · typecheck · unit · build · audit	Typecheck (domain, api, web, mobile)	2026-09-17T18:51:31.8257771Z shell: /usr/bin/bash -e {0}
verificar · typecheck · unit · build · audit	Typecheck (domain, api, web, mobile)	2026-09-17T18:51:31.8257996Z ##[endgroup]
verificar · typecheck · unit · build · audit	Typecheck (domain, api, web, mobile)	2026-09-17T18:51:31.9456626Z 
verificar · typecheck · unit · build · audit	Typecheck (domain, api, web, mobile)	2026-09-17T18:51:31.9457861Z > be@0.1.0 typecheck
verificar · typecheck · unit · build · audit	Typecheck (domain, api, web, mobile)	2026-09-17T18:51:31.9458924Z > npm run build:domain && npm run typecheck --workspaces --if-present
verificar · typecheck · unit · build · audit	Typecheck (domain, api, web, mobile)	2026-09-17T18:51:31.9459514Z 
verificar · typecheck · unit · build · audit	Typecheck (domain, api, web, mobile)	2026-09-17T18:51:32.0402418Z 
verificar · typecheck · unit · build · audit	Typecheck (domain, api, web, mobile)	2026-09-17T18:51:32.0403732Z > be@0.1.0 build:domain
verificar · typecheck · unit · build · audit	Typecheck (domain, api, web, mobile)	2026-09-17T18:51:32.0422658Z > npm run build -w @be/domain
verificar · typecheck · unit · build · audit	Typecheck (domain, api, web, mobile)	2026-09-17T18:51:32.0424887Z 
verificar · typecheck · unit · build · audit	Typecheck (domain, api, web, mobile)	2026-09-17T18:51:32.1629377Z 
verificar · typecheck · unit · build · audit	Typecheck (domain, api, web, mobile)	2026-09-17T18:51:32.1632453Z > @be/domain@0.1.0 build
verificar · typecheck · unit · build · audit	Typecheck (domain, api, web, mobile)	2026-09-17T18:51:32.1632944Z > tsc -p tsconfig.json
verificar · typecheck · unit · build · audit	Typecheck (domain, api, web, mobile)	2026-09-17T18:51:32.1633169Z 
verificar · typecheck · unit · build · audit	Typecheck (domain, api, web, mobile)	2026-09-17T18:51:33.4378919Z 
verificar · typecheck · unit · build · audit	Typecheck (domain, api, web, mobile)	2026-09-17T18:51:33.4379667Z > @be/domain@0.1.0 typecheck
verificar · typecheck · unit · build · audit	Typecheck (domain, api, web, mobile)	2026-09-17T18:51:33.4380329Z > tsc -p tsconfig.json --noEmit
verificar · typecheck · unit · build · audit	Typecheck (domain, api, web, mobile)	2026-09-17T18:51:33.4380912Z 
verificar · typecheck · unit · build · audit	Typecheck (domain, api, web, mobile)	2026-09-17T18:51:34.4824768Z 
verificar · typecheck · unit · build · audit	Typecheck (domain, api, web, mobile)	2026-09-17T18:51:34.4825656Z > @be/api@0.1.0 typecheck
verificar · typecheck · unit · build · audit	Typecheck (domain, api, web, mobile)	2026-09-17T18:51:34.4826387Z > tsc -p tsconfig.json --noEmit
verificar · typecheck · unit · build · audit	Typecheck (domain, api, web, mobile)	2026-09-17T18:51:34.4826758Z 
verificar · typecheck · unit · build · audit	Typecheck (domain, api, web, mobile)	2026-09-17T18:51:36.1447504Z 
verificar · typecheck · unit · build · audit	Typecheck (domain, api, web, mobile)	2026-09-17T18:51:36.1448378Z > @be/web@0.1.0 typecheck
verificar · typecheck · unit · build · audit	Typecheck (domain, api, web, mobile)	2026-09-17T18:51:36.1449043Z > tsc --noEmit
verificar · typecheck · unit · build · audit	Typecheck (domain, api, web, mobile)	2026-09-17T18:51:36.1449389Z 
verificar · typecheck · unit · build · audit	Typecheck (domain, api, web, mobile)	2026-09-17T18:51:38.2026770Z 
verificar · typecheck · unit · build · audit	Typecheck (domain, api, web, mobile)	2026-09-17T18:51:38.2027776Z > @be/mobile@0.1.0 typecheck
verificar · typecheck · unit · build · audit	Typecheck (domain, api, web, mobile)	2026-09-17T18:51:38.2028417Z > tsc --noEmit
verificar · typecheck · unit · build · audit	Typecheck (domain, api, web, mobile)	2026-09-17T18:51:38.2028863Z 
verificar · typecheck · unit · build · audit	Pruebas unitarias (domain, api)	﻿2026-09-17T18:51:39.3899370Z ##[group]Run npm test
verificar · typecheck · unit · build · audit	Pruebas unitarias (domain, api)	2026-09-17T18:51:39.3899598Z ^[[36;1mnpm test^[[0m
verificar · typecheck · unit · build · audit	Pruebas unitarias (domain, api)	2026-09-17T18:51:39.3933528Z shell: /usr/bin/bash -e {0}
verificar · typecheck · unit · build · audit	Pruebas unitarias (domain, api)	2026-09-17T18:51:39.3933773Z ##[endgroup]
verificar · typecheck · unit · build · audit	Pruebas unitarias (domain, api)	2026-09-17T18:51:39.4882653Z 
verificar · typecheck · unit · build · audit	Pruebas unitarias (domain, api)	2026-09-17T18:51:39.4883263Z > be@0.1.0 test
verificar · typecheck · unit · build · audit	Pruebas unitarias (domain, api)	2026-09-17T18:51:39.4883929Z > npm run build:domain && npm run test -w @be/domain && npm run test -w @be/api
verificar · typecheck · unit · build · audit	Pruebas unitarias (domain, api)	2026-09-17T18:51:39.4884731Z 
verificar · typecheck · unit · build · audit	Pruebas unitarias (domain, api)	2026-09-17T18:51:39.5756103Z 
verificar · typecheck · unit · build · audit	Pruebas unitarias (domain, api)	2026-09-17T18:51:39.5757042Z > be@0.1.0 build:domain
verificar · typecheck · unit · build · audit	Pruebas unitarias (domain, api)	2026-09-17T18:51:39.5757965Z > npm run build -w @be/domain
verificar · typecheck · unit · build · audit	Pruebas unitarias (domain, api)	2026-09-17T18:51:39.5758442Z 
verificar · typecheck · unit · build · audit	Pruebas unitarias (domain, api)	2026-09-17T18:51:39.6802698Z 
verificar · typecheck · unit · build · audit	Pruebas unitarias (domain, api)	2026-09-17T18:51:39.6803603Z > @be/domain@0.1.0 build
verificar · typecheck · unit · build · audit	Pruebas unitarias (domain, api)	2026-09-17T18:51:39.6804205Z > tsc -p tsconfig.json
verificar · typecheck · unit · build · audit	Pruebas unitarias (domain, api)	2026-09-17T18:51:39.6804537Z 
verificar · typecheck · unit · build · audit	Pruebas unitarias (domain, api)	2026-09-17T18:51:41.0313872Z 
verificar · typecheck · unit · build · audit	Pruebas unitarias (domain, api)	2026-09-17T18:51:41.0314829Z > @be/domain@0.1.0 test
verificar · typecheck · unit · build · audit	Pruebas unitarias (domain, api)	2026-09-17T18:51:41.0315588Z > node --test dist/**/*.test.js
verificar · typecheck · unit · build · audit	Pruebas unitarias (domain, api)	2026-09-17T18:51:41.0315990Z 
verificar · typecheck · unit · build · audit	Pruebas unitarias (domain, api)	2026-09-17T18:51:41.0721645Z TAP version 13
verificar · typecheck · unit · build · audit	Pruebas unitarias (domain, api)	2026-09-17T18:51:41.1054254Z # Subtest: 06 §5.7.2 — conjunto cerrado de tres estados, tokens CONV-06-02
verificar · typecheck · unit · build · audit	Pruebas unitarias (domain, api)	2026-09-17T18:51:41.1073778Z ok 1 - 06 §5.7.2 — conjunto cerrado de tres estados, tokens CONV-06-02
verificar · typecheck · unit · build · audit	Pruebas unitarias (domain, api)	2026-09-17T18:51:41.1092671Z   ---
verificar · typecheck · unit · build · audit	Pruebas unitarias (domain, api)	2026-09-17T18:51:41.1098547Z   duration_ms: 1.421055
verificar · typecheck · unit · build · audit	Pruebas unitarias (domain, api)	2026-09-17T18:51:41.1099619Z   type: 'test'
verificar · typecheck · unit · build · audit	Pruebas unitarias (domain, api)	2026-09-17T18:51:41.1100042Z   ...
verificar · typecheck · unit · build · audit	Pruebas unitarias (domain, api)	2026-09-17T18:51:41.1100884Z # Subtest: 06 §5.7.2 — inicial OPERATIVA, terminal CERRADA
verificar · typecheck · unit · build · audit	Pruebas unitarias (domain, api)	2026-09-17T18:51:41.1101701Z ok 2 - 06 §5.7.2 — inicial OPERATIVA, terminal CERRADA
verificar · typecheck · unit · build · audit	Pruebas unitarias (domain, api)	2026-09-17T18:51:41.1102495Z   ---
verificar · typecheck · unit · build · audit	Pruebas unitarias (domain, api)	2026-09-17T18:51:41.1102899Z   duration_ms: 0.158829
verificar · typecheck · unit · build · audit	Pruebas unitarias (domain, api)	2026-09-17T18:51:41.1103473Z   type: 'test'
verificar · typecheck · unit · build · audit	Pruebas unitarias (domain, api)	2026-09-17T18:51:41.1103871Z   ...
verificar · typecheck · unit · build · audit	Pruebas unitarias (domain, api)	2026-09-17T18:51:41.1104533Z # Subtest: 06 §5.7.4 — lista blanca exacta
verificar · typecheck · unit · build · audit	Pruebas unitarias (domain, api)	2026-09-17T18:51:41.1105257Z ok 3 - 06 §5.7.4 — lista blanca exacta
verificar · typecheck · unit · build · audit	Pruebas unitarias (domain, api)	2026-09-17T18:51:41.1105756Z   ---
verificar · typecheck · unit · build · audit	Pruebas unitarias (domain, api)	2026-09-17T18:51:41.1106159Z   duration_ms: 0.117086
verificar · typecheck · unit · build · audit	Pruebas unitarias (domain, api)	2026-09-17T18:51:41.1106586Z   type: 'test'
verificar · typecheck · unit · build · audit	Pruebas unitarias (domain, api)	2026-09-17T18:51:41.1106986Z   ...
verificar · typecheck · unit · build · audit	Pruebas unitarias (domain, api)	2026-09-17T18:51:41.1107696Z # Subtest: 06 §5.7.4 — toda transición no declarada está prohibida
verificar · typecheck · unit · build · audit	Pruebas unitarias (domain, api)	2026-09-17T18:51:41.1108600Z ok 4 - 06 §5.7.4 — toda transición no declarada está prohibida
verificar · typecheck · unit · build · audit	Pruebas unitarias (domain, api)	2026-09-17T18:51:41.1109183Z   ---
verificar · typecheck · unit · build · audit	Pruebas unitarias (domain, api)	2026-09-17T18:51:41.1109541Z   duration_ms: 0.174101
verificar · typecheck · unit · build · audit	Pruebas unitarias (domain, api)	2026-09-17T18:51:41.1109955Z   type: 'test'
verificar · typecheck · unit · build · audit	Pruebas unitarias (domain, api)	2026-09-17T18:51:41.1110313Z   ...
verificar · typecheck · unit · build · audit	Pruebas unitarias (domain, api)	2026-09-17T18:51:41.1111277Z # Subtest: 06 §5.7.2/§5.7.4 — CERRADA no tiene salida y SUSPENDIDA→CERRADA no existe
verificar · typecheck · unit · build · audit	Pruebas unitarias (domain, api)	2026-09-17T18:51:41.1112206Z ok 5 - 06 §5.7.2/§5.7.4 — CERRADA no tiene salida y SUSPENDIDA→CERRADA no existe
verificar · typecheck · unit · build · audit	Pruebas unitarias (domain, api)	2026-09-17T18:51:41.1112661Z   ---
verificar · typecheck · unit · build · audit	Pruebas unitarias (domain, api)	2026-09-17T18:51:41.1112889Z   duration_ms: 0.136515
verificar · typecheck · unit · build · audit	Pruebas unitarias (domain, api)	2026-09-17T18:51:41.1113153Z   type: 'test'
verificar · typecheck · unit · build · audit	Pruebas unitarias (domain, api)	2026-09-17T18:51:41.1113376Z   ...
verificar · typecheck · unit · build · audit	Pruebas unitarias (domain, api)	2026-09-17T18:51:41.1182685Z 1..5
verificar · typecheck · unit · build · audit	Pruebas unitarias (domain, api)	2026-09-17T18:51:41.1182958Z # tests 5
verificar · typecheck · unit · build · audit	Pruebas unitarias (domain, api)	2026-09-17T18:51:41.1183205Z # suites 0
verificar · typecheck · unit · build · audit	Pruebas unitarias (domain, api)	2026-09-17T18:51:41.1186578Z # pass 5
verificar · typecheck · unit · build · audit	Pruebas unitarias (domain, api)	2026-09-17T18:51:41.1187058Z # fail 0
verificar · typecheck · unit · build · audit	Pruebas unitarias (domain, api)	2026-09-17T18:51:41.1187460Z # cancelled 0
verificar · typecheck · unit · build · audit	Pruebas unitarias (domain, api)	2026-09-17T18:51:41.1187879Z # skipped 0
verificar · typecheck · unit · build · audit	Pruebas unitarias (domain, api)	2026-09-17T18:51:41.1188259Z # todo 0
verificar · typecheck · unit · build · audit	Pruebas unitarias (domain, api)	2026-09-17T18:51:41.1188666Z # duration_ms 57.941695
verificar · typecheck · unit · build · audit	Pruebas unitarias (domain, api)	2026-09-17T18:51:41.2318952Z 
verificar · typecheck · unit · build · audit	Pruebas unitarias (domain, api)	2026-09-17T18:51:41.2319755Z > @be/api@0.1.0 test
verificar · typecheck · unit · build · audit	Pruebas unitarias (domain, api)	2026-09-17T18:51:41.2320613Z > jest --config jest.config.js
verificar · typecheck · unit · build · audit	Pruebas unitarias (domain, api)	2026-09-17T18:51:41.2321065Z 
verificar · typecheck · unit · build · audit	Pruebas unitarias (domain, api)	2026-09-17T18:51:44.2563615Z {"nivel":"info","requestId":"34863244-0c1b-46c0-b554-1f30452f56d2","metodo":"GET","ruta":"/health/live","status":200,"duracionMs":4}
verificar · typecheck · unit · build · audit	Pruebas unitarias (domain, api)	2026-09-17T18:51:44.2584348Z {"nivel":"info","requestId":"7391d4c4-6670-4031-bcd8-ff5d658aba1c","metodo":"GET","ruta":"/health","status":200,"duracionMs":1}
verificar · typecheck · unit · build · audit	Pruebas unitarias (domain, api)	2026-09-17T18:51:44.2630823Z {"nivel":"info","requestId":"1f52265b-9eb8-481b-bf92-db7926837f4b","metodo":"GET","ruta":"/health/ready","status":200,"duracionMs":1}
verificar · typecheck · unit · build · audit	Pruebas unitarias (domain, api)	2026-09-17T18:51:44.2635284Z {"nivel":"info","requestId":"1be0efc3-dee6-4c6e-afeb-45c77d28c998","metodo":"GET","ruta":"/health/ready","status":503,"duracionMs":0}
verificar · typecheck · unit · build · audit	Pruebas unitarias (domain, api)	2026-09-17T18:51:44.2636998Z {"nivel":"info","requestId":"615788b9-1f28-4199-94a0-e67a66b6c433","metodo":"GET","ruta":"/health","status":503,"duracionMs":1}
verificar · typecheck · unit · build · audit	Pruebas unitarias (domain, api)	2026-09-17T18:51:44.2638362Z {"nivel":"info","requestId":"67f87431-af97-4652-81d5-0f5d5c66a8a7","metodo":"GET","ruta":"/health/ready","status":503,"duracionMs":1}
verificar · typecheck · unit · build · audit	Pruebas unitarias (domain, api)	2026-09-17T18:51:44.2958006Z PASS src/health/health.spec.ts
verificar · typecheck · unit · build · audit	Pruebas unitarias (domain, api)	2026-09-17T18:51:44.5079366Z {"nivel":"info","requestId":"53c9a410-6552-4d7b-a7b0-afc4689cf2c3","metodo":"GET","ruta":"/health/ready","status":200,"duracionMs":1}
verificar · typecheck · unit · build · audit	Pruebas unitarias (domain, api)	2026-09-17T18:51:44.5081191Z PASS src/config/entorno.spec.ts
verificar · typecheck · unit · build · audit	Pruebas unitarias (domain, api)	2026-09-17T18:51:44.5082283Z {"nivel":"info","requestId":"e6ab2465-f991-42fb-b4c6-de17aa848307","metodo":"GET","ruta":"SIN_RUTA","status":404,"duracionMs":1}
verificar · typecheck · unit · build · audit	Pruebas unitarias (domain, api)	2026-09-17T18:51:44.5084102Z {"nivel":"info","requestId":"d698017a-9de6-4163-85fb-d1a26bb9664f","metodo":"GET","ruta":"SIN_RUTA","status":404,"duracionMs":0}
verificar · typecheck · unit · build · audit	Pruebas unitarias (domain, api)	2026-09-17T18:51:44.5103217Z 
verificar · typecheck · unit · build · audit	Pruebas unitarias (domain, api)	2026-09-17T18:51:44.5103775Z Test Suites: 2 passed, 2 total
verificar · typecheck · unit · build · audit	Pruebas unitarias (domain, api)	2026-09-17T18:51:44.5104446Z Tests:       17 passed, 17 total
verificar · typecheck · unit · build · audit	Pruebas unitarias (domain, api)	2026-09-17T18:51:44.5104907Z Snapshots:   0 total
verificar · typecheck · unit · build · audit	Pruebas unitarias (domain, api)	2026-09-17T18:51:44.5105346Z Time:        3.116 s
verificar · typecheck · unit · build · audit	Pruebas unitarias (domain, api)	2026-09-17T18:51:44.5105794Z Ran all test suites.
verificar · typecheck · unit · build · audit	Build API	﻿2026-09-17T18:51:44.6604638Z ##[group]Run npm run build:api
verificar · typecheck · unit · build · audit	Build API	2026-09-17T18:51:44.6605045Z ^[[36;1mnpm run build:api^[[0m
verificar · typecheck · unit · build · audit	Build API	2026-09-17T18:51:44.6650315Z shell: /usr/bin/bash -e {0}
verificar · typecheck · unit · build · audit	Build API	2026-09-17T18:51:44.6650708Z ##[endgroup]
verificar · typecheck · unit · build · audit	Build API	2026-09-17T18:51:44.7587812Z 
verificar · typecheck · unit · build · audit	Build API	2026-09-17T18:51:44.7588675Z > be@0.1.0 build:api
verificar · typecheck · unit · build · audit	Build API	2026-09-17T18:51:44.7589500Z > npm run build:domain && npm run build -w @be/api
verificar · typecheck · unit · build · audit	Build API	2026-09-17T18:51:44.7589970Z 
verificar · typecheck · unit · build · audit	Build API	2026-09-17T18:51:44.8478832Z 
verificar · typecheck · unit · build · audit	Build API	2026-09-17T18:51:44.8479651Z > be@0.1.0 build:domain
verificar · typecheck · unit · build · audit	Build API	2026-09-17T18:51:44.8480543Z > npm run build -w @be/domain
verificar · typecheck · unit · build · audit	Build API	2026-09-17T18:51:44.8480962Z 
verificar · typecheck · unit · build · audit	Build API	2026-09-17T18:51:44.9678660Z 
verificar · typecheck · unit · build · audit	Build API	2026-09-17T18:51:44.9679600Z > @be/domain@0.1.0 build
verificar · typecheck · unit · build · audit	Build API	2026-09-17T18:51:44.9680379Z > tsc -p tsconfig.json
verificar · typecheck · unit · build · audit	Build API	2026-09-17T18:51:44.9680945Z 
verificar · typecheck · unit · build · audit	Build API	2026-09-17T18:51:46.1587091Z 
verificar · typecheck · unit · build · audit	Build API	2026-09-17T18:51:46.1588025Z > @be/api@0.1.0 build
verificar · typecheck · unit · build · audit	Build API	2026-09-17T18:51:46.1590195Z > tsc -p tsconfig.build.json
verificar · typecheck · unit · build · audit	Build API	2026-09-17T18:51:46.1590453Z 
verificar · typecheck · unit · build · audit	Build web (export estático)	﻿2026-09-17T18:51:47.8246950Z ##[group]Run npm run build:web
verificar · typecheck · unit · build · audit	Build web (export estático)	2026-09-17T18:51:47.8247352Z ^[[36;1mnpm run build:web^[[0m
verificar · typecheck · unit · build · audit	Build web (export estático)	2026-09-17T18:51:47.8292964Z shell: /usr/bin/bash -e {0}
verificar · typecheck · unit · build · audit	Build web (export estático)	2026-09-17T18:51:47.8293312Z ##[endgroup]
verificar · typecheck · unit · build · audit	Build web (export estático)	2026-09-17T18:51:47.9642470Z 
verificar · typecheck · unit · build · audit	Build web (export estático)	2026-09-17T18:51:47.9662964Z > be@0.1.0 build:web
verificar · typecheck · unit · build · audit	Build web (export estático)	2026-09-17T18:51:47.9663440Z > npm run build -w @be/web
verificar · typecheck · unit · build · audit	Build web (export estático)	2026-09-17T18:51:47.9663656Z 
verificar · typecheck · unit · build · audit	Build web (export estático)	2026-09-17T18:51:48.1051630Z 
verificar · typecheck · unit · build · audit	Build web (export estático)	2026-09-17T18:51:48.1052687Z > @be/web@0.1.0 build
verificar · typecheck · unit · build · audit	Build web (export estático)	2026-09-17T18:51:48.1053218Z > next build
verificar · typecheck · unit · build · audit	Build web (export estático)	2026-09-17T18:51:48.1053536Z 
verificar · typecheck · unit · build · audit	Build web (export estático)	2026-09-17T18:51:48.5816064Z ⚠ No build cache found. Please configure build caching for faster rebuilds. Read more: https://nextjs.org/docs/messages/no-cache
verificar · typecheck · unit · build · audit	Build web (export estático)	2026-09-17T18:51:48.6305380Z Attention: Next.js now collects completely anonymous telemetry regarding usage.
verificar · typecheck · unit · build · audit	Build web (export estático)	2026-09-17T18:51:48.6306590Z This information is used to shape Next.js' roadmap and prioritize features.
verificar · typecheck · unit · build · audit	Build web (export estático)	2026-09-17T18:51:48.6308056Z You can learn more, including how to opt-out if you'd not like to participate in this anonymous program, by visiting the following URL:
verificar · typecheck · unit · build · audit	Build web (export estático)	2026-09-17T18:51:48.6309007Z https://nextjs.org/telemetry
verificar · typecheck · unit · build · audit	Build web (export estático)	2026-09-17T18:51:48.6309355Z 
verificar · typecheck · unit · build · audit	Build web (export estático)	2026-09-17T18:51:48.7332161Z    ▲ Next.js 15.5.25
verificar · typecheck · unit · build · audit	Build web (export estático)	2026-09-17T18:51:48.7356900Z 
verificar · typecheck · unit · build · audit	Build web (export estático)	2026-09-17T18:51:48.7916808Z    Creating an optimized production build ...
verificar · typecheck · unit · build · audit	Build web (export estático)	2026-09-17T18:51:55.5697936Z  ✓ Compiled successfully in 4.7s
verificar · typecheck · unit · build · audit	Build web (export estático)	2026-09-17T18:51:55.5733870Z    Linting and checking validity of types ...
verificar · typecheck · unit · build · audit	Build web (export estático)	2026-09-17T18:51:58.0363171Z    Collecting page data ...
verificar · typecheck · unit · build · audit	Build web (export estático)	2026-09-17T18:51:59.2683069Z    Generating static pages (0/4) ...
verificar · typecheck · unit · build · audit	Build web (export estático)	2026-09-17T18:51:59.8462957Z    Generating static pages (1/4) 
verificar · typecheck · unit · build · audit	Build web (export estático)	2026-09-17T18:51:59.8468941Z    Generating static pages (2/4) 
verificar · typecheck · unit · build · audit	Build web (export estático)	2026-09-17T18:51:59.8496491Z    Generating static pages (3/4) 
verificar · typecheck · unit · build · audit	Build web (export estático)	2026-09-17T18:51:59.8522763Z  ✓ Generating static pages (4/4)
verificar · typecheck · unit · build · audit	Build web (export estático)	2026-09-17T18:52:00.4454350Z    Finalizing page optimization ...
verificar · typecheck · unit · build · audit	Build web (export estático)	2026-09-17T18:52:00.4454869Z    Collecting build traces ...
verificar · typecheck · unit · build · audit	Build web (export estático)	2026-09-17T18:52:05.7509725Z    Exporting (0/2) ...
verificar · typecheck · unit · build · audit	Build web (export estático)	2026-09-17T18:52:05.9563471Z  ✓ Exporting (2/2)
verificar · typecheck · unit · build · audit	Build web (export estático)	2026-09-17T18:52:05.9648400Z 
verificar · typecheck · unit · build · audit	Build web (export estático)	2026-09-17T18:52:05.9706775Z Route (app)                                 Size  First Load JS
verificar · typecheck · unit · build · audit	Build web (export estático)	2026-09-17T18:52:05.9707790Z ┌ ○ /                                      122 B         103 kB
verificar · typecheck · unit · build · audit	Build web (export estático)	2026-09-17T18:52:05.9708396Z └ ○ /_not-found                            989 B         103 kB
verificar · typecheck · unit · build · audit	Build web (export estático)	2026-09-17T18:52:05.9708752Z + First Load JS shared by all             102 kB
verificar · typecheck · unit · build · audit	Build web (export estático)	2026-09-17T18:52:05.9709414Z   ├ chunks/18-322c3a0465595f76.js        46.4 kB
verificar · typecheck · unit · build · audit	Build web (export estático)	2026-09-17T18:52:05.9709948Z   ├ chunks/87c73c54-0375ba195de27293.js  54.2 kB
verificar · typecheck · unit · build · audit	Build web (export estático)	2026-09-17T18:52:05.9710453Z   └ other shared chunks (total)          1.84 kB
verificar · typecheck · unit · build · audit	Build web (export estático)	2026-09-17T18:52:05.9710711Z 
verificar · typecheck · unit · build · audit	Build web (export estático)	2026-09-17T18:52:05.9722406Z 
verificar · typecheck · unit · build · audit	Build web (export estático)	2026-09-17T18:52:05.9723414Z ○  (Static)  prerendered as static content
verificar · typecheck · unit · build · audit	Build web (export estático)	2026-09-17T18:52:05.9723839Z 
verificar · typecheck · unit · build · audit	npm audit --omit=dev — falla con altos o críticos (WP-01 §2)	﻿2026-09-17T18:52:06.0325174Z ##[group]Run npm run audit:prod
verificar · typecheck · unit · build · audit	npm audit --omit=dev — falla con altos o críticos (WP-01 §2)	2026-09-17T18:52:06.0325613Z ^[[36;1mnpm run audit:prod^[[0m
verificar · typecheck · unit · build · audit	npm audit --omit=dev — falla con altos o críticos (WP-01 §2)	2026-09-17T18:52:06.0364852Z shell: /usr/bin/bash -e {0}
verificar · typecheck · unit · build · audit	npm audit --omit=dev — falla con altos o críticos (WP-01 §2)	2026-09-17T18:52:06.0365115Z ##[endgroup]
verificar · typecheck · unit · build · audit	npm audit --omit=dev — falla con altos o críticos (WP-01 §2)	2026-09-17T18:52:06.1372688Z 
verificar · typecheck · unit · build · audit	npm audit --omit=dev — falla con altos o críticos (WP-01 §2)	2026-09-17T18:52:06.1373576Z > be@0.1.0 audit:prod
verificar · typecheck · unit · build · audit	npm audit --omit=dev — falla con altos o críticos (WP-01 §2)	2026-09-17T18:52:06.1376389Z > npm audit --omit=dev --audit-level=high -w @be/api && npm audit --omit=dev --audit-level=high -w @be/web && npm audit --omit=dev --audit-level=high -w @be/mobile
verificar · typecheck · unit · build · audit	npm audit --omit=dev — falla con altos o críticos (WP-01 §2)	2026-09-17T18:52:06.1377101Z 
verificar · typecheck · unit · build · audit	npm audit --omit=dev — falla con altos o críticos (WP-01 §2)	2026-09-17T18:52:06.6768118Z found 0 vulnerabilities
verificar · typecheck · unit · build · audit	npm audit --omit=dev — falla con altos o críticos (WP-01 §2)	2026-09-17T18:52:07.1890910Z found 0 vulnerabilities
verificar · typecheck · unit · build · audit	npm audit --omit=dev — falla con altos o críticos (WP-01 §2)	2026-09-17T18:52:08.0403318Z # npm audit report
verificar · typecheck · unit · build · audit	npm audit --omit=dev — falla con altos o críticos (WP-01 §2)	2026-09-17T18:52:08.0481000Z 
verificar · typecheck · unit · build · audit	npm audit --omit=dev — falla con altos o críticos (WP-01 §2)	2026-09-17T18:52:08.0482205Z uuid  <11.1.1
verificar · typecheck · unit · build · audit	npm audit --omit=dev — falla con altos o críticos (WP-01 §2)	2026-09-17T18:52:08.0483299Z Severity: moderate
verificar · typecheck · unit · build · audit	npm audit --omit=dev — falla con altos o críticos (WP-01 §2)	2026-09-17T18:52:08.0484351Z uuid: Missing buffer bounds check in v3/v5/v6 when buf is provided - https://github.com/advisories/GHSA-w5hq-g745-h8pq
verificar · typecheck · unit · build · audit	npm audit --omit=dev — falla con altos o críticos (WP-01 §2)	2026-09-17T18:52:08.0485448Z fix available via `npm audit fix --force`
verificar · typecheck · unit · build · audit	npm audit --omit=dev — falla con altos o críticos (WP-01 §2)	2026-09-17T18:52:08.0486157Z Will install expo@46.0.21, which is a breaking change
verificar · typecheck · unit · build · audit	npm audit --omit=dev — falla con altos o críticos (WP-01 §2)	2026-09-17T18:52:08.0486989Z node_modules/uuid
verificar · typecheck · unit · build · audit	npm audit --omit=dev — falla con altos o críticos (WP-01 §2)	2026-09-17T18:52:08.0487460Z   xcode  >=0.9.2
verificar · typecheck · unit · build · audit	npm audit --omit=dev — falla con altos o críticos (WP-01 §2)	2026-09-17T18:52:08.0488161Z   Depends on vulnerable versions of uuid
verificar · typecheck · unit · build · audit	npm audit --omit=dev — falla con altos o críticos (WP-01 §2)	2026-09-17T18:52:08.0488670Z   node_modules/xcode
verificar · typecheck · unit · build · audit	npm audit --omit=dev — falla con altos o críticos (WP-01 §2)	2026-09-17T18:52:08.0489322Z     @expo/config-plugins  *
verificar · typecheck · unit · build · audit	npm audit --omit=dev — falla con altos o críticos (WP-01 §2)	2026-09-17T18:52:08.0489851Z     Depends on vulnerable versions of xcode
verificar · typecheck · unit · build · audit	npm audit --omit=dev — falla con altos o críticos (WP-01 §2)	2026-09-17T18:52:08.0490623Z     node_modules/@expo/config-plugins
verificar · typecheck · unit · build · audit	npm audit --omit=dev — falla con altos o críticos (WP-01 §2)	2026-09-17T18:52:08.0491399Z       @expo/cli  <=0.0.0-canary-20231123-1b19f96-4 || >=0.0.1-canary-20231125-d600e44
verificar · typecheck · unit · build · audit	npm audit --omit=dev — falla con altos o críticos (WP-01 §2)	2026-09-17T18:52:08.0492712Z       Depends on vulnerable versions of @expo/config
verificar · typecheck · unit · build · audit	npm audit --omit=dev — falla con altos o críticos (WP-01 §2)	2026-09-17T18:52:08.0493415Z       Depends on vulnerable versions of @expo/config-plugins
verificar · typecheck · unit · build · audit	npm audit --omit=dev — falla con altos o críticos (WP-01 §2)	2026-09-17T18:52:08.0494361Z       Depends on vulnerable versions of @expo/inline-modules
verificar · typecheck · unit · build · audit	npm audit --omit=dev — falla con altos o críticos (WP-01 §2)	2026-09-17T18:52:08.0495104Z       Depends on vulnerable versions of @expo/metro-config
verificar · typecheck · unit · build · audit	npm audit --omit=dev — falla con altos o críticos (WP-01 §2)	2026-09-17T18:52:08.0496027Z       Depends on vulnerable versions of @expo/prebuild-config
verificar · typecheck · unit · build · audit	npm audit --omit=dev — falla con altos o críticos (WP-01 §2)	2026-09-17T18:52:08.0496636Z       node_modules/@expo/cli
verificar · typecheck · unit · build · audit	npm audit --omit=dev — falla con altos o críticos (WP-01 §2)	2026-09-17T18:52:08.0497459Z         expo  40.0.0-alpha.0 - 40.0.0-beta.5 || >=41.0.0-alpha.0
verificar · typecheck · unit · build · audit	npm audit --omit=dev — falla con altos o críticos (WP-01 §2)	2026-09-17T18:52:08.0499330Z         Depends on vulnerable versions of @expo/cli
verificar · typecheck · unit · build · audit	npm audit --omit=dev — falla con altos o críticos (WP-01 §2)	2026-09-17T18:52:08.0500330Z         Depends on vulnerable versions of @expo/config
verificar · typecheck · unit · build · audit	npm audit --omit=dev — falla con altos o críticos (WP-01 §2)	2026-09-17T18:52:08.0501071Z         Depends on vulnerable versions of @expo/config-plugins
verificar · typecheck · unit · build · audit	npm audit --omit=dev — falla con altos o críticos (WP-01 §2)	2026-09-17T18:52:08.0502486Z         Depends on vulnerable versions of @expo/local-build-cache-provider
verificar · typecheck · unit · build · audit	npm audit --omit=dev — falla con altos o críticos (WP-01 §2)	2026-09-17T18:52:08.0504220Z         Depends on vulnerable versions of @expo/metro-config
verificar · typecheck · unit · build · audit	npm audit --omit=dev — falla con altos o críticos (WP-01 §2)	2026-09-17T18:52:08.0504810Z         node_modules/expo
verificar · typecheck · unit · build · audit	npm audit --omit=dev — falla con altos o críticos (WP-01 §2)	2026-09-17T18:52:08.0505611Z       @expo/config  <=0.0.1-canary-20240418-8d74597 || >=3.3.23-alpha.0
verificar · typecheck · unit · build · audit	npm audit --omit=dev — falla con altos o críticos (WP-01 §2)	2026-09-17T18:52:08.0506275Z       Depends on vulnerable versions of @expo/config-plugins
verificar · typecheck · unit · build · audit	npm audit --omit=dev — falla con altos o críticos (WP-01 §2)	2026-09-17T18:52:08.0507048Z       node_modules/@expo/config
verificar · typecheck · unit · build · audit	npm audit --omit=dev — falla con altos o críticos (WP-01 §2)	2026-09-17T18:52:08.0507597Z         @expo/local-build-cache-provider  *
verificar · typecheck · unit · build · audit	npm audit --omit=dev — falla con altos o críticos (WP-01 §2)	2026-09-17T18:52:08.0508397Z         Depends on vulnerable versions of @expo/config
verificar · typecheck · unit · build · audit	npm audit --omit=dev — falla con altos o críticos (WP-01 §2)	2026-09-17T18:52:08.0509012Z         node_modules/@expo/local-build-cache-provider
verificar · typecheck · unit · build · audit	npm audit --omit=dev — falla con altos o críticos (WP-01 §2)	2026-09-17T18:52:08.0509892Z         @expo/metro-config  <=0.0.1-canary-20240418-8d74597 || >=0.1.49-alpha.0
verificar · typecheck · unit · build · audit	npm audit --omit=dev — falla con altos o críticos (WP-01 §2)	2026-09-17T18:52:08.0510576Z         Depends on vulnerable versions of @expo/config
verificar · typecheck · unit · build · audit	npm audit --omit=dev — falla con altos o críticos (WP-01 §2)	2026-09-17T18:52:08.0511329Z         node_modules/@expo/metro-config
verificar · typecheck · unit · build · audit	npm audit --omit=dev — falla con altos o críticos (WP-01 §2)	2026-09-17T18:52:08.0512380Z       @expo/inline-modules  >=0.0.2-canary-20260409-6fc2991
verificar · typecheck · unit · build · audit	npm audit --omit=dev — falla con altos o críticos (WP-01 §2)	2026-09-17T18:52:08.0513267Z       Depends on vulnerable versions of @expo/config-plugins
verificar · typecheck · unit · build · audit	npm audit --omit=dev — falla con altos o críticos (WP-01 §2)	2026-09-17T18:52:08.0513886Z       node_modules/@expo/inline-modules
verificar · typecheck · unit · build · audit	npm audit --omit=dev — falla con altos o críticos (WP-01 §2)	2026-09-17T18:52:08.0515032Z       @expo/prebuild-config  *
verificar · typecheck · unit · build · audit	npm audit --omit=dev — falla con altos o críticos (WP-01 §2)	2026-09-17T18:52:08.0515569Z       Depends on vulnerable versions of @expo/config
verificar · typecheck · unit · build · audit	npm audit --omit=dev — falla con altos o críticos (WP-01 §2)	2026-09-17T18:52:08.0516377Z       Depends on vulnerable versions of @expo/config-plugins
verificar · typecheck · unit · build · audit	npm audit --omit=dev — falla con altos o críticos (WP-01 §2)	2026-09-17T18:52:08.0516947Z       node_modules/@expo/prebuild-config
verificar · typecheck · unit · build · audit	npm audit --omit=dev — falla con altos o críticos (WP-01 §2)	2026-09-17T18:52:08.0517536Z 
verificar · typecheck · unit · build · audit	npm audit --omit=dev — falla con altos o críticos (WP-01 §2)	2026-09-17T18:52:08.0519161Z 10 moderate severity vulnerabilities
verificar · typecheck · unit · build · audit	npm audit --omit=dev — falla con altos o críticos (WP-01 §2)	2026-09-17T18:52:08.0519647Z 
verificar · typecheck · unit · build · audit	npm audit --omit=dev — falla con altos o críticos (WP-01 §2)	2026-09-17T18:52:08.0519866Z To address issues that do not require attention, run:
verificar · typecheck · unit · build · audit	npm audit --omit=dev — falla con altos o críticos (WP-01 §2)	2026-09-17T18:52:08.0520199Z   npm audit fix
verificar · typecheck · unit · build · audit	npm audit --omit=dev — falla con altos o críticos (WP-01 §2)	2026-09-17T18:52:08.0520326Z 
verificar · typecheck · unit · build · audit	npm audit --omit=dev — falla con altos o críticos (WP-01 §2)	2026-09-17T18:52:08.0520582Z To address all issues (including breaking changes), run:
verificar · typecheck · unit · build · audit	npm audit --omit=dev — falla con altos o críticos (WP-01 §2)	2026-09-17T18:52:08.0520939Z   npm audit fix --force
verificar · typecheck · unit · build · audit	Post Run actions/setup-node@v7	﻿2026-09-17T18:52:08.0750240Z Post job cleanup.
verificar · typecheck · unit · build · audit	Post Run actions/setup-node@v7	2026-09-17T18:52:08.3315774Z [command]/usr/bin/tar --posix -cf cache.tzst --exclude cache.tzst -P -C /home/runner/work/be/be --files-from manifest.txt --use-compress-program zstdmt
verificar · typecheck · unit · build · audit	Post Run actions/setup-node@v7	2026-09-17T18:52:09.1573383Z Failed to save: Unable to reserve cache with key node-cache-Linux-x64-npm-7396c85b21c1ff035b68dae6b6e7bee2b1d9ae3763791523047320e5c91bdfb2, another job may be creating this cache.
verificar · typecheck · unit · build · audit	Post Run actions/checkout@v7	﻿2026-09-17T18:52:09.1909927Z Post job cleanup.
verificar · typecheck · unit · build · audit	Post Run actions/checkout@v7	2026-09-17T18:52:09.2752602Z [command]/usr/bin/git version
verificar · typecheck · unit · build · audit	Post Run actions/checkout@v7	2026-09-17T18:52:09.2812944Z git version 2.55.0
verificar · typecheck · unit · build · audit	Post Run actions/checkout@v7	2026-09-17T18:52:09.2875444Z Temporarily overriding HOME='/home/runner/work/_temp/5fb5e035-8cba-4722-81b5-49886cc29c7e' before making global git config changes
verificar · typecheck · unit · build · audit	Post Run actions/checkout@v7	2026-09-17T18:52:09.2879542Z Adding repository directory to the temporary git global config as a safe directory
verificar · typecheck · unit · build · audit	Post Run actions/checkout@v7	2026-09-17T18:52:09.2880650Z [command]/usr/bin/git config --global --add safe.directory /home/runner/work/be/be
verificar · typecheck · unit · build · audit	Post Run actions/checkout@v7	2026-09-17T18:52:09.2970714Z Removing SSH command configuration
verificar · typecheck · unit · build · audit	Post Run actions/checkout@v7	2026-09-17T18:52:09.3004987Z [command]/usr/bin/git config --local --name-only --get-regexp core\.sshCommand
verificar · typecheck · unit · build · audit	Post Run actions/checkout@v7	2026-09-17T18:52:09.3072146Z [command]/usr/bin/git submodule foreach --recursive sh -c "git config --local --name-only --get-regexp 'core\.sshCommand' && git config --local --unset-all 'core.sshCommand' || :"
verificar · typecheck · unit · build · audit	Post Run actions/checkout@v7	2026-09-17T18:52:09.3407514Z Removing HTTP extra header
verificar · typecheck · unit · build · audit	Post Run actions/checkout@v7	2026-09-17T18:52:09.3408548Z [command]/usr/bin/git config --local --name-only --get-regexp http\.https\:\/\/github\.com\/\.extraheader
verificar · typecheck · unit · build · audit	Post Run actions/checkout@v7	2026-09-17T18:52:09.3468594Z [command]/usr/bin/git submodule foreach --recursive sh -c "git config --local --name-only --get-regexp 'http\.https\:\/\/github\.com\/\.extraheader' && git config --local --unset-all 'http.https://github.com/.extraheader' || :"
verificar · typecheck · unit · build · audit	Post Run actions/checkout@v7	2026-09-17T18:52:09.3789774Z Removing includeIf entries pointing to credentials config files
verificar · typecheck · unit · build · audit	Post Run actions/checkout@v7	2026-09-17T18:52:09.3790874Z [command]/usr/bin/git config --local --name-only --get-regexp ^includeIf\.gitdir:
verificar · typecheck · unit · build · audit	Post Run actions/checkout@v7	2026-09-17T18:52:09.3825798Z includeif.gitdir:/home/runner/work/be/be/.git.path
verificar · typecheck · unit · build · audit	Post Run actions/checkout@v7	2026-09-17T18:52:09.3838638Z includeif.gitdir:/home/runner/work/be/be/.git/worktrees/*.path
verificar · typecheck · unit · build · audit	Post Run actions/checkout@v7	2026-09-17T18:52:09.3851107Z includeif.gitdir:/github/workspace/.git.path
verificar · typecheck · unit · build · audit	Post Run actions/checkout@v7	2026-09-17T18:52:09.3852230Z includeif.gitdir:/github/workspace/.git/worktrees/*.path
verificar · typecheck · unit · build · audit	Post Run actions/checkout@v7	2026-09-17T18:52:09.3854156Z [command]/usr/bin/git config --local --get-all includeif.gitdir:/home/runner/work/be/be/.git.path
verificar · typecheck · unit · build · audit	Post Run actions/checkout@v7	2026-09-17T18:52:09.3896751Z /home/runner/work/_temp/git-credentials-c83b7586-7913-4c06-9f99-de5d484104b1.config
verificar · typecheck · unit · build · audit	Post Run actions/checkout@v7	2026-09-17T18:52:09.3929361Z [command]/usr/bin/git config --local --unset includeif.gitdir:/home/runner/work/be/be/.git.path \/home\/runner\/work\/_temp\/git\-credentials\-c83b7586\-7913\-4c06\-9f99\-de5d484104b1\.config
verificar · typecheck · unit · build · audit	Post Run actions/checkout@v7	2026-09-17T18:52:09.3994312Z [command]/usr/bin/git config --local --get-all includeif.gitdir:/home/runner/work/be/be/.git/worktrees/*.path
verificar · typecheck · unit · build · audit	Post Run actions/checkout@v7	2026-09-17T18:52:09.4074917Z /home/runner/work/_temp/git-credentials-c83b7586-7913-4c06-9f99-de5d484104b1.config
verificar · typecheck · unit · build · audit	Post Run actions/checkout@v7	2026-09-17T18:52:09.4106298Z [command]/usr/bin/git config --local --unset includeif.gitdir:/home/runner/work/be/be/.git/worktrees/*.path \/home\/runner\/work\/_temp\/git\-credentials\-c83b7586\-7913\-4c06\-9f99\-de5d484104b1\.config
verificar · typecheck · unit · build · audit	Post Run actions/checkout@v7	2026-09-17T18:52:09.4205983Z [command]/usr/bin/git config --local --get-all includeif.gitdir:/github/workspace/.git.path
verificar · typecheck · unit · build · audit	Post Run actions/checkout@v7	2026-09-17T18:52:09.4229152Z /github/runner_temp/git-credentials-c83b7586-7913-4c06-9f99-de5d484104b1.config
verificar · typecheck · unit · build · audit	Post Run actions/checkout@v7	2026-09-17T18:52:09.4272175Z [command]/usr/bin/git config --local --unset includeif.gitdir:/github/workspace/.git.path \/github\/runner_temp\/git\-credentials\-c83b7586\-7913\-4c06\-9f99\-de5d484104b1\.config
verificar · typecheck · unit · build · audit	Post Run actions/checkout@v7	2026-09-17T18:52:09.4286950Z [command]/usr/bin/git config --local --get-all includeif.gitdir:/github/workspace/.git/worktrees/*.path
verificar · typecheck · unit · build · audit	Post Run actions/checkout@v7	2026-09-17T18:52:09.4342340Z /github/runner_temp/git-credentials-c83b7586-7913-4c06-9f99-de5d484104b1.config
verificar · typecheck · unit · build · audit	Post Run actions/checkout@v7	2026-09-17T18:52:09.4365597Z [command]/usr/bin/git config --local --unset includeif.gitdir:/github/workspace/.git/worktrees/*.path \/github\/runner_temp\/git\-credentials\-c83b7586\-7913\-4c06\-9f99\-de5d484104b1\.config
verificar · typecheck · unit · build · audit	Post Run actions/checkout@v7	2026-09-17T18:52:09.4459237Z [command]/usr/bin/git submodule foreach --recursive git config --local --show-origin --name-only --get-regexp remote.origin.url
verificar · typecheck · unit · build · audit	Post Run actions/checkout@v7	2026-09-17T18:52:09.4725474Z Removing credentials config '/home/runner/work/_temp/git-credentials-c83b7586-7913-4c06-9f99-de5d484104b1.config'
verificar · typecheck · unit · build · audit	Complete job	﻿2026-09-17T18:52:09.4862548Z Cleaning up orphan processes
