integración · PostgreSQL 16 (Testcontainers)	Set up job	﻿2026-09-18T04:41:31.3919000Z Current runner version: '2.337.0'
integración · PostgreSQL 16 (Testcontainers)	Set up job	2026-09-18T04:41:31.3957046Z ##[group]Runner Image Provisioner
integración · PostgreSQL 16 (Testcontainers)	Set up job	2026-09-18T04:41:31.3958892Z Hosted Compute Agent
integración · PostgreSQL 16 (Testcontainers)	Set up job	2026-09-18T04:41:31.3959998Z Version: 20260828.587
integración · PostgreSQL 16 (Testcontainers)	Set up job	2026-09-18T04:41:31.3961342Z Commit: abac92662cab4cc7352de4f9f9d2e2419aad9c29
integración · PostgreSQL 16 (Testcontainers)	Set up job	2026-09-18T04:41:31.3962820Z Build Date: 2026-08-28T16:44:25Z
integración · PostgreSQL 16 (Testcontainers)	Set up job	2026-09-18T04:41:31.3963983Z Worker ID: {3d6e137b-91ab-41cc-80a1-d9a90f2f90f2}
integración · PostgreSQL 16 (Testcontainers)	Set up job	2026-09-18T04:41:31.3965335Z Azure Region: eastus2
integración · PostgreSQL 16 (Testcontainers)	Set up job	2026-09-18T04:41:31.3966301Z ##[endgroup]
integración · PostgreSQL 16 (Testcontainers)	Set up job	2026-09-18T04:41:31.3969406Z ##[group]Operating System
integración · PostgreSQL 16 (Testcontainers)	Set up job	2026-09-18T04:41:31.3970437Z Ubuntu
integración · PostgreSQL 16 (Testcontainers)	Set up job	2026-09-18T04:41:31.3971246Z 24.04.5
integración · PostgreSQL 16 (Testcontainers)	Set up job	2026-09-18T04:41:31.3972139Z LTS
integración · PostgreSQL 16 (Testcontainers)	Set up job	2026-09-18T04:41:31.3972996Z ##[endgroup]
integración · PostgreSQL 16 (Testcontainers)	Set up job	2026-09-18T04:41:31.3974026Z ##[group]Runner Image
integración · PostgreSQL 16 (Testcontainers)	Set up job	2026-09-18T04:41:31.3975079Z Image: ubuntu-24.04
integración · PostgreSQL 16 (Testcontainers)	Set up job	2026-09-18T04:41:31.3975942Z Version: 20260907.300.1
integración · PostgreSQL 16 (Testcontainers)	Set up job	2026-09-18T04:41:31.3978797Z Included Software: https://github.com/actions/runner-images/blob/ubuntu24/20260907.300/images/ubuntu/Ubuntu2404-Readme.md
integración · PostgreSQL 16 (Testcontainers)	Set up job	2026-09-18T04:41:31.3981957Z Image Release: https://github.com/actions/runner-images/releases/tag/ubuntu24%2F20260907.300
integración · PostgreSQL 16 (Testcontainers)	Set up job	2026-09-18T04:41:31.3983621Z ##[endgroup]
integración · PostgreSQL 16 (Testcontainers)	Set up job	2026-09-18T04:41:31.3985595Z ##[group]GITHUB_TOKEN Permissions
integración · PostgreSQL 16 (Testcontainers)	Set up job	2026-09-18T04:41:31.3989584Z Contents: read
integración · PostgreSQL 16 (Testcontainers)	Set up job	2026-09-18T04:41:31.3990707Z Metadata: read
integración · PostgreSQL 16 (Testcontainers)	Set up job	2026-09-18T04:41:31.3991602Z ##[endgroup]
integración · PostgreSQL 16 (Testcontainers)	Set up job	2026-09-18T04:41:31.3994855Z Secret source: Actions
integración · PostgreSQL 16 (Testcontainers)	Set up job	2026-09-18T04:41:31.3996601Z Cache mode: write
integración · PostgreSQL 16 (Testcontainers)	Set up job	2026-09-18T04:41:31.3998441Z Prepare workflow directory
integración · PostgreSQL 16 (Testcontainers)	Set up job	2026-09-18T04:41:31.4515457Z Prepare all required actions
integración · PostgreSQL 16 (Testcontainers)	Set up job	2026-09-18T04:41:31.4594401Z Getting action download info
integración · PostgreSQL 16 (Testcontainers)	Set up job	2026-09-18T04:41:31.6986183Z Download action repository 'actions/checkout@v7' (SHA:3d3c42e5aac5ba805825da76410c181273ba90b1)
integración · PostgreSQL 16 (Testcontainers)	Set up job	2026-09-18T04:41:31.8451394Z Download action repository 'actions/setup-node@v7' (SHA:820762786026740c76f36085b0efc47a31fe5020)
integración · PostgreSQL 16 (Testcontainers)	Set up job	2026-09-18T04:41:32.1074953Z Complete job name: integración · PostgreSQL 16 (Testcontainers)
integración · PostgreSQL 16 (Testcontainers)	Run actions/checkout@v7	﻿2026-09-18T04:41:32.1825216Z ##[group]Run actions/checkout@v7
integración · PostgreSQL 16 (Testcontainers)	Run actions/checkout@v7	2026-09-18T04:41:32.1826176Z with:
integración · PostgreSQL 16 (Testcontainers)	Run actions/checkout@v7	2026-09-18T04:41:32.1826691Z   repository: Elian-Bufi/be
integración · PostgreSQL 16 (Testcontainers)	Run actions/checkout@v7	2026-09-18T04:41:32.1830630Z   token: ***
integración · PostgreSQL 16 (Testcontainers)	Run actions/checkout@v7	2026-09-18T04:41:32.1831080Z   ssh-strict: true
integración · PostgreSQL 16 (Testcontainers)	Run actions/checkout@v7	2026-09-18T04:41:32.1831524Z   ssh-user: git
integración · PostgreSQL 16 (Testcontainers)	Run actions/checkout@v7	2026-09-18T04:41:32.1831972Z   persist-credentials: true
integración · PostgreSQL 16 (Testcontainers)	Run actions/checkout@v7	2026-09-18T04:41:32.1832521Z   clean: true
integración · PostgreSQL 16 (Testcontainers)	Run actions/checkout@v7	2026-09-18T04:41:32.1832980Z   sparse-checkout-cone-mode: true
integración · PostgreSQL 16 (Testcontainers)	Run actions/checkout@v7	2026-09-18T04:41:32.1833556Z   fetch-depth: 1
integración · PostgreSQL 16 (Testcontainers)	Run actions/checkout@v7	2026-09-18T04:41:32.1833974Z   fetch-tags: false
integración · PostgreSQL 16 (Testcontainers)	Run actions/checkout@v7	2026-09-18T04:41:32.1834409Z   show-progress: true
integración · PostgreSQL 16 (Testcontainers)	Run actions/checkout@v7	2026-09-18T04:41:32.1834854Z   lfs: false
integración · PostgreSQL 16 (Testcontainers)	Run actions/checkout@v7	2026-09-18T04:41:32.1835266Z   submodules: false
integración · PostgreSQL 16 (Testcontainers)	Run actions/checkout@v7	2026-09-18T04:41:32.1835711Z   set-safe-directory: true
integración · PostgreSQL 16 (Testcontainers)	Run actions/checkout@v7	2026-09-18T04:41:32.1836212Z   allow-unsafe-pr-checkout: false
integración · PostgreSQL 16 (Testcontainers)	Run actions/checkout@v7	2026-09-18T04:41:32.1837029Z ##[endgroup]
integración · PostgreSQL 16 (Testcontainers)	Run actions/checkout@v7	2026-09-18T04:41:32.3020386Z Syncing repository: Elian-Bufi/be
integración · PostgreSQL 16 (Testcontainers)	Run actions/checkout@v7	2026-09-18T04:41:32.3026159Z ##[group]Getting Git version info
integración · PostgreSQL 16 (Testcontainers)	Run actions/checkout@v7	2026-09-18T04:41:32.3027723Z Working directory is '/home/runner/work/be/be'
integración · PostgreSQL 16 (Testcontainers)	Run actions/checkout@v7	2026-09-18T04:41:32.3036473Z [command]/usr/bin/git version
integración · PostgreSQL 16 (Testcontainers)	Run actions/checkout@v7	2026-09-18T04:41:32.3212466Z git version 2.55.0
integración · PostgreSQL 16 (Testcontainers)	Run actions/checkout@v7	2026-09-18T04:41:32.3251793Z ##[endgroup]
integración · PostgreSQL 16 (Testcontainers)	Run actions/checkout@v7	2026-09-18T04:41:32.3277734Z Temporarily overriding HOME='/home/runner/work/_temp/6dede58a-74c3-44d7-b589-f52b653ad094' before making global git config changes
integración · PostgreSQL 16 (Testcontainers)	Run actions/checkout@v7	2026-09-18T04:41:32.3293176Z Adding repository directory to the temporary git global config as a safe directory
integración · PostgreSQL 16 (Testcontainers)	Run actions/checkout@v7	2026-09-18T04:41:32.3295297Z [command]/usr/bin/git config --global --add safe.directory /home/runner/work/be/be
integración · PostgreSQL 16 (Testcontainers)	Run actions/checkout@v7	2026-09-18T04:41:32.3490385Z Deleting the contents of '/home/runner/work/be/be'
integración · PostgreSQL 16 (Testcontainers)	Run actions/checkout@v7	2026-09-18T04:41:32.3492502Z ##[group]Determining repository object format
integración · PostgreSQL 16 (Testcontainers)	Run actions/checkout@v7	2026-09-18T04:41:32.3494222Z ##[endgroup]
integración · PostgreSQL 16 (Testcontainers)	Run actions/checkout@v7	2026-09-18T04:41:32.3496925Z ##[group]Initializing the repository
integración · PostgreSQL 16 (Testcontainers)	Run actions/checkout@v7	2026-09-18T04:41:32.3498356Z [command]/usr/bin/git init /home/runner/work/be/be
integración · PostgreSQL 16 (Testcontainers)	Run actions/checkout@v7	2026-09-18T04:41:32.3584195Z hint: Using 'master' as the name for the initial branch. This default branch name
integración · PostgreSQL 16 (Testcontainers)	Run actions/checkout@v7	2026-09-18T04:41:32.3597481Z hint: will change to "main" in Git 3.0. To configure the initial branch name
integración · PostgreSQL 16 (Testcontainers)	Run actions/checkout@v7	2026-09-18T04:41:32.3601014Z hint: to use in all of your new repositories, which will suppress this warning,
integración · PostgreSQL 16 (Testcontainers)	Run actions/checkout@v7	2026-09-18T04:41:32.3602516Z hint: call:
integración · PostgreSQL 16 (Testcontainers)	Run actions/checkout@v7	2026-09-18T04:41:32.3603313Z hint:
integración · PostgreSQL 16 (Testcontainers)	Run actions/checkout@v7	2026-09-18T04:41:32.3604238Z hint: 	git config --global init.defaultBranch <name>
integración · PostgreSQL 16 (Testcontainers)	Run actions/checkout@v7	2026-09-18T04:41:32.3605337Z hint:
integración · PostgreSQL 16 (Testcontainers)	Run actions/checkout@v7	2026-09-18T04:41:32.3606361Z hint: Names commonly chosen instead of 'master' are 'main', 'trunk' and
integración · PostgreSQL 16 (Testcontainers)	Run actions/checkout@v7	2026-09-18T04:41:32.3608406Z hint: 'development'. The just-created branch can be renamed via this command:
integración · PostgreSQL 16 (Testcontainers)	Run actions/checkout@v7	2026-09-18T04:41:32.3609817Z hint:
integración · PostgreSQL 16 (Testcontainers)	Run actions/checkout@v7	2026-09-18T04:41:32.3610650Z hint: 	git branch -m <name>
integración · PostgreSQL 16 (Testcontainers)	Run actions/checkout@v7	2026-09-18T04:41:32.3611589Z hint:
integración · PostgreSQL 16 (Testcontainers)	Run actions/checkout@v7	2026-09-18T04:41:32.3612714Z hint: Disable this message with "git config set advice.defaultBranchName false"
integración · PostgreSQL 16 (Testcontainers)	Run actions/checkout@v7	2026-09-18T04:41:32.3614446Z Initialized empty Git repository in /home/runner/work/be/be/.git/
integración · PostgreSQL 16 (Testcontainers)	Run actions/checkout@v7	2026-09-18T04:41:32.3617593Z [command]/usr/bin/git remote add origin https://github.com/Elian-Bufi/be
integración · PostgreSQL 16 (Testcontainers)	Run actions/checkout@v7	2026-09-18T04:41:32.5065170Z ##[endgroup]
integración · PostgreSQL 16 (Testcontainers)	Run actions/checkout@v7	2026-09-18T04:41:32.5066929Z ##[group]Disabling automatic garbage collection
integración · PostgreSQL 16 (Testcontainers)	Run actions/checkout@v7	2026-09-18T04:41:32.5068791Z [command]/usr/bin/git config --local gc.auto 0
integración · PostgreSQL 16 (Testcontainers)	Run actions/checkout@v7	2026-09-18T04:41:32.5072159Z ##[endgroup]
integración · PostgreSQL 16 (Testcontainers)	Run actions/checkout@v7	2026-09-18T04:41:32.5073717Z ##[group]Setting up auth
integración · PostgreSQL 16 (Testcontainers)	Run actions/checkout@v7	2026-09-18T04:41:32.5074892Z Removing SSH command configuration
integración · PostgreSQL 16 (Testcontainers)	Run actions/checkout@v7	2026-09-18T04:41:32.5076626Z [command]/usr/bin/git config --local --name-only --get-regexp core\.sshCommand
integración · PostgreSQL 16 (Testcontainers)	Run actions/checkout@v7	2026-09-18T04:41:32.5081533Z [command]/usr/bin/git submodule foreach --recursive sh -c "git config --local --name-only --get-regexp 'core\.sshCommand' && git config --local --unset-all 'core.sshCommand' || :"
integración · PostgreSQL 16 (Testcontainers)	Run actions/checkout@v7	2026-09-18T04:41:32.5085716Z Removing HTTP extra header
integración · PostgreSQL 16 (Testcontainers)	Run actions/checkout@v7	2026-09-18T04:41:32.5087470Z [command]/usr/bin/git config --local --name-only --get-regexp http\.https\:\/\/github\.com\/\.extraheader
integración · PostgreSQL 16 (Testcontainers)	Run actions/checkout@v7	2026-09-18T04:41:32.5097381Z [command]/usr/bin/git submodule foreach --recursive sh -c "git config --local --name-only --get-regexp 'http\.https\:\/\/github\.com\/\.extraheader' && git config --local --unset-all 'http.https://github.com/.extraheader' || :"
integración · PostgreSQL 16 (Testcontainers)	Run actions/checkout@v7	2026-09-18T04:41:32.5105527Z Removing includeIf entries pointing to credentials config files
integración · PostgreSQL 16 (Testcontainers)	Run actions/checkout@v7	2026-09-18T04:41:32.5109706Z [command]/usr/bin/git config --local --name-only --get-regexp ^includeIf\.gitdir:
integración · PostgreSQL 16 (Testcontainers)	Run actions/checkout@v7	2026-09-18T04:41:32.5166765Z [command]/usr/bin/git submodule foreach --recursive git config --local --show-origin --name-only --get-regexp remote.origin.url
integración · PostgreSQL 16 (Testcontainers)	Run actions/checkout@v7	2026-09-18T04:41:32.5471881Z [command]/usr/bin/git config --file /home/runner/work/_temp/git-credentials-b8831778-0211-4872-a8bd-f25c99e56364.config http.https://github.com/.extraheader AUTHORIZATION: basic ***
integración · PostgreSQL 16 (Testcontainers)	Run actions/checkout@v7	2026-09-18T04:41:32.5550171Z [command]/usr/bin/git config --local includeIf.gitdir:/home/runner/work/be/be/.git.path /home/runner/work/_temp/git-credentials-b8831778-0211-4872-a8bd-f25c99e56364.config
integración · PostgreSQL 16 (Testcontainers)	Run actions/checkout@v7	2026-09-18T04:41:32.5610895Z [command]/usr/bin/git config --local includeIf.gitdir:/home/runner/work/be/be/.git/worktrees/*.path /home/runner/work/_temp/git-credentials-b8831778-0211-4872-a8bd-f25c99e56364.config
integración · PostgreSQL 16 (Testcontainers)	Run actions/checkout@v7	2026-09-18T04:41:32.5693512Z [command]/usr/bin/git config --local includeIf.gitdir:/github/workspace/.git.path /github/runner_temp/git-credentials-b8831778-0211-4872-a8bd-f25c99e56364.config
integración · PostgreSQL 16 (Testcontainers)	Run actions/checkout@v7	2026-09-18T04:41:32.5707681Z [command]/usr/bin/git config --local includeIf.gitdir:/github/workspace/.git/worktrees/*.path /github/runner_temp/git-credentials-b8831778-0211-4872-a8bd-f25c99e56364.config
integración · PostgreSQL 16 (Testcontainers)	Run actions/checkout@v7	2026-09-18T04:41:32.5745485Z ##[endgroup]
integración · PostgreSQL 16 (Testcontainers)	Run actions/checkout@v7	2026-09-18T04:41:32.5747172Z ##[group]Fetching the repository
integración · PostgreSQL 16 (Testcontainers)	Run actions/checkout@v7	2026-09-18T04:41:32.5754405Z [command]/usr/bin/git -c protocol.version=2 fetch --no-tags --prune --no-recurse-submodules --depth=1 origin +6de82e1be16870d51040a4d2cc131373ebe5e53d:refs/remotes/origin/main
integración · PostgreSQL 16 (Testcontainers)	Run actions/checkout@v7	2026-09-18T04:41:33.4984076Z From https://github.com/Elian-Bufi/be
integración · PostgreSQL 16 (Testcontainers)	Run actions/checkout@v7	2026-09-18T04:41:33.4992339Z  * [new ref]         6de82e1be16870d51040a4d2cc131373ebe5e53d -> origin/main
integración · PostgreSQL 16 (Testcontainers)	Run actions/checkout@v7	2026-09-18T04:41:33.4997193Z [command]/usr/bin/git branch --list --remote origin/main
integración · PostgreSQL 16 (Testcontainers)	Run actions/checkout@v7	2026-09-18T04:41:33.5025732Z   origin/main
integración · PostgreSQL 16 (Testcontainers)	Run actions/checkout@v7	2026-09-18T04:41:33.5037209Z [command]/usr/bin/git rev-parse refs/remotes/origin/main
integración · PostgreSQL 16 (Testcontainers)	Run actions/checkout@v7	2026-09-18T04:41:33.5068474Z 6de82e1be16870d51040a4d2cc131373ebe5e53d
integración · PostgreSQL 16 (Testcontainers)	Run actions/checkout@v7	2026-09-18T04:41:33.5090651Z ##[endgroup]
integración · PostgreSQL 16 (Testcontainers)	Run actions/checkout@v7	2026-09-18T04:41:33.5092639Z ##[group]Determining the checkout info
integración · PostgreSQL 16 (Testcontainers)	Run actions/checkout@v7	2026-09-18T04:41:33.5094800Z ##[endgroup]
integración · PostgreSQL 16 (Testcontainers)	Run actions/checkout@v7	2026-09-18T04:41:33.5096142Z [command]/usr/bin/git sparse-checkout disable
integración · PostgreSQL 16 (Testcontainers)	Run actions/checkout@v7	2026-09-18T04:41:33.5149853Z [command]/usr/bin/git config --local --unset-all extensions.worktreeConfig
integración · PostgreSQL 16 (Testcontainers)	Run actions/checkout@v7	2026-09-18T04:41:33.5192643Z ##[group]Checking out the ref
integración · PostgreSQL 16 (Testcontainers)	Run actions/checkout@v7	2026-09-18T04:41:33.5196490Z [command]/usr/bin/git checkout --progress --force -B main refs/remotes/origin/main
integración · PostgreSQL 16 (Testcontainers)	Run actions/checkout@v7	2026-09-18T04:41:33.5886951Z Switched to a new branch 'main'
integración · PostgreSQL 16 (Testcontainers)	Run actions/checkout@v7	2026-09-18T04:41:33.5899426Z branch 'main' set up to track 'origin/main'.
integración · PostgreSQL 16 (Testcontainers)	Run actions/checkout@v7	2026-09-18T04:41:33.5914730Z ##[endgroup]
integración · PostgreSQL 16 (Testcontainers)	Run actions/checkout@v7	2026-09-18T04:41:33.5977686Z [command]/usr/bin/git log -1 --format=%H
integración · PostgreSQL 16 (Testcontainers)	Run actions/checkout@v7	2026-09-18T04:41:33.6001676Z 6de82e1be16870d51040a4d2cc131373ebe5e53d
integración · PostgreSQL 16 (Testcontainers)	Run actions/setup-node@v7	﻿2026-09-18T04:41:33.6415285Z ##[group]Run actions/setup-node@v7
integración · PostgreSQL 16 (Testcontainers)	Run actions/setup-node@v7	2026-09-18T04:41:33.6416571Z with:
integración · PostgreSQL 16 (Testcontainers)	Run actions/setup-node@v7	2026-09-18T04:41:33.6417391Z   node-version-file: .nvmrc
integración · PostgreSQL 16 (Testcontainers)	Run actions/setup-node@v7	2026-09-18T04:41:33.6418555Z   cache: npm
integración · PostgreSQL 16 (Testcontainers)	Run actions/setup-node@v7	2026-09-18T04:41:33.6419381Z   check-latest: false
integración · PostgreSQL 16 (Testcontainers)	Run actions/setup-node@v7	2026-09-18T04:41:33.6429464Z   token: ***
integración · PostgreSQL 16 (Testcontainers)	Run actions/setup-node@v7	2026-09-18T04:41:33.6430350Z   package-manager-cache: true
integración · PostgreSQL 16 (Testcontainers)	Run actions/setup-node@v7	2026-09-18T04:41:33.6431389Z ##[endgroup]
integración · PostgreSQL 16 (Testcontainers)	Run actions/setup-node@v7	2026-09-18T04:41:33.7823040Z Node version file is not JSON file
integración · PostgreSQL 16 (Testcontainers)	Run actions/setup-node@v7	2026-09-18T04:41:33.7826278Z Resolved .nvmrc as 22.23.2
integración · PostgreSQL 16 (Testcontainers)	Run actions/setup-node@v7	2026-09-18T04:41:33.7860107Z Found in cache @ /opt/hostedtoolcache/node/22.23.2/x64
integración · PostgreSQL 16 (Testcontainers)	Run actions/setup-node@v7	2026-09-18T04:41:33.7864310Z ##[group]Environment details
integración · PostgreSQL 16 (Testcontainers)	Run actions/setup-node@v7	2026-09-18T04:41:34.4030604Z node: v22.23.2
integración · PostgreSQL 16 (Testcontainers)	Run actions/setup-node@v7	2026-09-18T04:41:34.4032125Z npm: 10.9.8
integración · PostgreSQL 16 (Testcontainers)	Run actions/setup-node@v7	2026-09-18T04:41:34.4033142Z yarn: 1.22.22
integración · PostgreSQL 16 (Testcontainers)	Run actions/setup-node@v7	2026-09-18T04:41:34.4035374Z ##[endgroup]
integración · PostgreSQL 16 (Testcontainers)	Run actions/setup-node@v7	2026-09-18T04:41:34.4055011Z [command]/opt/hostedtoolcache/node/22.23.2/x64/bin/npm config get cache
integración · PostgreSQL 16 (Testcontainers)	Run actions/setup-node@v7	2026-09-18T04:41:34.5699688Z /home/runner/.npm
integración · PostgreSQL 16 (Testcontainers)	Run actions/setup-node@v7	2026-09-18T04:41:34.6715591Z Cache hit for: node-cache-Linux-x64-npm-7396c85b21c1ff035b68dae6b6e7bee2b1d9ae3763791523047320e5c91bdfb2
integración · PostgreSQL 16 (Testcontainers)	Run actions/setup-node@v7	2026-09-18T04:41:35.7442993Z Received 138412032 of 333123601 (41.5%), 131.9 MBs/sec
integración · PostgreSQL 16 (Testcontainers)	Run actions/setup-node@v7	2026-09-18T04:41:36.5736225Z Received 333123601 of 333123601 (100.0%), 173.0 MBs/sec
integración · PostgreSQL 16 (Testcontainers)	Run actions/setup-node@v7	2026-09-18T04:41:36.5737334Z Cache Size: ~318 MB (333123601 B)
integración · PostgreSQL 16 (Testcontainers)	Run actions/setup-node@v7	2026-09-18T04:41:36.5998471Z [command]/usr/bin/tar -xf /home/runner/work/_temp/7dec3bc5-58c4-4add-99d6-917105836bb7/cache.tzst -P -C /home/runner/work/be/be --use-compress-program unzstd
integración · PostgreSQL 16 (Testcontainers)	Run actions/setup-node@v7	2026-09-18T04:41:37.8573882Z Cache restored successfully
integración · PostgreSQL 16 (Testcontainers)	Run actions/setup-node@v7	2026-09-18T04:41:37.8735242Z Cache restored from key: node-cache-Linux-x64-npm-7396c85b21c1ff035b68dae6b6e7bee2b1d9ae3763791523047320e5c91bdfb2
integración · PostgreSQL 16 (Testcontainers)	Run npm ci	﻿2026-09-18T04:41:37.8959140Z ##[group]Run npm ci
integración · PostgreSQL 16 (Testcontainers)	Run npm ci	2026-09-18T04:41:37.8959490Z ^[[36;1mnpm ci^[[0m
integración · PostgreSQL 16 (Testcontainers)	Run npm ci	2026-09-18T04:41:38.0633975Z shell: /usr/bin/bash -e {0}
integración · PostgreSQL 16 (Testcontainers)	Run npm ci	2026-09-18T04:41:38.0634320Z ##[endgroup]
integración · PostgreSQL 16 (Testcontainers)	Run npm ci	2026-09-18T04:41:48.2048790Z npm warn deprecated uuid@7.0.3: uuid@10 and below is no longer supported.  For ESM codebases, update to uuid@latest.  For CommonJS codebases, use uuid@11 (but be aware this version will likely be deprecated in 2028).
integración · PostgreSQL 16 (Testcontainers)	Run npm ci	2026-09-18T04:41:48.9348515Z npm warn deprecated glob@10.5.0: Old versions of glob are not supported, and contain widely publicized security vulnerabilities, which have been fixed in the current version. Please update. Support for old versions may be purchased (at exorbitant rates) by contacting i@izs.me
integración · PostgreSQL 16 (Testcontainers)	Run npm ci	2026-09-18T04:41:48.9372112Z npm warn deprecated glob@10.5.0: Old versions of glob are not supported, and contain widely publicized security vulnerabilities, which have been fixed in the current version. Please update. Support for old versions may be purchased (at exorbitant rates) by contacting i@izs.me
integración · PostgreSQL 16 (Testcontainers)	Run npm ci	2026-09-18T04:42:24.5668694Z 
integración · PostgreSQL 16 (Testcontainers)	Run npm ci	2026-09-18T04:42:24.5713949Z added 959 packages, and audited 964 packages in 46s
integración · PostgreSQL 16 (Testcontainers)	Run npm ci	2026-09-18T04:42:24.6460994Z 
integración · PostgreSQL 16 (Testcontainers)	Run npm ci	2026-09-18T04:42:24.6462216Z 10 moderate severity vulnerabilities
integración · PostgreSQL 16 (Testcontainers)	Run npm ci	2026-09-18T04:42:24.6478538Z 
integración · PostgreSQL 16 (Testcontainers)	Run npm ci	2026-09-18T04:42:24.6484729Z To address issues that do not require attention, run:
integración · PostgreSQL 16 (Testcontainers)	Run npm ci	2026-09-18T04:42:24.6486298Z   npm audit fix
integración · PostgreSQL 16 (Testcontainers)	Run npm ci	2026-09-18T04:42:24.6486764Z 
integración · PostgreSQL 16 (Testcontainers)	Run npm ci	2026-09-18T04:42:24.6487391Z To address all issues (including breaking changes), run:
integración · PostgreSQL 16 (Testcontainers)	Run npm ci	2026-09-18T04:42:24.6488559Z   npm audit fix --force
integración · PostgreSQL 16 (Testcontainers)	Run npm ci	2026-09-18T04:42:24.6489095Z 
integración · PostgreSQL 16 (Testcontainers)	Run npm ci	2026-09-18T04:42:24.6489560Z Run `npm audit` for details.
integración · PostgreSQL 16 (Testcontainers)	Run npx prisma generate	﻿2026-09-18T04:42:24.7665954Z ##[group]Run npx prisma generate
integración · PostgreSQL 16 (Testcontainers)	Run npx prisma generate	2026-09-18T04:42:24.7666331Z ^[[36;1mnpx prisma generate^[[0m
integración · PostgreSQL 16 (Testcontainers)	Run npx prisma generate	2026-09-18T04:42:24.7706628Z shell: /usr/bin/bash -e {0}
integración · PostgreSQL 16 (Testcontainers)	Run npx prisma generate	2026-09-18T04:42:24.7706919Z ##[endgroup]
integración · PostgreSQL 16 (Testcontainers)	Run npx prisma generate	2026-09-18T04:42:25.9768477Z warn The configuration property `package.json#prisma` is deprecated and will be removed in Prisma 7. Please migrate to a Prisma config file (e.g., `prisma.config.ts`).
integración · PostgreSQL 16 (Testcontainers)	Run npx prisma generate	2026-09-18T04:42:25.9770964Z For more information, see: https://pris.ly/prisma-config
integración · PostgreSQL 16 (Testcontainers)	Run npx prisma generate	2026-09-18T04:42:25.9771866Z 
integración · PostgreSQL 16 (Testcontainers)	Run npx prisma generate	2026-09-18T04:42:26.1779806Z Prisma schema loaded from prisma/schema.prisma
integración · PostgreSQL 16 (Testcontainers)	Run npx prisma generate	2026-09-18T04:42:26.3169078Z ┌─────────────────────────────────────────────────────────┐
integración · PostgreSQL 16 (Testcontainers)	Run npx prisma generate	2026-09-18T04:42:26.3169839Z 
integración · PostgreSQL 16 (Testcontainers)	Run npx prisma generate	2026-09-18T04:42:26.3179785Z │  Update available 6.19.3 -> 8.0.0-rc.15                 │
integración · PostgreSQL 16 (Testcontainers)	Run npx prisma generate	2026-09-18T04:42:26.3181031Z ✔ Generated Prisma Client (v6.19.3) to ./node_modules/@prisma/client in 47ms
integración · PostgreSQL 16 (Testcontainers)	Run npx prisma generate	2026-09-18T04:42:26.3198967Z │                                                         │
integración · PostgreSQL 16 (Testcontainers)	Run npx prisma generate	2026-09-18T04:42:26.3199419Z 
integración · PostgreSQL 16 (Testcontainers)	Run npx prisma generate	2026-09-18T04:42:26.3205191Z │  This is a major update - please follow the guide at    │
integración · PostgreSQL 16 (Testcontainers)	Run npx prisma generate	2026-09-18T04:42:26.3206367Z Start by importing your Prisma Client (See: https://pris.ly/d/importing-client)
integración · PostgreSQL 16 (Testcontainers)	Run npx prisma generate	2026-09-18T04:42:26.3211565Z │  https://pris.ly/d/major-version-upgrade                │
integración · PostgreSQL 16 (Testcontainers)	Run npx prisma generate	2026-09-18T04:42:26.3212220Z 
integración · PostgreSQL 16 (Testcontainers)	Run npx prisma generate	2026-09-18T04:42:26.3213141Z │                                                         │
integración · PostgreSQL 16 (Testcontainers)	Run npx prisma generate	2026-09-18T04:42:26.3214519Z Tip: Need your database queries to be 1000x faster? Accelerate offers you that and more: https://pris.ly/tip-2-accelerate
integración · PostgreSQL 16 (Testcontainers)	Run npx prisma generate	2026-09-18T04:42:26.3236476Z │  Run the following to update                            │
integración · PostgreSQL 16 (Testcontainers)	Run npx prisma generate	2026-09-18T04:42:26.3236976Z 
integración · PostgreSQL 16 (Testcontainers)	Run npx prisma generate	2026-09-18T04:42:26.3238267Z │    npm i --save-dev prisma@latest                       │
integración · PostgreSQL 16 (Testcontainers)	Run npx prisma generate	2026-09-18T04:42:26.3239626Z │    npm i @prisma/client@latest                          │
integración · PostgreSQL 16 (Testcontainers)	Run npx prisma generate	2026-09-18T04:42:26.3240838Z └─────────────────────────────────────────────────────────┘
integración · PostgreSQL 16 (Testcontainers)	Schema vs 06 · readiness · migración fallida aborta	﻿2026-09-18T04:42:26.3562488Z ##[group]Run npm run test:integration
integración · PostgreSQL 16 (Testcontainers)	Schema vs 06 · readiness · migración fallida aborta	2026-09-18T04:42:26.3562859Z ^[[36;1mnpm run test:integration^[[0m
integración · PostgreSQL 16 (Testcontainers)	Schema vs 06 · readiness · migración fallida aborta	2026-09-18T04:42:26.3599184Z shell: /usr/bin/bash -e {0}
integración · PostgreSQL 16 (Testcontainers)	Schema vs 06 · readiness · migración fallida aborta	2026-09-18T04:42:26.3599478Z ##[endgroup]
integración · PostgreSQL 16 (Testcontainers)	Schema vs 06 · readiness · migración fallida aborta	2026-09-18T04:42:26.4680707Z 
integración · PostgreSQL 16 (Testcontainers)	Schema vs 06 · readiness · migración fallida aborta	2026-09-18T04:42:26.4681740Z > be@0.1.0 test:integration
integración · PostgreSQL 16 (Testcontainers)	Schema vs 06 · readiness · migración fallida aborta	2026-09-18T04:42:26.4683096Z > npm run build:domain && npm run test:integration -w @be/api
integración · PostgreSQL 16 (Testcontainers)	Schema vs 06 · readiness · migración fallida aborta	2026-09-18T04:42:26.4684015Z 
integración · PostgreSQL 16 (Testcontainers)	Schema vs 06 · readiness · migración fallida aborta	2026-09-18T04:42:26.5920986Z 
integración · PostgreSQL 16 (Testcontainers)	Schema vs 06 · readiness · migración fallida aborta	2026-09-18T04:42:26.5938945Z > be@0.1.0 build:domain
integración · PostgreSQL 16 (Testcontainers)	Schema vs 06 · readiness · migración fallida aborta	2026-09-18T04:42:26.5958771Z > npm run build -w @be/domain
integración · PostgreSQL 16 (Testcontainers)	Schema vs 06 · readiness · migración fallida aborta	2026-09-18T04:42:26.5964248Z 
integración · PostgreSQL 16 (Testcontainers)	Schema vs 06 · readiness · migración fallida aborta	2026-09-18T04:42:26.7533647Z 
integración · PostgreSQL 16 (Testcontainers)	Schema vs 06 · readiness · migración fallida aborta	2026-09-18T04:42:26.7534907Z > @be/domain@0.1.0 build
integración · PostgreSQL 16 (Testcontainers)	Schema vs 06 · readiness · migración fallida aborta	2026-09-18T04:42:26.7536036Z > tsc -p tsconfig.json
integración · PostgreSQL 16 (Testcontainers)	Schema vs 06 · readiness · migración fallida aborta	2026-09-18T04:42:26.7546042Z 
integración · PostgreSQL 16 (Testcontainers)	Schema vs 06 · readiness · migración fallida aborta	2026-09-18T04:42:28.3656087Z 
integración · PostgreSQL 16 (Testcontainers)	Schema vs 06 · readiness · migración fallida aborta	2026-09-18T04:42:28.3657064Z > @be/api@0.1.0 test:integration
integración · PostgreSQL 16 (Testcontainers)	Schema vs 06 · readiness · migración fallida aborta	2026-09-18T04:42:28.3658594Z > jest --config jest.integration.config.js --runInBand
integración · PostgreSQL 16 (Testcontainers)	Schema vs 06 · readiness · migración fallida aborta	2026-09-18T04:42:28.3659428Z 
integración · PostgreSQL 16 (Testcontainers)	Schema vs 06 · readiness · migración fallida aborta	2026-09-18T04:42:42.9555612Z PASS ../../test/integration/schema.int-spec.ts
integración · PostgreSQL 16 (Testcontainers)	Schema vs 06 · readiness · migración fallida aborta	2026-09-18T04:42:45.4189148Z {"nivel":"info","requestId":"2e9f72bf-8aa3-4369-8bdb-ecb4f40403ed","metodo":"GET","ruta":"/health/ready","status":200,"duracionMs":62}
integración · PostgreSQL 16 (Testcontainers)	Schema vs 06 · readiness · migración fallida aborta	2026-09-18T04:42:45.4191664Z {"nivel":"info","requestId":"00a91f23-fd41-40dc-9650-4f429d4200b1","metodo":"GET","ruta":"/health/ready","status":503,"duracionMs":54}
integración · PostgreSQL 16 (Testcontainers)	Schema vs 06 · readiness · migración fallida aborta	2026-09-18T04:42:45.4736893Z PASS ../../test/integration/despliegue.int-spec.ts
integración · PostgreSQL 16 (Testcontainers)	Schema vs 06 · readiness · migración fallida aborta	2026-09-18T04:42:45.4821295Z 
integración · PostgreSQL 16 (Testcontainers)	Schema vs 06 · readiness · migración fallida aborta	2026-09-18T04:42:45.4821740Z Test Suites: 2 passed, 2 total
integración · PostgreSQL 16 (Testcontainers)	Schema vs 06 · readiness · migración fallida aborta	2026-09-18T04:42:45.4822342Z Tests:       10 passed, 10 total
integración · PostgreSQL 16 (Testcontainers)	Schema vs 06 · readiness · migración fallida aborta	2026-09-18T04:42:45.4822855Z Snapshots:   0 total
integración · PostgreSQL 16 (Testcontainers)	Schema vs 06 · readiness · migración fallida aborta	2026-09-18T04:42:45.4823379Z Time:        3.26 s
integración · PostgreSQL 16 (Testcontainers)	Schema vs 06 · readiness · migración fallida aborta	2026-09-18T04:42:45.4823801Z Ran all test suites.
integración · PostgreSQL 16 (Testcontainers)	Post Run actions/setup-node@v7	﻿2026-09-18T04:42:45.9770281Z Post job cleanup.
integración · PostgreSQL 16 (Testcontainers)	Post Run actions/setup-node@v7	2026-09-18T04:42:46.0944475Z Cache hit occurred on the primary key node-cache-Linux-x64-npm-7396c85b21c1ff035b68dae6b6e7bee2b1d9ae3763791523047320e5c91bdfb2, not saving cache.
integración · PostgreSQL 16 (Testcontainers)	Post Run actions/checkout@v7	﻿2026-09-18T04:42:46.1103195Z Post job cleanup.
integración · PostgreSQL 16 (Testcontainers)	Post Run actions/checkout@v7	2026-09-18T04:42:46.2088864Z [command]/usr/bin/git version
integración · PostgreSQL 16 (Testcontainers)	Post Run actions/checkout@v7	2026-09-18T04:42:46.2181521Z git version 2.55.0
integración · PostgreSQL 16 (Testcontainers)	Post Run actions/checkout@v7	2026-09-18T04:42:46.2247732Z Temporarily overriding HOME='/home/runner/work/_temp/6d44cc9b-820c-4159-816c-91be1f49b712' before making global git config changes
integración · PostgreSQL 16 (Testcontainers)	Post Run actions/checkout@v7	2026-09-18T04:42:46.2249916Z Adding repository directory to the temporary git global config as a safe directory
integración · PostgreSQL 16 (Testcontainers)	Post Run actions/checkout@v7	2026-09-18T04:42:46.2251437Z [command]/usr/bin/git config --global --add safe.directory /home/runner/work/be/be
integración · PostgreSQL 16 (Testcontainers)	Post Run actions/checkout@v7	2026-09-18T04:42:46.2345527Z Removing SSH command configuration
integración · PostgreSQL 16 (Testcontainers)	Post Run actions/checkout@v7	2026-09-18T04:42:46.2361380Z [command]/usr/bin/git config --local --name-only --get-regexp core\.sshCommand
integración · PostgreSQL 16 (Testcontainers)	Post Run actions/checkout@v7	2026-09-18T04:42:46.2371467Z [command]/usr/bin/git submodule foreach --recursive sh -c "git config --local --name-only --get-regexp 'core\.sshCommand' && git config --local --unset-all 'core.sshCommand' || :"
integración · PostgreSQL 16 (Testcontainers)	Post Run actions/checkout@v7	2026-09-18T04:42:46.2823750Z Removing HTTP extra header
integración · PostgreSQL 16 (Testcontainers)	Post Run actions/checkout@v7	2026-09-18T04:42:46.2835941Z [command]/usr/bin/git config --local --name-only --get-regexp http\.https\:\/\/github\.com\/\.extraheader
integración · PostgreSQL 16 (Testcontainers)	Post Run actions/checkout@v7	2026-09-18T04:42:46.2945879Z [command]/usr/bin/git submodule foreach --recursive sh -c "git config --local --name-only --get-regexp 'http\.https\:\/\/github\.com\/\.extraheader' && git config --local --unset-all 'http.https://github.com/.extraheader' || :"
integración · PostgreSQL 16 (Testcontainers)	Post Run actions/checkout@v7	2026-09-18T04:42:46.3667061Z Removing includeIf entries pointing to credentials config files
integración · PostgreSQL 16 (Testcontainers)	Post Run actions/checkout@v7	2026-09-18T04:42:46.3679230Z [command]/usr/bin/git config --local --name-only --get-regexp ^includeIf\.gitdir:
integración · PostgreSQL 16 (Testcontainers)	Post Run actions/checkout@v7	2026-09-18T04:42:46.3718918Z includeif.gitdir:/home/runner/work/be/be/.git.path
integración · PostgreSQL 16 (Testcontainers)	Post Run actions/checkout@v7	2026-09-18T04:42:46.3738901Z includeif.gitdir:/home/runner/work/be/be/.git/worktrees/*.path
integración · PostgreSQL 16 (Testcontainers)	Post Run actions/checkout@v7	2026-09-18T04:42:46.3740226Z includeif.gitdir:/github/workspace/.git.path
integración · PostgreSQL 16 (Testcontainers)	Post Run actions/checkout@v7	2026-09-18T04:42:46.3758964Z includeif.gitdir:/github/workspace/.git/worktrees/*.path
integración · PostgreSQL 16 (Testcontainers)	Post Run actions/checkout@v7	2026-09-18T04:42:46.3800167Z [command]/usr/bin/git config --local --get-all includeif.gitdir:/home/runner/work/be/be/.git.path
integración · PostgreSQL 16 (Testcontainers)	Post Run actions/checkout@v7	2026-09-18T04:42:46.3819222Z /home/runner/work/_temp/git-credentials-b8831778-0211-4872-a8bd-f25c99e56364.config
integración · PostgreSQL 16 (Testcontainers)	Post Run actions/checkout@v7	2026-09-18T04:42:46.3880696Z [command]/usr/bin/git config --local --unset includeif.gitdir:/home/runner/work/be/be/.git.path \/home\/runner\/work\/_temp\/git\-credentials\-b8831778\-0211\-4872\-a8bd\-f25c99e56364\.config
integración · PostgreSQL 16 (Testcontainers)	Post Run actions/checkout@v7	2026-09-18T04:42:46.3979352Z [command]/usr/bin/git config --local --get-all includeif.gitdir:/home/runner/work/be/be/.git/worktrees/*.path
integración · PostgreSQL 16 (Testcontainers)	Post Run actions/checkout@v7	2026-09-18T04:42:46.4037670Z /home/runner/work/_temp/git-credentials-b8831778-0211-4872-a8bd-f25c99e56364.config
integración · PostgreSQL 16 (Testcontainers)	Post Run actions/checkout@v7	2026-09-18T04:42:46.4095286Z [command]/usr/bin/git config --local --unset includeif.gitdir:/home/runner/work/be/be/.git/worktrees/*.path \/home\/runner\/work\/_temp\/git\-credentials\-b8831778\-0211\-4872\-a8bd\-f25c99e56364\.config
integración · PostgreSQL 16 (Testcontainers)	Post Run actions/checkout@v7	2026-09-18T04:42:46.4228474Z [command]/usr/bin/git config --local --get-all includeif.gitdir:/github/workspace/.git.path
integración · PostgreSQL 16 (Testcontainers)	Post Run actions/checkout@v7	2026-09-18T04:42:46.4229934Z /github/runner_temp/git-credentials-b8831778-0211-4872-a8bd-f25c99e56364.config
integración · PostgreSQL 16 (Testcontainers)	Post Run actions/checkout@v7	2026-09-18T04:42:46.4277716Z [command]/usr/bin/git config --local --unset includeif.gitdir:/github/workspace/.git.path \/github\/runner_temp\/git\-credentials\-b8831778\-0211\-4872\-a8bd\-f25c99e56364\.config
integración · PostgreSQL 16 (Testcontainers)	Post Run actions/checkout@v7	2026-09-18T04:42:46.4348581Z [command]/usr/bin/git config --local --get-all includeif.gitdir:/github/workspace/.git/worktrees/*.path
integración · PostgreSQL 16 (Testcontainers)	Post Run actions/checkout@v7	2026-09-18T04:42:46.4350068Z /github/runner_temp/git-credentials-b8831778-0211-4872-a8bd-f25c99e56364.config
integración · PostgreSQL 16 (Testcontainers)	Post Run actions/checkout@v7	2026-09-18T04:42:46.4410370Z [command]/usr/bin/git config --local --unset includeif.gitdir:/github/workspace/.git/worktrees/*.path \/github\/runner_temp\/git\-credentials\-b8831778\-0211\-4872\-a8bd\-f25c99e56364\.config
integración · PostgreSQL 16 (Testcontainers)	Post Run actions/checkout@v7	2026-09-18T04:42:46.4427319Z [command]/usr/bin/git submodule foreach --recursive git config --local --show-origin --name-only --get-regexp remote.origin.url
integración · PostgreSQL 16 (Testcontainers)	Post Run actions/checkout@v7	2026-09-18T04:42:46.4702751Z Removing credentials config '/home/runner/work/_temp/git-credentials-b8831778-0211-4872-a8bd-f25c99e56364.config'
integración · PostgreSQL 16 (Testcontainers)	Complete job	﻿2026-09-18T04:42:46.4852746Z Cleaning up orphan processes
imagen API · migrate deploy + readiness (ASR-09)	Set up job	﻿2026-09-18T04:42:08.2170188Z Current runner version: '2.337.0'
imagen API · migrate deploy + readiness (ASR-09)	Set up job	2026-09-18T04:42:08.2198380Z ##[group]Runner Image Provisioner
imagen API · migrate deploy + readiness (ASR-09)	Set up job	2026-09-18T04:42:08.2199286Z Hosted Compute Agent
imagen API · migrate deploy + readiness (ASR-09)	Set up job	2026-09-18T04:42:08.2200015Z Version: 20260828.587
imagen API · migrate deploy + readiness (ASR-09)	Set up job	2026-09-18T04:42:08.2201173Z Commit: abac92662cab4cc7352de4f9f9d2e2419aad9c29
imagen API · migrate deploy + readiness (ASR-09)	Set up job	2026-09-18T04:42:08.2202120Z Build Date: 2026-08-28T16:44:25Z
imagen API · migrate deploy + readiness (ASR-09)	Set up job	2026-09-18T04:42:08.2202839Z Worker ID: {44c29852-1252-49ad-96fe-18f1917b1694}
imagen API · migrate deploy + readiness (ASR-09)	Set up job	2026-09-18T04:42:08.2203550Z Azure Region: westus2
imagen API · migrate deploy + readiness (ASR-09)	Set up job	2026-09-18T04:42:08.2204199Z ##[endgroup]
imagen API · migrate deploy + readiness (ASR-09)	Set up job	2026-09-18T04:42:08.2205889Z ##[group]Operating System
imagen API · migrate deploy + readiness (ASR-09)	Set up job	2026-09-18T04:42:08.2206683Z Ubuntu
imagen API · migrate deploy + readiness (ASR-09)	Set up job	2026-09-18T04:42:08.2207255Z 24.04.5
imagen API · migrate deploy + readiness (ASR-09)	Set up job	2026-09-18T04:42:08.2207796Z LTS
imagen API · migrate deploy + readiness (ASR-09)	Set up job	2026-09-18T04:42:08.2208367Z ##[endgroup]
imagen API · migrate deploy + readiness (ASR-09)	Set up job	2026-09-18T04:42:08.2209123Z ##[group]Runner Image
imagen API · migrate deploy + readiness (ASR-09)	Set up job	2026-09-18T04:42:08.2209780Z Image: ubuntu-24.04
imagen API · migrate deploy + readiness (ASR-09)	Set up job	2026-09-18T04:42:08.2210382Z Version: 20260907.300.1
imagen API · migrate deploy + readiness (ASR-09)	Set up job	2026-09-18T04:42:08.2211789Z Included Software: https://github.com/actions/runner-images/blob/ubuntu24/20260907.300/images/ubuntu/Ubuntu2404-Readme.md
imagen API · migrate deploy + readiness (ASR-09)	Set up job	2026-09-18T04:42:08.2214053Z Image Release: https://github.com/actions/runner-images/releases/tag/ubuntu24%2F20260907.300
imagen API · migrate deploy + readiness (ASR-09)	Set up job	2026-09-18T04:42:08.2215080Z ##[endgroup]
imagen API · migrate deploy + readiness (ASR-09)	Set up job	2026-09-18T04:42:08.2216247Z ##[group]GITHUB_TOKEN Permissions
imagen API · migrate deploy + readiness (ASR-09)	Set up job	2026-09-18T04:42:08.2218470Z Contents: read
imagen API · migrate deploy + readiness (ASR-09)	Set up job	2026-09-18T04:42:08.2219144Z Metadata: read
imagen API · migrate deploy + readiness (ASR-09)	Set up job	2026-09-18T04:42:08.2219758Z ##[endgroup]
imagen API · migrate deploy + readiness (ASR-09)	Set up job	2026-09-18T04:42:08.2222194Z Secret source: Actions
imagen API · migrate deploy + readiness (ASR-09)	Set up job	2026-09-18T04:42:08.2223234Z Cache mode: write
imagen API · migrate deploy + readiness (ASR-09)	Set up job	2026-09-18T04:42:08.2224056Z Prepare workflow directory
imagen API · migrate deploy + readiness (ASR-09)	Set up job	2026-09-18T04:42:08.2598481Z Prepare all required actions
imagen API · migrate deploy + readiness (ASR-09)	Set up job	2026-09-18T04:42:08.2672103Z Getting action download info
imagen API · migrate deploy + readiness (ASR-09)	Set up job	2026-09-18T04:42:08.6222421Z Download action repository 'actions/checkout@v7' (SHA:3d3c42e5aac5ba805825da76410c181273ba90b1)
imagen API · migrate deploy + readiness (ASR-09)	Set up job	2026-09-18T04:42:08.8508360Z Complete job name: imagen API · migrate deploy + readiness (ASR-09)
imagen API · migrate deploy + readiness (ASR-09)	Run actions/checkout@v7	﻿2026-09-18T04:42:08.9378081Z ##[group]Run actions/checkout@v7
imagen API · migrate deploy + readiness (ASR-09)	Run actions/checkout@v7	2026-09-18T04:42:08.9378999Z with:
imagen API · migrate deploy + readiness (ASR-09)	Run actions/checkout@v7	2026-09-18T04:42:08.9379476Z   repository: Elian-Bufi/be
imagen API · migrate deploy + readiness (ASR-09)	Run actions/checkout@v7	2026-09-18T04:42:08.9383761Z   token: ***
imagen API · migrate deploy + readiness (ASR-09)	Run actions/checkout@v7	2026-09-18T04:42:08.9384232Z   ssh-strict: true
imagen API · migrate deploy + readiness (ASR-09)	Run actions/checkout@v7	2026-09-18T04:42:08.9384718Z   ssh-user: git
imagen API · migrate deploy + readiness (ASR-09)	Run actions/checkout@v7	2026-09-18T04:42:08.9385192Z   persist-credentials: true
imagen API · migrate deploy + readiness (ASR-09)	Run actions/checkout@v7	2026-09-18T04:42:08.9385708Z   clean: true
imagen API · migrate deploy + readiness (ASR-09)	Run actions/checkout@v7	2026-09-18T04:42:08.9386176Z   sparse-checkout-cone-mode: true
imagen API · migrate deploy + readiness (ASR-09)	Run actions/checkout@v7	2026-09-18T04:42:08.9386752Z   fetch-depth: 1
imagen API · migrate deploy + readiness (ASR-09)	Run actions/checkout@v7	2026-09-18T04:42:08.9387198Z   fetch-tags: false
imagen API · migrate deploy + readiness (ASR-09)	Run actions/checkout@v7	2026-09-18T04:42:08.9387658Z   show-progress: true
imagen API · migrate deploy + readiness (ASR-09)	Run actions/checkout@v7	2026-09-18T04:42:08.9388123Z   lfs: false
imagen API · migrate deploy + readiness (ASR-09)	Run actions/checkout@v7	2026-09-18T04:42:08.9388549Z   submodules: false
imagen API · migrate deploy + readiness (ASR-09)	Run actions/checkout@v7	2026-09-18T04:42:08.9389004Z   set-safe-directory: true
imagen API · migrate deploy + readiness (ASR-09)	Run actions/checkout@v7	2026-09-18T04:42:08.9389529Z   allow-unsafe-pr-checkout: false
imagen API · migrate deploy + readiness (ASR-09)	Run actions/checkout@v7	2026-09-18T04:42:08.9390332Z ##[endgroup]
imagen API · migrate deploy + readiness (ASR-09)	Run actions/checkout@v7	2026-09-18T04:42:09.0550217Z Syncing repository: Elian-Bufi/be
imagen API · migrate deploy + readiness (ASR-09)	Run actions/checkout@v7	2026-09-18T04:42:09.0553219Z ##[group]Getting Git version info
imagen API · migrate deploy + readiness (ASR-09)	Run actions/checkout@v7	2026-09-18T04:42:09.0554284Z Working directory is '/home/runner/work/be/be'
imagen API · migrate deploy + readiness (ASR-09)	Run actions/checkout@v7	2026-09-18T04:42:09.0571842Z [command]/usr/bin/git version
imagen API · migrate deploy + readiness (ASR-09)	Run actions/checkout@v7	2026-09-18T04:42:09.0712287Z git version 2.55.0
imagen API · migrate deploy + readiness (ASR-09)	Run actions/checkout@v7	2026-09-18T04:42:09.0765414Z ##[endgroup]
imagen API · migrate deploy + readiness (ASR-09)	Run actions/checkout@v7	2026-09-18T04:42:09.0782729Z Temporarily overriding HOME='/home/runner/work/_temp/d198d83b-67c3-4388-b25f-41b943274c79' before making global git config changes
imagen API · migrate deploy + readiness (ASR-09)	Run actions/checkout@v7	2026-09-18T04:42:09.0785156Z Adding repository directory to the temporary git global config as a safe directory
imagen API · migrate deploy + readiness (ASR-09)	Run actions/checkout@v7	2026-09-18T04:42:09.0793427Z [command]/usr/bin/git config --global --add safe.directory /home/runner/work/be/be
imagen API · migrate deploy + readiness (ASR-09)	Run actions/checkout@v7	2026-09-18T04:42:09.0889743Z Deleting the contents of '/home/runner/work/be/be'
imagen API · migrate deploy + readiness (ASR-09)	Run actions/checkout@v7	2026-09-18T04:42:09.0892024Z ##[group]Determining repository object format
imagen API · migrate deploy + readiness (ASR-09)	Run actions/checkout@v7	2026-09-18T04:42:09.0893639Z ##[endgroup]
imagen API · migrate deploy + readiness (ASR-09)	Run actions/checkout@v7	2026-09-18T04:42:09.0894949Z ##[group]Initializing the repository
imagen API · migrate deploy + readiness (ASR-09)	Run actions/checkout@v7	2026-09-18T04:42:09.0896124Z [command]/usr/bin/git init /home/runner/work/be/be
imagen API · migrate deploy + readiness (ASR-09)	Run actions/checkout@v7	2026-09-18T04:42:09.1063882Z hint: Using 'master' as the name for the initial branch. This default branch name
imagen API · migrate deploy + readiness (ASR-09)	Run actions/checkout@v7	2026-09-18T04:42:09.1091635Z hint: will change to "main" in Git 3.0. To configure the initial branch name
imagen API · migrate deploy + readiness (ASR-09)	Run actions/checkout@v7	2026-09-18T04:42:09.1095248Z hint: to use in all of your new repositories, which will suppress this warning,
imagen API · migrate deploy + readiness (ASR-09)	Run actions/checkout@v7	2026-09-18T04:42:09.1096977Z hint: call:
imagen API · migrate deploy + readiness (ASR-09)	Run actions/checkout@v7	2026-09-18T04:42:09.1097823Z hint:
imagen API · migrate deploy + readiness (ASR-09)	Run actions/checkout@v7	2026-09-18T04:42:09.1098771Z hint: 	git config --global init.defaultBranch <name>
imagen API · migrate deploy + readiness (ASR-09)	Run actions/checkout@v7	2026-09-18T04:42:09.1099897Z hint:
imagen API · migrate deploy + readiness (ASR-09)	Run actions/checkout@v7	2026-09-18T04:42:09.1101307Z hint: Names commonly chosen instead of 'master' are 'main', 'trunk' and
imagen API · migrate deploy + readiness (ASR-09)	Run actions/checkout@v7	2026-09-18T04:42:09.1103100Z hint: 'development'. The just-created branch can be renamed via this command:
imagen API · migrate deploy + readiness (ASR-09)	Run actions/checkout@v7	2026-09-18T04:42:09.1104433Z hint:
imagen API · migrate deploy + readiness (ASR-09)	Run actions/checkout@v7	2026-09-18T04:42:09.1105202Z hint: 	git branch -m <name>
imagen API · migrate deploy + readiness (ASR-09)	Run actions/checkout@v7	2026-09-18T04:42:09.1106083Z hint:
imagen API · migrate deploy + readiness (ASR-09)	Run actions/checkout@v7	2026-09-18T04:42:09.1107293Z hint: Disable this message with "git config set advice.defaultBranchName false"
imagen API · migrate deploy + readiness (ASR-09)	Run actions/checkout@v7	2026-09-18T04:42:09.1108986Z Initialized empty Git repository in /home/runner/work/be/be/.git/
imagen API · migrate deploy + readiness (ASR-09)	Run actions/checkout@v7	2026-09-18T04:42:09.1112398Z [command]/usr/bin/git remote add origin https://github.com/Elian-Bufi/be
imagen API · migrate deploy + readiness (ASR-09)	Run actions/checkout@v7	2026-09-18T04:42:09.1222854Z ##[endgroup]
imagen API · migrate deploy + readiness (ASR-09)	Run actions/checkout@v7	2026-09-18T04:42:09.1240404Z ##[group]Disabling automatic garbage collection
imagen API · migrate deploy + readiness (ASR-09)	Run actions/checkout@v7	2026-09-18T04:42:09.1242148Z [command]/usr/bin/git config --local gc.auto 0
imagen API · migrate deploy + readiness (ASR-09)	Run actions/checkout@v7	2026-09-18T04:42:09.1245048Z ##[endgroup]
imagen API · migrate deploy + readiness (ASR-09)	Run actions/checkout@v7	2026-09-18T04:42:09.1246250Z ##[group]Setting up auth
imagen API · migrate deploy + readiness (ASR-09)	Run actions/checkout@v7	2026-09-18T04:42:09.1247170Z Removing SSH command configuration
imagen API · migrate deploy + readiness (ASR-09)	Run actions/checkout@v7	2026-09-18T04:42:09.1248475Z [command]/usr/bin/git config --local --name-only --get-regexp core\.sshCommand
imagen API · migrate deploy + readiness (ASR-09)	Run actions/checkout@v7	2026-09-18T04:42:09.1293821Z [command]/usr/bin/git submodule foreach --recursive sh -c "git config --local --name-only --get-regexp 'core\.sshCommand' && git config --local --unset-all 'core.sshCommand' || :"
imagen API · migrate deploy + readiness (ASR-09)	Run actions/checkout@v7	2026-09-18T04:42:09.2048986Z Removing HTTP extra header
imagen API · migrate deploy + readiness (ASR-09)	Run actions/checkout@v7	2026-09-18T04:42:09.2051402Z [command]/usr/bin/git config --local --name-only --get-regexp http\.https\:\/\/github\.com\/\.extraheader
imagen API · migrate deploy + readiness (ASR-09)	Run actions/checkout@v7	2026-09-18T04:42:09.2056512Z [command]/usr/bin/git submodule foreach --recursive sh -c "git config --local --name-only --get-regexp 'http\.https\:\/\/github\.com\/\.extraheader' && git config --local --unset-all 'http.https://github.com/.extraheader' || :"
imagen API · migrate deploy + readiness (ASR-09)	Run actions/checkout@v7	2026-09-18T04:42:09.2215473Z Removing includeIf entries pointing to credentials config files
imagen API · migrate deploy + readiness (ASR-09)	Run actions/checkout@v7	2026-09-18T04:42:09.2222033Z [command]/usr/bin/git config --local --name-only --get-regexp ^includeIf\.gitdir:
imagen API · migrate deploy + readiness (ASR-09)	Run actions/checkout@v7	2026-09-18T04:42:09.2261962Z [command]/usr/bin/git submodule foreach --recursive git config --local --show-origin --name-only --get-regexp remote.origin.url
imagen API · migrate deploy + readiness (ASR-09)	Run actions/checkout@v7	2026-09-18T04:42:09.2513764Z [command]/usr/bin/git config --file /home/runner/work/_temp/git-credentials-5372b492-9288-418f-b100-275682adabbe.config http.https://github.com/.extraheader AUTHORIZATION: basic ***
imagen API · migrate deploy + readiness (ASR-09)	Run actions/checkout@v7	2026-09-18T04:42:09.2556726Z [command]/usr/bin/git config --local includeIf.gitdir:/home/runner/work/be/be/.git.path /home/runner/work/_temp/git-credentials-5372b492-9288-418f-b100-275682adabbe.config
imagen API · migrate deploy + readiness (ASR-09)	Run actions/checkout@v7	2026-09-18T04:42:09.2594042Z [command]/usr/bin/git config --local includeIf.gitdir:/home/runner/work/be/be/.git/worktrees/*.path /home/runner/work/_temp/git-credentials-5372b492-9288-418f-b100-275682adabbe.config
imagen API · migrate deploy + readiness (ASR-09)	Run actions/checkout@v7	2026-09-18T04:42:09.2635534Z [command]/usr/bin/git config --local includeIf.gitdir:/github/workspace/.git.path /github/runner_temp/git-credentials-5372b492-9288-418f-b100-275682adabbe.config
imagen API · migrate deploy + readiness (ASR-09)	Run actions/checkout@v7	2026-09-18T04:42:09.2675732Z [command]/usr/bin/git config --local includeIf.gitdir:/github/workspace/.git/worktrees/*.path /github/runner_temp/git-credentials-5372b492-9288-418f-b100-275682adabbe.config
imagen API · migrate deploy + readiness (ASR-09)	Run actions/checkout@v7	2026-09-18T04:42:09.2709137Z ##[endgroup]
imagen API · migrate deploy + readiness (ASR-09)	Run actions/checkout@v7	2026-09-18T04:42:09.2711387Z ##[group]Fetching the repository
imagen API · migrate deploy + readiness (ASR-09)	Run actions/checkout@v7	2026-09-18T04:42:09.2717445Z [command]/usr/bin/git -c protocol.version=2 fetch --no-tags --prune --no-recurse-submodules --depth=1 origin +6de82e1be16870d51040a4d2cc131373ebe5e53d:refs/remotes/origin/main
imagen API · migrate deploy + readiness (ASR-09)	Run actions/checkout@v7	2026-09-18T04:42:10.3730789Z From https://github.com/Elian-Bufi/be
imagen API · migrate deploy + readiness (ASR-09)	Run actions/checkout@v7	2026-09-18T04:42:10.3741849Z  * [new ref]         6de82e1be16870d51040a4d2cc131373ebe5e53d -> origin/main
imagen API · migrate deploy + readiness (ASR-09)	Run actions/checkout@v7	2026-09-18T04:42:10.3744943Z [command]/usr/bin/git branch --list --remote origin/main
imagen API · migrate deploy + readiness (ASR-09)	Run actions/checkout@v7	2026-09-18T04:42:10.3776085Z   origin/main
imagen API · migrate deploy + readiness (ASR-09)	Run actions/checkout@v7	2026-09-18T04:42:10.3788045Z [command]/usr/bin/git rev-parse refs/remotes/origin/main
imagen API · migrate deploy + readiness (ASR-09)	Run actions/checkout@v7	2026-09-18T04:42:10.3815148Z 6de82e1be16870d51040a4d2cc131373ebe5e53d
imagen API · migrate deploy + readiness (ASR-09)	Run actions/checkout@v7	2026-09-18T04:42:10.3835060Z ##[endgroup]
imagen API · migrate deploy + readiness (ASR-09)	Run actions/checkout@v7	2026-09-18T04:42:10.3836607Z ##[group]Determining the checkout info
imagen API · migrate deploy + readiness (ASR-09)	Run actions/checkout@v7	2026-09-18T04:42:10.3838308Z ##[endgroup]
imagen API · migrate deploy + readiness (ASR-09)	Run actions/checkout@v7	2026-09-18T04:42:10.3839420Z [command]/usr/bin/git sparse-checkout disable
imagen API · migrate deploy + readiness (ASR-09)	Run actions/checkout@v7	2026-09-18T04:42:10.3882088Z [command]/usr/bin/git config --local --unset-all extensions.worktreeConfig
imagen API · migrate deploy + readiness (ASR-09)	Run actions/checkout@v7	2026-09-18T04:42:10.3917907Z ##[group]Checking out the ref
imagen API · migrate deploy + readiness (ASR-09)	Run actions/checkout@v7	2026-09-18T04:42:10.3922177Z [command]/usr/bin/git checkout --progress --force -B main refs/remotes/origin/main
imagen API · migrate deploy + readiness (ASR-09)	Run actions/checkout@v7	2026-09-18T04:42:10.4609871Z Switched to a new branch 'main'
imagen API · migrate deploy + readiness (ASR-09)	Run actions/checkout@v7	2026-09-18T04:42:10.4621805Z branch 'main' set up to track 'origin/main'.
imagen API · migrate deploy + readiness (ASR-09)	Run actions/checkout@v7	2026-09-18T04:42:10.4636270Z ##[endgroup]
imagen API · migrate deploy + readiness (ASR-09)	Run actions/checkout@v7	2026-09-18T04:42:10.4699665Z [command]/usr/bin/git log -1 --format=%H
imagen API · migrate deploy + readiness (ASR-09)	Run actions/checkout@v7	2026-09-18T04:42:10.4721630Z 6de82e1be16870d51040a4d2cc131373ebe5e53d
imagen API · migrate deploy + readiness (ASR-09)	Build de la imagen OCI	﻿2026-09-18T04:42:10.4988406Z ##[group]Run docker build -f apps/api/Dockerfile --build-arg RENDER_GIT_COMMIT=6de82e1be16870d51040a4d2cc131373ebe5e53d -t be-api:6de82e1be16870d51040a4d2cc131373ebe5e53d .
imagen API · migrate deploy + readiness (ASR-09)	Build de la imagen OCI	2026-09-18T04:42:10.4991196Z ^[[36;1mdocker build -f apps/api/Dockerfile --build-arg RENDER_GIT_COMMIT=6de82e1be16870d51040a4d2cc131373ebe5e53d -t be-api:6de82e1be16870d51040a4d2cc131373ebe5e53d .^[[0m
imagen API · migrate deploy + readiness (ASR-09)	Build de la imagen OCI	2026-09-18T04:42:10.5032418Z shell: /usr/bin/bash -e {0}
imagen API · migrate deploy + readiness (ASR-09)	Build de la imagen OCI	2026-09-18T04:42:10.5033066Z ##[endgroup]
imagen API · migrate deploy + readiness (ASR-09)	Build de la imagen OCI	2026-09-18T04:42:13.4857120Z #0 building with "default" instance using docker driver
imagen API · migrate deploy + readiness (ASR-09)	Build de la imagen OCI	2026-09-18T04:42:13.4884758Z 
imagen API · migrate deploy + readiness (ASR-09)	Build de la imagen OCI	2026-09-18T04:42:13.4893367Z #1 [internal] load build definition from Dockerfile
imagen API · migrate deploy + readiness (ASR-09)	Build de la imagen OCI	2026-09-18T04:42:13.4894720Z #1 transferring dockerfile: 2.67kB 0.0s done
imagen API · migrate deploy + readiness (ASR-09)	Build de la imagen OCI	2026-09-18T04:42:13.4896281Z #1 DONE 0.0s
imagen API · migrate deploy + readiness (ASR-09)	Build de la imagen OCI	2026-09-18T04:42:13.4896875Z 
imagen API · migrate deploy + readiness (ASR-09)	Build de la imagen OCI	2026-09-18T04:42:13.4897973Z #2 [internal] load metadata for docker.io/library/node:22.23.2-bookworm-slim
imagen API · migrate deploy + readiness (ASR-09)	Build de la imagen OCI	2026-09-18T04:42:13.7216813Z #2 ...
imagen API · migrate deploy + readiness (ASR-09)	Build de la imagen OCI	2026-09-18T04:42:13.7217231Z 
imagen API · migrate deploy + readiness (ASR-09)	Build de la imagen OCI	2026-09-18T04:42:13.7217603Z #3 [auth] library/node:pull token for registry-1.docker.io
imagen API · migrate deploy + readiness (ASR-09)	Build de la imagen OCI	2026-09-18T04:42:13.7218375Z #3 DONE 0.0s
imagen API · migrate deploy + readiness (ASR-09)	Build de la imagen OCI	2026-09-18T04:42:13.8718403Z 
imagen API · migrate deploy + readiness (ASR-09)	Build de la imagen OCI	2026-09-18T04:42:13.8719743Z #2 [internal] load metadata for docker.io/library/node:22.23.2-bookworm-slim
imagen API · migrate deploy + readiness (ASR-09)	Build de la imagen OCI	2026-09-18T04:42:14.2403136Z #2 DONE 0.9s
imagen API · migrate deploy + readiness (ASR-09)	Build de la imagen OCI	2026-09-18T04:42:14.3766763Z 
imagen API · migrate deploy + readiness (ASR-09)	Build de la imagen OCI	2026-09-18T04:42:14.3781307Z #4 [internal] load .dockerignore
imagen API · migrate deploy + readiness (ASR-09)	Build de la imagen OCI	2026-09-18T04:42:14.3781910Z #4 transferring context: 185B done
imagen API · migrate deploy + readiness (ASR-09)	Build de la imagen OCI	2026-09-18T04:42:14.3782369Z #4 DONE 0.0s
imagen API · migrate deploy + readiness (ASR-09)	Build de la imagen OCI	2026-09-18T04:42:14.3782566Z 
imagen API · migrate deploy + readiness (ASR-09)	Build de la imagen OCI	2026-09-18T04:42:14.3782735Z #5 [internal] load build context
imagen API · migrate deploy + readiness (ASR-09)	Build de la imagen OCI	2026-09-18T04:42:14.3783235Z #5 transferring context: 545.65kB 0.0s done
imagen API · migrate deploy + readiness (ASR-09)	Build de la imagen OCI	2026-09-18T04:42:14.3783681Z #5 DONE 0.0s
imagen API · migrate deploy + readiness (ASR-09)	Build de la imagen OCI	2026-09-18T04:42:14.3783920Z 
imagen API · migrate deploy + readiness (ASR-09)	Build de la imagen OCI	2026-09-18T04:42:14.3784630Z #6 [base 1/3] FROM docker.io/library/node:22.23.2-bookworm-slim@sha256:83f487e0a63425e5b4d146fb5e5be574bcbe1b7b843d3ebafdd95eaf7767a7e5
imagen API · migrate deploy + readiness (ASR-09)	Build de la imagen OCI	2026-09-18T04:42:14.3785756Z #6 resolve docker.io/library/node:22.23.2-bookworm-slim@sha256:83f487e0a63425e5b4d146fb5e5be574bcbe1b7b843d3ebafdd95eaf7767a7e5 done
imagen API · migrate deploy + readiness (ASR-09)	Build de la imagen OCI	2026-09-18T04:42:14.3786622Z #6 sha256:6e6261159fd399ebe5a3d556b7d89da9c85c873f3f270918aad6c8107da8b411 6.87kB / 6.87kB done
imagen API · migrate deploy + readiness (ASR-09)	Build de la imagen OCI	2026-09-18T04:42:14.3787283Z #6 sha256:a8ac7f6c67abc236e4c745052c404112b8fab6fe8ac3a329d1ef3b867ad67c71 0B / 28.23MB 0.1s
imagen API · migrate deploy + readiness (ASR-09)	Build de la imagen OCI	2026-09-18T04:42:14.3788023Z #6 sha256:cea7eb9bbe80eabf8356efb28b3796ab904f36a32049aeb6b435920ca93f9285 0B / 3.31kB 0.1s
imagen API · migrate deploy + readiness (ASR-09)	Build de la imagen OCI	2026-09-18T04:42:14.3788651Z #6 sha256:51c53f95c2cae3d00dfc0350297c92dea913fe129ec38b8deb8313e5f3e0297d 0B / 49.94MB 0.1s
imagen API · migrate deploy + readiness (ASR-09)	Build de la imagen OCI	2026-09-18T04:42:14.3789319Z #6 sha256:83f487e0a63425e5b4d146fb5e5be574bcbe1b7b843d3ebafdd95eaf7767a7e5 5.22kB / 5.22kB done
imagen API · migrate deploy + readiness (ASR-09)	Build de la imagen OCI	2026-09-18T04:42:14.3789967Z #6 sha256:4d676821dff059fd00d277ee4261ef34ea712317fed0737c03941481b5760c96 1.93kB / 1.93kB done
imagen API · migrate deploy + readiness (ASR-09)	Build de la imagen OCI	2026-09-18T04:42:14.4769427Z #6 sha256:a8ac7f6c67abc236e4c745052c404112b8fab6fe8ac3a329d1ef3b867ad67c71 11.53MB / 28.23MB 0.2s
imagen API · migrate deploy + readiness (ASR-09)	Build de la imagen OCI	2026-09-18T04:42:14.4770944Z #6 sha256:cea7eb9bbe80eabf8356efb28b3796ab904f36a32049aeb6b435920ca93f9285 3.31kB / 3.31kB 0.2s done
imagen API · migrate deploy + readiness (ASR-09)	Build de la imagen OCI	2026-09-18T04:42:14.4773139Z #6 sha256:3cddab114edadc7cf5a7b0b591e59f6312aade3dc4fb68e88aacca5eb1cc1c03 0B / 1.71MB 0.2s
imagen API · migrate deploy + readiness (ASR-09)	Build de la imagen OCI	2026-09-18T04:42:14.6766477Z #6 sha256:a8ac7f6c67abc236e4c745052c404112b8fab6fe8ac3a329d1ef3b867ad67c71 28.23MB / 28.23MB 0.2s done
imagen API · migrate deploy + readiness (ASR-09)	Build de la imagen OCI	2026-09-18T04:42:14.6769782Z #6 sha256:3cddab114edadc7cf5a7b0b591e59f6312aade3dc4fb68e88aacca5eb1cc1c03 1.71MB / 1.71MB 0.3s done
imagen API · migrate deploy + readiness (ASR-09)	Build de la imagen OCI	2026-09-18T04:42:14.6772229Z #6 extracting sha256:a8ac7f6c67abc236e4c745052c404112b8fab6fe8ac3a329d1ef3b867ad67c71 0.1s
imagen API · migrate deploy + readiness (ASR-09)	Build de la imagen OCI	2026-09-18T04:42:14.6773729Z #6 sha256:0282d618b52cd2eb8fcf041e780cd66b15e7ebae519a4054c5d293eae6b6d34f 0B / 447B 0.3s
imagen API · migrate deploy + readiness (ASR-09)	Build de la imagen OCI	2026-09-18T04:42:14.7813443Z #6 sha256:51c53f95c2cae3d00dfc0350297c92dea913fe129ec38b8deb8313e5f3e0297d 49.94MB / 49.94MB 0.5s done
imagen API · migrate deploy + readiness (ASR-09)	Build de la imagen OCI	2026-09-18T04:42:14.7816109Z #6 sha256:0282d618b52cd2eb8fcf041e780cd66b15e7ebae519a4054c5d293eae6b6d34f 447B / 447B 0.3s done
imagen API · migrate deploy + readiness (ASR-09)	Build de la imagen OCI	2026-09-18T04:42:15.8852464Z #6 extracting sha256:a8ac7f6c67abc236e4c745052c404112b8fab6fe8ac3a329d1ef3b867ad67c71 1.3s done
imagen API · migrate deploy + readiness (ASR-09)	Build de la imagen OCI	2026-09-18T04:42:16.0684188Z #6 extracting sha256:cea7eb9bbe80eabf8356efb28b3796ab904f36a32049aeb6b435920ca93f9285 done
imagen API · migrate deploy + readiness (ASR-09)	Build de la imagen OCI	2026-09-18T04:42:16.2059737Z #6 extracting sha256:51c53f95c2cae3d00dfc0350297c92dea913fe129ec38b8deb8313e5f3e0297d
imagen API · migrate deploy + readiness (ASR-09)	Build de la imagen OCI	2026-09-18T04:42:17.8695573Z #6 extracting sha256:51c53f95c2cae3d00dfc0350297c92dea913fe129ec38b8deb8313e5f3e0297d 1.5s done
imagen API · migrate deploy + readiness (ASR-09)	Build de la imagen OCI	2026-09-18T04:42:18.2364213Z #6 extracting sha256:3cddab114edadc7cf5a7b0b591e59f6312aade3dc4fb68e88aacca5eb1cc1c03
imagen API · migrate deploy + readiness (ASR-09)	Build de la imagen OCI	2026-09-18T04:42:18.3466328Z #6 extracting sha256:3cddab114edadc7cf5a7b0b591e59f6312aade3dc4fb68e88aacca5eb1cc1c03 0.0s done
imagen API · migrate deploy + readiness (ASR-09)	Build de la imagen OCI	2026-09-18T04:42:18.3467803Z #6 extracting sha256:0282d618b52cd2eb8fcf041e780cd66b15e7ebae519a4054c5d293eae6b6d34f done
imagen API · migrate deploy + readiness (ASR-09)	Build de la imagen OCI	2026-09-18T04:42:18.3468794Z #6 DONE 4.1s
imagen API · migrate deploy + readiness (ASR-09)	Build de la imagen OCI	2026-09-18T04:42:18.4974102Z 
imagen API · migrate deploy + readiness (ASR-09)	Build de la imagen OCI	2026-09-18T04:42:18.4975461Z #7 [base 2/3] RUN apt-get update  && apt-get install -y --no-install-recommends openssl ca-certificates  && rm -rf /var/lib/apt/lists/*
imagen API · migrate deploy + readiness (ASR-09)	Build de la imagen OCI	2026-09-18T04:42:18.5480964Z #7 0.207 Get:1 http://deb.debian.org/debian bookworm InRelease [151 kB]
imagen API · migrate deploy + readiness (ASR-09)	Build de la imagen OCI	2026-09-18T04:42:18.7006756Z #7 0.223 Get:2 http://deb.debian.org/debian bookworm-updates InRelease [55.4 kB]
imagen API · migrate deploy + readiness (ASR-09)	Build de la imagen OCI	2026-09-18T04:42:18.7007951Z #7 0.228 Get:3 http://deb.debian.org/debian-security bookworm-security InRelease [34.8 kB]
imagen API · migrate deploy + readiness (ASR-09)	Build de la imagen OCI	2026-09-18T04:42:18.7009331Z #7 0.282 Get:4 http://deb.debian.org/debian bookworm/main amd64 Packages [8790 kB]
imagen API · migrate deploy + readiness (ASR-09)	Build de la imagen OCI	2026-09-18T04:42:18.7010398Z #7 0.360 Get:5 http://deb.debian.org/debian bookworm-updates/main amd64 Packages [6924 B]
imagen API · migrate deploy + readiness (ASR-09)	Build de la imagen OCI	2026-09-18T04:42:18.9035194Z #7 0.412 Get:6 http://deb.debian.org/debian-security bookworm-security/main amd64 Packages [339 kB]
imagen API · migrate deploy + readiness (ASR-09)	Build de la imagen OCI	2026-09-18T04:42:19.4662752Z #7 1.125 Fetched 9378 kB in 1s (10.0 MB/s)
imagen API · migrate deploy + readiness (ASR-09)	Build de la imagen OCI	2026-09-18T04:42:19.8539087Z #7 1.125 Reading package lists...
imagen API · migrate deploy + readiness (ASR-09)	Build de la imagen OCI	2026-09-18T04:42:20.2626981Z #7 1.532 Reading package lists...
imagen API · migrate deploy + readiness (ASR-09)	Build de la imagen OCI	2026-09-18T04:42:20.4311811Z #7 1.932 Building dependency tree...
imagen API · migrate deploy + readiness (ASR-09)	Build de la imagen OCI	2026-09-18T04:42:20.4316955Z #7 2.007 Reading state information...
imagen API · migrate deploy + readiness (ASR-09)	Build de la imagen OCI	2026-09-18T04:42:20.4318103Z #7 2.090 The following additional packages will be installed:
imagen API · migrate deploy + readiness (ASR-09)	Build de la imagen OCI	2026-09-18T04:42:20.5318467Z #7 2.090   libssl3
imagen API · migrate deploy + readiness (ASR-09)	Build de la imagen OCI	2026-09-18T04:42:20.5321002Z #7 2.118 The following NEW packages will be installed:
imagen API · migrate deploy + readiness (ASR-09)	Build de la imagen OCI	2026-09-18T04:42:20.5323844Z #7 2.118   ca-certificates libssl3 openssl
imagen API · migrate deploy + readiness (ASR-09)	Build de la imagen OCI	2026-09-18T04:42:20.5327087Z #7 2.149 0 upgraded, 3 newly installed, 0 to remove and 2 not upgraded.
imagen API · migrate deploy + readiness (ASR-09)	Build de la imagen OCI	2026-09-18T04:42:20.5329186Z #7 2.149 Need to get 3637 kB of archives.
imagen API · migrate deploy + readiness (ASR-09)	Build de la imagen OCI	2026-09-18T04:42:20.5330369Z #7 2.149 After this operation, 8940 kB of additional disk space will be used.
imagen API · migrate deploy + readiness (ASR-09)	Build de la imagen OCI	2026-09-18T04:42:20.5332068Z #7 2.149 Get:1 http://deb.debian.org/debian bookworm/main amd64 libssl3 amd64 3.0.20-1~deb12u2 [2036 kB]
imagen API · migrate deploy + readiness (ASR-09)	Build de la imagen OCI	2026-09-18T04:42:20.5333349Z #7 2.191 Get:2 http://deb.debian.org/debian bookworm/main amd64 openssl amd64 3.0.20-1~deb12u2 [1439 kB]
imagen API · migrate deploy + readiness (ASR-09)	Build de la imagen OCI	2026-09-18T04:42:20.6466234Z #7 2.204 Get:3 http://deb.debian.org/debian-security bookworm-security/main amd64 ca-certificates all 20250419~deb12u1 [162 kB]
imagen API · migrate deploy + readiness (ASR-09)	Build de la imagen OCI	2026-09-18T04:42:20.6468348Z #7 2.288 debconf: delaying package configuration, since apt-utils is not installed
imagen API · migrate deploy + readiness (ASR-09)	Build de la imagen OCI	2026-09-18T04:42:20.6477156Z #7 2.305 Fetched 3637 kB in 0s (44.0 MB/s)
imagen API · migrate deploy + readiness (ASR-09)	Build de la imagen OCI	2026-09-18T04:42:20.7897937Z #7 2.319 Selecting previously unselected package libssl3:amd64.
imagen API · migrate deploy + readiness (ASR-09)	Build de la imagen OCI	2026-09-18T04:42:20.7905802Z #7 2.319 (Reading database ... 
imagen API · migrate deploy + readiness (ASR-09)	Build de la imagen OCI	2026-09-18T04:42:20.7906683Z (Reading database ... 5%
imagen API · migrate deploy + readiness (ASR-09)	Build de la imagen OCI	2026-09-18T04:42:20.7910048Z (Reading database ... 10%
imagen API · migrate deploy + readiness (ASR-09)	Build de la imagen OCI	2026-09-18T04:42:20.7911438Z (Reading database ... 15%
imagen API · migrate deploy + readiness (ASR-09)	Build de la imagen OCI	2026-09-18T04:42:20.7912275Z (Reading database ... 20%
imagen API · migrate deploy + readiness (ASR-09)	Build de la imagen OCI	2026-09-18T04:42:20.7912706Z (Reading database ... 25%
imagen API · migrate deploy + readiness (ASR-09)	Build de la imagen OCI	2026-09-18T04:42:20.7913081Z (Reading database ... 30%
imagen API · migrate deploy + readiness (ASR-09)	Build de la imagen OCI	2026-09-18T04:42:20.7913446Z (Reading database ... 35%
imagen API · migrate deploy + readiness (ASR-09)	Build de la imagen OCI	2026-09-18T04:42:20.7913807Z (Reading database ... 40%
imagen API · migrate deploy + readiness (ASR-09)	Build de la imagen OCI	2026-09-18T04:42:20.7914221Z (Reading database ... 45%
imagen API · migrate deploy + readiness (ASR-09)	Build de la imagen OCI	2026-09-18T04:42:20.7914626Z (Reading database ... 50%
imagen API · migrate deploy + readiness (ASR-09)	Build de la imagen OCI	2026-09-18T04:42:20.7915028Z (Reading database ... 55%
imagen API · migrate deploy + readiness (ASR-09)	Build de la imagen OCI	2026-09-18T04:42:20.7915496Z (Reading database ... 60%
imagen API · migrate deploy + readiness (ASR-09)	Build de la imagen OCI	2026-09-18T04:42:20.7915873Z (Reading database ... 65%
imagen API · migrate deploy + readiness (ASR-09)	Build de la imagen OCI	2026-09-18T04:42:20.7916252Z (Reading database ... 70%
imagen API · migrate deploy + readiness (ASR-09)	Build de la imagen OCI	2026-09-18T04:42:20.7916629Z (Reading database ... 75%
imagen API · migrate deploy + readiness (ASR-09)	Build de la imagen OCI	2026-09-18T04:42:20.7917275Z (Reading database ... 80%
imagen API · migrate deploy + readiness (ASR-09)	Build de la imagen OCI	2026-09-18T04:42:20.7917648Z (Reading database ... 85%
imagen API · migrate deploy + readiness (ASR-09)	Build de la imagen OCI	2026-09-18T04:42:20.7918021Z (Reading database ... 90%
imagen API · migrate deploy + readiness (ASR-09)	Build de la imagen OCI	2026-09-18T04:42:20.7918585Z (Reading database ... 95%
imagen API · migrate deploy + readiness (ASR-09)	Build de la imagen OCI	2026-09-18T04:42:20.7918960Z (Reading database ... 100%
imagen API · migrate deploy + readiness (ASR-09)	Build de la imagen OCI	2026-09-18T04:42:20.7919523Z (Reading database ... 6096 files and directories currently installed.)
imagen API · migrate deploy + readiness (ASR-09)	Build de la imagen OCI	2026-09-18T04:42:20.7920301Z #7 2.325 Preparing to unpack .../libssl3_3.0.20-1~deb12u2_amd64.deb ...
imagen API · migrate deploy + readiness (ASR-09)	Build de la imagen OCI	2026-09-18T04:42:20.7921314Z #7 2.327 Unpacking libssl3:amd64 (3.0.20-1~deb12u2) ...
imagen API · migrate deploy + readiness (ASR-09)	Build de la imagen OCI	2026-09-18T04:42:20.7921927Z #7 2.448 Selecting previously unselected package openssl.
imagen API · migrate deploy + readiness (ASR-09)	Build de la imagen OCI	2026-09-18T04:42:20.8918774Z #7 2.449 Preparing to unpack .../openssl_3.0.20-1~deb12u2_amd64.deb ...
imagen API · migrate deploy + readiness (ASR-09)	Build de la imagen OCI	2026-09-18T04:42:20.8919920Z #7 2.450 Unpacking openssl (3.0.20-1~deb12u2) ...
imagen API · migrate deploy + readiness (ASR-09)	Build de la imagen OCI	2026-09-18T04:42:20.8921027Z #7 2.551 Selecting previously unselected package ca-certificates.
imagen API · migrate deploy + readiness (ASR-09)	Build de la imagen OCI	2026-09-18T04:42:21.0154540Z #7 2.553 Preparing to unpack .../ca-certificates_20250419~deb12u1_all.deb ...
imagen API · migrate deploy + readiness (ASR-09)	Build de la imagen OCI	2026-09-18T04:42:21.0155622Z #7 2.554 Unpacking ca-certificates (20250419~deb12u1) ...
imagen API · migrate deploy + readiness (ASR-09)	Build de la imagen OCI	2026-09-18T04:42:21.0156539Z #7 2.598 Setting up libssl3:amd64 (3.0.20-1~deb12u2) ...
imagen API · migrate deploy + readiness (ASR-09)	Build de la imagen OCI	2026-09-18T04:42:21.0157416Z #7 2.601 Setting up openssl (3.0.20-1~deb12u2) ...
imagen API · migrate deploy + readiness (ASR-09)	Build de la imagen OCI	2026-09-18T04:42:21.0158163Z #7 2.604 Setting up ca-certificates (20250419~deb12u1) ...
imagen API · migrate deploy + readiness (ASR-09)	Build de la imagen OCI	2026-09-18T04:42:21.0158929Z #7 2.674 debconf: unable to initialize frontend: Dialog
imagen API · migrate deploy + readiness (ASR-09)	Build de la imagen OCI	2026-09-18T04:42:21.0159779Z #7 2.674 debconf: (TERM is not set, so the dialog frontend is not usable.)
imagen API · migrate deploy + readiness (ASR-09)	Build de la imagen OCI	2026-09-18T04:42:21.0161069Z #7 2.674 debconf: falling back to frontend: Readline
imagen API · migrate deploy + readiness (ASR-09)	Build de la imagen OCI	2026-09-18T04:42:21.1658026Z #7 2.674 debconf: unable to initialize frontend: Readline
imagen API · migrate deploy + readiness (ASR-09)	Build de la imagen OCI	2026-09-18T04:42:21.1667921Z #7 2.674 debconf: (Can't locate Term/ReadLine.pm in @INC (you may need to install the Term::ReadLine module) (@INC contains: /etc/perl /usr/local/lib/x86_64-linux-gnu/perl/5.36.0 /usr/local/share/perl/5.36.0 /usr/lib/x86_64-linux-gnu/perl5/5.36 /usr/share/perl5 /usr/lib/x86_64-linux-gnu/perl-base /usr/lib/x86_64-linux-gnu/perl/5.36 /usr/share/perl/5.36 /usr/local/lib/site_perl) at /usr/share/perl5/Debconf/FrontEnd/Readline.pm line 7.)
imagen API · migrate deploy + readiness (ASR-09)	Build de la imagen OCI	2026-09-18T04:42:21.1671485Z #7 2.674 debconf: falling back to frontend: Teletype
imagen API · migrate deploy + readiness (ASR-09)	Build de la imagen OCI	2026-09-18T04:42:21.4122458Z #7 3.071 Updating certificates in /etc/ssl/certs...
imagen API · migrate deploy + readiness (ASR-09)	Build de la imagen OCI	2026-09-18T04:42:21.9877024Z #7 3.646 150 added, 0 removed; done.
imagen API · migrate deploy + readiness (ASR-09)	Build de la imagen OCI	2026-09-18T04:42:22.1687077Z #7 3.660 Processing triggers for libc-bin (2.36-9+deb12u14) ...
imagen API · migrate deploy + readiness (ASR-09)	Build de la imagen OCI	2026-09-18T04:42:22.1687917Z #7 3.673 Processing triggers for ca-certificates (20250419~deb12u1) ...
imagen API · migrate deploy + readiness (ASR-09)	Build de la imagen OCI	2026-09-18T04:42:22.1688599Z #7 3.677 Updating certificates in /etc/ssl/certs...
imagen API · migrate deploy + readiness (ASR-09)	Build de la imagen OCI	2026-09-18T04:42:22.4766917Z #7 4.135 0 added, 0 removed; done.
imagen API · migrate deploy + readiness (ASR-09)	Build de la imagen OCI	2026-09-18T04:42:22.4767871Z #7 4.135 Running hooks in /etc/ca-certificates/update.d...
imagen API · migrate deploy + readiness (ASR-09)	Build de la imagen OCI	2026-09-18T04:42:22.5988642Z #7 4.137 done.
imagen API · migrate deploy + readiness (ASR-09)	Build de la imagen OCI	2026-09-18T04:42:22.5989087Z #7 DONE 4.2s
imagen API · migrate deploy + readiness (ASR-09)	Build de la imagen OCI	2026-09-18T04:42:22.5989274Z 
imagen API · migrate deploy + readiness (ASR-09)	Build de la imagen OCI	2026-09-18T04:42:22.5989852Z #8 [base 3/3] WORKDIR /app
imagen API · migrate deploy + readiness (ASR-09)	Build de la imagen OCI	2026-09-18T04:42:22.5991173Z #8 DONE 0.0s
imagen API · migrate deploy + readiness (ASR-09)	Build de la imagen OCI	2026-09-18T04:42:22.6040571Z 
imagen API · migrate deploy + readiness (ASR-09)	Build de la imagen OCI	2026-09-18T04:42:22.6041372Z #9 [deps 1/6] COPY package.json package-lock.json .npmrc ./
imagen API · migrate deploy + readiness (ASR-09)	Build de la imagen OCI	2026-09-18T04:42:22.6043049Z #9 DONE 0.0s
imagen API · migrate deploy + readiness (ASR-09)	Build de la imagen OCI	2026-09-18T04:42:22.6043739Z 
imagen API · migrate deploy + readiness (ASR-09)	Build de la imagen OCI	2026-09-18T04:42:22.6044411Z #10 [build  1/11] COPY package.json package-lock.json .npmrc tsconfig.base.json ./
imagen API · migrate deploy + readiness (ASR-09)	Build de la imagen OCI	2026-09-18T04:42:22.6994840Z #10 DONE 0.1s
imagen API · migrate deploy + readiness (ASR-09)	Build de la imagen OCI	2026-09-18T04:42:22.6995900Z 
imagen API · migrate deploy + readiness (ASR-09)	Build de la imagen OCI	2026-09-18T04:42:22.6997130Z #11 [deps 2/6] COPY packages/domain/package.json packages/domain/
imagen API · migrate deploy + readiness (ASR-09)	Build de la imagen OCI	2026-09-18T04:42:22.6997754Z #11 DONE 0.0s
imagen API · migrate deploy + readiness (ASR-09)	Build de la imagen OCI	2026-09-18T04:42:22.6998150Z 
imagen API · migrate deploy + readiness (ASR-09)	Build de la imagen OCI	2026-09-18T04:42:22.6998591Z #12 [deps 3/6] COPY apps/api/package.json apps/api/
imagen API · migrate deploy + readiness (ASR-09)	Build de la imagen OCI	2026-09-18T04:42:22.6999145Z #12 DONE 0.0s
imagen API · migrate deploy + readiness (ASR-09)	Build de la imagen OCI	2026-09-18T04:42:22.7000113Z 
imagen API · migrate deploy + readiness (ASR-09)	Build de la imagen OCI	2026-09-18T04:42:22.7000401Z #13 [build  2/11] COPY packages/domain/package.json packages/domain/
imagen API · migrate deploy + readiness (ASR-09)	Build de la imagen OCI	2026-09-18T04:42:22.7001650Z #13 DONE 0.0s
imagen API · migrate deploy + readiness (ASR-09)	Build de la imagen OCI	2026-09-18T04:42:22.7001862Z 
imagen API · migrate deploy + readiness (ASR-09)	Build de la imagen OCI	2026-09-18T04:42:22.7002083Z #14 [deps 4/6] COPY apps/web/package.json apps/web/
imagen API · migrate deploy + readiness (ASR-09)	Build de la imagen OCI	2026-09-18T04:42:22.7002592Z #14 DONE 0.0s
imagen API · migrate deploy + readiness (ASR-09)	Build de la imagen OCI	2026-09-18T04:42:22.7002782Z 
imagen API · migrate deploy + readiness (ASR-09)	Build de la imagen OCI	2026-09-18T04:42:22.7003321Z #15 [build  3/11] COPY apps/api/package.json apps/api/
imagen API · migrate deploy + readiness (ASR-09)	Build de la imagen OCI	2026-09-18T04:42:22.7003825Z #15 DONE 0.0s
imagen API · migrate deploy + readiness (ASR-09)	Build de la imagen OCI	2026-09-18T04:42:22.7004073Z 
imagen API · migrate deploy + readiness (ASR-09)	Build de la imagen OCI	2026-09-18T04:42:22.7007059Z #16 [build  4/11] COPY apps/web/package.json apps/web/
imagen API · migrate deploy + readiness (ASR-09)	Build de la imagen OCI	2026-09-18T04:42:22.7013723Z #16 DONE 0.0s
imagen API · migrate deploy + readiness (ASR-09)	Build de la imagen OCI	2026-09-18T04:42:22.7014152Z 
imagen API · migrate deploy + readiness (ASR-09)	Build de la imagen OCI	2026-09-18T04:42:22.7014651Z #17 [deps 5/6] COPY apps/mobile/package.json apps/mobile/
imagen API · migrate deploy + readiness (ASR-09)	Build de la imagen OCI	2026-09-18T04:42:22.8747526Z #17 DONE 0.0s
imagen API · migrate deploy + readiness (ASR-09)	Build de la imagen OCI	2026-09-18T04:42:22.8747806Z 
imagen API · migrate deploy + readiness (ASR-09)	Build de la imagen OCI	2026-09-18T04:42:22.8748080Z #18 [build  5/11] COPY apps/mobile/package.json apps/mobile/
imagen API · migrate deploy + readiness (ASR-09)	Build de la imagen OCI	2026-09-18T04:42:22.8748619Z #18 DONE 0.0s
imagen API · migrate deploy + readiness (ASR-09)	Build de la imagen OCI	2026-09-18T04:42:22.8748820Z 
imagen API · migrate deploy + readiness (ASR-09)	Build de la imagen OCI	2026-09-18T04:42:22.8749150Z #19 [build  6/11] RUN npm ci -w @be/api -w @be/domain --include-workspace-root
imagen API · migrate deploy + readiness (ASR-09)	Build de la imagen OCI	2026-09-18T04:42:32.8602257Z #19 ...
imagen API · migrate deploy + readiness (ASR-09)	Build de la imagen OCI	2026-09-18T04:42:32.8621034Z 
imagen API · migrate deploy + readiness (ASR-09)	Build de la imagen OCI	2026-09-18T04:42:32.8631409Z #20 [deps 6/6] RUN npm ci -w @be/api -w @be/domain --include-workspace-root --omit=dev
imagen API · migrate deploy + readiness (ASR-09)	Build de la imagen OCI	2026-09-18T04:42:35.5771724Z #20 ...
imagen API · migrate deploy + readiness (ASR-09)	Build de la imagen OCI	2026-09-18T04:42:35.6552388Z 
imagen API · migrate deploy + readiness (ASR-09)	Build de la imagen OCI	2026-09-18T04:42:35.6623749Z #19 [build  6/11] RUN npm ci -w @be/api -w @be/domain --include-workspace-root
imagen API · migrate deploy + readiness (ASR-09)	Build de la imagen OCI	2026-09-18T04:42:35.6627321Z #19 12.84 npm warn deprecated glob@10.5.0: Old versions of glob are not supported, and contain widely publicized security vulnerabilities, which have been fixed in the current version. Please update. Support for old versions may be purchased (at exorbitant rates) by contacting i@izs.me
imagen API · migrate deploy + readiness (ASR-09)	Build de la imagen OCI	2026-09-18T04:42:35.6660443Z #19 12.84 npm warn deprecated glob@10.5.0: Old versions of glob are not supported, and contain widely publicized security vulnerabilities, which have been fixed in the current version. Please update. Support for old versions may be purchased (at exorbitant rates) by contacting i@izs.me
imagen API · migrate deploy + readiness (ASR-09)	Build de la imagen OCI	2026-09-18T04:42:43.3539800Z #19 ...
imagen API · migrate deploy + readiness (ASR-09)	Build de la imagen OCI	2026-09-18T04:42:43.3541031Z 
imagen API · migrate deploy + readiness (ASR-09)	Build de la imagen OCI	2026-09-18T04:42:43.3541724Z #20 [deps 6/6] RUN npm ci -w @be/api -w @be/domain --include-workspace-root --omit=dev
imagen API · migrate deploy + readiness (ASR-09)	Build de la imagen OCI	2026-09-18T04:42:43.3542454Z #20 20.65 
imagen API · migrate deploy + readiness (ASR-09)	Build de la imagen OCI	2026-09-18T04:42:43.3542908Z #20 20.65 added 244 packages, and audited 247 packages in 20s
imagen API · migrate deploy + readiness (ASR-09)	Build de la imagen OCI	2026-09-18T04:42:43.5095292Z #20 20.65 
imagen API · migrate deploy + readiness (ASR-09)	Build de la imagen OCI	2026-09-18T04:42:43.5095817Z #20 20.65 found 0 vulnerabilities
imagen API · migrate deploy + readiness (ASR-09)	Build de la imagen OCI	2026-09-18T04:42:43.5096369Z #20 20.66 npm notice
imagen API · migrate deploy + readiness (ASR-09)	Build de la imagen OCI	2026-09-18T04:42:43.5097040Z #20 20.66 npm notice New major version of npm available! 10.9.8 -> 12.0.2
imagen API · migrate deploy + readiness (ASR-09)	Build de la imagen OCI	2026-09-18T04:42:43.5097913Z #20 20.66 npm notice Changelog: https://github.com/npm/cli/releases/tag/v12.0.2
imagen API · migrate deploy + readiness (ASR-09)	Build de la imagen OCI	2026-09-18T04:42:43.5098741Z #20 20.66 npm notice To update run: npm install -g npm@12.0.2
imagen API · migrate deploy + readiness (ASR-09)	Build de la imagen OCI	2026-09-18T04:42:43.5099353Z #20 20.66 npm notice
imagen API · migrate deploy + readiness (ASR-09)	Build de la imagen OCI	2026-09-18T04:42:45.2373798Z #20 DONE 22.5s
imagen API · migrate deploy + readiness (ASR-09)	Build de la imagen OCI	2026-09-18T04:42:45.2374096Z 
imagen API · migrate deploy + readiness (ASR-09)	Build de la imagen OCI	2026-09-18T04:42:45.2374743Z #19 [build  6/11] RUN npm ci -w @be/api -w @be/domain --include-workspace-root
imagen API · migrate deploy + readiness (ASR-09)	Build de la imagen OCI	2026-09-18T04:42:46.9208876Z #19 ...
imagen API · migrate deploy + readiness (ASR-09)	Build de la imagen OCI	2026-09-18T04:42:46.9209420Z 
imagen API · migrate deploy + readiness (ASR-09)	Build de la imagen OCI	2026-09-18T04:42:46.9210149Z #21 [runtime 1/9] COPY --from=deps --chown=node:node /app/node_modules ./node_modules
imagen API · migrate deploy + readiness (ASR-09)	Build de la imagen OCI	2026-09-18T04:42:50.2321069Z #21 ...
imagen API · migrate deploy + readiness (ASR-09)	Build de la imagen OCI	2026-09-18T04:42:50.2322953Z 
imagen API · migrate deploy + readiness (ASR-09)	Build de la imagen OCI	2026-09-18T04:42:50.2323490Z #19 [build  6/11] RUN npm ci -w @be/api -w @be/domain --include-workspace-root
imagen API · migrate deploy + readiness (ASR-09)	Build de la imagen OCI	2026-09-18T04:42:50.2328763Z #19 26.00 
imagen API · migrate deploy + readiness (ASR-09)	Build de la imagen OCI	2026-09-18T04:42:50.2329251Z #19 26.00 added 577 packages, and audited 580 packages in 26s
imagen API · migrate deploy + readiness (ASR-09)	Build de la imagen OCI	2026-09-18T04:42:50.2330347Z #19 26.00 
imagen API · migrate deploy + readiness (ASR-09)	Build de la imagen OCI	2026-09-18T04:42:50.2330886Z #19 26.00 found 0 vulnerabilities
imagen API · migrate deploy + readiness (ASR-09)	Build de la imagen OCI	2026-09-18T04:42:50.2331309Z #19 26.01 npm notice
imagen API · migrate deploy + readiness (ASR-09)	Build de la imagen OCI	2026-09-18T04:42:50.2331853Z #19 26.01 npm notice New major version of npm available! 10.9.8 -> 12.0.2
imagen API · migrate deploy + readiness (ASR-09)	Build de la imagen OCI	2026-09-18T04:42:50.2332664Z #19 26.01 npm notice Changelog: https://github.com/npm/cli/releases/tag/v12.0.2
imagen API · migrate deploy + readiness (ASR-09)	Build de la imagen OCI	2026-09-18T04:42:50.2333404Z #19 26.01 npm notice To update run: npm install -g npm@12.0.2
imagen API · migrate deploy + readiness (ASR-09)	Build de la imagen OCI	2026-09-18T04:42:50.2333977Z #19 26.01 npm notice
imagen API · migrate deploy + readiness (ASR-09)	Build de la imagen OCI	2026-09-18T04:42:50.2334314Z #19 DONE 27.5s
imagen API · migrate deploy + readiness (ASR-09)	Build de la imagen OCI	2026-09-18T04:42:50.4484333Z 
imagen API · migrate deploy + readiness (ASR-09)	Build de la imagen OCI	2026-09-18T04:42:50.4489034Z #22 [build  7/11] COPY prisma ./prisma
imagen API · migrate deploy + readiness (ASR-09)	Build de la imagen OCI	2026-09-18T04:42:50.4489722Z #22 DONE 0.0s
imagen API · migrate deploy + readiness (ASR-09)	Build de la imagen OCI	2026-09-18T04:42:50.4490156Z 
imagen API · migrate deploy + readiness (ASR-09)	Build de la imagen OCI	2026-09-18T04:42:50.4490982Z #23 [build  8/11] COPY packages/domain ./packages/domain
imagen API · migrate deploy + readiness (ASR-09)	Build de la imagen OCI	2026-09-18T04:42:50.4491835Z #23 DONE 0.0s
imagen API · migrate deploy + readiness (ASR-09)	Build de la imagen OCI	2026-09-18T04:42:50.4492599Z 
imagen API · migrate deploy + readiness (ASR-09)	Build de la imagen OCI	2026-09-18T04:42:50.4493141Z #21 [runtime 1/9] COPY --from=deps --chown=node:node /app/node_modules ./node_modules
imagen API · migrate deploy + readiness (ASR-09)	Build de la imagen OCI	2026-09-18T04:42:50.4493988Z #21 DONE 3.4s
imagen API · migrate deploy + readiness (ASR-09)	Build de la imagen OCI	2026-09-18T04:42:50.4494348Z 
imagen API · migrate deploy + readiness (ASR-09)	Build de la imagen OCI	2026-09-18T04:42:50.4494685Z #24 [build  9/11] COPY apps/api ./apps/api
imagen API · migrate deploy + readiness (ASR-09)	Build de la imagen OCI	2026-09-18T04:42:50.4495290Z #24 DONE 0.0s
imagen API · migrate deploy + readiness (ASR-09)	Build de la imagen OCI	2026-09-18T04:42:50.4495638Z 
imagen API · migrate deploy + readiness (ASR-09)	Build de la imagen OCI	2026-09-18T04:42:50.4496243Z #25 [build 10/11] RUN npx prisma generate  && npm run build -w @be/domain  && npm run build -w @be/api
imagen API · migrate deploy + readiness (ASR-09)	Build de la imagen OCI	2026-09-18T04:42:51.5839749Z #25 1.286 warn The configuration property `package.json#prisma` is deprecated and will be removed in Prisma 7. Please migrate to a Prisma config file (e.g., `prisma.config.ts`).
imagen API · migrate deploy + readiness (ASR-09)	Build de la imagen OCI	2026-09-18T04:42:51.5841895Z #25 1.286 For more information, see: https://pris.ly/prisma-config
imagen API · migrate deploy + readiness (ASR-09)	Build de la imagen OCI	2026-09-18T04:42:51.5842683Z #25 1.286 
imagen API · migrate deploy + readiness (ASR-09)	Build de la imagen OCI	2026-09-18T04:42:51.7683712Z #25 1.471 Prisma schema loaded from prisma/schema.prisma
imagen API · migrate deploy + readiness (ASR-09)	Build de la imagen OCI	2026-09-18T04:42:51.9304616Z #25 1.633 
imagen API · migrate deploy + readiness (ASR-09)	Build de la imagen OCI	2026-09-18T04:42:51.9321853Z #25 1.633 ✔ Generated Prisma Client (v6.19.3) to ./node_modules/@prisma/client in 46ms
imagen API · migrate deploy + readiness (ASR-09)	Build de la imagen OCI	2026-09-18T04:42:51.9322631Z #25 1.633 
imagen API · migrate deploy + readiness (ASR-09)	Build de la imagen OCI	2026-09-18T04:42:51.9323210Z #25 1.633 Start by importing your Prisma Client (See: https://pris.ly/d/importing-client)
imagen API · migrate deploy + readiness (ASR-09)	Build de la imagen OCI	2026-09-18T04:42:51.9323913Z #25 1.633 
imagen API · migrate deploy + readiness (ASR-09)	Build de la imagen OCI	2026-09-18T04:42:51.9324656Z #25 1.633 Tip: Interested in query caching in just a few lines of code? Try Accelerate today! https://pris.ly/tip-3-accelerate
imagen API · migrate deploy + readiness (ASR-09)	Build de la imagen OCI	2026-09-18T04:42:51.9325482Z #25 1.633 
imagen API · migrate deploy + readiness (ASR-09)	Build de la imagen OCI	2026-09-18T04:42:52.0781035Z #25 1.780 
imagen API · migrate deploy + readiness (ASR-09)	Build de la imagen OCI	2026-09-18T04:42:52.0781893Z #25 1.780 > @be/domain@0.1.0 build
imagen API · migrate deploy + readiness (ASR-09)	Build de la imagen OCI	2026-09-18T04:42:52.0782490Z #25 1.780 > tsc -p tsconfig.json
imagen API · migrate deploy + readiness (ASR-09)	Build de la imagen OCI	2026-09-18T04:42:52.0782908Z #25 1.780 
imagen API · migrate deploy + readiness (ASR-09)	Build de la imagen OCI	2026-09-18T04:42:53.5840420Z #25 3.286 
imagen API · migrate deploy + readiness (ASR-09)	Build de la imagen OCI	2026-09-18T04:42:53.5841780Z #25 3.286 > @be/api@0.1.0 build
imagen API · migrate deploy + readiness (ASR-09)	Build de la imagen OCI	2026-09-18T04:42:53.5842702Z #25 3.286 > tsc -p tsconfig.build.json
imagen API · migrate deploy + readiness (ASR-09)	Build de la imagen OCI	2026-09-18T04:42:53.5843504Z #25 3.286 
imagen API · migrate deploy + readiness (ASR-09)	Build de la imagen OCI	2026-09-18T04:42:55.5886669Z #25 DONE 5.3s
imagen API · migrate deploy + readiness (ASR-09)	Build de la imagen OCI	2026-09-18T04:42:55.7394873Z 
imagen API · migrate deploy + readiness (ASR-09)	Build de la imagen OCI	2026-09-18T04:42:55.7396895Z #26 [build 11/11] RUN node -e "require('fs').writeFileSync('apps/api/dist/build-info.json', JSON.stringify({ commit: process.env.RENDER_GIT_COMMIT || null, construidoEn: new Date().toISOString() }))"
imagen API · migrate deploy + readiness (ASR-09)	Build de la imagen OCI	2026-09-18T04:42:55.7963781Z #26 DONE 0.2s
imagen API · migrate deploy + readiness (ASR-09)	Build de la imagen OCI	2026-09-18T04:42:56.1931757Z 
imagen API · migrate deploy + readiness (ASR-09)	Build de la imagen OCI	2026-09-18T04:42:56.1932922Z #27 [runtime 2/9] COPY --from=build --chown=node:node /app/node_modules/.prisma ./node_modules/.prisma
imagen API · migrate deploy + readiness (ASR-09)	Build de la imagen OCI	2026-09-18T04:42:56.3001537Z #27 DONE 0.0s
imagen API · migrate deploy + readiness (ASR-09)	Build de la imagen OCI	2026-09-18T04:42:56.3003611Z 
imagen API · migrate deploy + readiness (ASR-09)	Build de la imagen OCI	2026-09-18T04:42:56.3004325Z #28 [runtime 3/9] COPY --chown=node:node package.json ./
imagen API · migrate deploy + readiness (ASR-09)	Build de la imagen OCI	2026-09-18T04:42:56.3005197Z #28 DONE 0.0s
imagen API · migrate deploy + readiness (ASR-09)	Build de la imagen OCI	2026-09-18T04:42:56.3005531Z 
imagen API · migrate deploy + readiness (ASR-09)	Build de la imagen OCI	2026-09-18T04:42:56.3005797Z #29 [runtime 4/9] COPY --chown=node:node prisma ./prisma
imagen API · migrate deploy + readiness (ASR-09)	Build de la imagen OCI	2026-09-18T04:42:56.3006309Z #29 DONE 0.0s
imagen API · migrate deploy + readiness (ASR-09)	Build de la imagen OCI	2026-09-18T04:42:56.3006523Z 
imagen API · migrate deploy + readiness (ASR-09)	Build de la imagen OCI	2026-09-18T04:42:56.3007079Z #30 [runtime 5/9] COPY --from=build --chown=node:node /app/packages/domain/package.json ./packages/domain/package.json
imagen API · migrate deploy + readiness (ASR-09)	Build de la imagen OCI	2026-09-18T04:42:56.3007919Z #30 DONE 0.0s
imagen API · migrate deploy + readiness (ASR-09)	Build de la imagen OCI	2026-09-18T04:42:56.5186828Z 
imagen API · migrate deploy + readiness (ASR-09)	Build de la imagen OCI	2026-09-18T04:42:56.5188798Z #31 [runtime 6/9] COPY --from=build --chown=node:node /app/packages/domain/dist ./packages/domain/dist
imagen API · migrate deploy + readiness (ASR-09)	Build de la imagen OCI	2026-09-18T04:42:56.5189892Z #31 DONE 0.0s
imagen API · migrate deploy + readiness (ASR-09)	Build de la imagen OCI	2026-09-18T04:42:56.5190217Z 
imagen API · migrate deploy + readiness (ASR-09)	Build de la imagen OCI	2026-09-18T04:42:56.5191616Z #32 [runtime 7/9] COPY --from=build --chown=node:node /app/apps/api/package.json ./apps/api/package.json
imagen API · migrate deploy + readiness (ASR-09)	Build de la imagen OCI	2026-09-18T04:42:56.5192564Z #32 DONE 0.0s
imagen API · migrate deploy + readiness (ASR-09)	Build de la imagen OCI	2026-09-18T04:42:56.5192867Z 
imagen API · migrate deploy + readiness (ASR-09)	Build de la imagen OCI	2026-09-18T04:42:56.5193380Z #33 [runtime 8/9] COPY --from=build --chown=node:node /app/apps/api/dist ./apps/api/dist
imagen API · migrate deploy + readiness (ASR-09)	Build de la imagen OCI	2026-09-18T04:42:56.5194210Z #33 DONE 0.0s
imagen API · migrate deploy + readiness (ASR-09)	Build de la imagen OCI	2026-09-18T04:42:56.5194532Z 
imagen API · migrate deploy + readiness (ASR-09)	Build de la imagen OCI	2026-09-18T04:42:56.5195082Z #34 [runtime 9/9] COPY --chown=node:node apps/api/scripts/iniciar.sh ./apps/api/scripts/iniciar.sh
imagen API · migrate deploy + readiness (ASR-09)	Build de la imagen OCI	2026-09-18T04:42:56.5195921Z #34 DONE 0.0s
imagen API · migrate deploy + readiness (ASR-09)	Build de la imagen OCI	2026-09-18T04:42:56.5196208Z 
imagen API · migrate deploy + readiness (ASR-09)	Build de la imagen OCI	2026-09-18T04:42:56.5196470Z #35 exporting to image
imagen API · migrate deploy + readiness (ASR-09)	Build de la imagen OCI	2026-09-18T04:42:56.5196969Z #35 exporting layers
imagen API · migrate deploy + readiness (ASR-09)	Build de la imagen OCI	2026-09-18T04:43:02.8278000Z #35 exporting layers 6.5s done
imagen API · migrate deploy + readiness (ASR-09)	Build de la imagen OCI	2026-09-18T04:43:02.8489639Z #35 writing image sha256:4f9702a60ef3fafaeae78e131bdf20c164fe7410f07cc6fbb148b0a82ebd2861 done
imagen API · migrate deploy + readiness (ASR-09)	Build de la imagen OCI	2026-09-18T04:43:02.8493203Z #35 naming to docker.io/library/be-api:6de82e1be16870d51040a4d2cc131373ebe5e53d done
imagen API · migrate deploy + readiness (ASR-09)	Build de la imagen OCI	2026-09-18T04:43:02.8495051Z #35 DONE 6.5s
imagen API · migrate deploy + readiness (ASR-09)	PostgreSQL 16 efímero	﻿2026-09-18T04:43:02.8659650Z ##[group]Run docker network create be
imagen API · migrate deploy + readiness (ASR-09)	PostgreSQL 16 efímero	2026-09-18T04:43:02.8660010Z ^[[36;1mdocker network create be^[[0m
imagen API · migrate deploy + readiness (ASR-09)	PostgreSQL 16 efímero	2026-09-18T04:43:02.8660316Z ^[[36;1mdocker run -d --name pg --network be \^[[0m
imagen API · migrate deploy + readiness (ASR-09)	PostgreSQL 16 efímero	2026-09-18T04:43:02.8661639Z ^[[36;1m  -e POSTGRES_USER=be_test -e POSTGRES_PASSWORD=be_test_sintetico -e POSTGRES_DB=be_test \^[[0m
imagen API · migrate deploy + readiness (ASR-09)	PostgreSQL 16 efímero	2026-09-18T04:43:02.8662132Z ^[[36;1m  postgres:16-alpine^[[0m
imagen API · migrate deploy + readiness (ASR-09)	PostgreSQL 16 efímero	2026-09-18T04:43:02.8662566Z ^[[36;1mfor i in $(seq 1 30); do docker exec pg pg_isready -U be_test -d be_test && break; sleep 2; done^[[0m
imagen API · migrate deploy + readiness (ASR-09)	PostgreSQL 16 efímero	2026-09-18T04:43:02.8700866Z shell: /usr/bin/bash -e {0}
imagen API · migrate deploy + readiness (ASR-09)	PostgreSQL 16 efímero	2026-09-18T04:43:02.8701147Z ##[endgroup]
imagen API · migrate deploy + readiness (ASR-09)	PostgreSQL 16 efímero	2026-09-18T04:43:02.9337624Z 7612b2fcbd86f85695427d54d39b64c561113edd1fdef2788cfc272cfcbb4b64
imagen API · migrate deploy + readiness (ASR-09)	PostgreSQL 16 efímero	2026-09-18T04:43:02.9549327Z Unable to find image 'postgres:16-alpine' locally
imagen API · migrate deploy + readiness (ASR-09)	PostgreSQL 16 efímero	2026-09-18T04:43:03.8735232Z 16-alpine: Pulling from library/postgres
imagen API · migrate deploy + readiness (ASR-09)	PostgreSQL 16 efímero	2026-09-18T04:43:04.1155315Z e2de96513ba9: Pulling fs layer
imagen API · migrate deploy + readiness (ASR-09)	PostgreSQL 16 efímero	2026-09-18T04:43:04.1155931Z 1b7f9cd581ee: Pulling fs layer
imagen API · migrate deploy + readiness (ASR-09)	PostgreSQL 16 efímero	2026-09-18T04:43:04.1156916Z 210b280f9556: Pulling fs layer
imagen API · migrate deploy + readiness (ASR-09)	PostgreSQL 16 efímero	2026-09-18T04:43:04.1157504Z 81717818649a: Pulling fs layer
imagen API · migrate deploy + readiness (ASR-09)	PostgreSQL 16 efímero	2026-09-18T04:43:04.1157914Z 3ae6141cfd99: Pulling fs layer
imagen API · migrate deploy + readiness (ASR-09)	PostgreSQL 16 efímero	2026-09-18T04:43:04.1158329Z 25b77f59fd95: Pulling fs layer
imagen API · migrate deploy + readiness (ASR-09)	PostgreSQL 16 efímero	2026-09-18T04:43:04.1158828Z 6c25da34e03f: Pulling fs layer
imagen API · migrate deploy + readiness (ASR-09)	PostgreSQL 16 efímero	2026-09-18T04:43:04.1159248Z a88782f92806: Pulling fs layer
imagen API · migrate deploy + readiness (ASR-09)	PostgreSQL 16 efímero	2026-09-18T04:43:04.1159652Z d8d21be4bf02: Pulling fs layer
imagen API · migrate deploy + readiness (ASR-09)	PostgreSQL 16 efímero	2026-09-18T04:43:04.1160065Z 6117bd39f23f: Pulling fs layer
imagen API · migrate deploy + readiness (ASR-09)	PostgreSQL 16 efímero	2026-09-18T04:43:04.1160463Z 509688edf37b: Pulling fs layer
imagen API · migrate deploy + readiness (ASR-09)	PostgreSQL 16 efímero	2026-09-18T04:43:04.1164732Z 81717818649a: Waiting
imagen API · migrate deploy + readiness (ASR-09)	PostgreSQL 16 efímero	2026-09-18T04:43:04.1166210Z 3ae6141cfd99: Waiting
imagen API · migrate deploy + readiness (ASR-09)	PostgreSQL 16 efímero	2026-09-18T04:43:04.1166568Z 25b77f59fd95: Waiting
imagen API · migrate deploy + readiness (ASR-09)	PostgreSQL 16 efímero	2026-09-18T04:43:04.1167408Z 6c25da34e03f: Waiting
imagen API · migrate deploy + readiness (ASR-09)	PostgreSQL 16 efímero	2026-09-18T04:43:04.1167759Z a88782f92806: Waiting
imagen API · migrate deploy + readiness (ASR-09)	PostgreSQL 16 efímero	2026-09-18T04:43:04.1168211Z 6117bd39f23f: Waiting
imagen API · migrate deploy + readiness (ASR-09)	PostgreSQL 16 efímero	2026-09-18T04:43:04.1168547Z 509688edf37b: Waiting
imagen API · migrate deploy + readiness (ASR-09)	PostgreSQL 16 efímero	2026-09-18T04:43:04.1168875Z d8d21be4bf02: Waiting
imagen API · migrate deploy + readiness (ASR-09)	PostgreSQL 16 efímero	2026-09-18T04:43:04.3671635Z 1b7f9cd581ee: Verifying Checksum
imagen API · migrate deploy + readiness (ASR-09)	PostgreSQL 16 efímero	2026-09-18T04:43:04.3672373Z 1b7f9cd581ee: Download complete
imagen API · migrate deploy + readiness (ASR-09)	PostgreSQL 16 efímero	2026-09-18T04:43:04.4096716Z 210b280f9556: Verifying Checksum
imagen API · migrate deploy + readiness (ASR-09)	PostgreSQL 16 efímero	2026-09-18T04:43:04.4097432Z 210b280f9556: Download complete
imagen API · migrate deploy + readiness (ASR-09)	PostgreSQL 16 efímero	2026-09-18T04:43:04.4350334Z e2de96513ba9: Verifying Checksum
imagen API · migrate deploy + readiness (ASR-09)	PostgreSQL 16 efímero	2026-09-18T04:43:04.4352316Z e2de96513ba9: Download complete
imagen API · migrate deploy + readiness (ASR-09)	PostgreSQL 16 efímero	2026-09-18T04:43:04.5636970Z e2de96513ba9: Pull complete
imagen API · migrate deploy + readiness (ASR-09)	PostgreSQL 16 efímero	2026-09-18T04:43:04.5890351Z 1b7f9cd581ee: Pull complete
imagen API · migrate deploy + readiness (ASR-09)	PostgreSQL 16 efímero	2026-09-18T04:43:04.6177591Z 81717818649a: Verifying Checksum
imagen API · migrate deploy + readiness (ASR-09)	PostgreSQL 16 efímero	2026-09-18T04:43:04.6188685Z 81717818649a: Download complete
imagen API · migrate deploy + readiness (ASR-09)	PostgreSQL 16 efímero	2026-09-18T04:43:04.6403125Z 3ae6141cfd99: Verifying Checksum
imagen API · migrate deploy + readiness (ASR-09)	PostgreSQL 16 efímero	2026-09-18T04:43:04.6404061Z 3ae6141cfd99: Download complete
imagen API · migrate deploy + readiness (ASR-09)	PostgreSQL 16 efímero	2026-09-18T04:43:04.6431534Z 210b280f9556: Pull complete
imagen API · migrate deploy + readiness (ASR-09)	PostgreSQL 16 efímero	2026-09-18T04:43:04.6617997Z 81717818649a: Pull complete
imagen API · migrate deploy + readiness (ASR-09)	PostgreSQL 16 efímero	2026-09-18T04:43:04.6728620Z 3ae6141cfd99: Pull complete
imagen API · migrate deploy + readiness (ASR-09)	PostgreSQL 16 efímero	2026-09-18T04:43:04.8706141Z 6c25da34e03f: Verifying Checksum
imagen API · migrate deploy + readiness (ASR-09)	PostgreSQL 16 efímero	2026-09-18T04:43:04.8712039Z 6c25da34e03f: Download complete
imagen API · migrate deploy + readiness (ASR-09)	PostgreSQL 16 efímero	2026-09-18T04:43:04.8932722Z a88782f92806: Verifying Checksum
imagen API · migrate deploy + readiness (ASR-09)	PostgreSQL 16 efímero	2026-09-18T04:43:04.8936554Z a88782f92806: Download complete
imagen API · migrate deploy + readiness (ASR-09)	PostgreSQL 16 efímero	2026-09-18T04:43:05.0944657Z d8d21be4bf02: Verifying Checksum
imagen API · migrate deploy + readiness (ASR-09)	PostgreSQL 16 efímero	2026-09-18T04:43:05.0946355Z d8d21be4bf02: Download complete
imagen API · migrate deploy + readiness (ASR-09)	PostgreSQL 16 efímero	2026-09-18T04:43:05.1206225Z 25b77f59fd95: Verifying Checksum
imagen API · migrate deploy + readiness (ASR-09)	PostgreSQL 16 efímero	2026-09-18T04:43:05.1207073Z 25b77f59fd95: Download complete
imagen API · migrate deploy + readiness (ASR-09)	PostgreSQL 16 efímero	2026-09-18T04:43:05.1434643Z 6117bd39f23f: Verifying Checksum
imagen API · migrate deploy + readiness (ASR-09)	PostgreSQL 16 efímero	2026-09-18T04:43:05.1435001Z 6117bd39f23f: Download complete
imagen API · migrate deploy + readiness (ASR-09)	PostgreSQL 16 efímero	2026-09-18T04:43:05.3365651Z 509688edf37b: Verifying Checksum
imagen API · migrate deploy + readiness (ASR-09)	PostgreSQL 16 efímero	2026-09-18T04:43:05.3366251Z 509688edf37b: Download complete
imagen API · migrate deploy + readiness (ASR-09)	PostgreSQL 16 efímero	2026-09-18T04:43:08.7395388Z 25b77f59fd95: Pull complete
imagen API · migrate deploy + readiness (ASR-09)	PostgreSQL 16 efímero	2026-09-18T04:43:08.7566143Z 6c25da34e03f: Pull complete
imagen API · migrate deploy + readiness (ASR-09)	PostgreSQL 16 efímero	2026-09-18T04:43:08.7689494Z a88782f92806: Pull complete
imagen API · migrate deploy + readiness (ASR-09)	PostgreSQL 16 efímero	2026-09-18T04:43:08.7831803Z d8d21be4bf02: Pull complete
imagen API · migrate deploy + readiness (ASR-09)	PostgreSQL 16 efímero	2026-09-18T04:43:08.7937180Z 6117bd39f23f: Pull complete
imagen API · migrate deploy + readiness (ASR-09)	PostgreSQL 16 efímero	2026-09-18T04:43:08.8032455Z 509688edf37b: Pull complete
imagen API · migrate deploy + readiness (ASR-09)	PostgreSQL 16 efímero	2026-09-18T04:43:08.8073787Z Digest: sha256:3c5c8892d184f738f4fe282d14ddaa613a38f00f4189d2d94725ebe6f2909ddb
imagen API · migrate deploy + readiness (ASR-09)	PostgreSQL 16 efímero	2026-09-18T04:43:08.8086311Z Status: Downloaded newer image for postgres:16-alpine
imagen API · migrate deploy + readiness (ASR-09)	PostgreSQL 16 efímero	2026-09-18T04:43:08.8249257Z f63caeecb4acccdf74ce6a84872643bddb23bb329240d8183aec17281ae7eb20
imagen API · migrate deploy + readiness (ASR-09)	PostgreSQL 16 efímero	2026-09-18T04:43:09.1071789Z /var/run/postgresql:5432 - no response
imagen API · migrate deploy + readiness (ASR-09)	PostgreSQL 16 efímero	2026-09-18T04:43:11.1770105Z /var/run/postgresql:5432 - accepting connections
imagen API · migrate deploy + readiness (ASR-09)	Arranque del artefacto (migraciones como fase del deploy)	﻿2026-09-18T04:43:11.1849577Z ##[group]Run docker run -d --name api --network be -p 3000:3000 \
imagen API · migrate deploy + readiness (ASR-09)	Arranque del artefacto (migraciones como fase del deploy)	2026-09-18T04:43:11.1850094Z ^[[36;1mdocker run -d --name api --network be -p 3000:3000 \^[[0m
imagen API · migrate deploy + readiness (ASR-09)	Arranque del artefacto (migraciones como fase del deploy)	2026-09-18T04:43:11.1850449Z ^[[36;1m  -e APP_ENV=test \^[[0m
imagen API · migrate deploy + readiness (ASR-09)	Arranque del artefacto (migraciones como fase del deploy)	2026-09-18T04:43:11.1851680Z ^[[36;1m  -e DATABASE_URL=***pg:5432/be_test \^[[0m
imagen API · migrate deploy + readiness (ASR-09)	Arranque del artefacto (migraciones como fase del deploy)	2026-09-18T04:43:11.1852042Z ^[[36;1m  be-api:6de82e1be16870d51040a4d2cc131373ebe5e53d^[[0m
imagen API · migrate deploy + readiness (ASR-09)	Arranque del artefacto (migraciones como fase del deploy)	2026-09-18T04:43:11.1888333Z shell: /usr/bin/bash -e {0}
imagen API · migrate deploy + readiness (ASR-09)	Arranque del artefacto (migraciones como fase del deploy)	2026-09-18T04:43:11.1888585Z ##[endgroup]
imagen API · migrate deploy + readiness (ASR-09)	Arranque del artefacto (migraciones como fase del deploy)	2026-09-18T04:43:11.2304788Z 543576f11a8b38eb1bd6fc533739ef1a28bb389b404671a706d0d712fbd2c0ae
imagen API · migrate deploy + readiness (ASR-09)	Smoke — /health/ready 200 con el SHA esperado (07 §37)	﻿2026-09-18T04:43:11.4568677Z ##[group]Run for i in $(seq 1 30); do
imagen API · migrate deploy + readiness (ASR-09)	Smoke — /health/ready 200 con el SHA esperado (07 §37)	2026-09-18T04:43:11.4569252Z ^[[36;1mfor i in $(seq 1 30); do^[[0m
imagen API · migrate deploy + readiness (ASR-09)	Smoke — /health/ready 200 con el SHA esperado (07 §37)	2026-09-18T04:43:11.4569984Z ^[[36;1m  if curl -fsS http://localhost:3000/health/ready -o ready.json; then break; fi^[[0m
imagen API · migrate deploy + readiness (ASR-09)	Smoke — /health/ready 200 con el SHA esperado (07 §37)	2026-09-18T04:43:11.4571022Z ^[[36;1m  sleep 2^[[0m
imagen API · migrate deploy + readiness (ASR-09)	Smoke — /health/ready 200 con el SHA esperado (07 §37)	2026-09-18T04:43:11.4571369Z ^[[36;1mdone^[[0m
imagen API · migrate deploy + readiness (ASR-09)	Smoke — /health/ready 200 con el SHA esperado (07 §37)	2026-09-18T04:43:11.4571696Z ^[[36;1mdocker logs api^[[0m
imagen API · migrate deploy + readiness (ASR-09)	Smoke — /health/ready 200 con el SHA esperado (07 §37)	2026-09-18T04:43:11.4572064Z ^[[36;1mcat ready.json^[[0m
imagen API · migrate deploy + readiness (ASR-09)	Smoke — /health/ready 200 con el SHA esperado (07 §37)	2026-09-18T04:43:11.4572498Z ^[[36;1mtest "$(jq -r .data.estado ready.json)" = "OK"^[[0m
imagen API · migrate deploy + readiness (ASR-09)	Smoke — /health/ready 200 con el SHA esperado (07 §37)	2026-09-18T04:43:11.4573171Z ^[[36;1mtest "$(jq -r .data.dependencias.migraciones ready.json)" = "OK"^[[0m
imagen API · migrate deploy + readiness (ASR-09)	Smoke — /health/ready 200 con el SHA esperado (07 §37)	2026-09-18T04:43:11.4574104Z ^[[36;1mtest "$(jq -r .data.version.commit ready.json)" = "6de82e1be16870d51040a4d2cc131373ebe5e53d"^[[0m
imagen API · migrate deploy + readiness (ASR-09)	Smoke — /health/ready 200 con el SHA esperado (07 §37)	2026-09-18T04:43:11.4574947Z ^[[36;1mcurl -fsS http://localhost:3000/health/live^[[0m
imagen API · migrate deploy + readiness (ASR-09)	Smoke — /health/ready 200 con el SHA esperado (07 §37)	2026-09-18T04:43:11.4575775Z ^[[36;1mtest "$(curl -s -o /dev/null -w '%{http_code}' http://localhost:3000/api/v1/no-existe)" = "404"^[[0m
imagen API · migrate deploy + readiness (ASR-09)	Smoke — /health/ready 200 con el SHA esperado (07 §37)	2026-09-18T04:43:11.4629350Z shell: /usr/bin/bash -e {0}
imagen API · migrate deploy + readiness (ASR-09)	Smoke — /health/ready 200 con el SHA esperado (07 §37)	2026-09-18T04:43:11.4629824Z ##[endgroup]
imagen API · migrate deploy + readiness (ASR-09)	Smoke — /health/ready 200 con el SHA esperado (07 §37)	2026-09-18T04:43:11.4850332Z curl: (56) Recv failure: Connection reset by peer
imagen API · migrate deploy + readiness (ASR-09)	Smoke — /health/ready 200 con el SHA esperado (07 §37)	2026-09-18T04:43:13.5891708Z warn The configuration property `package.json#prisma` is deprecated and will be removed in Prisma 7. Please migrate to a Prisma config file (e.g., `prisma.config.ts`).
imagen API · migrate deploy + readiness (ASR-09)	Smoke — /health/ready 200 con el SHA esperado (07 §37)	2026-09-18T04:43:13.5893615Z {"nivel":"info","evento":"migraciones_inicio"}
imagen API · migrate deploy + readiness (ASR-09)	Smoke — /health/ready 200 con el SHA esperado (07 §37)	2026-09-18T04:43:13.5894304Z For more information, see: https://pris.ly/prisma-config
imagen API · migrate deploy + readiness (ASR-09)	Smoke — /health/ready 200 con el SHA esperado (07 §37)	2026-09-18T04:43:13.5894922Z 
imagen API · migrate deploy + readiness (ASR-09)	Smoke — /health/ready 200 con el SHA esperado (07 §37)	2026-09-18T04:43:13.5895122Z Prisma schema loaded from prisma/schema.prisma
imagen API · migrate deploy + readiness (ASR-09)	Smoke — /health/ready 200 con el SHA esperado (07 §37)	2026-09-18T04:43:13.5895985Z Datasource "db": PostgreSQL database "be_test", schema "public" at "pg:5432"
imagen API · migrate deploy + readiness (ASR-09)	Smoke — /health/ready 200 con el SHA esperado (07 §37)	2026-09-18T04:43:13.5896481Z 
imagen API · migrate deploy + readiness (ASR-09)	Smoke — /health/ready 200 con el SHA esperado (07 §37)	2026-09-18T04:43:13.5896652Z 1 migration found in prisma/migrations
imagen API · migrate deploy + readiness (ASR-09)	Smoke — /health/ready 200 con el SHA esperado (07 §37)	2026-09-18T04:43:13.5897291Z 
imagen API · migrate deploy + readiness (ASR-09)	Smoke — /health/ready 200 con el SHA esperado (07 §37)	2026-09-18T04:43:13.5897502Z Applying migration `20260916180000_identidad`
imagen API · migrate deploy + readiness (ASR-09)	Smoke — /health/ready 200 con el SHA esperado (07 §37)	2026-09-18T04:43:13.5897853Z 
imagen API · migrate deploy + readiness (ASR-09)	Smoke — /health/ready 200 con el SHA esperado (07 §37)	2026-09-18T04:43:13.5898932Z The following migration(s) have been applied:
imagen API · migrate deploy + readiness (ASR-09)	Smoke — /health/ready 200 con el SHA esperado (07 §37)	2026-09-18T04:43:13.5899317Z 
imagen API · migrate deploy + readiness (ASR-09)	Smoke — /health/ready 200 con el SHA esperado (07 §37)	2026-09-18T04:43:13.5899453Z migrations/
imagen API · migrate deploy + readiness (ASR-09)	Smoke — /health/ready 200 con el SHA esperado (07 §37)	2026-09-18T04:43:13.5900039Z   └─ 20260916180000_identidad/
imagen API · migrate deploy + readiness (ASR-09)	Smoke — /health/ready 200 con el SHA esperado (07 §37)	2026-09-18T04:43:13.5901210Z     └─ migration.sql
imagen API · migrate deploy + readiness (ASR-09)	Smoke — /health/ready 200 con el SHA esperado (07 §37)	2026-09-18T04:43:13.5901544Z       
imagen API · migrate deploy + readiness (ASR-09)	Smoke — /health/ready 200 con el SHA esperado (07 §37)	2026-09-18T04:43:13.5901897Z All migrations have been successfully applied.
imagen API · migrate deploy + readiness (ASR-09)	Smoke — /health/ready 200 con el SHA esperado (07 §37)	2026-09-18T04:43:13.5902452Z {"nivel":"info","evento":"migraciones_fin"}
imagen API · migrate deploy + readiness (ASR-09)	Smoke — /health/ready 200 con el SHA esperado (07 §37)	2026-09-18T04:43:13.5912773Z {"nivel":"info","evento":"api_iniciada","ambiente":"test","version":{"aplicacion":"0.1.0","commit":"6de82e1be16870d51040a4d2cc131373ebe5e53d","construidoEn":"2026-09-18T04:42:55.768Z"},"puerto":3000}
imagen API · migrate deploy + readiness (ASR-09)	Smoke — /health/ready 200 con el SHA esperado (07 §37)	2026-09-18T04:43:13.5922395Z {"nivel":"info","requestId":"559854b4-f224-46c3-8b57-2085d584a556","metodo":"GET","ruta":"/health/ready","status":200,"duracionMs":78}
imagen API · migrate deploy + readiness (ASR-09)	Smoke — /health/ready 200 con el SHA esperado (07 §37)	2026-09-18T04:43:13.6163799Z {"data":{"estado":"OK","ambiente":"test","version":{"aplicacion":"0.1.0","commit":"6de82e1be16870d51040a4d2cc131373ebe5e53d","construidoEn":"2026-09-18T04:42:55.768Z"},"dependencias":{"baseDeDatos":"OK","migraciones":"OK"}}}{"data":{"estado":"OK","ambiente":"test","version":{"aplicacion":"0.1.0","commit":"6de82e1be16870d51040a4d2cc131373ebe5e53d","construidoEn":"2026-09-18T04:42:55.768Z"}}}
imagen API · migrate deploy + readiness (ASR-09)	Post Run actions/checkout@v7	﻿2026-09-18T04:43:13.6279880Z Post job cleanup.
imagen API · migrate deploy + readiness (ASR-09)	Post Run actions/checkout@v7	2026-09-18T04:43:13.7182037Z [command]/usr/bin/git version
imagen API · migrate deploy + readiness (ASR-09)	Post Run actions/checkout@v7	2026-09-18T04:43:13.7246953Z git version 2.55.0
imagen API · migrate deploy + readiness (ASR-09)	Post Run actions/checkout@v7	2026-09-18T04:43:13.7312463Z Temporarily overriding HOME='/home/runner/work/_temp/e8710ee1-9c90-4d60-9408-58020c121001' before making global git config changes
imagen API · migrate deploy + readiness (ASR-09)	Post Run actions/checkout@v7	2026-09-18T04:43:13.7313795Z Adding repository directory to the temporary git global config as a safe directory
imagen API · migrate deploy + readiness (ASR-09)	Post Run actions/checkout@v7	2026-09-18T04:43:13.7323050Z [command]/usr/bin/git config --global --add safe.directory /home/runner/work/be/be
imagen API · migrate deploy + readiness (ASR-09)	Post Run actions/checkout@v7	2026-09-18T04:43:13.7383468Z Removing SSH command configuration
imagen API · migrate deploy + readiness (ASR-09)	Post Run actions/checkout@v7	2026-09-18T04:43:13.7384259Z [command]/usr/bin/git config --local --name-only --get-regexp core\.sshCommand
imagen API · migrate deploy + readiness (ASR-09)	Post Run actions/checkout@v7	2026-09-18T04:43:13.7451164Z [command]/usr/bin/git submodule foreach --recursive sh -c "git config --local --name-only --get-regexp 'core\.sshCommand' && git config --local --unset-all 'core.sshCommand' || :"
imagen API · migrate deploy + readiness (ASR-09)	Post Run actions/checkout@v7	2026-09-18T04:43:13.7809846Z Removing HTTP extra header
imagen API · migrate deploy + readiness (ASR-09)	Post Run actions/checkout@v7	2026-09-18T04:43:13.7811096Z [command]/usr/bin/git config --local --name-only --get-regexp http\.https\:\/\/github\.com\/\.extraheader
imagen API · migrate deploy + readiness (ASR-09)	Post Run actions/checkout@v7	2026-09-18T04:43:13.7869202Z [command]/usr/bin/git submodule foreach --recursive sh -c "git config --local --name-only --get-regexp 'http\.https\:\/\/github\.com\/\.extraheader' && git config --local --unset-all 'http.https://github.com/.extraheader' || :"
imagen API · migrate deploy + readiness (ASR-09)	Post Run actions/checkout@v7	2026-09-18T04:43:13.8268939Z Removing includeIf entries pointing to credentials config files
imagen API · migrate deploy + readiness (ASR-09)	Post Run actions/checkout@v7	2026-09-18T04:43:13.8291366Z [command]/usr/bin/git config --local --name-only --get-regexp ^includeIf\.gitdir:
imagen API · migrate deploy + readiness (ASR-09)	Post Run actions/checkout@v7	2026-09-18T04:43:13.8325187Z includeif.gitdir:/home/runner/work/be/be/.git.path
imagen API · migrate deploy + readiness (ASR-09)	Post Run actions/checkout@v7	2026-09-18T04:43:13.8331343Z includeif.gitdir:/home/runner/work/be/be/.git/worktrees/*.path
imagen API · migrate deploy + readiness (ASR-09)	Post Run actions/checkout@v7	2026-09-18T04:43:13.8351304Z includeif.gitdir:/github/workspace/.git.path
imagen API · migrate deploy + readiness (ASR-09)	Post Run actions/checkout@v7	2026-09-18T04:43:13.8372928Z includeif.gitdir:/github/workspace/.git/worktrees/*.path
imagen API · migrate deploy + readiness (ASR-09)	Post Run actions/checkout@v7	2026-09-18T04:43:13.8412215Z [command]/usr/bin/git config --local --get-all includeif.gitdir:/home/runner/work/be/be/.git.path
imagen API · migrate deploy + readiness (ASR-09)	Post Run actions/checkout@v7	2026-09-18T04:43:13.8446208Z /home/runner/work/_temp/git-credentials-5372b492-9288-418f-b100-275682adabbe.config
imagen API · migrate deploy + readiness (ASR-09)	Post Run actions/checkout@v7	2026-09-18T04:43:13.8489321Z [command]/usr/bin/git config --local --unset includeif.gitdir:/home/runner/work/be/be/.git.path \/home\/runner\/work\/_temp\/git\-credentials\-5372b492\-9288\-418f\-b100\-275682adabbe\.config
imagen API · migrate deploy + readiness (ASR-09)	Post Run actions/checkout@v7	2026-09-18T04:43:13.8531553Z [command]/usr/bin/git config --local --get-all includeif.gitdir:/home/runner/work/be/be/.git/worktrees/*.path
imagen API · migrate deploy + readiness (ASR-09)	Post Run actions/checkout@v7	2026-09-18T04:43:13.8551212Z /home/runner/work/_temp/git-credentials-5372b492-9288-418f-b100-275682adabbe.config
imagen API · migrate deploy + readiness (ASR-09)	Post Run actions/checkout@v7	2026-09-18T04:43:13.8612204Z [command]/usr/bin/git config --local --unset includeif.gitdir:/home/runner/work/be/be/.git/worktrees/*.path \/home\/runner\/work\/_temp\/git\-credentials\-5372b492\-9288\-418f\-b100\-275682adabbe\.config
imagen API · migrate deploy + readiness (ASR-09)	Post Run actions/checkout@v7	2026-09-18T04:43:13.8742421Z [command]/usr/bin/git config --local --get-all includeif.gitdir:/github/workspace/.git.path
imagen API · migrate deploy + readiness (ASR-09)	Post Run actions/checkout@v7	2026-09-18T04:43:13.8777109Z /github/runner_temp/git-credentials-5372b492-9288-418f-b100-275682adabbe.config
imagen API · migrate deploy + readiness (ASR-09)	Post Run actions/checkout@v7	2026-09-18T04:43:13.8821814Z [command]/usr/bin/git config --local --unset includeif.gitdir:/github/workspace/.git.path \/github\/runner_temp\/git\-credentials\-5372b492\-9288\-418f\-b100\-275682adabbe\.config
imagen API · migrate deploy + readiness (ASR-09)	Post Run actions/checkout@v7	2026-09-18T04:43:13.8891740Z [command]/usr/bin/git config --local --get-all includeif.gitdir:/github/workspace/.git/worktrees/*.path
imagen API · migrate deploy + readiness (ASR-09)	Post Run actions/checkout@v7	2026-09-18T04:43:13.8930192Z /github/runner_temp/git-credentials-5372b492-9288-418f-b100-275682adabbe.config
imagen API · migrate deploy + readiness (ASR-09)	Post Run actions/checkout@v7	2026-09-18T04:43:13.8948060Z [command]/usr/bin/git config --local --unset includeif.gitdir:/github/workspace/.git/worktrees/*.path \/github\/runner_temp\/git\-credentials\-5372b492\-9288\-418f\-b100\-275682adabbe\.config
imagen API · migrate deploy + readiness (ASR-09)	Post Run actions/checkout@v7	2026-09-18T04:43:13.9025436Z [command]/usr/bin/git submodule foreach --recursive git config --local --show-origin --name-only --get-regexp remote.origin.url
imagen API · migrate deploy + readiness (ASR-09)	Post Run actions/checkout@v7	2026-09-18T04:43:13.9391895Z Removing credentials config '/home/runner/work/_temp/git-credentials-5372b492-9288-418f-b100-275682adabbe.config'
imagen API · migrate deploy + readiness (ASR-09)	Complete job	﻿2026-09-18T04:43:13.9545345Z Cleaning up orphan processes
verificar · typecheck · unit · build · audit	Set up job	﻿2026-09-18T04:41:32.3149258Z Current runner version: '2.337.0'
verificar · typecheck · unit · build · audit	Set up job	2026-09-18T04:41:32.3202137Z ##[group]Runner Image Provisioner
verificar · typecheck · unit · build · audit	Set up job	2026-09-18T04:41:32.3204153Z Hosted Compute Agent
verificar · typecheck · unit · build · audit	Set up job	2026-09-18T04:41:32.3205279Z Version: 20260828.587
verificar · typecheck · unit · build · audit	Set up job	2026-09-18T04:41:32.3206528Z Commit: abac92662cab4cc7352de4f9f9d2e2419aad9c29
verificar · typecheck · unit · build · audit	Set up job	2026-09-18T04:41:32.3207886Z Build Date: 2026-08-28T16:44:25Z
verificar · typecheck · unit · build · audit	Set up job	2026-09-18T04:41:32.3209099Z Worker ID: {e5b7bb88-7d2d-4a39-a39f-573674fc24aa}
verificar · typecheck · unit · build · audit	Set up job	2026-09-18T04:41:32.3210508Z Azure Region: westus
verificar · typecheck · unit · build · audit	Set up job	2026-09-18T04:41:32.3211608Z ##[endgroup]
verificar · typecheck · unit · build · audit	Set up job	2026-09-18T04:41:32.3214461Z ##[group]Operating System
verificar · typecheck · unit · build · audit	Set up job	2026-09-18T04:41:32.3215574Z Ubuntu
verificar · typecheck · unit · build · audit	Set up job	2026-09-18T04:41:32.3216497Z 24.04.5
verificar · typecheck · unit · build · audit	Set up job	2026-09-18T04:41:32.3217608Z LTS
verificar · typecheck · unit · build · audit	Set up job	2026-09-18T04:41:32.3218532Z ##[endgroup]
verificar · typecheck · unit · build · audit	Set up job	2026-09-18T04:41:32.3219598Z ##[group]Runner Image
verificar · typecheck · unit · build · audit	Set up job	2026-09-18T04:41:32.3220817Z Image: ubuntu-24.04
verificar · typecheck · unit · build · audit	Set up job	2026-09-18T04:41:32.3221844Z Version: 20260907.300.1
verificar · typecheck · unit · build · audit	Set up job	2026-09-18T04:41:32.3225077Z Included Software: https://github.com/actions/runner-images/blob/ubuntu24/20260907.300/images/ubuntu/Ubuntu2404-Readme.md
verificar · typecheck · unit · build · audit	Set up job	2026-09-18T04:41:32.3228415Z Image Release: https://github.com/actions/runner-images/releases/tag/ubuntu24%2F20260907.300
verificar · typecheck · unit · build · audit	Set up job	2026-09-18T04:41:32.3230230Z ##[endgroup]
verificar · typecheck · unit · build · audit	Set up job	2026-09-18T04:41:32.3232655Z ##[group]GITHUB_TOKEN Permissions
verificar · typecheck · unit · build · audit	Set up job	2026-09-18T04:41:32.3235810Z Contents: read
verificar · typecheck · unit · build · audit	Set up job	2026-09-18T04:41:32.3236804Z Metadata: read
verificar · typecheck · unit · build · audit	Set up job	2026-09-18T04:41:32.3237831Z ##[endgroup]
verificar · typecheck · unit · build · audit	Set up job	2026-09-18T04:41:32.3240933Z Secret source: Actions
verificar · typecheck · unit · build · audit	Set up job	2026-09-18T04:41:32.3243036Z Cache mode: write
verificar · typecheck · unit · build · audit	Set up job	2026-09-18T04:41:32.3244488Z Prepare workflow directory
verificar · typecheck · unit · build · audit	Set up job	2026-09-18T04:41:32.3663778Z Prepare all required actions
verificar · typecheck · unit · build · audit	Set up job	2026-09-18T04:41:32.3711530Z Getting action download info
verificar · typecheck · unit · build · audit	Set up job	2026-09-18T04:41:32.7028229Z Download action repository 'actions/checkout@v7' (SHA:3d3c42e5aac5ba805825da76410c181273ba90b1)
verificar · typecheck · unit · build · audit	Set up job	2026-09-18T04:41:32.8458663Z Download action repository 'actions/setup-node@v7' (SHA:820762786026740c76f36085b0efc47a31fe5020)
verificar · typecheck · unit · build · audit	Set up job	2026-09-18T04:41:33.1014728Z Complete job name: verificar · typecheck · unit · build · audit
verificar · typecheck · unit · build · audit	Run actions/checkout@v7	﻿2026-09-18T04:41:33.2003351Z ##[group]Run actions/checkout@v7
verificar · typecheck · unit · build · audit	Run actions/checkout@v7	2026-09-18T04:41:33.2004388Z with:
verificar · typecheck · unit · build · audit	Run actions/checkout@v7	2026-09-18T04:41:33.2004856Z   repository: Elian-Bufi/be
verificar · typecheck · unit · build · audit	Run actions/checkout@v7	2026-09-18T04:41:33.2008665Z   token: ***
verificar · typecheck · unit · build · audit	Run actions/checkout@v7	2026-09-18T04:41:33.2009119Z   ssh-strict: true
verificar · typecheck · unit · build · audit	Run actions/checkout@v7	2026-09-18T04:41:33.2009564Z   ssh-user: git
verificar · typecheck · unit · build · audit	Run actions/checkout@v7	2026-09-18T04:41:33.2010565Z   persist-credentials: true
verificar · typecheck · unit · build · audit	Run actions/checkout@v7	2026-09-18T04:41:33.2011426Z   clean: true
verificar · typecheck · unit · build · audit	Run actions/checkout@v7	2026-09-18T04:41:33.2012445Z   sparse-checkout-cone-mode: true
verificar · typecheck · unit · build · audit	Run actions/checkout@v7	2026-09-18T04:41:33.2013359Z   fetch-depth: 1
verificar · typecheck · unit · build · audit	Run actions/checkout@v7	2026-09-18T04:41:33.2014059Z   fetch-tags: false
verificar · typecheck · unit · build · audit	Run actions/checkout@v7	2026-09-18T04:41:33.2014774Z   show-progress: true
verificar · typecheck · unit · build · audit	Run actions/checkout@v7	2026-09-18T04:41:33.2015495Z   lfs: false
verificar · typecheck · unit · build · audit	Run actions/checkout@v7	2026-09-18T04:41:33.2016170Z   submodules: false
verificar · typecheck · unit · build · audit	Run actions/checkout@v7	2026-09-18T04:41:33.2016638Z   set-safe-directory: true
verificar · typecheck · unit · build · audit	Run actions/checkout@v7	2026-09-18T04:41:33.2017150Z   allow-unsafe-pr-checkout: false
verificar · typecheck · unit · build · audit	Run actions/checkout@v7	2026-09-18T04:41:33.2018074Z ##[endgroup]
verificar · typecheck · unit · build · audit	Run actions/checkout@v7	2026-09-18T04:41:33.3336303Z Syncing repository: Elian-Bufi/be
verificar · typecheck · unit · build · audit	Run actions/checkout@v7	2026-09-18T04:41:33.3339245Z ##[group]Getting Git version info
verificar · typecheck · unit · build · audit	Run actions/checkout@v7	2026-09-18T04:41:33.3340699Z Working directory is '/home/runner/work/be/be'
verificar · typecheck · unit · build · audit	Run actions/checkout@v7	2026-09-18T04:41:33.3343311Z [command]/usr/bin/git version
verificar · typecheck · unit · build · audit	Run actions/checkout@v7	2026-09-18T04:41:33.3344752Z git version 2.55.0
verificar · typecheck · unit · build · audit	Run actions/checkout@v7	2026-09-18T04:41:33.3423814Z ##[endgroup]
verificar · typecheck · unit · build · audit	Run actions/checkout@v7	2026-09-18T04:41:33.3431133Z Temporarily overriding HOME='/home/runner/work/_temp/f71c49cf-9ee2-464d-88c2-541d900a473d' before making global git config changes
verificar · typecheck · unit · build · audit	Run actions/checkout@v7	2026-09-18T04:41:33.3435506Z Adding repository directory to the temporary git global config as a safe directory
verificar · typecheck · unit · build · audit	Run actions/checkout@v7	2026-09-18T04:41:33.3438480Z [command]/usr/bin/git config --global --add safe.directory /home/runner/work/be/be
verificar · typecheck · unit · build · audit	Run actions/checkout@v7	2026-09-18T04:41:33.3483229Z Deleting the contents of '/home/runner/work/be/be'
verificar · typecheck · unit · build · audit	Run actions/checkout@v7	2026-09-18T04:41:33.3504048Z ##[group]Determining repository object format
verificar · typecheck · unit · build · audit	Run actions/checkout@v7	2026-09-18T04:41:33.3523503Z ##[endgroup]
verificar · typecheck · unit · build · audit	Run actions/checkout@v7	2026-09-18T04:41:33.3528525Z ##[group]Initializing the repository
verificar · typecheck · unit · build · audit	Run actions/checkout@v7	2026-09-18T04:41:33.3534575Z [command]/usr/bin/git init /home/runner/work/be/be
verificar · typecheck · unit · build · audit	Run actions/checkout@v7	2026-09-18T04:41:33.4683558Z hint: Using 'master' as the name for the initial branch. This default branch name
verificar · typecheck · unit · build · audit	Run actions/checkout@v7	2026-09-18T04:41:33.4685686Z hint: will change to "main" in Git 3.0. To configure the initial branch name
verificar · typecheck · unit · build · audit	Run actions/checkout@v7	2026-09-18T04:41:33.4703618Z hint: to use in all of your new repositories, which will suppress this warning,
verificar · typecheck · unit · build · audit	Run actions/checkout@v7	2026-09-18T04:41:33.4723934Z hint: call:
verificar · typecheck · unit · build · audit	Run actions/checkout@v7	2026-09-18T04:41:33.4724864Z hint:
verificar · typecheck · unit · build · audit	Run actions/checkout@v7	2026-09-18T04:41:33.4725872Z hint: 	git config --global init.defaultBranch <name>
verificar · typecheck · unit · build · audit	Run actions/checkout@v7	2026-09-18T04:41:33.4727019Z hint:
verificar · typecheck · unit · build · audit	Run actions/checkout@v7	2026-09-18T04:41:33.4728116Z hint: Names commonly chosen instead of 'master' are 'main', 'trunk' and
verificar · typecheck · unit · build · audit	Run actions/checkout@v7	2026-09-18T04:41:33.4729800Z hint: 'development'. The just-created branch can be renamed via this command:
verificar · typecheck · unit · build · audit	Run actions/checkout@v7	2026-09-18T04:41:33.4731194Z hint:
verificar · typecheck · unit · build · audit	Run actions/checkout@v7	2026-09-18T04:41:33.4732015Z hint: 	git branch -m <name>
verificar · typecheck · unit · build · audit	Run actions/checkout@v7	2026-09-18T04:41:33.4739919Z hint:
verificar · typecheck · unit · build · audit	Run actions/checkout@v7	2026-09-18T04:41:33.4741256Z hint: Disable this message with "git config set advice.defaultBranchName false"
verificar · typecheck · unit · build · audit	Run actions/checkout@v7	2026-09-18T04:41:33.4743352Z Initialized empty Git repository in /home/runner/work/be/be/.git/
verificar · typecheck · unit · build · audit	Run actions/checkout@v7	2026-09-18T04:41:33.4746611Z [command]/usr/bin/git remote add origin https://github.com/Elian-Bufi/be
verificar · typecheck · unit · build · audit	Run actions/checkout@v7	2026-09-18T04:41:33.4749663Z ##[endgroup]
verificar · typecheck · unit · build · audit	Run actions/checkout@v7	2026-09-18T04:41:33.4751056Z ##[group]Disabling automatic garbage collection
verificar · typecheck · unit · build · audit	Run actions/checkout@v7	2026-09-18T04:41:33.4752562Z [command]/usr/bin/git config --local gc.auto 0
verificar · typecheck · unit · build · audit	Run actions/checkout@v7	2026-09-18T04:41:33.4755467Z ##[endgroup]
verificar · typecheck · unit · build · audit	Run actions/checkout@v7	2026-09-18T04:41:33.4756783Z ##[group]Setting up auth
verificar · typecheck · unit · build · audit	Run actions/checkout@v7	2026-09-18T04:41:33.4757752Z Removing SSH command configuration
verificar · typecheck · unit · build · audit	Run actions/checkout@v7	2026-09-18T04:41:33.4759099Z [command]/usr/bin/git config --local --name-only --get-regexp core\.sshCommand
verificar · typecheck · unit · build · audit	Run actions/checkout@v7	2026-09-18T04:41:33.4763456Z [command]/usr/bin/git submodule foreach --recursive sh -c "git config --local --name-only --get-regexp 'core\.sshCommand' && git config --local --unset-all 'core.sshCommand' || :"
verificar · typecheck · unit · build · audit	Run actions/checkout@v7	2026-09-18T04:41:33.4770483Z Removing HTTP extra header
verificar · typecheck · unit · build · audit	Run actions/checkout@v7	2026-09-18T04:41:33.4772062Z [command]/usr/bin/git config --local --name-only --get-regexp http\.https\:\/\/github\.com\/\.extraheader
verificar · typecheck · unit · build · audit	Run actions/checkout@v7	2026-09-18T04:41:33.4816502Z [command]/usr/bin/git submodule foreach --recursive sh -c "git config --local --name-only --get-regexp 'http\.https\:\/\/github\.com\/\.extraheader' && git config --local --unset-all 'http.https://github.com/.extraheader' || :"
verificar · typecheck · unit · build · audit	Run actions/checkout@v7	2026-09-18T04:41:33.5176320Z Removing includeIf entries pointing to credentials config files
verificar · typecheck · unit · build · audit	Run actions/checkout@v7	2026-09-18T04:41:33.5178340Z [command]/usr/bin/git config --local --name-only --get-regexp ^includeIf\.gitdir:
verificar · typecheck · unit · build · audit	Run actions/checkout@v7	2026-09-18T04:41:33.5205344Z [command]/usr/bin/git submodule foreach --recursive git config --local --show-origin --name-only --get-regexp remote.origin.url
verificar · typecheck · unit · build · audit	Run actions/checkout@v7	2026-09-18T04:41:33.5479879Z [command]/usr/bin/git config --file /home/runner/work/_temp/git-credentials-460ee525-6be5-4b40-a06a-2a11c11f6932.config http.https://github.com/.extraheader AUTHORIZATION: basic ***
verificar · typecheck · unit · build · audit	Run actions/checkout@v7	2026-09-18T04:41:33.5514615Z [command]/usr/bin/git config --local includeIf.gitdir:/home/runner/work/be/be/.git.path /home/runner/work/_temp/git-credentials-460ee525-6be5-4b40-a06a-2a11c11f6932.config
verificar · typecheck · unit · build · audit	Run actions/checkout@v7	2026-09-18T04:41:33.5563952Z [command]/usr/bin/git config --local includeIf.gitdir:/home/runner/work/be/be/.git/worktrees/*.path /home/runner/work/_temp/git-credentials-460ee525-6be5-4b40-a06a-2a11c11f6932.config
verificar · typecheck · unit · build · audit	Run actions/checkout@v7	2026-09-18T04:41:33.5607644Z [command]/usr/bin/git config --local includeIf.gitdir:/github/workspace/.git.path /github/runner_temp/git-credentials-460ee525-6be5-4b40-a06a-2a11c11f6932.config
verificar · typecheck · unit · build · audit	Run actions/checkout@v7	2026-09-18T04:41:33.5647149Z [command]/usr/bin/git config --local includeIf.gitdir:/github/workspace/.git/worktrees/*.path /github/runner_temp/git-credentials-460ee525-6be5-4b40-a06a-2a11c11f6932.config
verificar · typecheck · unit · build · audit	Run actions/checkout@v7	2026-09-18T04:41:33.5680358Z ##[endgroup]
verificar · typecheck · unit · build · audit	Run actions/checkout@v7	2026-09-18T04:41:33.5682053Z ##[group]Fetching the repository
verificar · typecheck · unit · build · audit	Run actions/checkout@v7	2026-09-18T04:41:33.5688803Z [command]/usr/bin/git -c protocol.version=2 fetch --no-tags --prune --no-recurse-submodules --depth=1 origin +6de82e1be16870d51040a4d2cc131373ebe5e53d:refs/remotes/origin/main
verificar · typecheck · unit · build · audit	Run actions/checkout@v7	2026-09-18T04:41:34.3630840Z From https://github.com/Elian-Bufi/be
verificar · typecheck · unit · build · audit	Run actions/checkout@v7	2026-09-18T04:41:34.3651634Z  * [new ref]         6de82e1be16870d51040a4d2cc131373ebe5e53d -> origin/main
verificar · typecheck · unit · build · audit	Run actions/checkout@v7	2026-09-18T04:41:34.3655870Z [command]/usr/bin/git branch --list --remote origin/main
verificar · typecheck · unit · build · audit	Run actions/checkout@v7	2026-09-18T04:41:34.3676325Z   origin/main
verificar · typecheck · unit · build · audit	Run actions/checkout@v7	2026-09-18T04:41:34.3695002Z [command]/usr/bin/git rev-parse refs/remotes/origin/main
verificar · typecheck · unit · build · audit	Run actions/checkout@v7	2026-09-18T04:41:34.3716336Z 6de82e1be16870d51040a4d2cc131373ebe5e53d
verificar · typecheck · unit · build · audit	Run actions/checkout@v7	2026-09-18T04:41:34.3725600Z ##[endgroup]
verificar · typecheck · unit · build · audit	Run actions/checkout@v7	2026-09-18T04:41:34.3727112Z ##[group]Determining the checkout info
verificar · typecheck · unit · build · audit	Run actions/checkout@v7	2026-09-18T04:41:34.3728587Z ##[endgroup]
verificar · typecheck · unit · build · audit	Run actions/checkout@v7	2026-09-18T04:41:34.3729619Z [command]/usr/bin/git sparse-checkout disable
verificar · typecheck · unit · build · audit	Run actions/checkout@v7	2026-09-18T04:41:34.3796233Z [command]/usr/bin/git config --local --unset-all extensions.worktreeConfig
verificar · typecheck · unit · build · audit	Run actions/checkout@v7	2026-09-18T04:41:34.3825176Z ##[group]Checking out the ref
verificar · typecheck · unit · build · audit	Run actions/checkout@v7	2026-09-18T04:41:34.3830123Z [command]/usr/bin/git checkout --progress --force -B main refs/remotes/origin/main
verificar · typecheck · unit · build · audit	Run actions/checkout@v7	2026-09-18T04:41:34.4503590Z Switched to a new branch 'main'
verificar · typecheck · unit · build · audit	Run actions/checkout@v7	2026-09-18T04:41:34.4513718Z branch 'main' set up to track 'origin/main'.
verificar · typecheck · unit · build · audit	Run actions/checkout@v7	2026-09-18T04:41:34.4558640Z ##[endgroup]
verificar · typecheck · unit · build · audit	Run actions/checkout@v7	2026-09-18T04:41:34.4579502Z [command]/usr/bin/git log -1 --format=%H
verificar · typecheck · unit · build · audit	Run actions/checkout@v7	2026-09-18T04:41:34.4615186Z 6de82e1be16870d51040a4d2cc131373ebe5e53d
verificar · typecheck · unit · build · audit	Run actions/setup-node@v7	﻿2026-09-18T04:41:34.4904623Z ##[group]Run actions/setup-node@v7
verificar · typecheck · unit · build · audit	Run actions/setup-node@v7	2026-09-18T04:41:34.4905066Z with:
verificar · typecheck · unit · build · audit	Run actions/setup-node@v7	2026-09-18T04:41:34.4905331Z   node-version-file: .nvmrc
verificar · typecheck · unit · build · audit	Run actions/setup-node@v7	2026-09-18T04:41:34.4905627Z   cache: npm
verificar · typecheck · unit · build · audit	Run actions/setup-node@v7	2026-09-18T04:41:34.4905879Z   check-latest: false
verificar · typecheck · unit · build · audit	Run actions/setup-node@v7	2026-09-18T04:41:34.4908626Z   token: ***
verificar · typecheck · unit · build · audit	Run actions/setup-node@v7	2026-09-18T04:41:34.4908911Z   package-manager-cache: true
verificar · typecheck · unit · build · audit	Run actions/setup-node@v7	2026-09-18T04:41:34.4909230Z ##[endgroup]
verificar · typecheck · unit · build · audit	Run actions/setup-node@v7	2026-09-18T04:41:34.6195076Z Node version file is not JSON file
verificar · typecheck · unit · build · audit	Run actions/setup-node@v7	2026-09-18T04:41:34.6196806Z Resolved .nvmrc as 22.23.2
verificar · typecheck · unit · build · audit	Run actions/setup-node@v7	2026-09-18T04:41:34.6225736Z Found in cache @ /opt/hostedtoolcache/node/22.23.2/x64
verificar · typecheck · unit · build · audit	Run actions/setup-node@v7	2026-09-18T04:41:34.6507558Z ##[group]Environment details
verificar · typecheck · unit · build · audit	Run actions/setup-node@v7	2026-09-18T04:41:38.0741222Z node: v22.23.2
verificar · typecheck · unit · build · audit	Run actions/setup-node@v7	2026-09-18T04:41:38.0743122Z npm: 10.9.8
verificar · typecheck · unit · build · audit	Run actions/setup-node@v7	2026-09-18T04:41:38.0743902Z yarn: 1.22.22
verificar · typecheck · unit · build · audit	Run actions/setup-node@v7	2026-09-18T04:41:38.0745537Z ##[endgroup]
verificar · typecheck · unit · build · audit	Run actions/setup-node@v7	2026-09-18T04:41:38.0803923Z [command]/opt/hostedtoolcache/node/22.23.2/x64/bin/npm config get cache
verificar · typecheck · unit · build · audit	Run actions/setup-node@v7	2026-09-18T04:41:38.4118168Z /home/runner/.npm
verificar · typecheck · unit · build · audit	Run actions/setup-node@v7	2026-09-18T04:41:38.6843080Z Cache hit for: node-cache-Linux-x64-npm-7396c85b21c1ff035b68dae6b6e7bee2b1d9ae3763791523047320e5c91bdfb2
verificar · typecheck · unit · build · audit	Run actions/setup-node@v7	2026-09-18T04:41:39.9941150Z Received 0 of 333123601 (0.0%), 0.0 MBs/sec
verificar · typecheck · unit · build · audit	Run actions/setup-node@v7	2026-09-18T04:41:40.9973333Z Received 121634816 of 333123601 (36.5%), 57.9 MBs/sec
verificar · typecheck · unit · build · audit	Run actions/setup-node@v7	2026-09-18T04:41:42.0043590Z Received 264241152 of 333123601 (79.3%), 83.8 MBs/sec
verificar · typecheck · unit · build · audit	Run actions/setup-node@v7	2026-09-18T04:41:42.4847774Z Received 333123601 of 333123601 (100.0%), 91.0 MBs/sec
verificar · typecheck · unit · build · audit	Run actions/setup-node@v7	2026-09-18T04:41:42.4849079Z Cache Size: ~318 MB (333123601 B)
verificar · typecheck · unit · build · audit	Run actions/setup-node@v7	2026-09-18T04:41:42.4894173Z [command]/usr/bin/tar -xf /home/runner/work/_temp/e55bdbcf-55af-4ab6-98b4-9d4f2ede3440/cache.tzst -P -C /home/runner/work/be/be --use-compress-program unzstd
verificar · typecheck · unit · build · audit	Run actions/setup-node@v7	2026-09-18T04:41:43.2108260Z Cache restored successfully
verificar · typecheck · unit · build · audit	Run actions/setup-node@v7	2026-09-18T04:41:43.2676029Z Cache restored from key: node-cache-Linux-x64-npm-7396c85b21c1ff035b68dae6b6e7bee2b1d9ae3763791523047320e5c91bdfb2
verificar · typecheck · unit · build · audit	Run npm ci	﻿2026-09-18T04:41:43.2908642Z ##[group]Run npm ci
verificar · typecheck · unit · build · audit	Run npm ci	2026-09-18T04:41:43.2909031Z ^[[36;1mnpm ci^[[0m
verificar · typecheck · unit · build · audit	Run npm ci	2026-09-18T04:41:43.2958231Z shell: /usr/bin/bash -e {0}
verificar · typecheck · unit · build · audit	Run npm ci	2026-09-18T04:41:43.2958558Z ##[endgroup]
verificar · typecheck · unit · build · audit	Run npm ci	2026-09-18T04:41:55.1261209Z npm warn deprecated uuid@7.0.3: uuid@10 and below is no longer supported.  For ESM codebases, update to uuid@latest.  For CommonJS codebases, use uuid@11 (but be aware this version will likely be deprecated in 2028).
verificar · typecheck · unit · build · audit	Run npm ci	2026-09-18T04:41:56.1332686Z npm warn deprecated glob@10.5.0: Old versions of glob are not supported, and contain widely publicized security vulnerabilities, which have been fixed in the current version. Please update. Support for old versions may be purchased (at exorbitant rates) by contacting i@izs.me
verificar · typecheck · unit · build · audit	Run npm ci	2026-09-18T04:41:56.1363403Z npm warn deprecated glob@10.5.0: Old versions of glob are not supported, and contain widely publicized security vulnerabilities, which have been fixed in the current version. Please update. Support for old versions may be purchased (at exorbitant rates) by contacting i@izs.me
verificar · typecheck · unit · build · audit	Run npm ci	2026-09-18T04:42:34.1473549Z 
verificar · typecheck · unit · build · audit	Run npm ci	2026-09-18T04:42:34.1474830Z added 959 packages, and audited 964 packages in 51s
verificar · typecheck · unit · build · audit	Run npm ci	2026-09-18T04:42:34.2086760Z 
verificar · typecheck · unit · build · audit	Run npm ci	2026-09-18T04:42:34.2087878Z 10 moderate severity vulnerabilities
verificar · typecheck · unit · build · audit	Run npm ci	2026-09-18T04:42:34.2089537Z 
verificar · typecheck · unit · build · audit	Run npm ci	2026-09-18T04:42:34.2090249Z To address issues that do not require attention, run:
verificar · typecheck · unit · build · audit	Run npm ci	2026-09-18T04:42:34.2091181Z   npm audit fix
verificar · typecheck · unit · build · audit	Run npm ci	2026-09-18T04:42:34.2091720Z 
verificar · typecheck · unit · build · audit	Run npm ci	2026-09-18T04:42:34.2092590Z To address all issues (including breaking changes), run:
verificar · typecheck · unit · build · audit	Run npm ci	2026-09-18T04:42:34.2093554Z   npm audit fix --force
verificar · typecheck · unit · build · audit	Run npm ci	2026-09-18T04:42:34.2094108Z 
verificar · typecheck · unit · build · audit	Run npm ci	2026-09-18T04:42:34.2094580Z Run `npm audit` for details.
verificar · typecheck · unit · build · audit	Run npx prisma generate	﻿2026-09-18T04:42:34.3403686Z ##[group]Run npx prisma generate
verificar · typecheck · unit · build · audit	Run npx prisma generate	2026-09-18T04:42:34.3404063Z ^[[36;1mnpx prisma generate^[[0m
verificar · typecheck · unit · build · audit	Run npx prisma generate	2026-09-18T04:42:34.3442120Z shell: /usr/bin/bash -e {0}
verificar · typecheck · unit · build · audit	Run npx prisma generate	2026-09-18T04:42:34.3442721Z ##[endgroup]
verificar · typecheck · unit · build · audit	Run npx prisma generate	2026-09-18T04:42:35.5014851Z warn The configuration property `package.json#prisma` is deprecated and will be removed in Prisma 7. Please migrate to a Prisma config file (e.g., `prisma.config.ts`).
verificar · typecheck · unit · build · audit	Run npx prisma generate	2026-09-18T04:42:35.5018326Z For more information, see: https://pris.ly/prisma-config
verificar · typecheck · unit · build · audit	Run npx prisma generate	2026-09-18T04:42:35.5019968Z 
verificar · typecheck · unit · build · audit	Run npx prisma generate	2026-09-18T04:42:35.7255234Z Prisma schema loaded from prisma/schema.prisma
verificar · typecheck · unit · build · audit	Run npx prisma generate	2026-09-18T04:42:35.9225084Z ┌─────────────────────────────────────────────────────────┐
verificar · typecheck · unit · build · audit	Run npx prisma generate	2026-09-18T04:42:35.9225641Z 
verificar · typecheck · unit · build · audit	Run npx prisma generate	2026-09-18T04:42:35.9226735Z │  Update available 6.19.3 -> 8.0.0-rc.15                 │
verificar · typecheck · unit · build · audit	Run npx prisma generate	2026-09-18T04:42:35.9233672Z │                                                         │
verificar · typecheck · unit · build · audit	Run npx prisma generate	2026-09-18T04:42:35.9234993Z │  This is a major update - please follow the guide at    │
verificar · typecheck · unit · build · audit	Run npx prisma generate	2026-09-18T04:42:35.9236687Z │  https://pris.ly/d/major-version-upgrade                │
verificar · typecheck · unit · build · audit	Run npx prisma generate	2026-09-18T04:42:35.9252664Z │                                                         │
verificar · typecheck · unit · build · audit	Run npx prisma generate	2026-09-18T04:42:35.9253878Z ✔ Generated Prisma Client (v6.19.3) to ./node_modules/@prisma/client in 72ms
verificar · typecheck · unit · build · audit	Run npx prisma generate	2026-09-18T04:42:35.9258395Z │  Run the following to update                            │
verificar · typecheck · unit · build · audit	Run npx prisma generate	2026-09-18T04:42:35.9258920Z 
verificar · typecheck · unit · build · audit	Run npx prisma generate	2026-09-18T04:42:35.9259876Z │    npm i --save-dev prisma@latest                       │
verificar · typecheck · unit · build · audit	Run npx prisma generate	2026-09-18T04:42:35.9282067Z │    npm i @prisma/client@latest                          │
verificar · typecheck · unit · build · audit	Run npx prisma generate	2026-09-18T04:42:35.9283551Z Start by importing your Prisma Client (See: https://pris.ly/d/importing-client)
verificar · typecheck · unit · build · audit	Run npx prisma generate	2026-09-18T04:42:35.9284311Z 
verificar · typecheck · unit · build · audit	Run npx prisma generate	2026-09-18T04:42:35.9288536Z └─────────────────────────────────────────────────────────┘
verificar · typecheck · unit · build · audit	Run npx prisma generate	2026-09-18T04:42:35.9291019Z Tip: Interested in query caching in just a few lines of code? Try Accelerate today! https://pris.ly/tip-3-accelerate
verificar · typecheck · unit · build · audit	Run npx prisma generate	2026-09-18T04:42:35.9297586Z 
verificar · typecheck · unit · build · audit	Typecheck (domain, api, web, mobile)	﻿2026-09-18T04:42:35.9553810Z ##[group]Run npm run typecheck
verificar · typecheck · unit · build · audit	Typecheck (domain, api, web, mobile)	2026-09-18T04:42:35.9554171Z ^[[36;1mnpm run typecheck^[[0m
verificar · typecheck · unit · build · audit	Typecheck (domain, api, web, mobile)	2026-09-18T04:42:35.9591910Z shell: /usr/bin/bash -e {0}
verificar · typecheck · unit · build · audit	Typecheck (domain, api, web, mobile)	2026-09-18T04:42:35.9592185Z ##[endgroup]
verificar · typecheck · unit · build · audit	Typecheck (domain, api, web, mobile)	2026-09-18T04:42:36.0701248Z 
verificar · typecheck · unit · build · audit	Typecheck (domain, api, web, mobile)	2026-09-18T04:42:36.0704917Z > be@0.1.0 typecheck
verificar · typecheck · unit · build · audit	Typecheck (domain, api, web, mobile)	2026-09-18T04:42:36.0705856Z > npm run build:domain && npm run typecheck --workspaces --if-present
verificar · typecheck · unit · build · audit	Typecheck (domain, api, web, mobile)	2026-09-18T04:42:36.0706421Z 
verificar · typecheck · unit · build · audit	Typecheck (domain, api, web, mobile)	2026-09-18T04:42:36.1983431Z 
verificar · typecheck · unit · build · audit	Typecheck (domain, api, web, mobile)	2026-09-18T04:42:36.1993279Z > be@0.1.0 build:domain
verificar · typecheck · unit · build · audit	Typecheck (domain, api, web, mobile)	2026-09-18T04:42:36.2143811Z > npm run build -w @be/domain
verificar · typecheck · unit · build · audit	Typecheck (domain, api, web, mobile)	2026-09-18T04:42:36.2148124Z 
verificar · typecheck · unit · build · audit	Typecheck (domain, api, web, mobile)	2026-09-18T04:42:36.3293061Z 
verificar · typecheck · unit · build · audit	Typecheck (domain, api, web, mobile)	2026-09-18T04:42:36.3294052Z > @be/domain@0.1.0 build
verificar · typecheck · unit · build · audit	Typecheck (domain, api, web, mobile)	2026-09-18T04:42:36.3313063Z > tsc -p tsconfig.json
verificar · typecheck · unit · build · audit	Typecheck (domain, api, web, mobile)	2026-09-18T04:42:36.3316291Z 
verificar · typecheck · unit · build · audit	Typecheck (domain, api, web, mobile)	2026-09-18T04:42:37.9188733Z 
verificar · typecheck · unit · build · audit	Typecheck (domain, api, web, mobile)	2026-09-18T04:42:37.9189638Z > @be/domain@0.1.0 typecheck
verificar · typecheck · unit · build · audit	Typecheck (domain, api, web, mobile)	2026-09-18T04:42:37.9190696Z > tsc -p tsconfig.json --noEmit
verificar · typecheck · unit · build · audit	Typecheck (domain, api, web, mobile)	2026-09-18T04:42:37.9191447Z 
verificar · typecheck · unit · build · audit	Typecheck (domain, api, web, mobile)	2026-09-18T04:42:39.2463258Z 
verificar · typecheck · unit · build · audit	Typecheck (domain, api, web, mobile)	2026-09-18T04:42:39.2464253Z > @be/api@0.1.0 typecheck
verificar · typecheck · unit · build · audit	Typecheck (domain, api, web, mobile)	2026-09-18T04:42:39.2465160Z > tsc -p tsconfig.json --noEmit
verificar · typecheck · unit · build · audit	Typecheck (domain, api, web, mobile)	2026-09-18T04:42:39.2465751Z 
verificar · typecheck · unit · build · audit	Typecheck (domain, api, web, mobile)	2026-09-18T04:42:41.4182693Z 
verificar · typecheck · unit · build · audit	Typecheck (domain, api, web, mobile)	2026-09-18T04:42:41.4185597Z > @be/web@0.1.0 typecheck
verificar · typecheck · unit · build · audit	Typecheck (domain, api, web, mobile)	2026-09-18T04:42:41.4186366Z > tsc --noEmit
verificar · typecheck · unit · build · audit	Typecheck (domain, api, web, mobile)	2026-09-18T04:42:41.4186778Z 
verificar · typecheck · unit · build · audit	Typecheck (domain, api, web, mobile)	2026-09-18T04:42:43.9923372Z 
verificar · typecheck · unit · build · audit	Typecheck (domain, api, web, mobile)	2026-09-18T04:42:43.9924276Z > @be/mobile@0.1.0 typecheck
verificar · typecheck · unit · build · audit	Typecheck (domain, api, web, mobile)	2026-09-18T04:42:43.9924975Z > tsc --noEmit
verificar · typecheck · unit · build · audit	Typecheck (domain, api, web, mobile)	2026-09-18T04:42:43.9925440Z 
verificar · typecheck · unit · build · audit	Pruebas unitarias (domain, api)	﻿2026-09-18T04:42:45.4990891Z ##[group]Run npm test
verificar · typecheck · unit · build · audit	Pruebas unitarias (domain, api)	2026-09-18T04:42:45.4991181Z ^[[36;1mnpm test^[[0m
verificar · typecheck · unit · build · audit	Pruebas unitarias (domain, api)	2026-09-18T04:42:45.5028186Z shell: /usr/bin/bash -e {0}
verificar · typecheck · unit · build · audit	Pruebas unitarias (domain, api)	2026-09-18T04:42:45.5028456Z ##[endgroup]
verificar · typecheck · unit · build · audit	Pruebas unitarias (domain, api)	2026-09-18T04:42:45.6183768Z 
verificar · typecheck · unit · build · audit	Pruebas unitarias (domain, api)	2026-09-18T04:42:45.6184958Z > be@0.1.0 test
verificar · typecheck · unit · build · audit	Pruebas unitarias (domain, api)	2026-09-18T04:42:45.6186367Z > npm run build:domain && npm run test -w @be/domain && npm run test -w @be/api
verificar · typecheck · unit · build · audit	Pruebas unitarias (domain, api)	2026-09-18T04:42:45.6187183Z 
verificar · typecheck · unit · build · audit	Pruebas unitarias (domain, api)	2026-09-18T04:42:45.7414403Z 
verificar · typecheck · unit · build · audit	Pruebas unitarias (domain, api)	2026-09-18T04:42:45.7415091Z > be@0.1.0 build:domain
verificar · typecheck · unit · build · audit	Pruebas unitarias (domain, api)	2026-09-18T04:42:45.7415983Z > npm run build -w @be/domain
verificar · typecheck · unit · build · audit	Pruebas unitarias (domain, api)	2026-09-18T04:42:45.7416641Z 
verificar · typecheck · unit · build · audit	Pruebas unitarias (domain, api)	2026-09-18T04:42:45.8658532Z 
verificar · typecheck · unit · build · audit	Pruebas unitarias (domain, api)	2026-09-18T04:42:45.8659573Z > @be/domain@0.1.0 build
verificar · typecheck · unit · build · audit	Pruebas unitarias (domain, api)	2026-09-18T04:42:45.8660581Z > tsc -p tsconfig.json
verificar · typecheck · unit · build · audit	Pruebas unitarias (domain, api)	2026-09-18T04:42:45.8661130Z 
verificar · typecheck · unit · build · audit	Pruebas unitarias (domain, api)	2026-09-18T04:42:47.3860340Z 
verificar · typecheck · unit · build · audit	Pruebas unitarias (domain, api)	2026-09-18T04:42:47.3861274Z > @be/domain@0.1.0 test
verificar · typecheck · unit · build · audit	Pruebas unitarias (domain, api)	2026-09-18T04:42:47.3862590Z > node --test dist/**/*.test.js
verificar · typecheck · unit · build · audit	Pruebas unitarias (domain, api)	2026-09-18T04:42:47.3863339Z 
verificar · typecheck · unit · build · audit	Pruebas unitarias (domain, api)	2026-09-18T04:42:47.4340632Z TAP version 13
verificar · typecheck · unit · build · audit	Pruebas unitarias (domain, api)	2026-09-18T04:42:47.4709860Z # Subtest: 06 §5.7.2 — conjunto cerrado de tres estados, tokens CONV-06-02
verificar · typecheck · unit · build · audit	Pruebas unitarias (domain, api)	2026-09-18T04:42:47.4733789Z ok 1 - 06 §5.7.2 — conjunto cerrado de tres estados, tokens CONV-06-02
verificar · typecheck · unit · build · audit	Pruebas unitarias (domain, api)	2026-09-18T04:42:47.4734813Z   ---
verificar · typecheck · unit · build · audit	Pruebas unitarias (domain, api)	2026-09-18T04:42:47.4752984Z   duration_ms: 1.637583
verificar · typecheck · unit · build · audit	Pruebas unitarias (domain, api)	2026-09-18T04:42:47.4763047Z   type: 'test'
verificar · typecheck · unit · build · audit	Pruebas unitarias (domain, api)	2026-09-18T04:42:47.4763723Z   ...
verificar · typecheck · unit · build · audit	Pruebas unitarias (domain, api)	2026-09-18T04:42:47.4764834Z # Subtest: 06 §5.7.2 — inicial OPERATIVA, terminal CERRADA
verificar · typecheck · unit · build · audit	Pruebas unitarias (domain, api)	2026-09-18T04:42:47.4766134Z ok 2 - 06 §5.7.2 — inicial OPERATIVA, terminal CERRADA
verificar · typecheck · unit · build · audit	Pruebas unitarias (domain, api)	2026-09-18T04:42:47.4767065Z   ---
verificar · typecheck · unit · build · audit	Pruebas unitarias (domain, api)	2026-09-18T04:42:47.4767684Z   duration_ms: 0.221231
verificar · typecheck · unit · build · audit	Pruebas unitarias (domain, api)	2026-09-18T04:42:47.4783529Z   type: 'test'
verificar · typecheck · unit · build · audit	Pruebas unitarias (domain, api)	2026-09-18T04:42:47.4786775Z   ...
verificar · typecheck · unit · build · audit	Pruebas unitarias (domain, api)	2026-09-18T04:42:47.4787632Z # Subtest: 06 §5.7.4 — lista blanca exacta
verificar · typecheck · unit · build · audit	Pruebas unitarias (domain, api)	2026-09-18T04:42:47.4788495Z ok 3 - 06 §5.7.4 — lista blanca exacta
verificar · typecheck · unit · build · audit	Pruebas unitarias (domain, api)	2026-09-18T04:42:47.4789138Z   ---
verificar · typecheck · unit · build · audit	Pruebas unitarias (domain, api)	2026-09-18T04:42:47.4789660Z   duration_ms: 0.163213
verificar · typecheck · unit · build · audit	Pruebas unitarias (domain, api)	2026-09-18T04:42:47.4790224Z   type: 'test'
verificar · typecheck · unit · build · audit	Pruebas unitarias (domain, api)	2026-09-18T04:42:47.4790706Z   ...
verificar · typecheck · unit · build · audit	Pruebas unitarias (domain, api)	2026-09-18T04:42:47.4791612Z # Subtest: 06 §5.7.4 — toda transición no declarada está prohibida
verificar · typecheck · unit · build · audit	Pruebas unitarias (domain, api)	2026-09-18T04:42:47.4793316Z ok 4 - 06 §5.7.4 — toda transición no declarada está prohibida
verificar · typecheck · unit · build · audit	Pruebas unitarias (domain, api)	2026-09-18T04:42:47.4794247Z   ---
verificar · typecheck · unit · build · audit	Pruebas unitarias (domain, api)	2026-09-18T04:42:47.4794779Z   duration_ms: 0.217905
verificar · typecheck · unit · build · audit	Pruebas unitarias (domain, api)	2026-09-18T04:42:47.4795368Z   type: 'test'
verificar · typecheck · unit · build · audit	Pruebas unitarias (domain, api)	2026-09-18T04:42:47.4795925Z   ...
verificar · typecheck · unit · build · audit	Pruebas unitarias (domain, api)	2026-09-18T04:42:47.4797284Z # Subtest: 06 §5.7.2/§5.7.4 — CERRADA no tiene salida y SUSPENDIDA→CERRADA no existe
verificar · typecheck · unit · build · audit	Pruebas unitarias (domain, api)	2026-09-18T04:42:47.4798878Z ok 5 - 06 §5.7.2/§5.7.4 — CERRADA no tiene salida y SUSPENDIDA→CERRADA no existe
verificar · typecheck · unit · build · audit	Pruebas unitarias (domain, api)	2026-09-18T04:42:47.4799828Z   ---
verificar · typecheck · unit · build · audit	Pruebas unitarias (domain, api)	2026-09-18T04:42:47.4800382Z   duration_ms: 0.163213
verificar · typecheck · unit · build · audit	Pruebas unitarias (domain, api)	2026-09-18T04:42:47.4801003Z   type: 'test'
verificar · typecheck · unit · build · audit	Pruebas unitarias (domain, api)	2026-09-18T04:42:47.4801564Z   ...
verificar · typecheck · unit · build · audit	Pruebas unitarias (domain, api)	2026-09-18T04:42:47.4857995Z 1..5
verificar · typecheck · unit · build · audit	Pruebas unitarias (domain, api)	2026-09-18T04:42:47.4863115Z # tests 5
verificar · typecheck · unit · build · audit	Pruebas unitarias (domain, api)	2026-09-18T04:42:47.4863679Z # suites 0
verificar · typecheck · unit · build · audit	Pruebas unitarias (domain, api)	2026-09-18T04:42:47.4864161Z # pass 5
verificar · typecheck · unit · build · audit	Pruebas unitarias (domain, api)	2026-09-18T04:42:47.4864658Z # fail 0
verificar · typecheck · unit · build · audit	Pruebas unitarias (domain, api)	2026-09-18T04:42:47.4865189Z # cancelled 0
verificar · typecheck · unit · build · audit	Pruebas unitarias (domain, api)	2026-09-18T04:42:47.4865729Z # skipped 0
verificar · typecheck · unit · build · audit	Pruebas unitarias (domain, api)	2026-09-18T04:42:47.4866233Z # todo 0
verificar · typecheck · unit · build · audit	Pruebas unitarias (domain, api)	2026-09-18T04:42:47.4866806Z # duration_ms 66.538027
verificar · typecheck · unit · build · audit	Pruebas unitarias (domain, api)	2026-09-18T04:42:47.6173157Z 
verificar · typecheck · unit · build · audit	Pruebas unitarias (domain, api)	2026-09-18T04:42:47.6174127Z > @be/api@0.1.0 test
verificar · typecheck · unit · build · audit	Pruebas unitarias (domain, api)	2026-09-18T04:42:47.6176280Z > jest --config jest.config.js
verificar · typecheck · unit · build · audit	Pruebas unitarias (domain, api)	2026-09-18T04:42:47.6176828Z 
verificar · typecheck · unit · build · audit	Pruebas unitarias (domain, api)	2026-09-18T04:42:51.3894420Z {"nivel":"info","requestId":"53ed2c3f-b027-4caf-a11c-c9453a05496d","metodo":"GET","ruta":"/health/live","status":200,"duracionMs":5}
verificar · typecheck · unit · build · audit	Pruebas unitarias (domain, api)	2026-09-18T04:42:51.3933688Z {"nivel":"info","requestId":"df10ff88-8e0e-4ee8-9dd1-8316f74de912","metodo":"GET","ruta":"/health","status":200,"duracionMs":2}
verificar · typecheck · unit · build · audit	Pruebas unitarias (domain, api)	2026-09-18T04:42:51.3953606Z {"nivel":"info","requestId":"4841be94-2e85-444f-9f2f-d14fd8a375d8","metodo":"GET","ruta":"/health/ready","status":200,"duracionMs":1}
verificar · typecheck · unit · build · audit	Pruebas unitarias (domain, api)	2026-09-18T04:42:51.3993650Z {"nivel":"info","requestId":"aa6ee72b-2bd2-4784-9db7-f433082e35ba","metodo":"GET","ruta":"/health/ready","status":503,"duracionMs":0}
verificar · typecheck · unit · build · audit	Pruebas unitarias (domain, api)	2026-09-18T04:42:51.4630736Z PASS src/health/health.spec.ts
verificar · typecheck · unit · build · audit	Pruebas unitarias (domain, api)	2026-09-18T04:42:51.7214176Z {"nivel":"info","requestId":"36102326-ca1c-4a6a-8641-17a938f51d8b","metodo":"GET","ruta":"/health","status":503,"duracionMs":3}
verificar · typecheck · unit · build · audit	Pruebas unitarias (domain, api)	2026-09-18T04:42:51.7216293Z PASS src/config/entorno.spec.ts
verificar · typecheck · unit · build · audit	Pruebas unitarias (domain, api)	2026-09-18T04:42:51.7218169Z {"nivel":"info","requestId":"b4c7cb0d-f647-42f9-aa95-d5a9d3ef2db9","metodo":"GET","ruta":"/health/ready","status":503,"duracionMs":1}
verificar · typecheck · unit · build · audit	Pruebas unitarias (domain, api)	2026-09-18T04:42:51.7225187Z {"nivel":"info","requestId":"82ea7c25-c24f-4afd-ade6-28a8c70e1642","metodo":"GET","ruta":"/health/ready","status":200,"duracionMs":0}
verificar · typecheck · unit · build · audit	Pruebas unitarias (domain, api)	2026-09-18T04:42:51.7227428Z {"nivel":"info","requestId":"8e82d6ca-1bdd-410f-8173-1e6fe32b537d","metodo":"GET","ruta":"SIN_RUTA","status":404,"duracionMs":1}
verificar · typecheck · unit · build · audit	Pruebas unitarias (domain, api)	2026-09-18T04:42:51.7229557Z {"nivel":"info","requestId":"fd151e6e-c93c-4c2d-8299-7807f89ae456","metodo":"GET","ruta":"SIN_RUTA","status":404,"duracionMs":1}
verificar · typecheck · unit · build · audit	Pruebas unitarias (domain, api)	2026-09-18T04:42:51.7242803Z 
verificar · typecheck · unit · build · audit	Pruebas unitarias (domain, api)	2026-09-18T04:42:51.7251611Z Test Suites: 2 passed, 2 total
verificar · typecheck · unit · build · audit	Pruebas unitarias (domain, api)	2026-09-18T04:42:51.7252644Z Tests:       17 passed, 17 total
verificar · typecheck · unit · build · audit	Pruebas unitarias (domain, api)	2026-09-18T04:42:51.7253144Z Snapshots:   0 total
verificar · typecheck · unit · build · audit	Pruebas unitarias (domain, api)	2026-09-18T04:42:51.7253452Z Time:        3.918 s
verificar · typecheck · unit · build · audit	Pruebas unitarias (domain, api)	2026-09-18T04:42:51.7253684Z Ran all test suites.
verificar · typecheck · unit · build · audit	Build API	﻿2026-09-18T04:42:51.8741947Z ##[group]Run npm run build:api
verificar · typecheck · unit · build · audit	Build API	2026-09-18T04:42:51.8742708Z ^[[36;1mnpm run build:api^[[0m
verificar · typecheck · unit · build · audit	Build API	2026-09-18T04:42:51.8779349Z shell: /usr/bin/bash -e {0}
verificar · typecheck · unit · build · audit	Build API	2026-09-18T04:42:51.8779619Z ##[endgroup]
verificar · typecheck · unit · build · audit	Build API	2026-09-18T04:42:51.9939894Z 
verificar · typecheck · unit · build · audit	Build API	2026-09-18T04:42:51.9963272Z > be@0.1.0 build:api
verificar · typecheck · unit · build · audit	Build API	2026-09-18T04:42:51.9983205Z > npm run build:domain && npm run build -w @be/api
verificar · typecheck · unit · build · audit	Build API	2026-09-18T04:42:51.9983988Z 
verificar · typecheck · unit · build · audit	Build API	2026-09-18T04:42:52.1293937Z 
verificar · typecheck · unit · build · audit	Build API	2026-09-18T04:42:52.1294493Z > be@0.1.0 build:domain
verificar · typecheck · unit · build · audit	Build API	2026-09-18T04:42:52.1295062Z > npm run build -w @be/domain
verificar · typecheck · unit · build · audit	Build API	2026-09-18T04:42:52.1295390Z 
verificar · typecheck · unit · build · audit	Build API	2026-09-18T04:42:52.2543939Z 
verificar · typecheck · unit · build · audit	Build API	2026-09-18T04:42:52.2544842Z > @be/domain@0.1.0 build
verificar · typecheck · unit · build · audit	Build API	2026-09-18T04:42:52.2545866Z > tsc -p tsconfig.json
verificar · typecheck · unit · build · audit	Build API	2026-09-18T04:42:52.2546501Z 
verificar · typecheck · unit · build · audit	Build API	2026-09-18T04:42:53.7439568Z 
verificar · typecheck · unit · build · audit	Build API	2026-09-18T04:42:53.7440707Z > @be/api@0.1.0 build
verificar · typecheck · unit · build · audit	Build API	2026-09-18T04:42:53.7442095Z > tsc -p tsconfig.build.json
verificar · typecheck · unit · build · audit	Build API	2026-09-18T04:42:53.7443018Z 
verificar · typecheck · unit · build · audit	Build web (export estático)	﻿2026-09-18T04:42:55.7236097Z ##[group]Run npm run build:web
verificar · typecheck · unit · build · audit	Build web (export estático)	2026-09-18T04:42:55.7236427Z ^[[36;1mnpm run build:web^[[0m
verificar · typecheck · unit · build · audit	Build web (export estático)	2026-09-18T04:42:55.7272094Z shell: /usr/bin/bash -e {0}
verificar · typecheck · unit · build · audit	Build web (export estático)	2026-09-18T04:42:55.7272673Z ##[endgroup]
verificar · typecheck · unit · build · audit	Build web (export estático)	2026-09-18T04:42:55.8303031Z 
verificar · typecheck · unit · build · audit	Build web (export estático)	2026-09-18T04:42:55.8303929Z > be@0.1.0 build:web
verificar · typecheck · unit · build · audit	Build web (export estático)	2026-09-18T04:42:55.8304729Z > npm run build -w @be/web
verificar · typecheck · unit · build · audit	Build web (export estático)	2026-09-18T04:42:55.8305252Z 
verificar · typecheck · unit · build · audit	Build web (export estático)	2026-09-18T04:42:55.9584269Z 
verificar · typecheck · unit · build · audit	Build web (export estático)	2026-09-18T04:42:55.9585223Z > @be/web@0.1.0 build
verificar · typecheck · unit · build · audit	Build web (export estático)	2026-09-18T04:42:55.9586039Z > next build
verificar · typecheck · unit · build · audit	Build web (export estático)	2026-09-18T04:42:55.9586555Z 
verificar · typecheck · unit · build · audit	Build web (export estático)	2026-09-18T04:42:56.5044229Z ⚠ No build cache found. Please configure build caching for faster rebuilds. Read more: https://nextjs.org/docs/messages/no-cache
verificar · typecheck · unit · build · audit	Build web (export estático)	2026-09-18T04:42:56.5146088Z Attention: Next.js now collects completely anonymous telemetry regarding usage.
verificar · typecheck · unit · build · audit	Build web (export estático)	2026-09-18T04:42:56.5147678Z This information is used to shape Next.js' roadmap and prioritize features.
verificar · typecheck · unit · build · audit	Build web (export estático)	2026-09-18T04:42:56.5149672Z You can learn more, including how to opt-out if you'd not like to participate in this anonymous program, by visiting the following URL:
verificar · typecheck · unit · build · audit	Build web (export estático)	2026-09-18T04:42:56.5151310Z https://nextjs.org/telemetry
verificar · typecheck · unit · build · audit	Build web (export estático)	2026-09-18T04:42:56.5151922Z 
verificar · typecheck · unit · build · audit	Build web (export estático)	2026-09-18T04:42:56.6443781Z    ▲ Next.js 15.5.25
verificar · typecheck · unit · build · audit	Build web (export estático)	2026-09-18T04:42:56.6448669Z 
verificar · typecheck · unit · build · audit	Build web (export estático)	2026-09-18T04:42:56.7243836Z    Creating an optimized production build ...
verificar · typecheck · unit · build · audit	Build web (export estático)	2026-09-18T04:43:05.2779760Z  ✓ Compiled successfully in 6.0s
verificar · typecheck · unit · build · audit	Build web (export estático)	2026-09-18T04:43:05.2832185Z    Linting and checking validity of types ...
verificar · typecheck · unit · build · audit	Build web (export estático)	2026-09-18T04:43:08.3374181Z    Collecting page data ...
verificar · typecheck · unit · build · audit	Build web (export estático)	2026-09-18T04:43:09.8683613Z    Generating static pages (0/4) ...
verificar · typecheck · unit · build · audit	Build web (export estático)	2026-09-18T04:43:10.7318866Z    Generating static pages (1/4) 
verificar · typecheck · unit · build · audit	Build web (export estático)	2026-09-18T04:43:10.7319960Z    Generating static pages (2/4) 
verificar · typecheck · unit · build · audit	Build web (export estático)	2026-09-18T04:43:10.7321614Z    Generating static pages (3/4) 
verificar · typecheck · unit · build · audit	Build web (export estático)	2026-09-18T04:43:10.7323493Z  ✓ Generating static pages (4/4)
verificar · typecheck · unit · build · audit	Build web (export estático)	2026-09-18T04:43:11.4589735Z    Finalizing page optimization ...
verificar · typecheck · unit · build · audit	Build web (export estático)	2026-09-18T04:43:11.4613492Z    Collecting build traces ...
verificar · typecheck · unit · build · audit	Build web (export estático)	2026-09-18T04:43:18.4961523Z    Exporting (0/2) ...
verificar · typecheck · unit · build · audit	Build web (export estático)	2026-09-18T04:43:18.7463606Z  ✓ Exporting (2/2)
verificar · typecheck · unit · build · audit	Build web (export estático)	2026-09-18T04:43:18.7603042Z 
verificar · typecheck · unit · build · audit	Build web (export estático)	2026-09-18T04:43:18.7624027Z Route (app)                                 Size  First Load JS
verificar · typecheck · unit · build · audit	Build web (export estático)	2026-09-18T04:43:18.7633622Z ┌ ○ /                                      122 B         103 kB
verificar · typecheck · unit · build · audit	Build web (export estático)	2026-09-18T04:43:18.7643603Z └ ○ /_not-found                            989 B         103 kB
verificar · typecheck · unit · build · audit	Build web (export estático)	2026-09-18T04:43:18.7644561Z + First Load JS shared by all             102 kB
verificar · typecheck · unit · build · audit	Build web (export estático)	2026-09-18T04:43:18.7645811Z   ├ chunks/18-322c3a0465595f76.js        46.4 kB
verificar · typecheck · unit · build · audit	Build web (export estático)	2026-09-18T04:43:18.7646665Z   ├ chunks/87c73c54-0375ba195de27293.js  54.2 kB
verificar · typecheck · unit · build · audit	Build web (export estático)	2026-09-18T04:43:18.7647514Z   └ other shared chunks (total)          1.84 kB
verificar · typecheck · unit · build · audit	Build web (export estático)	2026-09-18T04:43:18.7648040Z 
verificar · typecheck · unit · build · audit	Build web (export estático)	2026-09-18T04:43:18.7648227Z 
verificar · typecheck · unit · build · audit	Build web (export estático)	2026-09-18T04:43:18.7648752Z ○  (Static)  prerendered as static content
verificar · typecheck · unit · build · audit	Build web (export estático)	2026-09-18T04:43:18.7649276Z 
verificar · typecheck · unit · build · audit	npm audit --omit=dev — falla con altos o críticos (WP-01 §2)	﻿2026-09-18T04:43:18.8253549Z ##[group]Run npm run audit:prod
verificar · typecheck · unit · build · audit	npm audit --omit=dev — falla con altos o críticos (WP-01 §2)	2026-09-18T04:43:18.8254144Z ^[[36;1mnpm run audit:prod^[[0m
verificar · typecheck · unit · build · audit	npm audit --omit=dev — falla con altos o críticos (WP-01 §2)	2026-09-18T04:43:18.8295099Z shell: /usr/bin/bash -e {0}
verificar · typecheck · unit · build · audit	npm audit --omit=dev — falla con altos o críticos (WP-01 §2)	2026-09-18T04:43:18.8295377Z ##[endgroup]
verificar · typecheck · unit · build · audit	npm audit --omit=dev — falla con altos o críticos (WP-01 §2)	2026-09-18T04:43:18.9462020Z 
verificar · typecheck · unit · build · audit	npm audit --omit=dev — falla con altos o críticos (WP-01 §2)	2026-09-18T04:43:18.9463217Z > be@0.1.0 audit:prod
verificar · typecheck · unit · build · audit	npm audit --omit=dev — falla con altos o críticos (WP-01 §2)	2026-09-18T04:43:18.9465794Z > npm audit --omit=dev --audit-level=high -w @be/api && npm audit --omit=dev --audit-level=high -w @be/web && npm audit --omit=dev --audit-level=high -w @be/mobile
verificar · typecheck · unit · build · audit	npm audit --omit=dev — falla con altos o críticos (WP-01 §2)	2026-09-18T04:43:18.9467262Z 
verificar · typecheck · unit · build · audit	npm audit --omit=dev — falla con altos o críticos (WP-01 §2)	2026-09-18T04:43:19.5752123Z found 0 vulnerabilities
verificar · typecheck · unit · build · audit	npm audit --omit=dev — falla con altos o críticos (WP-01 §2)	2026-09-18T04:43:20.2113934Z found 0 vulnerabilities
verificar · typecheck · unit · build · audit	npm audit --omit=dev — falla con altos o críticos (WP-01 §2)	2026-09-18T04:43:21.3133436Z # npm audit report
verificar · typecheck · unit · build · audit	npm audit --omit=dev — falla con altos o críticos (WP-01 §2)	2026-09-18T04:43:21.3139634Z 
verificar · typecheck · unit · build · audit	npm audit --omit=dev — falla con altos o críticos (WP-01 §2)	2026-09-18T04:43:21.3140050Z uuid  <11.1.1
verificar · typecheck · unit · build · audit	npm audit --omit=dev — falla con altos o críticos (WP-01 §2)	2026-09-18T04:43:21.3140651Z Severity: moderate
verificar · typecheck · unit · build · audit	npm audit --omit=dev — falla con altos o críticos (WP-01 §2)	2026-09-18T04:43:21.3142035Z uuid: Missing buffer bounds check in v3/v5/v6 when buf is provided - https://github.com/advisories/GHSA-w5hq-g745-h8pq
verificar · typecheck · unit · build · audit	npm audit --omit=dev — falla con altos o críticos (WP-01 §2)	2026-09-18T04:43:21.3143745Z fix available via `npm audit fix --force`
verificar · typecheck · unit · build · audit	npm audit --omit=dev — falla con altos o críticos (WP-01 §2)	2026-09-18T04:43:21.3144657Z Will install expo@46.0.21, which is a breaking change
verificar · typecheck · unit · build · audit	npm audit --omit=dev — falla con altos o críticos (WP-01 §2)	2026-09-18T04:43:21.3145488Z node_modules/uuid
verificar · typecheck · unit · build · audit	npm audit --omit=dev — falla con altos o críticos (WP-01 §2)	2026-09-18T04:43:21.3146025Z   xcode  >=0.9.2
verificar · typecheck · unit · build · audit	npm audit --omit=dev — falla con altos o críticos (WP-01 §2)	2026-09-18T04:43:21.3146648Z   Depends on vulnerable versions of uuid
verificar · typecheck · unit · build · audit	npm audit --omit=dev — falla con altos o críticos (WP-01 §2)	2026-09-18T04:43:21.3147316Z   node_modules/xcode
verificar · typecheck · unit · build · audit	npm audit --omit=dev — falla con altos o críticos (WP-01 §2)	2026-09-18T04:43:21.3147889Z     @expo/config-plugins  *
verificar · typecheck · unit · build · audit	npm audit --omit=dev — falla con altos o críticos (WP-01 §2)	2026-09-18T04:43:21.3148593Z     Depends on vulnerable versions of xcode
verificar · typecheck · unit · build · audit	npm audit --omit=dev — falla con altos o críticos (WP-01 §2)	2026-09-18T04:43:21.3149347Z     node_modules/@expo/config-plugins
verificar · typecheck · unit · build · audit	npm audit --omit=dev — falla con altos o críticos (WP-01 §2)	2026-09-18T04:43:21.3150317Z       @expo/cli  <=0.0.0-canary-20231123-1b19f96-4 || >=0.0.1-canary-20231125-d600e44
verificar · typecheck · unit · build · audit	npm audit --omit=dev — falla con altos o críticos (WP-01 §2)	2026-09-18T04:43:21.3151355Z       Depends on vulnerable versions of @expo/config
verificar · typecheck · unit · build · audit	npm audit --omit=dev — falla con altos o críticos (WP-01 §2)	2026-09-18T04:43:21.3152452Z       Depends on vulnerable versions of @expo/config-plugins
verificar · typecheck · unit · build · audit	npm audit --omit=dev — falla con altos o críticos (WP-01 §2)	2026-09-18T04:43:21.3153477Z       Depends on vulnerable versions of @expo/inline-modules
verificar · typecheck · unit · build · audit	npm audit --omit=dev — falla con altos o críticos (WP-01 §2)	2026-09-18T04:43:21.3154524Z       Depends on vulnerable versions of @expo/metro-config
verificar · typecheck · unit · build · audit	npm audit --omit=dev — falla con altos o críticos (WP-01 §2)	2026-09-18T04:43:21.3155531Z       Depends on vulnerable versions of @expo/prebuild-config
verificar · typecheck · unit · build · audit	npm audit --omit=dev — falla con altos o críticos (WP-01 §2)	2026-09-18T04:43:21.3156352Z       node_modules/@expo/cli
verificar · typecheck · unit · build · audit	npm audit --omit=dev — falla con altos o críticos (WP-01 §2)	2026-09-18T04:43:21.3157161Z         expo  40.0.0-alpha.0 - 40.0.0-beta.5 || >=41.0.0-alpha.0
verificar · typecheck · unit · build · audit	npm audit --omit=dev — falla con altos o críticos (WP-01 §2)	2026-09-18T04:43:21.3158066Z         Depends on vulnerable versions of @expo/cli
verificar · typecheck · unit · build · audit	npm audit --omit=dev — falla con altos o críticos (WP-01 §2)	2026-09-18T04:43:21.3158951Z         Depends on vulnerable versions of @expo/config
verificar · typecheck · unit · build · audit	npm audit --omit=dev — falla con altos o críticos (WP-01 §2)	2026-09-18T04:43:21.3159887Z         Depends on vulnerable versions of @expo/config-plugins
verificar · typecheck · unit · build · audit	npm audit --omit=dev — falla con altos o críticos (WP-01 §2)	2026-09-18T04:43:21.3161074Z         Depends on vulnerable versions of @expo/local-build-cache-provider
verificar · typecheck · unit · build · audit	npm audit --omit=dev — falla con altos o críticos (WP-01 §2)	2026-09-18T04:43:21.3162110Z         Depends on vulnerable versions of @expo/metro-config
verificar · typecheck · unit · build · audit	npm audit --omit=dev — falla con altos o críticos (WP-01 §2)	2026-09-18T04:43:21.3163249Z         node_modules/expo
verificar · typecheck · unit · build · audit	npm audit --omit=dev — falla con altos o críticos (WP-01 §2)	2026-09-18T04:43:21.3164061Z       @expo/config  <=0.0.1-canary-20240418-8d74597 || >=3.3.23-alpha.0
verificar · typecheck · unit · build · audit	npm audit --omit=dev — falla con altos o críticos (WP-01 §2)	2026-09-18T04:43:21.3165057Z       Depends on vulnerable versions of @expo/config-plugins
verificar · typecheck · unit · build · audit	npm audit --omit=dev — falla con altos o críticos (WP-01 §2)	2026-09-18T04:43:21.3165891Z       node_modules/@expo/config
verificar · typecheck · unit · build · audit	npm audit --omit=dev — falla con altos o críticos (WP-01 §2)	2026-09-18T04:43:21.3166621Z         @expo/local-build-cache-provider  *
verificar · typecheck · unit · build · audit	npm audit --omit=dev — falla con altos o críticos (WP-01 §2)	2026-09-18T04:43:21.3167443Z         Depends on vulnerable versions of @expo/config
verificar · typecheck · unit · build · audit	npm audit --omit=dev — falla con altos o críticos (WP-01 §2)	2026-09-18T04:43:21.3168327Z         node_modules/@expo/local-build-cache-provider
verificar · typecheck · unit · build · audit	npm audit --omit=dev — falla con altos o críticos (WP-01 §2)	2026-09-18T04:43:21.3169509Z         @expo/metro-config  <=0.0.1-canary-20240418-8d74597 || >=0.1.49-alpha.0
verificar · typecheck · unit · build · audit	npm audit --omit=dev — falla con altos o críticos (WP-01 §2)	2026-09-18T04:43:21.3170509Z         Depends on vulnerable versions of @expo/config
verificar · typecheck · unit · build · audit	npm audit --omit=dev — falla con altos o críticos (WP-01 §2)	2026-09-18T04:43:21.3171315Z         node_modules/@expo/metro-config
verificar · typecheck · unit · build · audit	npm audit --omit=dev — falla con altos o críticos (WP-01 §2)	2026-09-18T04:43:21.3172149Z       @expo/inline-modules  >=0.0.2-canary-20260409-6fc2991
verificar · typecheck · unit · build · audit	npm audit --omit=dev — falla con altos o críticos (WP-01 §2)	2026-09-18T04:43:21.3173373Z       Depends on vulnerable versions of @expo/config-plugins
verificar · typecheck · unit · build · audit	npm audit --omit=dev — falla con altos o críticos (WP-01 §2)	2026-09-18T04:43:21.3174662Z       node_modules/@expo/inline-modules
verificar · typecheck · unit · build · audit	npm audit --omit=dev — falla con altos o críticos (WP-01 §2)	2026-09-18T04:43:21.3175381Z       @expo/prebuild-config  *
verificar · typecheck · unit · build · audit	npm audit --omit=dev — falla con altos o críticos (WP-01 §2)	2026-09-18T04:43:21.3176139Z       Depends on vulnerable versions of @expo/config
verificar · typecheck · unit · build · audit	npm audit --omit=dev — falla con altos o críticos (WP-01 §2)	2026-09-18T04:43:21.3177067Z       Depends on vulnerable versions of @expo/config-plugins
verificar · typecheck · unit · build · audit	npm audit --omit=dev — falla con altos o críticos (WP-01 §2)	2026-09-18T04:43:21.3177907Z       node_modules/@expo/prebuild-config
verificar · typecheck · unit · build · audit	npm audit --omit=dev — falla con altos o críticos (WP-01 §2)	2026-09-18T04:43:21.3178415Z 
verificar · typecheck · unit · build · audit	npm audit --omit=dev — falla con altos o críticos (WP-01 §2)	2026-09-18T04:43:21.3178851Z 10 moderate severity vulnerabilities
verificar · typecheck · unit · build · audit	npm audit --omit=dev — falla con altos o críticos (WP-01 §2)	2026-09-18T04:43:21.3179662Z 
verificar · typecheck · unit · build · audit	npm audit --omit=dev — falla con altos o críticos (WP-01 §2)	2026-09-18T04:43:21.3180207Z To address issues that do not require attention, run:
verificar · typecheck · unit · build · audit	npm audit --omit=dev — falla con altos o críticos (WP-01 §2)	2026-09-18T04:43:21.3180948Z   npm audit fix
verificar · typecheck · unit · build · audit	npm audit --omit=dev — falla con altos o críticos (WP-01 §2)	2026-09-18T04:43:21.3181331Z 
verificar · typecheck · unit · build · audit	npm audit --omit=dev — falla con altos o críticos (WP-01 §2)	2026-09-18T04:43:21.3181892Z To address all issues (including breaking changes), run:
verificar · typecheck · unit · build · audit	npm audit --omit=dev — falla con altos o críticos (WP-01 §2)	2026-09-18T04:43:21.3185902Z   npm audit fix --force
verificar · typecheck · unit · build · audit	Post Run actions/setup-node@v7	﻿2026-09-18T04:43:21.3469262Z Post job cleanup.
verificar · typecheck · unit · build · audit	Post Run actions/setup-node@v7	2026-09-18T04:43:21.4644986Z Cache hit occurred on the primary key node-cache-Linux-x64-npm-7396c85b21c1ff035b68dae6b6e7bee2b1d9ae3763791523047320e5c91bdfb2, not saving cache.
verificar · typecheck · unit · build · audit	Post Run actions/checkout@v7	﻿2026-09-18T04:43:21.4799946Z Post job cleanup.
verificar · typecheck · unit · build · audit	Post Run actions/checkout@v7	2026-09-18T04:43:21.5768182Z [command]/usr/bin/git version
verificar · typecheck · unit · build · audit	Post Run actions/checkout@v7	2026-09-18T04:43:21.5848971Z git version 2.55.0
verificar · typecheck · unit · build · audit	Post Run actions/checkout@v7	2026-09-18T04:43:21.5924108Z Temporarily overriding HOME='/home/runner/work/_temp/23269e1b-9ce5-4e06-b574-4f2f15497a27' before making global git config changes
verificar · typecheck · unit · build · audit	Post Run actions/checkout@v7	2026-09-18T04:43:21.5944077Z Adding repository directory to the temporary git global config as a safe directory
verificar · typecheck · unit · build · audit	Post Run actions/checkout@v7	2026-09-18T04:43:21.5945542Z [command]/usr/bin/git config --global --add safe.directory /home/runner/work/be/be
verificar · typecheck · unit · build · audit	Post Run actions/checkout@v7	2026-09-18T04:43:21.6011598Z Removing SSH command configuration
verificar · typecheck · unit · build · audit	Post Run actions/checkout@v7	2026-09-18T04:43:21.6012893Z [command]/usr/bin/git config --local --name-only --get-regexp core\.sshCommand
verificar · typecheck · unit · build · audit	Post Run actions/checkout@v7	2026-09-18T04:43:21.6065719Z [command]/usr/bin/git submodule foreach --recursive sh -c "git config --local --name-only --get-regexp 'core\.sshCommand' && git config --local --unset-all 'core.sshCommand' || :"
verificar · typecheck · unit · build · audit	Post Run actions/checkout@v7	2026-09-18T04:43:21.6443499Z Removing HTTP extra header
verificar · typecheck · unit · build · audit	Post Run actions/checkout@v7	2026-09-18T04:43:21.6444687Z [command]/usr/bin/git config --local --name-only --get-regexp http\.https\:\/\/github\.com\/\.extraheader
verificar · typecheck · unit · build · audit	Post Run actions/checkout@v7	2026-09-18T04:43:21.6539418Z [command]/usr/bin/git submodule foreach --recursive sh -c "git config --local --name-only --get-regexp 'http\.https\:\/\/github\.com\/\.extraheader' && git config --local --unset-all 'http.https://github.com/.extraheader' || :"
verificar · typecheck · unit · build · audit	Post Run actions/checkout@v7	2026-09-18T04:43:21.7227745Z Removing includeIf entries pointing to credentials config files
verificar · typecheck · unit · build · audit	Post Run actions/checkout@v7	2026-09-18T04:43:21.7247044Z [command]/usr/bin/git config --local --name-only --get-regexp ^includeIf\.gitdir:
verificar · typecheck · unit · build · audit	Post Run actions/checkout@v7	2026-09-18T04:43:21.7289692Z includeif.gitdir:/home/runner/work/be/be/.git.path
verificar · typecheck · unit · build · audit	Post Run actions/checkout@v7	2026-09-18T04:43:21.7291072Z includeif.gitdir:/home/runner/work/be/be/.git/worktrees/*.path
verificar · typecheck · unit · build · audit	Post Run actions/checkout@v7	2026-09-18T04:43:21.7313355Z includeif.gitdir:/github/workspace/.git.path
verificar · typecheck · unit · build · audit	Post Run actions/checkout@v7	2026-09-18T04:43:21.7326270Z includeif.gitdir:/github/workspace/.git/worktrees/*.path
verificar · typecheck · unit · build · audit	Post Run actions/checkout@v7	2026-09-18T04:43:21.7379369Z [command]/usr/bin/git config --local --get-all includeif.gitdir:/home/runner/work/be/be/.git.path
verificar · typecheck · unit · build · audit	Post Run actions/checkout@v7	2026-09-18T04:43:21.7393407Z /home/runner/work/_temp/git-credentials-460ee525-6be5-4b40-a06a-2a11c11f6932.config
verificar · typecheck · unit · build · audit	Post Run actions/checkout@v7	2026-09-18T04:43:21.7454399Z [command]/usr/bin/git config --local --unset includeif.gitdir:/home/runner/work/be/be/.git.path \/home\/runner\/work\/_temp\/git\-credentials\-460ee525\-6be5\-4b40\-a06a\-2a11c11f6932\.config
verificar · typecheck · unit · build · audit	Post Run actions/checkout@v7	2026-09-18T04:43:21.7507489Z [command]/usr/bin/git config --local --get-all includeif.gitdir:/home/runner/work/be/be/.git/worktrees/*.path
verificar · typecheck · unit · build · audit	Post Run actions/checkout@v7	2026-09-18T04:43:21.7585816Z /home/runner/work/_temp/git-credentials-460ee525-6be5-4b40-a06a-2a11c11f6932.config
verificar · typecheck · unit · build · audit	Post Run actions/checkout@v7	2026-09-18T04:43:21.7655161Z [command]/usr/bin/git config --local --unset includeif.gitdir:/home/runner/work/be/be/.git/worktrees/*.path \/home\/runner\/work\/_temp\/git\-credentials\-460ee525\-6be5\-4b40\-a06a\-2a11c11f6932\.config
verificar · typecheck · unit · build · audit	Post Run actions/checkout@v7	2026-09-18T04:43:21.7756179Z [command]/usr/bin/git config --local --get-all includeif.gitdir:/github/workspace/.git.path
verificar · typecheck · unit · build · audit	Post Run actions/checkout@v7	2026-09-18T04:43:21.7815684Z /github/runner_temp/git-credentials-460ee525-6be5-4b40-a06a-2a11c11f6932.config
verificar · typecheck · unit · build · audit	Post Run actions/checkout@v7	2026-09-18T04:43:21.7819905Z [command]/usr/bin/git config --local --unset includeif.gitdir:/github/workspace/.git.path \/github\/runner_temp\/git\-credentials\-460ee525\-6be5\-4b40\-a06a\-2a11c11f6932\.config
verificar · typecheck · unit · build · audit	Post Run actions/checkout@v7	2026-09-18T04:43:21.7874035Z [command]/usr/bin/git config --local --get-all includeif.gitdir:/github/workspace/.git/worktrees/*.path
verificar · typecheck · unit · build · audit	Post Run actions/checkout@v7	2026-09-18T04:43:21.8066583Z /github/runner_temp/git-credentials-460ee525-6be5-4b40-a06a-2a11c11f6932.config
verificar · typecheck · unit · build · audit	Post Run actions/checkout@v7	2026-09-18T04:43:21.8415389Z [command]/usr/bin/git config --local --unset includeif.gitdir:/github/workspace/.git/worktrees/*.path \/github\/runner_temp\/git\-credentials\-460ee525\-6be5\-4b40\-a06a\-2a11c11f6932\.config
verificar · typecheck · unit · build · audit	Post Run actions/checkout@v7	2026-09-18T04:43:21.8420161Z [command]/usr/bin/git submodule foreach --recursive git config --local --show-origin --name-only --get-regexp remote.origin.url
verificar · typecheck · unit · build · audit	Post Run actions/checkout@v7	2026-09-18T04:43:21.8426525Z Removing credentials config '/home/runner/work/_temp/git-credentials-460ee525-6be5-4b40-a06a-2a11c11f6932.config'
verificar · typecheck · unit · build · audit	Complete job	﻿2026-09-18T04:43:21.8588648Z Cleaning up orphan processes
legajo · hashes SHA-256	Set up job	﻿2026-09-18T04:41:31.3943972Z Current runner version: '2.337.0'
legajo · hashes SHA-256	Set up job	2026-09-18T04:41:31.4021377Z ##[group]Runner Image Provisioner
legajo · hashes SHA-256	Set up job	2026-09-18T04:41:31.4022770Z Hosted Compute Agent
legajo · hashes SHA-256	Set up job	2026-09-18T04:41:31.4024360Z Version: 20260828.587
legajo · hashes SHA-256	Set up job	2026-09-18T04:41:31.4025571Z Commit: abac92662cab4cc7352de4f9f9d2e2419aad9c29
legajo · hashes SHA-256	Set up job	2026-09-18T04:41:31.4026867Z Build Date: 2026-08-28T16:44:25Z
legajo · hashes SHA-256	Set up job	2026-09-18T04:41:31.4028210Z Worker ID: {424efc82-9628-4054-8581-d9214f2ba059}
legajo · hashes SHA-256	Set up job	2026-09-18T04:41:31.4029439Z Azure Region: eastus2
legajo · hashes SHA-256	Set up job	2026-09-18T04:41:31.4030471Z ##[endgroup]
legajo · hashes SHA-256	Set up job	2026-09-18T04:41:31.4032924Z ##[group]Operating System
legajo · hashes SHA-256	Set up job	2026-09-18T04:41:31.4044520Z Ubuntu
legajo · hashes SHA-256	Set up job	2026-09-18T04:41:31.4045641Z 24.04.5
legajo · hashes SHA-256	Set up job	2026-09-18T04:41:31.4046513Z LTS
legajo · hashes SHA-256	Set up job	2026-09-18T04:41:31.4047513Z ##[endgroup]
legajo · hashes SHA-256	Set up job	2026-09-18T04:41:31.4048459Z ##[group]Runner Image
legajo · hashes SHA-256	Set up job	2026-09-18T04:41:31.4049442Z Image: ubuntu-24.04
legajo · hashes SHA-256	Set up job	2026-09-18T04:41:31.4050558Z Version: 20260907.300.1
legajo · hashes SHA-256	Set up job	2026-09-18T04:41:31.4052465Z Included Software: https://github.com/actions/runner-images/blob/ubuntu24/20260907.300/images/ubuntu/Ubuntu2404-Readme.md
legajo · hashes SHA-256	Set up job	2026-09-18T04:41:31.4056431Z Image Release: https://github.com/actions/runner-images/releases/tag/ubuntu24%2F20260907.300
legajo · hashes SHA-256	Set up job	2026-09-18T04:41:31.4058227Z ##[endgroup]
legajo · hashes SHA-256	Set up job	2026-09-18T04:41:31.4060323Z ##[group]GITHUB_TOKEN Permissions
legajo · hashes SHA-256	Set up job	2026-09-18T04:41:31.4063230Z Contents: read
legajo · hashes SHA-256	Set up job	2026-09-18T04:41:31.4084857Z Metadata: read
legajo · hashes SHA-256	Set up job	2026-09-18T04:41:31.4085894Z ##[endgroup]
legajo · hashes SHA-256	Set up job	2026-09-18T04:41:31.4088951Z Secret source: Actions
legajo · hashes SHA-256	Set up job	2026-09-18T04:41:31.4090439Z Cache mode: write
legajo · hashes SHA-256	Set up job	2026-09-18T04:41:31.4092060Z Prepare workflow directory
legajo · hashes SHA-256	Set up job	2026-09-18T04:41:31.5057835Z Prepare all required actions
legajo · hashes SHA-256	Set up job	2026-09-18T04:41:31.5192698Z Getting action download info
legajo · hashes SHA-256	Set up job	2026-09-18T04:41:31.7267993Z Download action repository 'actions/checkout@v7' (SHA:3d3c42e5aac5ba805825da76410c181273ba90b1)
legajo · hashes SHA-256	Set up job	2026-09-18T04:41:31.9878785Z Complete job name: legajo · hashes SHA-256
legajo · hashes SHA-256	Run actions/checkout@v7	﻿2026-09-18T04:41:32.0698235Z ##[group]Run actions/checkout@v7
legajo · hashes SHA-256	Run actions/checkout@v7	2026-09-18T04:41:32.0699135Z with:
legajo · hashes SHA-256	Run actions/checkout@v7	2026-09-18T04:41:32.0699600Z   repository: Elian-Bufi/be
legajo · hashes SHA-256	Run actions/checkout@v7	2026-09-18T04:41:32.0703815Z   token: ***
legajo · hashes SHA-256	Run actions/checkout@v7	2026-09-18T04:41:32.0704292Z   ssh-strict: true
legajo · hashes SHA-256	Run actions/checkout@v7	2026-09-18T04:41:32.0704738Z   ssh-user: git
legajo · hashes SHA-256	Run actions/checkout@v7	2026-09-18T04:41:32.0705188Z   persist-credentials: true
legajo · hashes SHA-256	Run actions/checkout@v7	2026-09-18T04:41:32.0705700Z   clean: true
legajo · hashes SHA-256	Run actions/checkout@v7	2026-09-18T04:41:32.0706157Z   sparse-checkout-cone-mode: true
legajo · hashes SHA-256	Run actions/checkout@v7	2026-09-18T04:41:32.0706689Z   fetch-depth: 1
legajo · hashes SHA-256	Run actions/checkout@v7	2026-09-18T04:41:32.0707122Z   fetch-tags: false
legajo · hashes SHA-256	Run actions/checkout@v7	2026-09-18T04:41:32.0707572Z   show-progress: true
legajo · hashes SHA-256	Run actions/checkout@v7	2026-09-18T04:41:32.0708025Z   lfs: false
legajo · hashes SHA-256	Run actions/checkout@v7	2026-09-18T04:41:32.0708442Z   submodules: false
legajo · hashes SHA-256	Run actions/checkout@v7	2026-09-18T04:41:32.0708898Z   set-safe-directory: true
legajo · hashes SHA-256	Run actions/checkout@v7	2026-09-18T04:41:32.0709411Z   allow-unsafe-pr-checkout: false
legajo · hashes SHA-256	Run actions/checkout@v7	2026-09-18T04:41:32.0710183Z ##[endgroup]
legajo · hashes SHA-256	Run actions/checkout@v7	2026-09-18T04:41:32.1850922Z Syncing repository: Elian-Bufi/be
legajo · hashes SHA-256	Run actions/checkout@v7	2026-09-18T04:41:32.1857273Z ##[group]Getting Git version info
legajo · hashes SHA-256	Run actions/checkout@v7	2026-09-18T04:41:32.1860467Z Working directory is '/home/runner/work/be/be'
legajo · hashes SHA-256	Run actions/checkout@v7	2026-09-18T04:41:32.1862286Z [command]/usr/bin/git version
legajo · hashes SHA-256	Run actions/checkout@v7	2026-09-18T04:41:32.1974812Z git version 2.55.0
legajo · hashes SHA-256	Run actions/checkout@v7	2026-09-18T04:41:32.2036553Z ##[endgroup]
legajo · hashes SHA-256	Run actions/checkout@v7	2026-09-18T04:41:32.2045139Z Temporarily overriding HOME='/home/runner/work/_temp/6d560a5c-d534-4fd7-88d9-066922915015' before making global git config changes
legajo · hashes SHA-256	Run actions/checkout@v7	2026-09-18T04:41:32.2047833Z Adding repository directory to the temporary git global config as a safe directory
legajo · hashes SHA-256	Run actions/checkout@v7	2026-09-18T04:41:32.2049758Z [command]/usr/bin/git config --global --add safe.directory /home/runner/work/be/be
legajo · hashes SHA-256	Run actions/checkout@v7	2026-09-18T04:41:32.2135651Z Deleting the contents of '/home/runner/work/be/be'
legajo · hashes SHA-256	Run actions/checkout@v7	2026-09-18T04:41:32.2137631Z ##[group]Determining repository object format
legajo · hashes SHA-256	Run actions/checkout@v7	2026-09-18T04:41:32.2139155Z ##[endgroup]
legajo · hashes SHA-256	Run actions/checkout@v7	2026-09-18T04:41:32.2140405Z ##[group]Initializing the repository
legajo · hashes SHA-256	Run actions/checkout@v7	2026-09-18T04:41:32.2141614Z [command]/usr/bin/git init /home/runner/work/be/be
legajo · hashes SHA-256	Run actions/checkout@v7	2026-09-18T04:41:32.2313347Z hint: Using 'master' as the name for the initial branch. This default branch name
legajo · hashes SHA-256	Run actions/checkout@v7	2026-09-18T04:41:32.2334136Z hint: will change to "main" in Git 3.0. To configure the initial branch name
legajo · hashes SHA-256	Run actions/checkout@v7	2026-09-18T04:41:32.2336267Z hint: to use in all of your new repositories, which will suppress this warning,
legajo · hashes SHA-256	Run actions/checkout@v7	2026-09-18T04:41:32.2354669Z hint: call:
legajo · hashes SHA-256	Run actions/checkout@v7	2026-09-18T04:41:32.2372824Z hint:
legajo · hashes SHA-256	Run actions/checkout@v7	2026-09-18T04:41:32.2374148Z hint: 	git config --global init.defaultBranch <name>
legajo · hashes SHA-256	Run actions/checkout@v7	2026-09-18T04:41:32.2375337Z hint:
legajo · hashes SHA-256	Run actions/checkout@v7	2026-09-18T04:41:32.2376539Z hint: Names commonly chosen instead of 'master' are 'main', 'trunk' and
legajo · hashes SHA-256	Run actions/checkout@v7	2026-09-18T04:41:32.2378627Z hint: 'development'. The just-created branch can be renamed via this command:
legajo · hashes SHA-256	Run actions/checkout@v7	2026-09-18T04:41:32.2380037Z hint:
legajo · hashes SHA-256	Run actions/checkout@v7	2026-09-18T04:41:32.2380812Z hint: 	git branch -m <name>
legajo · hashes SHA-256	Run actions/checkout@v7	2026-09-18T04:41:32.2383204Z hint:
legajo · hashes SHA-256	Run actions/checkout@v7	2026-09-18T04:41:32.2384859Z hint: Disable this message with "git config set advice.defaultBranchName false"
legajo · hashes SHA-256	Run actions/checkout@v7	2026-09-18T04:41:32.2386796Z Initialized empty Git repository in /home/runner/work/be/be/.git/
legajo · hashes SHA-256	Run actions/checkout@v7	2026-09-18T04:41:32.2392186Z [command]/usr/bin/git remote add origin https://github.com/Elian-Bufi/be
legajo · hashes SHA-256	Run actions/checkout@v7	2026-09-18T04:41:32.2419408Z ##[endgroup]
legajo · hashes SHA-256	Run actions/checkout@v7	2026-09-18T04:41:32.2420779Z ##[group]Disabling automatic garbage collection
legajo · hashes SHA-256	Run actions/checkout@v7	2026-09-18T04:41:32.2422044Z [command]/usr/bin/git config --local gc.auto 0
legajo · hashes SHA-256	Run actions/checkout@v7	2026-09-18T04:41:32.2465148Z ##[endgroup]
legajo · hashes SHA-256	Run actions/checkout@v7	2026-09-18T04:41:32.2467100Z ##[group]Setting up auth
legajo · hashes SHA-256	Run actions/checkout@v7	2026-09-18T04:41:32.2468211Z Removing SSH command configuration
legajo · hashes SHA-256	Run actions/checkout@v7	2026-09-18T04:41:32.2484647Z [command]/usr/bin/git config --local --name-only --get-regexp core\.sshCommand
legajo · hashes SHA-256	Run actions/checkout@v7	2026-09-18T04:41:32.2563792Z [command]/usr/bin/git submodule foreach --recursive sh -c "git config --local --name-only --get-regexp 'core\.sshCommand' && git config --local --unset-all 'core.sshCommand' || :"
legajo · hashes SHA-256	Run actions/checkout@v7	2026-09-18T04:41:32.3020436Z Removing HTTP extra header
legajo · hashes SHA-256	Run actions/checkout@v7	2026-09-18T04:41:32.3027709Z [command]/usr/bin/git config --local --name-only --get-regexp http\.https\:\/\/github\.com\/\.extraheader
legajo · hashes SHA-256	Run actions/checkout@v7	2026-09-18T04:41:32.3074405Z [command]/usr/bin/git submodule foreach --recursive sh -c "git config --local --name-only --get-regexp 'http\.https\:\/\/github\.com\/\.extraheader' && git config --local --unset-all 'http.https://github.com/.extraheader' || :"
legajo · hashes SHA-256	Run actions/checkout@v7	2026-09-18T04:41:32.4245180Z Removing includeIf entries pointing to credentials config files
legajo · hashes SHA-256	Run actions/checkout@v7	2026-09-18T04:41:32.4246849Z [command]/usr/bin/git config --local --name-only --get-regexp ^includeIf\.gitdir:
legajo · hashes SHA-256	Run actions/checkout@v7	2026-09-18T04:41:32.4250257Z [command]/usr/bin/git submodule foreach --recursive git config --local --show-origin --name-only --get-regexp remote.origin.url
legajo · hashes SHA-256	Run actions/checkout@v7	2026-09-18T04:41:32.4255292Z [command]/usr/bin/git config --file /home/runner/work/_temp/git-credentials-c4064e66-cfbc-412f-b762-d5dbfcdceaf8.config http.https://github.com/.extraheader AUTHORIZATION: basic ***
legajo · hashes SHA-256	Run actions/checkout@v7	2026-09-18T04:41:32.4259193Z [command]/usr/bin/git config --local includeIf.gitdir:/home/runner/work/be/be/.git.path /home/runner/work/_temp/git-credentials-c4064e66-cfbc-412f-b762-d5dbfcdceaf8.config
legajo · hashes SHA-256	Run actions/checkout@v7	2026-09-18T04:41:32.4263274Z [command]/usr/bin/git config --local includeIf.gitdir:/home/runner/work/be/be/.git/worktrees/*.path /home/runner/work/_temp/git-credentials-c4064e66-cfbc-412f-b762-d5dbfcdceaf8.config
legajo · hashes SHA-256	Run actions/checkout@v7	2026-09-18T04:41:32.4267822Z [command]/usr/bin/git config --local includeIf.gitdir:/github/workspace/.git.path /github/runner_temp/git-credentials-c4064e66-cfbc-412f-b762-d5dbfcdceaf8.config
legajo · hashes SHA-256	Run actions/checkout@v7	2026-09-18T04:41:32.4272104Z [command]/usr/bin/git config --local includeIf.gitdir:/github/workspace/.git/worktrees/*.path /github/runner_temp/git-credentials-c4064e66-cfbc-412f-b762-d5dbfcdceaf8.config
legajo · hashes SHA-256	Run actions/checkout@v7	2026-09-18T04:41:32.4275795Z ##[endgroup]
legajo · hashes SHA-256	Run actions/checkout@v7	2026-09-18T04:41:32.4276893Z ##[group]Fetching the repository
legajo · hashes SHA-256	Run actions/checkout@v7	2026-09-18T04:41:32.4278305Z [command]/usr/bin/git -c protocol.version=2 fetch --no-tags --prune --no-recurse-submodules --depth=1 origin +6de82e1be16870d51040a4d2cc131373ebe5e53d:refs/remotes/origin/main
legajo · hashes SHA-256	Run actions/checkout@v7	2026-09-18T04:41:33.1352079Z From https://github.com/Elian-Bufi/be
legajo · hashes SHA-256	Run actions/checkout@v7	2026-09-18T04:41:33.1353266Z  * [new ref]         6de82e1be16870d51040a4d2cc131373ebe5e53d -> origin/main
legajo · hashes SHA-256	Run actions/checkout@v7	2026-09-18T04:41:33.1357721Z [command]/usr/bin/git branch --list --remote origin/main
legajo · hashes SHA-256	Run actions/checkout@v7	2026-09-18T04:41:33.1434867Z   origin/main
legajo · hashes SHA-256	Run actions/checkout@v7	2026-09-18T04:41:33.1485731Z [command]/usr/bin/git rev-parse refs/remotes/origin/main
legajo · hashes SHA-256	Run actions/checkout@v7	2026-09-18T04:41:33.1489418Z 6de82e1be16870d51040a4d2cc131373ebe5e53d
legajo · hashes SHA-256	Run actions/checkout@v7	2026-09-18T04:41:33.1493389Z ##[endgroup]
legajo · hashes SHA-256	Run actions/checkout@v7	2026-09-18T04:41:33.1495355Z ##[group]Determining the checkout info
legajo · hashes SHA-256	Run actions/checkout@v7	2026-09-18T04:41:33.1497194Z ##[endgroup]
legajo · hashes SHA-256	Run actions/checkout@v7	2026-09-18T04:41:33.1498434Z [command]/usr/bin/git sparse-checkout disable
legajo · hashes SHA-256	Run actions/checkout@v7	2026-09-18T04:41:33.1594355Z [command]/usr/bin/git config --local --unset-all extensions.worktreeConfig
legajo · hashes SHA-256	Run actions/checkout@v7	2026-09-18T04:41:33.1655262Z ##[group]Checking out the ref
legajo · hashes SHA-256	Run actions/checkout@v7	2026-09-18T04:41:33.1657351Z [command]/usr/bin/git checkout --progress --force -B main refs/remotes/origin/main
legajo · hashes SHA-256	Run actions/checkout@v7	2026-09-18T04:41:33.2353170Z Switched to a new branch 'main'
legajo · hashes SHA-256	Run actions/checkout@v7	2026-09-18T04:41:33.2360476Z branch 'main' set up to track 'origin/main'.
legajo · hashes SHA-256	Run actions/checkout@v7	2026-09-18T04:41:33.2381310Z ##[endgroup]
legajo · hashes SHA-256	Run actions/checkout@v7	2026-09-18T04:41:33.2426015Z [command]/usr/bin/git log -1 --format=%H
legajo · hashes SHA-256	Run actions/checkout@v7	2026-09-18T04:41:33.2459534Z 6de82e1be16870d51040a4d2cc131373ebe5e53d
legajo · hashes SHA-256	Verificar docs/MANIFEST.sha256 (208 archivos)	﻿2026-09-18T04:41:33.2725707Z ##[group]Run sha256sum -c --quiet MANIFEST.sha256
legajo · hashes SHA-256	Verificar docs/MANIFEST.sha256 (208 archivos)	2026-09-18T04:41:33.2727335Z ^[[36;1msha256sum -c --quiet MANIFEST.sha256^[[0m
legajo · hashes SHA-256	Verificar docs/MANIFEST.sha256 (208 archivos)	2026-09-18T04:41:33.2729215Z ^[[36;1mecho "legajo íntegro - $(wc -l < MANIFEST.sha256) archivos verificados"^[[0m
legajo · hashes SHA-256	Verificar docs/MANIFEST.sha256 (208 archivos)	2026-09-18T04:41:33.2770896Z shell: /usr/bin/bash -e {0}
legajo · hashes SHA-256	Verificar docs/MANIFEST.sha256 (208 archivos)	2026-09-18T04:41:33.2772188Z ##[endgroup]
legajo · hashes SHA-256	Verificar docs/MANIFEST.sha256 (208 archivos)	2026-09-18T04:41:33.3006692Z legajo íntegro - 208 archivos verificados
legajo · hashes SHA-256	Post Run actions/checkout@v7	﻿2026-09-18T04:41:33.3267757Z Post job cleanup.
legajo · hashes SHA-256	Post Run actions/checkout@v7	2026-09-18T04:41:33.4224913Z [command]/usr/bin/git version
legajo · hashes SHA-256	Post Run actions/checkout@v7	2026-09-18T04:41:33.4302248Z git version 2.55.0
legajo · hashes SHA-256	Post Run actions/checkout@v7	2026-09-18T04:41:33.4375163Z Temporarily overriding HOME='/home/runner/work/_temp/145b4a55-cb3a-4ba3-8a70-ca1d904c0194' before making global git config changes
legajo · hashes SHA-256	Post Run actions/checkout@v7	2026-09-18T04:41:33.4392836Z Adding repository directory to the temporary git global config as a safe directory
legajo · hashes SHA-256	Post Run actions/checkout@v7	2026-09-18T04:41:33.4415502Z [command]/usr/bin/git config --global --add safe.directory /home/runner/work/be/be
legajo · hashes SHA-256	Post Run actions/checkout@v7	2026-09-18T04:41:33.4455076Z Removing SSH command configuration
legajo · hashes SHA-256	Post Run actions/checkout@v7	2026-09-18T04:41:33.4457986Z [command]/usr/bin/git config --local --name-only --get-regexp core\.sshCommand
legajo · hashes SHA-256	Post Run actions/checkout@v7	2026-09-18T04:41:33.4518967Z [command]/usr/bin/git submodule foreach --recursive sh -c "git config --local --name-only --get-regexp 'core\.sshCommand' && git config --local --unset-all 'core.sshCommand' || :"
legajo · hashes SHA-256	Post Run actions/checkout@v7	2026-09-18T04:41:33.4891930Z Removing HTTP extra header
legajo · hashes SHA-256	Post Run actions/checkout@v7	2026-09-18T04:41:33.4899188Z [command]/usr/bin/git config --local --name-only --get-regexp http\.https\:\/\/github\.com\/\.extraheader
legajo · hashes SHA-256	Post Run actions/checkout@v7	2026-09-18T04:41:33.4950368Z [command]/usr/bin/git submodule foreach --recursive sh -c "git config --local --name-only --get-regexp 'http\.https\:\/\/github\.com\/\.extraheader' && git config --local --unset-all 'http.https://github.com/.extraheader' || :"
legajo · hashes SHA-256	Post Run actions/checkout@v7	2026-09-18T04:41:33.5266560Z Removing includeIf entries pointing to credentials config files
legajo · hashes SHA-256	Post Run actions/checkout@v7	2026-09-18T04:41:33.5279143Z [command]/usr/bin/git config --local --name-only --get-regexp ^includeIf\.gitdir:
legajo · hashes SHA-256	Post Run actions/checkout@v7	2026-09-18T04:41:33.5295059Z includeif.gitdir:/home/runner/work/be/be/.git.path
legajo · hashes SHA-256	Post Run actions/checkout@v7	2026-09-18T04:41:33.5306439Z includeif.gitdir:/home/runner/work/be/be/.git/worktrees/*.path
legajo · hashes SHA-256	Post Run actions/checkout@v7	2026-09-18T04:41:33.5324848Z includeif.gitdir:/github/workspace/.git.path
legajo · hashes SHA-256	Post Run actions/checkout@v7	2026-09-18T04:41:33.5345101Z includeif.gitdir:/github/workspace/.git/worktrees/*.path
legajo · hashes SHA-256	Post Run actions/checkout@v7	2026-09-18T04:41:33.5396133Z [command]/usr/bin/git config --local --get-all includeif.gitdir:/home/runner/work/be/be/.git.path
legajo · hashes SHA-256	Post Run actions/checkout@v7	2026-09-18T04:41:33.5400490Z /home/runner/work/_temp/git-credentials-c4064e66-cfbc-412f-b762-d5dbfcdceaf8.config
legajo · hashes SHA-256	Post Run actions/checkout@v7	2026-09-18T04:41:33.5424593Z [command]/usr/bin/git config --local --unset includeif.gitdir:/home/runner/work/be/be/.git.path \/home\/runner\/work\/_temp\/git\-credentials\-c4064e66\-cfbc\-412f\-b762\-d5dbfcdceaf8\.config
legajo · hashes SHA-256	Post Run actions/checkout@v7	2026-09-18T04:41:33.5433883Z [command]/usr/bin/git config --local --get-all includeif.gitdir:/home/runner/work/be/be/.git/worktrees/*.path
legajo · hashes SHA-256	Post Run actions/checkout@v7	2026-09-18T04:41:33.5476243Z /home/runner/work/_temp/git-credentials-c4064e66-cfbc-412f-b762-d5dbfcdceaf8.config
legajo · hashes SHA-256	Post Run actions/checkout@v7	2026-09-18T04:41:33.5482903Z [command]/usr/bin/git config --local --unset includeif.gitdir:/home/runner/work/be/be/.git/worktrees/*.path \/home\/runner\/work\/_temp\/git\-credentials\-c4064e66\-cfbc\-412f\-b762\-d5dbfcdceaf8\.config
legajo · hashes SHA-256	Post Run actions/checkout@v7	2026-09-18T04:41:33.5577248Z [command]/usr/bin/git config --local --get-all includeif.gitdir:/github/workspace/.git.path
legajo · hashes SHA-256	Post Run actions/checkout@v7	2026-09-18T04:41:33.5605720Z /github/runner_temp/git-credentials-c4064e66-cfbc-412f-b762-d5dbfcdceaf8.config
legajo · hashes SHA-256	Post Run actions/checkout@v7	2026-09-18T04:41:33.5657612Z [command]/usr/bin/git config --local --unset includeif.gitdir:/github/workspace/.git.path \/github\/runner_temp\/git\-credentials\-c4064e66\-cfbc\-412f\-b762\-d5dbfcdceaf8\.config
legajo · hashes SHA-256	Post Run actions/checkout@v7	2026-09-18T04:41:33.5716766Z [command]/usr/bin/git config --local --get-all includeif.gitdir:/github/workspace/.git/worktrees/*.path
legajo · hashes SHA-256	Post Run actions/checkout@v7	2026-09-18T04:41:33.5732598Z /github/runner_temp/git-credentials-c4064e66-cfbc-412f-b762-d5dbfcdceaf8.config
legajo · hashes SHA-256	Post Run actions/checkout@v7	2026-09-18T04:41:33.5787951Z [command]/usr/bin/git config --local --unset includeif.gitdir:/github/workspace/.git/worktrees/*.path \/github\/runner_temp\/git\-credentials\-c4064e66\-cfbc\-412f\-b762\-d5dbfcdceaf8\.config
legajo · hashes SHA-256	Post Run actions/checkout@v7	2026-09-18T04:41:33.5856426Z [command]/usr/bin/git submodule foreach --recursive git config --local --show-origin --name-only --get-regexp remote.origin.url
legajo · hashes SHA-256	Post Run actions/checkout@v7	2026-09-18T04:41:33.6185840Z Removing credentials config '/home/runner/work/_temp/git-credentials-c4064e66-cfbc-412f-b762-d5dbfcdceaf8.config'
legajo · hashes SHA-256	Complete job	﻿2026-09-18T04:41:33.6330944Z Cleaning up orphan processes
