verificar · typecheck · unit · build · audit	Set up job	﻿2026-09-20T21:28:35.1099242Z Current runner version: '2.337.0'
verificar · typecheck · unit · build · audit	Set up job	2026-09-20T21:28:35.1123529Z ##[group]Runner Image Provisioner
verificar · typecheck · unit · build · audit	Set up job	2026-09-20T21:28:35.1124480Z Hosted Compute Agent
verificar · typecheck · unit · build · audit	Set up job	2026-09-20T21:28:35.1125092Z Version: 20260828.587
verificar · typecheck · unit · build · audit	Set up job	2026-09-20T21:28:35.1125849Z Commit: abac92662cab4cc7352de4f9f9d2e2419aad9c29
verificar · typecheck · unit · build · audit	Set up job	2026-09-20T21:28:35.1126615Z Build Date: 2026-08-28T16:44:25Z
verificar · typecheck · unit · build · audit	Set up job	2026-09-20T21:28:35.1127362Z Worker ID: {a45d4b6e-b919-46b7-abe3-fcb31f022d9c}
verificar · typecheck · unit · build · audit	Set up job	2026-09-20T21:28:35.1128158Z Azure Region: northcentralus
verificar · typecheck · unit · build · audit	Set up job	2026-09-20T21:28:35.1128775Z ##[endgroup]
verificar · typecheck · unit · build · audit	Set up job	2026-09-20T21:28:35.1130251Z ##[group]Operating System
verificar · typecheck · unit · build · audit	Set up job	2026-09-20T21:28:35.1130999Z Ubuntu
verificar · typecheck · unit · build · audit	Set up job	2026-09-20T21:28:35.1131523Z 24.04.5
verificar · typecheck · unit · build · audit	Set up job	2026-09-20T21:28:35.1132070Z LTS
verificar · typecheck · unit · build · audit	Set up job	2026-09-20T21:28:35.1132603Z ##[endgroup]
verificar · typecheck · unit · build · audit	Set up job	2026-09-20T21:28:35.1133419Z ##[group]Runner Image
verificar · typecheck · unit · build · audit	Set up job	2026-09-20T21:28:35.1134110Z Image: ubuntu-24.04
verificar · typecheck · unit · build · audit	Set up job	2026-09-20T21:28:35.1134676Z Version: 20260907.300.1
verificar · typecheck · unit · build · audit	Set up job	2026-09-20T21:28:35.1136105Z Included Software: https://github.com/actions/runner-images/blob/ubuntu24/20260907.300/images/ubuntu/Ubuntu2404-Readme.md
verificar · typecheck · unit · build · audit	Set up job	2026-09-20T21:28:35.1137918Z Image Release: https://github.com/actions/runner-images/releases/tag/ubuntu24%2F20260907.300
verificar · typecheck · unit · build · audit	Set up job	2026-09-20T21:28:35.1138959Z ##[endgroup]
verificar · typecheck · unit · build · audit	Set up job	2026-09-20T21:28:35.1140025Z ##[group]GITHUB_TOKEN Permissions
verificar · typecheck · unit · build · audit	Set up job	2026-09-20T21:28:35.1142145Z Contents: read
verificar · typecheck · unit · build · audit	Set up job	2026-09-20T21:28:35.1143081Z Metadata: read
verificar · typecheck · unit · build · audit	Set up job	2026-09-20T21:28:35.1143756Z ##[endgroup]
verificar · typecheck · unit · build · audit	Set up job	2026-09-20T21:28:35.1145789Z Secret source: Actions
verificar · typecheck · unit · build · audit	Set up job	2026-09-20T21:28:35.1146845Z Cache mode: write
verificar · typecheck · unit · build · audit	Set up job	2026-09-20T21:28:35.1147877Z Prepare workflow directory
verificar · typecheck · unit · build · audit	Set up job	2026-09-20T21:28:35.1477995Z Prepare all required actions
verificar · typecheck · unit · build · audit	Set up job	2026-09-20T21:28:35.1527618Z Getting action download info
verificar · typecheck · unit · build · audit	Set up job	2026-09-20T21:28:35.3578299Z Download action repository 'actions/checkout@v7' (SHA:3d3c42e5aac5ba805825da76410c181273ba90b1)
verificar · typecheck · unit · build · audit	Set up job	2026-09-20T21:28:35.4551757Z Download action repository 'actions/setup-node@v7' (SHA:820762786026740c76f36085b0efc47a31fe5020)
verificar · typecheck · unit · build · audit	Set up job	2026-09-20T21:28:35.6358678Z Complete job name: verificar · typecheck · unit · build · audit
verificar · typecheck · unit · build · audit	Run actions/checkout@v7	﻿2026-09-20T21:28:35.7136449Z ##[group]Run actions/checkout@v7
verificar · typecheck · unit · build · audit	Run actions/checkout@v7	2026-09-20T21:28:35.7137352Z with:
verificar · typecheck · unit · build · audit	Run actions/checkout@v7	2026-09-20T21:28:35.7137804Z   repository: Elian-Bufi/be
verificar · typecheck · unit · build · audit	Run actions/checkout@v7	2026-09-20T21:28:35.7141561Z   token: ***
verificar · typecheck · unit · build · audit	Run actions/checkout@v7	2026-09-20T21:28:35.7141990Z   ssh-strict: true
verificar · typecheck · unit · build · audit	Run actions/checkout@v7	2026-09-20T21:28:35.7142431Z   ssh-user: git
verificar · typecheck · unit · build · audit	Run actions/checkout@v7	2026-09-20T21:28:35.7143089Z   persist-credentials: true
verificar · typecheck · unit · build · audit	Run actions/checkout@v7	2026-09-20T21:28:35.7143590Z   clean: true
verificar · typecheck · unit · build · audit	Run actions/checkout@v7	2026-09-20T21:28:35.7144045Z   sparse-checkout-cone-mode: true
verificar · typecheck · unit · build · audit	Run actions/checkout@v7	2026-09-20T21:28:35.7144580Z   fetch-depth: 1
verificar · typecheck · unit · build · audit	Run actions/checkout@v7	2026-09-20T21:28:35.7145010Z   fetch-tags: false
verificar · typecheck · unit · build · audit	Run actions/checkout@v7	2026-09-20T21:28:35.7145452Z   show-progress: true
verificar · typecheck · unit · build · audit	Run actions/checkout@v7	2026-09-20T21:28:35.7145902Z   lfs: false
verificar · typecheck · unit · build · audit	Run actions/checkout@v7	2026-09-20T21:28:35.7146314Z   submodules: false
verificar · typecheck · unit · build · audit	Run actions/checkout@v7	2026-09-20T21:28:35.7146758Z   set-safe-directory: true
verificar · typecheck · unit · build · audit	Run actions/checkout@v7	2026-09-20T21:28:35.7147264Z   allow-unsafe-pr-checkout: false
verificar · typecheck · unit · build · audit	Run actions/checkout@v7	2026-09-20T21:28:35.7148042Z ##[endgroup]
verificar · typecheck · unit · build · audit	Run actions/checkout@v7	2026-09-20T21:28:35.8127077Z Syncing repository: Elian-Bufi/be
verificar · typecheck · unit · build · audit	Run actions/checkout@v7	2026-09-20T21:28:35.8130161Z ##[group]Getting Git version info
verificar · typecheck · unit · build · audit	Run actions/checkout@v7	2026-09-20T21:28:35.8130933Z Working directory is '/home/runner/work/be/be'
verificar · typecheck · unit · build · audit	Run actions/checkout@v7	2026-09-20T21:28:35.8132116Z [command]/usr/bin/git version
verificar · typecheck · unit · build · audit	Run actions/checkout@v7	2026-09-20T21:28:35.8195276Z git version 2.55.0
verificar · typecheck · unit · build · audit	Run actions/checkout@v7	2026-09-20T21:28:35.8224290Z ##[endgroup]
verificar · typecheck · unit · build · audit	Run actions/checkout@v7	2026-09-20T21:28:35.8233429Z Temporarily overriding HOME='/home/runner/work/_temp/0dd30be5-6ca3-4f62-b182-579c94ab9ab3' before making global git config changes
verificar · typecheck · unit · build · audit	Run actions/checkout@v7	2026-09-20T21:28:35.8235872Z Adding repository directory to the temporary git global config as a safe directory
verificar · typecheck · unit · build · audit	Run actions/checkout@v7	2026-09-20T21:28:35.8252355Z [command]/usr/bin/git config --global --add safe.directory /home/runner/work/be/be
verificar · typecheck · unit · build · audit	Run actions/checkout@v7	2026-09-20T21:28:35.8291258Z Deleting the contents of '/home/runner/work/be/be'
verificar · typecheck · unit · build · audit	Run actions/checkout@v7	2026-09-20T21:28:35.8295147Z ##[group]Determining repository object format
verificar · typecheck · unit · build · audit	Run actions/checkout@v7	2026-09-20T21:28:35.8296778Z ##[endgroup]
verificar · typecheck · unit · build · audit	Run actions/checkout@v7	2026-09-20T21:28:35.8298334Z ##[group]Initializing the repository
verificar · typecheck · unit · build · audit	Run actions/checkout@v7	2026-09-20T21:28:35.8304097Z [command]/usr/bin/git init /home/runner/work/be/be
verificar · typecheck · unit · build · audit	Run actions/checkout@v7	2026-09-20T21:28:35.8414127Z hint: Using 'master' as the name for the initial branch. This default branch name
verificar · typecheck · unit · build · audit	Run actions/checkout@v7	2026-09-20T21:28:35.8416048Z hint: will change to "main" in Git 3.0. To configure the initial branch name
verificar · typecheck · unit · build · audit	Run actions/checkout@v7	2026-09-20T21:28:35.8417986Z hint: to use in all of your new repositories, which will suppress this warning,
verificar · typecheck · unit · build · audit	Run actions/checkout@v7	2026-09-20T21:28:35.8419379Z hint: call:
verificar · typecheck · unit · build · audit	Run actions/checkout@v7	2026-09-20T21:28:35.8420186Z hint:
verificar · typecheck · unit · build · audit	Run actions/checkout@v7	2026-09-20T21:28:35.8421126Z hint: 	git config --global init.defaultBranch <name>
verificar · typecheck · unit · build · audit	Run actions/checkout@v7	2026-09-20T21:28:35.8422082Z hint:
verificar · typecheck · unit · build · audit	Run actions/checkout@v7	2026-09-20T21:28:35.8423350Z hint: Names commonly chosen instead of 'master' are 'main', 'trunk' and
verificar · typecheck · unit · build · audit	Run actions/checkout@v7	2026-09-20T21:28:35.8424742Z hint: 'development'. The just-created branch can be renamed via this command:
verificar · typecheck · unit · build · audit	Run actions/checkout@v7	2026-09-20T21:28:35.8425809Z hint:
verificar · typecheck · unit · build · audit	Run actions/checkout@v7	2026-09-20T21:28:35.8426613Z hint: 	git branch -m <name>
verificar · typecheck · unit · build · audit	Run actions/checkout@v7	2026-09-20T21:28:35.8427526Z hint:
verificar · typecheck · unit · build · audit	Run actions/checkout@v7	2026-09-20T21:28:35.8428614Z hint: Disable this message with "git config set advice.defaultBranchName false"
verificar · typecheck · unit · build · audit	Run actions/checkout@v7	2026-09-20T21:28:35.8430537Z Initialized empty Git repository in /home/runner/work/be/be/.git/
verificar · typecheck · unit · build · audit	Run actions/checkout@v7	2026-09-20T21:28:35.8434154Z [command]/usr/bin/git remote add origin https://github.com/Elian-Bufi/be
verificar · typecheck · unit · build · audit	Run actions/checkout@v7	2026-09-20T21:28:35.8479234Z ##[endgroup]
verificar · typecheck · unit · build · audit	Run actions/checkout@v7	2026-09-20T21:28:35.8480671Z ##[group]Disabling automatic garbage collection
verificar · typecheck · unit · build · audit	Run actions/checkout@v7	2026-09-20T21:28:35.8483238Z [command]/usr/bin/git config --local gc.auto 0
verificar · typecheck · unit · build · audit	Run actions/checkout@v7	2026-09-20T21:28:35.8535864Z ##[endgroup]
verificar · typecheck · unit · build · audit	Run actions/checkout@v7	2026-09-20T21:28:35.8536945Z ##[group]Setting up auth
verificar · typecheck · unit · build · audit	Run actions/checkout@v7	2026-09-20T21:28:35.8537768Z Removing SSH command configuration
verificar · typecheck · unit · build · audit	Run actions/checkout@v7	2026-09-20T21:28:35.8538704Z [command]/usr/bin/git config --local --name-only --get-regexp core\.sshCommand
verificar · typecheck · unit · build · audit	Run actions/checkout@v7	2026-09-20T21:28:35.8570614Z [command]/usr/bin/git submodule foreach --recursive sh -c "git config --local --name-only --get-regexp 'core\.sshCommand' && git config --local --unset-all 'core.sshCommand' || :"
verificar · typecheck · unit · build · audit	Run actions/checkout@v7	2026-09-20T21:28:35.8956259Z Removing HTTP extra header
verificar · typecheck · unit · build · audit	Run actions/checkout@v7	2026-09-20T21:28:35.8961152Z [command]/usr/bin/git config --local --name-only --get-regexp http\.https\:\/\/github\.com\/\.extraheader
verificar · typecheck · unit · build · audit	Run actions/checkout@v7	2026-09-20T21:28:35.8997192Z [command]/usr/bin/git submodule foreach --recursive sh -c "git config --local --name-only --get-regexp 'http\.https\:\/\/github\.com\/\.extraheader' && git config --local --unset-all 'http.https://github.com/.extraheader' || :"
verificar · typecheck · unit · build · audit	Run actions/checkout@v7	2026-09-20T21:28:35.9214580Z Removing includeIf entries pointing to credentials config files
verificar · typecheck · unit · build · audit	Run actions/checkout@v7	2026-09-20T21:28:35.9219600Z [command]/usr/bin/git config --local --name-only --get-regexp ^includeIf\.gitdir:
verificar · typecheck · unit · build · audit	Run actions/checkout@v7	2026-09-20T21:28:35.9255672Z [command]/usr/bin/git submodule foreach --recursive git config --local --show-origin --name-only --get-regexp remote.origin.url
verificar · typecheck · unit · build · audit	Run actions/checkout@v7	2026-09-20T21:28:35.9486937Z [command]/usr/bin/git config --file /home/runner/work/_temp/git-credentials-d21fbd07-96ba-46cb-842f-c4f7834e79c8.config http.https://github.com/.extraheader AUTHORIZATION: basic ***
verificar · typecheck · unit · build · audit	Run actions/checkout@v7	2026-09-20T21:28:35.9528048Z [command]/usr/bin/git config --local includeIf.gitdir:/home/runner/work/be/be/.git.path /home/runner/work/_temp/git-credentials-d21fbd07-96ba-46cb-842f-c4f7834e79c8.config
verificar · typecheck · unit · build · audit	Run actions/checkout@v7	2026-09-20T21:28:35.9563249Z [command]/usr/bin/git config --local includeIf.gitdir:/home/runner/work/be/be/.git/worktrees/*.path /home/runner/work/_temp/git-credentials-d21fbd07-96ba-46cb-842f-c4f7834e79c8.config
verificar · typecheck · unit · build · audit	Run actions/checkout@v7	2026-09-20T21:28:35.9603100Z [command]/usr/bin/git config --local includeIf.gitdir:/github/workspace/.git.path /github/runner_temp/git-credentials-d21fbd07-96ba-46cb-842f-c4f7834e79c8.config
verificar · typecheck · unit · build · audit	Run actions/checkout@v7	2026-09-20T21:28:35.9638428Z [command]/usr/bin/git config --local includeIf.gitdir:/github/workspace/.git/worktrees/*.path /github/runner_temp/git-credentials-d21fbd07-96ba-46cb-842f-c4f7834e79c8.config
verificar · typecheck · unit · build · audit	Run actions/checkout@v7	2026-09-20T21:28:35.9668305Z ##[endgroup]
verificar · typecheck · unit · build · audit	Run actions/checkout@v7	2026-09-20T21:28:35.9669065Z ##[group]Fetching the repository
verificar · typecheck · unit · build · audit	Run actions/checkout@v7	2026-09-20T21:28:35.9676755Z [command]/usr/bin/git -c protocol.version=2 fetch --no-tags --prune --no-recurse-submodules --depth=1 origin +02c252f79382f96aa35b80f66ac1a6bc43967e45:refs/remotes/origin/main
verificar · typecheck · unit · build · audit	Run actions/checkout@v7	2026-09-20T21:28:36.9328478Z From https://github.com/Elian-Bufi/be
verificar · typecheck · unit · build · audit	Run actions/checkout@v7	2026-09-20T21:28:36.9329775Z  * [new ref]         02c252f79382f96aa35b80f66ac1a6bc43967e45 -> origin/main
verificar · typecheck · unit · build · audit	Run actions/checkout@v7	2026-09-20T21:28:36.9340434Z [command]/usr/bin/git branch --list --remote origin/main
verificar · typecheck · unit · build · audit	Run actions/checkout@v7	2026-09-20T21:28:36.9373265Z   origin/main
verificar · typecheck · unit · build · audit	Run actions/checkout@v7	2026-09-20T21:28:36.9385658Z [command]/usr/bin/git rev-parse refs/remotes/origin/main
verificar · typecheck · unit · build · audit	Run actions/checkout@v7	2026-09-20T21:28:36.9415034Z 02c252f79382f96aa35b80f66ac1a6bc43967e45
verificar · typecheck · unit · build · audit	Run actions/checkout@v7	2026-09-20T21:28:36.9426665Z ##[endgroup]
verificar · typecheck · unit · build · audit	Run actions/checkout@v7	2026-09-20T21:28:36.9427959Z ##[group]Determining the checkout info
verificar · typecheck · unit · build · audit	Run actions/checkout@v7	2026-09-20T21:28:36.9429438Z ##[endgroup]
verificar · typecheck · unit · build · audit	Run actions/checkout@v7	2026-09-20T21:28:36.9432210Z [command]/usr/bin/git sparse-checkout disable
verificar · typecheck · unit · build · audit	Run actions/checkout@v7	2026-09-20T21:28:36.9486801Z [command]/usr/bin/git config --local --unset-all extensions.worktreeConfig
verificar · typecheck · unit · build · audit	Run actions/checkout@v7	2026-09-20T21:28:36.9522959Z ##[group]Checking out the ref
verificar · typecheck · unit · build · audit	Run actions/checkout@v7	2026-09-20T21:28:36.9525778Z [command]/usr/bin/git checkout --progress --force -B main refs/remotes/origin/main
verificar · typecheck · unit · build · audit	Run actions/checkout@v7	2026-09-20T21:28:37.1183399Z Switched to a new branch 'main'
verificar · typecheck · unit · build · audit	Run actions/checkout@v7	2026-09-20T21:28:37.1188620Z branch 'main' set up to track 'origin/main'.
verificar · typecheck · unit · build · audit	Run actions/checkout@v7	2026-09-20T21:28:37.1201959Z ##[endgroup]
verificar · typecheck · unit · build · audit	Run actions/checkout@v7	2026-09-20T21:28:37.1251103Z [command]/usr/bin/git log -1 --format=%H
verificar · typecheck · unit · build · audit	Run actions/checkout@v7	2026-09-20T21:28:37.1280277Z 02c252f79382f96aa35b80f66ac1a6bc43967e45
verificar · typecheck · unit · build · audit	Run actions/setup-node@v7	﻿2026-09-20T21:28:37.1613604Z ##[group]Run actions/setup-node@v7
verificar · typecheck · unit · build · audit	Run actions/setup-node@v7	2026-09-20T21:28:37.1614419Z with:
verificar · typecheck · unit · build · audit	Run actions/setup-node@v7	2026-09-20T21:28:37.1614898Z   node-version-file: .nvmrc
verificar · typecheck · unit · build · audit	Run actions/setup-node@v7	2026-09-20T21:28:37.1615522Z   cache: npm
verificar · typecheck · unit · build · audit	Run actions/setup-node@v7	2026-09-20T21:28:37.1616011Z   check-latest: false
verificar · typecheck · unit · build · audit	Run actions/setup-node@v7	2026-09-20T21:28:37.1624589Z   token: ***
verificar · typecheck · unit · build · audit	Run actions/setup-node@v7	2026-09-20T21:28:37.1625123Z   package-manager-cache: true
verificar · typecheck · unit · build · audit	Run actions/setup-node@v7	2026-09-20T21:28:37.1625764Z ##[endgroup]
verificar · typecheck · unit · build · audit	Run actions/setup-node@v7	2026-09-20T21:28:37.2890635Z Node version file is not JSON file
verificar · typecheck · unit · build · audit	Run actions/setup-node@v7	2026-09-20T21:28:37.2894130Z Resolved .nvmrc as 22.23.2
verificar · typecheck · unit · build · audit	Run actions/setup-node@v7	2026-09-20T21:28:37.3006615Z Found in cache @ /opt/hostedtoolcache/node/22.23.2/x64
verificar · typecheck · unit · build · audit	Run actions/setup-node@v7	2026-09-20T21:28:37.3009252Z ##[group]Environment details
verificar · typecheck · unit · build · audit	Run actions/setup-node@v7	2026-09-20T21:28:37.7134153Z node: v22.23.2
verificar · typecheck · unit · build · audit	Run actions/setup-node@v7	2026-09-20T21:28:37.7136307Z npm: 10.9.8
verificar · typecheck · unit · build · audit	Run actions/setup-node@v7	2026-09-20T21:28:37.7137003Z yarn: 1.22.22
verificar · typecheck · unit · build · audit	Run actions/setup-node@v7	2026-09-20T21:28:37.7138396Z ##[endgroup]
verificar · typecheck · unit · build · audit	Run actions/setup-node@v7	2026-09-20T21:28:37.7157324Z [command]/opt/hostedtoolcache/node/22.23.2/x64/bin/npm config get cache
verificar · typecheck · unit · build · audit	Run actions/setup-node@v7	2026-09-20T21:28:37.8243929Z /home/runner/.npm
verificar · typecheck · unit · build · audit	Run actions/setup-node@v7	2026-09-20T21:28:37.9372325Z Cache hit for: node-cache-Linux-x64-npm-20f37bacec17541ccc466e7f21c11936234080f9298e29b9200cbcfda25c3714
verificar · typecheck · unit · build · audit	Run actions/setup-node@v7	2026-09-20T21:28:39.0606629Z Received 130023424 of 334996162 (38.8%), 123.9 MBs/sec
verificar · typecheck · unit · build · audit	Run actions/setup-node@v7	2026-09-20T21:28:40.0583860Z Received 310378496 of 334996162 (92.7%), 147.8 MBs/sec
verificar · typecheck · unit · build · audit	Run actions/setup-node@v7	2026-09-20T21:28:40.2314259Z Received 334996162 of 334996162 (100.0%), 146.8 MBs/sec
verificar · typecheck · unit · build · audit	Run actions/setup-node@v7	2026-09-20T21:28:40.2315257Z Cache Size: ~319 MB (334996162 B)
verificar · typecheck · unit · build · audit	Run actions/setup-node@v7	2026-09-20T21:28:40.2352627Z [command]/usr/bin/tar -xf /home/runner/work/_temp/3c33dac0-6115-448f-81ea-7360c382337e/cache.tzst -P -C /home/runner/work/be/be --use-compress-program unzstd
verificar · typecheck · unit · build · audit	Run actions/setup-node@v7	2026-09-20T21:28:40.7757212Z Cache restored successfully
verificar · typecheck · unit · build · audit	Run actions/setup-node@v7	2026-09-20T21:28:40.7904893Z Cache restored from key: node-cache-Linux-x64-npm-20f37bacec17541ccc466e7f21c11936234080f9298e29b9200cbcfda25c3714
verificar · typecheck · unit · build · audit	Run npm ci	﻿2026-09-20T21:28:40.8090747Z ##[group]Run npm ci
verificar · typecheck · unit · build · audit	Run npm ci	2026-09-20T21:28:40.8091104Z ^[[36;1mnpm ci^[[0m
verificar · typecheck · unit · build · audit	Run npm ci	2026-09-20T21:28:40.8141243Z shell: /usr/bin/bash -e {0}
verificar · typecheck · unit · build · audit	Run npm ci	2026-09-20T21:28:40.8141550Z ##[endgroup]
verificar · typecheck · unit · build · audit	Run npm ci	2026-09-20T21:28:48.6471626Z npm warn deprecated uuid@7.0.3: uuid@10 and below is no longer supported.  For ESM codebases, update to uuid@latest.  For CommonJS codebases, use uuid@11 (but be aware this version will likely be deprecated in 2028).
verificar · typecheck · unit · build · audit	Run npm ci	2026-09-20T21:28:49.1818220Z npm warn deprecated glob@10.5.0: Old versions of glob are not supported, and contain widely publicized security vulnerabilities, which have been fixed in the current version. Please update. Support for old versions may be purchased (at exorbitant rates) by contacting i@izs.me
verificar · typecheck · unit · build · audit	Run npm ci	2026-09-20T21:28:49.1821228Z npm warn deprecated glob@10.5.0: Old versions of glob are not supported, and contain widely publicized security vulnerabilities, which have been fixed in the current version. Please update. Support for old versions may be purchased (at exorbitant rates) by contacting i@izs.me
verificar · typecheck · unit · build · audit	Run npm ci	2026-09-20T21:29:08.7358814Z 
verificar · typecheck · unit · build · audit	Run npm ci	2026-09-20T21:29:08.7374416Z added 978 packages, and audited 983 packages in 28s
verificar · typecheck · unit · build · audit	Run npm ci	2026-09-20T21:29:08.7977631Z 
verificar · typecheck · unit · build · audit	Run npm ci	2026-09-20T21:29:08.7978370Z 10 moderate severity vulnerabilities
verificar · typecheck · unit · build · audit	Run npm ci	2026-09-20T21:29:08.7978842Z 
verificar · typecheck · unit · build · audit	Run npm ci	2026-09-20T21:29:08.7979957Z To address issues that do not require attention, run:
verificar · typecheck · unit · build · audit	Run npm ci	2026-09-20T21:29:08.7980637Z   npm audit fix
verificar · typecheck · unit · build · audit	Run npm ci	2026-09-20T21:29:08.7980897Z 
verificar · typecheck · unit · build · audit	Run npm ci	2026-09-20T21:29:08.7981354Z To address all issues (including breaking changes), run:
verificar · typecheck · unit · build · audit	Run npm ci	2026-09-20T21:29:08.7982056Z   npm audit fix --force
verificar · typecheck · unit · build · audit	Run npm ci	2026-09-20T21:29:08.7982363Z 
verificar · typecheck · unit · build · audit	Run npm ci	2026-09-20T21:29:08.7982619Z Run `npm audit` for details.
verificar · typecheck · unit · build · audit	Run npx prisma generate	﻿2026-09-20T21:29:08.9363958Z ##[group]Run npx prisma generate
verificar · typecheck · unit · build · audit	Run npx prisma generate	2026-09-20T21:29:08.9364330Z ^[[36;1mnpx prisma generate^[[0m
verificar · typecheck · unit · build · audit	Run npx prisma generate	2026-09-20T21:29:08.9402878Z shell: /usr/bin/bash -e {0}
verificar · typecheck · unit · build · audit	Run npx prisma generate	2026-09-20T21:29:08.9403199Z ##[endgroup]
verificar · typecheck · unit · build · audit	Run npx prisma generate	2026-09-20T21:29:09.9018213Z warn The configuration property `package.json#prisma` is deprecated and will be removed in Prisma 7. Please migrate to a Prisma config file (e.g., `prisma.config.ts`).
verificar · typecheck · unit · build · audit	Run npx prisma generate	2026-09-20T21:29:09.9019976Z For more information, see: https://pris.ly/prisma-config
verificar · typecheck · unit · build · audit	Run npx prisma generate	2026-09-20T21:29:09.9020475Z 
verificar · typecheck · unit · build · audit	Run npx prisma generate	2026-09-20T21:29:10.0731129Z Prisma schema loaded from prisma/schema.prisma
verificar · typecheck · unit · build · audit	Run npx prisma generate	2026-09-20T21:29:10.7969058Z ┌─────────────────────────────────────────────────────────┐
verificar · typecheck · unit · build · audit	Run npx prisma generate	2026-09-20T21:29:10.7970125Z │  Update available 6.19.3 -> 8.0.0-rc.15                 │
verificar · typecheck · unit · build · audit	Run npx prisma generate	2026-09-20T21:29:10.7970825Z │                                                         │
verificar · typecheck · unit · build · audit	Run npx prisma generate	2026-09-20T21:29:10.7971660Z │  This is a major update - please follow the guide at    │
verificar · typecheck · unit · build · audit	Run npx prisma generate	2026-09-20T21:29:10.7972615Z │  https://pris.ly/d/major-version-upgrade                │
verificar · typecheck · unit · build · audit	Run npx prisma generate	2026-09-20T21:29:10.7973834Z │                                                         │
verificar · typecheck · unit · build · audit	Run npx prisma generate	2026-09-20T21:29:10.7974638Z │  Run the following to update                            │
verificar · typecheck · unit · build · audit	Run npx prisma generate	2026-09-20T21:29:10.7975540Z │    npm i --save-dev prisma@latest                       │
verificar · typecheck · unit · build · audit	Run npx prisma generate	2026-09-20T21:29:10.7976428Z │    npm i @prisma/client@latest                          │
verificar · typecheck · unit · build · audit	Run npx prisma generate	2026-09-20T21:29:10.7977306Z └─────────────────────────────────────────────────────────┘
verificar · typecheck · unit · build · audit	Run npx prisma generate	2026-09-20T21:29:10.7977999Z 
verificar · typecheck · unit · build · audit	Run npx prisma generate	2026-09-20T21:29:10.7978903Z ✔ Generated Prisma Client (v6.19.3) to ./node_modules/@prisma/client in 348ms
verificar · typecheck · unit · build · audit	Run npx prisma generate	2026-09-20T21:29:10.7979708Z 
verificar · typecheck · unit · build · audit	Run npx prisma generate	2026-09-20T21:29:10.7980578Z Start by importing your Prisma Client (See: https://pris.ly/d/importing-client)
verificar · typecheck · unit · build · audit	Run npx prisma generate	2026-09-20T21:29:10.7981327Z 
verificar · typecheck · unit · build · audit	Run npx prisma generate	2026-09-20T21:29:10.7981994Z Tip: Want to turn off tips and other hints? https://pris.ly/tip-4-nohints
verificar · typecheck · unit · build · audit	Run npx prisma generate	2026-09-20T21:29:10.7982924Z 
verificar · typecheck · unit · build · audit	Typecheck (domain, api, web, mobile)	﻿2026-09-20T21:29:10.8367590Z ##[group]Run npm run typecheck
verificar · typecheck · unit · build · audit	Typecheck (domain, api, web, mobile)	2026-09-20T21:29:10.8368039Z ^[[36;1mnpm run typecheck^[[0m
verificar · typecheck · unit · build · audit	Typecheck (domain, api, web, mobile)	2026-09-20T21:29:10.8406822Z shell: /usr/bin/bash -e {0}
verificar · typecheck · unit · build · audit	Typecheck (domain, api, web, mobile)	2026-09-20T21:29:10.8407087Z ##[endgroup]
verificar · typecheck · unit · build · audit	Typecheck (domain, api, web, mobile)	2026-09-20T21:29:10.9384467Z 
verificar · typecheck · unit · build · audit	Typecheck (domain, api, web, mobile)	2026-09-20T21:29:10.9384932Z > be@0.1.0 typecheck
verificar · typecheck · unit · build · audit	Typecheck (domain, api, web, mobile)	2026-09-20T21:29:10.9385667Z > npm run build:domain && npm run typecheck --workspaces --if-present
verificar · typecheck · unit · build · audit	Typecheck (domain, api, web, mobile)	2026-09-20T21:29:10.9386032Z 
verificar · typecheck · unit · build · audit	Typecheck (domain, api, web, mobile)	2026-09-20T21:29:11.0340052Z 
verificar · typecheck · unit · build · audit	Typecheck (domain, api, web, mobile)	2026-09-20T21:29:11.0340640Z > be@0.1.0 build:domain
verificar · typecheck · unit · build · audit	Typecheck (domain, api, web, mobile)	2026-09-20T21:29:11.0341075Z > npm run build -w @be/domain
verificar · typecheck · unit · build · audit	Typecheck (domain, api, web, mobile)	2026-09-20T21:29:11.0341288Z 
verificar · typecheck · unit · build · audit	Typecheck (domain, api, web, mobile)	2026-09-20T21:29:11.1531218Z 
verificar · typecheck · unit · build · audit	Typecheck (domain, api, web, mobile)	2026-09-20T21:29:11.1531939Z > @be/domain@0.1.0 build
verificar · typecheck · unit · build · audit	Typecheck (domain, api, web, mobile)	2026-09-20T21:29:11.1532316Z > tsc -p tsconfig.json
verificar · typecheck · unit · build · audit	Typecheck (domain, api, web, mobile)	2026-09-20T21:29:11.1532509Z 
verificar · typecheck · unit · build · audit	Typecheck (domain, api, web, mobile)	2026-09-20T21:29:15.0599878Z 
verificar · typecheck · unit · build · audit	Typecheck (domain, api, web, mobile)	2026-09-20T21:29:15.0600562Z > @be/domain@0.1.0 typecheck
verificar · typecheck · unit · build · audit	Typecheck (domain, api, web, mobile)	2026-09-20T21:29:15.0601116Z > tsc -p tsconfig.json --noEmit
verificar · typecheck · unit · build · audit	Typecheck (domain, api, web, mobile)	2026-09-20T21:29:15.0601342Z 
verificar · typecheck · unit · build · audit	Typecheck (domain, api, web, mobile)	2026-09-20T21:29:18.3609967Z 
verificar · typecheck · unit · build · audit	Typecheck (domain, api, web, mobile)	2026-09-20T21:29:18.3610599Z > @be/api@0.5.1 typecheck
verificar · typecheck · unit · build · audit	Typecheck (domain, api, web, mobile)	2026-09-20T21:29:18.3611321Z > tsc -p tsconfig.json --noEmit
verificar · typecheck · unit · build · audit	Typecheck (domain, api, web, mobile)	2026-09-20T21:29:18.3611644Z 
verificar · typecheck · unit · build · audit	Typecheck (domain, api, web, mobile)	2026-09-20T21:29:22.6597125Z 
verificar · typecheck · unit · build · audit	Typecheck (domain, api, web, mobile)	2026-09-20T21:29:22.6597724Z > @be/web@0.5.1 typecheck
verificar · typecheck · unit · build · audit	Typecheck (domain, api, web, mobile)	2026-09-20T21:29:22.6598091Z > tsc --noEmit
verificar · typecheck · unit · build · audit	Typecheck (domain, api, web, mobile)	2026-09-20T21:29:22.6598245Z 
verificar · typecheck · unit · build · audit	Typecheck (domain, api, web, mobile)	2026-09-20T21:29:27.2646372Z 
verificar · typecheck · unit · build · audit	Typecheck (domain, api, web, mobile)	2026-09-20T21:29:27.2646991Z > @be/mobile@0.5.1 typecheck
verificar · typecheck · unit · build · audit	Typecheck (domain, api, web, mobile)	2026-09-20T21:29:27.2647480Z > tsc --noEmit
verificar · typecheck · unit · build · audit	Typecheck (domain, api, web, mobile)	2026-09-20T21:29:27.2647689Z 
verificar · typecheck · unit · build · audit	OpenAPI generado desde @be/domain sin drift (09v7 T21)	﻿2026-09-20T21:29:29.5118285Z ##[group]Run node scripts/generar-openapi.cjs --verificar
verificar · typecheck · unit · build · audit	OpenAPI generado desde @be/domain sin drift (09v7 T21)	2026-09-20T21:29:29.5118779Z ^[[36;1mnode scripts/generar-openapi.cjs --verificar^[[0m
verificar · typecheck · unit · build · audit	OpenAPI generado desde @be/domain sin drift (09v7 T21)	2026-09-20T21:29:29.5156451Z shell: /usr/bin/bash -e {0}
verificar · typecheck · unit · build · audit	OpenAPI generado desde @be/domain sin drift (09v7 T21)	2026-09-20T21:29:29.5156729Z ##[endgroup]
verificar · typecheck · unit · build · audit	OpenAPI generado desde @be/domain sin drift (09v7 T21)	2026-09-20T21:29:29.6765290Z OpenAPI al día con @be/domain.
verificar · typecheck · unit · build · audit	Pruebas unitarias (domain, api)	﻿2026-09-20T21:29:29.6911757Z ##[group]Run npm test
verificar · typecheck · unit · build · audit	Pruebas unitarias (domain, api)	2026-09-20T21:29:29.6912047Z ^[[36;1mnpm test^[[0m
verificar · typecheck · unit · build · audit	Pruebas unitarias (domain, api)	2026-09-20T21:29:29.6949165Z shell: /usr/bin/bash -e {0}
verificar · typecheck · unit · build · audit	Pruebas unitarias (domain, api)	2026-09-20T21:29:29.6949429Z ##[endgroup]
verificar · typecheck · unit · build · audit	Pruebas unitarias (domain, api)	2026-09-20T21:29:29.7986039Z 
verificar · typecheck · unit · build · audit	Pruebas unitarias (domain, api)	2026-09-20T21:29:29.7986714Z > be@0.1.0 test
verificar · typecheck · unit · build · audit	Pruebas unitarias (domain, api)	2026-09-20T21:29:29.7988060Z > npm run build:domain && npm run test -w @be/domain && node --test scripts/copy-pantallas.test.cjs && npm run test -w @be/api
verificar · typecheck · unit · build · audit	Pruebas unitarias (domain, api)	2026-09-20T21:29:29.7988951Z 
verificar · typecheck · unit · build · audit	Pruebas unitarias (domain, api)	2026-09-20T21:29:29.8984633Z 
verificar · typecheck · unit · build · audit	Pruebas unitarias (domain, api)	2026-09-20T21:29:29.8985025Z > be@0.1.0 build:domain
verificar · typecheck · unit · build · audit	Pruebas unitarias (domain, api)	2026-09-20T21:29:29.8985551Z > npm run build -w @be/domain
verificar · typecheck · unit · build · audit	Pruebas unitarias (domain, api)	2026-09-20T21:29:29.8985881Z 
verificar · typecheck · unit · build · audit	Pruebas unitarias (domain, api)	2026-09-20T21:29:30.0164092Z 
verificar · typecheck · unit · build · audit	Pruebas unitarias (domain, api)	2026-09-20T21:29:30.0164647Z > @be/domain@0.1.0 build
verificar · typecheck · unit · build · audit	Pruebas unitarias (domain, api)	2026-09-20T21:29:30.0165270Z > tsc -p tsconfig.json
verificar · typecheck · unit · build · audit	Pruebas unitarias (domain, api)	2026-09-20T21:29:30.0165593Z 
verificar · typecheck · unit · build · audit	Pruebas unitarias (domain, api)	2026-09-20T21:29:33.8698812Z 
verificar · typecheck · unit · build · audit	Pruebas unitarias (domain, api)	2026-09-20T21:29:33.8699461Z > @be/domain@0.1.0 test
verificar · typecheck · unit · build · audit	Pruebas unitarias (domain, api)	2026-09-20T21:29:33.8700084Z > node --test dist/**/*.test.js
verificar · typecheck · unit · build · audit	Pruebas unitarias (domain, api)	2026-09-20T21:29:33.8700385Z 
verificar · typecheck · unit · build · audit	Pruebas unitarias (domain, api)	2026-09-20T21:29:33.9224341Z TAP version 13
verificar · typecheck · unit · build · audit	Pruebas unitarias (domain, api)	2026-09-20T21:29:34.1104793Z # Subtest: cliente: el registro envía A1 y A2 con la versión vigente, superficie e Idempotency-Key; nunca A3
verificar · typecheck · unit · build · audit	Pruebas unitarias (domain, api)	2026-09-20T21:29:34.1106834Z ok 1 - cliente: el registro envía A1 y A2 con la versión vigente, superficie e Idempotency-Key; nunca A3
verificar · typecheck · unit · build · audit	Pruebas unitarias (domain, api)	2026-09-20T21:29:34.1144839Z   ---
verificar · typecheck · unit · build · audit	Pruebas unitarias (domain, api)	2026-09-20T21:29:34.1153711Z   duration_ms: 37.521366
verificar · typecheck · unit · build · audit	Pruebas unitarias (domain, api)	2026-09-20T21:29:34.1154380Z   type: 'test'
verificar · typecheck · unit · build · audit	Pruebas unitarias (domain, api)	2026-09-20T21:29:34.1155076Z   ...
verificar · typecheck · unit · build · audit	Pruebas unitarias (domain, api)	2026-09-20T21:29:34.1156804Z # Subtest: cliente: una respuesta 2xx con otra forma no se interpreta (validación de contrato)
verificar · typecheck · unit · build · audit	Pruebas unitarias (domain, api)	2026-09-20T21:29:34.1194678Z ok 2 - cliente: una respuesta 2xx con otra forma no se interpreta (validación de contrato)
verificar · typecheck · unit · build · audit	Pruebas unitarias (domain, api)	2026-09-20T21:29:34.1196302Z   ---
verificar · typecheck · unit · build · audit	Pruebas unitarias (domain, api)	2026-09-20T21:29:34.1207925Z   duration_ms: 0.776223
verificar · typecheck · unit · build · audit	Pruebas unitarias (domain, api)	2026-09-20T21:29:34.1208653Z   type: 'test'
verificar · typecheck · unit · build · audit	Pruebas unitarias (domain, api)	2026-09-20T21:29:34.1226534Z   ...
verificar · typecheck · unit · build · audit	Pruebas unitarias (domain, api)	2026-09-20T21:29:34.1227975Z # Subtest: cliente: un ErrorEnvelope se traduce a su código e issues, sin exponer el mensaje del servidor
verificar · typecheck · unit · build · audit	Pruebas unitarias (domain, api)	2026-09-20T21:29:34.1252187Z ok 3 - cliente: un ErrorEnvelope se traduce a su código e issues, sin exponer el mensaje del servidor
verificar · typecheck · unit · build · audit	Pruebas unitarias (domain, api)	2026-09-20T21:29:34.1253850Z   ---
verificar · typecheck · unit · build · audit	Pruebas unitarias (domain, api)	2026-09-20T21:29:34.1254348Z   duration_ms: 1.757167
verificar · typecheck · unit · build · audit	Pruebas unitarias (domain, api)	2026-09-20T21:29:34.1254882Z   type: 'test'
verificar · typecheck · unit · build · audit	Pruebas unitarias (domain, api)	2026-09-20T21:29:34.1255375Z   ...
verificar · typecheck · unit · build · audit	Pruebas unitarias (domain, api)	2026-09-20T21:29:34.1256436Z # Subtest: cliente: sin respuesta de red el resultado es RED (incierto), nunca éxito
verificar · typecheck · unit · build · audit	Pruebas unitarias (domain, api)	2026-09-20T21:29:34.1257885Z ok 4 - cliente: sin respuesta de red el resultado es RED (incierto), nunca éxito
verificar · typecheck · unit · build · audit	Pruebas unitarias (domain, api)	2026-09-20T21:29:34.1258735Z   ---
verificar · typecheck · unit · build · audit	Pruebas unitarias (domain, api)	2026-09-20T21:29:34.1259220Z   duration_ms: 0.305879
verificar · typecheck · unit · build · audit	Pruebas unitarias (domain, api)	2026-09-20T21:29:34.1259753Z   type: 'test'
verificar · typecheck · unit · build · audit	Pruebas unitarias (domain, api)	2026-09-20T21:29:34.1260238Z   ...
verificar · typecheck · unit · build · audit	Pruebas unitarias (domain, api)	2026-09-20T21:29:34.1261570Z # Subtest: cliente: el cierre envía la versión de consecuencias mostrada y confirmación explícita, con Bearer
verificar · typecheck · unit · build · audit	Pruebas unitarias (domain, api)	2026-09-20T21:29:34.1264308Z ok 5 - cliente: el cierre envía la versión de consecuencias mostrada y confirmación explícita, con Bearer
verificar · typecheck · unit · build · audit	Pruebas unitarias (domain, api)	2026-09-20T21:29:34.1271040Z   ---
verificar · typecheck · unit · build · audit	Pruebas unitarias (domain, api)	2026-09-20T21:29:34.1271651Z   duration_ms: 2.089244
verificar · typecheck · unit · build · audit	Pruebas unitarias (domain, api)	2026-09-20T21:29:34.1272317Z   type: 'test'
verificar · typecheck · unit · build · audit	Pruebas unitarias (domain, api)	2026-09-20T21:29:34.1273215Z   ...
verificar · typecheck · unit · build · audit	Pruebas unitarias (domain, api)	2026-09-20T21:29:34.1274177Z # Subtest: copy: sin frases prohibidas por el 10 (10-B02, 10-ADD, 10-B10)
verificar · typecheck · unit · build · audit	Pruebas unitarias (domain, api)	2026-09-20T21:29:34.1275464Z ok 6 - copy: sin frases prohibidas por el 10 (10-B02, 10-ADD, 10-B10)
verificar · typecheck · unit · build · audit	Pruebas unitarias (domain, api)	2026-09-20T21:29:34.1276386Z   ---
verificar · typecheck · unit · build · audit	Pruebas unitarias (domain, api)	2026-09-20T21:29:34.1276986Z   duration_ms: 0.327929
verificar · typecheck · unit · build · audit	Pruebas unitarias (domain, api)	2026-09-20T21:29:34.1277593Z   type: 'test'
verificar · typecheck · unit · build · audit	Pruebas unitarias (domain, api)	2026-09-20T21:29:34.1278079Z   ...
verificar · typecheck · unit · build · audit	Pruebas unitarias (domain, api)	2026-09-20T21:29:34.1279339Z # Subtest: cliente ANT: cada operación va a la ruta que declara el 09, y las dos colecciones no se cruzan
verificar · typecheck · unit · build · audit	Pruebas unitarias (domain, api)	2026-09-20T21:29:34.1281122Z ok 7 - cliente ANT: cada operación va a la ruta que declara el 09, y las dos colecciones no se cruzan
verificar · typecheck · unit · build · audit	Pruebas unitarias (domain, api)	2026-09-20T21:29:34.1282198Z   ---
verificar · typecheck · unit · build · audit	Pruebas unitarias (domain, api)	2026-09-20T21:29:34.1283010Z   duration_ms: 5.561761
verificar · typecheck · unit · build · audit	Pruebas unitarias (domain, api)	2026-09-20T21:29:34.1283688Z   type: 'test'
verificar · typecheck · unit · build · audit	Pruebas unitarias (domain, api)	2026-09-20T21:29:34.1284242Z   ...
verificar · typecheck · unit · build · audit	Pruebas unitarias (domain, api)	2026-09-20T21:29:34.1445509Z # Subtest: TEST-CAL-001 · REG-06-203: publicar una versión nueva no vuelve seleccionable ni reescribe a la anterior
verificar · typecheck · unit · build · audit	Pruebas unitarias (domain, api)	2026-09-20T21:29:34.1484170Z ok 8 - TEST-CAL-001 · REG-06-203: publicar una versión nueva no vuelve seleccionable ni reescribe a la anterior
verificar · typecheck · unit · build · audit	Pruebas unitarias (domain, api)	2026-09-20T21:29:34.1486175Z   ---
verificar · typecheck · unit · build · audit	Pruebas unitarias (domain, api)	2026-09-20T21:29:34.1509240Z   duration_ms: 1.857685
verificar · typecheck · unit · build · audit	Pruebas unitarias (domain, api)	2026-09-20T21:29:34.1536226Z   type: 'test'
verificar · typecheck · unit · build · audit	Pruebas unitarias (domain, api)	2026-09-20T21:29:34.1537479Z   ...
verificar · typecheck · unit · build · audit	Pruebas unitarias (domain, api)	2026-09-20T21:29:34.1539273Z # Subtest: TEST-CAL-002 · REG-06-204: un dato existente con procedencia no admisible no produce una ejecución
verificar · typecheck · unit · build · audit	Pruebas unitarias (domain, api)	2026-09-20T21:29:34.1541525Z ok 9 - TEST-CAL-002 · REG-06-204: un dato existente con procedencia no admisible no produce una ejecución
verificar · typecheck · unit · build · audit	Pruebas unitarias (domain, api)	2026-09-20T21:29:34.1544225Z   ---
verificar · typecheck · unit · build · audit	Pruebas unitarias (domain, api)	2026-09-20T21:29:34.1544881Z   duration_ms: 1.252689
verificar · typecheck · unit · build · audit	Pruebas unitarias (domain, api)	2026-09-20T21:29:34.1546032Z   type: 'test'
verificar · typecheck · unit · build · audit	Pruebas unitarias (domain, api)	2026-09-20T21:29:34.1546665Z   ...
verificar · typecheck · unit · build · audit	Pruebas unitarias (domain, api)	2026-09-20T21:29:34.1548453Z # Subtest: REG-06-204 · falta de entrada, unidad ajena, métrica cruzada y entrada anulada tampoco alcanzan
verificar · typecheck · unit · build · audit	Pruebas unitarias (domain, api)	2026-09-20T21:29:34.1550950Z ok 10 - REG-06-204 · falta de entrada, unidad ajena, métrica cruzada y entrada anulada tampoco alcanzan
verificar · typecheck · unit · build · audit	Pruebas unitarias (domain, api)	2026-09-20T21:29:34.1552431Z   ---
verificar · typecheck · unit · build · audit	Pruebas unitarias (domain, api)	2026-09-20T21:29:34.1553340Z   duration_ms: 0.640391
verificar · typecheck · unit · build · audit	Pruebas unitarias (domain, api)	2026-09-20T21:29:34.1554519Z   type: 'test'
verificar · typecheck · unit · build · audit	Pruebas unitarias (domain, api)	2026-09-20T21:29:34.1555225Z   ...
verificar · typecheck · unit · build · audit	Pruebas unitarias (domain, api)	2026-09-20T21:29:34.1562947Z # Subtest: REG-06-203 · una versión no se usa para una finalidad que no declara
verificar · typecheck · unit · build · audit	Pruebas unitarias (domain, api)	2026-09-20T21:29:34.1589824Z ok 11 - REG-06-203 · una versión no se usa para una finalidad que no declara
verificar · typecheck · unit · build · audit	Pruebas unitarias (domain, api)	2026-09-20T21:29:34.1599012Z   ---
verificar · typecheck · unit · build · audit	Pruebas unitarias (domain, api)	2026-09-20T21:29:34.1599658Z   duration_ms: 0.210201
verificar · typecheck · unit · build · audit	Pruebas unitarias (domain, api)	2026-09-20T21:29:34.1606250Z   type: 'test'
verificar · typecheck · unit · build · audit	Pruebas unitarias (domain, api)	2026-09-20T21:29:34.1606968Z   ...
verificar · typecheck · unit · build · audit	Pruebas unitarias (domain, api)	2026-09-20T21:29:34.1608751Z # Subtest: TEST-CAL-004 y TEST-CAL-005 · REG-06-205: las corridas coexisten tal como están
verificar · typecheck · unit · build · audit	Pruebas unitarias (domain, api)	2026-09-20T21:29:34.1610846Z ok 12 - TEST-CAL-004 y TEST-CAL-005 · REG-06-205: las corridas coexisten tal como están
verificar · typecheck · unit · build · audit	Pruebas unitarias (domain, api)	2026-09-20T21:29:34.1612204Z   ---
verificar · typecheck · unit · build · audit	Pruebas unitarias (domain, api)	2026-09-20T21:29:34.1613049Z   duration_ms: 0.391278
verificar · typecheck · unit · build · audit	Pruebas unitarias (domain, api)	2026-09-20T21:29:34.1671943Z   type: 'test'
verificar · typecheck · unit · build · audit	Pruebas unitarias (domain, api)	2026-09-20T21:29:34.1688564Z   ...
verificar · typecheck · unit · build · audit	Pruebas unitarias (domain, api)	2026-09-20T21:29:34.1690285Z # Subtest: TEST-CAL-006 · REG-06-207: adoptar sucede a la referencia anterior y no la borra
verificar · typecheck · unit · build · audit	Pruebas unitarias (domain, api)	2026-09-20T21:29:34.1692057Z ok 13 - TEST-CAL-006 · REG-06-207: adoptar sucede a la referencia anterior y no la borra
verificar · typecheck · unit · build · audit	Pruebas unitarias (domain, api)	2026-09-20T21:29:34.1693160Z   ---
verificar · typecheck · unit · build · audit	Pruebas unitarias (domain, api)	2026-09-20T21:29:34.1693649Z   duration_ms: 0.332528
verificar · typecheck · unit · build · audit	Pruebas unitarias (domain, api)	2026-09-20T21:29:34.1694178Z   type: 'test'
verificar · typecheck · unit · build · audit	Pruebas unitarias (domain, api)	2026-09-20T21:29:34.1694654Z   ...
verificar · typecheck · unit · build · audit	Pruebas unitarias (domain, api)	2026-09-20T21:29:34.1695531Z # Subtest: REG-06-207 · la referencia no cruza personas ni finalidades
verificar · typecheck · unit · build · audit	Pruebas unitarias (domain, api)	2026-09-20T21:29:34.1697166Z ok 14 - REG-06-207 · la referencia no cruza personas ni finalidades
verificar · typecheck · unit · build · audit	Pruebas unitarias (domain, api)	2026-09-20T21:29:34.1698841Z   ---
verificar · typecheck · unit · build · audit	Pruebas unitarias (domain, api)	2026-09-20T21:29:34.1704069Z   duration_ms: 0.338209
verificar · typecheck · unit · build · audit	Pruebas unitarias (domain, api)	2026-09-20T21:29:34.1704801Z   type: 'test'
verificar · typecheck · unit · build · audit	Pruebas unitarias (domain, api)	2026-09-20T21:29:34.1705337Z   ...
verificar · typecheck · unit · build · audit	Pruebas unitarias (domain, api)	2026-09-20T21:29:34.1706871Z # Subtest: TEST-CAL-007 · INV-06-05: el resultado de adoptar es una relación, no un objetivo ni una prescripción
verificar · typecheck · unit · build · audit	Pruebas unitarias (domain, api)	2026-09-20T21:29:34.1708972Z ok 15 - TEST-CAL-007 · INV-06-05: el resultado de adoptar es una relación, no un objetivo ni una prescripción
verificar · typecheck · unit · build · audit	Pruebas unitarias (domain, api)	2026-09-20T21:29:34.1710039Z   ---
verificar · typecheck · unit · build · audit	Pruebas unitarias (domain, api)	2026-09-20T21:29:34.1710581Z   duration_ms: 0.272587
verificar · typecheck · unit · build · audit	Pruebas unitarias (domain, api)	2026-09-20T21:29:34.1711222Z   type: 'test'
verificar · typecheck · unit · build · audit	Pruebas unitarias (domain, api)	2026-09-20T21:29:34.1712003Z   ...
verificar · typecheck · unit · build · audit	Pruebas unitarias (domain, api)	2026-09-20T21:29:34.1751049Z # Subtest: REG-06-156 · una regla que no está en el catálogo no ejecuta nada, y un resultado imposible tampoco
verificar · typecheck · unit · build · audit	Pruebas unitarias (domain, api)	2026-09-20T21:29:34.1761528Z ok 16 - REG-06-156 · una regla que no está en el catálogo no ejecuta nada, y un resultado imposible tampoco
verificar · typecheck · unit · build · audit	Pruebas unitarias (domain, api)	2026-09-20T21:29:34.1762607Z   ---
verificar · typecheck · unit · build · audit	Pruebas unitarias (domain, api)	2026-09-20T21:29:34.1763385Z   duration_ms: 0.663554
verificar · typecheck · unit · build · audit	Pruebas unitarias (domain, api)	2026-09-20T21:29:34.1763980Z   type: 'test'
verificar · typecheck · unit · build · audit	Pruebas unitarias (domain, api)	2026-09-20T21:29:34.1764522Z   ...
verificar · typecheck · unit · build · audit	Pruebas unitarias (domain, api)	2026-09-20T21:29:34.1765699Z # Subtest: REG-06-159 · la entrada se vincula por identificador declarado, nunca por posición
verificar · typecheck · unit · build · audit	Pruebas unitarias (domain, api)	2026-09-20T21:29:34.1767357Z ok 17 - REG-06-159 · la entrada se vincula por identificador declarado, nunca por posición
verificar · typecheck · unit · build · audit	Pruebas unitarias (domain, api)	2026-09-20T21:29:34.1768324Z   ---
verificar · typecheck · unit · build · audit	Pruebas unitarias (domain, api)	2026-09-20T21:29:34.1768851Z   duration_ms: 0.799036
verificar · typecheck · unit · build · audit	Pruebas unitarias (domain, api)	2026-09-20T21:29:34.1769428Z   type: 'test'
verificar · typecheck · unit · build · audit	Pruebas unitarias (domain, api)	2026-09-20T21:29:34.1769958Z   ...
verificar · typecheck · unit · build · audit	Pruebas unitarias (domain, api)	2026-09-20T21:29:34.1771000Z # Subtest: 08 §12.2 — cada versión de texto guarda el SHA-256 real de su contenido
verificar · typecheck · unit · build · audit	Pruebas unitarias (domain, api)	2026-09-20T21:29:34.1773276Z ok 18 - 08 §12.2 — cada versión de texto guarda el SHA-256 real de su contenido
verificar · typecheck · unit · build · audit	Pruebas unitarias (domain, api)	2026-09-20T21:29:34.1774206Z   ---
verificar · typecheck · unit · build · audit	Pruebas unitarias (domain, api)	2026-09-20T21:29:34.1774761Z   duration_ms: 2.103581
verificar · typecheck · unit · build · audit	Pruebas unitarias (domain, api)	2026-09-20T21:29:34.1775349Z   type: 'test'
verificar · typecheck · unit · build · audit	Pruebas unitarias (domain, api)	2026-09-20T21:29:34.1775878Z   ...
verificar · typecheck · unit · build · audit	Pruebas unitarias (domain, api)	2026-09-20T21:29:34.1777208Z # Subtest: Catálogo de textos: ids únicos, una versión vigente por tipo y marcados como demostración (DL-028)
verificar · typecheck · unit · build · audit	Pruebas unitarias (domain, api)	2026-09-20T21:29:34.1779016Z ok 19 - Catálogo de textos: ids únicos, una versión vigente por tipo y marcados como demostración (DL-028)
verificar · typecheck · unit · build · audit	Pruebas unitarias (domain, api)	2026-09-20T21:29:34.1780060Z   ---
verificar · typecheck · unit · build · audit	Pruebas unitarias (domain, api)	2026-09-20T21:29:34.1780580Z   duration_ms: 0.520758
verificar · typecheck · unit · build · audit	Pruebas unitarias (domain, api)	2026-09-20T21:29:34.1781147Z   type: 'test'
verificar · typecheck · unit · build · audit	Pruebas unitarias (domain, api)	2026-09-20T21:29:34.1781670Z   ...
verificar · typecheck · unit · build · audit	Pruebas unitarias (domain, api)	2026-09-20T21:29:34.1783147Z # Subtest: A2 contiene los contenidos mínimos del 08 §12.1 y aclara que no es consentimiento de salud
verificar · typecheck · unit · build · audit	Pruebas unitarias (domain, api)	2026-09-20T21:29:34.1785220Z ok 20 - A2 contiene los contenidos mínimos del 08 §12.1 y aclara que no es consentimiento de salud
verificar · typecheck · unit · build · audit	Pruebas unitarias (domain, api)	2026-09-20T21:29:34.1788699Z   ---
verificar · typecheck · unit · build · audit	Pruebas unitarias (domain, api)	2026-09-20T21:29:34.1789279Z   duration_ms: 0.312802
verificar · typecheck · unit · build · audit	Pruebas unitarias (domain, api)	2026-09-20T21:29:34.1789871Z   type: 'test'
verificar · typecheck · unit · build · audit	Pruebas unitarias (domain, api)	2026-09-20T21:29:34.1790391Z   ...
verificar · typecheck · unit · build · audit	Pruebas unitarias (domain, api)	2026-09-20T21:29:34.1791564Z # Subtest: Consecuencias del cierre: copy de 10-ADD + irreversibilidad (DL-024), sin prometer borrado
verificar · typecheck · unit · build · audit	Pruebas unitarias (domain, api)	2026-09-20T21:29:34.1793369Z ok 21 - Consecuencias del cierre: copy de 10-ADD + irreversibilidad (DL-024), sin prometer borrado
verificar · typecheck · unit · build · audit	Pruebas unitarias (domain, api)	2026-09-20T21:29:34.1794372Z   ---
verificar · typecheck · unit · build · audit	Pruebas unitarias (domain, api)	2026-09-20T21:29:34.1794892Z   duration_ms: 0.445168
verificar · typecheck · unit · build · audit	Pruebas unitarias (domain, api)	2026-09-20T21:29:34.1795470Z   type: 'test'
verificar · typecheck · unit · build · audit	Pruebas unitarias (domain, api)	2026-09-20T21:29:34.1795977Z   ...
verificar · typecheck · unit · build · audit	Pruebas unitarias (domain, api)	2026-09-20T21:29:34.1797205Z # Subtest: 08 §12.4 — el registro crea A1 y A2, nunca A3; solo TERMINOS y DATOS_SALUD_BE son revocables
verificar · typecheck · unit · build · audit	Pruebas unitarias (domain, api)	2026-09-20T21:29:34.1798820Z ok 22 - 08 §12.4 — el registro crea A1 y A2, nunca A3; solo TERMINOS y DATOS_SALUD_BE son revocables
verificar · typecheck · unit · build · audit	Pruebas unitarias (domain, api)	2026-09-20T21:29:34.1799808Z   ---
verificar · typecheck · unit · build · audit	Pruebas unitarias (domain, api)	2026-09-20T21:29:34.1800336Z   duration_ms: 1.084948
verificar · typecheck · unit · build · audit	Pruebas unitarias (domain, api)	2026-09-20T21:29:34.1800912Z   type: 'test'
verificar · typecheck · unit · build · audit	Pruebas unitarias (domain, api)	2026-09-20T21:29:34.1801423Z   ...
verificar · typecheck · unit · build · audit	Pruebas unitarias (domain, api)	2026-09-20T21:29:34.1802446Z # Subtest: Sesión: estados como enum con lista blanca; TTL ≤ 24 h (08 §26.2)
verificar · typecheck · unit · build · audit	Pruebas unitarias (domain, api)	2026-09-20T21:29:34.1804035Z ok 23 - Sesión: estados como enum con lista blanca; TTL ≤ 24 h (08 §26.2)
verificar · typecheck · unit · build · audit	Pruebas unitarias (domain, api)	2026-09-20T21:29:34.1804873Z   ---
verificar · typecheck · unit · build · audit	Pruebas unitarias (domain, api)	2026-09-20T21:29:34.1805398Z   duration_ms: 0.390696
verificar · typecheck · unit · build · audit	Pruebas unitarias (domain, api)	2026-09-20T21:29:34.1805961Z   type: 'test'
verificar · typecheck · unit · build · audit	Pruebas unitarias (domain, api)	2026-09-20T21:29:34.1806469Z   ...
verificar · typecheck · unit · build · audit	Pruebas unitarias (domain, api)	2026-09-20T21:29:34.1807467Z # Subtest: Identificador local: normalización y validación sintáctica
verificar · typecheck · unit · build · audit	Pruebas unitarias (domain, api)	2026-09-20T21:29:34.1808741Z ok 24 - Identificador local: normalización y validación sintáctica
verificar · typecheck · unit · build · audit	Pruebas unitarias (domain, api)	2026-09-20T21:29:34.1809536Z   ---
verificar · typecheck · unit · build · audit	Pruebas unitarias (domain, api)	2026-09-20T21:29:34.1810046Z   duration_ms: 0.474432
verificar · typecheck · unit · build · audit	Pruebas unitarias (domain, api)	2026-09-20T21:29:34.1810600Z   type: 'test'
verificar · typecheck · unit · build · audit	Pruebas unitarias (domain, api)	2026-09-20T21:29:34.1811093Z   ...
verificar · typecheck · unit · build · audit	Pruebas unitarias (domain, api)	2026-09-20T21:29:34.1812028Z # Subtest: Credencial: mínimo 12 caracteres, máximo 72 bytes (DL-013)
verificar · typecheck · unit · build · audit	Pruebas unitarias (domain, api)	2026-09-20T21:29:34.1813487Z ok 25 - Credencial: mínimo 12 caracteres, máximo 72 bytes (DL-013)
verificar · typecheck · unit · build · audit	Pruebas unitarias (domain, api)	2026-09-20T21:29:34.1814352Z   ---
verificar · typecheck · unit · build · audit	Pruebas unitarias (domain, api)	2026-09-20T21:29:34.1814857Z   duration_ms: 0.378003
verificar · typecheck · unit · build · audit	Pruebas unitarias (domain, api)	2026-09-20T21:29:34.1815437Z   type: 'test'
verificar · typecheck · unit · build · audit	Pruebas unitarias (domain, api)	2026-09-20T21:29:34.1815948Z   ...
verificar · typecheck · unit · build · audit	Pruebas unitarias (domain, api)	2026-09-20T21:29:34.1817060Z # Subtest: Superficie: solo WEB o APK; cualquier otro valor queda no declarado (null), nunca inventado
verificar · typecheck · unit · build · audit	Pruebas unitarias (domain, api)	2026-09-20T21:29:34.1818598Z ok 26 - Superficie: solo WEB o APK; cualquier otro valor queda no declarado (null), nunca inventado
verificar · typecheck · unit · build · audit	Pruebas unitarias (domain, api)	2026-09-20T21:29:34.1819604Z   ---
verificar · typecheck · unit · build · audit	Pruebas unitarias (domain, api)	2026-09-20T21:29:34.1820284Z   duration_ms: 0.728003
verificar · typecheck · unit · build · audit	Pruebas unitarias (domain, api)	2026-09-20T21:29:34.1820941Z   type: 'test'
verificar · typecheck · unit · build · audit	Pruebas unitarias (domain, api)	2026-09-20T21:29:34.1821495Z   ...
verificar · typecheck · unit · build · audit	Pruebas unitarias (domain, api)	2026-09-20T21:29:34.1822616Z # Subtest: 09v7 T12 — contratos estrictos: un campo no declarado se rechaza (UNKNOWN_FIELD)
verificar · typecheck · unit · build · audit	Pruebas unitarias (domain, api)	2026-09-20T21:29:34.1824633Z ok 27 - 09v7 T12 — contratos estrictos: un campo no declarado se rechaza (UNKNOWN_FIELD)
verificar · typecheck · unit · build · audit	Pruebas unitarias (domain, api)	2026-09-20T21:29:34.1825711Z   ---
verificar · typecheck · unit · build · audit	Pruebas unitarias (domain, api)	2026-09-20T21:29:34.1826286Z   duration_ms: 6.995948
verificar · typecheck · unit · build · audit	Pruebas unitarias (domain, api)	2026-09-20T21:29:34.1826929Z   type: 'test'
verificar · typecheck · unit · build · audit	Pruebas unitarias (domain, api)	2026-09-20T21:29:34.1827516Z   ...
verificar · typecheck · unit · build · audit	Pruebas unitarias (domain, api)	2026-09-20T21:29:34.1828608Z # Subtest: API-CON-05 — la forma «A3 no otorgado» es currentConsent: null
verificar · typecheck · unit · build · audit	Pruebas unitarias (domain, api)	2026-09-20T21:29:34.1829956Z ok 28 - API-CON-05 — la forma «A3 no otorgado» es currentConsent: null
verificar · typecheck · unit · build · audit	Pruebas unitarias (domain, api)	2026-09-20T21:29:34.1831343Z   ---
verificar · typecheck · unit · build · audit	Pruebas unitarias (domain, api)	2026-09-20T21:29:34.1831940Z   duration_ms: 2.364005
verificar · typecheck · unit · build · audit	Pruebas unitarias (domain, api)	2026-09-20T21:29:34.1832574Z   type: 'test'
verificar · typecheck · unit · build · audit	Pruebas unitarias (domain, api)	2026-09-20T21:29:34.1833529Z   ...
verificar · typecheck · unit · build · audit	Pruebas unitarias (domain, api)	2026-09-20T21:29:34.2699501Z # Subtest: T-06-45 — tres alcances; Especialidad XOR Capacidad (REG-06-32); una finalidad por alcance (DL-039)
verificar · typecheck · unit · build · audit	Pruebas unitarias (domain, api)	2026-09-20T21:29:34.2778672Z ok 29 - T-06-45 — tres alcances; Especialidad XOR Capacidad (REG-06-32); una finalidad por alcance (DL-039)
verificar · typecheck · unit · build · audit	Pruebas unitarias (domain, api)	2026-09-20T21:29:34.2805066Z   ---
verificar · typecheck · unit · build · audit	Pruebas unitarias (domain, api)	2026-09-20T21:29:34.2853409Z   duration_ms: 1.892319
verificar · typecheck · unit · build · audit	Pruebas unitarias (domain, api)	2026-09-20T21:29:34.2853914Z   type: 'test'
verificar · typecheck · unit · build · audit	Pruebas unitarias (domain, api)	2026-09-20T21:29:34.2873358Z   ...
verificar · typecheck · unit · build · audit	Pruebas unitarias (domain, api)	2026-09-20T21:29:34.2895763Z # Subtest: 06 §6.8.2 — la lista blanca de la verificación es la literal del 06
verificar · typecheck · unit · build · audit	Pruebas unitarias (domain, api)	2026-09-20T21:29:34.2923944Z ok 30 - 06 §6.8.2 — la lista blanca de la verificación es la literal del 06
verificar · typecheck · unit · build · audit	Pruebas unitarias (domain, api)	2026-09-20T21:29:34.2953220Z   ---
verificar · typecheck · unit · build · audit	Pruebas unitarias (domain, api)	2026-09-20T21:29:34.2983270Z   duration_ms: 0.289989
verificar · typecheck · unit · build · audit	Pruebas unitarias (domain, api)	2026-09-20T21:29:34.3013247Z   type: 'test'
verificar · typecheck · unit · build · audit	Pruebas unitarias (domain, api)	2026-09-20T21:29:34.3013933Z   ...
verificar · typecheck · unit · build · audit	Pruebas unitarias (domain, api)	2026-09-20T21:29:34.3044260Z # Subtest: 06 §6.8.2 — cada transición declarada procede; toda otra combinación se rechaza (TEST-RNF-DAT-001)
verificar · typecheck · unit · build · audit	Pruebas unitarias (domain, api)	2026-09-20T21:29:34.3056711Z ok 31 - 06 §6.8.2 — cada transición declarada procede; toda otra combinación se rechaza (TEST-RNF-DAT-001)
verificar · typecheck · unit · build · audit	Pruebas unitarias (domain, api)	2026-09-20T21:29:34.3083406Z   ---
verificar · typecheck · unit · build · audit	Pruebas unitarias (domain, api)	2026-09-20T21:29:34.3103427Z   duration_ms: 0.686477
verificar · typecheck · unit · build · audit	Pruebas unitarias (domain, api)	2026-09-20T21:29:34.3113321Z   type: 'test'
verificar · typecheck · unit · build · audit	Pruebas unitarias (domain, api)	2026-09-20T21:29:34.3143314Z   ...
verificar · typecheck · unit · build · audit	Pruebas unitarias (domain, api)	2026-09-20T21:29:34.3174090Z # Subtest: Habilitación mínima (DL-036): concesión explícita, retiro y nueva concesión; nada más
verificar · typecheck · unit · build · audit	Pruebas unitarias (domain, api)	2026-09-20T21:29:34.3194192Z ok 32 - Habilitación mínima (DL-036): concesión explícita, retiro y nueva concesión; nada más
verificar · typecheck · unit · build · audit	Pruebas unitarias (domain, api)	2026-09-20T21:29:34.3203231Z   ---
verificar · typecheck · unit · build · audit	Pruebas unitarias (domain, api)	2026-09-20T21:29:34.3213583Z   duration_ms: 0.255215
verificar · typecheck · unit · build · audit	Pruebas unitarias (domain, api)	2026-09-20T21:29:34.3214190Z   type: 'test'
verificar · typecheck · unit · build · audit	Pruebas unitarias (domain, api)	2026-09-20T21:29:34.3214665Z   ...
verificar · typecheck · unit · build · audit	Pruebas unitarias (domain, api)	2026-09-20T21:29:34.3215636Z # Subtest: 06 §7.3.2 — la lista blanca de la solicitud es la literal del 06
verificar · typecheck · unit · build · audit	Pruebas unitarias (domain, api)	2026-09-20T21:29:34.3216966Z ok 33 - 06 §7.3.2 — la lista blanca de la solicitud es la literal del 06
verificar · typecheck · unit · build · audit	Pruebas unitarias (domain, api)	2026-09-20T21:29:34.3217780Z   ---
verificar · typecheck · unit · build · audit	Pruebas unitarias (domain, api)	2026-09-20T21:29:34.3218221Z   duration_ms: 0.178461
verificar · typecheck · unit · build · audit	Pruebas unitarias (domain, api)	2026-09-20T21:29:34.3218715Z   type: 'test'
verificar · typecheck · unit · build · audit	Pruebas unitarias (domain, api)	2026-09-20T21:29:34.3219159Z   ...
verificar · typecheck · unit · build · audit	Pruebas unitarias (domain, api)	2026-09-20T21:29:34.3220541Z # Subtest: 06 §7.3.2 — cada transición declarada procede; toda otra combinación se rechaza; los terminales no tienen salida
verificar · typecheck · unit · build · audit	Pruebas unitarias (domain, api)	2026-09-20T21:29:34.3222516Z ok 34 - 06 §7.3.2 — cada transición declarada procede; toda otra combinación se rechaza; los terminales no tienen salida
verificar · typecheck · unit · build · audit	Pruebas unitarias (domain, api)	2026-09-20T21:29:34.3223853Z   ---
verificar · typecheck · unit · build · audit	Pruebas unitarias (domain, api)	2026-09-20T21:29:34.3224299Z   duration_ms: 0.468892
verificar · typecheck · unit · build · audit	Pruebas unitarias (domain, api)	2026-09-20T21:29:34.3224791Z   type: 'test'
verificar · typecheck · unit · build · audit	Pruebas unitarias (domain, api)	2026-09-20T21:29:34.3225249Z   ...
verificar · typecheck · unit · build · audit	Pruebas unitarias (domain, api)	2026-09-20T21:29:34.3226500Z # Subtest: 06 §7.3.2 — guardas: actor, confirmación, reevaluación (REG-06-49), vencimiento e incompatibilidad
verificar · typecheck · unit · build · audit	Pruebas unitarias (domain, api)	2026-09-20T21:29:34.3228217Z ok 35 - 06 §7.3.2 — guardas: actor, confirmación, reevaluación (REG-06-49), vencimiento e incompatibilidad
verificar · typecheck · unit · build · audit	Pruebas unitarias (domain, api)	2026-09-20T21:29:34.3229192Z   ---
verificar · typecheck · unit · build · audit	Pruebas unitarias (domain, api)	2026-09-20T21:29:34.3229706Z   duration_ms: 0.277235
verificar · typecheck · unit · build · audit	Pruebas unitarias (domain, api)	2026-09-20T21:29:34.3230225Z   type: 'test'
verificar · typecheck · unit · build · audit	Pruebas unitarias (domain, api)	2026-09-20T21:29:34.3230670Z   ...
verificar · typecheck · unit · build · audit	Pruebas unitarias (domain, api)	2026-09-20T21:29:34.3232085Z # Subtest: 06 §7.5.2 — la lista blanca del vínculo por alcance es la literal del 06 (FinalizarAlcance desde ACEPTADO y PAUSADO)
verificar · typecheck · unit · build · audit	Pruebas unitarias (domain, api)	2026-09-20T21:29:34.3234474Z ok 36 - 06 §7.5.2 — la lista blanca del vínculo por alcance es la literal del 06 (FinalizarAlcance desde ACEPTADO y PAUSADO)
verificar · typecheck · unit · build · audit	Pruebas unitarias (domain, api)	2026-09-20T21:29:34.3235609Z   ---
verificar · typecheck · unit · build · audit	Pruebas unitarias (domain, api)	2026-09-20T21:29:34.3236063Z   duration_ms: 0.15579
verificar · typecheck · unit · build · audit	Pruebas unitarias (domain, api)	2026-09-20T21:29:34.3236560Z   type: 'test'
verificar · typecheck · unit · build · audit	Pruebas unitarias (domain, api)	2026-09-20T21:29:34.3236988Z   ...
verificar · typecheck · unit · build · audit	Pruebas unitarias (domain, api)	2026-09-20T21:29:34.3238317Z # Subtest: 06 §7.5.2 — cada transición declarada procede; toda otra se rechaza; FINALIZADO no tiene salida (INV-06-58)
verificar · typecheck · unit · build · audit	Pruebas unitarias (domain, api)	2026-09-20T21:29:34.3240195Z ok 37 - 06 §7.5.2 — cada transición declarada procede; toda otra se rechaza; FINALIZADO no tiene salida (INV-06-58)
verificar · typecheck · unit · build · audit	Pruebas unitarias (domain, api)	2026-09-20T21:29:34.3241288Z   ---
verificar · typecheck · unit · build · audit	Pruebas unitarias (domain, api)	2026-09-20T21:29:34.3241722Z   duration_ms: 0.635091
verificar · typecheck · unit · build · audit	Pruebas unitarias (domain, api)	2026-09-20T21:29:34.3242217Z   type: 'test'
verificar · typecheck · unit · build · audit	Pruebas unitarias (domain, api)	2026-09-20T21:29:34.3243525Z   ...
verificar · typecheck · unit · build · audit	Pruebas unitarias (domain, api)	2026-09-20T21:29:34.3244935Z # Subtest: DL-033 — motivo obligatorio y de lista cerrada; reanuda quien pausó; el sistema solo finaliza por cierre de cuenta
verificar · typecheck · unit · build · audit	Pruebas unitarias (domain, api)	2026-09-20T21:29:34.3246925Z ok 38 - DL-033 — motivo obligatorio y de lista cerrada; reanuda quien pausó; el sistema solo finaliza por cierre de cuenta
verificar · typecheck · unit · build · audit	Pruebas unitarias (domain, api)	2026-09-20T21:29:34.3247997Z   ---
verificar · typecheck · unit · build · audit	Pruebas unitarias (domain, api)	2026-09-20T21:29:34.3248470Z   duration_ms: 0.542829
verificar · typecheck · unit · build · audit	Pruebas unitarias (domain, api)	2026-09-20T21:29:34.3249017Z   type: 'test'
verificar · typecheck · unit · build · audit	Pruebas unitarias (domain, api)	2026-09-20T21:29:34.3249491Z   ...
verificar · typecheck · unit · build · audit	Pruebas unitarias (domain, api)	2026-09-20T21:29:34.3250514Z # Subtest: 06 §7.7.5 — la lista blanca del consentimiento es la literal del 06
verificar · typecheck · unit · build · audit	Pruebas unitarias (domain, api)	2026-09-20T21:29:34.3251846Z ok 39 - 06 §7.7.5 — la lista blanca del consentimiento es la literal del 06
verificar · typecheck · unit · build · audit	Pruebas unitarias (domain, api)	2026-09-20T21:29:34.3252639Z   ---
verificar · typecheck · unit · build · audit	Pruebas unitarias (domain, api)	2026-09-20T21:29:34.3253398Z   duration_ms: 0.264101
verificar · typecheck · unit · build · audit	Pruebas unitarias (domain, api)	2026-09-20T21:29:34.3253906Z   type: 'test'
verificar · typecheck · unit · build · audit	Pruebas unitarias (domain, api)	2026-09-20T21:29:34.3254353Z   ...
verificar · typecheck · unit · build · audit	Pruebas unitarias (domain, api)	2026-09-20T21:29:34.3255627Z # Subtest: 06 §7.7.5 — cada transición declarada procede; toda otra se rechaza (p. ej. REVOCADO → REVOCADO)
verificar · typecheck · unit · build · audit	Pruebas unitarias (domain, api)	2026-09-20T21:29:34.3257481Z ok 40 - 06 §7.7.5 — cada transición declarada procede; toda otra se rechaza (p. ej. REVOCADO → REVOCADO)
verificar · typecheck · unit · build · audit	Pruebas unitarias (domain, api)	2026-09-20T21:29:34.3258477Z   ---
verificar · typecheck · unit · build · audit	Pruebas unitarias (domain, api)	2026-09-20T21:29:34.3258964Z   duration_ms: 0.338429
verificar · typecheck · unit · build · audit	Pruebas unitarias (domain, api)	2026-09-20T21:29:34.3259514Z   type: 'test'
verificar · typecheck · unit · build · audit	Pruebas unitarias (domain, api)	2026-09-20T21:29:34.3259976Z   ...
verificar · typecheck · unit · build · audit	Pruebas unitarias (domain, api)	2026-09-20T21:29:34.3261352Z # Subtest: INV-06-62, INV-06-60, REG-06-50 — solo el titular; versión aplicable; aceptar una versión no acepta futuras
verificar · typecheck · unit · build · audit	Pruebas unitarias (domain, api)	2026-09-20T21:29:34.3263543Z ok 41 - INV-06-62, INV-06-60, REG-06-50 — solo el titular; versión aplicable; aceptar una versión no acepta futuras
verificar · typecheck · unit · build · audit	Pruebas unitarias (domain, api)	2026-09-20T21:29:34.3264662Z   ---
verificar · typecheck · unit · build · audit	Pruebas unitarias (domain, api)	2026-09-20T21:29:34.3265104Z   duration_ms: 0.163795
verificar · typecheck · unit · build · audit	Pruebas unitarias (domain, api)	2026-09-20T21:29:34.3265590Z   type: 'test'
verificar · typecheck · unit · build · audit	Pruebas unitarias (domain, api)	2026-09-20T21:29:34.3266018Z   ...
verificar · typecheck · unit · build · audit	Pruebas unitarias (domain, api)	2026-09-20T21:29:34.3266919Z # Subtest: DL-038 — CON-02 elige la transición según la situación actual
verificar · typecheck · unit · build · audit	Pruebas unitarias (domain, api)	2026-09-20T21:29:34.3268120Z ok 42 - DL-038 — CON-02 elige la transición según la situación actual
verificar · typecheck · unit · build · audit	Pruebas unitarias (domain, api)	2026-09-20T21:29:34.3268893Z   ---
verificar · typecheck · unit · build · audit	Pruebas unitarias (domain, api)	2026-09-20T21:29:34.3269420Z   duration_ms: 0.122107
verificar · typecheck · unit · build · audit	Pruebas unitarias (domain, api)	2026-09-20T21:29:34.3269986Z   type: 'test'
verificar · typecheck · unit · build · audit	Pruebas unitarias (domain, api)	2026-09-20T21:29:34.3270508Z   ...
verificar · typecheck · unit · build · audit	Pruebas unitarias (domain, api)	2026-09-20T21:29:34.3272032Z # Subtest: PDP — contexto positivo: las siete dimensiones favorables permiten y registran componente y versión (REG-06-50)
verificar · typecheck · unit · build · audit	Pruebas unitarias (domain, api)	2026-09-20T21:29:34.3274515Z ok 43 - PDP — contexto positivo: las siete dimensiones favorables permiten y registran componente y versión (REG-06-50)
verificar · typecheck · unit · build · audit	Pruebas unitarias (domain, api)	2026-09-20T21:29:34.3275762Z   ---
verificar · typecheck · unit · build · audit	Pruebas unitarias (domain, api)	2026-09-20T21:29:34.3276341Z   duration_ms: 0.262538
verificar · typecheck · unit · build · audit	Pruebas unitarias (domain, api)	2026-09-20T21:29:34.3276932Z   type: 'test'
verificar · typecheck · unit · build · audit	Pruebas unitarias (domain, api)	2026-09-20T21:29:34.3277473Z   ...
verificar · typecheck · unit · build · audit	Pruebas unitarias (domain, api)	2026-09-20T21:29:34.3278745Z # Subtest: PDP — V1 rol inadecuado: sin perfil profesional: se deniega y la auditoría atribuye ROL
verificar · typecheck · unit · build · audit	Pruebas unitarias (domain, api)	2026-09-20T21:29:34.3280499Z ok 44 - PDP — V1 rol inadecuado: sin perfil profesional: se deniega y la auditoría atribuye ROL
verificar · typecheck · unit · build · audit	Pruebas unitarias (domain, api)	2026-09-20T21:29:34.3281525Z   ---
verificar · typecheck · unit · build · audit	Pruebas unitarias (domain, api)	2026-09-20T21:29:34.3282049Z   duration_ms: 0.130002
verificar · typecheck · unit · build · audit	Pruebas unitarias (domain, api)	2026-09-20T21:29:34.3282632Z   type: 'test'
verificar · typecheck · unit · build · audit	Pruebas unitarias (domain, api)	2026-09-20T21:29:34.3283414Z   ...
verificar · typecheck · unit · build · audit	Pruebas unitarias (domain, api)	2026-09-20T21:29:34.3284802Z # Subtest: PDP — V1 rol inadecuado: el titular pide su propio dashboard: se deniega y la auditoría atribuye ROL
verificar · typecheck · unit · build · audit	Pruebas unitarias (domain, api)	2026-09-20T21:29:34.3286803Z ok 45 - PDP — V1 rol inadecuado: el titular pide su propio dashboard: se deniega y la auditoría atribuye ROL
verificar · typecheck · unit · build · audit	Pruebas unitarias (domain, api)	2026-09-20T21:29:34.3287916Z   ---
verificar · typecheck · unit · build · audit	Pruebas unitarias (domain, api)	2026-09-20T21:29:34.3288390Z   duration_ms: 0.080901
verificar · typecheck · unit · build · audit	Pruebas unitarias (domain, api)	2026-09-20T21:29:34.3288946Z   type: 'test'
verificar · typecheck · unit · build · audit	Pruebas unitarias (domain, api)	2026-09-20T21:29:34.3289452Z   ...
verificar · typecheck · unit · build · audit	Pruebas unitarias (domain, api)	2026-09-20T21:29:34.3290854Z # Subtest: PDP — V2 alcance no verificado (PENDIENTE): se deniega y la auditoría atribuye ESPECIALIDAD_O_CAPACIDAD
verificar · typecheck · unit · build · audit	Pruebas unitarias (domain, api)	2026-09-20T21:29:34.3293230Z ok 46 - PDP — V2 alcance no verificado (PENDIENTE): se deniega y la auditoría atribuye ESPECIALIDAD_O_CAPACIDAD
verificar · typecheck · unit · build · audit	Pruebas unitarias (domain, api)	2026-09-20T21:29:34.3294392Z   ---
verificar · typecheck · unit · build · audit	Pruebas unitarias (domain, api)	2026-09-20T21:29:34.3294914Z   duration_ms: 0.071022
verificar · typecheck · unit · build · audit	Pruebas unitarias (domain, api)	2026-09-20T21:29:34.3295534Z   type: 'test'
verificar · typecheck · unit · build · audit	Pruebas unitarias (domain, api)	2026-09-20T21:29:34.3296075Z   ...
verificar · typecheck · unit · build · audit	Pruebas unitarias (domain, api)	2026-09-20T21:29:34.3297331Z # Subtest: PDP — V2 alcance rechazado: se deniega y la auditoría atribuye ESPECIALIDAD_O_CAPACIDAD
verificar · typecheck · unit · build · audit	Pruebas unitarias (domain, api)	2026-09-20T21:29:34.3299443Z ok 47 - PDP — V2 alcance rechazado: se deniega y la auditoría atribuye ESPECIALIDAD_O_CAPACIDAD
verificar · typecheck · unit · build · audit	Pruebas unitarias (domain, api)	2026-09-20T21:29:34.3300746Z   ---
verificar · typecheck · unit · build · audit	Pruebas unitarias (domain, api)	2026-09-20T21:29:34.3301264Z   duration_ms: 0.065943
verificar · typecheck · unit · build · audit	Pruebas unitarias (domain, api)	2026-09-20T21:29:34.3301852Z   type: 'test'
verificar · typecheck · unit · build · audit	Pruebas unitarias (domain, api)	2026-09-20T21:29:34.3302366Z   ...
verificar · typecheck · unit · build · audit	Pruebas unitarias (domain, api)	2026-09-20T21:29:34.3304067Z # Subtest: PDP — V2 sin trayectoria de verificación: se deniega y la auditoría atribuye ESPECIALIDAD_O_CAPACIDAD
verificar · typecheck · unit · build · audit	Pruebas unitarias (domain, api)	2026-09-20T21:29:34.3306213Z ok 48 - PDP — V2 sin trayectoria de verificación: se deniega y la auditoría atribuye ESPECIALIDAD_O_CAPACIDAD
verificar · typecheck · unit · build · audit	Pruebas unitarias (domain, api)	2026-09-20T21:29:34.3307179Z   ---
verificar · typecheck · unit · build · audit	Pruebas unitarias (domain, api)	2026-09-20T21:29:34.3307612Z   duration_ms: 0.066233
verificar · typecheck · unit · build · audit	Pruebas unitarias (domain, api)	2026-09-20T21:29:34.3308082Z   type: 'test'
verificar · typecheck · unit · build · audit	Pruebas unitarias (domain, api)	2026-09-20T21:29:34.3308502Z   ...
verificar · typecheck · unit · build · audit	Pruebas unitarias (domain, api)	2026-09-20T21:29:34.3309539Z # Subtest: PDP — V3 alcance suspendido: se deniega y la auditoría atribuye SITUACION
verificar · typecheck · unit · build · audit	Pruebas unitarias (domain, api)	2026-09-20T21:29:34.3311007Z ok 49 - PDP — V3 alcance suspendido: se deniega y la auditoría atribuye SITUACION
verificar · typecheck · unit · build · audit	Pruebas unitarias (domain, api)	2026-09-20T21:29:34.3311864Z   ---
verificar · typecheck · unit · build · audit	Pruebas unitarias (domain, api)	2026-09-20T21:29:34.3312393Z   duration_ms: 0.066804
verificar · typecheck · unit · build · audit	Pruebas unitarias (domain, api)	2026-09-20T21:29:34.3313231Z   type: 'test'
verificar · typecheck · unit · build · audit	Pruebas unitarias (domain, api)	2026-09-20T21:29:34.3313703Z   ...
verificar · typecheck · unit · build · audit	Pruebas unitarias (domain, api)	2026-09-20T21:29:34.3314804Z # Subtest: PDP — V3 habilitación retirada: se deniega y la auditoría atribuye SITUACION
verificar · typecheck · unit · build · audit	Pruebas unitarias (domain, api)	2026-09-20T21:29:34.3316303Z ok 50 - PDP — V3 habilitación retirada: se deniega y la auditoría atribuye SITUACION
verificar · typecheck · unit · build · audit	Pruebas unitarias (domain, api)	2026-09-20T21:29:34.3317219Z   ---
verificar · typecheck · unit · build · audit	Pruebas unitarias (domain, api)	2026-09-20T21:29:34.3317750Z   duration_ms: 0.071463
verificar · typecheck · unit · build · audit	Pruebas unitarias (domain, api)	2026-09-20T21:29:34.3318284Z   type: 'test'
verificar · typecheck · unit · build · audit	Pruebas unitarias (domain, api)	2026-09-20T21:29:34.3318754Z   ...
verificar · typecheck · unit · build · audit	Pruebas unitarias (domain, api)	2026-09-20T21:29:34.3319908Z # Subtest: PDP — V3 sin habilitación (INV-06-87): se deniega y la auditoría atribuye SITUACION
verificar · typecheck · unit · build · audit	Pruebas unitarias (domain, api)	2026-09-20T21:29:34.3321495Z ok 51 - PDP — V3 sin habilitación (INV-06-87): se deniega y la auditoría atribuye SITUACION
verificar · typecheck · unit · build · audit	Pruebas unitarias (domain, api)	2026-09-20T21:29:34.3322427Z   ---
verificar · typecheck · unit · build · audit	Pruebas unitarias (domain, api)	2026-09-20T21:29:34.3323127Z   duration_ms: 0.13972
verificar · typecheck · unit · build · audit	Pruebas unitarias (domain, api)	2026-09-20T21:29:34.3323696Z   type: 'test'
verificar · typecheck · unit · build · audit	Pruebas unitarias (domain, api)	2026-09-20T21:29:34.3324166Z   ...
verificar · typecheck · unit · build · audit	Pruebas unitarias (domain, api)	2026-09-20T21:29:34.3325513Z # Subtest: PDP — V3 A3 del titular no vigente (TEST-AUTH-005): se deniega y la auditoría atribuye SITUACION
verificar · typecheck · unit · build · audit	Pruebas unitarias (domain, api)	2026-09-20T21:29:34.3327483Z ok 52 - PDP — V3 A3 del titular no vigente (TEST-AUTH-005): se deniega y la auditoría atribuye SITUACION
verificar · typecheck · unit · build · audit	Pruebas unitarias (domain, api)	2026-09-20T21:29:34.3328509Z   ---
verificar · typecheck · unit · build · audit	Pruebas unitarias (domain, api)	2026-09-20T21:29:34.3329029Z   duration_ms: 0.084607
verificar · typecheck · unit · build · audit	Pruebas unitarias (domain, api)	2026-09-20T21:29:34.3329578Z   type: 'test'
verificar · typecheck · unit · build · audit	Pruebas unitarias (domain, api)	2026-09-20T21:29:34.3330057Z   ...
verificar · typecheck · unit · build · audit	Pruebas unitarias (domain, api)	2026-09-20T21:29:34.3331231Z # Subtest: PDP — V3 cuenta del titular no operativa: se deniega y la auditoría atribuye SITUACION
verificar · typecheck · unit · build · audit	Pruebas unitarias (domain, api)	2026-09-20T21:29:34.3333081Z ok 53 - PDP — V3 cuenta del titular no operativa: se deniega y la auditoría atribuye SITUACION
verificar · typecheck · unit · build · audit	Pruebas unitarias (domain, api)	2026-09-20T21:29:34.3334081Z   ---
verificar · typecheck · unit · build · audit	Pruebas unitarias (domain, api)	2026-09-20T21:29:34.3334562Z   duration_ms: 0.073907
verificar · typecheck · unit · build · audit	Pruebas unitarias (domain, api)	2026-09-20T21:29:34.3335135Z   type: 'test'
verificar · typecheck · unit · build · audit	Pruebas unitarias (domain, api)	2026-09-20T21:29:34.3335615Z   ...
verificar · typecheck · unit · build · audit	Pruebas unitarias (domain, api)	2026-09-20T21:29:34.3336771Z # Subtest: PDP — V3 cuenta del actor no operativa: se deniega y la auditoría atribuye SITUACION
verificar · typecheck · unit · build · audit	Pruebas unitarias (domain, api)	2026-09-20T21:29:34.3338416Z ok 54 - PDP — V3 cuenta del actor no operativa: se deniega y la auditoría atribuye SITUACION
verificar · typecheck · unit · build · audit	Pruebas unitarias (domain, api)	2026-09-20T21:29:34.3339344Z   ---
verificar · typecheck · unit · build · audit	Pruebas unitarias (domain, api)	2026-09-20T21:29:34.3339860Z   duration_ms: 0.063468
verificar · typecheck · unit · build · audit	Pruebas unitarias (domain, api)	2026-09-20T21:29:34.3340380Z   type: 'test'
verificar · typecheck · unit · build · audit	Pruebas unitarias (domain, api)	2026-09-20T21:29:34.3340901Z   ...
verificar · typecheck · unit · build · audit	Pruebas unitarias (domain, api)	2026-09-20T21:29:34.3342060Z # Subtest: PDP — V4 vínculo PAUSADO (TEST-AUTH-007): se deniega y la auditoría atribuye VINCULO
verificar · typecheck · unit · build · audit	Pruebas unitarias (domain, api)	2026-09-20T21:29:34.3343897Z ok 55 - PDP — V4 vínculo PAUSADO (TEST-AUTH-007): se deniega y la auditoría atribuye VINCULO
verificar · typecheck · unit · build · audit	Pruebas unitarias (domain, api)	2026-09-20T21:29:34.3344835Z   ---
verificar · typecheck · unit · build · audit	Pruebas unitarias (domain, api)	2026-09-20T21:29:34.3345268Z   duration_ms: 0.063599
verificar · typecheck · unit · build · audit	Pruebas unitarias (domain, api)	2026-09-20T21:29:34.3345928Z   type: 'test'
verificar · typecheck · unit · build · audit	Pruebas unitarias (domain, api)	2026-09-20T21:29:34.3346370Z   ...
verificar · typecheck · unit · build · audit	Pruebas unitarias (domain, api)	2026-09-20T21:29:34.3349457Z # Subtest: PDP — V4 vínculo FINALIZADO (TEST-AUTH-008): se deniega y la auditoría atribuye VINCULO
verificar · typecheck · unit · build · audit	Pruebas unitarias (domain, api)	2026-09-20T21:29:34.3351041Z ok 56 - PDP — V4 vínculo FINALIZADO (TEST-AUTH-008): se deniega y la auditoría atribuye VINCULO
verificar · typecheck · unit · build · audit	Pruebas unitarias (domain, api)	2026-09-20T21:29:34.3351870Z   ---
verificar · typecheck · unit · build · audit	Pruebas unitarias (domain, api)	2026-09-20T21:29:34.3352303Z   duration_ms: 0.06465
verificar · typecheck · unit · build · audit	Pruebas unitarias (domain, api)	2026-09-20T21:29:34.3353018Z   type: 'test'
verificar · typecheck · unit · build · audit	Pruebas unitarias (domain, api)	2026-09-20T21:29:34.3353415Z   ...
verificar · typecheck · unit · build · audit	Pruebas unitarias (domain, api)	2026-09-20T21:29:34.3354411Z # Subtest: PDP — V5 B2 REVOCADO (TEST-RF-022): se deniega y la auditoría atribuye CONSENTIMIENTO
verificar · typecheck · unit · build · audit	Pruebas unitarias (domain, api)	2026-09-20T21:29:34.3356248Z ok 57 - PDP — V5 B2 REVOCADO (TEST-RF-022): se deniega y la auditoría atribuye CONSENTIMIENTO
verificar · typecheck · unit · build · audit	Pruebas unitarias (domain, api)	2026-09-20T21:29:34.3357014Z   ---
verificar · typecheck · unit · build · audit	Pruebas unitarias (domain, api)	2026-09-20T21:29:34.3357301Z   duration_ms: 0.062977
verificar · typecheck · unit · build · audit	Pruebas unitarias (domain, api)	2026-09-20T21:29:34.3357596Z   type: 'test'
verificar · typecheck · unit · build · audit	Pruebas unitarias (domain, api)	2026-09-20T21:29:34.3357860Z   ...
verificar · typecheck · unit · build · audit	Pruebas unitarias (domain, api)	2026-09-20T21:29:34.3358497Z # Subtest: PDP — V5 sin B2 (TEST-AUTH-006): se deniega y la auditoría atribuye CONSENTIMIENTO
verificar · typecheck · unit · build · audit	Pruebas unitarias (domain, api)	2026-09-20T21:29:34.3359327Z ok 58 - PDP — V5 sin B2 (TEST-AUTH-006): se deniega y la auditoría atribuye CONSENTIMIENTO
verificar · typecheck · unit · build · audit	Pruebas unitarias (domain, api)	2026-09-20T21:29:34.3359818Z   ---
verificar · typecheck · unit · build · audit	Pruebas unitarias (domain, api)	2026-09-20T21:29:34.3360084Z   duration_ms: 0.088144
verificar · typecheck · unit · build · audit	Pruebas unitarias (domain, api)	2026-09-20T21:29:34.3360382Z   type: 'test'
verificar · typecheck · unit · build · audit	Pruebas unitarias (domain, api)	2026-09-20T21:29:34.3360655Z   ...
verificar · typecheck · unit · build · audit	Pruebas unitarias (domain, api)	2026-09-20T21:29:34.3361356Z # Subtest: PDP — V5 B2 sin versión identificable (INV-06-60): se deniega y la auditoría atribuye CONSENTIMIENTO
verificar · typecheck · unit · build · audit	Pruebas unitarias (domain, api)	2026-09-20T21:29:34.3362365Z ok 59 - PDP — V5 B2 sin versión identificable (INV-06-60): se deniega y la auditoría atribuye CONSENTIMIENTO
verificar · typecheck · unit · build · audit	Pruebas unitarias (domain, api)	2026-09-20T21:29:34.3363351Z   ---
verificar · typecheck · unit · build · audit	Pruebas unitarias (domain, api)	2026-09-20T21:29:34.3363676Z   duration_ms: 0.059731
verificar · typecheck · unit · build · audit	Pruebas unitarias (domain, api)	2026-09-20T21:29:34.3364369Z   type: 'test'
verificar · typecheck · unit · build · audit	Pruebas unitarias (domain, api)	2026-09-20T21:29:34.3364723Z   ...
verificar · typecheck · unit · build · audit	Pruebas unitarias (domain, api)	2026-09-20T21:29:34.3365273Z # Subtest: PDP — V6 finalidad ajena: se deniega y la auditoría atribuye FINALIDAD
verificar · typecheck · unit · build · audit	Pruebas unitarias (domain, api)	2026-09-20T21:29:34.3365957Z ok 60 - PDP — V6 finalidad ajena: se deniega y la auditoría atribuye FINALIDAD
verificar · typecheck · unit · build · audit	Pruebas unitarias (domain, api)	2026-09-20T21:29:34.3366342Z   ---
verificar · typecheck · unit · build · audit	Pruebas unitarias (domain, api)	2026-09-20T21:29:34.3366543Z   duration_ms: 0.057527
verificar · typecheck · unit · build · audit	Pruebas unitarias (domain, api)	2026-09-20T21:29:34.3366768Z   type: 'test'
verificar · typecheck · unit · build · audit	Pruebas unitarias (domain, api)	2026-09-20T21:29:34.3366957Z   ...
verificar · typecheck · unit · build · audit	Pruebas unitarias (domain, api)	2026-09-20T21:29:34.3367613Z # Subtest: PDP — V7 alcance pedido Entrenamiento con vínculo de Nutrición: se deniega y la auditoría atribuye ALCANCE
verificar · typecheck · unit · build · audit	Pruebas unitarias (domain, api)	2026-09-20T21:29:34.3368560Z ok 61 - PDP — V7 alcance pedido Entrenamiento con vínculo de Nutrición: se deniega y la auditoría atribuye ALCANCE
verificar · typecheck · unit · build · audit	Pruebas unitarias (domain, api)	2026-09-20T21:29:34.3369055Z   ---
verificar · typecheck · unit · build · audit	Pruebas unitarias (domain, api)	2026-09-20T21:29:34.3369248Z   duration_ms: 0.051496
verificar · typecheck · unit · build · audit	Pruebas unitarias (domain, api)	2026-09-20T21:29:34.3369468Z   type: 'test'
verificar · typecheck · unit · build · audit	Pruebas unitarias (domain, api)	2026-09-20T21:29:34.3369661Z   ...
verificar · typecheck · unit · build · audit	Pruebas unitarias (domain, api)	2026-09-20T21:29:34.3370336Z # Subtest: PDP — titular inexistente o no revelable: deniega igual (UC-I02 E05), sin distinguirlo en la decisión
verificar · typecheck · unit · build · audit	Pruebas unitarias (domain, api)	2026-09-20T21:29:34.3371250Z ok 62 - PDP — titular inexistente o no revelable: deniega igual (UC-I02 E05), sin distinguirlo en la decisión
verificar · typecheck · unit · build · audit	Pruebas unitarias (domain, api)	2026-09-20T21:29:34.3371725Z   ---
verificar · typecheck · unit · build · audit	Pruebas unitarias (domain, api)	2026-09-20T21:29:34.3371923Z   duration_ms: 0.097411
verificar · typecheck · unit · build · audit	Pruebas unitarias (domain, api)	2026-09-20T21:29:34.3372142Z   type: 'test'
verificar · typecheck · unit · build · audit	Pruebas unitarias (domain, api)	2026-09-20T21:29:34.3372330Z   ...
verificar · typecheck · unit · build · audit	Pruebas unitarias (domain, api)	2026-09-20T21:29:34.3373480Z # Subtest: REG-06-53 — ninguna dimensión aislada autoriza: con todo lo demás ausente, cada hecho favorable solo no alcanza
verificar · typecheck · unit · build · audit	Pruebas unitarias (domain, api)	2026-09-20T21:29:34.3375209Z ok 63 - REG-06-53 — ninguna dimensión aislada autoriza: con todo lo demás ausente, cada hecho favorable solo no alcanza
verificar · typecheck · unit · build · audit	Pruebas unitarias (domain, api)	2026-09-20T21:29:34.3376069Z   ---
verificar · typecheck · unit · build · audit	Pruebas unitarias (domain, api)	2026-09-20T21:29:34.3376401Z   duration_ms: 0.248171
verificar · typecheck · unit · build · audit	Pruebas unitarias (domain, api)	2026-09-20T21:29:34.3376759Z   type: 'test'
verificar · typecheck · unit · build · audit	Pruebas unitarias (domain, api)	2026-09-20T21:29:34.3377075Z   ...
verificar · typecheck · unit · build · audit	Pruebas unitarias (domain, api)	2026-09-20T21:29:34.3378297Z # Subtest: TEST-AUTH-009 — campos autoritativos del cliente se rechazan por schema estricto (409 → 400 UNKNOWN_FIELD en la API)
verificar · typecheck · unit · build · audit	Pruebas unitarias (domain, api)	2026-09-20T21:29:34.3380134Z ok 64 - TEST-AUTH-009 — campos autoritativos del cliente se rechazan por schema estricto (409 → 400 UNKNOWN_FIELD en la API)
verificar · typecheck · unit · build · audit	Pruebas unitarias (domain, api)	2026-09-20T21:29:34.3381046Z   ---
verificar · typecheck · unit · build · audit	Pruebas unitarias (domain, api)	2026-09-20T21:29:34.3381363Z   duration_ms: 4.06562
verificar · typecheck · unit · build · audit	Pruebas unitarias (domain, api)	2026-09-20T21:29:34.3381726Z   type: 'test'
verificar · typecheck · unit · build · audit	Pruebas unitarias (domain, api)	2026-09-20T21:29:34.3382049Z   ...
verificar · typecheck · unit · build · audit	Pruebas unitarias (domain, api)	2026-09-20T21:29:34.3383354Z # Subtest: 08 §12.3 — textos B2 diferenciados por perfil, versionados, con hash real y sin aceptar versiones futuras
verificar · typecheck · unit · build · audit	Pruebas unitarias (domain, api)	2026-09-20T21:29:34.3385062Z ok 65 - 08 §12.3 — textos B2 diferenciados por perfil, versionados, con hash real y sin aceptar versiones futuras
verificar · typecheck · unit · build · audit	Pruebas unitarias (domain, api)	2026-09-20T21:29:34.3385958Z   ---
verificar · typecheck · unit · build · audit	Pruebas unitarias (domain, api)	2026-09-20T21:29:34.3386295Z   duration_ms: 0.730738
verificar · typecheck · unit · build · audit	Pruebas unitarias (domain, api)	2026-09-20T21:29:34.3386686Z   type: 'test'
verificar · typecheck · unit · build · audit	Pruebas unitarias (domain, api)	2026-09-20T21:29:34.3387017Z   ...
verificar · typecheck · unit · build · audit	Pruebas unitarias (domain, api)	2026-09-20T21:29:34.3387952Z # Subtest: 10-B04 §44-§46 — el copy de WP-03 no usa términos prohibidos ni códigos internos
verificar · typecheck · unit · build · audit	Pruebas unitarias (domain, api)	2026-09-20T21:29:34.3389227Z ok 66 - 10-B04 §44-§46 — el copy de WP-03 no usa términos prohibidos ni códigos internos
verificar · typecheck · unit · build · audit	Pruebas unitarias (domain, api)	2026-09-20T21:29:34.3390402Z   ---
verificar · typecheck · unit · build · audit	Pruebas unitarias (domain, api)	2026-09-20T21:29:34.3390759Z   duration_ms: 0.523654
verificar · typecheck · unit · build · audit	Pruebas unitarias (domain, api)	2026-09-20T21:29:34.3391154Z   type: 'test'
verificar · typecheck · unit · build · audit	Pruebas unitarias (domain, api)	2026-09-20T21:29:34.3391495Z   ...
verificar · typecheck · unit · build · audit	Pruebas unitarias (domain, api)	2026-09-20T21:29:34.3393246Z # Subtest: 10-B04:627-638 — cada evento de las tres máquinas tiene etiqueta humana; uno desconocido no se muestra crudo
verificar · typecheck · unit · build · audit	Pruebas unitarias (domain, api)	2026-09-20T21:29:34.3395026Z ok 67 - 10-B04:627-638 — cada evento de las tres máquinas tiene etiqueta humana; uno desconocido no se muestra crudo
verificar · typecheck · unit · build · audit	Pruebas unitarias (domain, api)	2026-09-20T21:29:34.3395844Z   ---
verificar · typecheck · unit · build · audit	Pruebas unitarias (domain, api)	2026-09-20T21:29:34.3396156Z   duration_ms: 0.32274
verificar · typecheck · unit · build · audit	Pruebas unitarias (domain, api)	2026-09-20T21:29:34.3396503Z   type: 'test'
verificar · typecheck · unit · build · audit	Pruebas unitarias (domain, api)	2026-09-20T21:29:34.3396805Z   ...
verificar · typecheck · unit · build · audit	Pruebas unitarias (domain, api)	2026-09-20T21:29:34.3397738Z # Subtest: 10-B04 §28-§29 y H10-04-04 — el profesional ve el estado mínimo, nunca la razón del bloqueo
verificar · typecheck · unit · build · audit	Pruebas unitarias (domain, api)	2026-09-20T21:29:34.3399186Z ok 68 - 10-B04 §28-§29 y H10-04-04 — el profesional ve el estado mínimo, nunca la razón del bloqueo
verificar · typecheck · unit · build · audit	Pruebas unitarias (domain, api)	2026-09-20T21:29:34.3399942Z   ---
verificar · typecheck · unit · build · audit	Pruebas unitarias (domain, api)	2026-09-20T21:29:34.3400267Z   duration_ms: 0.223466
verificar · typecheck · unit · build · audit	Pruebas unitarias (domain, api)	2026-09-20T21:29:34.3400689Z   type: 'test'
verificar · typecheck · unit · build · audit	Pruebas unitarias (domain, api)	2026-09-20T21:29:34.3401013Z   ...
verificar · typecheck · unit · build · audit	Pruebas unitarias (domain, api)	2026-09-20T21:29:34.3402196Z # Subtest: 10-B04:538-553 — el asesorado ve «No efectivo» cuando su consentimiento activo hoy no habilita el acceso
verificar · typecheck · unit · build · audit	Pruebas unitarias (domain, api)	2026-09-20T21:29:34.3404132Z ok 69 - 10-B04:538-553 — el asesorado ve «No efectivo» cuando su consentimiento activo hoy no habilita el acceso
verificar · typecheck · unit · build · audit	Pruebas unitarias (domain, api)	2026-09-20T21:29:34.3405041Z   ---
verificar · typecheck · unit · build · audit	Pruebas unitarias (domain, api)	2026-09-20T21:29:34.3405406Z   duration_ms: 0.45738
verificar · typecheck · unit · build · audit	Pruebas unitarias (domain, api)	2026-09-20T21:29:34.3405818Z   type: 'test'
verificar · typecheck · unit · build · audit	Pruebas unitarias (domain, api)	2026-09-20T21:29:34.3406180Z   ...
verificar · typecheck · unit · build · audit	Pruebas unitarias (domain, api)	2026-09-20T21:29:34.4814197Z # Subtest: 06 §10.7 · CrearBorrador, GuardarBorrador y ActivarVersion están declaradas y con guardas favorables se permiten
verificar · typecheck · unit · build · audit	Pruebas unitarias (domain, api)	2026-09-20T21:29:34.4816816Z ok 70 - 06 §10.7 · CrearBorrador, GuardarBorrador y ActivarVersion están declaradas y con guardas favorables se permiten
verificar · typecheck · unit · build · audit	Pruebas unitarias (domain, api)	2026-09-20T21:29:34.4818166Z   ---
verificar · typecheck · unit · build · audit	Pruebas unitarias (domain, api)	2026-09-20T21:29:34.4818790Z   duration_ms: 1.988808
verificar · typecheck · unit · build · audit	Pruebas unitarias (domain, api)	2026-09-20T21:29:34.4819423Z   type: 'test'
verificar · typecheck · unit · build · audit	Pruebas unitarias (domain, api)	2026-09-20T21:29:34.4819978Z   ...
verificar · typecheck · unit · build · audit	Pruebas unitarias (domain, api)	2026-09-20T21:29:34.4821420Z # Subtest: INV-06-109 · no hay ninguna transición que salga de ACTIVADA: reabrir, editar o reactivar falla
verificar · typecheck · unit · build · audit	Pruebas unitarias (domain, api)	2026-09-20T21:29:34.4823746Z ok 71 - INV-06-109 · no hay ninguna transición que salga de ACTIVADA: reabrir, editar o reactivar falla
verificar · typecheck · unit · build · audit	Pruebas unitarias (domain, api)	2026-09-20T21:29:34.4824917Z   ---
verificar · typecheck · unit · build · audit	Pruebas unitarias (domain, api)	2026-09-20T21:29:34.4825494Z   duration_ms: 1.178612
verificar · typecheck · unit · build · audit	Pruebas unitarias (domain, api)	2026-09-20T21:29:34.4826120Z   type: 'test'
verificar · typecheck · unit · build · audit	Pruebas unitarias (domain, api)	2026-09-20T21:29:34.4826675Z   ...
verificar · typecheck · unit · build · audit	Pruebas unitarias (domain, api)	2026-09-20T21:29:34.4827705Z # Subtest: 06 §10.7 · un borrador no se vuelve a crear sobre sí mismo
verificar · typecheck · unit · build · audit	Pruebas unitarias (domain, api)	2026-09-20T21:29:34.4828955Z ok 72 - 06 §10.7 · un borrador no se vuelve a crear sobre sí mismo
verificar · typecheck · unit · build · audit	Pruebas unitarias (domain, api)	2026-09-20T21:29:34.4829771Z   ---
verificar · typecheck · unit · build · audit	Pruebas unitarias (domain, api)	2026-09-20T21:29:34.4830322Z   duration_ms: 0.20975
verificar · typecheck · unit · build · audit	Pruebas unitarias (domain, api)	2026-09-20T21:29:34.4830932Z   type: 'test'
verificar · typecheck · unit · build · audit	Pruebas unitarias (domain, api)	2026-09-20T21:29:34.4831492Z   ...
verificar · typecheck · unit · build · audit	Pruebas unitarias (domain, api)	2026-09-20T21:29:34.4832907Z # Subtest: REG-06-104 · cada guarda de ActivarVersion desfavorable impide activar
verificar · typecheck · unit · build · audit	Pruebas unitarias (domain, api)	2026-09-20T21:29:34.4834338Z ok 73 - REG-06-104 · cada guarda de ActivarVersion desfavorable impide activar
verificar · typecheck · unit · build · audit	Pruebas unitarias (domain, api)	2026-09-20T21:29:34.4834902Z   ---
verificar · typecheck · unit · build · audit	Pruebas unitarias (domain, api)	2026-09-20T21:29:34.4835250Z   duration_ms: 0.475094
verificar · typecheck · unit · build · audit	Pruebas unitarias (domain, api)	2026-09-20T21:29:34.4835596Z   type: 'test'
verificar · typecheck · unit · build · audit	Pruebas unitarias (domain, api)	2026-09-20T21:29:34.4835919Z   ...
verificar · typecheck · unit · build · audit	Pruebas unitarias (domain, api)	2026-09-20T21:29:34.4836586Z # Subtest: 06 §8 · las cinco transiciones del Proceso con guardas favorables se permiten
verificar · typecheck · unit · build · audit	Pruebas unitarias (domain, api)	2026-09-20T21:29:34.4837454Z ok 74 - 06 §8 · las cinco transiciones del Proceso con guardas favorables se permiten
verificar · typecheck · unit · build · audit	Pruebas unitarias (domain, api)	2026-09-20T21:29:34.4837992Z   ---
verificar · typecheck · unit · build · audit	Pruebas unitarias (domain, api)	2026-09-20T21:29:34.4838299Z   duration_ms: 0.332498
verificar · typecheck · unit · build · audit	Pruebas unitarias (domain, api)	2026-09-20T21:29:34.4838646Z   type: 'test'
verificar · typecheck · unit · build · audit	Pruebas unitarias (domain, api)	2026-09-20T21:29:34.4838951Z   ...
verificar · typecheck · unit · build · audit	Pruebas unitarias (domain, api)	2026-09-20T21:29:34.4840895Z # Subtest: INV-06-86 · CERRADO es terminal: ninguna transición sale de CERRADO
verificar · typecheck · unit · build · audit	Pruebas unitarias (domain, api)	2026-09-20T21:29:34.4842428Z ok 75 - INV-06-86 · CERRADO es terminal: ninguna transición sale de CERRADO
verificar · typecheck · unit · build · audit	Pruebas unitarias (domain, api)	2026-09-20T21:29:34.4843457Z   ---
verificar · typecheck · unit · build · audit	Pruebas unitarias (domain, api)	2026-09-20T21:29:34.4843994Z   duration_ms: 0.413549
verificar · typecheck · unit · build · audit	Pruebas unitarias (domain, api)	2026-09-20T21:29:34.4844242Z   type: 'test'
verificar · typecheck · unit · build · audit	Pruebas unitarias (domain, api)	2026-09-20T21:29:34.4844450Z   ...
verificar · typecheck · unit · build · audit	Pruebas unitarias (domain, api)	2026-09-20T21:29:34.4856481Z # Subtest: INV-06-74 · AbrirProceso solo desde inicio; los cierres del sistema no los ejecuta el profesional
verificar · typecheck · unit · build · audit	Pruebas unitarias (domain, api)	2026-09-20T21:29:34.4859699Z ok 76 - INV-06-74 · AbrirProceso solo desde inicio; los cierres del sistema no los ejecuta el profesional
verificar · typecheck · unit · build · audit	Pruebas unitarias (domain, api)	2026-09-20T21:29:34.4860890Z   ---
verificar · typecheck · unit · build · audit	Pruebas unitarias (domain, api)	2026-09-20T21:29:34.4861450Z   duration_ms: 0.222343
verificar · typecheck · unit · build · audit	Pruebas unitarias (domain, api)	2026-09-20T21:29:34.4862055Z   type: 'test'
verificar · typecheck · unit · build · audit	Pruebas unitarias (domain, api)	2026-09-20T21:29:34.4862617Z   ...
verificar · typecheck · unit · build · audit	Pruebas unitarias (domain, api)	2026-09-20T21:29:34.4864323Z # Subtest: INV-06-75, 85 · abrir exige capacidad; continuar o cerrar por revisión exige revisión válida
verificar · typecheck · unit · build · audit	Pruebas unitarias (domain, api)	2026-09-20T21:29:34.4866181Z ok 77 - INV-06-75, 85 · abrir exige capacidad; continuar o cerrar por revisión exige revisión válida
verificar · typecheck · unit · build · audit	Pruebas unitarias (domain, api)	2026-09-20T21:29:34.4867234Z   ---
verificar · typecheck · unit · build · audit	Pruebas unitarias (domain, api)	2026-09-20T21:29:34.4867755Z   duration_ms: 0.222274
verificar · typecheck · unit · build · audit	Pruebas unitarias (domain, api)	2026-09-20T21:29:34.4868325Z   type: 'test'
verificar · typecheck · unit · build · audit	Pruebas unitarias (domain, api)	2026-09-20T21:29:34.4868832Z   ...
verificar · typecheck · unit · build · audit	Pruebas unitarias (domain, api)	2026-09-20T21:29:34.4886389Z # Subtest: REG-06-64/78 · con un Proceso abierto, la activación es continuidad; sin él, es NUEVO
verificar · typecheck · unit · build · audit	Pruebas unitarias (domain, api)	2026-09-20T21:29:34.4888193Z ok 78 - REG-06-64/78 · con un Proceso abierto, la activación es continuidad; sin él, es NUEVO
verificar · typecheck · unit · build · audit	Pruebas unitarias (domain, api)	2026-09-20T21:29:34.4889259Z   ---
verificar · typecheck · unit · build · audit	Pruebas unitarias (domain, api)	2026-09-20T21:29:34.4889831Z   duration_ms: 0.57041
verificar · typecheck · unit · build · audit	Pruebas unitarias (domain, api)	2026-09-20T21:29:34.4890437Z   type: 'test'
verificar · typecheck · unit · build · audit	Pruebas unitarias (domain, api)	2026-09-20T21:29:34.4890987Z   ...
verificar · typecheck · unit · build · audit	Pruebas unitarias (domain, api)	2026-09-20T21:29:34.4892542Z # Subtest: REG-06-66 · el Proceso vigente exige todas las condiciones; revocar el consentimiento lo vuelve no vigente sin cerrarlo
verificar · typecheck · unit · build · audit	Pruebas unitarias (domain, api)	2026-09-20T21:29:34.4907747Z ok 79 - REG-06-66 · el Proceso vigente exige todas las condiciones; revocar el consentimiento lo vuelve no vigente sin cerrarlo
verificar · typecheck · unit · build · audit	Pruebas unitarias (domain, api)	2026-09-20T21:29:34.4933340Z   ---
verificar · typecheck · unit · build · audit	Pruebas unitarias (domain, api)	2026-09-20T21:29:34.4973593Z   duration_ms: 0.694251
verificar · typecheck · unit · build · audit	Pruebas unitarias (domain, api)	2026-09-20T21:29:34.4974242Z   type: 'test'
verificar · typecheck · unit · build · audit	Pruebas unitarias (domain, api)	2026-09-20T21:29:34.4974867Z   ...
verificar · typecheck · unit · build · audit	Pruebas unitarias (domain, api)	2026-09-20T21:29:34.4975969Z # Subtest: REG-06-82 · sin configuración, SIN_LIMITE: nunca rechaza
verificar · typecheck · unit · build · audit	Pruebas unitarias (domain, api)	2026-09-20T21:29:34.4977343Z ok 80 - REG-06-82 · sin configuración, SIN_LIMITE: nunca rechaza
verificar · typecheck · unit · build · audit	Pruebas unitarias (domain, api)	2026-09-20T21:29:34.4978194Z   ---
verificar · typecheck · unit · build · audit	Pruebas unitarias (domain, api)	2026-09-20T21:29:34.4978780Z   duration_ms: 0.372012
verificar · typecheck · unit · build · audit	Pruebas unitarias (domain, api)	2026-09-20T21:29:34.4979445Z   type: 'test'
verificar · typecheck · unit · build · audit	Pruebas unitarias (domain, api)	2026-09-20T21:29:34.4980012Z   ...
verificar · typecheck · unit · build · audit	Pruebas unitarias (domain, api)	2026-09-20T21:29:34.4981212Z # Subtest: REG-06-91 · LIMITADA admite si la ocupación proyectada no supera el límite
verificar · typecheck · unit · build · audit	Pruebas unitarias (domain, api)	2026-09-20T21:29:34.4983117Z ok 81 - REG-06-91 · LIMITADA admite si la ocupación proyectada no supera el límite
verificar · typecheck · unit · build · audit	Pruebas unitarias (domain, api)	2026-09-20T21:29:34.4984155Z   ---
verificar · typecheck · unit · build · audit	Pruebas unitarias (domain, api)	2026-09-20T21:29:34.4984740Z   duration_ms: 0.217955
verificar · typecheck · unit · build · audit	Pruebas unitarias (domain, api)	2026-09-20T21:29:34.4985388Z   type: 'test'
verificar · typecheck · unit · build · audit	Pruebas unitarias (domain, api)	2026-09-20T21:29:34.4985951Z   ...
verificar · typecheck · unit · build · audit	Pruebas unitarias (domain, api)	2026-09-20T21:29:34.4987378Z # Subtest: REG-06-91 · un asesorado que ya cuenta no suma ni se rechaza; la sobreocupación rechaza todo nuevo
verificar · typecheck · unit · build · audit	Pruebas unitarias (domain, api)	2026-09-20T21:29:34.4989355Z ok 82 - REG-06-91 · un asesorado que ya cuenta no suma ni se rechaza; la sobreocupación rechaza todo nuevo
verificar · typecheck · unit · build · audit	Pruebas unitarias (domain, api)	2026-09-20T21:29:34.4990461Z   ---
verificar · typecheck · unit · build · audit	Pruebas unitarias (domain, api)	2026-09-20T21:29:34.4991043Z   duration_ms: 0.406245
verificar · typecheck · unit · build · audit	Pruebas unitarias (domain, api)	2026-09-20T21:29:34.4991672Z   type: 'test'
verificar · typecheck · unit · build · audit	Pruebas unitarias (domain, api)	2026-09-20T21:29:34.4992254Z   ...
verificar · typecheck · unit · build · audit	Pruebas unitarias (domain, api)	2026-09-20T21:29:34.4993783Z # Subtest: REG-06-144 · la taxonomía tiene exactamente seis resultados y la API mapea uno a uno
verificar · typecheck · unit · build · audit	Pruebas unitarias (domain, api)	2026-09-20T21:29:34.4995731Z ok 83 - REG-06-144 · la taxonomía tiene exactamente seis resultados y la API mapea uno a uno
verificar · typecheck · unit · build · audit	Pruebas unitarias (domain, api)	2026-09-20T21:29:34.4996812Z   ---
verificar · typecheck · unit · build · audit	Pruebas unitarias (domain, api)	2026-09-20T21:29:34.4997405Z   duration_ms: 0.179153
verificar · typecheck · unit · build · audit	Pruebas unitarias (domain, api)	2026-09-20T21:29:34.4998070Z   type: 'test'
verificar · typecheck · unit · build · audit	Pruebas unitarias (domain, api)	2026-09-20T21:29:34.4998616Z   ...
verificar · typecheck · unit · build · audit	Pruebas unitarias (domain, api)	2026-09-20T21:29:34.4999518Z # Subtest: REG-06-147 · solo FINALIZAR cierra el Proceso (INV-06-82, 83)
verificar · typecheck · unit · build · audit	Pruebas unitarias (domain, api)	2026-09-20T21:29:34.5000717Z ok 84 - REG-06-147 · solo FINALIZAR cierra el Proceso (INV-06-82, 83)
verificar · typecheck · unit · build · audit	Pruebas unitarias (domain, api)	2026-09-20T21:29:34.5001422Z   ---
verificar · typecheck · unit · build · audit	Pruebas unitarias (domain, api)	2026-09-20T21:29:34.5002546Z   duration_ms: 0.162873
verificar · typecheck · unit · build · audit	Pruebas unitarias (domain, api)	2026-09-20T21:29:34.5003207Z   type: 'test'
verificar · typecheck · unit · build · audit	Pruebas unitarias (domain, api)	2026-09-20T21:29:34.5003476Z   ...
verificar · typecheck · unit · build · audit	Pruebas unitarias (domain, api)	2026-09-20T21:29:34.5004276Z # Subtest: TEST-NUT-006 · la revisión válida exige evidencia, interpretación, resultado, fundamento y próxima acción o cierre
verificar · typecheck · unit · build · audit	Pruebas unitarias (domain, api)	2026-09-20T21:29:34.5005350Z ok 85 - TEST-NUT-006 · la revisión válida exige evidencia, interpretación, resultado, fundamento y próxima acción o cierre
verificar · typecheck · unit · build · audit	Pruebas unitarias (domain, api)	2026-09-20T21:29:34.5005922Z   ---
verificar · typecheck · unit · build · audit	Pruebas unitarias (domain, api)	2026-09-20T21:29:34.5006127Z   duration_ms: 0.305859
verificar · typecheck · unit · build · audit	Pruebas unitarias (domain, api)	2026-09-20T21:29:34.5006354Z   type: 'test'
verificar · typecheck · unit · build · audit	Pruebas unitarias (domain, api)	2026-09-20T21:29:34.5006556Z   ...
verificar · typecheck · unit · build · audit	Pruebas unitarias (domain, api)	2026-09-20T21:29:34.5007457Z # Subtest: UC-P13 E05 · un resultado fuera de la taxonomía no es una revisión válida
verificar · typecheck · unit · build · audit	Pruebas unitarias (domain, api)	2026-09-20T21:29:34.5008490Z ok 86 - UC-P13 E05 · un resultado fuera de la taxonomía no es una revisión válida
verificar · typecheck · unit · build · audit	Pruebas unitarias (domain, api)	2026-09-20T21:29:34.5009114Z   ---
verificar · typecheck · unit · build · audit	Pruebas unitarias (domain, api)	2026-09-20T21:29:34.5009427Z   duration_ms: 0.167512
verificar · typecheck · unit · build · audit	Pruebas unitarias (domain, api)	2026-09-20T21:29:34.5009791Z   type: 'test'
verificar · typecheck · unit · build · audit	Pruebas unitarias (domain, api)	2026-09-20T21:29:34.5010119Z   ...
verificar · typecheck · unit · build · audit	Pruebas unitarias (domain, api)	2026-09-20T21:29:34.5010985Z # Subtest: REG-06-146 · REPROGRAMAR_REVISION exige la fecha de la próxima revisión
verificar · typecheck · unit · build · audit	Pruebas unitarias (domain, api)	2026-09-20T21:29:34.5012204Z ok 87 - REG-06-146 · REPROGRAMAR_REVISION exige la fecha de la próxima revisión
verificar · typecheck · unit · build · audit	Pruebas unitarias (domain, api)	2026-09-20T21:29:34.5013105Z   ---
verificar · typecheck · unit · build · audit	Pruebas unitarias (domain, api)	2026-09-20T21:29:34.5013452Z   duration_ms: 0.191606
verificar · typecheck · unit · build · audit	Pruebas unitarias (domain, api)	2026-09-20T21:29:34.5013840Z   type: 'test'
verificar · typecheck · unit · build · audit	Pruebas unitarias (domain, api)	2026-09-20T21:29:34.5014048Z   ...
verificar · typecheck · unit · build · audit	Pruebas unitarias (domain, api)	2026-09-20T21:29:34.5014750Z # Subtest: REG-06-150 · el pendiente nace de una expectativa explícita y se resuelve solo con una revisión aplicada
verificar · typecheck · unit · build · audit	Pruebas unitarias (domain, api)	2026-09-20T21:29:34.5015741Z ok 88 - REG-06-150 · el pendiente nace de una expectativa explícita y se resuelve solo con una revisión aplicada
verificar · typecheck · unit · build · audit	Pruebas unitarias (domain, api)	2026-09-20T21:29:34.5016263Z   ---
verificar · typecheck · unit · build · audit	Pruebas unitarias (domain, api)	2026-09-20T21:29:34.5016464Z   duration_ms: 0.291392
verificar · typecheck · unit · build · audit	Pruebas unitarias (domain, api)	2026-09-20T21:29:34.5016698Z   type: 'test'
verificar · typecheck · unit · build · audit	Pruebas unitarias (domain, api)	2026-09-20T21:29:34.5016892Z   ...
verificar · typecheck · unit · build · audit	Pruebas unitarias (domain, api)	2026-09-20T21:29:34.5017418Z # Subtest: DL-049 · normalizar asigna identificadores faltantes y conserva los que vienen
verificar · typecheck · unit · build · audit	Pruebas unitarias (domain, api)	2026-09-20T21:29:34.5018170Z ok 89 - DL-049 · normalizar asigna identificadores faltantes y conserva los que vienen
verificar · typecheck · unit · build · audit	Pruebas unitarias (domain, api)	2026-09-20T21:29:34.5018590Z   ---
verificar · typecheck · unit · build · audit	Pruebas unitarias (domain, api)	2026-09-20T21:29:34.5018785Z   duration_ms: 0.46789
verificar · typecheck · unit · build · audit	Pruebas unitarias (domain, api)	2026-09-20T21:29:34.5019269Z   type: 'test'
verificar · typecheck · unit · build · audit	Pruebas unitarias (domain, api)	2026-09-20T21:29:34.5019735Z   ...
verificar · typecheck · unit · build · audit	Pruebas unitarias (domain, api)	2026-09-20T21:29:34.5020638Z # Subtest: RF-030 · un borrador incompleto se puede guardar; validar informa lo que falta, con la ruta (09v9:589)
verificar · typecheck · unit · build · audit	Pruebas unitarias (domain, api)	2026-09-20T21:29:34.5021571Z ok 90 - RF-030 · un borrador incompleto se puede guardar; validar informa lo que falta, con la ruta (09v9:589)
verificar · typecheck · unit · build · audit	Pruebas unitarias (domain, api)	2026-09-20T21:29:34.5022058Z   ---
verificar · typecheck · unit · build · audit	Pruebas unitarias (domain, api)	2026-09-20T21:29:34.5022251Z   duration_ms: 0.816929
verificar · typecheck · unit · build · audit	Pruebas unitarias (domain, api)	2026-09-20T21:29:34.5022477Z   type: 'test'
verificar · typecheck · unit · build · audit	Pruebas unitarias (domain, api)	2026-09-20T21:29:34.5022976Z   ...
verificar · typecheck · unit · build · audit	Pruebas unitarias (domain, api)	2026-09-20T21:29:34.5023566Z # Subtest: REG-06-122 · con cantidad, el estado de preparación es obligatorio; sin cantidad, no
verificar · typecheck · unit · build · audit	Pruebas unitarias (domain, api)	2026-09-20T21:29:34.5024356Z ok 91 - REG-06-122 · con cantidad, el estado de preparación es obligatorio; sin cantidad, no
verificar · typecheck · unit · build · audit	Pruebas unitarias (domain, api)	2026-09-20T21:29:34.5024782Z   ---
verificar · typecheck · unit · build · audit	Pruebas unitarias (domain, api)	2026-09-20T21:29:34.5025200Z   duration_ms: 0.447583
verificar · typecheck · unit · build · audit	Pruebas unitarias (domain, api)	2026-09-20T21:29:34.5025623Z   type: 'test'
verificar · typecheck · unit · build · audit	Pruebas unitarias (domain, api)	2026-09-20T21:29:34.5025966Z   ...
verificar · typecheck · unit · build · audit	Pruebas unitarias (domain, api)	2026-09-20T21:29:34.5026748Z # Subtest: 09v9 PATCH · modalidad B no habilitada, referencia de catálogo inválida e identificador repetido impiden guardar
verificar · typecheck · unit · build · audit	Pruebas unitarias (domain, api)	2026-09-20T21:29:34.5028364Z ok 92 - 09v9 PATCH · modalidad B no habilitada, referencia de catálogo inválida e identificador repetido impiden guardar
verificar · typecheck · unit · build · audit	Pruebas unitarias (domain, api)	2026-09-20T21:29:34.5028925Z   ---
verificar · typecheck · unit · build · audit	Pruebas unitarias (domain, api)	2026-09-20T21:29:34.5029327Z   duration_ms: 0.267467
verificar · typecheck · unit · build · audit	Pruebas unitarias (domain, api)	2026-09-20T21:29:34.5029736Z   type: 'test'
verificar · typecheck · unit · build · audit	Pruebas unitarias (domain, api)	2026-09-20T21:29:34.5030098Z   ...
verificar · typecheck · unit · build · audit	Pruebas unitarias (domain, api)	2026-09-20T21:29:34.5030989Z # Subtest: REG-06-105 · la instantánea resuelve nombre y versión del catálogo al activar
verificar · typecheck · unit · build · audit	Pruebas unitarias (domain, api)	2026-09-20T21:29:34.5032230Z ok 93 - REG-06-105 · la instantánea resuelve nombre y versión del catálogo al activar
verificar · typecheck · unit · build · audit	Pruebas unitarias (domain, api)	2026-09-20T21:29:34.5033181Z   ---
verificar · typecheck · unit · build · audit	Pruebas unitarias (domain, api)	2026-09-20T21:29:34.5033517Z   duration_ms: 0.498156
verificar · typecheck · unit · build · audit	Pruebas unitarias (domain, api)	2026-09-20T21:29:34.5033889Z   type: 'test'
verificar · typecheck · unit · build · audit	Pruebas unitarias (domain, api)	2026-09-20T21:29:34.5034218Z   ...
verificar · typecheck · unit · build · audit	Pruebas unitarias (domain, api)	2026-09-20T21:29:34.5034801Z # Subtest: 06:1391 · si un ítem no se resuelve, la instantánea no se puede preservar
verificar · typecheck · unit · build · audit	Pruebas unitarias (domain, api)	2026-09-20T21:29:34.5035676Z ok 94 - 06:1391 · si un ítem no se resuelve, la instantánea no se puede preservar
verificar · typecheck · unit · build · audit	Pruebas unitarias (domain, api)	2026-09-20T21:29:34.5036419Z   ---
verificar · typecheck · unit · build · audit	Pruebas unitarias (domain, api)	2026-09-20T21:29:34.5036794Z   duration_ms: 0.201484
verificar · typecheck · unit · build · audit	Pruebas unitarias (domain, api)	2026-09-20T21:29:34.5037225Z   type: 'test'
verificar · typecheck · unit · build · audit	Pruebas unitarias (domain, api)	2026-09-20T21:29:34.5037596Z   ...
verificar · typecheck · unit · build · audit	Pruebas unitarias (domain, api)	2026-09-20T21:29:34.5038746Z # Subtest: REG-06-101 · cambiar el catálogo después de activar no cambia la instantánea (INV-06-115)
verificar · typecheck · unit · build · audit	Pruebas unitarias (domain, api)	2026-09-20T21:29:34.5040076Z ok 95 - REG-06-101 · cambiar el catálogo después de activar no cambia la instantánea (INV-06-115)
verificar · typecheck · unit · build · audit	Pruebas unitarias (domain, api)	2026-09-20T21:29:34.5040538Z   ---
verificar · typecheck · unit · build · audit	Pruebas unitarias (domain, api)	2026-09-20T21:29:34.5040741Z   duration_ms: 0.680115
verificar · typecheck · unit · build · audit	Pruebas unitarias (domain, api)	2026-09-20T21:29:34.5041305Z   type: 'test'
verificar · typecheck · unit · build · audit	Pruebas unitarias (domain, api)	2026-09-20T21:29:34.5041504Z   ...
verificar · typecheck · unit · build · audit	Pruebas unitarias (domain, api)	2026-09-20T21:29:34.5042099Z # Subtest: REG-06-106 · la ingesta prescripta referencia día tipo, comida y opción de la instantánea
verificar · typecheck · unit · build · audit	Pruebas unitarias (domain, api)	2026-09-20T21:29:34.5043424Z ok 96 - REG-06-106 · la ingesta prescripta referencia día tipo, comida y opción de la instantánea
verificar · typecheck · unit · build · audit	Pruebas unitarias (domain, api)	2026-09-20T21:29:34.5044175Z   ---
verificar · typecheck · unit · build · audit	Pruebas unitarias (domain, api)	2026-09-20T21:29:34.5044544Z   duration_ms: 0.607189
verificar · typecheck · unit · build · audit	Pruebas unitarias (domain, api)	2026-09-20T21:29:34.5044907Z   type: 'test'
verificar · typecheck · unit · build · audit	Pruebas unitarias (domain, api)	2026-09-20T21:29:34.5045216Z   ...
verificar · typecheck · unit · build · audit	Pruebas unitarias (domain, api)	2026-09-20T21:29:34.5046518Z # Subtest: TEST-NUT-002/005 · contraste: prescripto ≠ registrado, sin registro = NO_DATA, y la diferencia es de cantidad (DV-05 TEST-RF-034)
verificar · typecheck · unit · build · audit	Pruebas unitarias (domain, api)	2026-09-20T21:29:34.5048460Z ok 97 - TEST-NUT-002/005 · contraste: prescripto ≠ registrado, sin registro = NO_DATA, y la diferencia es de cantidad (DV-05 TEST-RF-034)
verificar · typecheck · unit · build · audit	Pruebas unitarias (domain, api)	2026-09-20T21:29:34.5049414Z   ---
verificar · typecheck · unit · build · audit	Pruebas unitarias (domain, api)	2026-09-20T21:29:34.5049719Z   duration_ms: 1.41414
verificar · typecheck · unit · build · audit	Pruebas unitarias (domain, api)	2026-09-20T21:29:34.5050073Z   type: 'test'
verificar · typecheck · unit · build · audit	Pruebas unitarias (domain, api)	2026-09-20T21:29:34.5050376Z   ...
verificar · typecheck · unit · build · audit	Pruebas unitarias (domain, api)	2026-09-20T21:29:34.5051379Z # Subtest: INV-06-13 · lo registrado contra una versión no se pierde si ese día se activa una sucesora
verificar · typecheck · unit · build · audit	Pruebas unitarias (domain, api)	2026-09-20T21:29:34.5052906Z ok 98 - INV-06-13 · lo registrado contra una versión no se pierde si ese día se activa una sucesora
verificar · typecheck · unit · build · audit	Pruebas unitarias (domain, api)	2026-09-20T21:29:34.5053634Z   ---
verificar · typecheck · unit · build · audit	Pruebas unitarias (domain, api)	2026-09-20T21:29:34.5053943Z   duration_ms: 0.498967
verificar · typecheck · unit · build · audit	Pruebas unitarias (domain, api)	2026-09-20T21:29:34.5054308Z   type: 'test'
verificar · typecheck · unit · build · audit	Pruebas unitarias (domain, api)	2026-09-20T21:29:34.5054621Z   ...
verificar · typecheck · unit · build · audit	Pruebas unitarias (domain, api)	2026-09-20T21:29:34.5055412Z # Subtest: fechasDelPeriodo · incluye los extremos y respeta los cambios de mes
verificar · typecheck · unit · build · audit	Pruebas unitarias (domain, api)	2026-09-20T21:29:34.5056544Z ok 99 - fechasDelPeriodo · incluye los extremos y respeta los cambios de mes
verificar · typecheck · unit · build · audit	Pruebas unitarias (domain, api)	2026-09-20T21:29:34.5057176Z   ---
verificar · typecheck · unit · build · audit	Pruebas unitarias (domain, api)	2026-09-20T21:29:34.5057478Z   duration_ms: 0.205682
verificar · typecheck · unit · build · audit	Pruebas unitarias (domain, api)	2026-09-20T21:29:34.5057840Z   type: 'test'
verificar · typecheck · unit · build · audit	Pruebas unitarias (domain, api)	2026-09-20T21:29:34.5058141Z   ...
verificar · typecheck · unit · build · audit	Pruebas unitarias (domain, api)	2026-09-20T21:29:34.5059193Z # Subtest: TEST-PRJ-009 · ningún schema de nutrición tiene puntaje, porcentaje de cumplimiento ni calificación
verificar · typecheck · unit · build · audit	Pruebas unitarias (domain, api)	2026-09-20T21:29:34.5060735Z ok 100 - TEST-PRJ-009 · ningún schema de nutrición tiene puntaje, porcentaje de cumplimiento ni calificación
verificar · typecheck · unit · build · audit	Pruebas unitarias (domain, api)	2026-09-20T21:29:34.5061563Z   ---
verificar · typecheck · unit · build · audit	Pruebas unitarias (domain, api)	2026-09-20T21:29:34.5061874Z   duration_ms: 98.659573
verificar · typecheck · unit · build · audit	Pruebas unitarias (domain, api)	2026-09-20T21:29:34.5062230Z   type: 'test'
verificar · typecheck · unit · build · audit	Pruebas unitarias (domain, api)	2026-09-20T21:29:34.5062544Z   ...
verificar · typecheck · unit · build · audit	Pruebas unitarias (domain, api)	2026-09-20T21:29:34.5063820Z # Subtest: TEST-PRJ-009 · el OpenAPI generado tampoco expone puntaje de adherencia en ninguna operación de nutrición
verificar · typecheck · unit · build · audit	Pruebas unitarias (domain, api)	2026-09-20T21:29:34.5065465Z ok 101 - TEST-PRJ-009 · el OpenAPI generado tampoco expone puntaje de adherencia en ninguna operación de nutrición
verificar · typecheck · unit · build · audit	Pruebas unitarias (domain, api)	2026-09-20T21:29:34.5066316Z   ---
verificar · typecheck · unit · build · audit	Pruebas unitarias (domain, api)	2026-09-20T21:29:34.5066631Z   duration_ms: 68.360587
verificar · typecheck · unit · build · audit	Pruebas unitarias (domain, api)	2026-09-20T21:29:34.5067001Z   type: 'test'
verificar · typecheck · unit · build · audit	Pruebas unitarias (domain, api)	2026-09-20T21:29:34.5067319Z   ...
verificar · typecheck · unit · build · audit	Pruebas unitarias (domain, api)	2026-09-20T21:29:34.5068180Z # Subtest: T13 · el copy de nutrición no usa ningún término prohibido (B10-05; REG-06-125)
verificar · typecheck · unit · build · audit	Pruebas unitarias (domain, api)	2026-09-20T21:29:34.5069362Z ok 102 - T13 · el copy de nutrición no usa ningún término prohibido (B10-05; REG-06-125)
verificar · typecheck · unit · build · audit	Pruebas unitarias (domain, api)	2026-09-20T21:29:34.5070029Z   ---
verificar · typecheck · unit · build · audit	Pruebas unitarias (domain, api)	2026-09-20T21:29:34.5070338Z   duration_ms: 2.077523
verificar · typecheck · unit · build · audit	Pruebas unitarias (domain, api)	2026-09-20T21:29:34.5070728Z   type: 'test'
verificar · typecheck · unit · build · audit	Pruebas unitarias (domain, api)	2026-09-20T21:29:34.5071026Z   ...
verificar · typecheck · unit · build · audit	Pruebas unitarias (domain, api)	2026-09-20T21:29:34.5236662Z # Subtest: REG-06-214 · la evaluación nace EN_PREPARACION y solo un acto explícito la registra
verificar · typecheck · unit · build · audit	Pruebas unitarias (domain, api)	2026-09-20T21:29:34.5237764Z ok 103 - REG-06-214 · la evaluación nace EN_PREPARACION y solo un acto explícito la registra
verificar · typecheck · unit · build · audit	Pruebas unitarias (domain, api)	2026-09-20T21:29:34.5238320Z   ---
verificar · typecheck · unit · build · audit	Pruebas unitarias (domain, api)	2026-09-20T21:29:34.5238626Z   duration_ms: 1.567354
verificar · typecheck · unit · build · audit	Pruebas unitarias (domain, api)	2026-09-20T21:29:34.5238863Z   type: 'test'
verificar · typecheck · unit · build · audit	Pruebas unitarias (domain, api)	2026-09-20T21:29:34.5239153Z   ...
verificar · typecheck · unit · build · audit	Pruebas unitarias (domain, api)	2026-09-20T21:29:34.5239822Z # Subtest: TEST-ANT-003 · registrar exige contenido registrable: no hay registro vacío
verificar · typecheck · unit · build · audit	Pruebas unitarias (domain, api)	2026-09-20T21:29:34.5240839Z ok 104 - TEST-ANT-003 · registrar exige contenido registrable: no hay registro vacío
verificar · typecheck · unit · build · audit	Pruebas unitarias (domain, api)	2026-09-20T21:29:34.5241341Z   ---
verificar · typecheck · unit · build · audit	Pruebas unitarias (domain, api)	2026-09-20T21:29:34.5241546Z   duration_ms: 0.736269
verificar · typecheck · unit · build · audit	Pruebas unitarias (domain, api)	2026-09-20T21:29:34.5241859Z   type: 'test'
verificar · typecheck · unit · build · audit	Pruebas unitarias (domain, api)	2026-09-20T21:29:34.5242147Z   ...
verificar · typecheck · unit · build · audit	Pruebas unitarias (domain, api)	2026-09-20T21:29:34.5245054Z # Subtest: REG-06-214 inciso 5 · una evaluación REGISTRADA no vuelve a preparación, ni se guarda, ni se registra dos veces
verificar · typecheck · unit · build · audit	Pruebas unitarias (domain, api)	2026-09-20T21:29:34.5246963Z ok 105 - REG-06-214 inciso 5 · una evaluación REGISTRADA no vuelve a preparación, ni se guarda, ni se registra dos veces
verificar · typecheck · unit · build · audit	Pruebas unitarias (domain, api)	2026-09-20T21:29:34.5247663Z   ---
verificar · typecheck · unit · build · audit	Pruebas unitarias (domain, api)	2026-09-20T21:29:34.5247955Z   duration_ms: 0.177289
verificar · typecheck · unit · build · audit	Pruebas unitarias (domain, api)	2026-09-20T21:29:34.5248235Z   type: 'test'
verificar · typecheck · unit · build · audit	Pruebas unitarias (domain, api)	2026-09-20T21:29:34.5248432Z   ...
verificar · typecheck · unit · build · audit	Pruebas unitarias (domain, api)	2026-09-20T21:29:34.5249059Z # Subtest: REG-06-218 · anular una medición vigente procede y exige motivo
verificar · typecheck · unit · build · audit	Pruebas unitarias (domain, api)	2026-09-20T21:29:34.5249891Z ok 106 - REG-06-218 · anular una medición vigente procede y exige motivo
verificar · typecheck · unit · build · audit	Pruebas unitarias (domain, api)	2026-09-20T21:29:34.5250361Z   ---
verificar · typecheck · unit · build · audit	Pruebas unitarias (domain, api)	2026-09-20T21:29:34.5250617Z   duration_ms: 0.270934
verificar · typecheck · unit · build · audit	Pruebas unitarias (domain, api)	2026-09-20T21:29:34.5250931Z   type: 'test'
verificar · typecheck · unit · build · audit	Pruebas unitarias (domain, api)	2026-09-20T21:29:34.5251122Z   ...
verificar · typecheck · unit · build · audit	Pruebas unitarias (domain, api)	2026-09-20T21:29:34.5252183Z # Subtest: TEST-ANT-006 · adversarial 6: la segunda anulación no produce un segundo efecto ni un error nuevo
verificar · typecheck · unit · build · audit	Pruebas unitarias (domain, api)	2026-09-20T21:29:34.5254178Z ok 107 - TEST-ANT-006 · adversarial 6: la segunda anulación no produce un segundo efecto ni un error nuevo
verificar · typecheck · unit · build · audit	Pruebas unitarias (domain, api)	2026-09-20T21:29:34.5255104Z   ---
verificar · typecheck · unit · build · audit	Pruebas unitarias (domain, api)	2026-09-20T21:29:34.5255492Z   duration_ms: 0.255155
verificar · typecheck · unit · build · audit	Pruebas unitarias (domain, api)	2026-09-20T21:29:34.5255918Z   type: 'test'
verificar · typecheck · unit · build · audit	Pruebas unitarias (domain, api)	2026-09-20T21:29:34.5256117Z   ...
verificar · typecheck · unit · build · audit	Pruebas unitarias (domain, api)	2026-09-20T21:29:34.5257194Z # Subtest: TEST-ANT-007 · no existe reversión implícita: ANULADA no admite corrección que la vuelva efectiva
verificar · typecheck · unit · build · audit	Pruebas unitarias (domain, api)	2026-09-20T21:29:34.5258951Z ok 108 - TEST-ANT-007 · no existe reversión implícita: ANULADA no admite corrección que la vuelva efectiva
verificar · typecheck · unit · build · audit	Pruebas unitarias (domain, api)	2026-09-20T21:29:34.5259882Z   ---
verificar · typecheck · unit · build · audit	Pruebas unitarias (domain, api)	2026-09-20T21:29:34.5260177Z   duration_ms: 0.137586
verificar · typecheck · unit · build · audit	Pruebas unitarias (domain, api)	2026-09-20T21:29:34.5260413Z   type: 'test'
verificar · typecheck · unit · build · audit	Pruebas unitarias (domain, api)	2026-09-20T21:29:34.5260603Z   ...
verificar · typecheck · unit · build · audit	Pruebas unitarias (domain, api)	2026-09-20T21:29:34.5261259Z # Subtest: TEST-ANT-001 · medido, reportado y calculado son clases distintas, no una convención de nombre
verificar · typecheck · unit · build · audit	Pruebas unitarias (domain, api)	2026-09-20T21:29:34.5262149Z ok 109 - TEST-ANT-001 · medido, reportado y calculado son clases distintas, no una convención de nombre
verificar · typecheck · unit · build · audit	Pruebas unitarias (domain, api)	2026-09-20T21:29:34.5262611Z   ---
verificar · typecheck · unit · build · audit	Pruebas unitarias (domain, api)	2026-09-20T21:29:34.5263213Z   duration_ms: 0.190394
verificar · typecheck · unit · build · audit	Pruebas unitarias (domain, api)	2026-09-20T21:29:34.5263601Z   type: 'test'
verificar · typecheck · unit · build · audit	Pruebas unitarias (domain, api)	2026-09-20T21:29:34.5263841Z   ...
verificar · typecheck · unit · build · audit	Pruebas unitarias (domain, api)	2026-09-20T21:29:34.5264550Z # Subtest: REG-06-09 y REG-06-155 · convertir conserva la unidad de origen y la regla que se aplicó
verificar · typecheck · unit · build · audit	Pruebas unitarias (domain, api)	2026-09-20T21:29:34.5266152Z ok 110 - REG-06-09 y REG-06-155 · convertir conserva la unidad de origen y la regla que se aplicó
verificar · typecheck · unit · build · audit	Pruebas unitarias (domain, api)	2026-09-20T21:29:34.5267005Z   ---
verificar · typecheck · unit · build · audit	Pruebas unitarias (domain, api)	2026-09-20T21:29:34.5267376Z   duration_ms: 0.380187
verificar · typecheck · unit · build · audit	Pruebas unitarias (domain, api)	2026-09-20T21:29:34.5267783Z   type: 'test'
verificar · typecheck · unit · build · audit	Pruebas unitarias (domain, api)	2026-09-20T21:29:34.5268153Z   ...
verificar · typecheck · unit · build · audit	Pruebas unitarias (domain, api)	2026-09-20T21:29:34.5269125Z # Subtest: REG-06-155 · sin regla declarada no hay conversión: no se inventa un factor
verificar · typecheck · unit · build · audit	Pruebas unitarias (domain, api)	2026-09-20T21:29:34.5270481Z ok 111 - REG-06-155 · sin regla declarada no hay conversión: no se inventa un factor
verificar · typecheck · unit · build · audit	Pruebas unitarias (domain, api)	2026-09-20T21:29:34.5271239Z   ---
verificar · typecheck · unit · build · audit	Pruebas unitarias (domain, api)	2026-09-20T21:29:34.5271599Z   duration_ms: 0.342005
verificar · typecheck · unit · build · audit	Pruebas unitarias (domain, api)	2026-09-20T21:29:34.5271968Z   type: 'test'
verificar · typecheck · unit · build · audit	Pruebas unitarias (domain, api)	2026-09-20T21:29:34.5272314Z   ...
verificar · typecheck · unit · build · audit	Pruebas unitarias (domain, api)	2026-09-20T21:29:34.5273202Z # Subtest: REG-06-158 · la precisión y el redondeo son declarados, no implícitos
verificar · typecheck · unit · build · audit	Pruebas unitarias (domain, api)	2026-09-20T21:29:34.5274077Z ok 112 - REG-06-158 · la precisión y el redondeo son declarados, no implícitos
verificar · typecheck · unit · build · audit	Pruebas unitarias (domain, api)	2026-09-20T21:29:34.5274590Z   ---
verificar · typecheck · unit · build · audit	Pruebas unitarias (domain, api)	2026-09-20T21:29:34.5274814Z   duration_ms: 0.471767
verificar · typecheck · unit · build · audit	Pruebas unitarias (domain, api)	2026-09-20T21:29:34.5275141Z   type: 'test'
verificar · typecheck · unit · build · audit	Pruebas unitarias (domain, api)	2026-09-20T21:29:34.5275403Z   ...
verificar · typecheck · unit · build · audit	Pruebas unitarias (domain, api)	2026-09-20T21:29:34.5276430Z # Subtest: REG-06-159 e INV-06-170 · la dependencia es explícita: se resuelve por identificador, nunca por nombre
verificar · typecheck · unit · build · audit	Pruebas unitarias (domain, api)	2026-09-20T21:29:34.5278104Z ok 113 - REG-06-159 e INV-06-170 · la dependencia es explícita: se resuelve por identificador, nunca por nombre
verificar · typecheck · unit · build · audit	Pruebas unitarias (domain, api)	2026-09-20T21:29:34.5278945Z   ---
verificar · typecheck · unit · build · audit	Pruebas unitarias (domain, api)	2026-09-20T21:29:34.5279416Z   duration_ms: 0.249784
verificar · typecheck · unit · build · audit	Pruebas unitarias (domain, api)	2026-09-20T21:29:34.5280075Z   type: 'test'
verificar · typecheck · unit · build · audit	Pruebas unitarias (domain, api)	2026-09-20T21:29:34.5280649Z   ...
verificar · typecheck · unit · build · audit	Pruebas unitarias (domain, api)	2026-09-20T21:29:34.5281914Z # Subtest: TEST-ANT-008 · un input anulado obliga a reevaluar dependencias, y sin reemplazo no se inventa sucesor
verificar · typecheck · unit · build · audit	Pruebas unitarias (domain, api)	2026-09-20T21:29:34.5283955Z ok 114 - TEST-ANT-008 · un input anulado obliga a reevaluar dependencias, y sin reemplazo no se inventa sucesor
verificar · typecheck · unit · build · audit	Pruebas unitarias (domain, api)	2026-09-20T21:29:34.5285092Z   ---
verificar · typecheck · unit · build · audit	Pruebas unitarias (domain, api)	2026-09-20T21:29:34.5285548Z   duration_ms: 0.282987
verificar · typecheck · unit · build · audit	Pruebas unitarias (domain, api)	2026-09-20T21:29:34.5286162Z   type: 'test'
verificar · typecheck · unit · build · audit	Pruebas unitarias (domain, api)	2026-09-20T21:29:34.5287025Z   ...
verificar · typecheck · unit · build · audit	Pruebas unitarias (domain, api)	2026-09-20T21:29:34.5288409Z # Subtest: REG-06-162/163/164 · solo se compara lo compatible, y la diferencia se nombra en vez de convertirse sola
verificar · typecheck · unit · build · audit	Pruebas unitarias (domain, api)	2026-09-20T21:29:34.5290262Z ok 115 - REG-06-162/163/164 · solo se compara lo compatible, y la diferencia se nombra en vez de convertirse sola
verificar · typecheck · unit · build · audit	Pruebas unitarias (domain, api)	2026-09-20T21:29:34.5291193Z   ---
verificar · typecheck · unit · build · audit	Pruebas unitarias (domain, api)	2026-09-20T21:29:34.5291748Z   duration_ms: 0.206885
verificar · typecheck · unit · build · audit	Pruebas unitarias (domain, api)	2026-09-20T21:29:34.5302166Z   type: 'test'
verificar · typecheck · unit · build · audit	Pruebas unitarias (domain, api)	2026-09-20T21:29:34.5302533Z   ...
verificar · typecheck · unit · build · audit	Pruebas unitarias (domain, api)	2026-09-20T21:29:34.5303760Z # Subtest: TEST-ANT-009 · adversarial 7: SIN_DATO no se transforma en cero y no se interpola
verificar · typecheck · unit · build · audit	Pruebas unitarias (domain, api)	2026-09-20T21:29:34.5304704Z ok 116 - TEST-ANT-009 · adversarial 7: SIN_DATO no se transforma en cero y no se interpola
verificar · typecheck · unit · build · audit	Pruebas unitarias (domain, api)	2026-09-20T21:29:34.5305480Z   ---
verificar · typecheck · unit · build · audit	Pruebas unitarias (domain, api)	2026-09-20T21:29:34.5305822Z   duration_ms: 0.304526
verificar · typecheck · unit · build · audit	Pruebas unitarias (domain, api)	2026-09-20T21:29:34.5306218Z   type: 'test'
verificar · typecheck · unit · build · audit	Pruebas unitarias (domain, api)	2026-09-20T21:29:34.5306455Z   ...
verificar · typecheck · unit · build · audit	Pruebas unitarias (domain, api)	2026-09-20T21:29:34.5306936Z # Subtest: INV-06-176 · un cero medido es un punto REGISTRADO, no un hueco
verificar · typecheck · unit · build · audit	Pruebas unitarias (domain, api)	2026-09-20T21:29:34.5307672Z ok 117 - INV-06-176 · un cero medido es un punto REGISTRADO, no un hueco
verificar · typecheck · unit · build · audit	Pruebas unitarias (domain, api)	2026-09-20T21:29:34.5308126Z   ---
verificar · typecheck · unit · build · audit	Pruebas unitarias (domain, api)	2026-09-20T21:29:34.5308324Z   duration_ms: 0.137826
verificar · typecheck · unit · build · audit	Pruebas unitarias (domain, api)	2026-09-20T21:29:34.5308551Z   type: 'test'
verificar · typecheck · unit · build · audit	Pruebas unitarias (domain, api)	2026-09-20T21:29:34.5308749Z   ...
verificar · typecheck · unit · build · audit	Pruebas unitarias (domain, api)	2026-09-20T21:29:34.5309288Z # Subtest: REG-06-221 · una medición anulada no aporta un punto registrado a la serie
verificar · typecheck · unit · build · audit	Pruebas unitarias (domain, api)	2026-09-20T21:29:34.5310680Z ok 118 - REG-06-221 · una medición anulada no aporta un punto registrado a la serie
verificar · typecheck · unit · build · audit	Pruebas unitarias (domain, api)	2026-09-20T21:29:34.5311416Z   ---
verificar · typecheck · unit · build · audit	Pruebas unitarias (domain, api)	2026-09-20T21:29:34.5311768Z   duration_ms: 0.961047
verificar · typecheck · unit · build · audit	Pruebas unitarias (domain, api)	2026-09-20T21:29:34.5312176Z   type: 'test'
verificar · typecheck · unit · build · audit	Pruebas unitarias (domain, api)	2026-09-20T21:29:34.5312533Z   ...
verificar · typecheck · unit · build · audit	Pruebas unitarias (domain, api)	2026-09-20T21:29:34.5313846Z # Subtest: TEST-ANT-010 · lo no comparable se conserva y se marca: no forma línea continua
verificar · typecheck · unit · build · audit	Pruebas unitarias (domain, api)	2026-09-20T21:29:34.5315225Z ok 119 - TEST-ANT-010 · lo no comparable se conserva y se marca: no forma línea continua
verificar · typecheck · unit · build · audit	Pruebas unitarias (domain, api)	2026-09-20T21:29:34.5315987Z   ---
verificar · typecheck · unit · build · audit	Pruebas unitarias (domain, api)	2026-09-20T21:29:34.5316340Z   duration_ms: 0.157803
verificar · typecheck · unit · build · audit	Pruebas unitarias (domain, api)	2026-09-20T21:29:34.5316735Z   type: 'test'
verificar · typecheck · unit · build · audit	Pruebas unitarias (domain, api)	2026-09-20T21:29:34.5317110Z   ...
verificar · typecheck · unit · build · audit	Pruebas unitarias (domain, api)	2026-09-20T21:29:34.5317880Z # Subtest: INV-06-178 · cada punto conserva su clase y su origen
verificar · typecheck · unit · build · audit	Pruebas unitarias (domain, api)	2026-09-20T21:29:34.5318880Z ok 120 - INV-06-178 · cada punto conserva su clase y su origen
verificar · typecheck · unit · build · audit	Pruebas unitarias (domain, api)	2026-09-20T21:29:34.5319488Z   ---
verificar · typecheck · unit · build · audit	Pruebas unitarias (domain, api)	2026-09-20T21:29:34.5319837Z   duration_ms: 0.129711
verificar · typecheck · unit · build · audit	Pruebas unitarias (domain, api)	2026-09-20T21:29:34.5320246Z   type: 'test'
verificar · typecheck · unit · build · audit	Pruebas unitarias (domain, api)	2026-09-20T21:29:34.5320599Z   ...
verificar · typecheck · unit · build · audit	Pruebas unitarias (domain, api)	2026-09-20T21:29:34.5321582Z # Subtest: REG-06-165 · la serie devuelve un punto por checkpoint pedido, ni más ni menos
verificar · typecheck · unit · build · audit	Pruebas unitarias (domain, api)	2026-09-20T21:29:34.5323473Z ok 121 - REG-06-165 · la serie devuelve un punto por checkpoint pedido, ni más ni menos
verificar · typecheck · unit · build · audit	Pruebas unitarias (domain, api)	2026-09-20T21:29:34.5324237Z   ---
verificar · typecheck · unit · build · audit	Pruebas unitarias (domain, api)	2026-09-20T21:29:34.5324577Z   duration_ms: 0.190244
verificar · typecheck · unit · build · audit	Pruebas unitarias (domain, api)	2026-09-20T21:29:34.5324972Z   type: 'test'
verificar · typecheck · unit · build · audit	Pruebas unitarias (domain, api)	2026-09-20T21:29:34.5325320Z   ...
verificar · typecheck · unit · build · audit	Pruebas unitarias (domain, api)	2026-09-20T21:29:34.5326245Z # Subtest: REG-06-167 · la serie filtra por métrica: otra métrica no contamina el punto
verificar · typecheck · unit · build · audit	Pruebas unitarias (domain, api)	2026-09-20T21:29:34.5327528Z ok 122 - REG-06-167 · la serie filtra por métrica: otra métrica no contamina el punto
verificar · typecheck · unit · build · audit	Pruebas unitarias (domain, api)	2026-09-20T21:29:34.5328283Z   ---
verificar · typecheck · unit · build · audit	Pruebas unitarias (domain, api)	2026-09-20T21:29:34.5328644Z   duration_ms: 0.112068
verificar · typecheck · unit · build · audit	Pruebas unitarias (domain, api)	2026-09-20T21:29:34.5329041Z   type: 'test'
verificar · typecheck · unit · build · audit	Pruebas unitarias (domain, api)	2026-09-20T21:29:34.5329379Z   ...
verificar · typecheck · unit · build · audit	Pruebas unitarias (domain, api)	2026-09-20T21:29:34.5330390Z # Subtest: INV-06-177 · un hueco de la serie no tiene dónde poner un valor: el contrato lo rechaza
verificar · typecheck · unit · build · audit	Pruebas unitarias (domain, api)	2026-09-20T21:29:34.5331806Z ok 123 - INV-06-177 · un hueco de la serie no tiene dónde poner un valor: el contrato lo rechaza
verificar · typecheck · unit · build · audit	Pruebas unitarias (domain, api)	2026-09-20T21:29:34.5332571Z   ---
verificar · typecheck · unit · build · audit	Pruebas unitarias (domain, api)	2026-09-20T21:29:34.5333163Z   duration_ms: 134.689587
verificar · typecheck · unit · build · audit	Pruebas unitarias (domain, api)	2026-09-20T21:29:34.5333563Z   type: 'test'
verificar · typecheck · unit · build · audit	Pruebas unitarias (domain, api)	2026-09-20T21:29:34.5333894Z   ...
verificar · typecheck · unit · build · audit	Pruebas unitarias (domain, api)	2026-09-20T21:29:34.5334671Z # Subtest: INV-06-176 · un cero medido sí viaja, como punto de la serie
verificar · typecheck · unit · build · audit	Pruebas unitarias (domain, api)	2026-09-20T21:29:34.5335714Z ok 124 - INV-06-176 · un cero medido sí viaja, como punto de la serie
verificar · typecheck · unit · build · audit	Pruebas unitarias (domain, api)	2026-09-20T21:29:34.5336322Z   ---
verificar · typecheck · unit · build · audit	Pruebas unitarias (domain, api)	2026-09-20T21:29:34.5336662Z   duration_ms: 2.734555
verificar · typecheck · unit · build · audit	Pruebas unitarias (domain, api)	2026-09-20T21:29:34.5337058Z   type: 'test'
verificar · typecheck · unit · build · audit	Pruebas unitarias (domain, api)	2026-09-20T21:29:34.5337401Z   ...
verificar · typecheck · unit · build · audit	Pruebas unitarias (domain, api)	2026-09-20T21:29:34.5338613Z # Subtest: DL-062 · INV-06-167: la referencia de preparación solo corresponde a la importación controlada, y es opaca
verificar · typecheck · unit · build · audit	Pruebas unitarias (domain, api)	2026-09-20T21:29:34.5340867Z ok 125 - DL-062 · INV-06-167: la referencia de preparación solo corresponde a la importación controlada, y es opaca
verificar · typecheck · unit · build · audit	Pruebas unitarias (domain, api)	2026-09-20T21:29:34.5341784Z   ---
verificar · typecheck · unit · build · audit	Pruebas unitarias (domain, api)	2026-09-20T21:29:34.5342125Z   duration_ms: 1.331706
verificar · typecheck · unit · build · audit	Pruebas unitarias (domain, api)	2026-09-20T21:29:34.5342520Z   type: 'test'
verificar · typecheck · unit · build · audit	Pruebas unitarias (domain, api)	2026-09-20T21:29:34.5343123Z   ...
verificar · typecheck · unit · build · audit	Pruebas unitarias (domain, api)	2026-09-20T21:29:34.5344305Z # Subtest: TEST-PRJ-009 · ningún schema de antropometría ni de cálculo tiene puntaje, porcentaje ni calificación
verificar · typecheck · unit · build · audit	Pruebas unitarias (domain, api)	2026-09-20T21:29:34.5346100Z ok 126 - TEST-PRJ-009 · ningún schema de antropometría ni de cálculo tiene puntaje, porcentaje ni calificación
verificar · typecheck · unit · build · audit	Pruebas unitarias (domain, api)	2026-09-20T21:29:34.5347023Z   ---
verificar · typecheck · unit · build · audit	Pruebas unitarias (domain, api)	2026-09-20T21:29:34.5347374Z   duration_ms: 61.027141
verificar · typecheck · unit · build · audit	Pruebas unitarias (domain, api)	2026-09-20T21:29:34.5347800Z   type: 'test'
verificar · typecheck · unit · build · audit	Pruebas unitarias (domain, api)	2026-09-20T21:29:34.5348146Z   ...
verificar · typecheck · unit · build · audit	Pruebas unitarias (domain, api)	2026-09-20T21:29:34.5349420Z # Subtest: TEST-PRJ-009 · el control de cero juicio detecta un campo prohibido, también dentro del schema de la evolución
verificar · typecheck · unit · build · audit	Pruebas unitarias (domain, api)	2026-09-20T21:29:34.5351320Z ok 127 - TEST-PRJ-009 · el control de cero juicio detecta un campo prohibido, también dentro del schema de la evolución
verificar · typecheck · unit · build · audit	Pruebas unitarias (domain, api)	2026-09-20T21:29:34.5352315Z   ---
verificar · typecheck · unit · build · audit	Pruebas unitarias (domain, api)	2026-09-20T21:29:34.5353314Z   duration_ms: 0.883512
verificar · typecheck · unit · build · audit	Pruebas unitarias (domain, api)	2026-09-20T21:29:34.5353762Z   type: 'test'
verificar · typecheck · unit · build · audit	Pruebas unitarias (domain, api)	2026-09-20T21:29:34.5354125Z   ...
verificar · typecheck · unit · build · audit	Pruebas unitarias (domain, api)	2026-09-20T21:29:34.5355161Z # Subtest: WP-05 §4 · el OpenAPI publica las doce operaciones ANT en las rutas que declara el 09
verificar · typecheck · unit · build · audit	Pruebas unitarias (domain, api)	2026-09-20T21:29:34.5356668Z ok 128 - WP-05 §4 · el OpenAPI publica las doce operaciones ANT en las rutas que declara el 09
verificar · typecheck · unit · build · audit	Pruebas unitarias (domain, api)	2026-09-20T21:29:34.5357439Z   ---
verificar · typecheck · unit · build · audit	Pruebas unitarias (domain, api)	2026-09-20T21:29:34.5357775Z   duration_ms: 4.24323
verificar · typecheck · unit · build · audit	Pruebas unitarias (domain, api)	2026-09-20T21:29:34.5358157Z   type: 'test'
verificar · typecheck · unit · build · audit	Pruebas unitarias (domain, api)	2026-09-20T21:29:34.5358493Z   ...
verificar · typecheck · unit · build · audit	Pruebas unitarias (domain, api)	2026-09-20T21:29:34.5359566Z # Subtest: T13 · el copy de antropometría no dice diagnóstico, ni completa huecos, ni califica el cuerpo
verificar · typecheck · unit · build · audit	Pruebas unitarias (domain, api)	2026-09-20T21:29:34.5361135Z ok 129 - T13 · el copy de antropometría no dice diagnóstico, ni completa huecos, ni califica el cuerpo
verificar · typecheck · unit · build · audit	Pruebas unitarias (domain, api)	2026-09-20T21:29:34.5361979Z   ---
verificar · typecheck · unit · build · audit	Pruebas unitarias (domain, api)	2026-09-20T21:29:34.5362326Z   duration_ms: 2.486714
verificar · typecheck · unit · build · audit	Pruebas unitarias (domain, api)	2026-09-20T21:29:34.5363013Z   type: 'test'
verificar · typecheck · unit · build · audit	Pruebas unitarias (domain, api)	2026-09-20T21:29:34.5363352Z   ...
verificar · typecheck · unit · build · audit	Pruebas unitarias (domain, api)	2026-09-20T21:29:34.5364314Z # Subtest: 08 §56.12 · el copy de anular explicita que preserva la historia y no habla de borrar
verificar · typecheck · unit · build · audit	Pruebas unitarias (domain, api)	2026-09-20T21:29:34.5365088Z ok 130 - 08 §56.12 · el copy de anular explicita que preserva la historia y no habla de borrar
verificar · typecheck · unit · build · audit	Pruebas unitarias (domain, api)	2026-09-20T21:29:34.5365505Z   ---
verificar · typecheck · unit · build · audit	Pruebas unitarias (domain, api)	2026-09-20T21:29:34.5365700Z   duration_ms: 0.479431
verificar · typecheck · unit · build · audit	Pruebas unitarias (domain, api)	2026-09-20T21:29:34.5365927Z   type: 'test'
verificar · typecheck · unit · build · audit	Pruebas unitarias (domain, api)	2026-09-20T21:29:34.5366120Z   ...
verificar · typecheck · unit · build · audit	Pruebas unitarias (domain, api)	2026-09-20T21:29:34.5366655Z # Subtest: RF-048 · decir que algo NO es un diagnóstico no es lo mismo que presentarlo como tal
verificar · typecheck · unit · build · audit	Pruebas unitarias (domain, api)	2026-09-20T21:29:34.5367412Z ok 131 - RF-048 · decir que algo NO es un diagnóstico no es lo mismo que presentarlo como tal
verificar · typecheck · unit · build · audit	Pruebas unitarias (domain, api)	2026-09-20T21:29:34.5367845Z   ---
verificar · typecheck · unit · build · audit	Pruebas unitarias (domain, api)	2026-09-20T21:29:34.5368041Z   duration_ms: 0.268048
verificar · typecheck · unit · build · audit	Pruebas unitarias (domain, api)	2026-09-20T21:29:34.5368262Z   type: 'test'
verificar · typecheck · unit · build · audit	Pruebas unitarias (domain, api)	2026-09-20T21:29:34.5368457Z   ...
verificar · typecheck · unit · build · audit	Pruebas unitarias (domain, api)	2026-09-20T21:29:34.5368892Z # Subtest: 06 §5.7.2 — conjunto cerrado de tres estados, tokens CONV-06-02
verificar · typecheck · unit · build · audit	Pruebas unitarias (domain, api)	2026-09-20T21:29:34.5369601Z ok 132 - 06 §5.7.2 — conjunto cerrado de tres estados, tokens CONV-06-02
verificar · typecheck · unit · build · audit	Pruebas unitarias (domain, api)	2026-09-20T21:29:34.5369985Z   ---
verificar · typecheck · unit · build · audit	Pruebas unitarias (domain, api)	2026-09-20T21:29:34.5370197Z   duration_ms: 1.660848
verificar · typecheck · unit · build · audit	Pruebas unitarias (domain, api)	2026-09-20T21:29:34.5370438Z   type: 'test'
verificar · typecheck · unit · build · audit	Pruebas unitarias (domain, api)	2026-09-20T21:29:34.5370653Z   ...
verificar · typecheck · unit · build · audit	Pruebas unitarias (domain, api)	2026-09-20T21:29:34.5371255Z # Subtest: 06 §5.7.2 — inicial OPERATIVA, terminal CERRADA; solo OPERATIVA permite operar (INV-06-28)
verificar · typecheck · unit · build · audit	Pruebas unitarias (domain, api)	2026-09-20T21:29:34.5372133Z ok 133 - 06 §5.7.2 — inicial OPERATIVA, terminal CERRADA; solo OPERATIVA permite operar (INV-06-28)
verificar · typecheck · unit · build · audit	Pruebas unitarias (domain, api)	2026-09-20T21:29:34.5372608Z   ---
verificar · typecheck · unit · build · audit	Pruebas unitarias (domain, api)	2026-09-20T21:29:34.5373117Z   duration_ms: 0.238624
verificar · typecheck · unit · build · audit	Pruebas unitarias (domain, api)	2026-09-20T21:29:34.5373365Z   type: 'test'
verificar · typecheck · unit · build · audit	Pruebas unitarias (domain, api)	2026-09-20T21:29:34.5373573Z   ...
verificar · typecheck · unit · build · audit	Pruebas unitarias (domain, api)	2026-09-20T21:29:34.5373909Z # Subtest: 06 §5.7.4 — lista blanca exacta
verificar · typecheck · unit · build · audit	Pruebas unitarias (domain, api)	2026-09-20T21:29:34.5374346Z ok 134 - 06 §5.7.4 — lista blanca exacta
verificar · typecheck · unit · build · audit	Pruebas unitarias (domain, api)	2026-09-20T21:29:34.5374606Z   ---
verificar · typecheck · unit · build · audit	Pruebas unitarias (domain, api)	2026-09-20T21:29:34.5374838Z   duration_ms: 0.953182
verificar · typecheck · unit · build · audit	Pruebas unitarias (domain, api)	2026-09-20T21:29:34.5375069Z   type: 'test'
verificar · typecheck · unit · build · audit	Pruebas unitarias (domain, api)	2026-09-20T21:29:34.5375279Z   ...
verificar · typecheck · unit · build · audit	Pruebas unitarias (domain, api)	2026-09-20T21:29:34.5376046Z # Subtest: 06 §5.7.4 — toda transición no declarada está prohibida (matriz 3×3)
verificar · typecheck · unit · build · audit	Pruebas unitarias (domain, api)	2026-09-20T21:29:34.5376867Z ok 135 - 06 §5.7.4 — toda transición no declarada está prohibida (matriz 3×3)
verificar · typecheck · unit · build · audit	Pruebas unitarias (domain, api)	2026-09-20T21:29:34.5377255Z   ---
verificar · typecheck · unit · build · audit	Pruebas unitarias (domain, api)	2026-09-20T21:29:34.5377467Z   duration_ms: 0.447652
verificar · typecheck · unit · build · audit	Pruebas unitarias (domain, api)	2026-09-20T21:29:34.5377713Z   type: 'test'
verificar · typecheck · unit · build · audit	Pruebas unitarias (domain, api)	2026-09-20T21:29:34.5377920Z   ...
verificar · typecheck · unit · build · audit	Pruebas unitarias (domain, api)	2026-09-20T21:29:34.5378502Z # Subtest: SuspenderCuenta OPERATIVA → SUSPENDIDA: permitida con fundamento; revoca sesiones
verificar · typecheck · unit · build · audit	Pruebas unitarias (domain, api)	2026-09-20T21:29:34.5379351Z ok 136 - SuspenderCuenta OPERATIVA → SUSPENDIDA: permitida con fundamento; revoca sesiones
verificar · typecheck · unit · build · audit	Pruebas unitarias (domain, api)	2026-09-20T21:29:34.5379861Z   ---
verificar · typecheck · unit · build · audit	Pruebas unitarias (domain, api)	2026-09-20T21:29:34.5380057Z   duration_ms: 0.3712
verificar · typecheck · unit · build · audit	Pruebas unitarias (domain, api)	2026-09-20T21:29:34.5380303Z   type: 'test'
verificar · typecheck · unit · build · audit	Pruebas unitarias (domain, api)	2026-09-20T21:29:34.5380509Z   ...
verificar · typecheck · unit · build · audit	Pruebas unitarias (domain, api)	2026-09-20T21:29:34.5380938Z # Subtest: SuspenderCuenta: la guarda rechaza un fundamento vacío
verificar · typecheck · unit · build · audit	Pruebas unitarias (domain, api)	2026-09-20T21:29:34.5381540Z ok 137 - SuspenderCuenta: la guarda rechaza un fundamento vacío
verificar · typecheck · unit · build · audit	Pruebas unitarias (domain, api)	2026-09-20T21:29:34.5381900Z   ---
verificar · typecheck · unit · build · audit	Pruebas unitarias (domain, api)	2026-09-20T21:29:34.5382115Z   duration_ms: 0.255435
verificar · typecheck · unit · build · audit	Pruebas unitarias (domain, api)	2026-09-20T21:29:34.5382383Z   type: 'test'
verificar · typecheck · unit · build · audit	Pruebas unitarias (domain, api)	2026-09-20T21:29:34.5382581Z   ...
verificar · typecheck · unit · build · audit	Pruebas unitarias (domain, api)	2026-09-20T21:29:34.5383421Z # Subtest: RestablecerCuenta SUSPENDIDA → OPERATIVA: permitida con resolución; no concede nada más
verificar · typecheck · unit · build · audit	Pruebas unitarias (domain, api)	2026-09-20T21:29:34.5384402Z ok 138 - RestablecerCuenta SUSPENDIDA → OPERATIVA: permitida con resolución; no concede nada más
verificar · typecheck · unit · build · audit	Pruebas unitarias (domain, api)	2026-09-20T21:29:34.5385263Z   ---
verificar · typecheck · unit · build · audit	Pruebas unitarias (domain, api)	2026-09-20T21:29:34.5385603Z   duration_ms: 0.314174
verificar · typecheck · unit · build · audit	Pruebas unitarias (domain, api)	2026-09-20T21:29:34.5385917Z   type: 'test'
verificar · typecheck · unit · build · audit	Pruebas unitarias (domain, api)	2026-09-20T21:29:34.5386113Z   ...
verificar · typecheck · unit · build · audit	Pruebas unitarias (domain, api)	2026-09-20T21:29:34.5386560Z # Subtest: RestablecerCuenta: la guarda rechaza una resolución vacía
verificar · typecheck · unit · build · audit	Pruebas unitarias (domain, api)	2026-09-20T21:29:34.5387148Z ok 139 - RestablecerCuenta: la guarda rechaza una resolución vacía
verificar · typecheck · unit · build · audit	Pruebas unitarias (domain, api)	2026-09-20T21:29:34.5387498Z   ---
verificar · typecheck · unit · build · audit	Pruebas unitarias (domain, api)	2026-09-20T21:29:34.5387692Z   duration_ms: 0.206454
verificar · typecheck · unit · build · audit	Pruebas unitarias (domain, api)	2026-09-20T21:29:34.5387909Z   type: 'test'
verificar · typecheck · unit · build · audit	Pruebas unitarias (domain, api)	2026-09-20T21:29:34.5388098Z   ...
verificar · typecheck · unit · build · audit	Pruebas unitarias (domain, api)	2026-09-20T21:29:34.5388663Z # Subtest: CerrarCuenta OPERATIVA → CERRADA: permitida con las cuatro guardas; efectos del §5.8 y 08
verificar · typecheck · unit · build · audit	Pruebas unitarias (domain, api)	2026-09-20T21:29:34.5389525Z ok 140 - CerrarCuenta OPERATIVA → CERRADA: permitida con las cuatro guardas; efectos del §5.8 y 08
verificar · typecheck · unit · build · audit	Pruebas unitarias (domain, api)	2026-09-20T21:29:34.5389972Z   ---
verificar · typecheck · unit · build · audit	Pruebas unitarias (domain, api)	2026-09-20T21:29:34.5390167Z   duration_ms: 0.611477
verificar · typecheck · unit · build · audit	Pruebas unitarias (domain, api)	2026-09-20T21:29:34.5390383Z   type: 'test'
verificar · typecheck · unit · build · audit	Pruebas unitarias (domain, api)	2026-09-20T21:29:34.5390574Z   ...
verificar · typecheck · unit · build · audit	Pruebas unitarias (domain, api)	2026-09-20T21:29:34.5391009Z # Subtest: CerrarCuenta: cada guarda se evalúa como condición explícita
verificar · typecheck · unit · build · audit	Pruebas unitarias (domain, api)	2026-09-20T21:29:34.5391614Z ok 141 - CerrarCuenta: cada guarda se evalúa como condición explícita
verificar · typecheck · unit · build · audit	Pruebas unitarias (domain, api)	2026-09-20T21:29:34.5391968Z   ---
verificar · typecheck · unit · build · audit	Pruebas unitarias (domain, api)	2026-09-20T21:29:34.5392156Z   duration_ms: 0.721602
verificar · typecheck · unit · build · audit	Pruebas unitarias (domain, api)	2026-09-20T21:29:34.5392381Z   type: 'test'
verificar · typecheck · unit · build · audit	Pruebas unitarias (domain, api)	2026-09-20T21:29:34.5392569Z   ...
verificar · typecheck · unit · build · audit	Pruebas unitarias (domain, api)	2026-09-20T21:29:34.5394609Z # Subtest: SUSPENDIDA → CERRADA FALLA aunque todas las guardas del cierre se cumplan (06 §5.7.4)
verificar · typecheck · unit · build · audit	Pruebas unitarias (domain, api)	2026-09-20T21:29:34.5395601Z ok 142 - SUSPENDIDA → CERRADA FALLA aunque todas las guardas del cierre se cumplan (06 §5.7.4)
verificar · typecheck · unit · build · audit	Pruebas unitarias (domain, api)	2026-09-20T21:29:34.5396054Z   ---
verificar · typecheck · unit · build · audit	Pruebas unitarias (domain, api)	2026-09-20T21:29:34.5396258Z   duration_ms: 0.294548
verificar · typecheck · unit · build · audit	Pruebas unitarias (domain, api)	2026-09-20T21:29:34.5396489Z   type: 'test'
verificar · typecheck · unit · build · audit	Pruebas unitarias (domain, api)	2026-09-20T21:29:34.5396917Z   ...
verificar · typecheck · unit · build · audit	Pruebas unitarias (domain, api)	2026-09-20T21:29:34.5397486Z # Subtest: CERRADA no tiene salida: ninguna transición se evalúa como permitida desde CERRADA
verificar · typecheck · unit · build · audit	Pruebas unitarias (domain, api)	2026-09-20T21:29:34.5398274Z ok 143 - CERRADA no tiene salida: ninguna transición se evalúa como permitida desde CERRADA
verificar · typecheck · unit · build · audit	Pruebas unitarias (domain, api)	2026-09-20T21:29:34.5398714Z   ---
verificar · typecheck · unit · build · audit	Pruebas unitarias (domain, api)	2026-09-20T21:29:34.5398913Z   duration_ms: 0.27433
verificar · typecheck · unit · build · audit	Pruebas unitarias (domain, api)	2026-09-20T21:29:34.5399137Z   type: 'test'
verificar · typecheck · unit · build · audit	Pruebas unitarias (domain, api)	2026-09-20T21:29:34.5399331Z   ...
verificar · typecheck · unit · build · audit	Pruebas unitarias (domain, api)	2026-09-20T21:29:34.5399915Z # Subtest: Transiciones con origen equivocado se rechazan (Restablecer desde OPERATIVA, Suspender desde SUSPENDIDA)
verificar · typecheck · unit · build · audit	Pruebas unitarias (domain, api)	2026-09-20T21:29:34.5400813Z ok 144 - Transiciones con origen equivocado se rechazan (Restablecer desde OPERATIVA, Suspender desde SUSPENDIDA)
verificar · typecheck · unit · build · audit	Pruebas unitarias (domain, api)	2026-09-20T21:29:34.5401316Z   ---
verificar · typecheck · unit · build · audit	Pruebas unitarias (domain, api)	2026-09-20T21:29:34.5401512Z   duration_ms: 0.175647
verificar · typecheck · unit · build · audit	Pruebas unitarias (domain, api)	2026-09-20T21:29:34.5401730Z   type: 'test'
verificar · typecheck · unit · build · audit	Pruebas unitarias (domain, api)	2026-09-20T21:29:34.5401917Z   ...
verificar · typecheck · unit · build · audit	Pruebas unitarias (domain, api)	2026-09-20T21:29:34.5402291Z # Subtest: REG-06-15 · una cadena vacía no tiene terminal
verificar · typecheck · unit · build · audit	Pruebas unitarias (domain, api)	2026-09-20T21:29:34.5403084Z ok 145 - REG-06-15 · una cadena vacía no tiene terminal
verificar · typecheck · unit · build · audit	Pruebas unitarias (domain, api)	2026-09-20T21:29:34.5403584Z   ---
verificar · typecheck · unit · build · audit	Pruebas unitarias (domain, api)	2026-09-20T21:29:34.5403778Z   duration_ms: 3.854918
verificar · typecheck · unit · build · audit	Pruebas unitarias (domain, api)	2026-09-20T21:29:34.5404004Z   type: 'test'
verificar · typecheck · unit · build · audit	Pruebas unitarias (domain, api)	2026-09-20T21:29:34.5404200Z   ...
verificar · typecheck · unit · build · audit	Pruebas unitarias (domain, api)	2026-09-20T21:29:34.5404844Z # Subtest: REG-06-15 · la cadena se recorre del primer eslabón a la terminal, sin importar el orden del arreglo
verificar · typecheck · unit · build · audit	Pruebas unitarias (domain, api)	2026-09-20T21:29:34.5405765Z ok 146 - REG-06-15 · la cadena se recorre del primer eslabón a la terminal, sin importar el orden del arreglo
verificar · typecheck · unit · build · audit	Pruebas unitarias (domain, api)	2026-09-20T21:29:34.5406239Z   ---
verificar · typecheck · unit · build · audit	Pruebas unitarias (domain, api)	2026-09-20T21:29:34.5406431Z   duration_ms: 0.267027
verificar · typecheck · unit · build · audit	Pruebas unitarias (domain, api)	2026-09-20T21:29:34.5406660Z   type: 'test'
verificar · typecheck · unit · build · audit	Pruebas unitarias (domain, api)	2026-09-20T21:29:34.5406850Z   ...
verificar · typecheck · unit · build · audit	Pruebas unitarias (domain, api)	2026-09-20T21:29:34.5407332Z # Subtest: REG-06-16 inc. 3 · dos eslabones con el mismo previo son una ramificación
verificar · typecheck · unit · build · audit	Pruebas unitarias (domain, api)	2026-09-20T21:29:34.5408050Z ok 147 - REG-06-16 inc. 3 · dos eslabones con el mismo previo son una ramificación
verificar · typecheck · unit · build · audit	Pruebas unitarias (domain, api)	2026-09-20T21:29:34.5408435Z   ---
verificar · typecheck · unit · build · audit	Pruebas unitarias (domain, api)	2026-09-20T21:29:34.5408619Z   duration_ms: 0.222724
verificar · typecheck · unit · build · audit	Pruebas unitarias (domain, api)	2026-09-20T21:29:34.5408830Z   type: 'test'
verificar · typecheck · unit · build · audit	Pruebas unitarias (domain, api)	2026-09-20T21:29:34.5409040Z   ...
verificar · typecheck · unit · build · audit	Pruebas unitarias (domain, api)	2026-09-20T21:29:34.5409467Z # Subtest: REG-06-16 inc. 3 · dos primeros eslabones son una ramificación
verificar · typecheck · unit · build · audit	Pruebas unitarias (domain, api)	2026-09-20T21:29:34.5410059Z ok 148 - REG-06-16 inc. 3 · dos primeros eslabones son una ramificación
verificar · typecheck · unit · build · audit	Pruebas unitarias (domain, api)	2026-09-20T21:29:34.5410412Z   ---
verificar · typecheck · unit · build · audit	Pruebas unitarias (domain, api)	2026-09-20T21:29:34.5410599Z   duration_ms: 0.186937
verificar · typecheck · unit · build · audit	Pruebas unitarias (domain, api)	2026-09-20T21:29:34.5410810Z   type: 'test'
verificar · typecheck · unit · build · audit	Pruebas unitarias (domain, api)	2026-09-20T21:29:34.5411037Z   ...
verificar · typecheck · unit · build · audit	Pruebas unitarias (domain, api)	2026-09-20T21:29:34.5411432Z # Subtest: REG-06-15 · sin ciclos: un ciclo cerrado es no resoluble
verificar · typecheck · unit · build · audit	Pruebas unitarias (domain, api)	2026-09-20T21:29:34.5411976Z ok 149 - REG-06-15 · sin ciclos: un ciclo cerrado es no resoluble
verificar · typecheck · unit · build · audit	Pruebas unitarias (domain, api)	2026-09-20T21:29:34.5412306Z   ---
verificar · typecheck · unit · build · audit	Pruebas unitarias (domain, api)	2026-09-20T21:29:34.5412495Z   duration_ms: 0.357374
verificar · typecheck · unit · build · audit	Pruebas unitarias (domain, api)	2026-09-20T21:29:34.5412983Z   type: 'test'
verificar · typecheck · unit · build · audit	Pruebas unitarias (domain, api)	2026-09-20T21:29:34.5413321Z   ...
verificar · typecheck · unit · build · audit	Pruebas unitarias (domain, api)	2026-09-20T21:29:34.5413870Z # Subtest: REG-06-15 · un ciclo aparte, no alcanzable desde el primero, es no resoluble
verificar · typecheck · unit · build · audit	Pruebas unitarias (domain, api)	2026-09-20T21:29:34.5414576Z ok 150 - REG-06-15 · un ciclo aparte, no alcanzable desde el primero, es no resoluble
verificar · typecheck · unit · build · audit	Pruebas unitarias (domain, api)	2026-09-20T21:29:34.5415002Z   ---
verificar · typecheck · unit · build · audit	Pruebas unitarias (domain, api)	2026-09-20T21:29:34.5415258Z   duration_ms: 0.18821
verificar · typecheck · unit · build · audit	Pruebas unitarias (domain, api)	2026-09-20T21:29:34.5415539Z   type: 'test'
verificar · typecheck · unit · build · audit	Pruebas unitarias (domain, api)	2026-09-20T21:29:34.5415730Z   ...
verificar · typecheck · unit · build · audit	Pruebas unitarias (domain, api)	2026-09-20T21:29:34.5416209Z # Subtest: REG-06-16 inc. 3 · un previo que no existe es una relación incompleta
verificar · typecheck · unit · build · audit	Pruebas unitarias (domain, api)	2026-09-20T21:29:34.5416851Z ok 151 - REG-06-16 inc. 3 · un previo que no existe es una relación incompleta
verificar · typecheck · unit · build · audit	Pruebas unitarias (domain, api)	2026-09-20T21:29:34.5417220Z   ---
verificar · typecheck · unit · build · audit	Pruebas unitarias (domain, api)	2026-09-20T21:29:34.5417405Z   duration_ms: 0.301302
verificar · typecheck · unit · build · audit	Pruebas unitarias (domain, api)	2026-09-20T21:29:34.5417631Z   type: 'test'
verificar · typecheck · unit · build · audit	Pruebas unitarias (domain, api)	2026-09-20T21:29:34.5417818Z   ...
verificar · typecheck · unit · build · audit	Pruebas unitarias (domain, api)	2026-09-20T21:29:34.5418150Z # Subtest: un id repetido es una relación incompleta
verificar · typecheck · unit · build · audit	Pruebas unitarias (domain, api)	2026-09-20T21:29:34.5418601Z ok 152 - un id repetido es una relación incompleta
verificar · typecheck · unit · build · audit	Pruebas unitarias (domain, api)	2026-09-20T21:29:34.5418897Z   ---
verificar · typecheck · unit · build · audit	Pruebas unitarias (domain, api)	2026-09-20T21:29:34.5419085Z   duration_ms: 0.23635
verificar · typecheck · unit · build · audit	Pruebas unitarias (domain, api)	2026-09-20T21:29:34.5419305Z   type: 'test'
verificar · typecheck · unit · build · audit	Pruebas unitarias (domain, api)	2026-09-20T21:29:34.5419492Z   ...
verificar · typecheck · unit · build · audit	Pruebas unitarias (domain, api)	2026-09-20T21:29:34.5419869Z # Subtest: REG-06-16 inc. 1 · sin corrección, rige el original
verificar · typecheck · unit · build · audit	Pruebas unitarias (domain, api)	2026-09-20T21:29:34.5420394Z ok 153 - REG-06-16 inc. 1 · sin corrección, rige el original
verificar · typecheck · unit · build · audit	Pruebas unitarias (domain, api)	2026-09-20T21:29:34.5420904Z   ---
verificar · typecheck · unit · build · audit	Pruebas unitarias (domain, api)	2026-09-20T21:29:34.5421101Z   duration_ms: 0.471186
verificar · typecheck · unit · build · audit	Pruebas unitarias (domain, api)	2026-09-20T21:29:34.5421317Z   type: 'test'
verificar · typecheck · unit · build · audit	Pruebas unitarias (domain, api)	2026-09-20T21:29:34.5421509Z   ...
verificar · typecheck · unit · build · audit	Pruebas unitarias (domain, api)	2026-09-20T21:29:34.5422096Z # Subtest: REG-06-16 inc. 2 · con cadena válida rige la terminal, y la cadena conserva todo (TEST-DOM-002)
verificar · typecheck · unit · build · audit	Pruebas unitarias (domain, api)	2026-09-20T21:29:34.5423628Z ok 154 - REG-06-16 inc. 2 · con cadena válida rige la terminal, y la cadena conserva todo (TEST-DOM-002)
verificar · typecheck · unit · build · audit	Pruebas unitarias (domain, api)	2026-09-20T21:29:34.5424350Z   ---
verificar · typecheck · unit · build · audit	Pruebas unitarias (domain, api)	2026-09-20T21:29:34.5424649Z   duration_ms: 0.531799
verificar · typecheck · unit · build · audit	Pruebas unitarias (domain, api)	2026-09-20T21:29:34.5424987Z   type: 'test'
verificar · typecheck · unit · build · audit	Pruebas unitarias (domain, api)	2026-09-20T21:29:34.5425284Z   ...
verificar · typecheck · unit · build · audit	Pruebas unitarias (domain, api)	2026-09-20T21:29:34.5426290Z # Subtest: REG-06-16 · la vista no depende del orden de registro: una corrección «más nueva» por posición no gana
verificar · typecheck · unit · build · audit	Pruebas unitarias (domain, api)	2026-09-20T21:29:34.5427750Z ok 155 - REG-06-16 · la vista no depende del orden de registro: una corrección «más nueva» por posición no gana
verificar · typecheck · unit · build · audit	Pruebas unitarias (domain, api)	2026-09-20T21:29:34.5428501Z   ---
verificar · typecheck · unit · build · audit	Pruebas unitarias (domain, api)	2026-09-20T21:29:34.5428796Z   duration_ms: 0.346855
verificar · typecheck · unit · build · audit	Pruebas unitarias (domain, api)	2026-09-20T21:29:34.5429135Z   type: 'test'
verificar · typecheck · unit · build · audit	Pruebas unitarias (domain, api)	2026-09-20T21:29:34.5429633Z   ...
verificar · typecheck · unit · build · audit	Pruebas unitarias (domain, api)	2026-09-20T21:29:34.5430358Z # Subtest: REG-06-15 · todas las correcciones apuntan al mismo original raíz
verificar · typecheck · unit · build · audit	Pruebas unitarias (domain, api)	2026-09-20T21:29:34.5431457Z ok 156 - REG-06-15 · todas las correcciones apuntan al mismo original raíz
verificar · typecheck · unit · build · audit	Pruebas unitarias (domain, api)	2026-09-20T21:29:34.5432106Z   ---
verificar · typecheck · unit · build · audit	Pruebas unitarias (domain, api)	2026-09-20T21:29:34.5432447Z   duration_ms: 0.160759
verificar · typecheck · unit · build · audit	Pruebas unitarias (domain, api)	2026-09-20T21:29:34.5433051Z   type: 'test'
verificar · typecheck · unit · build · audit	Pruebas unitarias (domain, api)	2026-09-20T21:29:34.5433400Z   ...
verificar · typecheck · unit · build · audit	Pruebas unitarias (domain, api)	2026-09-20T21:29:34.5434309Z # Subtest: REG-06-16 inc. 3 · con ramas, nadie elige por fecha: la vista es no resoluble
verificar · typecheck · unit · build · audit	Pruebas unitarias (domain, api)	2026-09-20T21:29:34.5435581Z ok 157 - REG-06-16 inc. 3 · con ramas, nadie elige por fecha: la vista es no resoluble
verificar · typecheck · unit · build · audit	Pruebas unitarias (domain, api)	2026-09-20T21:29:34.5436283Z   ---
verificar · typecheck · unit · build · audit	Pruebas unitarias (domain, api)	2026-09-20T21:29:34.5436620Z   duration_ms: 0.151882
verificar · typecheck · unit · build · audit	Pruebas unitarias (domain, api)	2026-09-20T21:29:34.5437015Z   type: 'test'
verificar · typecheck · unit · build · audit	Pruebas unitarias (domain, api)	2026-09-20T21:29:34.5437346Z   ...
verificar · typecheck · unit · build · audit	Pruebas unitarias (domain, api)	2026-09-20T21:29:34.5438223Z # Subtest: REG-06-14/15 · la primera corrección apunta al original y no tiene previa
verificar · typecheck · unit · build · audit	Pruebas unitarias (domain, api)	2026-09-20T21:29:34.5439470Z ok 158 - REG-06-14/15 · la primera corrección apunta al original y no tiene previa
verificar · typecheck · unit · build · audit	Pruebas unitarias (domain, api)	2026-09-20T21:29:34.5440181Z   ---
verificar · typecheck · unit · build · audit	Pruebas unitarias (domain, api)	2026-09-20T21:29:34.5440517Z   duration_ms: 0.202817
verificar · typecheck · unit · build · audit	Pruebas unitarias (domain, api)	2026-09-20T21:29:34.5440908Z   type: 'test'
verificar · typecheck · unit · build · audit	Pruebas unitarias (domain, api)	2026-09-20T21:29:34.5441239Z   ...
verificar · typecheck · unit · build · audit	Pruebas unitarias (domain, api)	2026-09-20T21:29:34.5442395Z # Subtest: REG-06-15 · cada corrección sucesiva apunta a la inmediata anterior; si otra entró en el medio, se rechaza
verificar · typecheck · unit · build · audit	Pruebas unitarias (domain, api)	2026-09-20T21:29:34.5444315Z ok 159 - REG-06-15 · cada corrección sucesiva apunta a la inmediata anterior; si otra entró en el medio, se rechaza
verificar · typecheck · unit · build · audit	Pruebas unitarias (domain, api)	2026-09-20T21:29:34.5445205Z   ---
verificar · typecheck · unit · build · audit	Pruebas unitarias (domain, api)	2026-09-20T21:29:34.5445524Z   duration_ms: 0.200372
verificar · typecheck · unit · build · audit	Pruebas unitarias (domain, api)	2026-09-20T21:29:34.5445900Z   type: 'test'
verificar · typecheck · unit · build · audit	Pruebas unitarias (domain, api)	2026-09-20T21:29:34.5446227Z   ...
verificar · typecheck · unit · build · audit	Pruebas unitarias (domain, api)	2026-09-20T21:29:34.5447054Z # Subtest: REG-06-14 · no se corrige otro original ni sobre una historia no resoluble
verificar · typecheck · unit · build · audit	Pruebas unitarias (domain, api)	2026-09-20T21:29:34.5448265Z ok 160 - REG-06-14 · no se corrige otro original ni sobre una historia no resoluble
verificar · typecheck · unit · build · audit	Pruebas unitarias (domain, api)	2026-09-20T21:29:34.5448969Z   ---
verificar · typecheck · unit · build · audit	Pruebas unitarias (domain, api)	2026-09-20T21:29:34.5449301Z   duration_ms: 0.152082
verificar · typecheck · unit · build · audit	Pruebas unitarias (domain, api)	2026-09-20T21:29:34.5449677Z   type: 'test'
verificar · typecheck · unit · build · audit	Pruebas unitarias (domain, api)	2026-09-20T21:29:34.5450050Z   ...
verificar · typecheck · unit · build · audit	Pruebas unitarias (domain, api)	2026-09-20T21:29:34.5451193Z # Subtest: REG-06-12 · la primera versión no tiene predecesora; si ya hay versiones, la nueva tiene que declararla
verificar · typecheck · unit · build · audit	Pruebas unitarias (domain, api)	2026-09-20T21:29:34.5453055Z ok 161 - REG-06-12 · la primera versión no tiene predecesora; si ya hay versiones, la nueva tiene que declararla
verificar · typecheck · unit · build · audit	Pruebas unitarias (domain, api)	2026-09-20T21:29:34.5453951Z   ---
verificar · typecheck · unit · build · audit	Pruebas unitarias (domain, api)	2026-09-20T21:29:34.5454284Z   duration_ms: 0.210111
verificar · typecheck · unit · build · audit	Pruebas unitarias (domain, api)	2026-09-20T21:29:34.5454760Z   type: 'test'
verificar · typecheck · unit · build · audit	Pruebas unitarias (domain, api)	2026-09-20T21:29:34.5455124Z   ...
verificar · typecheck · unit · build · audit	Pruebas unitarias (domain, api)	2026-09-20T21:29:34.5455983Z # Subtest: TEST-DOM-009 · la nueva versión sucede a la anterior sin modificarla
verificar · typecheck · unit · build · audit	Pruebas unitarias (domain, api)	2026-09-20T21:29:34.5457137Z ok 162 - TEST-DOM-009 · la nueva versión sucede a la anterior sin modificarla
verificar · typecheck · unit · build · audit	Pruebas unitarias (domain, api)	2026-09-20T21:29:34.5457786Z   ---
verificar · typecheck · unit · build · audit	Pruebas unitarias (domain, api)	2026-09-20T21:29:34.5458093Z   duration_ms: 0.208268
verificar · typecheck · unit · build · audit	Pruebas unitarias (domain, api)	2026-09-20T21:29:34.5458473Z   type: 'test'
verificar · typecheck · unit · build · audit	Pruebas unitarias (domain, api)	2026-09-20T21:29:34.5458795Z   ...
verificar · typecheck · unit · build · audit	Pruebas unitarias (domain, api)	2026-09-20T21:29:34.5459781Z # Subtest: REG-06-12 · misma entidad: una predecesora de otro objeto, o inexistente, no se admite
verificar · typecheck · unit · build · audit	Pruebas unitarias (domain, api)	2026-09-20T21:29:34.5461227Z ok 163 - REG-06-12 · misma entidad: una predecesora de otro objeto, o inexistente, no se admite
verificar · typecheck · unit · build · audit	Pruebas unitarias (domain, api)	2026-09-20T21:29:34.5462229Z   ---
verificar · typecheck · unit · build · audit	Pruebas unitarias (domain, api)	2026-09-20T21:29:34.5462568Z   duration_ms: 0.15599
verificar · typecheck · unit · build · audit	Pruebas unitarias (domain, api)	2026-09-20T21:29:34.5464178Z   type: 'test'
verificar · typecheck · unit · build · audit	Pruebas unitarias (domain, api)	2026-09-20T21:29:34.5464706Z   ...
verificar · typecheck · unit · build · audit	Pruebas unitarias (domain, api)	2026-09-20T21:29:34.5465617Z # Subtest: REG-06-12 · sin regla de ramas, una segunda sucesora de la misma versión es bifurcación
verificar · typecheck · unit · build · audit	Pruebas unitarias (domain, api)	2026-09-20T21:29:34.5466662Z ok 164 - REG-06-12 · sin regla de ramas, una segunda sucesora de la misma versión es bifurcación
verificar · typecheck · unit · build · audit	Pruebas unitarias (domain, api)	2026-09-20T21:29:34.5467315Z   ---
verificar · typecheck · unit · build · audit	Pruebas unitarias (domain, api)	2026-09-20T21:29:34.5467513Z   duration_ms: 0.16091
verificar · typecheck · unit · build · audit	Pruebas unitarias (domain, api)	2026-09-20T21:29:34.5467737Z   type: 'test'
verificar · typecheck · unit · build · audit	Pruebas unitarias (domain, api)	2026-09-20T21:29:34.5467942Z   ...
verificar · typecheck · unit · build · audit	Pruebas unitarias (domain, api)	2026-09-20T21:29:34.5468489Z # Subtest: INV-06-107 · la versión terminal sale de la sucesión, no del orden ni de la fecha
verificar · typecheck · unit · build · audit	Pruebas unitarias (domain, api)	2026-09-20T21:29:34.5469494Z ok 165 - INV-06-107 · la versión terminal sale de la sucesión, no del orden ni de la fecha
verificar · typecheck · unit · build · audit	Pruebas unitarias (domain, api)	2026-09-20T21:29:34.5470227Z   ---
verificar · typecheck · unit · build · audit	Pruebas unitarias (domain, api)	2026-09-20T21:29:34.5470575Z   duration_ms: 1.141373
verificar · typecheck · unit · build · audit	Pruebas unitarias (domain, api)	2026-09-20T21:29:34.5470993Z   type: 'test'
verificar · typecheck · unit · build · audit	Pruebas unitarias (domain, api)	2026-09-20T21:29:34.5471551Z   ...
verificar · typecheck · unit · build · audit	Pruebas unitarias (domain, api)	2026-09-20T21:29:34.5472443Z # Subtest: INV-06-13 · la serialización canónica no depende del orden de las claves
verificar · typecheck · unit · build · audit	Pruebas unitarias (domain, api)	2026-09-20T21:29:34.5473957Z ok 166 - INV-06-13 · la serialización canónica no depende del orden de las claves
verificar · typecheck · unit · build · audit	Pruebas unitarias (domain, api)	2026-09-20T21:29:34.5474644Z   ---
verificar · typecheck · unit · build · audit	Pruebas unitarias (domain, api)	2026-09-20T21:29:34.5474992Z   duration_ms: 0.451619
verificar · typecheck · unit · build · audit	Pruebas unitarias (domain, api)	2026-09-20T21:29:34.5475376Z   type: 'test'
verificar · typecheck · unit · build · audit	Pruebas unitarias (domain, api)	2026-09-20T21:29:34.5475708Z   ...
verificar · typecheck · unit · build · audit	Pruebas unitarias (domain, api)	2026-09-20T21:29:34.5476697Z # Subtest: INV-06-13 · el orden de los arreglos sí es contenido: cambiarlo cambia la serialización
verificar · typecheck · unit · build · audit	Pruebas unitarias (domain, api)	2026-09-20T21:29:34.5478145Z ok 167 - INV-06-13 · el orden de los arreglos sí es contenido: cambiarlo cambia la serialización
verificar · typecheck · unit · build · audit	Pruebas unitarias (domain, api)	2026-09-20T21:29:34.5478902Z   ---
verificar · typecheck · unit · build · audit	Pruebas unitarias (domain, api)	2026-09-20T21:29:34.5479236Z   duration_ms: 0.26361
verificar · typecheck · unit · build · audit	Pruebas unitarias (domain, api)	2026-09-20T21:29:34.5479695Z   type: 'test'
verificar · typecheck · unit · build · audit	Pruebas unitarias (domain, api)	2026-09-20T21:29:34.5480037Z   ...
verificar · typecheck · unit · build · audit	Pruebas unitarias (domain, api)	2026-09-20T21:29:34.5481030Z # Subtest: la serialización canónica rechaza lo que no es JSON reproducible, en vez de perderlo
verificar · typecheck · unit · build · audit	Pruebas unitarias (domain, api)	2026-09-20T21:29:34.5482461Z ok 168 - la serialización canónica rechaza lo que no es JSON reproducible, en vez de perderlo
verificar · typecheck · unit · build · audit	Pruebas unitarias (domain, api)	2026-09-20T21:29:34.5483827Z   ---
verificar · typecheck · unit · build · audit	Pruebas unitarias (domain, api)	2026-09-20T21:29:34.5484178Z   duration_ms: 0.673282
verificar · typecheck · unit · build · audit	Pruebas unitarias (domain, api)	2026-09-20T21:29:34.5484572Z   type: 'test'
verificar · typecheck · unit · build · audit	Pruebas unitarias (domain, api)	2026-09-20T21:29:34.5484906Z   ...
verificar · typecheck · unit · build · audit	Pruebas unitarias (domain, api)	2026-09-20T21:29:34.5485212Z 1..168
verificar · typecheck · unit · build · audit	Pruebas unitarias (domain, api)	2026-09-20T21:29:34.5485531Z # tests 168
verificar · typecheck · unit · build · audit	Pruebas unitarias (domain, api)	2026-09-20T21:29:34.5485862Z # suites 0
verificar · typecheck · unit · build · audit	Pruebas unitarias (domain, api)	2026-09-20T21:29:34.5486182Z # pass 168
verificar · typecheck · unit · build · audit	Pruebas unitarias (domain, api)	2026-09-20T21:29:34.5486502Z # fail 0
verificar · typecheck · unit · build · audit	Pruebas unitarias (domain, api)	2026-09-20T21:29:34.5486833Z # cancelled 0
verificar · typecheck · unit · build · audit	Pruebas unitarias (domain, api)	2026-09-20T21:29:34.5487170Z # skipped 0
verificar · typecheck · unit · build · audit	Pruebas unitarias (domain, api)	2026-09-20T21:29:34.5487492Z # todo 0
verificar · typecheck · unit · build · audit	Pruebas unitarias (domain, api)	2026-09-20T21:29:34.5487857Z # duration_ms 623.137907
verificar · typecheck · unit · build · audit	Pruebas unitarias (domain, api)	2026-09-20T21:29:34.5933834Z TAP version 13
verificar · typecheck · unit · build · audit	Pruebas unitarias (domain, api)	2026-09-20T21:29:35.0541526Z # Subtest: T13 · el copy de las pantallas de nutrición no tiene puntajes, juicios ni huecos completados
verificar · typecheck · unit · build · audit	Pruebas unitarias (domain, api)	2026-09-20T21:29:35.0548417Z ok 1 - T13 · el copy de las pantallas de nutrición no tiene puntajes, juicios ni huecos completados
verificar · typecheck · unit · build · audit	Pruebas unitarias (domain, api)	2026-09-20T21:29:35.0549234Z   ---
verificar · typecheck · unit · build · audit	Pruebas unitarias (domain, api)	2026-09-20T21:29:35.0563563Z   duration_ms: 143.012547
verificar · typecheck · unit · build · audit	Pruebas unitarias (domain, api)	2026-09-20T21:29:35.0571892Z   type: 'test'
verificar · typecheck · unit · build · audit	Pruebas unitarias (domain, api)	2026-09-20T21:29:35.0572243Z   ...
verificar · typecheck · unit · build · audit	Pruebas unitarias (domain, api)	2026-09-20T21:29:35.0573628Z # Subtest: T13 · el copy de las pantallas de antropometría no tiene puntajes, juicios ni huecos completados
verificar · typecheck · unit · build · audit	Pruebas unitarias (domain, api)	2026-09-20T21:29:35.0575169Z ok 2 - T13 · el copy de las pantallas de antropometría no tiene puntajes, juicios ni huecos completados
verificar · typecheck · unit · build · audit	Pruebas unitarias (domain, api)	2026-09-20T21:29:35.0575968Z   ---
verificar · typecheck · unit · build · audit	Pruebas unitarias (domain, api)	2026-09-20T21:29:35.0576184Z   duration_ms: 28.971649
verificar · typecheck · unit · build · audit	Pruebas unitarias (domain, api)	2026-09-20T21:29:35.0576424Z   type: 'test'
verificar · typecheck · unit · build · audit	Pruebas unitarias (domain, api)	2026-09-20T21:29:35.0576626Z   ...
verificar · typecheck · unit · build · audit	Pruebas unitarias (domain, api)	2026-09-20T21:29:35.0577189Z # Subtest: T13 · el extractor encuentra un término prohibido en el copy e ignora los estilos
verificar · typecheck · unit · build · audit	Pruebas unitarias (domain, api)	2026-09-20T21:29:35.0577961Z ok 3 - T13 · el extractor encuentra un término prohibido en el copy e ignora los estilos
verificar · typecheck · unit · build · audit	Pruebas unitarias (domain, api)	2026-09-20T21:29:35.0578379Z   ---
verificar · typecheck · unit · build · audit	Pruebas unitarias (domain, api)	2026-09-20T21:29:35.0578589Z   duration_ms: 0.596069
verificar · typecheck · unit · build · audit	Pruebas unitarias (domain, api)	2026-09-20T21:29:35.0578812Z   type: 'test'
verificar · typecheck · unit · build · audit	Pruebas unitarias (domain, api)	2026-09-20T21:29:35.0579004Z   ...
verificar · typecheck · unit · build · audit	Pruebas unitarias (domain, api)	2026-09-20T21:29:35.0579547Z # Subtest: T13 · en antropometría, un juicio afirmativo se detecta y su negación explícita no
verificar · typecheck · unit · build · audit	Pruebas unitarias (domain, api)	2026-09-20T21:29:35.0580664Z ok 4 - T13 · en antropometría, un juicio afirmativo se detecta y su negación explícita no
verificar · typecheck · unit · build · audit	Pruebas unitarias (domain, api)	2026-09-20T21:29:35.0581067Z   ---
verificar · typecheck · unit · build · audit	Pruebas unitarias (domain, api)	2026-09-20T21:29:35.0581265Z   duration_ms: 0.309095
verificar · typecheck · unit · build · audit	Pruebas unitarias (domain, api)	2026-09-20T21:29:35.0581491Z   type: 'test'
verificar · typecheck · unit · build · audit	Pruebas unitarias (domain, api)	2026-09-20T21:29:35.0581684Z   ...
verificar · typecheck · unit · build · audit	Pruebas unitarias (domain, api)	2026-09-20T21:29:35.0896984Z 1..4
verificar · typecheck · unit · build · audit	Pruebas unitarias (domain, api)	2026-09-20T21:29:35.0897455Z # tests 4
verificar · typecheck · unit · build · audit	Pruebas unitarias (domain, api)	2026-09-20T21:29:35.0897807Z # suites 0
verificar · typecheck · unit · build · audit	Pruebas unitarias (domain, api)	2026-09-20T21:29:35.0898322Z # pass 4
verificar · typecheck · unit · build · audit	Pruebas unitarias (domain, api)	2026-09-20T21:29:35.0899069Z # fail 0
verificar · typecheck · unit · build · audit	Pruebas unitarias (domain, api)	2026-09-20T21:29:35.0899817Z # cancelled 0
verificar · typecheck · unit · build · audit	Pruebas unitarias (domain, api)	2026-09-20T21:29:35.0900746Z # skipped 0
verificar · typecheck · unit · build · audit	Pruebas unitarias (domain, api)	2026-09-20T21:29:35.0901315Z # todo 0
verificar · typecheck · unit · build · audit	Pruebas unitarias (domain, api)	2026-09-20T21:29:35.0902079Z # duration_ms 510.582029
verificar · typecheck · unit · build · audit	Pruebas unitarias (domain, api)	2026-09-20T21:29:35.2112104Z 
verificar · typecheck · unit · build · audit	Pruebas unitarias (domain, api)	2026-09-20T21:29:35.2112558Z > @be/api@0.5.1 test
verificar · typecheck · unit · build · audit	Pruebas unitarias (domain, api)	2026-09-20T21:29:35.2113105Z > jest --config jest.config.js
verificar · typecheck · unit · build · audit	Pruebas unitarias (domain, api)	2026-09-20T21:29:35.2113346Z 
verificar · typecheck · unit · build · audit	Pruebas unitarias (domain, api)	2026-09-20T21:29:41.4273941Z PASS src/plataforma/dependencias.spec.ts (5.319 s)
verificar · typecheck · unit · build · audit	Pruebas unitarias (domain, api)	2026-09-20T21:29:41.7717040Z PASS src/config/entorno.spec.ts (5.776 s)
verificar · typecheck · unit · build · audit	Pruebas unitarias (domain, api)	2026-09-20T21:29:42.2423144Z PASS src/plataforma/limitador.spec.ts
verificar · typecheck · unit · build · audit	Pruebas unitarias (domain, api)	2026-09-20T21:29:45.3129468Z {"nivel":"info","requestId":"06ea0d47-4d8e-4ebd-ada5-ad5ae0268386","metodo":"GET","ruta":"/health/live","status":200,"duracionMs":3}
verificar · typecheck · unit · build · audit	Pruebas unitarias (domain, api)	2026-09-20T21:29:45.4304112Z {"nivel":"info","requestId":"0b2c5091-cd5b-4530-9464-9337ba5238fd","metodo":"GET","ruta":"/health","status":200,"duracionMs":1}
verificar · typecheck · unit · build · audit	Pruebas unitarias (domain, api)	2026-09-20T21:29:45.5373504Z {"nivel":"info","requestId":"8f18caa0-0d45-40c1-81ba-02a16564217e","metodo":"GET","ruta":"/health/ready","status":200,"duracionMs":0}
verificar · typecheck · unit · build · audit	Pruebas unitarias (domain, api)	2026-09-20T21:29:45.6386065Z {"nivel":"info","requestId":"e6de106e-e745-4427-bc80-ceab52a3a226","metodo":"GET","ruta":"/health/ready","status":503,"duracionMs":0}
verificar · typecheck · unit · build · audit	Pruebas unitarias (domain, api)	2026-09-20T21:29:45.7417223Z {"nivel":"info","requestId":"ba28a567-a399-4d91-8660-2f168dc1df44","metodo":"GET","ruta":"/health","status":503,"duracionMs":1}
verificar · typecheck · unit · build · audit	Pruebas unitarias (domain, api)	2026-09-20T21:29:45.8438903Z {"nivel":"info","requestId":"9be25703-19d9-4c24-b1ad-c0cb4d047432","metodo":"GET","ruta":"/health/ready","status":503,"duracionMs":0}
verificar · typecheck · unit · build · audit	Pruebas unitarias (domain, api)	2026-09-20T21:29:45.9543078Z {"nivel":"info","requestId":"6bbe9805-31cb-4f8d-9e76-bfb172af05a4","metodo":"GET","ruta":"/health/ready","status":200,"duracionMs":1}
verificar · typecheck · unit · build · audit	Pruebas unitarias (domain, api)	2026-09-20T21:29:46.0619151Z {"nivel":"info","requestId":"73bde297-43fc-4607-b1da-ddea92091d56","metodo":"GET","ruta":"SIN_RUTA","status":404,"duracionMs":2}
verificar · typecheck · unit · build · audit	Pruebas unitarias (domain, api)	2026-09-20T21:29:46.0706267Z PASS src/health/health.spec.ts (9.982 s)
verificar · typecheck · unit · build · audit	Pruebas unitarias (domain, api)	2026-09-20T21:29:46.1662868Z {"nivel":"info","requestId":"b94cad23-1654-4c69-aec3-e91efcf4dcc0","metodo":"GET","ruta":"SIN_RUTA","status":404,"duracionMs":2}
verificar · typecheck · unit · build · audit	Pruebas unitarias (domain, api)	2026-09-20T21:29:46.1681345Z 
verificar · typecheck · unit · build · audit	Pruebas unitarias (domain, api)	2026-09-20T21:29:46.1685376Z Test Suites: 4 passed, 4 total
verificar · typecheck · unit · build · audit	Pruebas unitarias (domain, api)	2026-09-20T21:29:46.1685921Z Tests:       33 passed, 33 total
verificar · typecheck · unit · build · audit	Pruebas unitarias (domain, api)	2026-09-20T21:29:46.1686287Z Snapshots:   0 total
verificar · typecheck · unit · build · audit	Pruebas unitarias (domain, api)	2026-09-20T21:29:46.1686526Z Time:        10.704 s
verificar · typecheck · unit · build · audit	Pruebas unitarias (domain, api)	2026-09-20T21:29:46.1686763Z Ran all test suites.
verificar · typecheck · unit · build · audit	Build API	﻿2026-09-20T21:29:46.1915433Z ##[group]Run npm run build:api
verificar · typecheck · unit · build · audit	Build API	2026-09-20T21:29:46.1915754Z ^[[36;1mnpm run build:api^[[0m
verificar · typecheck · unit · build · audit	Build API	2026-09-20T21:29:46.1951769Z shell: /usr/bin/bash -e {0}
verificar · typecheck · unit · build · audit	Build API	2026-09-20T21:29:46.1952044Z ##[endgroup]
verificar · typecheck · unit · build · audit	Build API	2026-09-20T21:29:46.2972036Z 
verificar · typecheck · unit · build · audit	Build API	2026-09-20T21:29:46.2972605Z > be@0.1.0 build:api
verificar · typecheck · unit · build · audit	Build API	2026-09-20T21:29:46.2973536Z > npm run build:domain && npm run build -w @be/api
verificar · typecheck · unit · build · audit	Build API	2026-09-20T21:29:46.2973981Z 
verificar · typecheck · unit · build · audit	Build API	2026-09-20T21:29:46.3945679Z 
verificar · typecheck · unit · build · audit	Build API	2026-09-20T21:29:46.3946343Z > be@0.1.0 build:domain
verificar · typecheck · unit · build · audit	Build API	2026-09-20T21:29:46.3947004Z > npm run build -w @be/domain
verificar · typecheck · unit · build · audit	Build API	2026-09-20T21:29:46.3947346Z 
verificar · typecheck · unit · build · audit	Build API	2026-09-20T21:29:46.5220143Z 
verificar · typecheck · unit · build · audit	Build API	2026-09-20T21:29:46.5220642Z > @be/domain@0.1.0 build
verificar · typecheck · unit · build · audit	Build API	2026-09-20T21:29:46.5221181Z > tsc -p tsconfig.json
verificar · typecheck · unit · build · audit	Build API	2026-09-20T21:29:46.5221477Z 
verificar · typecheck · unit · build · audit	Build API	2026-09-20T21:29:50.3350346Z 
verificar · typecheck · unit · build · audit	Build API	2026-09-20T21:29:50.3350998Z > @be/api@0.5.1 build
verificar · typecheck · unit · build · audit	Build API	2026-09-20T21:29:50.3351611Z > tsc -p tsconfig.build.json
verificar · typecheck · unit · build · audit	Build API	2026-09-20T21:29:50.3351924Z 
verificar · typecheck · unit · build · audit	Build web (export estático)	﻿2026-09-20T21:29:55.0688376Z ##[group]Run npm run build:web
verificar · typecheck · unit · build · audit	Build web (export estático)	2026-09-20T21:29:55.0688708Z ^[[36;1mnpm run build:web^[[0m
verificar · typecheck · unit · build · audit	Build web (export estático)	2026-09-20T21:29:55.0724871Z shell: /usr/bin/bash -e {0}
verificar · typecheck · unit · build · audit	Build web (export estático)	2026-09-20T21:29:55.0725131Z ##[endgroup]
verificar · typecheck · unit · build · audit	Build web (export estático)	2026-09-20T21:29:55.1727217Z 
verificar · typecheck · unit · build · audit	Build web (export estático)	2026-09-20T21:29:55.1727801Z > be@0.1.0 build:web
verificar · typecheck · unit · build · audit	Build web (export estático)	2026-09-20T21:29:55.1728557Z > npm run build:domain && npm run build -w @be/web
verificar · typecheck · unit · build · audit	Build web (export estático)	2026-09-20T21:29:55.1728842Z 
verificar · typecheck · unit · build · audit	Build web (export estático)	2026-09-20T21:29:55.2714580Z 
verificar · typecheck · unit · build · audit	Build web (export estático)	2026-09-20T21:29:55.2715046Z > be@0.1.0 build:domain
verificar · typecheck · unit · build · audit	Build web (export estático)	2026-09-20T21:29:55.2715480Z > npm run build -w @be/domain
verificar · typecheck · unit · build · audit	Build web (export estático)	2026-09-20T21:29:55.2715711Z 
verificar · typecheck · unit · build · audit	Build web (export estático)	2026-09-20T21:29:55.3953125Z 
verificar · typecheck · unit · build · audit	Build web (export estático)	2026-09-20T21:29:55.3953682Z > @be/domain@0.1.0 build
verificar · typecheck · unit · build · audit	Build web (export estático)	2026-09-20T21:29:55.3954083Z > tsc -p tsconfig.json
verificar · typecheck · unit · build · audit	Build web (export estático)	2026-09-20T21:29:55.3954267Z 
verificar · typecheck · unit · build · audit	Build web (export estático)	2026-09-20T21:29:59.2297912Z 
verificar · typecheck · unit · build · audit	Build web (export estático)	2026-09-20T21:29:59.2298451Z > @be/web@0.5.1 build
verificar · typecheck · unit · build · audit	Build web (export estático)	2026-09-20T21:29:59.2298914Z > next build
verificar · typecheck · unit · build · audit	Build web (export estático)	2026-09-20T21:29:59.2299093Z 
verificar · typecheck · unit · build · audit	Build web (export estático)	2026-09-20T21:29:59.7412382Z ⚠ No build cache found. Please configure build caching for faster rebuilds. Read more: https://nextjs.org/docs/messages/no-cache
verificar · typecheck · unit · build · audit	Build web (export estático)	2026-09-20T21:29:59.7465129Z Attention: Next.js now collects completely anonymous telemetry regarding usage.
verificar · typecheck · unit · build · audit	Build web (export estático)	2026-09-20T21:29:59.7466260Z This information is used to shape Next.js' roadmap and prioritize features.
verificar · typecheck · unit · build · audit	Build web (export estático)	2026-09-20T21:29:59.7467336Z You can learn more, including how to opt-out if you'd not like to participate in this anonymous program, by visiting the following URL:
verificar · typecheck · unit · build · audit	Build web (export estático)	2026-09-20T21:29:59.7468118Z https://nextjs.org/telemetry
verificar · typecheck · unit · build · audit	Build web (export estático)	2026-09-20T21:29:59.7468332Z 
verificar · typecheck · unit · build · audit	Build web (export estático)	2026-09-20T21:29:59.8298286Z    ▲ Next.js 15.5.25
verificar · typecheck · unit · build · audit	Build web (export estático)	2026-09-20T21:29:59.8298823Z 
verificar · typecheck · unit · build · audit	Build web (export estático)	2026-09-20T21:29:59.8963660Z    Creating an optimized production build ...
verificar · typecheck · unit · build · audit	Build web (export estático)	2026-09-20T21:30:10.3783901Z  ✓ Compiled successfully in 8.2s
verificar · typecheck · unit · build · audit	Build web (export estático)	2026-09-20T21:30:10.3826626Z    Linting and checking validity of types ...
verificar · typecheck · unit · build · audit	Build web (export estático)	2026-09-20T21:30:15.4398830Z    Collecting page data ...
verificar · typecheck · unit · build · audit	Build web (export estático)	2026-09-20T21:30:17.6033023Z    Generating static pages (0/17) ...
verificar · typecheck · unit · build · audit	Build web (export estático)	2026-09-20T21:30:18.3935893Z    Generating static pages (4/17) 
verificar · typecheck · unit · build · audit	Build web (export estático)	2026-09-20T21:30:18.3936598Z    Generating static pages (8/17) 
verificar · typecheck · unit · build · audit	Build web (export estático)	2026-09-20T21:30:18.6239818Z    Generating static pages (12/17) 
verificar · typecheck · unit · build · audit	Build web (export estático)	2026-09-20T21:30:18.6240876Z  ✓ Generating static pages (17/17)
verificar · typecheck · unit · build · audit	Build web (export estático)	2026-09-20T21:30:19.0704233Z    Finalizing page optimization ...
verificar · typecheck · unit · build · audit	Build web (export estático)	2026-09-20T21:30:19.0704807Z    Collecting build traces ...
verificar · typecheck · unit · build · audit	Build web (export estático)	2026-09-20T21:30:24.2505942Z    Exporting (0/2) ...
verificar · typecheck · unit · build · audit	Build web (export estático)	2026-09-20T21:30:24.4792569Z  ✓ Exporting (2/2)
verificar · typecheck · unit · build · audit	Build web (export estático)	2026-09-20T21:30:24.4918394Z 
verificar · typecheck · unit · build · audit	Build web (export estático)	2026-09-20T21:30:24.4951261Z Route (app)                                 Size  First Load JS
verificar · typecheck · unit · build · audit	Build web (export estático)	2026-09-20T21:30:24.4952408Z ┌ ○ /                                      908 B         242 kB
verificar · typecheck · unit · build · audit	Build web (export estático)	2026-09-20T21:30:24.4956320Z ├ ○ /_not-found                            986 B         103 kB
verificar · typecheck · unit · build · audit	Build web (export estático)	2026-09-20T21:30:24.4957483Z ├ ○ /account                              4.4 kB         246 kB
verificar · typecheck · unit · build · audit	Build web (export estático)	2026-09-20T21:30:24.4958752Z ├ ○ /account/privacy                     5.01 kB         246 kB
verificar · typecheck · unit · build · audit	Build web (export estático)	2026-09-20T21:30:24.4959839Z ├ ○ /account/relationships               4.13 kB         245 kB
verificar · typecheck · unit · build · audit	Build web (export estático)	2026-09-20T21:30:24.4960864Z ├ ○ /account/relationships/consent       3.72 kB         245 kB
verificar · typecheck · unit · build · audit	Build web (export estático)	2026-09-20T21:30:24.4961929Z ├ ○ /account/relationships/detail        5.05 kB         246 kB
verificar · typecheck · unit · build · audit	Build web (export estático)	2026-09-20T21:30:24.4962548Z ├ ○ /legal/privacidad                      164 B         106 kB
verificar · typecheck · unit · build · audit	Build web (export estático)	2026-09-20T21:30:24.4963904Z ├ ○ /legal/terminos                        164 B         106 kB
verificar · typecheck · unit · build · audit	Build web (export estático)	2026-09-20T21:30:24.4964434Z ├ ○ /login                               2.15 kB         243 kB
verificar · typecheck · unit · build · audit	Build web (export estático)	2026-09-20T21:30:24.4964888Z ├ ○ /pro                                   183 B         246 kB
verificar · typecheck · unit · build · audit	Build web (export estático)	2026-09-20T21:30:24.4965350Z ├ ○ /pro/advisees                        1.69 kB         247 kB
verificar · typecheck · unit · build · audit	Build web (export estático)	2026-09-20T21:30:24.4965836Z ├ ○ /pro/advisees/anthropometry          6.85 kB         252 kB
verificar · typecheck · unit · build · audit	Build web (export estático)	2026-09-20T21:30:24.4966326Z ├ ○ /pro/advisees/nutrition              13.9 kB         259 kB
verificar · typecheck · unit · build · audit	Build web (export estático)	2026-09-20T21:30:24.4966801Z └ ○ /register                            2.86 kB         244 kB
verificar · typecheck · unit · build · audit	Build web (export estático)	2026-09-20T21:30:24.4967192Z + First Load JS shared by all             102 kB
verificar · typecheck · unit · build · audit	Build web (export estático)	2026-09-20T21:30:24.4967605Z   ├ chunks/18-322c3a0465595f76.js        46.4 kB
verificar · typecheck · unit · build · audit	Build web (export estático)	2026-09-20T21:30:24.4967988Z   ├ chunks/87c73c54-0375ba195de27293.js  54.2 kB
verificar · typecheck · unit · build · audit	Build web (export estático)	2026-09-20T21:30:24.4968690Z   └ other shared chunks (total)          1.87 kB
verificar · typecheck · unit · build · audit	Build web (export estático)	2026-09-20T21:30:24.4968896Z 
verificar · typecheck · unit · build · audit	Build web (export estático)	2026-09-20T21:30:24.4968903Z 
verificar · typecheck · unit · build · audit	Build web (export estático)	2026-09-20T21:30:24.4969104Z ○  (Static)  prerendered as static content
verificar · typecheck · unit · build · audit	Build web (export estático)	2026-09-20T21:30:24.4969494Z 
verificar · typecheck · unit · build · audit	npm audit --omit=dev — falla con altos o críticos (WP-01 §2)	﻿2026-09-20T21:30:24.5574298Z ##[group]Run npm run audit:prod
verificar · typecheck · unit · build · audit	npm audit --omit=dev — falla con altos o críticos (WP-01 §2)	2026-09-20T21:30:24.5574642Z ^[[36;1mnpm run audit:prod^[[0m
verificar · typecheck · unit · build · audit	npm audit --omit=dev — falla con altos o críticos (WP-01 §2)	2026-09-20T21:30:24.5610723Z shell: /usr/bin/bash -e {0}
verificar · typecheck · unit · build · audit	npm audit --omit=dev — falla con altos o críticos (WP-01 §2)	2026-09-20T21:30:24.5610985Z ##[endgroup]
verificar · typecheck · unit · build · audit	npm audit --omit=dev — falla con altos o críticos (WP-01 §2)	2026-09-20T21:30:24.6621021Z 
verificar · typecheck · unit · build · audit	npm audit --omit=dev — falla con altos o críticos (WP-01 §2)	2026-09-20T21:30:24.6621574Z > be@0.1.0 audit:prod
verificar · typecheck · unit · build · audit	npm audit --omit=dev — falla con altos o críticos (WP-01 §2)	2026-09-20T21:30:24.6623567Z > npm audit --omit=dev --audit-level=high -w @be/api && npm audit --omit=dev --audit-level=high -w @be/web && npm audit --omit=dev --audit-level=high -w @be/mobile
verificar · typecheck · unit · build · audit	npm audit --omit=dev — falla con altos o críticos (WP-01 §2)	2026-09-20T21:30:24.6624676Z 
verificar · typecheck · unit · build · audit	npm audit --omit=dev — falla con altos o críticos (WP-01 §2)	2026-09-20T21:30:25.2737081Z found 0 vulnerabilities
verificar · typecheck · unit · build · audit	npm audit --omit=dev — falla con altos o críticos (WP-01 §2)	2026-09-20T21:30:25.8616583Z found 0 vulnerabilities
verificar · typecheck · unit · build · audit	npm audit --omit=dev — falla con altos o críticos (WP-01 §2)	2026-09-20T21:30:26.7897993Z # npm audit report
verificar · typecheck · unit · build · audit	npm audit --omit=dev — falla con altos o críticos (WP-01 §2)	2026-09-20T21:30:26.7898342Z 
verificar · typecheck · unit · build · audit	npm audit --omit=dev — falla con altos o críticos (WP-01 §2)	2026-09-20T21:30:26.7898522Z uuid  <11.1.1
verificar · typecheck · unit · build · audit	npm audit --omit=dev — falla con altos o críticos (WP-01 §2)	2026-09-20T21:30:26.7898937Z Severity: moderate
verificar · typecheck · unit · build · audit	npm audit --omit=dev — falla con altos o críticos (WP-01 §2)	2026-09-20T21:30:26.7900124Z uuid: Missing buffer bounds check in v3/v5/v6 when buf is provided - https://github.com/advisories/GHSA-w5hq-g745-h8pq
verificar · typecheck · unit · build · audit	npm audit --omit=dev — falla con altos o críticos (WP-01 §2)	2026-09-20T21:30:26.7901314Z fix available via `npm audit fix --force`
verificar · typecheck · unit · build · audit	npm audit --omit=dev — falla con altos o críticos (WP-01 §2)	2026-09-20T21:30:26.7902092Z Will install expo@46.0.21, which is a breaking change
verificar · typecheck · unit · build · audit	npm audit --omit=dev — falla con altos o críticos (WP-01 §2)	2026-09-20T21:30:26.7903043Z node_modules/uuid
verificar · typecheck · unit · build · audit	npm audit --omit=dev — falla con altos o críticos (WP-01 §2)	2026-09-20T21:30:26.7903468Z   xcode  >=0.9.2
verificar · typecheck · unit · build · audit	npm audit --omit=dev — falla con altos o críticos (WP-01 §2)	2026-09-20T21:30:26.7903962Z   Depends on vulnerable versions of uuid
verificar · typecheck · unit · build · audit	npm audit --omit=dev — falla con altos o críticos (WP-01 §2)	2026-09-20T21:30:26.7904496Z   node_modules/xcode
verificar · typecheck · unit · build · audit	npm audit --omit=dev — falla con altos o críticos (WP-01 §2)	2026-09-20T21:30:26.7904930Z     @expo/config-plugins  *
verificar · typecheck · unit · build · audit	npm audit --omit=dev — falla con altos o críticos (WP-01 §2)	2026-09-20T21:30:26.7905461Z     Depends on vulnerable versions of xcode
verificar · typecheck · unit · build · audit	npm audit --omit=dev — falla con altos o críticos (WP-01 §2)	2026-09-20T21:30:26.7906035Z     node_modules/@expo/config-plugins
verificar · typecheck · unit · build · audit	npm audit --omit=dev — falla con altos o críticos (WP-01 §2)	2026-09-20T21:30:26.7906868Z       @expo/cli  <=0.0.0-canary-20231123-1b19f96-4 || >=0.0.1-canary-20231125-d600e44
verificar · typecheck · unit · build · audit	npm audit --omit=dev — falla con altos o críticos (WP-01 §2)	2026-09-20T21:30:26.7907769Z       Depends on vulnerable versions of @expo/config
verificar · typecheck · unit · build · audit	npm audit --omit=dev — falla con altos o críticos (WP-01 §2)	2026-09-20T21:30:26.7908560Z       Depends on vulnerable versions of @expo/config-plugins
verificar · typecheck · unit · build · audit	npm audit --omit=dev — falla con altos o críticos (WP-01 §2)	2026-09-20T21:30:26.7909373Z       Depends on vulnerable versions of @expo/inline-modules
verificar · typecheck · unit · build · audit	npm audit --omit=dev — falla con altos o críticos (WP-01 §2)	2026-09-20T21:30:26.7910151Z       Depends on vulnerable versions of @expo/metro-config
verificar · typecheck · unit · build · audit	npm audit --omit=dev — falla con altos o críticos (WP-01 §2)	2026-09-20T21:30:26.7910791Z       Depends on vulnerable versions of @expo/prebuild-config
verificar · typecheck · unit · build · audit	npm audit --omit=dev — falla con altos o críticos (WP-01 §2)	2026-09-20T21:30:26.7911311Z       node_modules/@expo/cli
verificar · typecheck · unit · build · audit	npm audit --omit=dev — falla con altos o críticos (WP-01 §2)	2026-09-20T21:30:26.7911836Z         expo  40.0.0-alpha.0 - 40.0.0-beta.5 || >=41.0.0-alpha.0
verificar · typecheck · unit · build · audit	npm audit --omit=dev — falla con altos o críticos (WP-01 §2)	2026-09-20T21:30:26.7912425Z         Depends on vulnerable versions of @expo/cli
verificar · typecheck · unit · build · audit	npm audit --omit=dev — falla con altos o críticos (WP-01 §2)	2026-09-20T21:30:26.7913584Z         Depends on vulnerable versions of @expo/config
verificar · typecheck · unit · build · audit	npm audit --omit=dev — falla con altos o críticos (WP-01 §2)	2026-09-20T21:30:26.7914403Z         Depends on vulnerable versions of @expo/config-plugins
verificar · typecheck · unit · build · audit	npm audit --omit=dev — falla con altos o críticos (WP-01 §2)	2026-09-20T21:30:26.7915462Z         Depends on vulnerable versions of @expo/local-build-cache-provider
verificar · typecheck · unit · build · audit	npm audit --omit=dev — falla con altos o críticos (WP-01 §2)	2026-09-20T21:30:26.7916118Z         Depends on vulnerable versions of @expo/metro-config
verificar · typecheck · unit · build · audit	npm audit --omit=dev — falla con altos o críticos (WP-01 §2)	2026-09-20T21:30:26.7916557Z         node_modules/expo
verificar · typecheck · unit · build · audit	npm audit --omit=dev — falla con altos o críticos (WP-01 §2)	2026-09-20T21:30:26.7917019Z       @expo/config  <=0.0.1-canary-20240418-8d74597 || >=3.3.23-alpha.0
verificar · typecheck · unit · build · audit	npm audit --omit=dev — falla con altos o críticos (WP-01 §2)	2026-09-20T21:30:26.7917614Z       Depends on vulnerable versions of @expo/config-plugins
verificar · typecheck · unit · build · audit	npm audit --omit=dev — falla con altos o críticos (WP-01 §2)	2026-09-20T21:30:26.7918091Z       node_modules/@expo/config
verificar · typecheck · unit · build · audit	npm audit --omit=dev — falla con altos o críticos (WP-01 §2)	2026-09-20T21:30:26.7918480Z         @expo/local-build-cache-provider  *
verificar · typecheck · unit · build · audit	npm audit --omit=dev — falla con altos o críticos (WP-01 §2)	2026-09-20T21:30:26.7918960Z         Depends on vulnerable versions of @expo/config
verificar · typecheck · unit · build · audit	npm audit --omit=dev — falla con altos o críticos (WP-01 §2)	2026-09-20T21:30:26.7919467Z         node_modules/@expo/local-build-cache-provider
verificar · typecheck · unit · build · audit	npm audit --omit=dev — falla con altos o críticos (WP-01 §2)	2026-09-20T21:30:26.7920058Z         @expo/metro-config  <=0.0.1-canary-20240418-8d74597 || >=0.1.49-alpha.0
verificar · typecheck · unit · build · audit	npm audit --omit=dev — falla con altos o críticos (WP-01 §2)	2026-09-20T21:30:26.7920643Z         Depends on vulnerable versions of @expo/config
verificar · typecheck · unit · build · audit	npm audit --omit=dev — falla con altos o críticos (WP-01 §2)	2026-09-20T21:30:26.7921091Z         node_modules/@expo/metro-config
verificar · typecheck · unit · build · audit	npm audit --omit=dev — falla con altos o críticos (WP-01 §2)	2026-09-20T21:30:26.7921554Z       @expo/inline-modules  >=0.0.2-canary-20260409-6fc2991
verificar · typecheck · unit · build · audit	npm audit --omit=dev — falla con altos o críticos (WP-01 §2)	2026-09-20T21:30:26.7922100Z       Depends on vulnerable versions of @expo/config-plugins
verificar · typecheck · unit · build · audit	npm audit --omit=dev — falla con altos o críticos (WP-01 §2)	2026-09-20T21:30:26.7922579Z       node_modules/@expo/inline-modules
verificar · typecheck · unit · build · audit	npm audit --omit=dev — falla con altos o críticos (WP-01 §2)	2026-09-20T21:30:26.7924747Z       @expo/prebuild-config  *
verificar · typecheck · unit · build · audit	npm audit --omit=dev — falla con altos o críticos (WP-01 §2)	2026-09-20T21:30:26.7925440Z       Depends on vulnerable versions of @expo/config
verificar · typecheck · unit · build · audit	npm audit --omit=dev — falla con altos o críticos (WP-01 §2)	2026-09-20T21:30:26.7926178Z       Depends on vulnerable versions of @expo/config-plugins
verificar · typecheck · unit · build · audit	npm audit --omit=dev — falla con altos o críticos (WP-01 §2)	2026-09-20T21:30:26.7926779Z       node_modules/@expo/prebuild-config
verificar · typecheck · unit · build · audit	npm audit --omit=dev — falla con altos o críticos (WP-01 §2)	2026-09-20T21:30:26.7927061Z 
verificar · typecheck · unit · build · audit	npm audit --omit=dev — falla con altos o críticos (WP-01 §2)	2026-09-20T21:30:26.7927631Z 10 moderate severity vulnerabilities
verificar · typecheck · unit · build · audit	npm audit --omit=dev — falla con altos o críticos (WP-01 §2)	2026-09-20T21:30:26.7928187Z 
verificar · typecheck · unit · build · audit	npm audit --omit=dev — falla con altos o críticos (WP-01 §2)	2026-09-20T21:30:26.7928498Z To address issues that do not require attention, run:
verificar · typecheck · unit · build · audit	npm audit --omit=dev — falla con altos o críticos (WP-01 §2)	2026-09-20T21:30:26.7929015Z   npm audit fix
verificar · typecheck · unit · build · audit	npm audit --omit=dev — falla con altos o críticos (WP-01 §2)	2026-09-20T21:30:26.7929211Z 
verificar · typecheck · unit · build · audit	npm audit --omit=dev — falla con altos o críticos (WP-01 §2)	2026-09-20T21:30:26.7929537Z To address all issues (including breaking changes), run:
verificar · typecheck · unit · build · audit	npm audit --omit=dev — falla con altos o críticos (WP-01 §2)	2026-09-20T21:30:26.7930055Z   npm audit fix --force
verificar · typecheck · unit · build · audit	Post Run actions/setup-node@v7	﻿2026-09-20T21:30:26.8268573Z Post job cleanup.
verificar · typecheck · unit · build · audit	Post Run actions/setup-node@v7	2026-09-20T21:30:26.9442010Z Cache hit occurred on the primary key node-cache-Linux-x64-npm-20f37bacec17541ccc466e7f21c11936234080f9298e29b9200cbcfda25c3714, not saving cache.
verificar · typecheck · unit · build · audit	Post Run actions/checkout@v7	﻿2026-09-20T21:30:26.9592131Z Post job cleanup.
verificar · typecheck · unit · build · audit	Post Run actions/checkout@v7	2026-09-20T21:30:27.0450739Z [command]/usr/bin/git version
verificar · typecheck · unit · build · audit	Post Run actions/checkout@v7	2026-09-20T21:30:27.0505075Z git version 2.55.0
verificar · typecheck · unit · build · audit	Post Run actions/checkout@v7	2026-09-20T21:30:27.0544371Z Temporarily overriding HOME='/home/runner/work/_temp/56f64753-12ba-4a80-bf91-c368fb4e7312' before making global git config changes
verificar · typecheck · unit · build · audit	Post Run actions/checkout@v7	2026-09-20T21:30:27.0546321Z Adding repository directory to the temporary git global config as a safe directory
verificar · typecheck · unit · build · audit	Post Run actions/checkout@v7	2026-09-20T21:30:27.0550367Z [command]/usr/bin/git config --global --add safe.directory /home/runner/work/be/be
verificar · typecheck · unit · build · audit	Post Run actions/checkout@v7	2026-09-20T21:30:27.0586741Z Removing SSH command configuration
verificar · typecheck · unit · build · audit	Post Run actions/checkout@v7	2026-09-20T21:30:27.0593484Z [command]/usr/bin/git config --local --name-only --get-regexp core\.sshCommand
verificar · typecheck · unit · build · audit	Post Run actions/checkout@v7	2026-09-20T21:30:27.0645077Z [command]/usr/bin/git submodule foreach --recursive sh -c "git config --local --name-only --get-regexp 'core\.sshCommand' && git config --local --unset-all 'core.sshCommand' || :"
verificar · typecheck · unit · build · audit	Post Run actions/checkout@v7	2026-09-20T21:30:27.0893806Z Removing HTTP extra header
verificar · typecheck · unit · build · audit	Post Run actions/checkout@v7	2026-09-20T21:30:27.0899358Z [command]/usr/bin/git config --local --name-only --get-regexp http\.https\:\/\/github\.com\/\.extraheader
verificar · typecheck · unit · build · audit	Post Run actions/checkout@v7	2026-09-20T21:30:27.0956551Z [command]/usr/bin/git submodule foreach --recursive sh -c "git config --local --name-only --get-regexp 'http\.https\:\/\/github\.com\/\.extraheader' && git config --local --unset-all 'http.https://github.com/.extraheader' || :"
verificar · typecheck · unit · build · audit	Post Run actions/checkout@v7	2026-09-20T21:30:27.1213278Z Removing includeIf entries pointing to credentials config files
verificar · typecheck · unit · build · audit	Post Run actions/checkout@v7	2026-09-20T21:30:27.1223381Z [command]/usr/bin/git config --local --name-only --get-regexp ^includeIf\.gitdir:
verificar · typecheck · unit · build · audit	Post Run actions/checkout@v7	2026-09-20T21:30:27.1270237Z includeif.gitdir:/home/runner/work/be/be/.git.path
verificar · typecheck · unit · build · audit	Post Run actions/checkout@v7	2026-09-20T21:30:27.1283455Z includeif.gitdir:/home/runner/work/be/be/.git/worktrees/*.path
verificar · typecheck · unit · build · audit	Post Run actions/checkout@v7	2026-09-20T21:30:27.1284724Z includeif.gitdir:/github/workspace/.git.path
verificar · typecheck · unit · build · audit	Post Run actions/checkout@v7	2026-09-20T21:30:27.1285872Z includeif.gitdir:/github/workspace/.git/worktrees/*.path
verificar · typecheck · unit · build · audit	Post Run actions/checkout@v7	2026-09-20T21:30:27.1288565Z [command]/usr/bin/git config --local --get-all includeif.gitdir:/home/runner/work/be/be/.git.path
verificar · typecheck · unit · build · audit	Post Run actions/checkout@v7	2026-09-20T21:30:27.1350220Z /home/runner/work/_temp/git-credentials-d21fbd07-96ba-46cb-842f-c4f7834e79c8.config
verificar · typecheck · unit · build · audit	Post Run actions/checkout@v7	2026-09-20T21:30:27.1381879Z [command]/usr/bin/git config --local --unset includeif.gitdir:/home/runner/work/be/be/.git.path \/home\/runner\/work\/_temp\/git\-credentials\-d21fbd07\-96ba\-46cb\-842f\-c4f7834e79c8\.config
verificar · typecheck · unit · build · audit	Post Run actions/checkout@v7	2026-09-20T21:30:27.1419517Z [command]/usr/bin/git config --local --get-all includeif.gitdir:/home/runner/work/be/be/.git/worktrees/*.path
verificar · typecheck · unit · build · audit	Post Run actions/checkout@v7	2026-09-20T21:30:27.1459987Z /home/runner/work/_temp/git-credentials-d21fbd07-96ba-46cb-842f-c4f7834e79c8.config
verificar · typecheck · unit · build · audit	Post Run actions/checkout@v7	2026-09-20T21:30:27.1491338Z [command]/usr/bin/git config --local --unset includeif.gitdir:/home/runner/work/be/be/.git/worktrees/*.path \/home\/runner\/work\/_temp\/git\-credentials\-d21fbd07\-96ba\-46cb\-842f\-c4f7834e79c8\.config
verificar · typecheck · unit · build · audit	Post Run actions/checkout@v7	2026-09-20T21:30:27.1539720Z [command]/usr/bin/git config --local --get-all includeif.gitdir:/github/workspace/.git.path
verificar · typecheck · unit · build · audit	Post Run actions/checkout@v7	2026-09-20T21:30:27.1567709Z /github/runner_temp/git-credentials-d21fbd07-96ba-46cb-842f-c4f7834e79c8.config
verificar · typecheck · unit · build · audit	Post Run actions/checkout@v7	2026-09-20T21:30:27.1575165Z [command]/usr/bin/git config --local --unset includeif.gitdir:/github/workspace/.git.path \/github\/runner_temp\/git\-credentials\-d21fbd07\-96ba\-46cb\-842f\-c4f7834e79c8\.config
verificar · typecheck · unit · build · audit	Post Run actions/checkout@v7	2026-09-20T21:30:27.1611934Z [command]/usr/bin/git config --local --get-all includeif.gitdir:/github/workspace/.git/worktrees/*.path
verificar · typecheck · unit · build · audit	Post Run actions/checkout@v7	2026-09-20T21:30:27.1639585Z /github/runner_temp/git-credentials-d21fbd07-96ba-46cb-842f-c4f7834e79c8.config
verificar · typecheck · unit · build · audit	Post Run actions/checkout@v7	2026-09-20T21:30:27.1647917Z [command]/usr/bin/git config --local --unset includeif.gitdir:/github/workspace/.git/worktrees/*.path \/github\/runner_temp\/git\-credentials\-d21fbd07\-96ba\-46cb\-842f\-c4f7834e79c8\.config
verificar · typecheck · unit · build · audit	Post Run actions/checkout@v7	2026-09-20T21:30:27.1688442Z [command]/usr/bin/git submodule foreach --recursive git config --local --show-origin --name-only --get-regexp remote.origin.url
verificar · typecheck · unit · build · audit	Post Run actions/checkout@v7	2026-09-20T21:30:27.1933689Z Removing credentials config '/home/runner/work/_temp/git-credentials-d21fbd07-96ba-46cb-842f-c4f7834e79c8.config'
verificar · typecheck · unit · build · audit	Complete job	﻿2026-09-20T21:30:27.2076224Z Cleaning up orphan processes
