verificar · typecheck · unit · build · audit	Set up job	﻿2026-09-20T22:44:32.4980953Z Current runner version: '2.337.0'
verificar · typecheck · unit · build · audit	Set up job	2026-09-20T22:44:32.4996645Z ##[group]Runner Image Provisioner
verificar · typecheck · unit · build · audit	Set up job	2026-09-20T22:44:32.4997271Z Hosted Compute Agent
verificar · typecheck · unit · build · audit	Set up job	2026-09-20T22:44:32.4997645Z Version: 20260828.587
verificar · typecheck · unit · build · audit	Set up job	2026-09-20T22:44:32.4998319Z Commit: abac92662cab4cc7352de4f9f9d2e2419aad9c29
verificar · typecheck · unit · build · audit	Set up job	2026-09-20T22:44:32.4998747Z Build Date: 2026-08-28T16:44:25Z
verificar · typecheck · unit · build · audit	Set up job	2026-09-20T22:44:32.4999150Z Worker ID: {c6039e72-b845-461c-861e-88c4d30414df}
verificar · typecheck · unit · build · audit	Set up job	2026-09-20T22:44:32.4999606Z Azure Region: centralus
verificar · typecheck · unit · build · audit	Set up job	2026-09-20T22:44:32.4999972Z ##[endgroup]
verificar · typecheck · unit · build · audit	Set up job	2026-09-20T22:44:32.5000893Z ##[group]Operating System
verificar · typecheck · unit · build · audit	Set up job	2026-09-20T22:44:32.5001254Z Ubuntu
verificar · typecheck · unit · build · audit	Set up job	2026-09-20T22:44:32.5001559Z 24.04.5
verificar · typecheck · unit · build · audit	Set up job	2026-09-20T22:44:32.5001893Z LTS
verificar · typecheck · unit · build · audit	Set up job	2026-09-20T22:44:32.5002221Z ##[endgroup]
verificar · typecheck · unit · build · audit	Set up job	2026-09-20T22:44:32.5002528Z ##[group]Runner Image
verificar · typecheck · unit · build · audit	Set up job	2026-09-20T22:44:32.5002918Z Image: ubuntu-24.04
verificar · typecheck · unit · build · audit	Set up job	2026-09-20T22:44:32.5003303Z Version: 20260907.300.1
verificar · typecheck · unit · build · audit	Set up job	2026-09-20T22:44:32.5003920Z Included Software: https://github.com/actions/runner-images/blob/ubuntu24/20260907.300/images/ubuntu/Ubuntu2404-Readme.md
verificar · typecheck · unit · build · audit	Set up job	2026-09-20T22:44:32.5004881Z Image Release: https://github.com/actions/runner-images/releases/tag/ubuntu24%2F20260907.300
verificar · typecheck · unit · build · audit	Set up job	2026-09-20T22:44:32.5005461Z ##[endgroup]
verificar · typecheck · unit · build · audit	Set up job	2026-09-20T22:44:32.5006088Z ##[group]GITHUB_TOKEN Permissions
verificar · typecheck · unit · build · audit	Set up job	2026-09-20T22:44:32.5007289Z Contents: read
verificar · typecheck · unit · build · audit	Set up job	2026-09-20T22:44:32.5007625Z Metadata: read
verificar · typecheck · unit · build · audit	Set up job	2026-09-20T22:44:32.5007996Z ##[endgroup]
verificar · typecheck · unit · build · audit	Set up job	2026-09-20T22:44:32.5009172Z Secret source: Actions
verificar · typecheck · unit · build · audit	Set up job	2026-09-20T22:44:32.5009721Z Cache mode: write
verificar · typecheck · unit · build · audit	Set up job	2026-09-20T22:44:32.5010179Z Prepare workflow directory
verificar · typecheck · unit · build · audit	Set up job	2026-09-20T22:44:32.5228911Z Prepare all required actions
verificar · typecheck · unit · build · audit	Set up job	2026-09-20T22:44:32.5258511Z Getting action download info
verificar · typecheck · unit · build · audit	Set up job	2026-09-20T22:44:32.7398412Z Download action repository 'actions/checkout@v7' (SHA:3d3c42e5aac5ba805825da76410c181273ba90b1)
verificar · typecheck · unit · build · audit	Set up job	2026-09-20T22:44:32.8440215Z Download action repository 'actions/setup-node@v7' (SHA:820762786026740c76f36085b0efc47a31fe5020)
verificar · typecheck · unit · build · audit	Set up job	2026-09-20T22:44:32.9963781Z Complete job name: verificar · typecheck · unit · build · audit
verificar · typecheck · unit · build · audit	Run actions/checkout@v7	﻿2026-09-20T22:44:33.0402543Z ##[group]Run actions/checkout@v7
verificar · typecheck · unit · build · audit	Run actions/checkout@v7	2026-09-20T22:44:33.0402964Z with:
verificar · typecheck · unit · build · audit	Run actions/checkout@v7	2026-09-20T22:44:33.0403200Z   repository: Elian-Bufi/be
verificar · typecheck · unit · build · audit	Run actions/checkout@v7	2026-09-20T22:44:33.0405176Z   token: ***
verificar · typecheck · unit · build · audit	Run actions/checkout@v7	2026-09-20T22:44:33.0405404Z   ssh-strict: true
verificar · typecheck · unit · build · audit	Run actions/checkout@v7	2026-09-20T22:44:33.0405642Z   ssh-user: git
verificar · typecheck · unit · build · audit	Run actions/checkout@v7	2026-09-20T22:44:33.0405880Z   persist-credentials: true
verificar · typecheck · unit · build · audit	Run actions/checkout@v7	2026-09-20T22:44:33.0406137Z   clean: true
verificar · typecheck · unit · build · audit	Run actions/checkout@v7	2026-09-20T22:44:33.0406374Z   sparse-checkout-cone-mode: true
verificar · typecheck · unit · build · audit	Run actions/checkout@v7	2026-09-20T22:44:33.0406648Z   fetch-depth: 1
verificar · typecheck · unit · build · audit	Run actions/checkout@v7	2026-09-20T22:44:33.0406876Z   fetch-tags: false
verificar · typecheck · unit · build · audit	Run actions/checkout@v7	2026-09-20T22:44:33.0407114Z   show-progress: true
verificar · typecheck · unit · build · audit	Run actions/checkout@v7	2026-09-20T22:44:33.0407351Z   lfs: false
verificar · typecheck · unit · build · audit	Run actions/checkout@v7	2026-09-20T22:44:33.0407574Z   submodules: false
verificar · typecheck · unit · build · audit	Run actions/checkout@v7	2026-09-20T22:44:33.0407814Z   set-safe-directory: true
verificar · typecheck · unit · build · audit	Run actions/checkout@v7	2026-09-20T22:44:33.0408085Z   allow-unsafe-pr-checkout: false
verificar · typecheck · unit · build · audit	Run actions/checkout@v7	2026-09-20T22:44:33.0408430Z ##[endgroup]
verificar · typecheck · unit · build · audit	Run actions/checkout@v7	2026-09-20T22:44:33.1068199Z Syncing repository: Elian-Bufi/be
verificar · typecheck · unit · build · audit	Run actions/checkout@v7	2026-09-20T22:44:33.1069579Z ##[group]Getting Git version info
verificar · typecheck · unit · build · audit	Run actions/checkout@v7	2026-09-20T22:44:33.1070086Z Working directory is '/home/runner/work/be/be'
verificar · typecheck · unit · build · audit	Run actions/checkout@v7	2026-09-20T22:44:33.1071093Z [command]/usr/bin/git version
verificar · typecheck · unit · build · audit	Run actions/checkout@v7	2026-09-20T22:44:33.1131422Z git version 2.55.0
verificar · typecheck · unit · build · audit	Run actions/checkout@v7	2026-09-20T22:44:33.1143048Z ##[endgroup]
verificar · typecheck · unit · build · audit	Run actions/checkout@v7	2026-09-20T22:44:33.1149563Z Temporarily overriding HOME='/home/runner/work/_temp/43331e3c-0299-471c-bea5-87a1a4622e39' before making global git config changes
verificar · typecheck · unit · build · audit	Run actions/checkout@v7	2026-09-20T22:44:33.1150954Z Adding repository directory to the temporary git global config as a safe directory
verificar · typecheck · unit · build · audit	Run actions/checkout@v7	2026-09-20T22:44:33.1153613Z [command]/usr/bin/git config --global --add safe.directory /home/runner/work/be/be
verificar · typecheck · unit · build · audit	Run actions/checkout@v7	2026-09-20T22:44:33.1190350Z Deleting the contents of '/home/runner/work/be/be'
verificar · typecheck · unit · build · audit	Run actions/checkout@v7	2026-09-20T22:44:33.1192778Z ##[group]Determining repository object format
verificar · typecheck · unit · build · audit	Run actions/checkout@v7	2026-09-20T22:44:33.1193738Z ##[endgroup]
verificar · typecheck · unit · build · audit	Run actions/checkout@v7	2026-09-20T22:44:33.1194322Z ##[group]Initializing the repository
verificar · typecheck · unit · build · audit	Run actions/checkout@v7	2026-09-20T22:44:33.1196224Z [command]/usr/bin/git init /home/runner/work/be/be
verificar · typecheck · unit · build · audit	Run actions/checkout@v7	2026-09-20T22:44:33.1291041Z hint: Using 'master' as the name for the initial branch. This default branch name
verificar · typecheck · unit · build · audit	Run actions/checkout@v7	2026-09-20T22:44:33.1292026Z hint: will change to "main" in Git 3.0. To configure the initial branch name
verificar · typecheck · unit · build · audit	Run actions/checkout@v7	2026-09-20T22:44:33.1293136Z hint: to use in all of your new repositories, which will suppress this warning,
verificar · typecheck · unit · build · audit	Run actions/checkout@v7	2026-09-20T22:44:33.1293780Z hint: call:
verificar · typecheck · unit · build · audit	Run actions/checkout@v7	2026-09-20T22:44:33.1294126Z hint:
verificar · typecheck · unit · build · audit	Run actions/checkout@v7	2026-09-20T22:44:33.1294568Z hint: 	git config --global init.defaultBranch <name>
verificar · typecheck · unit · build · audit	Run actions/checkout@v7	2026-09-20T22:44:33.1295101Z hint:
verificar · typecheck · unit · build · audit	Run actions/checkout@v7	2026-09-20T22:44:33.1295596Z hint: Names commonly chosen instead of 'master' are 'main', 'trunk' and
verificar · typecheck · unit · build · audit	Run actions/checkout@v7	2026-09-20T22:44:33.1296593Z hint: 'development'. The just-created branch can be renamed via this command:
verificar · typecheck · unit · build · audit	Run actions/checkout@v7	2026-09-20T22:44:33.1297222Z hint:
verificar · typecheck · unit · build · audit	Run actions/checkout@v7	2026-09-20T22:44:33.1297575Z hint: 	git branch -m <name>
verificar · typecheck · unit · build · audit	Run actions/checkout@v7	2026-09-20T22:44:33.1297982Z hint:
verificar · typecheck · unit · build · audit	Run actions/checkout@v7	2026-09-20T22:44:33.1298595Z hint: Disable this message with "git config set advice.defaultBranchName false"
verificar · typecheck · unit · build · audit	Run actions/checkout@v7	2026-09-20T22:44:33.1299430Z Initialized empty Git repository in /home/runner/work/be/be/.git/
verificar · typecheck · unit · build · audit	Run actions/checkout@v7	2026-09-20T22:44:33.1301501Z [command]/usr/bin/git remote add origin https://github.com/Elian-Bufi/be
verificar · typecheck · unit · build · audit	Run actions/checkout@v7	2026-09-20T22:44:33.1342480Z ##[endgroup]
verificar · typecheck · unit · build · audit	Run actions/checkout@v7	2026-09-20T22:44:33.1343159Z ##[group]Disabling automatic garbage collection
verificar · typecheck · unit · build · audit	Run actions/checkout@v7	2026-09-20T22:44:33.1345752Z [command]/usr/bin/git config --local gc.auto 0
verificar · typecheck · unit · build · audit	Run actions/checkout@v7	2026-09-20T22:44:33.1373976Z ##[endgroup]
verificar · typecheck · unit · build · audit	Run actions/checkout@v7	2026-09-20T22:44:33.1374583Z ##[group]Setting up auth
verificar · typecheck · unit · build · audit	Run actions/checkout@v7	2026-09-20T22:44:33.1375119Z Removing SSH command configuration
verificar · typecheck · unit · build · audit	Run actions/checkout@v7	2026-09-20T22:44:33.1378459Z [command]/usr/bin/git config --local --name-only --get-regexp core\.sshCommand
verificar · typecheck · unit · build · audit	Run actions/checkout@v7	2026-09-20T22:44:33.1408030Z [command]/usr/bin/git submodule foreach --recursive sh -c "git config --local --name-only --get-regexp 'core\.sshCommand' && git config --local --unset-all 'core.sshCommand' || :"
verificar · typecheck · unit · build · audit	Run actions/checkout@v7	2026-09-20T22:44:33.1695850Z Removing HTTP extra header
verificar · typecheck · unit · build · audit	Run actions/checkout@v7	2026-09-20T22:44:33.1700328Z [command]/usr/bin/git config --local --name-only --get-regexp http\.https\:\/\/github\.com\/\.extraheader
verificar · typecheck · unit · build · audit	Run actions/checkout@v7	2026-09-20T22:44:33.1727776Z [command]/usr/bin/git submodule foreach --recursive sh -c "git config --local --name-only --get-regexp 'http\.https\:\/\/github\.com\/\.extraheader' && git config --local --unset-all 'http.https://github.com/.extraheader' || :"
verificar · typecheck · unit · build · audit	Run actions/checkout@v7	2026-09-20T22:44:33.1888861Z Removing includeIf entries pointing to credentials config files
verificar · typecheck · unit · build · audit	Run actions/checkout@v7	2026-09-20T22:44:33.1892446Z [command]/usr/bin/git config --local --name-only --get-regexp ^includeIf\.gitdir:
verificar · typecheck · unit · build · audit	Run actions/checkout@v7	2026-09-20T22:44:33.1919024Z [command]/usr/bin/git submodule foreach --recursive git config --local --show-origin --name-only --get-regexp remote.origin.url
verificar · typecheck · unit · build · audit	Run actions/checkout@v7	2026-09-20T22:44:33.2081930Z [command]/usr/bin/git config --file /home/runner/work/_temp/git-credentials-a9af6331-373d-4983-b46d-d27f760f99b9.config http.https://github.com/.extraheader AUTHORIZATION: basic ***
verificar · typecheck · unit · build · audit	Run actions/checkout@v7	2026-09-20T22:44:33.2111540Z [command]/usr/bin/git config --local includeIf.gitdir:/home/runner/work/be/be/.git.path /home/runner/work/_temp/git-credentials-a9af6331-373d-4983-b46d-d27f760f99b9.config
verificar · typecheck · unit · build · audit	Run actions/checkout@v7	2026-09-20T22:44:33.2136015Z [command]/usr/bin/git config --local includeIf.gitdir:/home/runner/work/be/be/.git/worktrees/*.path /home/runner/work/_temp/git-credentials-a9af6331-373d-4983-b46d-d27f760f99b9.config
verificar · typecheck · unit · build · audit	Run actions/checkout@v7	2026-09-20T22:44:33.2163556Z [command]/usr/bin/git config --local includeIf.gitdir:/github/workspace/.git.path /github/runner_temp/git-credentials-a9af6331-373d-4983-b46d-d27f760f99b9.config
verificar · typecheck · unit · build · audit	Run actions/checkout@v7	2026-09-20T22:44:33.2188318Z [command]/usr/bin/git config --local includeIf.gitdir:/github/workspace/.git/worktrees/*.path /github/runner_temp/git-credentials-a9af6331-373d-4983-b46d-d27f760f99b9.config
verificar · typecheck · unit · build · audit	Run actions/checkout@v7	2026-09-20T22:44:33.2211554Z ##[endgroup]
verificar · typecheck · unit · build · audit	Run actions/checkout@v7	2026-09-20T22:44:33.2211962Z ##[group]Fetching the repository
verificar · typecheck · unit · build · audit	Run actions/checkout@v7	2026-09-20T22:44:33.2215335Z [command]/usr/bin/git -c protocol.version=2 fetch --no-tags --prune --no-recurse-submodules --depth=1 origin +4e5503f838b20e424be4154943c755879d55c3ef:refs/remotes/origin/main
verificar · typecheck · unit · build · audit	Run actions/checkout@v7	2026-09-20T22:44:34.8619043Z From https://github.com/Elian-Bufi/be
verificar · typecheck · unit · build · audit	Run actions/checkout@v7	2026-09-20T22:44:34.8620467Z  * [new ref]         4e5503f838b20e424be4154943c755879d55c3ef -> origin/main
verificar · typecheck · unit · build · audit	Run actions/checkout@v7	2026-09-20T22:44:34.8627075Z [command]/usr/bin/git branch --list --remote origin/main
verificar · typecheck · unit · build · audit	Run actions/checkout@v7	2026-09-20T22:44:34.8650513Z   origin/main
verificar · typecheck · unit · build · audit	Run actions/checkout@v7	2026-09-20T22:44:34.8655415Z [command]/usr/bin/git rev-parse refs/remotes/origin/main
verificar · typecheck · unit · build · audit	Run actions/checkout@v7	2026-09-20T22:44:34.8675838Z 4e5503f838b20e424be4154943c755879d55c3ef
verificar · typecheck · unit · build · audit	Run actions/checkout@v7	2026-09-20T22:44:34.8679388Z ##[endgroup]
verificar · typecheck · unit · build · audit	Run actions/checkout@v7	2026-09-20T22:44:34.8680262Z ##[group]Determining the checkout info
verificar · typecheck · unit · build · audit	Run actions/checkout@v7	2026-09-20T22:44:34.8681382Z ##[endgroup]
verificar · typecheck · unit · build · audit	Run actions/checkout@v7	2026-09-20T22:44:34.8682456Z [command]/usr/bin/git sparse-checkout disable
verificar · typecheck · unit · build · audit	Run actions/checkout@v7	2026-09-20T22:44:34.8724277Z [command]/usr/bin/git config --local --unset-all extensions.worktreeConfig
verificar · typecheck · unit · build · audit	Run actions/checkout@v7	2026-09-20T22:44:34.8750093Z ##[group]Checking out the ref
verificar · typecheck · unit · build · audit	Run actions/checkout@v7	2026-09-20T22:44:34.8752266Z [command]/usr/bin/git checkout --progress --force -B main refs/remotes/origin/main
verificar · typecheck · unit · build · audit	Run actions/checkout@v7	2026-09-20T22:44:35.0090656Z Switched to a new branch 'main'
verificar · typecheck · unit · build · audit	Run actions/checkout@v7	2026-09-20T22:44:35.0094172Z branch 'main' set up to track 'origin/main'.
verificar · typecheck · unit · build · audit	Run actions/checkout@v7	2026-09-20T22:44:35.0107338Z ##[endgroup]
verificar · typecheck · unit · build · audit	Run actions/checkout@v7	2026-09-20T22:44:35.0145823Z [command]/usr/bin/git log -1 --format=%H
verificar · typecheck · unit · build · audit	Run actions/checkout@v7	2026-09-20T22:44:35.0169812Z 4e5503f838b20e424be4154943c755879d55c3ef
verificar · typecheck · unit · build · audit	Run actions/setup-node@v7	﻿2026-09-20T22:44:35.0417955Z ##[group]Run actions/setup-node@v7
verificar · typecheck · unit · build · audit	Run actions/setup-node@v7	2026-09-20T22:44:35.0418675Z with:
verificar · typecheck · unit · build · audit	Run actions/setup-node@v7	2026-09-20T22:44:35.0419196Z   node-version-file: .nvmrc
verificar · typecheck · unit · build · audit	Run actions/setup-node@v7	2026-09-20T22:44:35.0419815Z   cache: npm
verificar · typecheck · unit · build · audit	Run actions/setup-node@v7	2026-09-20T22:44:35.0420334Z   check-latest: false
verificar · typecheck · unit · build · audit	Run actions/setup-node@v7	2026-09-20T22:44:35.0426077Z   token: ***
verificar · typecheck · unit · build · audit	Run actions/setup-node@v7	2026-09-20T22:44:35.0426623Z   package-manager-cache: true
verificar · typecheck · unit · build · audit	Run actions/setup-node@v7	2026-09-20T22:44:35.0427257Z ##[endgroup]
verificar · typecheck · unit · build · audit	Run actions/setup-node@v7	2026-09-20T22:44:35.1238557Z Node version file is not JSON file
verificar · typecheck · unit · build · audit	Run actions/setup-node@v7	2026-09-20T22:44:35.1239984Z Resolved .nvmrc as 22.23.2
verificar · typecheck · unit · build · audit	Run actions/setup-node@v7	2026-09-20T22:44:35.1256323Z Found in cache @ /opt/hostedtoolcache/node/22.23.2/x64
verificar · typecheck · unit · build · audit	Run actions/setup-node@v7	2026-09-20T22:44:35.1258341Z ##[group]Environment details
verificar · typecheck · unit · build · audit	Run actions/setup-node@v7	2026-09-20T22:44:35.4270844Z node: v22.23.2
verificar · typecheck · unit · build · audit	Run actions/setup-node@v7	2026-09-20T22:44:35.4271985Z npm: 10.9.8
verificar · typecheck · unit · build · audit	Run actions/setup-node@v7	2026-09-20T22:44:35.4272524Z yarn: 1.22.22
verificar · typecheck · unit · build · audit	Run actions/setup-node@v7	2026-09-20T22:44:35.4273182Z ##[endgroup]
verificar · typecheck · unit · build · audit	Run actions/setup-node@v7	2026-09-20T22:44:35.4282088Z [command]/opt/hostedtoolcache/node/22.23.2/x64/bin/npm config get cache
verificar · typecheck · unit · build · audit	Run actions/setup-node@v7	2026-09-20T22:44:35.5067570Z /home/runner/.npm
verificar · typecheck · unit · build · audit	Run actions/setup-node@v7	2026-09-20T22:44:35.6293251Z Cache hit for: node-cache-Linux-x64-npm-20f37bacec17541ccc466e7f21c11936234080f9298e29b9200cbcfda25c3714
verificar · typecheck · unit · build · audit	Run actions/setup-node@v7	2026-09-20T22:44:36.8141331Z Received 130023424 of 334996162 (38.8%), 124.0 MBs/sec
verificar · typecheck · unit · build · audit	Run actions/setup-node@v7	2026-09-20T22:44:37.6228718Z Received 334996162 of 334996162 (100.0%), 176.6 MBs/sec
verificar · typecheck · unit · build · audit	Run actions/setup-node@v7	2026-09-20T22:44:37.6229305Z Cache Size: ~319 MB (334996162 B)
verificar · typecheck · unit · build · audit	Run actions/setup-node@v7	2026-09-20T22:44:37.6251544Z [command]/usr/bin/tar -xf /home/runner/work/_temp/b45f0b3e-1e95-4a43-94c1-7539d5e2c479/cache.tzst -P -C /home/runner/work/be/be --use-compress-program unzstd
verificar · typecheck · unit · build · audit	Run actions/setup-node@v7	2026-09-20T22:44:38.0210759Z Cache restored successfully
verificar · typecheck · unit · build · audit	Run actions/setup-node@v7	2026-09-20T22:44:38.0340670Z Cache restored from key: node-cache-Linux-x64-npm-20f37bacec17541ccc466e7f21c11936234080f9298e29b9200cbcfda25c3714
verificar · typecheck · unit · build · audit	Run npm ci	﻿2026-09-20T22:44:38.0503050Z ##[group]Run npm ci
verificar · typecheck · unit · build · audit	Run npm ci	2026-09-20T22:44:38.0503272Z ^[[36;1mnpm ci^[[0m
verificar · typecheck · unit · build · audit	Run npm ci	2026-09-20T22:44:38.0542757Z shell: /usr/bin/bash -e {0}
verificar · typecheck · unit · build · audit	Run npm ci	2026-09-20T22:44:38.0542951Z ##[endgroup]
verificar · typecheck · unit · build · audit	Run npm ci	2026-09-20T22:44:42.7092305Z npm warn deprecated uuid@7.0.3: uuid@10 and below is no longer supported.  For ESM codebases, update to uuid@latest.  For CommonJS codebases, use uuid@11 (but be aware this version will likely be deprecated in 2028).
verificar · typecheck · unit · build · audit	Run npm ci	2026-09-20T22:44:43.0251714Z npm warn deprecated glob@10.5.0: Old versions of glob are not supported, and contain widely publicized security vulnerabilities, which have been fixed in the current version. Please update. Support for old versions may be purchased (at exorbitant rates) by contacting i@izs.me
verificar · typecheck · unit · build · audit	Run npm ci	2026-09-20T22:44:43.0254536Z npm warn deprecated glob@10.5.0: Old versions of glob are not supported, and contain widely publicized security vulnerabilities, which have been fixed in the current version. Please update. Support for old versions may be purchased (at exorbitant rates) by contacting i@izs.me
verificar · typecheck · unit · build · audit	Run npm ci	2026-09-20T22:45:04.0064170Z 
verificar · typecheck · unit · build · audit	Run npm ci	2026-09-20T22:45:04.0065942Z added 978 packages, and audited 983 packages in 26s
verificar · typecheck · unit · build · audit	Run npm ci	2026-09-20T22:45:04.0439777Z 
verificar · typecheck · unit · build · audit	Run npm ci	2026-09-20T22:45:04.0440256Z 10 moderate severity vulnerabilities
verificar · typecheck · unit · build · audit	Run npm ci	2026-09-20T22:45:04.0440482Z 
verificar · typecheck · unit · build · audit	Run npm ci	2026-09-20T22:45:04.0440901Z To address issues that do not require attention, run:
verificar · typecheck · unit · build · audit	Run npm ci	2026-09-20T22:45:04.0441637Z   npm audit fix
verificar · typecheck · unit · build · audit	Run npm ci	2026-09-20T22:45:04.0441759Z 
verificar · typecheck · unit · build · audit	Run npm ci	2026-09-20T22:45:04.0441961Z To address all issues (including breaking changes), run:
verificar · typecheck · unit · build · audit	Run npm ci	2026-09-20T22:45:04.0442257Z   npm audit fix --force
verificar · typecheck · unit · build · audit	Run npm ci	2026-09-20T22:45:04.0442403Z 
verificar · typecheck · unit · build · audit	Run npm ci	2026-09-20T22:45:04.0442519Z Run `npm audit` for details.
verificar · typecheck · unit · build · audit	Run npx prisma generate	﻿2026-09-20T22:45:04.1453143Z ##[group]Run npx prisma generate
verificar · typecheck · unit · build · audit	Run npx prisma generate	2026-09-20T22:45:04.1453349Z ^[[36;1mnpx prisma generate^[[0m
verificar · typecheck · unit · build · audit	Run npx prisma generate	2026-09-20T22:45:04.1484076Z shell: /usr/bin/bash -e {0}
verificar · typecheck · unit · build · audit	Run npx prisma generate	2026-09-20T22:45:04.1484239Z ##[endgroup]
verificar · typecheck · unit · build · audit	Run npx prisma generate	2026-09-20T22:45:04.6985136Z warn The configuration property `package.json#prisma` is deprecated and will be removed in Prisma 7. Please migrate to a Prisma config file (e.g., `prisma.config.ts`).
verificar · typecheck · unit · build · audit	Run npx prisma generate	2026-09-20T22:45:04.6986105Z For more information, see: https://pris.ly/prisma-config
verificar · typecheck · unit · build · audit	Run npx prisma generate	2026-09-20T22:45:04.6986341Z 
verificar · typecheck · unit · build · audit	Run npx prisma generate	2026-09-20T22:45:04.7939666Z Prisma schema loaded from prisma/schema.prisma
verificar · typecheck · unit · build · audit	Run npx prisma generate	2026-09-20T22:45:05.2814059Z ┌─────────────────────────────────────────────────────────┐
verificar · typecheck · unit · build · audit	Run npx prisma generate	2026-09-20T22:45:05.2814675Z │  Update available 6.19.3 -> 8.0.0-rc.15                 │
verificar · typecheck · unit · build · audit	Run npx prisma generate	2026-09-20T22:45:05.2815091Z │                                                         │
verificar · typecheck · unit · build · audit	Run npx prisma generate	2026-09-20T22:45:05.2815495Z │  This is a major update - please follow the guide at    │
verificar · typecheck · unit · build · audit	Run npx prisma generate	2026-09-20T22:45:05.2816088Z │  https://pris.ly/d/major-version-upgrade                │
verificar · typecheck · unit · build · audit	Run npx prisma generate	2026-09-20T22:45:05.2816404Z │                                                         │
verificar · typecheck · unit · build · audit	Run npx prisma generate	2026-09-20T22:45:05.2816638Z │  Run the following to update                            │
verificar · typecheck · unit · build · audit	Run npx prisma generate	2026-09-20T22:45:05.2816891Z │    npm i --save-dev prisma@latest                       │
verificar · typecheck · unit · build · audit	Run npx prisma generate	2026-09-20T22:45:05.2817144Z │    npm i @prisma/client@latest                          │
verificar · typecheck · unit · build · audit	Run npx prisma generate	2026-09-20T22:45:05.2817417Z └─────────────────────────────────────────────────────────┘
verificar · typecheck · unit · build · audit	Run npx prisma generate	2026-09-20T22:45:05.2817650Z 
verificar · typecheck · unit · build · audit	Run npx prisma generate	2026-09-20T22:45:05.2818372Z ✔ Generated Prisma Client (v6.19.3) to ./node_modules/@prisma/client in 263ms
verificar · typecheck · unit · build · audit	Run npx prisma generate	2026-09-20T22:45:05.2825871Z 
verificar · typecheck · unit · build · audit	Run npx prisma generate	2026-09-20T22:45:05.2826575Z Start by importing your Prisma Client (See: https://pris.ly/d/importing-client)
verificar · typecheck · unit · build · audit	Run npx prisma generate	2026-09-20T22:45:05.2826995Z 
verificar · typecheck · unit · build · audit	Run npx prisma generate	2026-09-20T22:45:05.3125018Z Tip: Want to turn off tips and other hints? https://pris.ly/tip-4-nohints
verificar · typecheck · unit · build · audit	Run npx prisma generate	2026-09-20T22:45:05.3125322Z 
verificar · typecheck · unit · build · audit	Typecheck (domain, api, web, mobile)	﻿2026-09-20T22:45:05.3152135Z ##[group]Run npm run typecheck
verificar · typecheck · unit · build · audit	Typecheck (domain, api, web, mobile)	2026-09-20T22:45:05.3152408Z ^[[36;1mnpm run typecheck^[[0m
verificar · typecheck · unit · build · audit	Typecheck (domain, api, web, mobile)	2026-09-20T22:45:05.3181732Z shell: /usr/bin/bash -e {0}
verificar · typecheck · unit · build · audit	Typecheck (domain, api, web, mobile)	2026-09-20T22:45:05.3181873Z ##[endgroup]
verificar · typecheck · unit · build · audit	Typecheck (domain, api, web, mobile)	2026-09-20T22:45:05.3836193Z 
verificar · typecheck · unit · build · audit	Typecheck (domain, api, web, mobile)	2026-09-20T22:45:05.3836556Z > be@0.1.0 typecheck
verificar · typecheck · unit · build · audit	Typecheck (domain, api, web, mobile)	2026-09-20T22:45:05.3836968Z > npm run build:domain && npm run typecheck --workspaces --if-present
verificar · typecheck · unit · build · audit	Typecheck (domain, api, web, mobile)	2026-09-20T22:45:05.3837220Z 
verificar · typecheck · unit · build · audit	Typecheck (domain, api, web, mobile)	2026-09-20T22:45:05.4410302Z 
verificar · typecheck · unit · build · audit	Typecheck (domain, api, web, mobile)	2026-09-20T22:45:05.4410913Z > be@0.1.0 build:domain
verificar · typecheck · unit · build · audit	Typecheck (domain, api, web, mobile)	2026-09-20T22:45:05.4411208Z > npm run build -w @be/domain
verificar · typecheck · unit · build · audit	Typecheck (domain, api, web, mobile)	2026-09-20T22:45:05.4411310Z 
verificar · typecheck · unit · build · audit	Typecheck (domain, api, web, mobile)	2026-09-20T22:45:05.5074421Z 
verificar · typecheck · unit · build · audit	Typecheck (domain, api, web, mobile)	2026-09-20T22:45:05.5074932Z > @be/domain@0.1.0 build
verificar · typecheck · unit · build · audit	Typecheck (domain, api, web, mobile)	2026-09-20T22:45:05.5075210Z > tsc -p tsconfig.json
verificar · typecheck · unit · build · audit	Typecheck (domain, api, web, mobile)	2026-09-20T22:45:05.5075298Z 
verificar · typecheck · unit · build · audit	Typecheck (domain, api, web, mobile)	2026-09-20T22:45:07.7867145Z 
verificar · typecheck · unit · build · audit	Typecheck (domain, api, web, mobile)	2026-09-20T22:45:07.7867775Z > @be/domain@0.1.0 typecheck
verificar · typecheck · unit · build · audit	Typecheck (domain, api, web, mobile)	2026-09-20T22:45:07.7868203Z > tsc -p tsconfig.json --noEmit
verificar · typecheck · unit · build · audit	Typecheck (domain, api, web, mobile)	2026-09-20T22:45:07.7868375Z 
verificar · typecheck · unit · build · audit	Typecheck (domain, api, web, mobile)	2026-09-20T22:45:09.6903745Z 
verificar · typecheck · unit · build · audit	Typecheck (domain, api, web, mobile)	2026-09-20T22:45:09.6904390Z > @be/api@0.5.1 typecheck
verificar · typecheck · unit · build · audit	Typecheck (domain, api, web, mobile)	2026-09-20T22:45:09.6904858Z > tsc -p tsconfig.json --noEmit
verificar · typecheck · unit · build · audit	Typecheck (domain, api, web, mobile)	2026-09-20T22:45:09.6905021Z 
verificar · typecheck · unit · build · audit	Typecheck (domain, api, web, mobile)	2026-09-20T22:45:12.2802955Z 
verificar · typecheck · unit · build · audit	Typecheck (domain, api, web, mobile)	2026-09-20T22:45:12.2803611Z > @be/web@0.5.1 typecheck
verificar · typecheck · unit · build · audit	Typecheck (domain, api, web, mobile)	2026-09-20T22:45:12.2803918Z > tsc --noEmit
verificar · typecheck · unit · build · audit	Typecheck (domain, api, web, mobile)	2026-09-20T22:45:12.2804036Z 
verificar · typecheck · unit · build · audit	Typecheck (domain, api, web, mobile)	2026-09-20T22:45:14.9982009Z 
verificar · typecheck · unit · build · audit	Typecheck (domain, api, web, mobile)	2026-09-20T22:45:14.9982635Z > @be/mobile@0.5.1 typecheck
verificar · typecheck · unit · build · audit	Typecheck (domain, api, web, mobile)	2026-09-20T22:45:14.9982893Z > tsc --noEmit
verificar · typecheck · unit · build · audit	Typecheck (domain, api, web, mobile)	2026-09-20T22:45:14.9982970Z 
verificar · typecheck · unit · build · audit	OpenAPI generado desde @be/domain sin drift (09v7 T21)	﻿2026-09-20T22:45:16.3167793Z ##[group]Run node scripts/generar-openapi.cjs --verificar
verificar · typecheck · unit · build · audit	OpenAPI generado desde @be/domain sin drift (09v7 T21)	2026-09-20T22:45:16.3168067Z ^[[36;1mnode scripts/generar-openapi.cjs --verificar^[[0m
verificar · typecheck · unit · build · audit	OpenAPI generado desde @be/domain sin drift (09v7 T21)	2026-09-20T22:45:16.3197417Z shell: /usr/bin/bash -e {0}
verificar · typecheck · unit · build · audit	OpenAPI generado desde @be/domain sin drift (09v7 T21)	2026-09-20T22:45:16.3197565Z ##[endgroup]
verificar · typecheck · unit · build · audit	OpenAPI generado desde @be/domain sin drift (09v7 T21)	2026-09-20T22:45:16.4080783Z OpenAPI al día con @be/domain.
verificar · typecheck · unit · build · audit	Pruebas unitarias (domain, api)	﻿2026-09-20T22:45:16.4188912Z ##[group]Run npm test
verificar · typecheck · unit · build · audit	Pruebas unitarias (domain, api)	2026-09-20T22:45:16.4189070Z ^[[36;1mnpm test^[[0m
verificar · typecheck · unit · build · audit	Pruebas unitarias (domain, api)	2026-09-20T22:45:16.4218415Z shell: /usr/bin/bash -e {0}
verificar · typecheck · unit · build · audit	Pruebas unitarias (domain, api)	2026-09-20T22:45:16.4218564Z ##[endgroup]
verificar · typecheck · unit · build · audit	Pruebas unitarias (domain, api)	2026-09-20T22:45:16.4859824Z 
verificar · typecheck · unit · build · audit	Pruebas unitarias (domain, api)	2026-09-20T22:45:16.4860244Z > be@0.1.0 test
verificar · typecheck · unit · build · audit	Pruebas unitarias (domain, api)	2026-09-20T22:45:16.4860876Z > npm run build:domain && npm run test -w @be/domain && node --test scripts/copy-pantallas.test.cjs && npm run test -w @be/api
verificar · typecheck · unit · build · audit	Pruebas unitarias (domain, api)	2026-09-20T22:45:16.4861122Z 
verificar · typecheck · unit · build · audit	Pruebas unitarias (domain, api)	2026-09-20T22:45:16.5490903Z 
verificar · typecheck · unit · build · audit	Pruebas unitarias (domain, api)	2026-09-20T22:45:16.5491189Z > be@0.1.0 build:domain
verificar · typecheck · unit · build · audit	Pruebas unitarias (domain, api)	2026-09-20T22:45:16.5491477Z > npm run build -w @be/domain
verificar · typecheck · unit · build · audit	Pruebas unitarias (domain, api)	2026-09-20T22:45:16.5491638Z 
verificar · typecheck · unit · build · audit	Pruebas unitarias (domain, api)	2026-09-20T22:45:16.6167871Z 
verificar · typecheck · unit · build · audit	Pruebas unitarias (domain, api)	2026-09-20T22:45:16.6168439Z > @be/domain@0.1.0 build
verificar · typecheck · unit · build · audit	Pruebas unitarias (domain, api)	2026-09-20T22:45:16.6168729Z > tsc -p tsconfig.json
verificar · typecheck · unit · build · audit	Pruebas unitarias (domain, api)	2026-09-20T22:45:16.6168814Z 
verificar · typecheck · unit · build · audit	Pruebas unitarias (domain, api)	2026-09-20T22:45:19.2420444Z 
verificar · typecheck · unit · build · audit	Pruebas unitarias (domain, api)	2026-09-20T22:45:19.2421223Z > @be/domain@0.1.0 test
verificar · typecheck · unit · build · audit	Pruebas unitarias (domain, api)	2026-09-20T22:45:19.2421585Z > node --test dist/**/*.test.js
verificar · typecheck · unit · build · audit	Pruebas unitarias (domain, api)	2026-09-20T22:45:19.2421744Z 
verificar · typecheck · unit · build · audit	Pruebas unitarias (domain, api)	2026-09-20T22:45:19.2772847Z TAP version 13
verificar · typecheck · unit · build · audit	Pruebas unitarias (domain, api)	2026-09-20T22:45:19.3808857Z # Subtest: cliente: el registro envía A1 y A2 con la versión vigente, superficie e Idempotency-Key; nunca A3
verificar · typecheck · unit · build · audit	Pruebas unitarias (domain, api)	2026-09-20T22:45:19.3832117Z ok 1 - cliente: el registro envía A1 y A2 con la versión vigente, superficie e Idempotency-Key; nunca A3
verificar · typecheck · unit · build · audit	Pruebas unitarias (domain, api)	2026-09-20T22:45:19.3832805Z   ---
verificar · typecheck · unit · build · audit	Pruebas unitarias (domain, api)	2026-09-20T22:45:19.3845987Z   duration_ms: 17.378376
verificar · typecheck · unit · build · audit	Pruebas unitarias (domain, api)	2026-09-20T22:45:19.3846733Z   type: 'test'
verificar · typecheck · unit · build · audit	Pruebas unitarias (domain, api)	2026-09-20T22:45:19.3847033Z   ...
verificar · typecheck · unit · build · audit	Pruebas unitarias (domain, api)	2026-09-20T22:45:19.3847791Z # Subtest: cliente: una respuesta 2xx con otra forma no se interpreta (validación de contrato)
verificar · typecheck · unit · build · audit	Pruebas unitarias (domain, api)	2026-09-20T22:45:19.3848956Z ok 2 - cliente: una respuesta 2xx con otra forma no se interpreta (validación de contrato)
verificar · typecheck · unit · build · audit	Pruebas unitarias (domain, api)	2026-09-20T22:45:19.3849854Z   ---
verificar · typecheck · unit · build · audit	Pruebas unitarias (domain, api)	2026-09-20T22:45:19.3856828Z   duration_ms: 0.514238
verificar · typecheck · unit · build · audit	Pruebas unitarias (domain, api)	2026-09-20T22:45:19.3857188Z   type: 'test'
verificar · typecheck · unit · build · audit	Pruebas unitarias (domain, api)	2026-09-20T22:45:19.3857770Z   ...
verificar · typecheck · unit · build · audit	Pruebas unitarias (domain, api)	2026-09-20T22:45:19.3881677Z # Subtest: cliente: un ErrorEnvelope se traduce a su código e issues, sin exponer el mensaje del servidor
verificar · typecheck · unit · build · audit	Pruebas unitarias (domain, api)	2026-09-20T22:45:19.3882772Z ok 3 - cliente: un ErrorEnvelope se traduce a su código e issues, sin exponer el mensaje del servidor
verificar · typecheck · unit · build · audit	Pruebas unitarias (domain, api)	2026-09-20T22:45:19.3888307Z   ---
verificar · typecheck · unit · build · audit	Pruebas unitarias (domain, api)	2026-09-20T22:45:19.3888654Z   duration_ms: 1.318674
verificar · typecheck · unit · build · audit	Pruebas unitarias (domain, api)	2026-09-20T22:45:19.3915463Z   type: 'test'
verificar · typecheck · unit · build · audit	Pruebas unitarias (domain, api)	2026-09-20T22:45:19.3940057Z   ...
verificar · typecheck · unit · build · audit	Pruebas unitarias (domain, api)	2026-09-20T22:45:19.3942902Z # Subtest: cliente: sin respuesta de red el resultado es RED (incierto), nunca éxito
verificar · typecheck · unit · build · audit	Pruebas unitarias (domain, api)	2026-09-20T22:45:19.3943669Z ok 4 - cliente: sin respuesta de red el resultado es RED (incierto), nunca éxito
verificar · typecheck · unit · build · audit	Pruebas unitarias (domain, api)	2026-09-20T22:45:19.3944275Z   ---
verificar · typecheck · unit · build · audit	Pruebas unitarias (domain, api)	2026-09-20T22:45:19.3952151Z   duration_ms: 0.183267
verificar · typecheck · unit · build · audit	Pruebas unitarias (domain, api)	2026-09-20T22:45:19.3952532Z   type: 'test'
verificar · typecheck · unit · build · audit	Pruebas unitarias (domain, api)	2026-09-20T22:45:19.3952832Z   ...
verificar · typecheck · unit · build · audit	Pruebas unitarias (domain, api)	2026-09-20T22:45:19.3953801Z # Subtest: cliente: el cierre envía la versión de consecuencias mostrada y confirmación explícita, con Bearer
verificar · typecheck · unit · build · audit	Pruebas unitarias (domain, api)	2026-09-20T22:45:19.3954837Z ok 5 - cliente: el cierre envía la versión de consecuencias mostrada y confirmación explícita, con Bearer
verificar · typecheck · unit · build · audit	Pruebas unitarias (domain, api)	2026-09-20T22:45:19.3955384Z   ---
verificar · typecheck · unit · build · audit	Pruebas unitarias (domain, api)	2026-09-20T22:45:19.3955682Z   duration_ms: 0.881653
verificar · typecheck · unit · build · audit	Pruebas unitarias (domain, api)	2026-09-20T22:45:19.3956002Z   type: 'test'
verificar · typecheck · unit · build · audit	Pruebas unitarias (domain, api)	2026-09-20T22:45:19.3956335Z   ...
verificar · typecheck · unit · build · audit	Pruebas unitarias (domain, api)	2026-09-20T22:45:19.3956804Z # Subtest: copy: sin frases prohibidas por el 10 (10-B02, 10-ADD, 10-B10)
verificar · typecheck · unit · build · audit	Pruebas unitarias (domain, api)	2026-09-20T22:45:19.3957419Z ok 6 - copy: sin frases prohibidas por el 10 (10-B02, 10-ADD, 10-B10)
verificar · typecheck · unit · build · audit	Pruebas unitarias (domain, api)	2026-09-20T22:45:19.3957853Z   ---
verificar · typecheck · unit · build · audit	Pruebas unitarias (domain, api)	2026-09-20T22:45:19.3958139Z   duration_ms: 0.136526
verificar · typecheck · unit · build · audit	Pruebas unitarias (domain, api)	2026-09-20T22:45:19.3958453Z   type: 'test'
verificar · typecheck · unit · build · audit	Pruebas unitarias (domain, api)	2026-09-20T22:45:19.3958736Z   ...
verificar · typecheck · unit · build · audit	Pruebas unitarias (domain, api)	2026-09-20T22:45:19.3959382Z # Subtest: cliente ANT: cada operación va a la ruta que declara el 09, y las dos colecciones no se cruzan
verificar · typecheck · unit · build · audit	Pruebas unitarias (domain, api)	2026-09-20T22:45:19.3960335Z ok 7 - cliente ANT: cada operación va a la ruta que declara el 09, y las dos colecciones no se cruzan
verificar · typecheck · unit · build · audit	Pruebas unitarias (domain, api)	2026-09-20T22:45:19.3960962Z   ---
verificar · typecheck · unit · build · audit	Pruebas unitarias (domain, api)	2026-09-20T22:45:19.3961250Z   duration_ms: 2.700884
verificar · typecheck · unit · build · audit	Pruebas unitarias (domain, api)	2026-09-20T22:45:19.3961566Z   type: 'test'
verificar · typecheck · unit · build · audit	Pruebas unitarias (domain, api)	2026-09-20T22:45:19.3961851Z   ...
verificar · typecheck · unit · build · audit	Pruebas unitarias (domain, api)	2026-09-20T22:45:19.4032106Z # Subtest: TEST-CAL-001 · REG-06-203: publicar una versión nueva no vuelve seleccionable ni reescribe a la anterior
verificar · typecheck · unit · build · audit	Pruebas unitarias (domain, api)	2026-09-20T22:45:19.4033470Z ok 8 - TEST-CAL-001 · REG-06-203: publicar una versión nueva no vuelve seleccionable ni reescribe a la anterior
verificar · typecheck · unit · build · audit	Pruebas unitarias (domain, api)	2026-09-20T22:45:19.4071498Z   ---
verificar · typecheck · unit · build · audit	Pruebas unitarias (domain, api)	2026-09-20T22:45:19.4101330Z   duration_ms: 0.930687
verificar · typecheck · unit · build · audit	Pruebas unitarias (domain, api)	2026-09-20T22:45:19.4131119Z   type: 'test'
verificar · typecheck · unit · build · audit	Pruebas unitarias (domain, api)	2026-09-20T22:45:19.4131539Z   ...
verificar · typecheck · unit · build · audit	Pruebas unitarias (domain, api)	2026-09-20T22:45:19.4161946Z # Subtest: TEST-CAL-002 · REG-06-204: un dato existente con procedencia no admisible no produce una ejecución
verificar · typecheck · unit · build · audit	Pruebas unitarias (domain, api)	2026-09-20T22:45:19.4191708Z ok 9 - TEST-CAL-002 · REG-06-204: un dato existente con procedencia no admisible no produce una ejecución
verificar · typecheck · unit · build · audit	Pruebas unitarias (domain, api)	2026-09-20T22:45:19.4192316Z   ---
verificar · typecheck · unit · build · audit	Pruebas unitarias (domain, api)	2026-09-20T22:45:19.4218110Z   duration_ms: 0.69479
verificar · typecheck · unit · build · audit	Pruebas unitarias (domain, api)	2026-09-20T22:45:19.4241115Z   type: 'test'
verificar · typecheck · unit · build · audit	Pruebas unitarias (domain, api)	2026-09-20T22:45:19.4271021Z   ...
verificar · typecheck · unit · build · audit	Pruebas unitarias (domain, api)	2026-09-20T22:45:19.4292451Z # Subtest: REG-06-204 · falta de entrada, unidad ajena, métrica cruzada y entrada anulada tampoco alcanzan
verificar · typecheck · unit · build · audit	Pruebas unitarias (domain, api)	2026-09-20T22:45:19.4361587Z ok 10 - REG-06-204 · falta de entrada, unidad ajena, métrica cruzada y entrada anulada tampoco alcanzan
verificar · typecheck · unit · build · audit	Pruebas unitarias (domain, api)	2026-09-20T22:45:19.4362473Z   ---
verificar · typecheck · unit · build · audit	Pruebas unitarias (domain, api)	2026-09-20T22:45:19.4391051Z   duration_ms: 0.322137
verificar · typecheck · unit · build · audit	Pruebas unitarias (domain, api)	2026-09-20T22:45:19.4402963Z   type: 'test'
verificar · typecheck · unit · build · audit	Pruebas unitarias (domain, api)	2026-09-20T22:45:19.4403302Z   ...
verificar · typecheck · unit · build · audit	Pruebas unitarias (domain, api)	2026-09-20T22:45:19.4404051Z # Subtest: REG-06-16 · sin valor vigente resoluble no se calcula, y no se cae en el original
verificar · typecheck · unit · build · audit	Pruebas unitarias (domain, api)	2026-09-20T22:45:19.4404854Z ok 11 - REG-06-16 · sin valor vigente resoluble no se calcula, y no se cae en el original
verificar · typecheck · unit · build · audit	Pruebas unitarias (domain, api)	2026-09-20T22:45:19.4405311Z   ---
verificar · typecheck · unit · build · audit	Pruebas unitarias (domain, api)	2026-09-20T22:45:19.4405569Z   duration_ms: 0.191209
verificar · typecheck · unit · build · audit	Pruebas unitarias (domain, api)	2026-09-20T22:45:19.4405857Z   type: 'test'
verificar · typecheck · unit · build · audit	Pruebas unitarias (domain, api)	2026-09-20T22:45:19.4426551Z   ...
verificar · typecheck · unit · build · audit	Pruebas unitarias (domain, api)	2026-09-20T22:45:19.4428910Z # Subtest: REG-06-203 · una versión no se usa para una finalidad que no declara
verificar · typecheck · unit · build · audit	Pruebas unitarias (domain, api)	2026-09-20T22:45:19.4429685Z ok 12 - REG-06-203 · una versión no se usa para una finalidad que no declara
verificar · typecheck · unit · build · audit	Pruebas unitarias (domain, api)	2026-09-20T22:45:19.4430117Z   ---
verificar · typecheck · unit · build · audit	Pruebas unitarias (domain, api)	2026-09-20T22:45:19.4430380Z   duration_ms: 0.099691
verificar · typecheck · unit · build · audit	Pruebas unitarias (domain, api)	2026-09-20T22:45:19.4430821Z   type: 'test'
verificar · typecheck · unit · build · audit	Pruebas unitarias (domain, api)	2026-09-20T22:45:19.4431078Z   ...
verificar · typecheck · unit · build · audit	Pruebas unitarias (domain, api)	2026-09-20T22:45:19.4431659Z # Subtest: TEST-CAL-004 y TEST-CAL-005 · REG-06-205: las corridas coexisten tal como están
verificar · typecheck · unit · build · audit	Pruebas unitarias (domain, api)	2026-09-20T22:45:19.4432474Z ok 13 - TEST-CAL-004 y TEST-CAL-005 · REG-06-205: las corridas coexisten tal como están
verificar · typecheck · unit · build · audit	Pruebas unitarias (domain, api)	2026-09-20T22:45:19.4432925Z   ---
verificar · typecheck · unit · build · audit	Pruebas unitarias (domain, api)	2026-09-20T22:45:19.4433188Z   duration_ms: 0.096726
verificar · typecheck · unit · build · audit	Pruebas unitarias (domain, api)	2026-09-20T22:45:19.4433474Z   type: 'test'
verificar · typecheck · unit · build · audit	Pruebas unitarias (domain, api)	2026-09-20T22:45:19.4433719Z   ...
verificar · typecheck · unit · build · audit	Pruebas unitarias (domain, api)	2026-09-20T22:45:19.4434290Z # Subtest: TEST-CAL-006 · REG-06-207: adoptar sucede a la referencia anterior y no la borra
verificar · typecheck · unit · build · audit	Pruebas unitarias (domain, api)	2026-09-20T22:45:19.4435071Z ok 14 - TEST-CAL-006 · REG-06-207: adoptar sucede a la referencia anterior y no la borra
verificar · typecheck · unit · build · audit	Pruebas unitarias (domain, api)	2026-09-20T22:45:19.4435558Z   ---
verificar · typecheck · unit · build · audit	Pruebas unitarias (domain, api)	2026-09-20T22:45:19.4435816Z   duration_ms: 0.187284
verificar · typecheck · unit · build · audit	Pruebas unitarias (domain, api)	2026-09-20T22:45:19.4436094Z   type: 'test'
verificar · typecheck · unit · build · audit	Pruebas unitarias (domain, api)	2026-09-20T22:45:19.4436343Z   ...
verificar · typecheck · unit · build · audit	Pruebas unitarias (domain, api)	2026-09-20T22:45:19.4436840Z # Subtest: REG-06-207 · la referencia no cruza personas ni finalidades
verificar · typecheck · unit · build · audit	Pruebas unitarias (domain, api)	2026-09-20T22:45:19.4437455Z ok 15 - REG-06-207 · la referencia no cruza personas ni finalidades
verificar · typecheck · unit · build · audit	Pruebas unitarias (domain, api)	2026-09-20T22:45:19.4437846Z   ---
verificar · typecheck · unit · build · audit	Pruebas unitarias (domain, api)	2026-09-20T22:45:19.4438101Z   duration_ms: 0.094904
verificar · typecheck · unit · build · audit	Pruebas unitarias (domain, api)	2026-09-20T22:45:19.4438383Z   type: 'test'
verificar · typecheck · unit · build · audit	Pruebas unitarias (domain, api)	2026-09-20T22:45:19.4438644Z   ...
verificar · typecheck · unit · build · audit	Pruebas unitarias (domain, api)	2026-09-20T22:45:19.4439343Z # Subtest: TEST-CAL-007 · INV-06-05: el resultado de adoptar es una relación, no un objetivo ni una prescripción
verificar · typecheck · unit · build · audit	Pruebas unitarias (domain, api)	2026-09-20T22:45:19.4440279Z ok 16 - TEST-CAL-007 · INV-06-05: el resultado de adoptar es una relación, no un objetivo ni una prescripción
verificar · typecheck · unit · build · audit	Pruebas unitarias (domain, api)	2026-09-20T22:45:19.4440973Z   ---
verificar · typecheck · unit · build · audit	Pruebas unitarias (domain, api)	2026-09-20T22:45:19.4441228Z   duration_ms: 0.332392
verificar · typecheck · unit · build · audit	Pruebas unitarias (domain, api)	2026-09-20T22:45:19.4441504Z   type: 'test'
verificar · typecheck · unit · build · audit	Pruebas unitarias (domain, api)	2026-09-20T22:45:19.4441755Z   ...
verificar · typecheck · unit · build · audit	Pruebas unitarias (domain, api)	2026-09-20T22:45:19.4442414Z # Subtest: REG-06-156 · una regla que no está en el catálogo no ejecuta nada, y un resultado imposible tampoco
verificar · typecheck · unit · build · audit	Pruebas unitarias (domain, api)	2026-09-20T22:45:19.4443301Z ok 17 - REG-06-156 · una regla que no está en el catálogo no ejecuta nada, y un resultado imposible tampoco
verificar · typecheck · unit · build · audit	Pruebas unitarias (domain, api)	2026-09-20T22:45:19.4443801Z   ---
verificar · typecheck · unit · build · audit	Pruebas unitarias (domain, api)	2026-09-20T22:45:19.4444055Z   duration_ms: 0.330149
verificar · typecheck · unit · build · audit	Pruebas unitarias (domain, api)	2026-09-20T22:45:19.4444332Z   type: 'test'
verificar · typecheck · unit · build · audit	Pruebas unitarias (domain, api)	2026-09-20T22:45:19.4444577Z   ...
verificar · typecheck · unit · build · audit	Pruebas unitarias (domain, api)	2026-09-20T22:45:19.4445156Z # Subtest: REG-06-159 · la entrada se vincula por identificador declarado, nunca por posición
verificar · typecheck · unit · build · audit	Pruebas unitarias (domain, api)	2026-09-20T22:45:19.4446355Z ok 18 - REG-06-159 · la entrada se vincula por identificador declarado, nunca por posición
verificar · typecheck · unit · build · audit	Pruebas unitarias (domain, api)	2026-09-20T22:45:19.4447028Z   ---
verificar · typecheck · unit · build · audit	Pruebas unitarias (domain, api)	2026-09-20T22:45:19.4447278Z   duration_ms: 0.207264
verificar · typecheck · unit · build · audit	Pruebas unitarias (domain, api)	2026-09-20T22:45:19.4447557Z   type: 'test'
verificar · typecheck · unit · build · audit	Pruebas unitarias (domain, api)	2026-09-20T22:45:19.4447812Z   ...
verificar · typecheck · unit · build · audit	Pruebas unitarias (domain, api)	2026-09-20T22:45:19.4448343Z # Subtest: 08 §12.2 — cada versión de texto guarda el SHA-256 real de su contenido
verificar · typecheck · unit · build · audit	Pruebas unitarias (domain, api)	2026-09-20T22:45:19.4449033Z ok 19 - 08 §12.2 — cada versión de texto guarda el SHA-256 real de su contenido
verificar · typecheck · unit · build · audit	Pruebas unitarias (domain, api)	2026-09-20T22:45:19.4449456Z   ---
verificar · typecheck · unit · build · audit	Pruebas unitarias (domain, api)	2026-09-20T22:45:19.4449707Z   duration_ms: 1.238192
verificar · typecheck · unit · build · audit	Pruebas unitarias (domain, api)	2026-09-20T22:45:19.4449991Z   type: 'test'
verificar · typecheck · unit · build · audit	Pruebas unitarias (domain, api)	2026-09-20T22:45:19.4450251Z   ...
verificar · typecheck · unit · build · audit	Pruebas unitarias (domain, api)	2026-09-20T22:45:19.4451049Z # Subtest: Catálogo de textos: ids únicos, una versión vigente por tipo y marcados como demostración (DL-028)
verificar · typecheck · unit · build · audit	Pruebas unitarias (domain, api)	2026-09-20T22:45:19.4451980Z ok 20 - Catálogo de textos: ids únicos, una versión vigente por tipo y marcados como demostración (DL-028)
verificar · typecheck · unit · build · audit	Pruebas unitarias (domain, api)	2026-09-20T22:45:19.4452508Z   ---
verificar · typecheck · unit · build · audit	Pruebas unitarias (domain, api)	2026-09-20T22:45:19.4452791Z   duration_ms: 0.355057
verificar · typecheck · unit · build · audit	Pruebas unitarias (domain, api)	2026-09-20T22:45:19.4453072Z   type: 'test'
verificar · typecheck · unit · build · audit	Pruebas unitarias (domain, api)	2026-09-20T22:45:19.4453345Z   ...
verificar · typecheck · unit · build · audit	Pruebas unitarias (domain, api)	2026-09-20T22:45:19.4453986Z # Subtest: A2 contiene los contenidos mínimos del 08 §12.1 y aclara que no es consentimiento de salud
verificar · typecheck · unit · build · audit	Pruebas unitarias (domain, api)	2026-09-20T22:45:19.4454864Z ok 21 - A2 contiene los contenidos mínimos del 08 §12.1 y aclara que no es consentimiento de salud
verificar · typecheck · unit · build · audit	Pruebas unitarias (domain, api)	2026-09-20T22:45:19.4455370Z   ---
verificar · typecheck · unit · build · audit	Pruebas unitarias (domain, api)	2026-09-20T22:45:19.4455629Z   duration_ms: 0.193322
verificar · typecheck · unit · build · audit	Pruebas unitarias (domain, api)	2026-09-20T22:45:19.4455920Z   type: 'test'
verificar · typecheck · unit · build · audit	Pruebas unitarias (domain, api)	2026-09-20T22:45:19.4456172Z   ...
verificar · typecheck · unit · build · audit	Pruebas unitarias (domain, api)	2026-09-20T22:45:19.4456705Z # Subtest: Consecuencias del cierre: copy de 10-ADD + irreversibilidad (DL-024), sin prometer borrado
verificar · typecheck · unit · build · audit	Pruebas unitarias (domain, api)	2026-09-20T22:45:19.4457488Z ok 22 - Consecuencias del cierre: copy de 10-ADD + irreversibilidad (DL-024), sin prometer borrado
verificar · typecheck · unit · build · audit	Pruebas unitarias (domain, api)	2026-09-20T22:45:19.4457983Z   ---
verificar · typecheck · unit · build · audit	Pruebas unitarias (domain, api)	2026-09-20T22:45:19.4458237Z   duration_ms: 0.468858
verificar · typecheck · unit · build · audit	Pruebas unitarias (domain, api)	2026-09-20T22:45:19.4458520Z   type: 'test'
verificar · typecheck · unit · build · audit	Pruebas unitarias (domain, api)	2026-09-20T22:45:19.4458772Z   ...
verificar · typecheck · unit · build · audit	Pruebas unitarias (domain, api)	2026-09-20T22:45:19.4459378Z # Subtest: 08 §12.4 — el registro crea A1 y A2, nunca A3; solo TERMINOS y DATOS_SALUD_BE son revocables
verificar · typecheck · unit · build · audit	Pruebas unitarias (domain, api)	2026-09-20T22:45:19.4460228Z ok 23 - 08 §12.4 — el registro crea A1 y A2, nunca A3; solo TERMINOS y DATOS_SALUD_BE son revocables
verificar · typecheck · unit · build · audit	Pruebas unitarias (domain, api)	2026-09-20T22:45:19.4460830Z   ---
verificar · typecheck · unit · build · audit	Pruebas unitarias (domain, api)	2026-09-20T22:45:19.4461064Z   duration_ms: 0.631846
verificar · typecheck · unit · build · audit	Pruebas unitarias (domain, api)	2026-09-20T22:45:19.4461314Z   type: 'test'
verificar · typecheck · unit · build · audit	Pruebas unitarias (domain, api)	2026-09-20T22:45:19.4461537Z   ...
verificar · typecheck · unit · build · audit	Pruebas unitarias (domain, api)	2026-09-20T22:45:19.4461993Z # Subtest: Sesión: estados como enum con lista blanca; TTL ≤ 24 h (08 §26.2)
verificar · typecheck · unit · build · audit	Pruebas unitarias (domain, api)	2026-09-20T22:45:19.4462550Z ok 24 - Sesión: estados como enum con lista blanca; TTL ≤ 24 h (08 §26.2)
verificar · typecheck · unit · build · audit	Pruebas unitarias (domain, api)	2026-09-20T22:45:19.4462911Z   ---
verificar · typecheck · unit · build · audit	Pruebas unitarias (domain, api)	2026-09-20T22:45:19.4463129Z   duration_ms: 0.219041
verificar · typecheck · unit · build · audit	Pruebas unitarias (domain, api)	2026-09-20T22:45:19.4463377Z   type: 'test'
verificar · typecheck · unit · build · audit	Pruebas unitarias (domain, api)	2026-09-20T22:45:19.4463606Z   ...
verificar · typecheck · unit · build · audit	Pruebas unitarias (domain, api)	2026-09-20T22:45:19.4464037Z # Subtest: Identificador local: normalización y validación sintáctica
verificar · typecheck · unit · build · audit	Pruebas unitarias (domain, api)	2026-09-20T22:45:19.4464600Z ok 25 - Identificador local: normalización y validación sintáctica
verificar · typecheck · unit · build · audit	Pruebas unitarias (domain, api)	2026-09-20T22:45:19.4464956Z   ---
verificar · typecheck · unit · build · audit	Pruebas unitarias (domain, api)	2026-09-20T22:45:19.4465203Z   duration_ms: 0.304521
verificar · typecheck · unit · build · audit	Pruebas unitarias (domain, api)	2026-09-20T22:45:19.4465493Z   type: 'test'
verificar · typecheck · unit · build · audit	Pruebas unitarias (domain, api)	2026-09-20T22:45:19.4465754Z   ...
verificar · typecheck · unit · build · audit	Pruebas unitarias (domain, api)	2026-09-20T22:45:19.4466227Z # Subtest: Credencial: mínimo 12 caracteres, máximo 72 bytes (DL-013)
verificar · typecheck · unit · build · audit	Pruebas unitarias (domain, api)	2026-09-20T22:45:19.4466936Z ok 26 - Credencial: mínimo 12 caracteres, máximo 72 bytes (DL-013)
verificar · typecheck · unit · build · audit	Pruebas unitarias (domain, api)	2026-09-20T22:45:19.4467319Z   ---
verificar · typecheck · unit · build · audit	Pruebas unitarias (domain, api)	2026-09-20T22:45:19.4467559Z   duration_ms: 0.179742
verificar · typecheck · unit · build · audit	Pruebas unitarias (domain, api)	2026-09-20T22:45:19.4467814Z   type: 'test'
verificar · typecheck · unit · build · audit	Pruebas unitarias (domain, api)	2026-09-20T22:45:19.4468049Z   ...
verificar · typecheck · unit · build · audit	Pruebas unitarias (domain, api)	2026-09-20T22:45:19.4468573Z # Subtest: Superficie: solo WEB o APK; cualquier otro valor queda no declarado (null), nunca inventado
verificar · typecheck · unit · build · audit	Pruebas unitarias (domain, api)	2026-09-20T22:45:19.4469321Z ok 27 - Superficie: solo WEB o APK; cualquier otro valor queda no declarado (null), nunca inventado
verificar · typecheck · unit · build · audit	Pruebas unitarias (domain, api)	2026-09-20T22:45:19.4469789Z   ---
verificar · typecheck · unit · build · audit	Pruebas unitarias (domain, api)	2026-09-20T22:45:19.4470033Z   duration_ms: 0.313043
verificar · typecheck · unit · build · audit	Pruebas unitarias (domain, api)	2026-09-20T22:45:19.4470306Z   type: 'test'
verificar · typecheck · unit · build · audit	Pruebas unitarias (domain, api)	2026-09-20T22:45:19.4470900Z   ...
verificar · typecheck · unit · build · audit	Pruebas unitarias (domain, api)	2026-09-20T22:45:19.4471511Z # Subtest: 09v7 T12 — contratos estrictos: un campo no declarado se rechaza (UNKNOWN_FIELD)
verificar · typecheck · unit · build · audit	Pruebas unitarias (domain, api)	2026-09-20T22:45:19.4472493Z ok 28 - 09v7 T12 — contratos estrictos: un campo no declarado se rechaza (UNKNOWN_FIELD)
verificar · typecheck · unit · build · audit	Pruebas unitarias (domain, api)	2026-09-20T22:45:19.4473108Z   ---
verificar · typecheck · unit · build · audit	Pruebas unitarias (domain, api)	2026-09-20T22:45:19.4473358Z   duration_ms: 3.965465
verificar · typecheck · unit · build · audit	Pruebas unitarias (domain, api)	2026-09-20T22:45:19.4473631Z   type: 'test'
verificar · typecheck · unit · build · audit	Pruebas unitarias (domain, api)	2026-09-20T22:45:19.4473875Z   ...
verificar · typecheck · unit · build · audit	Pruebas unitarias (domain, api)	2026-09-20T22:45:19.4474379Z # Subtest: API-CON-05 — la forma «A3 no otorgado» es currentConsent: null
verificar · typecheck · unit · build · audit	Pruebas unitarias (domain, api)	2026-09-20T22:45:19.4475006Z ok 29 - API-CON-05 — la forma «A3 no otorgado» es currentConsent: null
verificar · typecheck · unit · build · audit	Pruebas unitarias (domain, api)	2026-09-20T22:45:19.4475400Z   ---
verificar · typecheck · unit · build · audit	Pruebas unitarias (domain, api)	2026-09-20T22:45:19.4475649Z   duration_ms: 1.022216
verificar · typecheck · unit · build · audit	Pruebas unitarias (domain, api)	2026-09-20T22:45:19.4475929Z   type: 'test'
verificar · typecheck · unit · build · audit	Pruebas unitarias (domain, api)	2026-09-20T22:45:19.4476185Z   ...
verificar · typecheck · unit · build · audit	Pruebas unitarias (domain, api)	2026-09-20T22:45:19.4807578Z # Subtest: T-06-45 — tres alcances; Especialidad XOR Capacidad (REG-06-32); una finalidad por alcance (DL-039)
verificar · typecheck · unit · build · audit	Pruebas unitarias (domain, api)	2026-09-20T22:45:19.4831907Z ok 30 - T-06-45 — tres alcances; Especialidad XOR Capacidad (REG-06-32); una finalidad por alcance (DL-039)
verificar · typecheck · unit · build · audit	Pruebas unitarias (domain, api)	2026-09-20T22:45:19.4861159Z   ---
verificar · typecheck · unit · build · audit	Pruebas unitarias (domain, api)	2026-09-20T22:45:19.4891452Z   duration_ms: 1.123559
verificar · typecheck · unit · build · audit	Pruebas unitarias (domain, api)	2026-09-20T22:45:19.4893217Z   type: 'test'
verificar · typecheck · unit · build · audit	Pruebas unitarias (domain, api)	2026-09-20T22:45:19.4893612Z   ...
verificar · typecheck · unit · build · audit	Pruebas unitarias (domain, api)	2026-09-20T22:45:19.4894293Z # Subtest: 06 §6.8.2 — la lista blanca de la verificación es la literal del 06
verificar · typecheck · unit · build · audit	Pruebas unitarias (domain, api)	2026-09-20T22:45:19.4895060Z ok 31 - 06 §6.8.2 — la lista blanca de la verificación es la literal del 06
verificar · typecheck · unit · build · audit	Pruebas unitarias (domain, api)	2026-09-20T22:45:19.4895516Z   ---
verificar · typecheck · unit · build · audit	Pruebas unitarias (domain, api)	2026-09-20T22:45:19.4895824Z   duration_ms: 0.150288
verificar · typecheck · unit · build · audit	Pruebas unitarias (domain, api)	2026-09-20T22:45:19.4896168Z   type: 'test'
verificar · typecheck · unit · build · audit	Pruebas unitarias (domain, api)	2026-09-20T22:45:19.4896460Z   ...
verificar · typecheck · unit · build · audit	Pruebas unitarias (domain, api)	2026-09-20T22:45:19.4897184Z # Subtest: 06 §6.8.2 — cada transición declarada procede; toda otra combinación se rechaza (TEST-RNF-DAT-001)
verificar · typecheck · unit · build · audit	Pruebas unitarias (domain, api)	2026-09-20T22:45:19.4898194Z ok 32 - 06 §6.8.2 — cada transición declarada procede; toda otra combinación se rechaza (TEST-RNF-DAT-001)
verificar · typecheck · unit · build · audit	Pruebas unitarias (domain, api)	2026-09-20T22:45:19.4898757Z   ---
verificar · typecheck · unit · build · audit	Pruebas unitarias (domain, api)	2026-09-20T22:45:19.4899070Z   duration_ms: 0.408488
verificar · typecheck · unit · build · audit	Pruebas unitarias (domain, api)	2026-09-20T22:45:19.4899405Z   type: 'test'
verificar · typecheck · unit · build · audit	Pruebas unitarias (domain, api)	2026-09-20T22:45:19.4899710Z   ...
verificar · typecheck · unit · build · audit	Pruebas unitarias (domain, api)	2026-09-20T22:45:19.4900380Z # Subtest: Habilitación mínima (DL-036): concesión explícita, retiro y nueva concesión; nada más
verificar · typecheck · unit · build · audit	Pruebas unitarias (domain, api)	2026-09-20T22:45:19.4901516Z ok 33 - Habilitación mínima (DL-036): concesión explícita, retiro y nueva concesión; nada más
verificar · typecheck · unit · build · audit	Pruebas unitarias (domain, api)	2026-09-20T22:45:19.4902070Z   ---
verificar · typecheck · unit · build · audit	Pruebas unitarias (domain, api)	2026-09-20T22:45:19.4902375Z   duration_ms: 0.156246
verificar · typecheck · unit · build · audit	Pruebas unitarias (domain, api)	2026-09-20T22:45:19.4902706Z   type: 'test'
verificar · typecheck · unit · build · audit	Pruebas unitarias (domain, api)	2026-09-20T22:45:19.4903012Z   ...
verificar · typecheck · unit · build · audit	Pruebas unitarias (domain, api)	2026-09-20T22:45:19.4903604Z # Subtest: 06 §7.3.2 — la lista blanca de la solicitud es la literal del 06
verificar · typecheck · unit · build · audit	Pruebas unitarias (domain, api)	2026-09-20T22:45:19.4904282Z ok 34 - 06 §7.3.2 — la lista blanca de la solicitud es la literal del 06
verificar · typecheck · unit · build · audit	Pruebas unitarias (domain, api)	2026-09-20T22:45:19.4904716Z   ---
verificar · typecheck · unit · build · audit	Pruebas unitarias (domain, api)	2026-09-20T22:45:19.4905014Z   duration_ms: 0.090237
verificar · typecheck · unit · build · audit	Pruebas unitarias (domain, api)	2026-09-20T22:45:19.4905334Z   type: 'test'
verificar · typecheck · unit · build · audit	Pruebas unitarias (domain, api)	2026-09-20T22:45:19.4905616Z   ...
verificar · typecheck · unit · build · audit	Pruebas unitarias (domain, api)	2026-09-20T22:45:19.4906364Z # Subtest: 06 §7.3.2 — cada transición declarada procede; toda otra combinación se rechaza; los terminales no tienen salida
verificar · typecheck · unit · build · audit	Pruebas unitarias (domain, api)	2026-09-20T22:45:19.4907420Z ok 35 - 06 §7.3.2 — cada transición declarada procede; toda otra combinación se rechaza; los terminales no tienen salida
verificar · typecheck · unit · build · audit	Pruebas unitarias (domain, api)	2026-09-20T22:45:19.4908018Z   ---
verificar · typecheck · unit · build · audit	Pruebas unitarias (domain, api)	2026-09-20T22:45:19.4908322Z   duration_ms: 0.254274
verificar · typecheck · unit · build · audit	Pruebas unitarias (domain, api)	2026-09-20T22:45:19.4908667Z   type: 'test'
verificar · typecheck · unit · build · audit	Pruebas unitarias (domain, api)	2026-09-20T22:45:19.4908960Z   ...
verificar · typecheck · unit · build · audit	Pruebas unitarias (domain, api)	2026-09-20T22:45:19.4909662Z # Subtest: 06 §7.3.2 — guardas: actor, confirmación, reevaluación (REG-06-49), vencimiento e incompatibilidad
verificar · typecheck · unit · build · audit	Pruebas unitarias (domain, api)	2026-09-20T22:45:19.4910760Z ok 36 - 06 §7.3.2 — guardas: actor, confirmación, reevaluación (REG-06-49), vencimiento e incompatibilidad
verificar · typecheck · unit · build · audit	Pruebas unitarias (domain, api)	2026-09-20T22:45:19.4911288Z   ---
verificar · typecheck · unit · build · audit	Pruebas unitarias (domain, api)	2026-09-20T22:45:19.4911546Z   duration_ms: 0.138269
verificar · typecheck · unit · build · audit	Pruebas unitarias (domain, api)	2026-09-20T22:45:19.4911832Z   type: 'test'
verificar · typecheck · unit · build · audit	Pruebas unitarias (domain, api)	2026-09-20T22:45:19.4912093Z   ...
verificar · typecheck · unit · build · audit	Pruebas unitarias (domain, api)	2026-09-20T22:45:19.4912828Z # Subtest: 06 §7.5.2 — la lista blanca del vínculo por alcance es la literal del 06 (FinalizarAlcance desde ACEPTADO y PAUSADO)
verificar · typecheck · unit · build · audit	Pruebas unitarias (domain, api)	2026-09-20T22:45:19.4942016Z ok 37 - 06 §7.5.2 — la lista blanca del vínculo por alcance es la literal del 06 (FinalizarAlcance desde ACEPTADO y PAUSADO)
verificar · typecheck · unit · build · audit	Pruebas unitarias (domain, api)	2026-09-20T22:45:19.4970996Z   ---
verificar · typecheck · unit · build · audit	Pruebas unitarias (domain, api)	2026-09-20T22:45:19.4971346Z   duration_ms: 0.066621
verificar · typecheck · unit · build · audit	Pruebas unitarias (domain, api)	2026-09-20T22:45:19.5000983Z   type: 'test'
verificar · typecheck · unit · build · audit	Pruebas unitarias (domain, api)	2026-09-20T22:45:19.5001207Z   ...
verificar · typecheck · unit · build · audit	Pruebas unitarias (domain, api)	2026-09-20T22:45:19.5002368Z # Subtest: 06 §7.5.2 — cada transición declarada procede; toda otra se rechaza; FINALIZADO no tiene salida (INV-06-58)
verificar · typecheck · unit · build · audit	Pruebas unitarias (domain, api)	2026-09-20T22:45:19.5003469Z ok 38 - 06 §7.5.2 — cada transición declarada procede; toda otra se rechaza; FINALIZADO no tiene salida (INV-06-58)
verificar · typecheck · unit · build · audit	Pruebas unitarias (domain, api)	2026-09-20T22:45:19.5003968Z   ---
verificar · typecheck · unit · build · audit	Pruebas unitarias (domain, api)	2026-09-20T22:45:19.5004159Z   duration_ms: 0.361326
verificar · typecheck · unit · build · audit	Pruebas unitarias (domain, api)	2026-09-20T22:45:19.5004370Z   type: 'test'
verificar · typecheck · unit · build · audit	Pruebas unitarias (domain, api)	2026-09-20T22:45:19.5004547Z   ...
verificar · typecheck · unit · build · audit	Pruebas unitarias (domain, api)	2026-09-20T22:45:19.5005198Z # Subtest: DL-033 — motivo obligatorio y de lista cerrada; reanuda quien pausó; el sistema solo finaliza por cierre de cuenta
verificar · typecheck · unit · build · audit	Pruebas unitarias (domain, api)	2026-09-20T22:45:19.5006157Z ok 39 - DL-033 — motivo obligatorio y de lista cerrada; reanuda quien pausó; el sistema solo finaliza por cierre de cuenta
verificar · typecheck · unit · build · audit	Pruebas unitarias (domain, api)	2026-09-20T22:45:19.5006632Z   ---
verificar · typecheck · unit · build · audit	Pruebas unitarias (domain, api)	2026-09-20T22:45:19.5006815Z   duration_ms: 0.326944
verificar · typecheck · unit · build · audit	Pruebas unitarias (domain, api)	2026-09-20T22:45:19.5007024Z   type: 'test'
verificar · typecheck · unit · build · audit	Pruebas unitarias (domain, api)	2026-09-20T22:45:19.5007198Z   ...
verificar · typecheck · unit · build · audit	Pruebas unitarias (domain, api)	2026-09-20T22:45:19.5007628Z # Subtest: 06 §7.7.5 — la lista blanca del consentimiento es la literal del 06
verificar · typecheck · unit · build · audit	Pruebas unitarias (domain, api)	2026-09-20T22:45:19.5008218Z ok 40 - 06 §7.7.5 — la lista blanca del consentimiento es la literal del 06
verificar · typecheck · unit · build · audit	Pruebas unitarias (domain, api)	2026-09-20T22:45:19.5008546Z   ---
verificar · typecheck · unit · build · audit	Pruebas unitarias (domain, api)	2026-09-20T22:45:19.5008722Z   duration_ms: 0.11265
verificar · typecheck · unit · build · audit	Pruebas unitarias (domain, api)	2026-09-20T22:45:19.5008926Z   type: 'test'
verificar · typecheck · unit · build · audit	Pruebas unitarias (domain, api)	2026-09-20T22:45:19.5009105Z   ...
verificar · typecheck · unit · build · audit	Pruebas unitarias (domain, api)	2026-09-20T22:45:19.5009662Z # Subtest: 06 §7.7.5 — cada transición declarada procede; toda otra se rechaza (p. ej. REVOCADO → REVOCADO)
verificar · typecheck · unit · build · audit	Pruebas unitarias (domain, api)	2026-09-20T22:45:19.5010464Z ok 41 - 06 §7.7.5 — cada transición declarada procede; toda otra se rechaza (p. ej. REVOCADO → REVOCADO)
verificar · typecheck · unit · build · audit	Pruebas unitarias (domain, api)	2026-09-20T22:45:19.5011179Z   ---
verificar · typecheck · unit · build · audit	Pruebas unitarias (domain, api)	2026-09-20T22:45:19.5011356Z   duration_ms: 0.188735
verificar · typecheck · unit · build · audit	Pruebas unitarias (domain, api)	2026-09-20T22:45:19.5011562Z   type: 'test'
verificar · typecheck · unit · build · audit	Pruebas unitarias (domain, api)	2026-09-20T22:45:19.5011737Z   ...
verificar · typecheck · unit · build · audit	Pruebas unitarias (domain, api)	2026-09-20T22:45:19.5012337Z # Subtest: INV-06-62, INV-06-60, REG-06-50 — solo el titular; versión aplicable; aceptar una versión no acepta futuras
verificar · typecheck · unit · build · audit	Pruebas unitarias (domain, api)	2026-09-20T22:45:19.5013200Z ok 42 - INV-06-62, INV-06-60, REG-06-50 — solo el titular; versión aplicable; aceptar una versión no acepta futuras
verificar · typecheck · unit · build · audit	Pruebas unitarias (domain, api)	2026-09-20T22:45:19.5013645Z   ---
verificar · typecheck · unit · build · audit	Pruebas unitarias (domain, api)	2026-09-20T22:45:19.5031024Z   duration_ms: 0.075815
verificar · typecheck · unit · build · audit	Pruebas unitarias (domain, api)	2026-09-20T22:45:19.5041021Z   type: 'test'
verificar · typecheck · unit · build · audit	Pruebas unitarias (domain, api)	2026-09-20T22:45:19.5061063Z   ...
verificar · typecheck · unit · build · audit	Pruebas unitarias (domain, api)	2026-09-20T22:45:19.5085500Z # Subtest: DL-038 — CON-02 elige la transición según la situación actual
verificar · typecheck · unit · build · audit	Pruebas unitarias (domain, api)	2026-09-20T22:45:19.5110880Z ok 43 - DL-038 — CON-02 elige la transición según la situación actual
verificar · typecheck · unit · build · audit	Pruebas unitarias (domain, api)	2026-09-20T22:45:19.5141146Z   ---
verificar · typecheck · unit · build · audit	Pruebas unitarias (domain, api)	2026-09-20T22:45:19.5141390Z   duration_ms: 0.064588
verificar · typecheck · unit · build · audit	Pruebas unitarias (domain, api)	2026-09-20T22:45:19.5141748Z   type: 'test'
verificar · typecheck · unit · build · audit	Pruebas unitarias (domain, api)	2026-09-20T22:45:19.5142031Z   ...
verificar · typecheck · unit · build · audit	Pruebas unitarias (domain, api)	2026-09-20T22:45:19.5142913Z # Subtest: PDP — contexto positivo: las siete dimensiones favorables permiten y registran componente y versión (REG-06-50)
verificar · typecheck · unit · build · audit	Pruebas unitarias (domain, api)	2026-09-20T22:45:19.5143889Z ok 44 - PDP — contexto positivo: las siete dimensiones favorables permiten y registran componente y versión (REG-06-50)
verificar · typecheck · unit · build · audit	Pruebas unitarias (domain, api)	2026-09-20T22:45:19.5144414Z   ---
verificar · typecheck · unit · build · audit	Pruebas unitarias (domain, api)	2026-09-20T22:45:19.5144664Z   duration_ms: 0.122686
verificar · typecheck · unit · build · audit	Pruebas unitarias (domain, api)	2026-09-20T22:45:19.5144947Z   type: 'test'
verificar · typecheck · unit · build · audit	Pruebas unitarias (domain, api)	2026-09-20T22:45:19.5145181Z   ...
verificar · typecheck · unit · build · audit	Pruebas unitarias (domain, api)	2026-09-20T22:45:19.5145732Z # Subtest: PDP — V1 rol inadecuado: sin perfil profesional: se deniega y la auditoría atribuye ROL
verificar · typecheck · unit · build · audit	Pruebas unitarias (domain, api)	2026-09-20T22:45:19.5146516Z ok 45 - PDP — V1 rol inadecuado: sin perfil profesional: se deniega y la auditoría atribuye ROL
verificar · typecheck · unit · build · audit	Pruebas unitarias (domain, api)	2026-09-20T22:45:19.5146944Z   ---
verificar · typecheck · unit · build · audit	Pruebas unitarias (domain, api)	2026-09-20T22:45:19.5147172Z   duration_ms: 0.055344
verificar · typecheck · unit · build · audit	Pruebas unitarias (domain, api)	2026-09-20T22:45:19.5147431Z   type: 'test'
verificar · typecheck · unit · build · audit	Pruebas unitarias (domain, api)	2026-09-20T22:45:19.5147664Z   ...
verificar · typecheck · unit · build · audit	Pruebas unitarias (domain, api)	2026-09-20T22:45:19.5148244Z # Subtest: PDP — V1 rol inadecuado: el titular pide su propio dashboard: se deniega y la auditoría atribuye ROL
verificar · typecheck · unit · build · audit	Pruebas unitarias (domain, api)	2026-09-20T22:45:19.5148914Z ok 46 - PDP — V1 rol inadecuado: el titular pide su propio dashboard: se deniega y la auditoría atribuye ROL
verificar · typecheck · unit · build · audit	Pruebas unitarias (domain, api)	2026-09-20T22:45:19.5149234Z   ---
verificar · typecheck · unit · build · audit	Pruebas unitarias (domain, api)	2026-09-20T22:45:19.5149404Z   duration_ms: 0.027482
verificar · typecheck · unit · build · audit	Pruebas unitarias (domain, api)	2026-09-20T22:45:19.5149597Z   type: 'test'
verificar · typecheck · unit · build · audit	Pruebas unitarias (domain, api)	2026-09-20T22:45:19.5149768Z   ...
verificar · typecheck · unit · build · audit	Pruebas unitarias (domain, api)	2026-09-20T22:45:19.5150184Z # Subtest: PDP — V2 alcance no verificado (PENDIENTE): se deniega y la auditoría atribuye ESPECIALIDAD_O_CAPACIDAD
verificar · typecheck · unit · build · audit	Pruebas unitarias (domain, api)	2026-09-20T22:45:19.5150941Z ok 47 - PDP — V2 alcance no verificado (PENDIENTE): se deniega y la auditoría atribuye ESPECIALIDAD_O_CAPACIDAD
verificar · typecheck · unit · build · audit	Pruebas unitarias (domain, api)	2026-09-20T22:45:19.5151682Z   ---
verificar · typecheck · unit · build · audit	Pruebas unitarias (domain, api)	2026-09-20T22:45:19.5151853Z   duration_ms: 0.025669
verificar · typecheck · unit · build · audit	Pruebas unitarias (domain, api)	2026-09-20T22:45:19.5152047Z   type: 'test'
verificar · typecheck · unit · build · audit	Pruebas unitarias (domain, api)	2026-09-20T22:45:19.5152222Z   ...
verificar · typecheck · unit · build · audit	Pruebas unitarias (domain, api)	2026-09-20T22:45:19.5152584Z # Subtest: PDP — V2 alcance rechazado: se deniega y la auditoría atribuye ESPECIALIDAD_O_CAPACIDAD
verificar · typecheck · unit · build · audit	Pruebas unitarias (domain, api)	2026-09-20T22:45:19.5153072Z ok 48 - PDP — V2 alcance rechazado: se deniega y la auditoría atribuye ESPECIALIDAD_O_CAPACIDAD
verificar · typecheck · unit · build · audit	Pruebas unitarias (domain, api)	2026-09-20T22:45:19.5153361Z   ---
verificar · typecheck · unit · build · audit	Pruebas unitarias (domain, api)	2026-09-20T22:45:19.5153529Z   duration_ms: 0.023866
verificar · typecheck · unit · build · audit	Pruebas unitarias (domain, api)	2026-09-20T22:45:19.5153715Z   type: 'test'
verificar · typecheck · unit · build · audit	Pruebas unitarias (domain, api)	2026-09-20T22:45:19.5153888Z   ...
verificar · typecheck · unit · build · audit	Pruebas unitarias (domain, api)	2026-09-20T22:45:19.5154295Z # Subtest: PDP — V2 sin trayectoria de verificación: se deniega y la auditoría atribuye ESPECIALIDAD_O_CAPACIDAD
verificar · typecheck · unit · build · audit	Pruebas unitarias (domain, api)	2026-09-20T22:45:19.5154848Z ok 49 - PDP — V2 sin trayectoria de verificación: se deniega y la auditoría atribuye ESPECIALIDAD_O_CAPACIDAD
verificar · typecheck · unit · build · audit	Pruebas unitarias (domain, api)	2026-09-20T22:45:19.5155168Z   ---
verificar · typecheck · unit · build · audit	Pruebas unitarias (domain, api)	2026-09-20T22:45:19.5155338Z   duration_ms: 0.027932
verificar · typecheck · unit · build · audit	Pruebas unitarias (domain, api)	2026-09-20T22:45:19.5155532Z   type: 'test'
verificar · typecheck · unit · build · audit	Pruebas unitarias (domain, api)	2026-09-20T22:45:19.5155711Z   ...
verificar · typecheck · unit · build · audit	Pruebas unitarias (domain, api)	2026-09-20T22:45:19.5156033Z # Subtest: PDP — V3 alcance suspendido: se deniega y la auditoría atribuye SITUACION
verificar · typecheck · unit · build · audit	Pruebas unitarias (domain, api)	2026-09-20T22:45:19.5156464Z ok 50 - PDP — V3 alcance suspendido: se deniega y la auditoría atribuye SITUACION
verificar · typecheck · unit · build · audit	Pruebas unitarias (domain, api)	2026-09-20T22:45:19.5156742Z   ---
verificar · typecheck · unit · build · audit	Pruebas unitarias (domain, api)	2026-09-20T22:45:19.5156911Z   duration_ms: 0.025118
verificar · typecheck · unit · build · audit	Pruebas unitarias (domain, api)	2026-09-20T22:45:19.5157095Z   type: 'test'
verificar · typecheck · unit · build · audit	Pruebas unitarias (domain, api)	2026-09-20T22:45:19.5157265Z   ...
verificar · typecheck · unit · build · audit	Pruebas unitarias (domain, api)	2026-09-20T22:45:19.5157600Z # Subtest: PDP — V3 habilitación retirada: se deniega y la auditoría atribuye SITUACION
verificar · typecheck · unit · build · audit	Pruebas unitarias (domain, api)	2026-09-20T22:45:19.5158041Z ok 51 - PDP — V3 habilitación retirada: se deniega y la auditoría atribuye SITUACION
verificar · typecheck · unit · build · audit	Pruebas unitarias (domain, api)	2026-09-20T22:45:19.5158309Z   ---
verificar · typecheck · unit · build · audit	Pruebas unitarias (domain, api)	2026-09-20T22:45:19.5158506Z   duration_ms: 0.027451
verificar · typecheck · unit · build · audit	Pruebas unitarias (domain, api)	2026-09-20T22:45:19.5158691Z   type: 'test'
verificar · typecheck · unit · build · audit	Pruebas unitarias (domain, api)	2026-09-20T22:45:19.5158859Z   ...
verificar · typecheck · unit · build · audit	Pruebas unitarias (domain, api)	2026-09-20T22:45:19.5159213Z # Subtest: PDP — V3 sin habilitación (INV-06-87): se deniega y la auditoría atribuye SITUACION
verificar · typecheck · unit · build · audit	Pruebas unitarias (domain, api)	2026-09-20T22:45:19.5159687Z ok 52 - PDP — V3 sin habilitación (INV-06-87): se deniega y la auditoría atribuye SITUACION
verificar · typecheck · unit · build · audit	Pruebas unitarias (domain, api)	2026-09-20T22:45:19.5159977Z   ---
verificar · typecheck · unit · build · audit	Pruebas unitarias (domain, api)	2026-09-20T22:45:19.5160146Z   duration_ms: 0.051017
verificar · typecheck · unit · build · audit	Pruebas unitarias (domain, api)	2026-09-20T22:45:19.5160333Z   type: 'test'
verificar · typecheck · unit · build · audit	Pruebas unitarias (domain, api)	2026-09-20T22:45:19.5160504Z   ...
verificar · typecheck · unit · build · audit	Pruebas unitarias (domain, api)	2026-09-20T22:45:19.5161020Z # Subtest: PDP — V3 A3 del titular no vigente (TEST-AUTH-005): se deniega y la auditoría atribuye SITUACION
verificar · typecheck · unit · build · audit	Pruebas unitarias (domain, api)	2026-09-20T22:45:19.5161539Z ok 53 - PDP — V3 A3 del titular no vigente (TEST-AUTH-005): se deniega y la auditoría atribuye SITUACION
verificar · typecheck · unit · build · audit	Pruebas unitarias (domain, api)	2026-09-20T22:45:19.5161842Z   ---
verificar · typecheck · unit · build · audit	Pruebas unitarias (domain, api)	2026-09-20T22:45:19.5162009Z   duration_ms: 0.031748
verificar · typecheck · unit · build · audit	Pruebas unitarias (domain, api)	2026-09-20T22:45:19.5162191Z   type: 'test'
verificar · typecheck · unit · build · audit	Pruebas unitarias (domain, api)	2026-09-20T22:45:19.5162364Z   ...
verificar · typecheck · unit · build · audit	Pruebas unitarias (domain, api)	2026-09-20T22:45:19.5162714Z # Subtest: PDP — V3 cuenta del titular no operativa: se deniega y la auditoría atribuye SITUACION
verificar · typecheck · unit · build · audit	Pruebas unitarias (domain, api)	2026-09-20T22:45:19.5163189Z ok 54 - PDP — V3 cuenta del titular no operativa: se deniega y la auditoría atribuye SITUACION
verificar · typecheck · unit · build · audit	Pruebas unitarias (domain, api)	2026-09-20T22:45:19.5163479Z   ---
verificar · typecheck · unit · build · audit	Pruebas unitarias (domain, api)	2026-09-20T22:45:19.5163647Z   duration_ms: 0.029816
verificar · typecheck · unit · build · audit	Pruebas unitarias (domain, api)	2026-09-20T22:45:19.5163840Z   type: 'test'
verificar · typecheck · unit · build · audit	Pruebas unitarias (domain, api)	2026-09-20T22:45:19.5164017Z   ...
verificar · typecheck · unit · build · audit	Pruebas unitarias (domain, api)	2026-09-20T22:45:19.5164367Z # Subtest: PDP — V3 cuenta del actor no operativa: se deniega y la auditoría atribuye SITUACION
verificar · typecheck · unit · build · audit	Pruebas unitarias (domain, api)	2026-09-20T22:45:19.5164824Z ok 55 - PDP — V3 cuenta del actor no operativa: se deniega y la auditoría atribuye SITUACION
verificar · typecheck · unit · build · audit	Pruebas unitarias (domain, api)	2026-09-20T22:45:19.5165105Z   ---
verificar · typecheck · unit · build · audit	Pruebas unitarias (domain, api)	2026-09-20T22:45:19.5165273Z   duration_ms: 0.024577
verificar · typecheck · unit · build · audit	Pruebas unitarias (domain, api)	2026-09-20T22:45:19.5165455Z   type: 'test'
verificar · typecheck · unit · build · audit	Pruebas unitarias (domain, api)	2026-09-20T22:45:19.5165626Z   ...
verificar · typecheck · unit · build · audit	Pruebas unitarias (domain, api)	2026-09-20T22:45:19.5165976Z # Subtest: PDP — V4 vínculo PAUSADO (TEST-AUTH-007): se deniega y la auditoría atribuye VINCULO
verificar · typecheck · unit · build · audit	Pruebas unitarias (domain, api)	2026-09-20T22:45:19.5166441Z ok 56 - PDP — V4 vínculo PAUSADO (TEST-AUTH-007): se deniega y la auditoría atribuye VINCULO
verificar · typecheck · unit · build · audit	Pruebas unitarias (domain, api)	2026-09-20T22:45:19.5166727Z   ---
verificar · typecheck · unit · build · audit	Pruebas unitarias (domain, api)	2026-09-20T22:45:19.5166894Z   duration_ms: 0.056516
verificar · typecheck · unit · build · audit	Pruebas unitarias (domain, api)	2026-09-20T22:45:19.5167077Z   type: 'test'
verificar · typecheck · unit · build · audit	Pruebas unitarias (domain, api)	2026-09-20T22:45:19.5167250Z   ...
verificar · typecheck · unit · build · audit	Pruebas unitarias (domain, api)	2026-09-20T22:45:19.5167613Z # Subtest: PDP — V4 vínculo FINALIZADO (TEST-AUTH-008): se deniega y la auditoría atribuye VINCULO
verificar · typecheck · unit · build · audit	Pruebas unitarias (domain, api)	2026-09-20T22:45:19.5168202Z ok 57 - PDP — V4 vínculo FINALIZADO (TEST-AUTH-008): se deniega y la auditoría atribuye VINCULO
verificar · typecheck · unit · build · audit	Pruebas unitarias (domain, api)	2026-09-20T22:45:19.5168606Z   ---
verificar · typecheck · unit · build · audit	Pruebas unitarias (domain, api)	2026-09-20T22:45:19.5168781Z   duration_ms: 0.023135
verificar · typecheck · unit · build · audit	Pruebas unitarias (domain, api)	2026-09-20T22:45:19.5168966Z   type: 'test'
verificar · typecheck · unit · build · audit	Pruebas unitarias (domain, api)	2026-09-20T22:45:19.5169137Z   ...
verificar · typecheck · unit · build · audit	Pruebas unitarias (domain, api)	2026-09-20T22:45:19.5169488Z # Subtest: PDP — V5 B2 REVOCADO (TEST-RF-022): se deniega y la auditoría atribuye CONSENTIMIENTO
verificar · typecheck · unit · build · audit	Pruebas unitarias (domain, api)	2026-09-20T22:45:19.5169963Z ok 58 - PDP — V5 B2 REVOCADO (TEST-RF-022): se deniega y la auditoría atribuye CONSENTIMIENTO
verificar · typecheck · unit · build · audit	Pruebas unitarias (domain, api)	2026-09-20T22:45:19.5170248Z   ---
verificar · typecheck · unit · build · audit	Pruebas unitarias (domain, api)	2026-09-20T22:45:19.5170509Z   duration_ms: 0.019439
verificar · typecheck · unit · build · audit	Pruebas unitarias (domain, api)	2026-09-20T22:45:19.5170898Z   type: 'test'
verificar · typecheck · unit · build · audit	Pruebas unitarias (domain, api)	2026-09-20T22:45:19.5171057Z   ...
verificar · typecheck · unit · build · audit	Pruebas unitarias (domain, api)	2026-09-20T22:45:19.5171479Z # Subtest: PDP — V5 sin B2 (TEST-AUTH-006): se deniega y la auditoría atribuye CONSENTIMIENTO
verificar · typecheck · unit · build · audit	Pruebas unitarias (domain, api)	2026-09-20T22:45:19.5172094Z ok 59 - PDP — V5 sin B2 (TEST-AUTH-006): se deniega y la auditoría atribuye CONSENTIMIENTO
verificar · typecheck · unit · build · audit	Pruebas unitarias (domain, api)	2026-09-20T22:45:19.5172464Z   ---
verificar · typecheck · unit · build · audit	Pruebas unitarias (domain, api)	2026-09-20T22:45:19.5172636Z   duration_ms: 0.018568
verificar · typecheck · unit · build · audit	Pruebas unitarias (domain, api)	2026-09-20T22:45:19.5172826Z   type: 'test'
verificar · typecheck · unit · build · audit	Pruebas unitarias (domain, api)	2026-09-20T22:45:19.5173000Z   ...
verificar · typecheck · unit · build · audit	Pruebas unitarias (domain, api)	2026-09-20T22:45:19.5173355Z # Subtest: PDP — V5 B2 sin versión identificable (INV-06-60): se deniega y la auditoría atribuye CONSENTIMIENTO
verificar · typecheck · unit · build · audit	Pruebas unitarias (domain, api)	2026-09-20T22:45:19.5173829Z ok 60 - PDP — V5 B2 sin versión identificable (INV-06-60): se deniega y la auditoría atribuye CONSENTIMIENTO
verificar · typecheck · unit · build · audit	Pruebas unitarias (domain, api)	2026-09-20T22:45:19.5174076Z   ---
verificar · typecheck · unit · build · audit	Pruebas unitarias (domain, api)	2026-09-20T22:45:19.5174180Z   duration_ms: 0.018128
verificar · typecheck · unit · build · audit	Pruebas unitarias (domain, api)	2026-09-20T22:45:19.5174302Z   type: 'test'
verificar · typecheck · unit · build · audit	Pruebas unitarias (domain, api)	2026-09-20T22:45:19.5174411Z   ...
verificar · typecheck · unit · build · audit	Pruebas unitarias (domain, api)	2026-09-20T22:45:19.5174657Z # Subtest: PDP — V6 finalidad ajena: se deniega y la auditoría atribuye FINALIDAD
verificar · typecheck · unit · build · audit	Pruebas unitarias (domain, api)	2026-09-20T22:45:19.5175031Z ok 61 - PDP — V6 finalidad ajena: se deniega y la auditoría atribuye FINALIDAD
verificar · typecheck · unit · build · audit	Pruebas unitarias (domain, api)	2026-09-20T22:45:19.5175235Z   ---
verificar · typecheck · unit · build · audit	Pruebas unitarias (domain, api)	2026-09-20T22:45:19.5175342Z   duration_ms: 0.018799
verificar · typecheck · unit · build · audit	Pruebas unitarias (domain, api)	2026-09-20T22:45:19.5175464Z   type: 'test'
verificar · typecheck · unit · build · audit	Pruebas unitarias (domain, api)	2026-09-20T22:45:19.5175574Z   ...
verificar · typecheck · unit · build · audit	Pruebas unitarias (domain, api)	2026-09-20T22:45:19.5175916Z # Subtest: PDP — V7 alcance pedido Entrenamiento con vínculo de Nutrición: se deniega y la auditoría atribuye ALCANCE
verificar · typecheck · unit · build · audit	Pruebas unitarias (domain, api)	2026-09-20T22:45:19.5176430Z ok 62 - PDP — V7 alcance pedido Entrenamiento con vínculo de Nutrición: se deniega y la auditoría atribuye ALCANCE
verificar · typecheck · unit · build · audit	Pruebas unitarias (domain, api)	2026-09-20T22:45:19.5176694Z   ---
verificar · typecheck · unit · build · audit	Pruebas unitarias (domain, api)	2026-09-20T22:45:19.5176799Z   duration_ms: 0.017327
verificar · typecheck · unit · build · audit	Pruebas unitarias (domain, api)	2026-09-20T22:45:19.5176918Z   type: 'test'
verificar · typecheck · unit · build · audit	Pruebas unitarias (domain, api)	2026-09-20T22:45:19.5177026Z   ...
verificar · typecheck · unit · build · audit	Pruebas unitarias (domain, api)	2026-09-20T22:45:19.5177378Z # Subtest: PDP — titular inexistente o no revelable: deniega igual (UC-I02 E05), sin distinguirlo en la decisión
verificar · typecheck · unit · build · audit	Pruebas unitarias (domain, api)	2026-09-20T22:45:19.5177854Z ok 63 - PDP — titular inexistente o no revelable: deniega igual (UC-I02 E05), sin distinguirlo en la decisión
verificar · typecheck · unit · build · audit	Pruebas unitarias (domain, api)	2026-09-20T22:45:19.5178121Z   ---
verificar · typecheck · unit · build · audit	Pruebas unitarias (domain, api)	2026-09-20T22:45:19.5178226Z   duration_ms: 0.05301
verificar · typecheck · unit · build · audit	Pruebas unitarias (domain, api)	2026-09-20T22:45:19.5178347Z   type: 'test'
verificar · typecheck · unit · build · audit	Pruebas unitarias (domain, api)	2026-09-20T22:45:19.5178453Z   ...
verificar · typecheck · unit · build · audit	Pruebas unitarias (domain, api)	2026-09-20T22:45:19.5178876Z # Subtest: REG-06-53 — ninguna dimensión aislada autoriza: con todo lo demás ausente, cada hecho favorable solo no alcanza
verificar · typecheck · unit · build · audit	Pruebas unitarias (domain, api)	2026-09-20T22:45:19.5179728Z ok 64 - REG-06-53 — ninguna dimensión aislada autoriza: con todo lo demás ausente, cada hecho favorable solo no alcanza
verificar · typecheck · unit · build · audit	Pruebas unitarias (domain, api)	2026-09-20T22:45:19.5180176Z   ---
verificar · typecheck · unit · build · audit	Pruebas unitarias (domain, api)	2026-09-20T22:45:19.5180349Z   duration_ms: 0.141955
verificar · typecheck · unit · build · audit	Pruebas unitarias (domain, api)	2026-09-20T22:45:19.5180665Z   type: 'test'
verificar · typecheck · unit · build · audit	Pruebas unitarias (domain, api)	2026-09-20T22:45:19.5180829Z   ...
verificar · typecheck · unit · build · audit	Pruebas unitarias (domain, api)	2026-09-20T22:45:19.5181510Z # Subtest: TEST-AUTH-009 — campos autoritativos del cliente se rechazan por schema estricto (409 → 400 UNKNOWN_FIELD en la API)
verificar · typecheck · unit · build · audit	Pruebas unitarias (domain, api)	2026-09-20T22:45:19.5182387Z ok 65 - TEST-AUTH-009 — campos autoritativos del cliente se rechazan por schema estricto (409 → 400 UNKNOWN_FIELD en la API)
verificar · typecheck · unit · build · audit	Pruebas unitarias (domain, api)	2026-09-20T22:45:19.5182680Z   ---
verificar · typecheck · unit · build · audit	Pruebas unitarias (domain, api)	2026-09-20T22:45:19.5182793Z   duration_ms: 2.350744
verificar · typecheck · unit · build · audit	Pruebas unitarias (domain, api)	2026-09-20T22:45:19.5182917Z   type: 'test'
verificar · typecheck · unit · build · audit	Pruebas unitarias (domain, api)	2026-09-20T22:45:19.5183027Z   ...
verificar · typecheck · unit · build · audit	Pruebas unitarias (domain, api)	2026-09-20T22:45:19.5183378Z # Subtest: 08 §12.3 — textos B2 diferenciados por perfil, versionados, con hash real y sin aceptar versiones futuras
verificar · typecheck · unit · build · audit	Pruebas unitarias (domain, api)	2026-09-20T22:45:19.5183888Z ok 66 - 08 §12.3 — textos B2 diferenciados por perfil, versionados, con hash real y sin aceptar versiones futuras
verificar · typecheck · unit · build · audit	Pruebas unitarias (domain, api)	2026-09-20T22:45:19.5184306Z   ---
verificar · typecheck · unit · build · audit	Pruebas unitarias (domain, api)	2026-09-20T22:45:19.5184531Z   duration_ms: 0.432274
verificar · typecheck · unit · build · audit	Pruebas unitarias (domain, api)	2026-09-20T22:45:19.5184656Z   type: 'test'
verificar · typecheck · unit · build · audit	Pruebas unitarias (domain, api)	2026-09-20T22:45:19.5184765Z   ...
verificar · typecheck · unit · build · audit	Pruebas unitarias (domain, api)	2026-09-20T22:45:19.5185050Z # Subtest: 10-B04 §44-§46 — el copy de WP-03 no usa términos prohibidos ni códigos internos
verificar · typecheck · unit · build · audit	Pruebas unitarias (domain, api)	2026-09-20T22:45:19.5185441Z ok 67 - 10-B04 §44-§46 — el copy de WP-03 no usa términos prohibidos ni códigos internos
verificar · typecheck · unit · build · audit	Pruebas unitarias (domain, api)	2026-09-20T22:45:19.5185653Z   ---
verificar · typecheck · unit · build · audit	Pruebas unitarias (domain, api)	2026-09-20T22:45:19.5185758Z   duration_ms: 0.32448
verificar · typecheck · unit · build · audit	Pruebas unitarias (domain, api)	2026-09-20T22:45:19.5185885Z   type: 'test'
verificar · typecheck · unit · build · audit	Pruebas unitarias (domain, api)	2026-09-20T22:45:19.5185992Z   ...
verificar · typecheck · unit · build · audit	Pruebas unitarias (domain, api)	2026-09-20T22:45:19.5186349Z # Subtest: 10-B04:627-638 — cada evento de las tres máquinas tiene etiqueta humana; uno desconocido no se muestra crudo
verificar · typecheck · unit · build · audit	Pruebas unitarias (domain, api)	2026-09-20T22:45:19.5186896Z ok 68 - 10-B04:627-638 — cada evento de las tres máquinas tiene etiqueta humana; uno desconocido no se muestra crudo
verificar · typecheck · unit · build · audit	Pruebas unitarias (domain, api)	2026-09-20T22:45:19.5187162Z   ---
verificar · typecheck · unit · build · audit	Pruebas unitarias (domain, api)	2026-09-20T22:45:19.5187268Z   duration_ms: 0.199582
verificar · typecheck · unit · build · audit	Pruebas unitarias (domain, api)	2026-09-20T22:45:19.5187397Z   type: 'test'
verificar · typecheck · unit · build · audit	Pruebas unitarias (domain, api)	2026-09-20T22:45:19.5187519Z   ...
verificar · typecheck · unit · build · audit	Pruebas unitarias (domain, api)	2026-09-20T22:45:19.5187820Z # Subtest: 10-B04 §28-§29 y H10-04-04 — el profesional ve el estado mínimo, nunca la razón del bloqueo
verificar · typecheck · unit · build · audit	Pruebas unitarias (domain, api)	2026-09-20T22:45:19.5188248Z ok 69 - 10-B04 §28-§29 y H10-04-04 — el profesional ve el estado mínimo, nunca la razón del bloqueo
verificar · typecheck · unit · build · audit	Pruebas unitarias (domain, api)	2026-09-20T22:45:19.5188474Z   ---
verificar · typecheck · unit · build · audit	Pruebas unitarias (domain, api)	2026-09-20T22:45:19.5188578Z   duration_ms: 0.113412
verificar · typecheck · unit · build · audit	Pruebas unitarias (domain, api)	2026-09-20T22:45:19.5188704Z   type: 'test'
verificar · typecheck · unit · build · audit	Pruebas unitarias (domain, api)	2026-09-20T22:45:19.5188818Z   ...
verificar · typecheck · unit · build · audit	Pruebas unitarias (domain, api)	2026-09-20T22:45:19.5189156Z # Subtest: 10-B04:538-553 — el asesorado ve «No efectivo» cuando su consentimiento activo hoy no habilita el acceso
verificar · typecheck · unit · build · audit	Pruebas unitarias (domain, api)	2026-09-20T22:45:19.5189648Z ok 70 - 10-B04:538-553 — el asesorado ve «No efectivo» cuando su consentimiento activo hoy no habilita el acceso
verificar · typecheck · unit · build · audit	Pruebas unitarias (domain, api)	2026-09-20T22:45:19.5189906Z   ---
verificar · typecheck · unit · build · audit	Pruebas unitarias (domain, api)	2026-09-20T22:45:19.5190013Z   duration_ms: 0.283018
verificar · typecheck · unit · build · audit	Pruebas unitarias (domain, api)	2026-09-20T22:45:19.5190134Z   type: 'test'
verificar · typecheck · unit · build · audit	Pruebas unitarias (domain, api)	2026-09-20T22:45:19.5190245Z   ...
verificar · typecheck · unit · build · audit	Pruebas unitarias (domain, api)	2026-09-20T22:45:19.6064283Z # Subtest: 06 §10.7 · CrearBorrador, GuardarBorrador y ActivarVersion están declaradas y con guardas favorables se permiten
verificar · typecheck · unit · build · audit	Pruebas unitarias (domain, api)	2026-09-20T22:45:19.6065733Z ok 71 - 06 §10.7 · CrearBorrador, GuardarBorrador y ActivarVersion están declaradas y con guardas favorables se permiten
verificar · typecheck · unit · build · audit	Pruebas unitarias (domain, api)	2026-09-20T22:45:19.6066414Z   ---
verificar · typecheck · unit · build · audit	Pruebas unitarias (domain, api)	2026-09-20T22:45:19.6066727Z   duration_ms: 0.98578
verificar · typecheck · unit · build · audit	Pruebas unitarias (domain, api)	2026-09-20T22:45:19.6067055Z   type: 'test'
verificar · typecheck · unit · build · audit	Pruebas unitarias (domain, api)	2026-09-20T22:45:19.6067350Z   ...
verificar · typecheck · unit · build · audit	Pruebas unitarias (domain, api)	2026-09-20T22:45:19.6068061Z # Subtest: INV-06-109 · no hay ninguna transición que salga de ACTIVADA: reabrir, editar o reactivar falla
verificar · typecheck · unit · build · audit	Pruebas unitarias (domain, api)	2026-09-20T22:45:19.6069031Z ok 72 - INV-06-109 · no hay ninguna transición que salga de ACTIVADA: reabrir, editar o reactivar falla
verificar · typecheck · unit · build · audit	Pruebas unitarias (domain, api)	2026-09-20T22:45:19.6069589Z   ---
verificar · typecheck · unit · build · audit	Pruebas unitarias (domain, api)	2026-09-20T22:45:19.6069901Z   duration_ms: 0.737005
verificar · typecheck · unit · build · audit	Pruebas unitarias (domain, api)	2026-09-20T22:45:19.6070241Z   type: 'test'
verificar · typecheck · unit · build · audit	Pruebas unitarias (domain, api)	2026-09-20T22:45:19.6070796Z   ...
verificar · typecheck · unit · build · audit	Pruebas unitarias (domain, api)	2026-09-20T22:45:19.6071354Z # Subtest: 06 §10.7 · un borrador no se vuelve a crear sobre sí mismo
verificar · typecheck · unit · build · audit	Pruebas unitarias (domain, api)	2026-09-20T22:45:19.6072005Z ok 73 - 06 §10.7 · un borrador no se vuelve a crear sobre sí mismo
verificar · typecheck · unit · build · audit	Pruebas unitarias (domain, api)	2026-09-20T22:45:19.6072443Z   ---
verificar · typecheck · unit · build · audit	Pruebas unitarias (domain, api)	2026-09-20T22:45:19.6072759Z   duration_ms: 0.11199
verificar · typecheck · unit · build · audit	Pruebas unitarias (domain, api)	2026-09-20T22:45:19.6073099Z   type: 'test'
verificar · typecheck · unit · build · audit	Pruebas unitarias (domain, api)	2026-09-20T22:45:19.6073400Z   ...
verificar · typecheck · unit · build · audit	Pruebas unitarias (domain, api)	2026-09-20T22:45:19.6073973Z # Subtest: REG-06-104 · cada guarda de ActivarVersion desfavorable impide activar
verificar · typecheck · unit · build · audit	Pruebas unitarias (domain, api)	2026-09-20T22:45:19.6074733Z ok 74 - REG-06-104 · cada guarda de ActivarVersion desfavorable impide activar
verificar · typecheck · unit · build · audit	Pruebas unitarias (domain, api)	2026-09-20T22:45:19.6075219Z   ---
verificar · typecheck · unit · build · audit	Pruebas unitarias (domain, api)	2026-09-20T22:45:19.6075520Z   duration_ms: 0.249106
verificar · typecheck · unit · build · audit	Pruebas unitarias (domain, api)	2026-09-20T22:45:19.6075854Z   type: 'test'
verificar · typecheck · unit · build · audit	Pruebas unitarias (domain, api)	2026-09-20T22:45:19.6076155Z   ...
verificar · typecheck · unit · build · audit	Pruebas unitarias (domain, api)	2026-09-20T22:45:19.6076759Z # Subtest: 06 §8 · las cinco transiciones del Proceso con guardas favorables se permiten
verificar · typecheck · unit · build · audit	Pruebas unitarias (domain, api)	2026-09-20T22:45:19.6077539Z ok 75 - 06 §8 · las cinco transiciones del Proceso con guardas favorables se permiten
verificar · typecheck · unit · build · audit	Pruebas unitarias (domain, api)	2026-09-20T22:45:19.6097251Z   ---
verificar · typecheck · unit · build · audit	Pruebas unitarias (domain, api)	2026-09-20T22:45:19.6097623Z   duration_ms: 0.156386
verificar · typecheck · unit · build · audit	Pruebas unitarias (domain, api)	2026-09-20T22:45:19.6097956Z   type: 'test'
verificar · typecheck · unit · build · audit	Pruebas unitarias (domain, api)	2026-09-20T22:45:19.6098256Z   ...
verificar · typecheck · unit · build · audit	Pruebas unitarias (domain, api)	2026-09-20T22:45:19.6098937Z # Subtest: INV-06-86 · CERRADO es terminal: ninguna transición sale de CERRADO
verificar · typecheck · unit · build · audit	Pruebas unitarias (domain, api)	2026-09-20T22:45:19.6100039Z ok 76 - INV-06-86 · CERRADO es terminal: ninguna transición sale de CERRADO
verificar · typecheck · unit · build · audit	Pruebas unitarias (domain, api)	2026-09-20T22:45:19.6120066Z   ---
verificar · typecheck · unit · build · audit	Pruebas unitarias (domain, api)	2026-09-20T22:45:19.6120436Z   duration_ms: 1.531205
verificar · typecheck · unit · build · audit	Pruebas unitarias (domain, api)	2026-09-20T22:45:19.6121008Z   type: 'test'
verificar · typecheck · unit · build · audit	Pruebas unitarias (domain, api)	2026-09-20T22:45:19.6121315Z   ...
verificar · typecheck · unit · build · audit	Pruebas unitarias (domain, api)	2026-09-20T22:45:19.6122153Z # Subtest: INV-06-74 · AbrirProceso solo desde inicio; los cierres del sistema no los ejecuta el profesional
verificar · typecheck · unit · build · audit	Pruebas unitarias (domain, api)	2026-09-20T22:45:19.6123121Z ok 77 - INV-06-74 · AbrirProceso solo desde inicio; los cierres del sistema no los ejecuta el profesional
verificar · typecheck · unit · build · audit	Pruebas unitarias (domain, api)	2026-09-20T22:45:19.6123672Z   ---
verificar · typecheck · unit · build · audit	Pruebas unitarias (domain, api)	2026-09-20T22:45:19.6123980Z   duration_ms: 0.120512
verificar · typecheck · unit · build · audit	Pruebas unitarias (domain, api)	2026-09-20T22:45:19.6124317Z   type: 'test'
verificar · typecheck · unit · build · audit	Pruebas unitarias (domain, api)	2026-09-20T22:45:19.6124612Z   ...
verificar · typecheck · unit · build · audit	Pruebas unitarias (domain, api)	2026-09-20T22:45:19.6125279Z # Subtest: INV-06-75, 85 · abrir exige capacidad; continuar o cerrar por revisión exige revisión válida
verificar · typecheck · unit · build · audit	Pruebas unitarias (domain, api)	2026-09-20T22:45:19.6126189Z ok 78 - INV-06-75, 85 · abrir exige capacidad; continuar o cerrar por revisión exige revisión válida
verificar · typecheck · unit · build · audit	Pruebas unitarias (domain, api)	2026-09-20T22:45:19.6126719Z   ---
verificar · typecheck · unit · build · audit	Pruebas unitarias (domain, api)	2026-09-20T22:45:19.6127035Z   duration_ms: 0.107432
verificar · typecheck · unit · build · audit	Pruebas unitarias (domain, api)	2026-09-20T22:45:19.6127355Z   type: 'test'
verificar · typecheck · unit · build · audit	Pruebas unitarias (domain, api)	2026-09-20T22:45:19.6127656Z   ...
verificar · typecheck · unit · build · audit	Pruebas unitarias (domain, api)	2026-09-20T22:45:19.6128260Z # Subtest: REG-06-64/78 · con un Proceso abierto, la activación es continuidad; sin él, es NUEVO
verificar · typecheck · unit · build · audit	Pruebas unitarias (domain, api)	2026-09-20T22:45:19.6129154Z ok 79 - REG-06-64/78 · con un Proceso abierto, la activación es continuidad; sin él, es NUEVO
verificar · typecheck · unit · build · audit	Pruebas unitarias (domain, api)	2026-09-20T22:45:19.6129644Z   ---
verificar · typecheck · unit · build · audit	Pruebas unitarias (domain, api)	2026-09-20T22:45:19.6129938Z   duration_ms: 0.268857
verificar · typecheck · unit · build · audit	Pruebas unitarias (domain, api)	2026-09-20T22:45:19.6130260Z   type: 'test'
verificar · typecheck · unit · build · audit	Pruebas unitarias (domain, api)	2026-09-20T22:45:19.6130700Z   ...
verificar · typecheck · unit · build · audit	Pruebas unitarias (domain, api)	2026-09-20T22:45:19.6131539Z # Subtest: REG-06-66 · el Proceso vigente exige todas las condiciones; revocar el consentimiento lo vuelve no vigente sin cerrarlo
verificar · typecheck · unit · build · audit	Pruebas unitarias (domain, api)	2026-09-20T22:45:19.6132724Z ok 80 - REG-06-66 · el Proceso vigente exige todas las condiciones; revocar el consentimiento lo vuelve no vigente sin cerrarlo
verificar · typecheck · unit · build · audit	Pruebas unitarias (domain, api)	2026-09-20T22:45:19.6133380Z   ---
verificar · typecheck · unit · build · audit	Pruebas unitarias (domain, api)	2026-09-20T22:45:19.6133688Z   duration_ms: 0.341396
verificar · typecheck · unit · build · audit	Pruebas unitarias (domain, api)	2026-09-20T22:45:19.6134023Z   type: 'test'
verificar · typecheck · unit · build · audit	Pruebas unitarias (domain, api)	2026-09-20T22:45:19.6134329Z   ...
verificar · typecheck · unit · build · audit	Pruebas unitarias (domain, api)	2026-09-20T22:45:19.6134873Z # Subtest: REG-06-82 · sin configuración, SIN_LIMITE: nunca rechaza
verificar · typecheck · unit · build · audit	Pruebas unitarias (domain, api)	2026-09-20T22:45:19.6135554Z ok 81 - REG-06-82 · sin configuración, SIN_LIMITE: nunca rechaza
verificar · typecheck · unit · build · audit	Pruebas unitarias (domain, api)	2026-09-20T22:45:19.6135996Z   ---
verificar · typecheck · unit · build · audit	Pruebas unitarias (domain, api)	2026-09-20T22:45:19.6136304Z   duration_ms: 0.210869
verificar · typecheck · unit · build · audit	Pruebas unitarias (domain, api)	2026-09-20T22:45:19.6136644Z   type: 'test'
verificar · typecheck · unit · build · audit	Pruebas unitarias (domain, api)	2026-09-20T22:45:19.6136948Z   ...
verificar · typecheck · unit · build · audit	Pruebas unitarias (domain, api)	2026-09-20T22:45:19.6137565Z # Subtest: REG-06-91 · LIMITADA admite si la ocupación proyectada no supera el límite
verificar · typecheck · unit · build · audit	Pruebas unitarias (domain, api)	2026-09-20T22:45:19.6138384Z ok 82 - REG-06-91 · LIMITADA admite si la ocupación proyectada no supera el límite
verificar · typecheck · unit · build · audit	Pruebas unitarias (domain, api)	2026-09-20T22:45:19.6138889Z   ---
verificar · typecheck · unit · build · audit	Pruebas unitarias (domain, api)	2026-09-20T22:45:19.6139196Z   duration_ms: 0.09896
verificar · typecheck · unit · build · audit	Pruebas unitarias (domain, api)	2026-09-20T22:45:19.6139528Z   type: 'test'
verificar · typecheck · unit · build · audit	Pruebas unitarias (domain, api)	2026-09-20T22:45:19.6139838Z   ...
verificar · typecheck · unit · build · audit	Pruebas unitarias (domain, api)	2026-09-20T22:45:19.6140511Z # Subtest: REG-06-91 · un asesorado que ya cuenta no suma ni se rechaza; la sobreocupación rechaza todo nuevo
verificar · typecheck · unit · build · audit	Pruebas unitarias (domain, api)	2026-09-20T22:45:19.6141526Z ok 83 - REG-06-91 · un asesorado que ya cuenta no suma ni se rechaza; la sobreocupación rechaza todo nuevo
verificar · typecheck · unit · build · audit	Pruebas unitarias (domain, api)	2026-09-20T22:45:19.6142065Z   ---
verificar · typecheck · unit · build · audit	Pruebas unitarias (domain, api)	2026-09-20T22:45:19.6142355Z   duration_ms: 0.076315
verificar · typecheck · unit · build · audit	Pruebas unitarias (domain, api)	2026-09-20T22:45:19.6142677Z   type: 'test'
verificar · typecheck · unit · build · audit	Pruebas unitarias (domain, api)	2026-09-20T22:45:19.6142964Z   ...
verificar · typecheck · unit · build · audit	Pruebas unitarias (domain, api)	2026-09-20T22:45:19.6143738Z # Subtest: REG-06-144 · la taxonomía tiene exactamente seis resultados y la API mapea uno a uno
verificar · typecheck · unit · build · audit	Pruebas unitarias (domain, api)	2026-09-20T22:45:19.6171664Z ok 84 - REG-06-144 · la taxonomía tiene exactamente seis resultados y la API mapea uno a uno
verificar · typecheck · unit · build · audit	Pruebas unitarias (domain, api)	2026-09-20T22:45:19.6172228Z   ---
verificar · typecheck · unit · build · audit	Pruebas unitarias (domain, api)	2026-09-20T22:45:19.6172535Z   duration_ms: 0.109045
verificar · typecheck · unit · build · audit	Pruebas unitarias (domain, api)	2026-09-20T22:45:19.6172860Z   type: 'test'
verificar · typecheck · unit · build · audit	Pruebas unitarias (domain, api)	2026-09-20T22:45:19.6173137Z   ...
verificar · typecheck · unit · build · audit	Pruebas unitarias (domain, api)	2026-09-20T22:45:19.6173675Z # Subtest: REG-06-147 · solo FINALIZAR cierra el Proceso (INV-06-82, 83)
verificar · typecheck · unit · build · audit	Pruebas unitarias (domain, api)	2026-09-20T22:45:19.6174292Z ok 85 - REG-06-147 · solo FINALIZAR cierra el Proceso (INV-06-82, 83)
verificar · typecheck · unit · build · audit	Pruebas unitarias (domain, api)	2026-09-20T22:45:19.6174686Z   ---
verificar · typecheck · unit · build · audit	Pruebas unitarias (domain, api)	2026-09-20T22:45:19.6174962Z   duration_ms: 0.08583
verificar · typecheck · unit · build · audit	Pruebas unitarias (domain, api)	2026-09-20T22:45:19.6175257Z   type: 'test'
verificar · typecheck · unit · build · audit	Pruebas unitarias (domain, api)	2026-09-20T22:45:19.6175519Z   ...
verificar · typecheck · unit · build · audit	Pruebas unitarias (domain, api)	2026-09-20T22:45:19.6176201Z # Subtest: TEST-NUT-006 · la revisión válida exige evidencia, interpretación, resultado, fundamento y próxima acción o cierre
verificar · typecheck · unit · build · audit	Pruebas unitarias (domain, api)	2026-09-20T22:45:19.6177531Z ok 86 - TEST-NUT-006 · la revisión válida exige evidencia, interpretación, resultado, fundamento y próxima acción o cierre
verificar · typecheck · unit · build · audit	Pruebas unitarias (domain, api)	2026-09-20T22:45:19.6178062Z   ---
verificar · typecheck · unit · build · audit	Pruebas unitarias (domain, api)	2026-09-20T22:45:19.6178339Z   duration_ms: 0.155826
verificar · typecheck · unit · build · audit	Pruebas unitarias (domain, api)	2026-09-20T22:45:19.6178635Z   type: 'test'
verificar · typecheck · unit · build · audit	Pruebas unitarias (domain, api)	2026-09-20T22:45:19.6178909Z   ...
verificar · typecheck · unit · build · audit	Pruebas unitarias (domain, api)	2026-09-20T22:45:19.6179465Z # Subtest: UC-P13 E05 · un resultado fuera de la taxonomía no es una revisión válida
verificar · typecheck · unit · build · audit	Pruebas unitarias (domain, api)	2026-09-20T22:45:19.6180154Z ok 87 - UC-P13 E05 · un resultado fuera de la taxonomía no es una revisión válida
verificar · typecheck · unit · build · audit	Pruebas unitarias (domain, api)	2026-09-20T22:45:19.6180788Z   ---
verificar · typecheck · unit · build · audit	Pruebas unitarias (domain, api)	2026-09-20T22:45:19.6181072Z   duration_ms: 0.080341
verificar · typecheck · unit · build · audit	Pruebas unitarias (domain, api)	2026-09-20T22:45:19.6181379Z   type: 'test'
verificar · typecheck · unit · build · audit	Pruebas unitarias (domain, api)	2026-09-20T22:45:19.6181666Z   ...
verificar · typecheck · unit · build · audit	Pruebas unitarias (domain, api)	2026-09-20T22:45:19.6182219Z # Subtest: REG-06-146 · REPROGRAMAR_REVISION exige la fecha de la próxima revisión
verificar · typecheck · unit · build · audit	Pruebas unitarias (domain, api)	2026-09-20T22:45:19.6183006Z ok 88 - REG-06-146 · REPROGRAMAR_REVISION exige la fecha de la próxima revisión
verificar · typecheck · unit · build · audit	Pruebas unitarias (domain, api)	2026-09-20T22:45:19.6183498Z   ---
verificar · typecheck · unit · build · audit	Pruebas unitarias (domain, api)	2026-09-20T22:45:19.6183789Z   duration_ms: 0.078448
verificar · typecheck · unit · build · audit	Pruebas unitarias (domain, api)	2026-09-20T22:45:19.6184113Z   type: 'test'
verificar · typecheck · unit · build · audit	Pruebas unitarias (domain, api)	2026-09-20T22:45:19.6184395Z   ...
verificar · typecheck · unit · build · audit	Pruebas unitarias (domain, api)	2026-09-20T22:45:19.6185090Z # Subtest: REG-06-150 · el pendiente nace de una expectativa explícita y se resuelve solo con una revisión aplicada
verificar · typecheck · unit · build · audit	Pruebas unitarias (domain, api)	2026-09-20T22:45:19.6186056Z ok 89 - REG-06-150 · el pendiente nace de una expectativa explícita y se resuelve solo con una revisión aplicada
verificar · typecheck · unit · build · audit	Pruebas unitarias (domain, api)	2026-09-20T22:45:19.6186614Z   ---
verificar · typecheck · unit · build · audit	Pruebas unitarias (domain, api)	2026-09-20T22:45:19.6186898Z   duration_ms: 0.124929
verificar · typecheck · unit · build · audit	Pruebas unitarias (domain, api)	2026-09-20T22:45:19.6187208Z   type: 'test'
verificar · typecheck · unit · build · audit	Pruebas unitarias (domain, api)	2026-09-20T22:45:19.6187497Z   ...
verificar · typecheck · unit · build · audit	Pruebas unitarias (domain, api)	2026-09-20T22:45:19.6188077Z # Subtest: DL-049 · normalizar asigna identificadores faltantes y conserva los que vienen
verificar · typecheck · unit · build · audit	Pruebas unitarias (domain, api)	2026-09-20T22:45:19.6188866Z ok 90 - DL-049 · normalizar asigna identificadores faltantes y conserva los que vienen
verificar · typecheck · unit · build · audit	Pruebas unitarias (domain, api)	2026-09-20T22:45:19.6189355Z   ---
verificar · typecheck · unit · build · audit	Pruebas unitarias (domain, api)	2026-09-20T22:45:19.6189634Z   duration_ms: 0.245011
verificar · typecheck · unit · build · audit	Pruebas unitarias (domain, api)	2026-09-20T22:45:19.6189954Z   type: 'test'
verificar · typecheck · unit · build · audit	Pruebas unitarias (domain, api)	2026-09-20T22:45:19.6190246Z   ...
verificar · typecheck · unit · build · audit	Pruebas unitarias (domain, api)	2026-09-20T22:45:19.6191322Z # Subtest: RF-030 · un borrador incompleto se puede guardar; validar informa lo que falta, con la ruta (09v9:589)
verificar · typecheck · unit · build · audit	Pruebas unitarias (domain, api)	2026-09-20T22:45:19.6192306Z ok 91 - RF-030 · un borrador incompleto se puede guardar; validar informa lo que falta, con la ruta (09v9:589)
verificar · typecheck · unit · build · audit	Pruebas unitarias (domain, api)	2026-09-20T22:45:19.6192859Z   ---
verificar · typecheck · unit · build · audit	Pruebas unitarias (domain, api)	2026-09-20T22:45:19.6193146Z   duration_ms: 0.481397
verificar · typecheck · unit · build · audit	Pruebas unitarias (domain, api)	2026-09-20T22:45:19.6193471Z   type: 'test'
verificar · typecheck · unit · build · audit	Pruebas unitarias (domain, api)	2026-09-20T22:45:19.6193775Z   ...
verificar · typecheck · unit · build · audit	Pruebas unitarias (domain, api)	2026-09-20T22:45:19.6194421Z # Subtest: REG-06-122 · con cantidad, el estado de preparación es obligatorio; sin cantidad, no
verificar · typecheck · unit · build · audit	Pruebas unitarias (domain, api)	2026-09-20T22:45:19.6195247Z ok 92 - REG-06-122 · con cantidad, el estado de preparación es obligatorio; sin cantidad, no
verificar · typecheck · unit · build · audit	Pruebas unitarias (domain, api)	2026-09-20T22:45:19.6195740Z   ---
verificar · typecheck · unit · build · audit	Pruebas unitarias (domain, api)	2026-09-20T22:45:19.6196030Z   duration_ms: 0.217539
verificar · typecheck · unit · build · audit	Pruebas unitarias (domain, api)	2026-09-20T22:45:19.6196350Z   type: 'test'
verificar · typecheck · unit · build · audit	Pruebas unitarias (domain, api)	2026-09-20T22:45:19.6196642Z   ...
verificar · typecheck · unit · build · audit	Pruebas unitarias (domain, api)	2026-09-20T22:45:19.6197411Z # Subtest: 09v9 PATCH · modalidad B no habilitada, referencia de catálogo inválida e identificador repetido impiden guardar
verificar · typecheck · unit · build · audit	Pruebas unitarias (domain, api)	2026-09-20T22:45:19.6198457Z ok 93 - 09v9 PATCH · modalidad B no habilitada, referencia de catálogo inválida e identificador repetido impiden guardar
verificar · typecheck · unit · build · audit	Pruebas unitarias (domain, api)	2026-09-20T22:45:19.6199059Z   ---
verificar · typecheck · unit · build · audit	Pruebas unitarias (domain, api)	2026-09-20T22:45:19.6199353Z   duration_ms: 0.117598
verificar · typecheck · unit · build · audit	Pruebas unitarias (domain, api)	2026-09-20T22:45:19.6199675Z   type: 'test'
verificar · typecheck · unit · build · audit	Pruebas unitarias (domain, api)	2026-09-20T22:45:19.6200023Z   ...
verificar · typecheck · unit · build · audit	Pruebas unitarias (domain, api)	2026-09-20T22:45:19.6200769Z # Subtest: REG-06-105 · la instantánea resuelve nombre y versión del catálogo al activar
verificar · typecheck · unit · build · audit	Pruebas unitarias (domain, api)	2026-09-20T22:45:19.6201546Z ok 94 - REG-06-105 · la instantánea resuelve nombre y versión del catálogo al activar
verificar · typecheck · unit · build · audit	Pruebas unitarias (domain, api)	2026-09-20T22:45:19.6202002Z   ---
verificar · typecheck · unit · build · audit	Pruebas unitarias (domain, api)	2026-09-20T22:45:19.6202288Z   duration_ms: 0.315336
verificar · typecheck · unit · build · audit	Pruebas unitarias (domain, api)	2026-09-20T22:45:19.6202604Z   type: 'test'
verificar · typecheck · unit · build · audit	Pruebas unitarias (domain, api)	2026-09-20T22:45:19.6202886Z   ...
verificar · typecheck · unit · build · audit	Pruebas unitarias (domain, api)	2026-09-20T22:45:19.6203448Z # Subtest: 06:1391 · si un ítem no se resuelve, la instantánea no se puede preservar
verificar · typecheck · unit · build · audit	Pruebas unitarias (domain, api)	2026-09-20T22:45:19.6204148Z ok 95 - 06:1391 · si un ítem no se resuelve, la instantánea no se puede preservar
verificar · typecheck · unit · build · audit	Pruebas unitarias (domain, api)	2026-09-20T22:45:19.6204585Z   ---
verificar · typecheck · unit · build · audit	Pruebas unitarias (domain, api)	2026-09-20T22:45:19.6204875Z   duration_ms: 0.102325
verificar · typecheck · unit · build · audit	Pruebas unitarias (domain, api)	2026-09-20T22:45:19.6205540Z   type: 'test'
verificar · typecheck · unit · build · audit	Pruebas unitarias (domain, api)	2026-09-20T22:45:19.6205829Z   ...
verificar · typecheck · unit · build · audit	Pruebas unitarias (domain, api)	2026-09-20T22:45:19.6206605Z # Subtest: REG-06-101 · cambiar el catálogo después de activar no cambia la instantánea (INV-06-115)
verificar · typecheck · unit · build · audit	Pruebas unitarias (domain, api)	2026-09-20T22:45:19.6207456Z ok 96 - REG-06-101 · cambiar el catálogo después de activar no cambia la instantánea (INV-06-115)
verificar · typecheck · unit · build · audit	Pruebas unitarias (domain, api)	2026-09-20T22:45:19.6207982Z   ---
verificar · typecheck · unit · build · audit	Pruebas unitarias (domain, api)	2026-09-20T22:45:19.6208279Z   duration_ms: 0.336448
verificar · typecheck · unit · build · audit	Pruebas unitarias (domain, api)	2026-09-20T22:45:19.6208597Z   type: 'test'
verificar · typecheck · unit · build · audit	Pruebas unitarias (domain, api)	2026-09-20T22:45:19.6208891Z   ...
verificar · typecheck · unit · build · audit	Pruebas unitarias (domain, api)	2026-09-20T22:45:19.6209559Z # Subtest: REG-06-106 · la ingesta prescripta referencia día tipo, comida y opción de la instantánea
verificar · typecheck · unit · build · audit	Pruebas unitarias (domain, api)	2026-09-20T22:45:19.6210455Z ok 97 - REG-06-106 · la ingesta prescripta referencia día tipo, comida y opción de la instantánea
verificar · typecheck · unit · build · audit	Pruebas unitarias (domain, api)	2026-09-20T22:45:19.6211143Z   ---
verificar · typecheck · unit · build · audit	Pruebas unitarias (domain, api)	2026-09-20T22:45:19.6211440Z   duration_ms: 0.256548
verificar · typecheck · unit · build · audit	Pruebas unitarias (domain, api)	2026-09-20T22:45:19.6211759Z   type: 'test'
verificar · typecheck · unit · build · audit	Pruebas unitarias (domain, api)	2026-09-20T22:45:19.6212054Z   ...
verificar · typecheck · unit · build · audit	Pruebas unitarias (domain, api)	2026-09-20T22:45:19.6212920Z # Subtest: TEST-NUT-002/005 · contraste: prescripto ≠ registrado, sin registro = NO_DATA, y la diferencia es de cantidad (DV-05 TEST-RF-034)
verificar · typecheck · unit · build · audit	Pruebas unitarias (domain, api)	2026-09-20T22:45:19.6214167Z ok 98 - TEST-NUT-002/005 · contraste: prescripto ≠ registrado, sin registro = NO_DATA, y la diferencia es de cantidad (DV-05 TEST-RF-034)
verificar · typecheck · unit · build · audit	Pruebas unitarias (domain, api)	2026-09-20T22:45:19.6214713Z   ---
verificar · typecheck · unit · build · audit	Pruebas unitarias (domain, api)	2026-09-20T22:45:19.6214921Z   duration_ms: 0.809945
verificar · typecheck · unit · build · audit	Pruebas unitarias (domain, api)	2026-09-20T22:45:19.6215145Z   type: 'test'
verificar · typecheck · unit · build · audit	Pruebas unitarias (domain, api)	2026-09-20T22:45:19.6215356Z   ...
verificar · typecheck · unit · build · audit	Pruebas unitarias (domain, api)	2026-09-20T22:45:19.6215771Z # Subtest: INV-06-13 · lo registrado contra una versión no se pierde si ese día se activa una sucesora
verificar · typecheck · unit · build · audit	Pruebas unitarias (domain, api)	2026-09-20T22:45:19.6216318Z ok 99 - INV-06-13 · lo registrado contra una versión no se pierde si ese día se activa una sucesora
verificar · typecheck · unit · build · audit	Pruebas unitarias (domain, api)	2026-09-20T22:45:19.6216660Z   ---
verificar · typecheck · unit · build · audit	Pruebas unitarias (domain, api)	2026-09-20T22:45:19.6216869Z   duration_ms: 0.296278
verificar · typecheck · unit · build · audit	Pruebas unitarias (domain, api)	2026-09-20T22:45:19.6217094Z   type: 'test'
verificar · typecheck · unit · build · audit	Pruebas unitarias (domain, api)	2026-09-20T22:45:19.6217308Z   ...
verificar · typecheck · unit · build · audit	Pruebas unitarias (domain, api)	2026-09-20T22:45:19.6217670Z # Subtest: fechasDelPeriodo · incluye los extremos y respeta los cambios de mes
verificar · typecheck · unit · build · audit	Pruebas unitarias (domain, api)	2026-09-20T22:45:19.6218145Z ok 100 - fechasDelPeriodo · incluye los extremos y respeta los cambios de mes
verificar · typecheck · unit · build · audit	Pruebas unitarias (domain, api)	2026-09-20T22:45:19.6218474Z   ---
verificar · typecheck · unit · build · audit	Pruebas unitarias (domain, api)	2026-09-20T22:45:19.6218689Z   duration_ms: 0.095855
verificar · typecheck · unit · build · audit	Pruebas unitarias (domain, api)	2026-09-20T22:45:19.6218912Z   type: 'test'
verificar · typecheck · unit · build · audit	Pruebas unitarias (domain, api)	2026-09-20T22:45:19.6219121Z   ...
verificar · typecheck · unit · build · audit	Pruebas unitarias (domain, api)	2026-09-20T22:45:19.6219749Z # Subtest: TEST-PRJ-009 · ningún schema de nutrición tiene puntaje, porcentaje de cumplimiento ni calificación
verificar · typecheck · unit · build · audit	Pruebas unitarias (domain, api)	2026-09-20T22:45:19.6221051Z ok 101 - TEST-PRJ-009 · ningún schema de nutrición tiene puntaje, porcentaje de cumplimiento ni calificación
verificar · typecheck · unit · build · audit	Pruebas unitarias (domain, api)	2026-09-20T22:45:19.6221625Z   ---
verificar · typecheck · unit · build · audit	Pruebas unitarias (domain, api)	2026-09-20T22:45:19.6221925Z   duration_ms: 55.883851
verificar · typecheck · unit · build · audit	Pruebas unitarias (domain, api)	2026-09-20T22:45:19.6222243Z   type: 'test'
verificar · typecheck · unit · build · audit	Pruebas unitarias (domain, api)	2026-09-20T22:45:19.6222533Z   ...
verificar · typecheck · unit · build · audit	Pruebas unitarias (domain, api)	2026-09-20T22:45:19.6223247Z # Subtest: TEST-PRJ-009 · el OpenAPI generado tampoco expone puntaje de adherencia en ninguna operación de nutrición
verificar · typecheck · unit · build · audit	Pruebas unitarias (domain, api)	2026-09-20T22:45:19.6224243Z ok 102 - TEST-PRJ-009 · el OpenAPI generado tampoco expone puntaje de adherencia en ninguna operación de nutrición
verificar · typecheck · unit · build · audit	Pruebas unitarias (domain, api)	2026-09-20T22:45:19.6224806Z   ---
verificar · typecheck · unit · build · audit	Pruebas unitarias (domain, api)	2026-09-20T22:45:19.6225089Z   duration_ms: 38.20817
verificar · typecheck · unit · build · audit	Pruebas unitarias (domain, api)	2026-09-20T22:45:19.6225419Z   type: 'test'
verificar · typecheck · unit · build · audit	Pruebas unitarias (domain, api)	2026-09-20T22:45:19.6225708Z   ...
verificar · typecheck · unit · build · audit	Pruebas unitarias (domain, api)	2026-09-20T22:45:19.6226302Z # Subtest: T13 · el copy de nutrición no usa ningún término prohibido (B10-05; REG-06-125)
verificar · typecheck · unit · build · audit	Pruebas unitarias (domain, api)	2026-09-20T22:45:19.6227075Z ok 103 - T13 · el copy de nutrición no usa ningún término prohibido (B10-05; REG-06-125)
verificar · typecheck · unit · build · audit	Pruebas unitarias (domain, api)	2026-09-20T22:45:19.6227560Z   ---
verificar · typecheck · unit · build · audit	Pruebas unitarias (domain, api)	2026-09-20T22:45:19.6227854Z   duration_ms: 1.195999
verificar · typecheck · unit · build · audit	Pruebas unitarias (domain, api)	2026-09-20T22:45:19.6228174Z   type: 'test'
verificar · typecheck · unit · build · audit	Pruebas unitarias (domain, api)	2026-09-20T22:45:19.6228465Z   ...
verificar · typecheck · unit · build · audit	Pruebas unitarias (domain, api)	2026-09-20T22:45:19.6303201Z # Subtest: REG-06-214 · la evaluación nace EN_PREPARACION y solo un acto explícito la registra
verificar · typecheck · unit · build · audit	Pruebas unitarias (domain, api)	2026-09-20T22:45:19.6303930Z ok 104 - REG-06-214 · la evaluación nace EN_PREPARACION y solo un acto explícito la registra
verificar · typecheck · unit · build · audit	Pruebas unitarias (domain, api)	2026-09-20T22:45:19.6304268Z   ---
verificar · typecheck · unit · build · audit	Pruebas unitarias (domain, api)	2026-09-20T22:45:19.6304387Z   duration_ms: 1.052942
verificar · typecheck · unit · build · audit	Pruebas unitarias (domain, api)	2026-09-20T22:45:19.6304523Z   type: 'test'
verificar · typecheck · unit · build · audit	Pruebas unitarias (domain, api)	2026-09-20T22:45:19.6304635Z   ...
verificar · typecheck · unit · build · audit	Pruebas unitarias (domain, api)	2026-09-20T22:45:19.6304917Z # Subtest: TEST-ANT-003 · registrar exige contenido registrable: no hay registro vacío
verificar · typecheck · unit · build · audit	Pruebas unitarias (domain, api)	2026-09-20T22:45:19.6305318Z ok 105 - TEST-ANT-003 · registrar exige contenido registrable: no hay registro vacío
verificar · typecheck · unit · build · audit	Pruebas unitarias (domain, api)	2026-09-20T22:45:19.6305813Z   ---
verificar · typecheck · unit · build · audit	Pruebas unitarias (domain, api)	2026-09-20T22:45:19.6305927Z   duration_ms: 0.609481
verificar · typecheck · unit · build · audit	Pruebas unitarias (domain, api)	2026-09-20T22:45:19.6306054Z   type: 'test'
verificar · typecheck · unit · build · audit	Pruebas unitarias (domain, api)	2026-09-20T22:45:19.6306165Z   ...
verificar · typecheck · unit · build · audit	Pruebas unitarias (domain, api)	2026-09-20T22:45:19.6307291Z # Subtest: REG-06-214 inciso 5 · una evaluación REGISTRADA no vuelve a preparación, ni se guarda, ni se registra dos veces
verificar · typecheck · unit · build · audit	Pruebas unitarias (domain, api)	2026-09-20T22:45:19.6308138Z ok 106 - REG-06-214 inciso 5 · una evaluación REGISTRADA no vuelve a preparación, ni se guarda, ni se registra dos veces
verificar · typecheck · unit · build · audit	Pruebas unitarias (domain, api)	2026-09-20T22:45:19.6308558Z   ---
verificar · typecheck · unit · build · audit	Pruebas unitarias (domain, api)	2026-09-20T22:45:19.6308718Z   duration_ms: 0.13268
verificar · typecheck · unit · build · audit	Pruebas unitarias (domain, api)	2026-09-20T22:45:19.6308906Z   type: 'test'
verificar · typecheck · unit · build · audit	Pruebas unitarias (domain, api)	2026-09-20T22:45:19.6309068Z   ...
verificar · typecheck · unit · build · audit	Pruebas unitarias (domain, api)	2026-09-20T22:45:19.6309436Z # Subtest: REG-06-218 · anular una medición vigente procede y exige motivo
verificar · typecheck · unit · build · audit	Pruebas unitarias (domain, api)	2026-09-20T22:45:19.6309948Z ok 107 - REG-06-218 · anular una medición vigente procede y exige motivo
verificar · typecheck · unit · build · audit	Pruebas unitarias (domain, api)	2026-09-20T22:45:19.6310243Z   ---
verificar · typecheck · unit · build · audit	Pruebas unitarias (domain, api)	2026-09-20T22:45:19.6310402Z   duration_ms: 0.179391
verificar · typecheck · unit · build · audit	Pruebas unitarias (domain, api)	2026-09-20T22:45:19.6310691Z   type: 'test'
verificar · typecheck · unit · build · audit	Pruebas unitarias (domain, api)	2026-09-20T22:45:19.6310857Z   ...
verificar · typecheck · unit · build · audit	Pruebas unitarias (domain, api)	2026-09-20T22:45:19.6311376Z # Subtest: TEST-ANT-006 · adversarial 6: la segunda anulación no produce un segundo efecto ni un error nuevo
verificar · typecheck · unit · build · audit	Pruebas unitarias (domain, api)	2026-09-20T22:45:19.6312121Z ok 108 - TEST-ANT-006 · adversarial 6: la segunda anulación no produce un segundo efecto ni un error nuevo
verificar · typecheck · unit · build · audit	Pruebas unitarias (domain, api)	2026-09-20T22:45:19.6312512Z   ---
verificar · typecheck · unit · build · audit	Pruebas unitarias (domain, api)	2026-09-20T22:45:19.6312670Z   duration_ms: 0.168896
verificar · typecheck · unit · build · audit	Pruebas unitarias (domain, api)	2026-09-20T22:45:19.6312853Z   type: 'test'
verificar · typecheck · unit · build · audit	Pruebas unitarias (domain, api)	2026-09-20T22:45:19.6313016Z   ...
verificar · typecheck · unit · build · audit	Pruebas unitarias (domain, api)	2026-09-20T22:45:19.6313522Z # Subtest: TEST-ANT-007 · no existe reversión implícita: ANULADA no admite corrección que la vuelva efectiva
verificar · typecheck · unit · build · audit	Pruebas unitarias (domain, api)	2026-09-20T22:45:19.6314257Z ok 109 - TEST-ANT-007 · no existe reversión implícita: ANULADA no admite corrección que la vuelva efectiva
verificar · typecheck · unit · build · audit	Pruebas unitarias (domain, api)	2026-09-20T22:45:19.6314773Z   ---
verificar · typecheck · unit · build · audit	Pruebas unitarias (domain, api)	2026-09-20T22:45:19.6315013Z   duration_ms: 0.09301
verificar · typecheck · unit · build · audit	Pruebas unitarias (domain, api)	2026-09-20T22:45:19.6315342Z   type: 'test'
verificar · typecheck · unit · build · audit	Pruebas unitarias (domain, api)	2026-09-20T22:45:19.6315635Z   ...
verificar · typecheck · unit · build · audit	Pruebas unitarias (domain, api)	2026-09-20T22:45:19.6316021Z # Subtest: TEST-ANT-001 · medido, reportado y calculado son clases distintas, no una convención de nombre
verificar · typecheck · unit · build · audit	Pruebas unitarias (domain, api)	2026-09-20T22:45:19.6316626Z ok 110 - TEST-ANT-001 · medido, reportado y calculado son clases distintas, no una convención de nombre
verificar · typecheck · unit · build · audit	Pruebas unitarias (domain, api)	2026-09-20T22:45:19.6316938Z   ---
verificar · typecheck · unit · build · audit	Pruebas unitarias (domain, api)	2026-09-20T22:45:19.6317128Z   duration_ms: 0.161884
verificar · typecheck · unit · build · audit	Pruebas unitarias (domain, api)	2026-09-20T22:45:19.6317385Z   type: 'test'
verificar · typecheck · unit · build · audit	Pruebas unitarias (domain, api)	2026-09-20T22:45:19.6317564Z   ...
verificar · typecheck · unit · build · audit	Pruebas unitarias (domain, api)	2026-09-20T22:45:19.6318120Z # Subtest: REG-06-09 y REG-06-155 · convertir conserva la unidad de origen y la regla que se aplicó
verificar · typecheck · unit · build · audit	Pruebas unitarias (domain, api)	2026-09-20T22:45:19.6318909Z ok 111 - REG-06-09 y REG-06-155 · convertir conserva la unidad de origen y la regla que se aplicó
verificar · typecheck · unit · build · audit	Pruebas unitarias (domain, api)	2026-09-20T22:45:19.6319265Z   ---
verificar · typecheck · unit · build · audit	Pruebas unitarias (domain, api)	2026-09-20T22:45:19.6319447Z   duration_ms: 0.215186
verificar · typecheck · unit · build · audit	Pruebas unitarias (domain, api)	2026-09-20T22:45:19.6328764Z   type: 'test'
verificar · typecheck · unit · build · audit	Pruebas unitarias (domain, api)	2026-09-20T22:45:19.6328968Z   ...
verificar · typecheck · unit · build · audit	Pruebas unitarias (domain, api)	2026-09-20T22:45:19.6329492Z # Subtest: REG-06-155 · sin regla declarada no hay conversión: no se inventa un factor
verificar · typecheck · unit · build · audit	Pruebas unitarias (domain, api)	2026-09-20T22:45:19.6330191Z ok 112 - REG-06-155 · sin regla declarada no hay conversión: no se inventa un factor
verificar · typecheck · unit · build · audit	Pruebas unitarias (domain, api)	2026-09-20T22:45:19.6330728Z   ---
verificar · typecheck · unit · build · audit	Pruebas unitarias (domain, api)	2026-09-20T22:45:19.6330901Z   duration_ms: 0.246082
verificar · typecheck · unit · build · audit	Pruebas unitarias (domain, api)	2026-09-20T22:45:19.6331103Z   type: 'test'
verificar · typecheck · unit · build · audit	Pruebas unitarias (domain, api)	2026-09-20T22:45:19.6331287Z   ...
verificar · typecheck · unit · build · audit	Pruebas unitarias (domain, api)	2026-09-20T22:45:19.6331737Z # Subtest: REG-06-158 · la precisión y el redondeo son declarados, no implícitos
verificar · typecheck · unit · build · audit	Pruebas unitarias (domain, api)	2026-09-20T22:45:19.6332339Z ok 113 - REG-06-158 · la precisión y el redondeo son declarados, no implícitos
verificar · typecheck · unit · build · audit	Pruebas unitarias (domain, api)	2026-09-20T22:45:19.6332678Z   ---
verificar · typecheck · unit · build · audit	Pruebas unitarias (domain, api)	2026-09-20T22:45:19.6332852Z   duration_ms: 0.378902
verificar · typecheck · unit · build · audit	Pruebas unitarias (domain, api)	2026-09-20T22:45:19.6333043Z   type: 'test'
verificar · typecheck · unit · build · audit	Pruebas unitarias (domain, api)	2026-09-20T22:45:19.6333292Z   ...
verificar · typecheck · unit · build · audit	Pruebas unitarias (domain, api)	2026-09-20T22:45:19.6333856Z # Subtest: REG-06-159 e INV-06-170 · la dependencia es explícita: se resuelve por identificador, nunca por nombre
verificar · typecheck · unit · build · audit	Pruebas unitarias (domain, api)	2026-09-20T22:45:19.6334362Z ok 114 - REG-06-159 e INV-06-170 · la dependencia es explícita: se resuelve por identificador, nunca por nombre
verificar · typecheck · unit · build · audit	Pruebas unitarias (domain, api)	2026-09-20T22:45:19.6334619Z   ---
verificar · typecheck · unit · build · audit	Pruebas unitarias (domain, api)	2026-09-20T22:45:19.6334734Z   duration_ms: 0.201465
verificar · typecheck · unit · build · audit	Pruebas unitarias (domain, api)	2026-09-20T22:45:19.6334863Z   type: 'test'
verificar · typecheck · unit · build · audit	Pruebas unitarias (domain, api)	2026-09-20T22:45:19.6334976Z   ...
verificar · typecheck · unit · build · audit	Pruebas unitarias (domain, api)	2026-09-20T22:45:19.6335331Z # Subtest: TEST-ANT-008 · un input anulado obliga a reevaluar dependencias, y sin reemplazo no se inventa sucesor
verificar · typecheck · unit · build · audit	Pruebas unitarias (domain, api)	2026-09-20T22:45:19.6336103Z ok 115 - TEST-ANT-008 · un input anulado obliga a reevaluar dependencias, y sin reemplazo no se inventa sucesor
verificar · typecheck · unit · build · audit	Pruebas unitarias (domain, api)	2026-09-20T22:45:19.6336369Z   ---
verificar · typecheck · unit · build · audit	Pruebas unitarias (domain, api)	2026-09-20T22:45:19.6336484Z   duration_ms: 0.216197
verificar · typecheck · unit · build · audit	Pruebas unitarias (domain, api)	2026-09-20T22:45:19.6336613Z   type: 'test'
verificar · typecheck · unit · build · audit	Pruebas unitarias (domain, api)	2026-09-20T22:45:19.6336724Z   ...
verificar · typecheck · unit · build · audit	Pruebas unitarias (domain, api)	2026-09-20T22:45:19.6337065Z # Subtest: REG-06-162/163/164 · solo se compara lo compatible, y la diferencia se nombra en vez de convertirse sola
verificar · typecheck · unit · build · audit	Pruebas unitarias (domain, api)	2026-09-20T22:45:19.6337573Z ok 116 - REG-06-162/163/164 · solo se compara lo compatible, y la diferencia se nombra en vez de convertirse sola
verificar · typecheck · unit · build · audit	Pruebas unitarias (domain, api)	2026-09-20T22:45:19.6337832Z   ---
verificar · typecheck · unit · build · audit	Pruebas unitarias (domain, api)	2026-09-20T22:45:19.6337941Z   duration_ms: 0.122836
verificar · typecheck · unit · build · audit	Pruebas unitarias (domain, api)	2026-09-20T22:45:19.6338065Z   type: 'test'
verificar · typecheck · unit · build · audit	Pruebas unitarias (domain, api)	2026-09-20T22:45:19.6338177Z   ...
verificar · typecheck · unit · build · audit	Pruebas unitarias (domain, api)	2026-09-20T22:45:19.6338464Z # Subtest: TEST-ANT-009 · adversarial 7: SIN_DATO no se transforma en cero y no se interpola
verificar · typecheck · unit · build · audit	Pruebas unitarias (domain, api)	2026-09-20T22:45:19.6338885Z ok 117 - TEST-ANT-009 · adversarial 7: SIN_DATO no se transforma en cero y no se interpola
verificar · typecheck · unit · build · audit	Pruebas unitarias (domain, api)	2026-09-20T22:45:19.6339121Z   ---
verificar · typecheck · unit · build · audit	Pruebas unitarias (domain, api)	2026-09-20T22:45:19.6339229Z   duration_ms: 0.221044
verificar · typecheck · unit · build · audit	Pruebas unitarias (domain, api)	2026-09-20T22:45:19.6339356Z   type: 'test'
verificar · typecheck · unit · build · audit	Pruebas unitarias (domain, api)	2026-09-20T22:45:19.6339467Z   ...
verificar · typecheck · unit · build · audit	Pruebas unitarias (domain, api)	2026-09-20T22:45:19.6339707Z # Subtest: INV-06-176 · un cero medido es un punto REGISTRADO, no un hueco
verificar · typecheck · unit · build · audit	Pruebas unitarias (domain, api)	2026-09-20T22:45:19.6340048Z ok 118 - INV-06-176 · un cero medido es un punto REGISTRADO, no un hueco
verificar · typecheck · unit · build · audit	Pruebas unitarias (domain, api)	2026-09-20T22:45:19.6340381Z   ---
verificar · typecheck · unit · build · audit	Pruebas unitarias (domain, api)	2026-09-20T22:45:19.6342195Z   duration_ms: 0.127583
verificar · typecheck · unit · build · audit	Pruebas unitarias (domain, api)	2026-09-20T22:45:19.6342420Z   type: 'test'
verificar · typecheck · unit · build · audit	Pruebas unitarias (domain, api)	2026-09-20T22:45:19.6342609Z   ...
verificar · typecheck · unit · build · audit	Pruebas unitarias (domain, api)	2026-09-20T22:45:19.6343105Z # Subtest: REG-06-221 · una medición anulada no aporta un punto registrado a la serie
verificar · typecheck · unit · build · audit	Pruebas unitarias (domain, api)	2026-09-20T22:45:19.6343794Z ok 119 - REG-06-221 · una medición anulada no aporta un punto registrado a la serie
verificar · typecheck · unit · build · audit	Pruebas unitarias (domain, api)	2026-09-20T22:45:19.6344177Z   ---
verificar · typecheck · unit · build · audit	Pruebas unitarias (domain, api)	2026-09-20T22:45:19.6344363Z   duration_ms: 1.130659
verificar · typecheck · unit · build · audit	Pruebas unitarias (domain, api)	2026-09-20T22:45:19.6344578Z   type: 'test'
verificar · typecheck · unit · build · audit	Pruebas unitarias (domain, api)	2026-09-20T22:45:19.6344765Z   ...
verificar · typecheck · unit · build · audit	Pruebas unitarias (domain, api)	2026-09-20T22:45:19.6345252Z # Subtest: TEST-ANT-010 · lo no comparable se conserva y se marca: no forma línea continua
verificar · typecheck · unit · build · audit	Pruebas unitarias (domain, api)	2026-09-20T22:45:19.6345871Z ok 120 - TEST-ANT-010 · lo no comparable se conserva y se marca: no forma línea continua
verificar · typecheck · unit · build · audit	Pruebas unitarias (domain, api)	2026-09-20T22:45:19.6346210Z   ---
verificar · typecheck · unit · build · audit	Pruebas unitarias (domain, api)	2026-09-20T22:45:19.6346379Z   duration_ms: 0.144248
verificar · typecheck · unit · build · audit	Pruebas unitarias (domain, api)	2026-09-20T22:45:19.6346567Z   type: 'test'
verificar · typecheck · unit · build · audit	Pruebas unitarias (domain, api)	2026-09-20T22:45:19.6346733Z   ...
verificar · typecheck · unit · build · audit	Pruebas unitarias (domain, api)	2026-09-20T22:45:19.6347089Z # Subtest: INV-06-178 · cada punto conserva su clase y su origen
verificar · typecheck · unit · build · audit	Pruebas unitarias (domain, api)	2026-09-20T22:45:19.6347573Z ok 121 - INV-06-178 · cada punto conserva su clase y su origen
verificar · typecheck · unit · build · audit	Pruebas unitarias (domain, api)	2026-09-20T22:45:19.6347825Z   ---
verificar · typecheck · unit · build · audit	Pruebas unitarias (domain, api)	2026-09-20T22:45:19.6347931Z   duration_ms: 0.097217
verificar · typecheck · unit · build · audit	Pruebas unitarias (domain, api)	2026-09-20T22:45:19.6348053Z   type: 'test'
verificar · typecheck · unit · build · audit	Pruebas unitarias (domain, api)	2026-09-20T22:45:19.6348161Z   ...
verificar · typecheck · unit · build · audit	Pruebas unitarias (domain, api)	2026-09-20T22:45:19.6348519Z # Subtest: REG-06-165 · la serie devuelve un punto por checkpoint pedido, ni más ni menos
verificar · typecheck · unit · build · audit	Pruebas unitarias (domain, api)	2026-09-20T22:45:19.6348900Z ok 122 - REG-06-165 · la serie devuelve un punto por checkpoint pedido, ni más ni menos
verificar · typecheck · unit · build · audit	Pruebas unitarias (domain, api)	2026-09-20T22:45:19.6349126Z   ---
verificar · typecheck · unit · build · audit	Pruebas unitarias (domain, api)	2026-09-20T22:45:19.6349270Z   duration_ms: 0.106341
verificar · typecheck · unit · build · audit	Pruebas unitarias (domain, api)	2026-09-20T22:45:19.6349484Z   type: 'test'
verificar · typecheck · unit · build · audit	Pruebas unitarias (domain, api)	2026-09-20T22:45:19.6349663Z   ...
verificar · typecheck · unit · build · audit	Pruebas unitarias (domain, api)	2026-09-20T22:45:19.6350127Z # Subtest: REG-06-167 · la serie filtra por métrica: otra métrica no contamina el punto
verificar · typecheck · unit · build · audit	Pruebas unitarias (domain, api)	2026-09-20T22:45:19.6351429Z ok 123 - REG-06-167 · la serie filtra por métrica: otra métrica no contamina el punto
verificar · typecheck · unit · build · audit	Pruebas unitarias (domain, api)	2026-09-20T22:45:19.6351811Z   ---
verificar · typecheck · unit · build · audit	Pruebas unitarias (domain, api)	2026-09-20T22:45:19.6351992Z   duration_ms: 0.068353
verificar · typecheck · unit · build · audit	Pruebas unitarias (domain, api)	2026-09-20T22:45:19.6352200Z   type: 'test'
verificar · typecheck · unit · build · audit	Pruebas unitarias (domain, api)	2026-09-20T22:45:19.6352380Z   ...
verificar · typecheck · unit · build · audit	Pruebas unitarias (domain, api)	2026-09-20T22:45:19.6352899Z # Subtest: INV-06-177 · un hueco de la serie no tiene dónde poner un valor: el contrato lo rechaza
verificar · typecheck · unit · build · audit	Pruebas unitarias (domain, api)	2026-09-20T22:45:19.6353622Z ok 124 - INV-06-177 · un hueco de la serie no tiene dónde poner un valor: el contrato lo rechaza
verificar · typecheck · unit · build · audit	Pruebas unitarias (domain, api)	2026-09-20T22:45:19.6354027Z   ---
verificar · typecheck · unit · build · audit	Pruebas unitarias (domain, api)	2026-09-20T22:45:19.6354215Z   duration_ms: 75.126698
verificar · typecheck · unit · build · audit	Pruebas unitarias (domain, api)	2026-09-20T22:45:19.6354432Z   type: 'test'
verificar · typecheck · unit · build · audit	Pruebas unitarias (domain, api)	2026-09-20T22:45:19.6354617Z   ...
verificar · typecheck · unit · build · audit	Pruebas unitarias (domain, api)	2026-09-20T22:45:19.6355022Z # Subtest: INV-06-176 · un cero medido sí viaja, como punto de la serie
verificar · typecheck · unit · build · audit	Pruebas unitarias (domain, api)	2026-09-20T22:45:19.6355791Z ok 125 - INV-06-176 · un cero medido sí viaja, como punto de la serie
verificar · typecheck · unit · build · audit	Pruebas unitarias (domain, api)	2026-09-20T22:45:19.6356205Z   ---
verificar · typecheck · unit · build · audit	Pruebas unitarias (domain, api)	2026-09-20T22:45:19.6356390Z   duration_ms: 1.756946
verificar · typecheck · unit · build · audit	Pruebas unitarias (domain, api)	2026-09-20T22:45:19.6356599Z   type: 'test'
verificar · typecheck · unit · build · audit	Pruebas unitarias (domain, api)	2026-09-20T22:45:19.6356780Z   ...
verificar · typecheck · unit · build · audit	Pruebas unitarias (domain, api)	2026-09-20T22:45:19.6357459Z # Subtest: DL-062 · INV-06-167: la referencia de preparación solo corresponde a la importación controlada, y es opaca
verificar · typecheck · unit · build · audit	Pruebas unitarias (domain, api)	2026-09-20T22:45:19.6358383Z ok 126 - DL-062 · INV-06-167: la referencia de preparación solo corresponde a la importación controlada, y es opaca
verificar · typecheck · unit · build · audit	Pruebas unitarias (domain, api)	2026-09-20T22:45:19.6358844Z   ---
verificar · typecheck · unit · build · audit	Pruebas unitarias (domain, api)	2026-09-20T22:45:19.6359018Z   duration_ms: 0.764436
verificar · typecheck · unit · build · audit	Pruebas unitarias (domain, api)	2026-09-20T22:45:19.6359221Z   type: 'test'
verificar · typecheck · unit · build · audit	Pruebas unitarias (domain, api)	2026-09-20T22:45:19.6359398Z   ...
verificar · typecheck · unit · build · audit	Pruebas unitarias (domain, api)	2026-09-20T22:45:19.6359998Z # Subtest: TEST-PRJ-009 · ningún schema de antropometría ni de cálculo tiene puntaje, porcentaje ni calificación
verificar · typecheck · unit · build · audit	Pruebas unitarias (domain, api)	2026-09-20T22:45:19.6361010Z ok 127 - TEST-PRJ-009 · ningún schema de antropometría ni de cálculo tiene puntaje, porcentaje ni calificación
verificar · typecheck · unit · build · audit	Pruebas unitarias (domain, api)	2026-09-20T22:45:19.6361463Z   ---
verificar · typecheck · unit · build · audit	Pruebas unitarias (domain, api)	2026-09-20T22:45:19.6361650Z   duration_ms: 29.104973
verificar · typecheck · unit · build · audit	Pruebas unitarias (domain, api)	2026-09-20T22:45:19.6361862Z   type: 'test'
verificar · typecheck · unit · build · audit	Pruebas unitarias (domain, api)	2026-09-20T22:45:19.6362043Z   ...
verificar · typecheck · unit · build · audit	Pruebas unitarias (domain, api)	2026-09-20T22:45:19.6362678Z # Subtest: TEST-PRJ-009 · el control de cero juicio detecta un campo prohibido, también dentro del schema de la evolución
verificar · typecheck · unit · build · audit	Pruebas unitarias (domain, api)	2026-09-20T22:45:19.6363605Z ok 128 - TEST-PRJ-009 · el control de cero juicio detecta un campo prohibido, también dentro del schema de la evolución
verificar · typecheck · unit · build · audit	Pruebas unitarias (domain, api)	2026-09-20T22:45:19.6364070Z   ---
verificar · typecheck · unit · build · audit	Pruebas unitarias (domain, api)	2026-09-20T22:45:19.6364248Z   duration_ms: 0.574459
verificar · typecheck · unit · build · audit	Pruebas unitarias (domain, api)	2026-09-20T22:45:19.6364452Z   type: 'test'
verificar · typecheck · unit · build · audit	Pruebas unitarias (domain, api)	2026-09-20T22:45:19.6364636Z   ...
verificar · typecheck · unit · build · audit	Pruebas unitarias (domain, api)	2026-09-20T22:45:19.6365141Z # Subtest: WP-05 §4 · el OpenAPI publica las doce operaciones ANT en las rutas que declara el 09
verificar · typecheck · unit · build · audit	Pruebas unitarias (domain, api)	2026-09-20T22:45:19.6365855Z ok 129 - WP-05 §4 · el OpenAPI publica las doce operaciones ANT en las rutas que declara el 09
verificar · typecheck · unit · build · audit	Pruebas unitarias (domain, api)	2026-09-20T22:45:19.6366248Z   ---
verificar · typecheck · unit · build · audit	Pruebas unitarias (domain, api)	2026-09-20T22:45:19.6366419Z   duration_ms: 2.436033
verificar · typecheck · unit · build · audit	Pruebas unitarias (domain, api)	2026-09-20T22:45:19.6366623Z   type: 'test'
verificar · typecheck · unit · build · audit	Pruebas unitarias (domain, api)	2026-09-20T22:45:19.6366810Z   ...
verificar · typecheck · unit · build · audit	Pruebas unitarias (domain, api)	2026-09-20T22:45:19.6367344Z # Subtest: T13 · el copy de antropometría no dice diagnóstico, ni completa huecos, ni califica el cuerpo
verificar · typecheck · unit · build · audit	Pruebas unitarias (domain, api)	2026-09-20T22:45:19.6368105Z ok 130 - T13 · el copy de antropometría no dice diagnóstico, ni completa huecos, ni califica el cuerpo
verificar · typecheck · unit · build · audit	Pruebas unitarias (domain, api)	2026-09-20T22:45:19.6368503Z   ---
verificar · typecheck · unit · build · audit	Pruebas unitarias (domain, api)	2026-09-20T22:45:19.6368677Z   duration_ms: 1.593409
verificar · typecheck · unit · build · audit	Pruebas unitarias (domain, api)	2026-09-20T22:45:19.6368883Z   type: 'test'
verificar · typecheck · unit · build · audit	Pruebas unitarias (domain, api)	2026-09-20T22:45:19.6369059Z   ...
verificar · typecheck · unit · build · audit	Pruebas unitarias (domain, api)	2026-09-20T22:45:19.6369560Z # Subtest: 08 §56.12 · el copy de anular explicita que preserva la historia y no habla de borrar
verificar · typecheck · unit · build · audit	Pruebas unitarias (domain, api)	2026-09-20T22:45:19.6370262Z ok 131 - 08 §56.12 · el copy de anular explicita que preserva la historia y no habla de borrar
verificar · typecheck · unit · build · audit	Pruebas unitarias (domain, api)	2026-09-20T22:45:19.6370765Z   ---
verificar · typecheck · unit · build · audit	Pruebas unitarias (domain, api)	2026-09-20T22:45:19.6370943Z   duration_ms: 0.325992
verificar · typecheck · unit · build · audit	Pruebas unitarias (domain, api)	2026-09-20T22:45:19.6371145Z   type: 'test'
verificar · typecheck · unit · build · audit	Pruebas unitarias (domain, api)	2026-09-20T22:45:19.6371320Z   ...
verificar · typecheck · unit · build · audit	Pruebas unitarias (domain, api)	2026-09-20T22:45:19.6371803Z # Subtest: RF-048 · decir que algo NO es un diagnóstico no es lo mismo que presentarlo como tal
verificar · typecheck · unit · build · audit	Pruebas unitarias (domain, api)	2026-09-20T22:45:19.6372532Z ok 132 - RF-048 · decir que algo NO es un diagnóstico no es lo mismo que presentarlo como tal
verificar · typecheck · unit · build · audit	Pruebas unitarias (domain, api)	2026-09-20T22:45:19.6372902Z   ---
verificar · typecheck · unit · build · audit	Pruebas unitarias (domain, api)	2026-09-20T22:45:19.6373072Z   duration_ms: 0.167213
verificar · typecheck · unit · build · audit	Pruebas unitarias (domain, api)	2026-09-20T22:45:19.6373269Z   type: 'test'
verificar · typecheck · unit · build · audit	Pruebas unitarias (domain, api)	2026-09-20T22:45:19.6373437Z   ...
verificar · typecheck · unit · build · audit	Pruebas unitarias (domain, api)	2026-09-20T22:45:19.6373823Z # Subtest: 06 §5.7.2 — conjunto cerrado de tres estados, tokens CONV-06-02
verificar · typecheck · unit · build · audit	Pruebas unitarias (domain, api)	2026-09-20T22:45:19.6374352Z ok 133 - 06 §5.7.2 — conjunto cerrado de tres estados, tokens CONV-06-02
verificar · typecheck · unit · build · audit	Pruebas unitarias (domain, api)	2026-09-20T22:45:19.6374647Z   ---
verificar · typecheck · unit · build · audit	Pruebas unitarias (domain, api)	2026-09-20T22:45:19.6374812Z   duration_ms: 1.092251
verificar · typecheck · unit · build · audit	Pruebas unitarias (domain, api)	2026-09-20T22:45:19.6375006Z   type: 'test'
verificar · typecheck · unit · build · audit	Pruebas unitarias (domain, api)	2026-09-20T22:45:19.6375177Z   ...
verificar · typecheck · unit · build · audit	Pruebas unitarias (domain, api)	2026-09-20T22:45:19.6375679Z # Subtest: 06 §5.7.2 — inicial OPERATIVA, terminal CERRADA; solo OPERATIVA permite operar (INV-06-28)
verificar · typecheck · unit · build · audit	Pruebas unitarias (domain, api)	2026-09-20T22:45:19.6376409Z ok 134 - 06 §5.7.2 — inicial OPERATIVA, terminal CERRADA; solo OPERATIVA permite operar (INV-06-28)
verificar · typecheck · unit · build · audit	Pruebas unitarias (domain, api)	2026-09-20T22:45:19.6376801Z   ---
verificar · typecheck · unit · build · audit	Pruebas unitarias (domain, api)	2026-09-20T22:45:19.6376967Z   duration_ms: 0.202285
verificar · typecheck · unit · build · audit	Pruebas unitarias (domain, api)	2026-09-20T22:45:19.6377346Z   type: 'test'
verificar · typecheck · unit · build · audit	Pruebas unitarias (domain, api)	2026-09-20T22:45:19.6377517Z   ...
verificar · typecheck · unit · build · audit	Pruebas unitarias (domain, api)	2026-09-20T22:45:19.6377887Z # Subtest: 06 §5.7.4 — lista blanca exacta
verificar · typecheck · unit · build · audit	Pruebas unitarias (domain, api)	2026-09-20T22:45:19.6378215Z ok 135 - 06 §5.7.4 — lista blanca exacta
verificar · typecheck · unit · build · audit	Pruebas unitarias (domain, api)	2026-09-20T22:45:19.6378449Z   ---
verificar · typecheck · unit · build · audit	Pruebas unitarias (domain, api)	2026-09-20T22:45:19.6378615Z   duration_ms: 1.005961
verificar · typecheck · unit · build · audit	Pruebas unitarias (domain, api)	2026-09-20T22:45:19.6378811Z   type: 'test'
verificar · typecheck · unit · build · audit	Pruebas unitarias (domain, api)	2026-09-20T22:45:19.6378977Z   ...
verificar · typecheck · unit · build · audit	Pruebas unitarias (domain, api)	2026-09-20T22:45:19.6379373Z # Subtest: 06 §5.7.4 — toda transición no declarada está prohibida (matriz 3×3)
verificar · typecheck · unit · build · audit	Pruebas unitarias (domain, api)	2026-09-20T22:45:19.6379940Z ok 136 - 06 §5.7.4 — toda transición no declarada está prohibida (matriz 3×3)
verificar · typecheck · unit · build · audit	Pruebas unitarias (domain, api)	2026-09-20T22:45:19.6380137Z   ---
verificar · typecheck · unit · build · audit	Pruebas unitarias (domain, api)	2026-09-20T22:45:19.6380244Z   duration_ms: 0.259282
verificar · typecheck · unit · build · audit	Pruebas unitarias (domain, api)	2026-09-20T22:45:19.6380366Z   type: 'test'
verificar · typecheck · unit · build · audit	Pruebas unitarias (domain, api)	2026-09-20T22:45:19.6380472Z   ...
verificar · typecheck · unit · build · audit	Pruebas unitarias (domain, api)	2026-09-20T22:45:19.6380976Z # Subtest: SuspenderCuenta OPERATIVA → SUSPENDIDA: permitida con fundamento; revoca sesiones
verificar · typecheck · unit · build · audit	Pruebas unitarias (domain, api)	2026-09-20T22:45:19.6381404Z ok 137 - SuspenderCuenta OPERATIVA → SUSPENDIDA: permitida con fundamento; revoca sesiones
verificar · typecheck · unit · build · audit	Pruebas unitarias (domain, api)	2026-09-20T22:45:19.6381659Z   ---
verificar · typecheck · unit · build · audit	Pruebas unitarias (domain, api)	2026-09-20T22:45:19.6381766Z   duration_ms: 0.196186
verificar · typecheck · unit · build · audit	Pruebas unitarias (domain, api)	2026-09-20T22:45:19.6381908Z   type: 'test'
verificar · typecheck · unit · build · audit	Pruebas unitarias (domain, api)	2026-09-20T22:45:19.6382013Z   ...
verificar · typecheck · unit · build · audit	Pruebas unitarias (domain, api)	2026-09-20T22:45:19.6382260Z # Subtest: SuspenderCuenta: la guarda rechaza un fundamento vacío
verificar · typecheck · unit · build · audit	Pruebas unitarias (domain, api)	2026-09-20T22:45:19.6382579Z ok 138 - SuspenderCuenta: la guarda rechaza un fundamento vacío
verificar · typecheck · unit · build · audit	Pruebas unitarias (domain, api)	2026-09-20T22:45:19.6382773Z   ---
verificar · typecheck · unit · build · audit	Pruebas unitarias (domain, api)	2026-09-20T22:45:19.6382888Z   duration_ms: 0.110968
verificar · typecheck · unit · build · audit	Pruebas unitarias (domain, api)	2026-09-20T22:45:19.6383015Z   type: 'test'
verificar · typecheck · unit · build · audit	Pruebas unitarias (domain, api)	2026-09-20T22:45:19.6383134Z   ...
verificar · typecheck · unit · build · audit	Pruebas unitarias (domain, api)	2026-09-20T22:45:19.6383449Z # Subtest: RestablecerCuenta SUSPENDIDA → OPERATIVA: permitida con resolución; no concede nada más
verificar · typecheck · unit · build · audit	Pruebas unitarias (domain, api)	2026-09-20T22:45:19.6383922Z ok 139 - RestablecerCuenta SUSPENDIDA → OPERATIVA: permitida con resolución; no concede nada más
verificar · typecheck · unit · build · audit	Pruebas unitarias (domain, api)	2026-09-20T22:45:19.6384176Z   ---
verificar · typecheck · unit · build · audit	Pruebas unitarias (domain, api)	2026-09-20T22:45:19.6384278Z   duration_ms: 0.161795
verificar · typecheck · unit · build · audit	Pruebas unitarias (domain, api)	2026-09-20T22:45:19.6384416Z   type: 'test'
verificar · typecheck · unit · build · audit	Pruebas unitarias (domain, api)	2026-09-20T22:45:19.6384535Z   ...
verificar · typecheck · unit · build · audit	Pruebas unitarias (domain, api)	2026-09-20T22:45:19.6384780Z # Subtest: RestablecerCuenta: la guarda rechaza una resolución vacía
verificar · typecheck · unit · build · audit	Pruebas unitarias (domain, api)	2026-09-20T22:45:19.6385128Z ok 140 - RestablecerCuenta: la guarda rechaza una resolución vacía
verificar · typecheck · unit · build · audit	Pruebas unitarias (domain, api)	2026-09-20T22:45:19.6385331Z   ---
verificar · typecheck · unit · build · audit	Pruebas unitarias (domain, api)	2026-09-20T22:45:19.6385438Z   duration_ms: 0.097117
verificar · typecheck · unit · build · audit	Pruebas unitarias (domain, api)	2026-09-20T22:45:19.6385572Z   type: 'test'
verificar · typecheck · unit · build · audit	Pruebas unitarias (domain, api)	2026-09-20T22:45:19.6385680Z   ...
verificar · typecheck · unit · build · audit	Pruebas unitarias (domain, api)	2026-09-20T22:45:19.6386007Z # Subtest: CerrarCuenta OPERATIVA → CERRADA: permitida con las cuatro guardas; efectos del §5.8 y 08
verificar · typecheck · unit · build · audit	Pruebas unitarias (domain, api)	2026-09-20T22:45:19.6386485Z ok 141 - CerrarCuenta OPERATIVA → CERRADA: permitida con las cuatro guardas; efectos del §5.8 y 08
verificar · typecheck · unit · build · audit	Pruebas unitarias (domain, api)	2026-09-20T22:45:19.6386738Z   ---
verificar · typecheck · unit · build · audit	Pruebas unitarias (domain, api)	2026-09-20T22:45:19.6386840Z   duration_ms: 0.342828
verificar · typecheck · unit · build · audit	Pruebas unitarias (domain, api)	2026-09-20T22:45:19.6386978Z   type: 'test'
verificar · typecheck · unit · build · audit	Pruebas unitarias (domain, api)	2026-09-20T22:45:19.6387100Z   ...
verificar · typecheck · unit · build · audit	Pruebas unitarias (domain, api)	2026-09-20T22:45:19.6387346Z # Subtest: CerrarCuenta: cada guarda se evalúa como condición explícita
verificar · typecheck · unit · build · audit	Pruebas unitarias (domain, api)	2026-09-20T22:45:19.6387696Z ok 142 - CerrarCuenta: cada guarda se evalúa como condición explícita
verificar · typecheck · unit · build · audit	Pruebas unitarias (domain, api)	2026-09-20T22:45:19.6387898Z   ---
verificar · typecheck · unit · build · audit	Pruebas unitarias (domain, api)	2026-09-20T22:45:19.6388019Z   duration_ms: 0.367516
verificar · typecheck · unit · build · audit	Pruebas unitarias (domain, api)	2026-09-20T22:45:19.6388141Z   type: 'test'
verificar · typecheck · unit · build · audit	Pruebas unitarias (domain, api)	2026-09-20T22:45:19.6388268Z   ...
verificar · typecheck · unit · build · audit	Pruebas unitarias (domain, api)	2026-09-20T22:45:19.6388570Z # Subtest: SUSPENDIDA → CERRADA FALLA aunque todas las guardas del cierre se cumplan (06 §5.7.4)
verificar · typecheck · unit · build · audit	Pruebas unitarias (domain, api)	2026-09-20T22:45:19.6389140Z ok 143 - SUSPENDIDA → CERRADA FALLA aunque todas las guardas del cierre se cumplan (06 §5.7.4)
verificar · typecheck · unit · build · audit	Pruebas unitarias (domain, api)	2026-09-20T22:45:19.6389385Z   ---
verificar · typecheck · unit · build · audit	Pruebas unitarias (domain, api)	2026-09-20T22:45:19.6389500Z   duration_ms: 0.144458
verificar · typecheck · unit · build · audit	Pruebas unitarias (domain, api)	2026-09-20T22:45:19.6389622Z   type: 'test'
verificar · typecheck · unit · build · audit	Pruebas unitarias (domain, api)	2026-09-20T22:45:19.6389743Z   ...
verificar · typecheck · unit · build · audit	Pruebas unitarias (domain, api)	2026-09-20T22:45:19.6390048Z # Subtest: CERRADA no tiene salida: ninguna transición se evalúa como permitida desde CERRADA
verificar · typecheck · unit · build · audit	Pruebas unitarias (domain, api)	2026-09-20T22:45:19.6390487Z ok 144 - CERRADA no tiene salida: ninguna transición se evalúa como permitida desde CERRADA
verificar · typecheck · unit · build · audit	Pruebas unitarias (domain, api)	2026-09-20T22:45:19.6390895Z   ---
verificar · typecheck · unit · build · audit	Pruebas unitarias (domain, api)	2026-09-20T22:45:19.6391014Z   duration_ms: 0.109716
verificar · typecheck · unit · build · audit	Pruebas unitarias (domain, api)	2026-09-20T22:45:19.6391131Z   type: 'test'
verificar · typecheck · unit · build · audit	Pruebas unitarias (domain, api)	2026-09-20T22:45:19.6391251Z   ...
verificar · typecheck · unit · build · audit	Pruebas unitarias (domain, api)	2026-09-20T22:45:19.6391553Z # Subtest: Transiciones con origen equivocado se rechazan (Restablecer desde OPERATIVA, Suspender desde SUSPENDIDA)
verificar · typecheck · unit · build · audit	Pruebas unitarias (domain, api)	2026-09-20T22:45:19.6392129Z ok 145 - Transiciones con origen equivocado se rechazan (Restablecer desde OPERATIVA, Suspender desde SUSPENDIDA)
verificar · typecheck · unit · build · audit	Pruebas unitarias (domain, api)	2026-09-20T22:45:19.6392400Z   ---
verificar · typecheck · unit · build · audit	Pruebas unitarias (domain, api)	2026-09-20T22:45:19.6392503Z   duration_ms: 0.067021
verificar · typecheck · unit · build · audit	Pruebas unitarias (domain, api)	2026-09-20T22:45:19.6392622Z   type: 'test'
verificar · typecheck · unit · build · audit	Pruebas unitarias (domain, api)	2026-09-20T22:45:19.6392746Z   ...
verificar · typecheck · unit · build · audit	Pruebas unitarias (domain, api)	2026-09-20T22:45:19.6392952Z # Subtest: REG-06-15 · una cadena vacía no tiene terminal
verificar · typecheck · unit · build · audit	Pruebas unitarias (domain, api)	2026-09-20T22:45:19.6393211Z ok 146 - REG-06-15 · una cadena vacía no tiene terminal
verificar · typecheck · unit · build · audit	Pruebas unitarias (domain, api)	2026-09-20T22:45:19.6393370Z   ---
verificar · typecheck · unit · build · audit	Pruebas unitarias (domain, api)	2026-09-20T22:45:19.6393534Z   duration_ms: 1.571586
verificar · typecheck · unit · build · audit	Pruebas unitarias (domain, api)	2026-09-20T22:45:19.6393741Z   type: 'test'
verificar · typecheck · unit · build · audit	Pruebas unitarias (domain, api)	2026-09-20T22:45:19.6393930Z   ...
verificar · typecheck · unit · build · audit	Pruebas unitarias (domain, api)	2026-09-20T22:45:19.6394398Z # Subtest: REG-06-15 · la cadena se recorre del primer eslabón a la terminal, sin importar el orden del arreglo
verificar · typecheck · unit · build · audit	Pruebas unitarias (domain, api)	2026-09-20T22:45:19.6394981Z ok 147 - REG-06-15 · la cadena se recorre del primer eslabón a la terminal, sin importar el orden del arreglo
verificar · typecheck · unit · build · audit	Pruebas unitarias (domain, api)	2026-09-20T22:45:19.6395258Z   ---
verificar · typecheck · unit · build · audit	Pruebas unitarias (domain, api)	2026-09-20T22:45:19.6395371Z   duration_ms: 0.142986
verificar · typecheck · unit · build · audit	Pruebas unitarias (domain, api)	2026-09-20T22:45:19.6395505Z   type: 'test'
verificar · typecheck · unit · build · audit	Pruebas unitarias (domain, api)	2026-09-20T22:45:19.6395618Z   ...
verificar · typecheck · unit · build · audit	Pruebas unitarias (domain, api)	2026-09-20T22:45:19.6395873Z # Subtest: REG-06-16 inc. 3 · dos eslabones con el mismo previo son una ramificación
verificar · typecheck · unit · build · audit	Pruebas unitarias (domain, api)	2026-09-20T22:45:19.6396237Z ok 148 - REG-06-16 inc. 3 · dos eslabones con el mismo previo son una ramificación
verificar · typecheck · unit · build · audit	Pruebas unitarias (domain, api)	2026-09-20T22:45:19.6396433Z   ---
verificar · typecheck · unit · build · audit	Pruebas unitarias (domain, api)	2026-09-20T22:45:19.6396533Z   duration_ms: 0.074713
verificar · typecheck · unit · build · audit	Pruebas unitarias (domain, api)	2026-09-20T22:45:19.6396653Z   type: 'test'
verificar · typecheck · unit · build · audit	Pruebas unitarias (domain, api)	2026-09-20T22:45:19.6396758Z   ...
verificar · typecheck · unit · build · audit	Pruebas unitarias (domain, api)	2026-09-20T22:45:19.6396984Z # Subtest: REG-06-16 inc. 3 · dos primeros eslabones son una ramificación
verificar · typecheck · unit · build · audit	Pruebas unitarias (domain, api)	2026-09-20T22:45:19.6397301Z ok 149 - REG-06-16 inc. 3 · dos primeros eslabones son una ramificación
verificar · typecheck · unit · build · audit	Pruebas unitarias (domain, api)	2026-09-20T22:45:19.6397484Z   ---
verificar · typecheck · unit · build · audit	Pruebas unitarias (domain, api)	2026-09-20T22:45:19.6397586Z   duration_ms: 0.067673
verificar · typecheck · unit · build · audit	Pruebas unitarias (domain, api)	2026-09-20T22:45:19.6397702Z   type: 'test'
verificar · typecheck · unit · build · audit	Pruebas unitarias (domain, api)	2026-09-20T22:45:19.6397809Z   ...
verificar · typecheck · unit · build · audit	Pruebas unitarias (domain, api)	2026-09-20T22:45:19.6398024Z # Subtest: REG-06-15 · sin ciclos: un ciclo cerrado es no resoluble
verificar · typecheck · unit · build · audit	Pruebas unitarias (domain, api)	2026-09-20T22:45:19.6398314Z ok 150 - REG-06-15 · sin ciclos: un ciclo cerrado es no resoluble
verificar · typecheck · unit · build · audit	Pruebas unitarias (domain, api)	2026-09-20T22:45:19.6398498Z   ---
verificar · typecheck · unit · build · audit	Pruebas unitarias (domain, api)	2026-09-20T22:45:19.6398600Z   duration_ms: 0.175776
verificar · typecheck · unit · build · audit	Pruebas unitarias (domain, api)	2026-09-20T22:45:19.6398724Z   type: 'test'
verificar · typecheck · unit · build · audit	Pruebas unitarias (domain, api)	2026-09-20T22:45:19.6398832Z   ...
verificar · typecheck · unit · build · audit	Pruebas unitarias (domain, api)	2026-09-20T22:45:19.6399087Z # Subtest: REG-06-15 · un ciclo aparte, no alcanzable desde el primero, es no resoluble
verificar · typecheck · unit · build · audit	Pruebas unitarias (domain, api)	2026-09-20T22:45:19.6399453Z ok 151 - REG-06-15 · un ciclo aparte, no alcanzable desde el primero, es no resoluble
verificar · typecheck · unit · build · audit	Pruebas unitarias (domain, api)	2026-09-20T22:45:19.6399658Z   ---
verificar · typecheck · unit · build · audit	Pruebas unitarias (domain, api)	2026-09-20T22:45:19.6399762Z   duration_ms: 0.130838
verificar · typecheck · unit · build · audit	Pruebas unitarias (domain, api)	2026-09-20T22:45:19.6399879Z   type: 'test'
verificar · typecheck · unit · build · audit	Pruebas unitarias (domain, api)	2026-09-20T22:45:19.6399984Z   ...
verificar · typecheck · unit · build · audit	Pruebas unitarias (domain, api)	2026-09-20T22:45:19.6400229Z # Subtest: REG-06-16 inc. 3 · un previo que no existe es una relación incompleta
verificar · typecheck · unit · build · audit	Pruebas unitarias (domain, api)	2026-09-20T22:45:19.6400687Z ok 152 - REG-06-16 inc. 3 · un previo que no existe es una relación incompleta
verificar · typecheck · unit · build · audit	Pruebas unitarias (domain, api)	2026-09-20T22:45:19.6400884Z   ---
verificar · typecheck · unit · build · audit	Pruebas unitarias (domain, api)	2026-09-20T22:45:19.6400989Z   duration_ms: 0.148765
verificar · typecheck · unit · build · audit	Pruebas unitarias (domain, api)	2026-09-20T22:45:19.6401107Z   type: 'test'
verificar · typecheck · unit · build · audit	Pruebas unitarias (domain, api)	2026-09-20T22:45:19.6401212Z   ...
verificar · typecheck · unit · build · audit	Pruebas unitarias (domain, api)	2026-09-20T22:45:19.6401398Z # Subtest: un id repetido es una relación incompleta
verificar · typecheck · unit · build · audit	Pruebas unitarias (domain, api)	2026-09-20T22:45:19.6401648Z ok 153 - un id repetido es una relación incompleta
verificar · typecheck · unit · build · audit	Pruebas unitarias (domain, api)	2026-09-20T22:45:19.6401912Z   ---
verificar · typecheck · unit · build · audit	Pruebas unitarias (domain, api)	2026-09-20T22:45:19.6402013Z   duration_ms: 0.159732
verificar · typecheck · unit · build · audit	Pruebas unitarias (domain, api)	2026-09-20T22:45:19.6402134Z   type: 'test'
verificar · typecheck · unit · build · audit	Pruebas unitarias (domain, api)	2026-09-20T22:45:19.6402238Z   ...
verificar · typecheck · unit · build · audit	Pruebas unitarias (domain, api)	2026-09-20T22:45:19.6402443Z # Subtest: REG-06-16 inc. 1 · sin corrección, rige el original
verificar · typecheck · unit · build · audit	Pruebas unitarias (domain, api)	2026-09-20T22:45:19.6402722Z ok 154 - REG-06-16 inc. 1 · sin corrección, rige el original
verificar · typecheck · unit · build · audit	Pruebas unitarias (domain, api)	2026-09-20T22:45:19.6402891Z   ---
verificar · typecheck · unit · build · audit	Pruebas unitarias (domain, api)	2026-09-20T22:45:19.6402993Z   duration_ms: 0.299353
verificar · typecheck · unit · build · audit	Pruebas unitarias (domain, api)	2026-09-20T22:45:19.6403112Z   type: 'test'
verificar · typecheck · unit · build · audit	Pruebas unitarias (domain, api)	2026-09-20T22:45:19.6403218Z   ...
verificar · typecheck · unit · build · audit	Pruebas unitarias (domain, api)	2026-09-20T22:45:19.6403528Z # Subtest: REG-06-16 inc. 2 · con cadena válida rige la terminal, y la cadena conserva todo (TEST-DOM-002)
verificar · typecheck · unit · build · audit	Pruebas unitarias (domain, api)	2026-09-20T22:45:19.6403976Z ok 155 - REG-06-16 inc. 2 · con cadena válida rige la terminal, y la cadena conserva todo (TEST-DOM-002)
verificar · typecheck · unit · build · audit	Pruebas unitarias (domain, api)	2026-09-20T22:45:19.6404211Z   ---
verificar · typecheck · unit · build · audit	Pruebas unitarias (domain, api)	2026-09-20T22:45:19.6404313Z   duration_ms: 0.408738
verificar · typecheck · unit · build · audit	Pruebas unitarias (domain, api)	2026-09-20T22:45:19.6404430Z   type: 'test'
verificar · typecheck · unit · build · audit	Pruebas unitarias (domain, api)	2026-09-20T22:45:19.6404540Z   ...
verificar · typecheck · unit · build · audit	Pruebas unitarias (domain, api)	2026-09-20T22:45:19.6404997Z # Subtest: REG-06-16 · la vista no depende del orden de registro: una corrección «más nueva» por posición no gana
verificar · typecheck · unit · build · audit	Pruebas unitarias (domain, api)	2026-09-20T22:45:19.6405476Z ok 156 - REG-06-16 · la vista no depende del orden de registro: una corrección «más nueva» por posición no gana
verificar · typecheck · unit · build · audit	Pruebas unitarias (domain, api)	2026-09-20T22:45:19.6405725Z   ---
verificar · typecheck · unit · build · audit	Pruebas unitarias (domain, api)	2026-09-20T22:45:19.6405827Z   duration_ms: 0.243689
verificar · typecheck · unit · build · audit	Pruebas unitarias (domain, api)	2026-09-20T22:45:19.6405946Z   type: 'test'
verificar · typecheck · unit · build · audit	Pruebas unitarias (domain, api)	2026-09-20T22:45:19.6406055Z   ...
verificar · typecheck · unit · build · audit	Pruebas unitarias (domain, api)	2026-09-20T22:45:19.6406287Z # Subtest: REG-06-15 · todas las correcciones apuntan al mismo original raíz
verificar · typecheck · unit · build · audit	Pruebas unitarias (domain, api)	2026-09-20T22:45:19.6406617Z ok 157 - REG-06-15 · todas las correcciones apuntan al mismo original raíz
verificar · typecheck · unit · build · audit	Pruebas unitarias (domain, api)	2026-09-20T22:45:19.6406810Z   ---
verificar · typecheck · unit · build · audit	Pruebas unitarias (domain, api)	2026-09-20T22:45:19.6406912Z   duration_ms: 0.105429
verificar · typecheck · unit · build · audit	Pruebas unitarias (domain, api)	2026-09-20T22:45:19.6407029Z   type: 'test'
verificar · typecheck · unit · build · audit	Pruebas unitarias (domain, api)	2026-09-20T22:45:19.6407135Z   ...
verificar · typecheck · unit · build · audit	Pruebas unitarias (domain, api)	2026-09-20T22:45:19.6407392Z # Subtest: REG-06-16 inc. 3 · con ramas, nadie elige por fecha: la vista es no resoluble
verificar · typecheck · unit · build · audit	Pruebas unitarias (domain, api)	2026-09-20T22:45:19.6407754Z ok 158 - REG-06-16 inc. 3 · con ramas, nadie elige por fecha: la vista es no resoluble
verificar · typecheck · unit · build · audit	Pruebas unitarias (domain, api)	2026-09-20T22:45:19.6407969Z   ---
verificar · typecheck · unit · build · audit	Pruebas unitarias (domain, api)	2026-09-20T22:45:19.6408079Z   duration_ms: 0.086551
verificar · typecheck · unit · build · audit	Pruebas unitarias (domain, api)	2026-09-20T22:45:19.6408196Z   type: 'test'
verificar · typecheck · unit · build · audit	Pruebas unitarias (domain, api)	2026-09-20T22:45:19.6408299Z   ...
verificar · typecheck · unit · build · audit	Pruebas unitarias (domain, api)	2026-09-20T22:45:19.6408572Z # Subtest: REG-06-14/15 · la primera corrección apunta al original y no tiene previa
verificar · typecheck · unit · build · audit	Pruebas unitarias (domain, api)	2026-09-20T22:45:19.6408938Z ok 159 - REG-06-14/15 · la primera corrección apunta al original y no tiene previa
verificar · typecheck · unit · build · audit	Pruebas unitarias (domain, api)	2026-09-20T22:45:19.6409136Z   ---
verificar · typecheck · unit · build · audit	Pruebas unitarias (domain, api)	2026-09-20T22:45:19.6409237Z   duration_ms: 0.113812
verificar · typecheck · unit · build · audit	Pruebas unitarias (domain, api)	2026-09-20T22:45:19.6409365Z   type: 'test'
verificar · typecheck · unit · build · audit	Pruebas unitarias (domain, api)	2026-09-20T22:45:19.6409469Z   ...
verificar · typecheck · unit · build · audit	Pruebas unitarias (domain, api)	2026-09-20T22:45:19.6409801Z # Subtest: REG-06-15 · cada corrección sucesiva apunta a la inmediata anterior; si otra entró en el medio, se rechaza
verificar · typecheck · unit · build · audit	Pruebas unitarias (domain, api)	2026-09-20T22:45:19.6410295Z ok 160 - REG-06-15 · cada corrección sucesiva apunta a la inmediata anterior; si otra entró en el medio, se rechaza
verificar · typecheck · unit · build · audit	Pruebas unitarias (domain, api)	2026-09-20T22:45:19.6410662Z   ---
verificar · typecheck · unit · build · audit	Pruebas unitarias (domain, api)	2026-09-20T22:45:19.6410765Z   duration_ms: 0.101213
verificar · typecheck · unit · build · audit	Pruebas unitarias (domain, api)	2026-09-20T22:45:19.6410886Z   type: 'test'
verificar · typecheck · unit · build · audit	Pruebas unitarias (domain, api)	2026-09-20T22:45:19.6410996Z   ...
verificar · typecheck · unit · build · audit	Pruebas unitarias (domain, api)	2026-09-20T22:45:19.6411244Z # Subtest: REG-06-14 · no se corrige otro original ni sobre una historia no resoluble
verificar · typecheck · unit · build · audit	Pruebas unitarias (domain, api)	2026-09-20T22:45:19.6411598Z ok 161 - REG-06-14 · no se corrige otro original ni sobre una historia no resoluble
verificar · typecheck · unit · build · audit	Pruebas unitarias (domain, api)	2026-09-20T22:45:19.6411798Z   ---
verificar · typecheck · unit · build · audit	Pruebas unitarias (domain, api)	2026-09-20T22:45:19.6411900Z   duration_ms: 0.087122
verificar · typecheck · unit · build · audit	Pruebas unitarias (domain, api)	2026-09-20T22:45:19.6412018Z   type: 'test'
verificar · typecheck · unit · build · audit	Pruebas unitarias (domain, api)	2026-09-20T22:45:19.6412122Z   ...
verificar · typecheck · unit · build · audit	Pruebas unitarias (domain, api)	2026-09-20T22:45:19.6412484Z # Subtest: REG-06-12 · la primera versión no tiene predecesora; si ya hay versiones, la nueva tiene que declararla
verificar · typecheck · unit · build · audit	Pruebas unitarias (domain, api)	2026-09-20T22:45:19.6412954Z ok 162 - REG-06-12 · la primera versión no tiene predecesora; si ya hay versiones, la nueva tiene que declararla
verificar · typecheck · unit · build · audit	Pruebas unitarias (domain, api)	2026-09-20T22:45:19.6413203Z   ---
verificar · typecheck · unit · build · audit	Pruebas unitarias (domain, api)	2026-09-20T22:45:19.6413306Z   duration_ms: 0.133101
verificar · typecheck · unit · build · audit	Pruebas unitarias (domain, api)	2026-09-20T22:45:19.6413429Z   type: 'test'
verificar · typecheck · unit · build · audit	Pruebas unitarias (domain, api)	2026-09-20T22:45:19.6413537Z   ...
verificar · typecheck · unit · build · audit	Pruebas unitarias (domain, api)	2026-09-20T22:45:19.6413795Z # Subtest: TEST-DOM-009 · la nueva versión sucede a la anterior sin modificarla
verificar · typecheck · unit · build · audit	Pruebas unitarias (domain, api)	2026-09-20T22:45:19.6414137Z ok 163 - TEST-DOM-009 · la nueva versión sucede a la anterior sin modificarla
verificar · typecheck · unit · build · audit	Pruebas unitarias (domain, api)	2026-09-20T22:45:19.6414495Z   ---
verificar · typecheck · unit · build · audit	Pruebas unitarias (domain, api)	2026-09-20T22:45:19.6414596Z   duration_ms: 0.129356
verificar · typecheck · unit · build · audit	Pruebas unitarias (domain, api)	2026-09-20T22:45:19.6414716Z   type: 'test'
verificar · typecheck · unit · build · audit	Pruebas unitarias (domain, api)	2026-09-20T22:45:19.6414823Z   ...
verificar · typecheck · unit · build · audit	Pruebas unitarias (domain, api)	2026-09-20T22:45:19.6415110Z # Subtest: REG-06-12 · misma entidad: una predecesora de otro objeto, o inexistente, no se admite
verificar · typecheck · unit · build · audit	Pruebas unitarias (domain, api)	2026-09-20T22:45:19.6415526Z ok 164 - REG-06-12 · misma entidad: una predecesora de otro objeto, o inexistente, no se admite
verificar · typecheck · unit · build · audit	Pruebas unitarias (domain, api)	2026-09-20T22:45:19.6415768Z   ---
verificar · typecheck · unit · build · audit	Pruebas unitarias (domain, api)	2026-09-20T22:45:19.6415873Z   duration_ms: 0.077848
verificar · typecheck · unit · build · audit	Pruebas unitarias (domain, api)	2026-09-20T22:45:19.6416039Z   type: 'test'
verificar · typecheck · unit · build · audit	Pruebas unitarias (domain, api)	2026-09-20T22:45:19.6416197Z   ...
verificar · typecheck · unit · build · audit	Pruebas unitarias (domain, api)	2026-09-20T22:45:19.6416641Z # Subtest: REG-06-12 · sin regla de ramas, una segunda sucesora de la misma versión es bifurcación
verificar · typecheck · unit · build · audit	Pruebas unitarias (domain, api)	2026-09-20T22:45:19.6417304Z ok 165 - REG-06-12 · sin regla de ramas, una segunda sucesora de la misma versión es bifurcación
verificar · typecheck · unit · build · audit	Pruebas unitarias (domain, api)	2026-09-20T22:45:19.6417644Z   ---
verificar · typecheck · unit · build · audit	Pruebas unitarias (domain, api)	2026-09-20T22:45:19.6417802Z   duration_ms: 0.06625
verificar · typecheck · unit · build · audit	Pruebas unitarias (domain, api)	2026-09-20T22:45:19.6418130Z   type: 'test'
verificar · typecheck · unit · build · audit	Pruebas unitarias (domain, api)	2026-09-20T22:45:19.6418288Z   ...
verificar · typecheck · unit · build · audit	Pruebas unitarias (domain, api)	2026-09-20T22:45:19.6418742Z # Subtest: INV-06-107 · la versión terminal sale de la sucesión, no del orden ni de la fecha
verificar · typecheck · unit · build · audit	Pruebas unitarias (domain, api)	2026-09-20T22:45:19.6419389Z ok 166 - INV-06-107 · la versión terminal sale de la sucesión, no del orden ni de la fecha
verificar · typecheck · unit · build · audit	Pruebas unitarias (domain, api)	2026-09-20T22:45:19.6419746Z   ---
verificar · typecheck · unit · build · audit	Pruebas unitarias (domain, api)	2026-09-20T22:45:19.6419908Z   duration_ms: 0.130677
verificar · typecheck · unit · build · audit	Pruebas unitarias (domain, api)	2026-09-20T22:45:19.6420096Z   type: 'test'
verificar · typecheck · unit · build · audit	Pruebas unitarias (domain, api)	2026-09-20T22:45:19.6420262Z   ...
verificar · typecheck · unit · build · audit	Pruebas unitarias (domain, api)	2026-09-20T22:45:19.6420812Z # Subtest: INV-06-13 · la serialización canónica no depende del orden de las claves
verificar · typecheck · unit · build · audit	Pruebas unitarias (domain, api)	2026-09-20T22:45:19.6421390Z ok 167 - INV-06-13 · la serialización canónica no depende del orden de las claves
verificar · typecheck · unit · build · audit	Pruebas unitarias (domain, api)	2026-09-20T22:45:19.6421716Z   ---
verificar · typecheck · unit · build · audit	Pruebas unitarias (domain, api)	2026-09-20T22:45:19.6421881Z   duration_ms: 0.294806
verificar · typecheck · unit · build · audit	Pruebas unitarias (domain, api)	2026-09-20T22:45:19.6422071Z   type: 'test'
verificar · typecheck · unit · build · audit	Pruebas unitarias (domain, api)	2026-09-20T22:45:19.6422237Z   ...
verificar · typecheck · unit · build · audit	Pruebas unitarias (domain, api)	2026-09-20T22:45:19.6422723Z # Subtest: INV-06-13 · el orden de los arreglos sí es contenido: cambiarlo cambia la serialización
verificar · typecheck · unit · build · audit	Pruebas unitarias (domain, api)	2026-09-20T22:45:19.6423410Z ok 168 - INV-06-13 · el orden de los arreglos sí es contenido: cambiarlo cambia la serialización
verificar · typecheck · unit · build · audit	Pruebas unitarias (domain, api)	2026-09-20T22:45:19.6423806Z   ---
verificar · typecheck · unit · build · audit	Pruebas unitarias (domain, api)	2026-09-20T22:45:19.6423970Z   duration_ms: 0.113472
verificar · typecheck · unit · build · audit	Pruebas unitarias (domain, api)	2026-09-20T22:45:19.6424165Z   type: 'test'
verificar · typecheck · unit · build · audit	Pruebas unitarias (domain, api)	2026-09-20T22:45:19.6424328Z   ...
verificar · typecheck · unit · build · audit	Pruebas unitarias (domain, api)	2026-09-20T22:45:19.6424802Z # Subtest: la serialización canónica rechaza lo que no es JSON reproducible, en vez de perderlo
verificar · typecheck · unit · build · audit	Pruebas unitarias (domain, api)	2026-09-20T22:45:19.6425499Z ok 169 - la serialización canónica rechaza lo que no es JSON reproducible, en vez de perderlo
verificar · typecheck · unit · build · audit	Pruebas unitarias (domain, api)	2026-09-20T22:45:19.6425879Z   ---
verificar · typecheck · unit · build · audit	Pruebas unitarias (domain, api)	2026-09-20T22:45:19.6426049Z   duration_ms: 0.341106
verificar · typecheck · unit · build · audit	Pruebas unitarias (domain, api)	2026-09-20T22:45:19.6426238Z   type: 'test'
verificar · typecheck · unit · build · audit	Pruebas unitarias (domain, api)	2026-09-20T22:45:19.6426412Z   ...
verificar · typecheck · unit · build · audit	Pruebas unitarias (domain, api)	2026-09-20T22:45:19.6426564Z 1..169
verificar · typecheck · unit · build · audit	Pruebas unitarias (domain, api)	2026-09-20T22:45:19.6426722Z # tests 169
verificar · typecheck · unit · build · audit	Pruebas unitarias (domain, api)	2026-09-20T22:45:19.6426879Z # suites 0
verificar · typecheck · unit · build · audit	Pruebas unitarias (domain, api)	2026-09-20T22:45:19.6427036Z # pass 169
verificar · typecheck · unit · build · audit	Pruebas unitarias (domain, api)	2026-09-20T22:45:19.6427186Z # fail 0
verificar · typecheck · unit · build · audit	Pruebas unitarias (domain, api)	2026-09-20T22:45:19.6427342Z # cancelled 0
verificar · typecheck · unit · build · audit	Pruebas unitarias (domain, api)	2026-09-20T22:45:19.6427507Z # skipped 0
verificar · typecheck · unit · build · audit	Pruebas unitarias (domain, api)	2026-09-20T22:45:19.6427660Z # todo 0
verificar · typecheck · unit · build · audit	Pruebas unitarias (domain, api)	2026-09-20T22:45:19.6427842Z # duration_ms 368.207017
verificar · typecheck · unit · build · audit	Pruebas unitarias (domain, api)	2026-09-20T22:45:19.6716560Z TAP version 13
verificar · typecheck · unit · build · audit	Pruebas unitarias (domain, api)	2026-09-20T22:45:19.9318546Z # Subtest: T13 · el copy de las pantallas de nutrición no tiene puntajes, juicios ni huecos completados
verificar · typecheck · unit · build · audit	Pruebas unitarias (domain, api)	2026-09-20T22:45:19.9321777Z ok 1 - T13 · el copy de las pantallas de nutrición no tiene puntajes, juicios ni huecos completados
verificar · typecheck · unit · build · audit	Pruebas unitarias (domain, api)	2026-09-20T22:45:19.9322527Z   ---
verificar · typecheck · unit · build · audit	Pruebas unitarias (domain, api)	2026-09-20T22:45:19.9322710Z   duration_ms: 77.473552
verificar · typecheck · unit · build · audit	Pruebas unitarias (domain, api)	2026-09-20T22:45:19.9331233Z   type: 'test'
verificar · typecheck · unit · build · audit	Pruebas unitarias (domain, api)	2026-09-20T22:45:19.9331448Z   ...
verificar · typecheck · unit · build · audit	Pruebas unitarias (domain, api)	2026-09-20T22:45:19.9332047Z # Subtest: T13 · el copy de las pantallas de antropometría no tiene puntajes, juicios ni huecos completados
verificar · typecheck · unit · build · audit	Pruebas unitarias (domain, api)	2026-09-20T22:45:19.9332804Z ok 2 - T13 · el copy de las pantallas de antropometría no tiene puntajes, juicios ni huecos completados
verificar · typecheck · unit · build · audit	Pruebas unitarias (domain, api)	2026-09-20T22:45:19.9333195Z   ---
verificar · typecheck · unit · build · audit	Pruebas unitarias (domain, api)	2026-09-20T22:45:19.9333369Z   duration_ms: 16.829705
verificar · typecheck · unit · build · audit	Pruebas unitarias (domain, api)	2026-09-20T22:45:19.9333554Z   type: 'test'
verificar · typecheck · unit · build · audit	Pruebas unitarias (domain, api)	2026-09-20T22:45:19.9333704Z   ...
verificar · typecheck · unit · build · audit	Pruebas unitarias (domain, api)	2026-09-20T22:45:19.9334071Z # Subtest: T13 · el extractor encuentra un término prohibido en el copy e ignora los estilos
verificar · typecheck · unit · build · audit	Pruebas unitarias (domain, api)	2026-09-20T22:45:19.9334533Z ok 3 - T13 · el extractor encuentra un término prohibido en el copy e ignora los estilos
verificar · typecheck · unit · build · audit	Pruebas unitarias (domain, api)	2026-09-20T22:45:19.9335052Z   ---
verificar · typecheck · unit · build · audit	Pruebas unitarias (domain, api)	2026-09-20T22:45:19.9335225Z   duration_ms: 0.465734
verificar · typecheck · unit · build · audit	Pruebas unitarias (domain, api)	2026-09-20T22:45:19.9335358Z   type: 'test'
verificar · typecheck · unit · build · audit	Pruebas unitarias (domain, api)	2026-09-20T22:45:19.9335470Z   ...
verificar · typecheck · unit · build · audit	Pruebas unitarias (domain, api)	2026-09-20T22:45:19.9335874Z # Subtest: T13 · en antropometría, un juicio afirmativo se detecta y su negación explícita no
verificar · typecheck · unit · build · audit	Pruebas unitarias (domain, api)	2026-09-20T22:45:19.9336536Z ok 4 - T13 · en antropometría, un juicio afirmativo se detecta y su negación explícita no
verificar · typecheck · unit · build · audit	Pruebas unitarias (domain, api)	2026-09-20T22:45:19.9336883Z   ---
verificar · typecheck · unit · build · audit	Pruebas unitarias (domain, api)	2026-09-20T22:45:19.9337011Z   duration_ms: 0.219201
verificar · typecheck · unit · build · audit	Pruebas unitarias (domain, api)	2026-09-20T22:45:19.9337135Z   type: 'test'
verificar · typecheck · unit · build · audit	Pruebas unitarias (domain, api)	2026-09-20T22:45:19.9337242Z   ...
verificar · typecheck · unit · build · audit	Pruebas unitarias (domain, api)	2026-09-20T22:45:19.9337497Z # Subtest: T13 · el titular de la medición muestra el valor vigente, no el original
verificar · typecheck · unit · build · audit	Pruebas unitarias (domain, api)	2026-09-20T22:45:19.9337849Z ok 5 - T13 · el titular de la medición muestra el valor vigente, no el original
verificar · typecheck · unit · build · audit	Pruebas unitarias (domain, api)	2026-09-20T22:45:19.9338044Z   ---
verificar · typecheck · unit · build · audit	Pruebas unitarias (domain, api)	2026-09-20T22:45:19.9338151Z   duration_ms: 2.307869
verificar · typecheck · unit · build · audit	Pruebas unitarias (domain, api)	2026-09-20T22:45:19.9338410Z   type: 'test'
verificar · typecheck · unit · build · audit	Pruebas unitarias (domain, api)	2026-09-20T22:45:19.9338516Z   ...
verificar · typecheck · unit · build · audit	Pruebas unitarias (domain, api)	2026-09-20T22:45:19.9573757Z 1..5
verificar · typecheck · unit · build · audit	Pruebas unitarias (domain, api)	2026-09-20T22:45:19.9573956Z # tests 5
verificar · typecheck · unit · build · audit	Pruebas unitarias (domain, api)	2026-09-20T22:45:19.9574075Z # suites 0
verificar · typecheck · unit · build · audit	Pruebas unitarias (domain, api)	2026-09-20T22:45:19.9574182Z # pass 5
verificar · typecheck · unit · build · audit	Pruebas unitarias (domain, api)	2026-09-20T22:45:19.9574285Z # fail 0
verificar · typecheck · unit · build · audit	Pruebas unitarias (domain, api)	2026-09-20T22:45:19.9574389Z # cancelled 0
verificar · typecheck · unit · build · audit	Pruebas unitarias (domain, api)	2026-09-20T22:45:19.9574508Z # skipped 0
verificar · typecheck · unit · build · audit	Pruebas unitarias (domain, api)	2026-09-20T22:45:19.9574611Z # todo 0
verificar · typecheck · unit · build · audit	Pruebas unitarias (domain, api)	2026-09-20T22:45:19.9574737Z # duration_ms 292.529824
verificar · typecheck · unit · build · audit	Pruebas unitarias (domain, api)	2026-09-20T22:45:20.0267987Z 
verificar · typecheck · unit · build · audit	Pruebas unitarias (domain, api)	2026-09-20T22:45:20.0268370Z > @be/api@0.5.1 test
verificar · typecheck · unit · build · audit	Pruebas unitarias (domain, api)	2026-09-20T22:45:20.0268598Z > jest --config jest.config.js
verificar · typecheck · unit · build · audit	Pruebas unitarias (domain, api)	2026-09-20T22:45:20.0268708Z 
verificar · typecheck · unit · build · audit	Pruebas unitarias (domain, api)	2026-09-20T22:45:23.8233733Z PASS src/plataforma/dependencias.spec.ts
verificar · typecheck · unit · build · audit	Pruebas unitarias (domain, api)	2026-09-20T22:45:23.9775659Z PASS src/config/entorno.spec.ts
verificar · typecheck · unit · build · audit	Pruebas unitarias (domain, api)	2026-09-20T22:45:24.3026364Z PASS src/plataforma/limitador.spec.ts
verificar · typecheck · unit · build · audit	Pruebas unitarias (domain, api)	2026-09-20T22:45:26.1954308Z {"nivel":"info","requestId":"95b54172-3ed0-49e1-9bff-aeb383eb68fd","metodo":"GET","ruta":"/health/live","status":200,"duracionMs":2}
verificar · typecheck · unit · build · audit	Pruebas unitarias (domain, api)	2026-09-20T22:45:26.1954919Z {"nivel":"info","requestId":"eed98b43-0a72-4008-b4ce-98c6b975bc53","metodo":"GET","ruta":"/health","status":200,"duracionMs":0}
verificar · typecheck · unit · build · audit	Pruebas unitarias (domain, api)	2026-09-20T22:45:26.3380978Z {"nivel":"info","requestId":"16069dec-ffac-4382-a6c5-5bdc83af7f3c","metodo":"GET","ruta":"/health/ready","status":200,"duracionMs":0}
verificar · typecheck · unit · build · audit	Pruebas unitarias (domain, api)	2026-09-20T22:45:26.3381895Z {"nivel":"info","requestId":"94e39e5f-6556-4042-be65-a6c75ad45f30","metodo":"GET","ruta":"/health/ready","status":503,"duracionMs":0}
verificar · typecheck · unit · build · audit	Pruebas unitarias (domain, api)	2026-09-20T22:45:26.4657080Z {"nivel":"info","requestId":"f7b21955-f213-48b2-b48e-66fdab99d366","metodo":"GET","ruta":"/health","status":503,"duracionMs":0}
verificar · typecheck · unit · build · audit	Pruebas unitarias (domain, api)	2026-09-20T22:45:26.4658028Z {"nivel":"info","requestId":"8b1e8b69-0da3-464a-b003-6c22cd8a0d4b","metodo":"GET","ruta":"/health/ready","status":503,"duracionMs":0}
verificar · typecheck · unit · build · audit	Pruebas unitarias (domain, api)	2026-09-20T22:45:26.5977660Z {"nivel":"info","requestId":"b9927661-d7a6-4009-853e-532fa4f8da70","metodo":"GET","ruta":"/health/ready","status":200,"duracionMs":0}
verificar · typecheck · unit · build · audit	Pruebas unitarias (domain, api)	2026-09-20T22:45:26.5978229Z {"nivel":"info","requestId":"84885184-88e6-45c0-ac33-12e82a8c65dc","metodo":"GET","ruta":"SIN_RUTA","status":404,"duracionMs":1}
verificar · typecheck · unit · build · audit	Pruebas unitarias (domain, api)	2026-09-20T22:45:26.6309072Z PASS src/health/health.spec.ts (6.09 s)
verificar · typecheck · unit · build · audit	Pruebas unitarias (domain, api)	2026-09-20T22:45:26.7073849Z 
verificar · typecheck · unit · build · audit	Pruebas unitarias (domain, api)	2026-09-20T22:45:26.7076759Z Test Suites: 4 passed, 4 total
verificar · typecheck · unit · build · audit	Pruebas unitarias (domain, api)	2026-09-20T22:45:26.7077120Z Tests:       33 passed, 33 total
verificar · typecheck · unit · build · audit	Pruebas unitarias (domain, api)	2026-09-20T22:45:26.7077361Z Snapshots:   0 total
verificar · typecheck · unit · build · audit	Pruebas unitarias (domain, api)	2026-09-20T22:45:26.7077563Z Time:        6.516 s
verificar · typecheck · unit · build · audit	Pruebas unitarias (domain, api)	2026-09-20T22:45:26.7077760Z Ran all test suites.
verificar · typecheck · unit · build · audit	Pruebas unitarias (domain, api)	2026-09-20T22:45:26.7273620Z {"nivel":"info","requestId":"6e7cac06-a58a-4c2b-84a9-7123bbeab1d3","metodo":"GET","ruta":"SIN_RUTA","status":404,"duracionMs":1}
verificar · typecheck · unit · build · audit	Build API	﻿2026-09-20T22:45:26.7475051Z ##[group]Run npm run build:api
verificar · typecheck · unit · build · audit	Build API	2026-09-20T22:45:26.7475275Z ^[[36;1mnpm run build:api^[[0m
verificar · typecheck · unit · build · audit	Build API	2026-09-20T22:45:26.7506338Z shell: /usr/bin/bash -e {0}
verificar · typecheck · unit · build · audit	Build API	2026-09-20T22:45:26.7506492Z ##[endgroup]
verificar · typecheck · unit · build · audit	Build API	2026-09-20T22:45:26.8117677Z 
verificar · typecheck · unit · build · audit	Build API	2026-09-20T22:45:26.8117944Z > be@0.1.0 build:api
verificar · typecheck · unit · build · audit	Build API	2026-09-20T22:45:26.8118293Z > npm run build:domain && npm run build -w @be/api
verificar · typecheck · unit · build · audit	Build API	2026-09-20T22:45:26.8118501Z 
verificar · typecheck · unit · build · audit	Build API	2026-09-20T22:45:26.8695484Z 
verificar · typecheck · unit · build · audit	Build API	2026-09-20T22:45:26.8695978Z > be@0.1.0 build:domain
verificar · typecheck · unit · build · audit	Build API	2026-09-20T22:45:26.8696294Z > npm run build -w @be/domain
verificar · typecheck · unit · build · audit	Build API	2026-09-20T22:45:26.8696729Z 
verificar · typecheck · unit · build · audit	Build API	2026-09-20T22:45:26.9364518Z 
verificar · typecheck · unit · build · audit	Build API	2026-09-20T22:45:26.9365052Z > @be/domain@0.1.0 build
verificar · typecheck · unit · build · audit	Build API	2026-09-20T22:45:26.9365365Z > tsc -p tsconfig.json
verificar · typecheck · unit · build · audit	Build API	2026-09-20T22:45:26.9365475Z 
verificar · typecheck · unit · build · audit	Build API	2026-09-20T22:45:29.2187802Z 
verificar · typecheck · unit · build · audit	Build API	2026-09-20T22:45:29.2188411Z > @be/api@0.5.1 build
verificar · typecheck · unit · build · audit	Build API	2026-09-20T22:45:29.2188752Z > tsc -p tsconfig.build.json
verificar · typecheck · unit · build · audit	Build API	2026-09-20T22:45:29.2188911Z 
verificar · typecheck · unit · build · audit	Build web (export estático)	﻿2026-09-20T22:45:32.0527151Z ##[group]Run npm run build:web
verificar · typecheck · unit · build · audit	Build web (export estático)	2026-09-20T22:45:32.0527365Z ^[[36;1mnpm run build:web^[[0m
verificar · typecheck · unit · build · audit	Build web (export estático)	2026-09-20T22:45:32.0556993Z shell: /usr/bin/bash -e {0}
verificar · typecheck · unit · build · audit	Build web (export estático)	2026-09-20T22:45:32.0557140Z ##[endgroup]
verificar · typecheck · unit · build · audit	Build web (export estático)	2026-09-20T22:45:32.1170886Z 
verificar · typecheck · unit · build · audit	Build web (export estático)	2026-09-20T22:45:32.1171384Z > be@0.1.0 build:web
verificar · typecheck · unit · build · audit	Build web (export estático)	2026-09-20T22:45:32.1171642Z > npm run build:domain && npm run build -w @be/web
verificar · typecheck · unit · build · audit	Build web (export estático)	2026-09-20T22:45:32.1171778Z 
verificar · typecheck · unit · build · audit	Build web (export estático)	2026-09-20T22:45:32.1748905Z 
verificar · typecheck · unit · build · audit	Build web (export estático)	2026-09-20T22:45:32.1749295Z > be@0.1.0 build:domain
verificar · typecheck · unit · build · audit	Build web (export estático)	2026-09-20T22:45:32.1749582Z > npm run build -w @be/domain
verificar · typecheck · unit · build · audit	Build web (export estático)	2026-09-20T22:45:32.1749732Z 
verificar · typecheck · unit · build · audit	Build web (export estático)	2026-09-20T22:45:32.2411153Z 
verificar · typecheck · unit · build · audit	Build web (export estático)	2026-09-20T22:45:32.2411712Z > @be/domain@0.1.0 build
verificar · typecheck · unit · build · audit	Build web (export estático)	2026-09-20T22:45:32.2412027Z > tsc -p tsconfig.json
verificar · typecheck · unit · build · audit	Build web (export estático)	2026-09-20T22:45:32.2412114Z 
verificar · typecheck · unit · build · audit	Build web (export estático)	2026-09-20T22:45:34.5298321Z 
verificar · typecheck · unit · build · audit	Build web (export estático)	2026-09-20T22:45:34.5298897Z > @be/web@0.5.1 build
verificar · typecheck · unit · build · audit	Build web (export estático)	2026-09-20T22:45:34.5299194Z > next build
verificar · typecheck · unit · build · audit	Build web (export estático)	2026-09-20T22:45:34.5299304Z 
verificar · typecheck · unit · build · audit	Build web (export estático)	2026-09-20T22:45:34.8147261Z ⚠ No build cache found. Please configure build caching for faster rebuilds. Read more: https://nextjs.org/docs/messages/no-cache
verificar · typecheck · unit · build · audit	Build web (export estático)	2026-09-20T22:45:34.8571419Z Attention: Next.js now collects completely anonymous telemetry regarding usage.
verificar · typecheck · unit · build · audit	Build web (export estático)	2026-09-20T22:45:34.8572016Z This information is used to shape Next.js' roadmap and prioritize features.
verificar · typecheck · unit · build · audit	Build web (export estático)	2026-09-20T22:45:34.8572740Z You can learn more, including how to opt-out if you'd not like to participate in this anonymous program, by visiting the following URL:
verificar · typecheck · unit · build · audit	Build web (export estático)	2026-09-20T22:45:34.8573409Z https://nextjs.org/telemetry
verificar · typecheck · unit · build · audit	Build web (export estático)	2026-09-20T22:45:34.8573734Z 
verificar · typecheck · unit · build · audit	Build web (export estático)	2026-09-20T22:45:34.9109963Z    ▲ Next.js 15.5.25
verificar · typecheck · unit · build · audit	Build web (export estático)	2026-09-20T22:45:34.9110220Z 
verificar · typecheck · unit · build · audit	Build web (export estático)	2026-09-20T22:45:34.9433527Z    Creating an optimized production build ...
verificar · typecheck · unit · build · audit	Build web (export estático)	2026-09-20T22:45:41.9479529Z  ✓ Compiled successfully in 5.7s
verificar · typecheck · unit · build · audit	Build web (export estático)	2026-09-20T22:45:41.9508559Z    Linting and checking validity of types ...
verificar · typecheck · unit · build · audit	Build web (export estático)	2026-09-20T22:45:44.8691666Z    Collecting page data ...
verificar · typecheck · unit · build · audit	Build web (export estático)	2026-09-20T22:45:46.1027190Z    Generating static pages (0/17) ...
verificar · typecheck · unit · build · audit	Build web (export estático)	2026-09-20T22:45:46.5226415Z    Generating static pages (4/17) 
verificar · typecheck · unit · build · audit	Build web (export estático)	2026-09-20T22:45:46.5226925Z    Generating static pages (8/17) 
verificar · typecheck · unit · build · audit	Build web (export estático)	2026-09-20T22:45:46.6515861Z    Generating static pages (12/17) 
verificar · typecheck · unit · build · audit	Build web (export estático)	2026-09-20T22:45:46.6516409Z  ✓ Generating static pages (17/17)
verificar · typecheck · unit · build · audit	Build web (export estático)	2026-09-20T22:45:46.8910827Z    Finalizing page optimization ...
verificar · typecheck · unit · build · audit	Build web (export estático)	2026-09-20T22:45:46.8911273Z    Collecting build traces ...
verificar · typecheck · unit · build · audit	Build web (export estático)	2026-09-20T22:45:49.7361298Z    Exporting (0/2) ...
verificar · typecheck · unit · build · audit	Build web (export estático)	2026-09-20T22:45:49.8695376Z  ✓ Exporting (2/2)
verificar · typecheck · unit · build · audit	Build web (export estático)	2026-09-20T22:45:49.8772306Z 
verificar · typecheck · unit · build · audit	Build web (export estático)	2026-09-20T22:45:49.8793502Z Route (app)                                 Size  First Load JS
verificar · typecheck · unit · build · audit	Build web (export estático)	2026-09-20T22:45:49.8794181Z ┌ ○ /                                      908 B         242 kB
verificar · typecheck · unit · build · audit	Build web (export estático)	2026-09-20T22:45:49.8794616Z ├ ○ /_not-found                            986 B         103 kB
verificar · typecheck · unit · build · audit	Build web (export estático)	2026-09-20T22:45:49.8795069Z ├ ○ /account                              4.4 kB         246 kB
verificar · typecheck · unit · build · audit	Build web (export estático)	2026-09-20T22:45:49.8795490Z ├ ○ /account/privacy                     5.01 kB         246 kB
verificar · typecheck · unit · build · audit	Build web (export estático)	2026-09-20T22:45:49.8795913Z ├ ○ /account/relationships               4.13 kB         245 kB
verificar · typecheck · unit · build · audit	Build web (export estático)	2026-09-20T22:45:49.8796362Z ├ ○ /account/relationships/consent       3.72 kB         245 kB
verificar · typecheck · unit · build · audit	Build web (export estático)	2026-09-20T22:45:49.8796822Z ├ ○ /account/relationships/detail        5.05 kB         246 kB
verificar · typecheck · unit · build · audit	Build web (export estático)	2026-09-20T22:45:49.8797255Z ├ ○ /legal/privacidad                      164 B         106 kB
verificar · typecheck · unit · build · audit	Build web (export estático)	2026-09-20T22:45:49.8797672Z ├ ○ /legal/terminos                        164 B         106 kB
verificar · typecheck · unit · build · audit	Build web (export estático)	2026-09-20T22:45:49.8798083Z ├ ○ /login                               2.15 kB         243 kB
verificar · typecheck · unit · build · audit	Build web (export estático)	2026-09-20T22:45:49.8798473Z ├ ○ /pro                                   183 B         246 kB
verificar · typecheck · unit · build · audit	Build web (export estático)	2026-09-20T22:45:49.8798871Z ├ ○ /pro/advisees                        1.69 kB         247 kB
verificar · typecheck · unit · build · audit	Build web (export estático)	2026-09-20T22:45:49.8799306Z ├ ○ /pro/advisees/anthropometry           6.9 kB         252 kB
verificar · typecheck · unit · build · audit	Build web (export estático)	2026-09-20T22:45:49.8799978Z ├ ○ /pro/advisees/nutrition              13.9 kB         259 kB
verificar · typecheck · unit · build · audit	Build web (export estático)	2026-09-20T22:45:49.8800380Z └ ○ /register                            2.86 kB         244 kB
verificar · typecheck · unit · build · audit	Build web (export estático)	2026-09-20T22:45:49.8800853Z + First Load JS shared by all             102 kB
verificar · typecheck · unit · build · audit	Build web (export estático)	2026-09-20T22:45:49.8801198Z   ├ chunks/18-322c3a0465595f76.js        46.4 kB
verificar · typecheck · unit · build · audit	Build web (export estático)	2026-09-20T22:45:49.8801562Z   ├ chunks/87c73c54-0375ba195de27293.js  54.2 kB
verificar · typecheck · unit · build · audit	Build web (export estático)	2026-09-20T22:45:49.8802032Z   └ other shared chunks (total)          1.87 kB
verificar · typecheck · unit · build · audit	Build web (export estático)	2026-09-20T22:45:49.8802138Z 
verificar · typecheck · unit · build · audit	Build web (export estático)	2026-09-20T22:45:49.8802144Z 
verificar · typecheck · unit · build · audit	Build web (export estático)	2026-09-20T22:45:49.8802257Z ○  (Static)  prerendered as static content
verificar · typecheck · unit · build · audit	Build web (export estático)	2026-09-20T22:45:49.8802366Z 
verificar · typecheck · unit · build · audit	npm audit --omit=dev — falla con altos o críticos (WP-01 §2)	﻿2026-09-20T22:45:49.9254141Z ##[group]Run npm run audit:prod
verificar · typecheck · unit · build · audit	npm audit --omit=dev — falla con altos o críticos (WP-01 §2)	2026-09-20T22:45:49.9254337Z ^[[36;1mnpm run audit:prod^[[0m
verificar · typecheck · unit · build · audit	npm audit --omit=dev — falla con altos o críticos (WP-01 §2)	2026-09-20T22:45:49.9284355Z shell: /usr/bin/bash -e {0}
verificar · typecheck · unit · build · audit	npm audit --omit=dev — falla con altos o críticos (WP-01 §2)	2026-09-20T22:45:49.9284507Z ##[endgroup]
verificar · typecheck · unit · build · audit	npm audit --omit=dev — falla con altos o críticos (WP-01 §2)	2026-09-20T22:45:49.9892408Z 
verificar · typecheck · unit · build · audit	npm audit --omit=dev — falla con altos o críticos (WP-01 §2)	2026-09-20T22:45:49.9892795Z > be@0.1.0 audit:prod
verificar · typecheck · unit · build · audit	npm audit --omit=dev — falla con altos o críticos (WP-01 §2)	2026-09-20T22:45:49.9893577Z > npm audit --omit=dev --audit-level=high -w @be/api && npm audit --omit=dev --audit-level=high -w @be/web && npm audit --omit=dev --audit-level=high -w @be/mobile
verificar · typecheck · unit · build · audit	npm audit --omit=dev — falla con altos o críticos (WP-01 §2)	2026-09-20T22:45:49.9894031Z 
verificar · typecheck · unit · build · audit	npm audit --omit=dev — falla con altos o críticos (WP-01 §2)	2026-09-20T22:45:50.3915348Z found 0 vulnerabilities
verificar · typecheck · unit · build · audit	npm audit --omit=dev — falla con altos o críticos (WP-01 §2)	2026-09-20T22:45:50.8041980Z found 0 vulnerabilities
verificar · typecheck · unit · build · audit	npm audit --omit=dev — falla con altos o críticos (WP-01 §2)	2026-09-20T22:45:51.3750091Z # npm audit report
verificar · typecheck · unit · build · audit	npm audit --omit=dev — falla con altos o críticos (WP-01 §2)	2026-09-20T22:45:51.3750650Z 
verificar · typecheck · unit · build · audit	npm audit --omit=dev — falla con altos o críticos (WP-01 §2)	2026-09-20T22:45:51.3751040Z uuid  <11.1.1
verificar · typecheck · unit · build · audit	npm audit --omit=dev — falla con altos o críticos (WP-01 §2)	2026-09-20T22:45:51.3751366Z Severity: moderate
verificar · typecheck · unit · build · audit	npm audit --omit=dev — falla con altos o críticos (WP-01 §2)	2026-09-20T22:45:51.3752079Z uuid: Missing buffer bounds check in v3/v5/v6 when buf is provided - https://github.com/advisories/GHSA-w5hq-g745-h8pq
verificar · typecheck · unit · build · audit	npm audit --omit=dev — falla con altos o críticos (WP-01 §2)	2026-09-20T22:45:51.3752729Z fix available via `npm audit fix --force`
verificar · typecheck · unit · build · audit	npm audit --omit=dev — falla con altos o críticos (WP-01 §2)	2026-09-20T22:45:51.3753194Z Will install expo@46.0.21, which is a breaking change
verificar · typecheck · unit · build · audit	npm audit --omit=dev — falla con altos o críticos (WP-01 §2)	2026-09-20T22:45:51.3753680Z node_modules/uuid
verificar · typecheck · unit · build · audit	npm audit --omit=dev — falla con altos o críticos (WP-01 §2)	2026-09-20T22:45:51.3753982Z   xcode  >=0.9.2
verificar · typecheck · unit · build · audit	npm audit --omit=dev — falla con altos o críticos (WP-01 §2)	2026-09-20T22:45:51.3754320Z   Depends on vulnerable versions of uuid
verificar · typecheck · unit · build · audit	npm audit --omit=dev — falla con altos o críticos (WP-01 §2)	2026-09-20T22:45:51.3754684Z   node_modules/xcode
verificar · typecheck · unit · build · audit	npm audit --omit=dev — falla con altos o críticos (WP-01 §2)	2026-09-20T22:45:51.3755017Z     @expo/config-plugins  *
verificar · typecheck · unit · build · audit	npm audit --omit=dev — falla con altos o críticos (WP-01 §2)	2026-09-20T22:45:51.3755389Z     Depends on vulnerable versions of xcode
verificar · typecheck · unit · build · audit	npm audit --omit=dev — falla con altos o críticos (WP-01 §2)	2026-09-20T22:45:51.3755784Z     node_modules/@expo/config-plugins
verificar · typecheck · unit · build · audit	npm audit --omit=dev — falla con altos o críticos (WP-01 §2)	2026-09-20T22:45:51.3756293Z       @expo/cli  <=0.0.0-canary-20231123-1b19f96-4 || >=0.0.1-canary-20231125-d600e44
verificar · typecheck · unit · build · audit	npm audit --omit=dev — falla con altos o críticos (WP-01 §2)	2026-09-20T22:45:51.3756818Z       Depends on vulnerable versions of @expo/config
verificar · typecheck · unit · build · audit	npm audit --omit=dev — falla con altos o críticos (WP-01 §2)	2026-09-20T22:45:51.3757285Z       Depends on vulnerable versions of @expo/config-plugins
verificar · typecheck · unit · build · audit	npm audit --omit=dev — falla con altos o críticos (WP-01 §2)	2026-09-20T22:45:51.3757775Z       Depends on vulnerable versions of @expo/inline-modules
verificar · typecheck · unit · build · audit	npm audit --omit=dev — falla con altos o críticos (WP-01 §2)	2026-09-20T22:45:51.3758245Z       Depends on vulnerable versions of @expo/metro-config
verificar · typecheck · unit · build · audit	npm audit --omit=dev — falla con altos o críticos (WP-01 §2)	2026-09-20T22:45:51.3758727Z       Depends on vulnerable versions of @expo/prebuild-config
verificar · typecheck · unit · build · audit	npm audit --omit=dev — falla con altos o críticos (WP-01 §2)	2026-09-20T22:45:51.3759155Z       node_modules/@expo/cli
verificar · typecheck · unit · build · audit	npm audit --omit=dev — falla con altos o críticos (WP-01 §2)	2026-09-20T22:45:51.3759564Z         expo  40.0.0-alpha.0 - 40.0.0-beta.5 || >=41.0.0-alpha.0
verificar · typecheck · unit · build · audit	npm audit --omit=dev — falla con altos o críticos (WP-01 §2)	2026-09-20T22:45:51.3760021Z         Depends on vulnerable versions of @expo/cli
verificar · typecheck · unit · build · audit	npm audit --omit=dev — falla con altos o críticos (WP-01 §2)	2026-09-20T22:45:51.3760910Z         Depends on vulnerable versions of @expo/config
verificar · typecheck · unit · build · audit	npm audit --omit=dev — falla con altos o críticos (WP-01 §2)	2026-09-20T22:45:51.3761323Z         Depends on vulnerable versions of @expo/config-plugins
verificar · typecheck · unit · build · audit	npm audit --omit=dev — falla con altos o críticos (WP-01 §2)	2026-09-20T22:45:51.3761754Z         Depends on vulnerable versions of @expo/local-build-cache-provider
verificar · typecheck · unit · build · audit	npm audit --omit=dev — falla con altos o críticos (WP-01 §2)	2026-09-20T22:45:51.3762178Z         Depends on vulnerable versions of @expo/metro-config
verificar · typecheck · unit · build · audit	npm audit --omit=dev — falla con altos o críticos (WP-01 §2)	2026-09-20T22:45:51.3762445Z         node_modules/expo
verificar · typecheck · unit · build · audit	npm audit --omit=dev — falla con altos o críticos (WP-01 §2)	2026-09-20T22:45:51.3762735Z       @expo/config  <=0.0.1-canary-20240418-8d74597 || >=3.3.23-alpha.0
verificar · typecheck · unit · build · audit	npm audit --omit=dev — falla con altos o críticos (WP-01 §2)	2026-09-20T22:45:51.3763100Z       Depends on vulnerable versions of @expo/config-plugins
verificar · typecheck · unit · build · audit	npm audit --omit=dev — falla con altos o críticos (WP-01 §2)	2026-09-20T22:45:51.3763393Z       node_modules/@expo/config
verificar · typecheck · unit · build · audit	npm audit --omit=dev — falla con altos o críticos (WP-01 §2)	2026-09-20T22:45:51.3763639Z         @expo/local-build-cache-provider  *
verificar · typecheck · unit · build · audit	npm audit --omit=dev — falla con altos o críticos (WP-01 §2)	2026-09-20T22:45:51.3763931Z         Depends on vulnerable versions of @expo/config
verificar · typecheck · unit · build · audit	npm audit --omit=dev — falla con altos o críticos (WP-01 §2)	2026-09-20T22:45:51.3764246Z         node_modules/@expo/local-build-cache-provider
verificar · typecheck · unit · build · audit	npm audit --omit=dev — falla con altos o críticos (WP-01 §2)	2026-09-20T22:45:51.3764613Z         @expo/metro-config  <=0.0.1-canary-20240418-8d74597 || >=0.1.49-alpha.0
verificar · typecheck · unit · build · audit	npm audit --omit=dev — falla con altos o críticos (WP-01 §2)	2026-09-20T22:45:51.3764972Z         Depends on vulnerable versions of @expo/config
verificar · typecheck · unit · build · audit	npm audit --omit=dev — falla con altos o críticos (WP-01 §2)	2026-09-20T22:45:51.3765522Z         node_modules/@expo/metro-config
verificar · typecheck · unit · build · audit	npm audit --omit=dev — falla con altos o críticos (WP-01 §2)	2026-09-20T22:45:51.3765756Z       @expo/inline-modules  >=0.0.2-canary-20260409-6fc2991
verificar · typecheck · unit · build · audit	npm audit --omit=dev — falla con altos o críticos (WP-01 §2)	2026-09-20T22:45:51.3765972Z       Depends on vulnerable versions of @expo/config-plugins
verificar · typecheck · unit · build · audit	npm audit --omit=dev — falla con altos o críticos (WP-01 §2)	2026-09-20T22:45:51.3766158Z       node_modules/@expo/inline-modules
verificar · typecheck · unit · build · audit	npm audit --omit=dev — falla con altos o críticos (WP-01 §2)	2026-09-20T22:45:51.3766312Z       @expo/prebuild-config  *
verificar · typecheck · unit · build · audit	npm audit --omit=dev — falla con altos o críticos (WP-01 §2)	2026-09-20T22:45:51.3766481Z       Depends on vulnerable versions of @expo/config
verificar · typecheck · unit · build · audit	npm audit --omit=dev — falla con altos o críticos (WP-01 §2)	2026-09-20T22:45:51.3766685Z       Depends on vulnerable versions of @expo/config-plugins
verificar · typecheck · unit · build · audit	npm audit --omit=dev — falla con altos o críticos (WP-01 §2)	2026-09-20T22:45:51.3766869Z       node_modules/@expo/prebuild-config
verificar · typecheck · unit · build · audit	npm audit --omit=dev — falla con altos o críticos (WP-01 §2)	2026-09-20T22:45:51.3766968Z 
verificar · typecheck · unit · build · audit	npm audit --omit=dev — falla con altos o críticos (WP-01 §2)	2026-09-20T22:45:51.3767048Z 10 moderate severity vulnerabilities
verificar · typecheck · unit · build · audit	npm audit --omit=dev — falla con altos o críticos (WP-01 §2)	2026-09-20T22:45:51.3767314Z 
verificar · typecheck · unit · build · audit	npm audit --omit=dev — falla con altos o críticos (WP-01 §2)	2026-09-20T22:45:51.3767416Z To address issues that do not require attention, run:
verificar · typecheck · unit · build · audit	npm audit --omit=dev — falla con altos o críticos (WP-01 §2)	2026-09-20T22:45:51.3767579Z   npm audit fix
verificar · typecheck · unit · build · audit	npm audit --omit=dev — falla con altos o críticos (WP-01 §2)	2026-09-20T22:45:51.3767647Z 
verificar · typecheck · unit · build · audit	npm audit --omit=dev — falla con altos o críticos (WP-01 §2)	2026-09-20T22:45:51.3767755Z To address all issues (including breaking changes), run:
verificar · typecheck · unit · build · audit	npm audit --omit=dev — falla con altos o críticos (WP-01 §2)	2026-09-20T22:45:51.3767932Z   npm audit fix --force
verificar · typecheck · unit · build · audit	Post Run actions/setup-node@v7	﻿2026-09-20T22:45:51.4001978Z Post job cleanup.
verificar · typecheck · unit · build · audit	Post Run actions/setup-node@v7	2026-09-20T22:45:51.4691406Z Cache hit occurred on the primary key node-cache-Linux-x64-npm-20f37bacec17541ccc466e7f21c11936234080f9298e29b9200cbcfda25c3714, not saving cache.
verificar · typecheck · unit · build · audit	Post Run actions/checkout@v7	﻿2026-09-20T22:45:51.4788087Z Post job cleanup.
verificar · typecheck · unit · build · audit	Post Run actions/checkout@v7	2026-09-20T22:45:51.5361341Z [command]/usr/bin/git version
verificar · typecheck · unit · build · audit	Post Run actions/checkout@v7	2026-09-20T22:45:51.5392631Z git version 2.55.0
verificar · typecheck · unit · build · audit	Post Run actions/checkout@v7	2026-09-20T22:45:51.5416267Z Temporarily overriding HOME='/home/runner/work/_temp/f287f844-e95b-4596-bae5-ccf7a911d9cc' before making global git config changes
verificar · typecheck · unit · build · audit	Post Run actions/checkout@v7	2026-09-20T22:45:51.5417137Z Adding repository directory to the temporary git global config as a safe directory
verificar · typecheck · unit · build · audit	Post Run actions/checkout@v7	2026-09-20T22:45:51.5419779Z [command]/usr/bin/git config --global --add safe.directory /home/runner/work/be/be
verificar · typecheck · unit · build · audit	Post Run actions/checkout@v7	2026-09-20T22:45:51.5449229Z Removing SSH command configuration
verificar · typecheck · unit · build · audit	Post Run actions/checkout@v7	2026-09-20T22:45:51.5454480Z [command]/usr/bin/git config --local --name-only --get-regexp core\.sshCommand
verificar · typecheck · unit · build · audit	Post Run actions/checkout@v7	2026-09-20T22:45:51.5488164Z [command]/usr/bin/git submodule foreach --recursive sh -c "git config --local --name-only --get-regexp 'core\.sshCommand' && git config --local --unset-all 'core.sshCommand' || :"
verificar · typecheck · unit · build · audit	Post Run actions/checkout@v7	2026-09-20T22:45:51.5678798Z Removing HTTP extra header
verificar · typecheck · unit · build · audit	Post Run actions/checkout@v7	2026-09-20T22:45:51.5684157Z [command]/usr/bin/git config --local --name-only --get-regexp http\.https\:\/\/github\.com\/\.extraheader
verificar · typecheck · unit · build · audit	Post Run actions/checkout@v7	2026-09-20T22:45:51.5715571Z [command]/usr/bin/git submodule foreach --recursive sh -c "git config --local --name-only --get-regexp 'http\.https\:\/\/github\.com\/\.extraheader' && git config --local --unset-all 'http.https://github.com/.extraheader' || :"
verificar · typecheck · unit · build · audit	Post Run actions/checkout@v7	2026-09-20T22:45:51.5907167Z Removing includeIf entries pointing to credentials config files
verificar · typecheck · unit · build · audit	Post Run actions/checkout@v7	2026-09-20T22:45:51.5913465Z [command]/usr/bin/git config --local --name-only --get-regexp ^includeIf\.gitdir:
verificar · typecheck · unit · build · audit	Post Run actions/checkout@v7	2026-09-20T22:45:51.5937757Z includeif.gitdir:/home/runner/work/be/be/.git.path
verificar · typecheck · unit · build · audit	Post Run actions/checkout@v7	2026-09-20T22:45:51.5938228Z includeif.gitdir:/home/runner/work/be/be/.git/worktrees/*.path
verificar · typecheck · unit · build · audit	Post Run actions/checkout@v7	2026-09-20T22:45:51.5938496Z includeif.gitdir:/github/workspace/.git.path
verificar · typecheck · unit · build · audit	Post Run actions/checkout@v7	2026-09-20T22:45:51.5938778Z includeif.gitdir:/github/workspace/.git/worktrees/*.path
verificar · typecheck · unit · build · audit	Post Run actions/checkout@v7	2026-09-20T22:45:51.5943875Z [command]/usr/bin/git config --local --get-all includeif.gitdir:/home/runner/work/be/be/.git.path
verificar · typecheck · unit · build · audit	Post Run actions/checkout@v7	2026-09-20T22:45:51.5968447Z /home/runner/work/_temp/git-credentials-a9af6331-373d-4983-b46d-d27f760f99b9.config
verificar · typecheck · unit · build · audit	Post Run actions/checkout@v7	2026-09-20T22:45:51.5976793Z [command]/usr/bin/git config --local --unset includeif.gitdir:/home/runner/work/be/be/.git.path \/home\/runner\/work\/_temp\/git\-credentials\-a9af6331\-373d\-4983\-b46d\-d27f760f99b9\.config
verificar · typecheck · unit · build · audit	Post Run actions/checkout@v7	2026-09-20T22:45:51.6008664Z [command]/usr/bin/git config --local --get-all includeif.gitdir:/home/runner/work/be/be/.git/worktrees/*.path
verificar · typecheck · unit · build · audit	Post Run actions/checkout@v7	2026-09-20T22:45:51.6031301Z /home/runner/work/_temp/git-credentials-a9af6331-373d-4983-b46d-d27f760f99b9.config
verificar · typecheck · unit · build · audit	Post Run actions/checkout@v7	2026-09-20T22:45:51.6043204Z [command]/usr/bin/git config --local --unset includeif.gitdir:/home/runner/work/be/be/.git/worktrees/*.path \/home\/runner\/work\/_temp\/git\-credentials\-a9af6331\-373d\-4983\-b46d\-d27f760f99b9\.config
verificar · typecheck · unit · build · audit	Post Run actions/checkout@v7	2026-09-20T22:45:51.6070459Z [command]/usr/bin/git config --local --get-all includeif.gitdir:/github/workspace/.git.path
verificar · typecheck · unit · build · audit	Post Run actions/checkout@v7	2026-09-20T22:45:51.6091764Z /github/runner_temp/git-credentials-a9af6331-373d-4983-b46d-d27f760f99b9.config
verificar · typecheck · unit · build · audit	Post Run actions/checkout@v7	2026-09-20T22:45:51.6097137Z [command]/usr/bin/git config --local --unset includeif.gitdir:/github/workspace/.git.path \/github\/runner_temp\/git\-credentials\-a9af6331\-373d\-4983\-b46d\-d27f760f99b9\.config
verificar · typecheck · unit · build · audit	Post Run actions/checkout@v7	2026-09-20T22:45:51.6123875Z [command]/usr/bin/git config --local --get-all includeif.gitdir:/github/workspace/.git/worktrees/*.path
verificar · typecheck · unit · build · audit	Post Run actions/checkout@v7	2026-09-20T22:45:51.6145495Z /github/runner_temp/git-credentials-a9af6331-373d-4983-b46d-d27f760f99b9.config
verificar · typecheck · unit · build · audit	Post Run actions/checkout@v7	2026-09-20T22:45:51.6158580Z [command]/usr/bin/git config --local --unset includeif.gitdir:/github/workspace/.git/worktrees/*.path \/github\/runner_temp\/git\-credentials\-a9af6331\-373d\-4983\-b46d\-d27f760f99b9\.config
verificar · typecheck · unit · build · audit	Post Run actions/checkout@v7	2026-09-20T22:45:51.6181665Z [command]/usr/bin/git submodule foreach --recursive git config --local --show-origin --name-only --get-regexp remote.origin.url
verificar · typecheck · unit · build · audit	Post Run actions/checkout@v7	2026-09-20T22:45:51.6357506Z Removing credentials config '/home/runner/work/_temp/git-credentials-a9af6331-373d-4983-b46d-d27f760f99b9.config'
verificar · typecheck · unit · build · audit	Complete job	﻿2026-09-20T22:45:51.6468051Z Cleaning up orphan processes
